ISO-10303-21;
HEADER;
/* Generated by software containing ST-Developer
 * from STEP Tools, Inc. (www.steptools.com) 
 */

FILE_DESCRIPTION(
/* description */ (''),
/* implementation_level */ '2;1');

FILE_NAME(
/* name */ 'Battery Pack Mount.step',
/* time_stamp */ '2026-05-29T14:07:17+01:00',
/* author */ (''),
/* organization */ (''),
/* preprocessor_version */ 'ST-DEVELOPER v20.1',
/* originating_system */ 'Autodesk Translation Framework v15.8.0.0',
/* authorisation */ '');

FILE_SCHEMA (('AUTOMOTIVE_DESIGN { 1 0 10303 214 3 1 1 }'));
ENDSEC;

DATA;
#10=MECHANICAL_DESIGN_GEOMETRIC_PRESENTATION_REPRESENTATION('',(#13),#7054);
#11=SHAPE_REPRESENTATION_RELATIONSHIP('SRR','None',#7061,#12);
#12=ADVANCED_BREP_SHAPE_REPRESENTATION('',(#14),#7053);
#13=STYLED_ITEM('',(#7071),#14);
#14=MANIFOLD_SOLID_BREP('Mount (1)',#4226);
#15=B_SPLINE_SURFACE_WITH_KNOTS('',3,1,((#6885,#6886),(#6887,#6888),(#6889,
#6890),(#6891,#6892),(#6893,#6894),(#6895,#6896),(#6897,#6898),(#6899,#6900),
(#6901,#6902),(#6903,#6904)),.UNSPECIFIED.,.F.,.F.,.F.,(4,3,3,4),(2,2),
(0.,0.359808300605312,0.753102339052034,1.),(0.,1.6),.UNSPECIFIED.);
#16=B_SPLINE_SURFACE_WITH_KNOTS('',3,1,((#6934,#6935),(#6936,#6937),(#6938,
#6939),(#6940,#6941),(#6942,#6943),(#6944,#6945),(#6946,#6947),(#6948,#6949),
(#6950,#6951),(#6952,#6953)),.UNSPECIFIED.,.F.,.F.,.F.,(4,3,3,4),(2,2),
(-1.,-0.573089553029573,-0.213819198185289,0.),(0.,1.6),.UNSPECIFIED.);
#17=B_SPLINE_SURFACE_WITH_KNOTS('',3,1,((#7023,#7024),(#7025,#7026),(#7027,
#7028),(#7029,#7030),(#7031,#7032),(#7033,#7034),(#7035,#7036)),
 .UNSPECIFIED.,.F.,.F.,.F.,(4,3,4),(2,2),(0.,0.214007788737014,0.296654319867892),
(0.,1.6),.UNSPECIFIED.);
#18=B_SPLINE_SURFACE_WITH_KNOTS('',3,1,((#7043,#7044),(#7045,#7046),(#7047,
#7048),(#7049,#7050)),.UNSPECIFIED.,.F.,.F.,.F.,(4,4),(2,2),(-0.294277969558197,
0.),(0.,1.6),.UNSPECIFIED.);
#19=ELLIPSE('',#4331,1.0823922036328,1.);
#20=ELLIPSE('',#4347,1.08239219695199,1.);
#21=ELLIPSE('',#4349,1.0823922036328,1.);
#22=ELLIPSE('',#4350,1.08239219695199,1.);
#23=ELLIPSE('',#4352,3.8526650649391,1.);
#24=ELLIPSE('',#4353,1.0823922036328,1.);
#25=ELLIPSE('',#4354,1.41530061632302,1.);
#26=ELLIPSE('',#4357,1.41312900939138,1.);
#27=ELLIPSE('',#4358,1.08239219695199,1.);
#28=ELLIPSE('',#4359,3.87480726896124,1.);
#29=ELLIPSE('',#4361,1.0823922036328,1.);
#30=ELLIPSE('',#4363,3.85266506493908,1.);
#31=ELLIPSE('',#4364,1.41530061632302,1.);
#32=ELLIPSE('',#4366,1.41312900939138,1.);
#33=ELLIPSE('',#4367,1.08239219695199,1.);
#34=ELLIPSE('',#4368,3.87480726896128,1.);
#35=FACE_BOUND('',#1513,.T.);
#36=FACE_BOUND('',#1514,.T.);
#37=FACE_BOUND('',#1515,.T.);
#38=FACE_BOUND('',#1516,.T.);
#39=FACE_BOUND('',#1517,.T.);
#40=FACE_BOUND('',#1518,.T.);
#41=FACE_BOUND('',#1519,.T.);
#42=FACE_BOUND('',#1520,.T.);
#43=FACE_BOUND('',#1521,.T.);
#44=FACE_BOUND('',#1522,.T.);
#45=FACE_BOUND('',#1523,.T.);
#46=FACE_BOUND('',#1524,.T.);
#47=FACE_BOUND('',#1525,.T.);
#48=FACE_BOUND('',#1526,.T.);
#49=FACE_BOUND('',#1527,.T.);
#50=FACE_BOUND('',#1528,.T.);
#51=FACE_BOUND('',#1529,.T.);
#52=FACE_BOUND('',#1530,.T.);
#53=FACE_BOUND('',#1531,.T.);
#54=FACE_BOUND('',#1565,.T.);
#55=FACE_BOUND('',#1574,.T.);
#56=FACE_BOUND('',#1582,.T.);
#57=FACE_BOUND('',#1590,.T.);
#58=FACE_BOUND('',#1598,.T.);
#59=FACE_BOUND('',#1606,.T.);
#60=FACE_BOUND('',#1614,.T.);
#61=FACE_BOUND('',#1623,.T.);
#62=FACE_BOUND('',#1630,.T.);
#63=FACE_BOUND('',#1638,.T.);
#64=FACE_BOUND('',#1646,.T.);
#65=FACE_BOUND('',#1654,.T.);
#66=FACE_BOUND('',#1662,.T.);
#67=FACE_BOUND('',#1670,.T.);
#68=FACE_BOUND('',#1677,.T.);
#69=FACE_BOUND('',#1685,.T.);
#70=FACE_BOUND('',#1693,.T.);
#71=FACE_BOUND('',#1701,.T.);
#72=FACE_BOUND('',#1709,.T.);
#73=FACE_BOUND('',#1738,.T.);
#74=FACE_BOUND('',#1739,.T.);
#75=FACE_BOUND('',#1740,.T.);
#76=FACE_BOUND('',#1741,.T.);
#77=FACE_BOUND('',#1742,.T.);
#78=FACE_BOUND('',#1743,.T.);
#79=FACE_BOUND('',#1744,.T.);
#80=FACE_BOUND('',#1745,.T.);
#81=FACE_BOUND('',#1746,.T.);
#82=FACE_BOUND('',#1747,.T.);
#83=FACE_BOUND('',#1748,.T.);
#84=FACE_BOUND('',#1749,.T.);
#85=FACE_BOUND('',#1750,.T.);
#86=PLANE('',#4263);
#87=PLANE('',#4264);
#88=PLANE('',#4265);
#89=PLANE('',#4289);
#90=PLANE('',#4290);
#91=PLANE('',#4293);
#92=PLANE('',#4302);
#93=PLANE('',#4303);
#94=PLANE('',#4332);
#95=PLANE('',#4338);
#96=PLANE('',#4345);
#97=PLANE('',#4370);
#98=PLANE('',#4371);
#99=PLANE('',#4372);
#100=PLANE('',#4373);
#101=PLANE('',#4374);
#102=PLANE('',#4375);
#103=PLANE('',#4376);
#104=PLANE('',#4377);
#105=PLANE('',#4378);
#106=PLANE('',#4379);
#107=PLANE('',#4380);
#108=PLANE('',#4381);
#109=PLANE('',#4382);
#110=PLANE('',#4384);
#111=PLANE('',#4385);
#112=PLANE('',#4386);
#113=PLANE('',#4387);
#114=PLANE('',#4388);
#115=PLANE('',#4389);
#116=PLANE('',#4390);
#117=PLANE('',#4391);
#118=PLANE('',#4393);
#119=PLANE('',#4394);
#120=PLANE('',#4395);
#121=PLANE('',#4396);
#122=PLANE('',#4397);
#123=PLANE('',#4398);
#124=PLANE('',#4399);
#125=PLANE('',#4401);
#126=PLANE('',#4402);
#127=PLANE('',#4403);
#128=PLANE('',#4404);
#129=PLANE('',#4405);
#130=PLANE('',#4406);
#131=PLANE('',#4407);
#132=PLANE('',#4409);
#133=PLANE('',#4410);
#134=PLANE('',#4411);
#135=PLANE('',#4412);
#136=PLANE('',#4413);
#137=PLANE('',#4414);
#138=PLANE('',#4415);
#139=PLANE('',#4417);
#140=PLANE('',#4418);
#141=PLANE('',#4419);
#142=PLANE('',#4420);
#143=PLANE('',#4421);
#144=PLANE('',#4422);
#145=PLANE('',#4423);
#146=PLANE('',#4425);
#147=PLANE('',#4426);
#148=PLANE('',#4427);
#149=PLANE('',#4428);
#150=PLANE('',#4429);
#151=PLANE('',#4430);
#152=PLANE('',#4431);
#153=PLANE('',#4433);
#154=PLANE('',#4434);
#155=PLANE('',#4435);
#156=PLANE('',#4436);
#157=PLANE('',#4437);
#158=PLANE('',#4438);
#159=PLANE('',#4439);
#160=PLANE('',#4440);
#161=PLANE('',#4442);
#162=PLANE('',#4443);
#163=PLANE('',#4444);
#164=PLANE('',#4445);
#165=PLANE('',#4446);
#166=PLANE('',#4447);
#167=PLANE('',#4449);
#168=PLANE('',#4450);
#169=PLANE('',#4451);
#170=PLANE('',#4452);
#171=PLANE('',#4453);
#172=PLANE('',#4454);
#173=PLANE('',#4455);
#174=PLANE('',#4457);
#175=PLANE('',#4458);
#176=PLANE('',#4459);
#177=PLANE('',#4460);
#178=PLANE('',#4461);
#179=PLANE('',#4462);
#180=PLANE('',#4463);
#181=PLANE('',#4465);
#182=PLANE('',#4466);
#183=PLANE('',#4467);
#184=PLANE('',#4468);
#185=PLANE('',#4469);
#186=PLANE('',#4470);
#187=PLANE('',#4471);
#188=PLANE('',#4473);
#189=PLANE('',#4474);
#190=PLANE('',#4475);
#191=PLANE('',#4476);
#192=PLANE('',#4477);
#193=PLANE('',#4478);
#194=PLANE('',#4479);
#195=PLANE('',#4481);
#196=PLANE('',#4482);
#197=PLANE('',#4483);
#198=PLANE('',#4484);
#199=PLANE('',#4485);
#200=PLANE('',#4486);
#201=PLANE('',#4487);
#202=PLANE('',#4489);
#203=PLANE('',#4490);
#204=PLANE('',#4491);
#205=PLANE('',#4492);
#206=PLANE('',#4493);
#207=PLANE('',#4494);
#208=PLANE('',#4496);
#209=PLANE('',#4497);
#210=PLANE('',#4498);
#211=PLANE('',#4499);
#212=PLANE('',#4500);
#213=PLANE('',#4501);
#214=PLANE('',#4502);
#215=PLANE('',#4504);
#216=PLANE('',#4505);
#217=PLANE('',#4506);
#218=PLANE('',#4507);
#219=PLANE('',#4508);
#220=PLANE('',#4509);
#221=PLANE('',#4510);
#222=PLANE('',#4512);
#223=PLANE('',#4513);
#224=PLANE('',#4514);
#225=PLANE('',#4515);
#226=PLANE('',#4516);
#227=PLANE('',#4517);
#228=PLANE('',#4518);
#229=PLANE('',#4520);
#230=PLANE('',#4521);
#231=PLANE('',#4522);
#232=PLANE('',#4523);
#233=PLANE('',#4524);
#234=PLANE('',#4525);
#235=PLANE('',#4526);
#236=PLANE('',#4535);
#237=PLANE('',#4536);
#238=PLANE('',#4549);
#239=PLANE('',#4550);
#240=PLANE('',#4551);
#241=PLANE('',#4552);
#242=PLANE('',#4553);
#243=PLANE('',#4554);
#244=PLANE('',#4555);
#245=PLANE('',#4556);
#246=PLANE('',#4557);
#247=B_SPLINE_CURVE_WITH_KNOTS('',3,(#5696,#5697,#5698,#5699,#5700,#5701,
#5702,#5703,#5704,#5705),.UNSPECIFIED.,.F.,.F.,(4,2,2,2,4),(-0.000447213450079346,
0.,0.0627318113257062,0.103777925528514,0.129866408093958),
 .UNSPECIFIED.);
#248=B_SPLINE_CURVE_WITH_KNOTS('',3,(#5709,#5710,#5711,#5712),
 .UNSPECIFIED.,.F.,.F.,(4,4),(0.411845257928519,0.44496006857192),
 .UNSPECIFIED.);
#249=B_SPLINE_CURVE_WITH_KNOTS('',3,(#5716,#5717,#5718,#5719),
 .UNSPECIFIED.,.F.,.F.,(4,4),(0.148207227536107,0.181322038179729),
 .UNSPECIFIED.);
#250=B_SPLINE_CURVE_WITH_KNOTS('',3,(#5726,#5727,#5728,#5729,#5730,#5731,
#5732,#5733,#5734,#5735),.UNSPECIFIED.,.F.,.F.,(4,2,2,2,4),(0.248580461133066,
0.271209250406733,0.306812082349228,0.361224787471456,0.361612694228496),
 .UNSPECIFIED.);
#251=B_SPLINE_CURVE_WITH_KNOTS('',3,(#5757,#5758,#5759,#5760,#5761,#5762,
#5763,#5764,#5765,#5766),.UNSPECIFIED.,.F.,.F.,(4,3,3,4),(-1.68500017667346,
-1.07872312658493,-0.416022602317586,0.),.UNSPECIFIED.);
#252=B_SPLINE_CURVE_WITH_KNOTS('',3,(#5769,#5770,#5771,#5772),
 .UNSPECIFIED.,.F.,.F.,(4,4),(-0.261860853094069,0.),.UNSPECIFIED.);
#253=B_SPLINE_CURVE_WITH_KNOTS('',3,(#5799,#5800,#5801,#5802),
 .UNSPECIFIED.,.F.,.F.,(4,4),(0.148207227536106,0.181322038179725),
 .UNSPECIFIED.);
#254=B_SPLINE_CURVE_WITH_KNOTS('',3,(#5806,#5807,#5808,#5809,#5810,#5811,
#5812,#5813,#5814,#5815),.UNSPECIFIED.,.F.,.F.,(4,2,2,2,4),(0.248580461129161,
0.271209250010844,0.306812081842038,0.361224787847149,0.361612694613809),
 .UNSPECIFIED.);
#255=B_SPLINE_CURVE_WITH_KNOTS('',3,(#5837,#5838,#5839,#5840,#5841,#5842,
#5843,#5844,#5845,#5846),.UNSPECIFIED.,.F.,.F.,(4,2,2,2,4),(-0.000447213450303823,
0.,0.062731811142915,0.103777924971481,0.129866407180575),.UNSPECIFIED.);
#256=B_SPLINE_CURVE_WITH_KNOTS('',3,(#5850,#5851,#5852,#5853),
 .UNSPECIFIED.,.F.,.F.,(4,4),(0.411845257928522,0.44496006857192),
 .UNSPECIFIED.);
#257=B_SPLINE_CURVE_WITH_KNOTS('',3,(#5858,#5859,#5860,#5861,#5862,#5863,
#5864,#5865,#5866,#5867),.UNSPECIFIED.,.F.,.F.,(4,3,3,4),(-1.,-0.573089553029573,
-0.213819198185289,0.),.UNSPECIFIED.);
#258=B_SPLINE_CURVE_WITH_KNOTS('',3,(#5871,#5872,#5873,#5874,#5875,#5876,
#5877),.UNSPECIFIED.,.F.,.F.,(4,3,4),(0.,0.214007788737012,0.296654319867892),
 .UNSPECIFIED.);
#259=B_SPLINE_CURVE_WITH_KNOTS('',3,(#6155,#6156,#6157,#6158),
 .UNSPECIFIED.,.F.,.F.,(4,4),(-0.366245705716181,-0.116010343023627),
 .UNSPECIFIED.);
#260=B_SPLINE_CURVE_WITH_KNOTS('',3,(#6168,#6169,#6170,#6171),
 .UNSPECIFIED.,.F.,.F.,(4,4),(-0.558986858513032,-0.175932893403949),
 .UNSPECIFIED.);
#261=B_SPLINE_CURVE_WITH_KNOTS('',3,(#6177,#6178,#6179,#6180),
 .UNSPECIFIED.,.F.,.F.,(4,4),(-0.300839453322544,-0.0499083239082418),
 .UNSPECIFIED.);
#262=B_SPLINE_CURVE_WITH_KNOTS('',3,(#6190,#6191,#6192,#6193),
 .UNSPECIFIED.,.F.,.F.,(4,4),(-0.107972266204333,-0.0499998469903167),
 .UNSPECIFIED.);
#263=B_SPLINE_CURVE_WITH_KNOTS('',3,(#6208,#6209,#6210,#6211),
 .UNSPECIFIED.,.F.,.F.,(4,4),(-0.0574612814953734,0.),.UNSPECIFIED.);
#264=B_SPLINE_CURVE_WITH_KNOTS('',3,(#6387,#6388,#6389,#6390),
 .UNSPECIFIED.,.F.,.F.,(4,4),(-0.107972266204333,-0.0499998469903167),
 .UNSPECIFIED.);
#265=B_SPLINE_CURVE_WITH_KNOTS('',3,(#6395,#6396,#6397,#6398),
 .UNSPECIFIED.,.F.,.F.,(4,4),(-0.0574612814953743,0.),.UNSPECIFIED.);
#266=B_SPLINE_CURVE_WITH_KNOTS('',3,(#6404,#6405,#6406,#6407),
 .UNSPECIFIED.,.F.,.F.,(4,4),(-0.300839453322546,-0.0499083239082426),
 .UNSPECIFIED.);
#267=B_SPLINE_CURVE_WITH_KNOTS('',3,(#6421,#6422,#6423,#6424),
 .UNSPECIFIED.,.F.,.F.,(4,4),(-0.36624570571618,-0.116010343023628),
 .UNSPECIFIED.);
#268=B_SPLINE_CURVE_WITH_KNOTS('',3,(#6431,#6432,#6433,#6434),
 .UNSPECIFIED.,.F.,.F.,(4,4),(-0.558986858513031,-0.175932893403949),
 .UNSPECIFIED.);
#269=B_SPLINE_CURVE_WITH_KNOTS('',3,(#6908,#6909,#6910,#6911,#6912,#6913,
#6914,#6915,#6916,#6917),.UNSPECIFIED.,.F.,.F.,(4,3,3,4),(0.,0.359808300605312,
0.753102339052034,1.),.UNSPECIFIED.);
#270=B_SPLINE_CURVE_WITH_KNOTS('',3,(#6957,#6958,#6959,#6960,#6961,#6962,
#6963,#6964,#6965,#6966),.UNSPECIFIED.,.F.,.F.,(4,3,3,4),(-1.15723367182497,
-0.663198527736944,-0.247438775822633,0.),.UNSPECIFIED.);
#271=B_SPLINE_CURVE_WITH_KNOTS('',3,(#7003,#7004,#7005,#7006,#7007,#7008,
#7009),.UNSPECIFIED.,.F.,.F.,(4,3,4),(-0.264281833529632,-0.0736277051076112,
0.),.UNSPECIFIED.);
#272=B_SPLINE_CURVE_WITH_KNOTS('',3,(#7014,#7015,#7016,#7017),
 .UNSPECIFIED.,.F.,.F.,(4,4),(-0.294277969558197,0.),.UNSPECIFIED.);
#273=TOROIDAL_SURFACE('',#4253,2.,1.);
#274=TOROIDAL_SURFACE('',#4256,2.,1.);
#275=TOROIDAL_SURFACE('',#4277,2.,1.);
#276=TOROIDAL_SURFACE('',#4286,2.,1.);
#277=LINE('',#5679,#744);
#278=LINE('',#5680,#745);
#279=LINE('',#5685,#746);
#280=LINE('',#5686,#747);
#281=LINE('',#5691,#748);
#282=LINE('',#5692,#749);
#283=LINE('',#5737,#750);
#284=LINE('',#5738,#751);
#285=LINE('',#5743,#752);
#286=LINE('',#5744,#753);
#287=LINE('',#5746,#754);
#288=LINE('',#5749,#755);
#289=LINE('',#5751,#756);
#290=LINE('',#5752,#757);
#291=LINE('',#5755,#758);
#292=LINE('',#5768,#759);
#293=LINE('',#5788,#760);
#294=LINE('',#5789,#761);
#295=LINE('',#5794,#762);
#296=LINE('',#5795,#763);
#297=LINE('',#5820,#764);
#298=LINE('',#5821,#765);
#299=LINE('',#5826,#766);
#300=LINE('',#5827,#767);
#301=LINE('',#5832,#768);
#302=LINE('',#5833,#769);
#303=LINE('',#5856,#770);
#304=LINE('',#5869,#771);
#305=LINE('',#5878,#772);
#306=LINE('',#5880,#773);
#307=LINE('',#5882,#774);
#308=LINE('',#5884,#775);
#309=LINE('',#5885,#776);
#310=LINE('',#5898,#777);
#311=LINE('',#5899,#778);
#312=LINE('',#5901,#779);
#313=LINE('',#5903,#780);
#314=LINE('',#5906,#781);
#315=LINE('',#5909,#782);
#316=LINE('',#5910,#783);
#317=LINE('',#5913,#784);
#318=LINE('',#5915,#785);
#319=LINE('',#5917,#786);
#320=LINE('',#5919,#787);
#321=LINE('',#5921,#788);
#322=LINE('',#5925,#789);
#323=LINE('',#5929,#790);
#324=LINE('',#5931,#791);
#325=LINE('',#5933,#792);
#326=LINE('',#5935,#793);
#327=LINE('',#5937,#794);
#328=LINE('',#5982,#795);
#329=LINE('',#5985,#796);
#330=LINE('',#5988,#797);
#331=LINE('',#5990,#798);
#332=LINE('',#5999,#799);
#333=LINE('',#6000,#800);
#334=LINE('',#6003,#801);
#335=LINE('',#6004,#802);
#336=LINE('',#6007,#803);
#337=LINE('',#6009,#804);
#338=LINE('',#6015,#805);
#339=LINE('',#6018,#806);
#340=LINE('',#6019,#807);
#341=LINE('',#6022,#808);
#342=LINE('',#6027,#809);
#343=LINE('',#6031,#810);
#344=LINE('',#6038,#811);
#345=LINE('',#6041,#812);
#346=LINE('',#6043,#813);
#347=LINE('',#6046,#814);
#348=LINE('',#6047,#815);
#349=LINE('',#6053,#816);
#350=LINE('',#6056,#817);
#351=LINE('',#6058,#818);
#352=LINE('',#6062,#819);
#353=LINE('',#6064,#820);
#354=LINE('',#6070,#821);
#355=LINE('',#6071,#822);
#356=LINE('',#6073,#823);
#357=LINE('',#6079,#824);
#358=LINE('',#6081,#825);
#359=LINE('',#6085,#826);
#360=LINE('',#6088,#827);
#361=LINE('',#6089,#828);
#362=LINE('',#6091,#829);
#363=LINE('',#6093,#830);
#364=LINE('',#6095,#831);
#365=LINE('',#6097,#832);
#366=LINE('',#6100,#833);
#367=LINE('',#6102,#834);
#368=LINE('',#6104,#835);
#369=LINE('',#6105,#836);
#370=LINE('',#6108,#837);
#371=LINE('',#6110,#838);
#372=LINE('',#6112,#839);
#373=LINE('',#6113,#840);
#374=LINE('',#6116,#841);
#375=LINE('',#6118,#842);
#376=LINE('',#6119,#843);
#377=LINE('',#6122,#844);
#378=LINE('',#6124,#845);
#379=LINE('',#6126,#846);
#380=LINE('',#6127,#847);
#381=LINE('',#6131,#848);
#382=LINE('',#6133,#849);
#383=LINE('',#6135,#850);
#384=LINE('',#6136,#851);
#385=LINE('',#6139,#852);
#386=LINE('',#6141,#853);
#387=LINE('',#6142,#854);
#388=LINE('',#6144,#855);
#389=LINE('',#6145,#856);
#390=LINE('',#6147,#857);
#391=LINE('',#6148,#858);
#392=LINE('',#6160,#859);
#393=LINE('',#6162,#860);
#394=LINE('',#6164,#861);
#395=LINE('',#6165,#862);
#396=LINE('',#6173,#863);
#397=LINE('',#6174,#864);
#398=LINE('',#6182,#865);
#399=LINE('',#6184,#866);
#400=LINE('',#6185,#867);
#401=LINE('',#6187,#868);
#402=LINE('',#6195,#869);
#403=LINE('',#6197,#870);
#404=LINE('',#6198,#871);
#405=LINE('',#6201,#872);
#406=LINE('',#6203,#873);
#407=LINE('',#6204,#874);
#408=LINE('',#6207,#875);
#409=LINE('',#6212,#876);
#410=LINE('',#6219,#877);
#411=LINE('',#6221,#878);
#412=LINE('',#6223,#879);
#413=LINE('',#6224,#880);
#414=LINE('',#6227,#881);
#415=LINE('',#6229,#882);
#416=LINE('',#6230,#883);
#417=LINE('',#6233,#884);
#418=LINE('',#6235,#885);
#419=LINE('',#6236,#886);
#420=LINE('',#6239,#887);
#421=LINE('',#6241,#888);
#422=LINE('',#6242,#889);
#423=LINE('',#6245,#890);
#424=LINE('',#6247,#891);
#425=LINE('',#6248,#892);
#426=LINE('',#6250,#893);
#427=LINE('',#6251,#894);
#428=LINE('',#6257,#895);
#429=LINE('',#6259,#896);
#430=LINE('',#6261,#897);
#431=LINE('',#6262,#898);
#432=LINE('',#6265,#899);
#433=LINE('',#6267,#900);
#434=LINE('',#6268,#901);
#435=LINE('',#6271,#902);
#436=LINE('',#6273,#903);
#437=LINE('',#6274,#904);
#438=LINE('',#6277,#905);
#439=LINE('',#6279,#906);
#440=LINE('',#6280,#907);
#441=LINE('',#6283,#908);
#442=LINE('',#6285,#909);
#443=LINE('',#6286,#910);
#444=LINE('',#6288,#911);
#445=LINE('',#6289,#912);
#446=LINE('',#6296,#913);
#447=LINE('',#6298,#914);
#448=LINE('',#6300,#915);
#449=LINE('',#6301,#916);
#450=LINE('',#6304,#917);
#451=LINE('',#6306,#918);
#452=LINE('',#6307,#919);
#453=LINE('',#6310,#920);
#454=LINE('',#6312,#921);
#455=LINE('',#6313,#922);
#456=LINE('',#6316,#923);
#457=LINE('',#6318,#924);
#458=LINE('',#6319,#925);
#459=LINE('',#6322,#926);
#460=LINE('',#6324,#927);
#461=LINE('',#6325,#928);
#462=LINE('',#6327,#929);
#463=LINE('',#6328,#930);
#464=LINE('',#6335,#931);
#465=LINE('',#6337,#932);
#466=LINE('',#6339,#933);
#467=LINE('',#6340,#934);
#468=LINE('',#6343,#935);
#469=LINE('',#6345,#936);
#470=LINE('',#6346,#937);
#471=LINE('',#6349,#938);
#472=LINE('',#6351,#939);
#473=LINE('',#6352,#940);
#474=LINE('',#6355,#941);
#475=LINE('',#6357,#942);
#476=LINE('',#6358,#943);
#477=LINE('',#6361,#944);
#478=LINE('',#6363,#945);
#479=LINE('',#6364,#946);
#480=LINE('',#6366,#947);
#481=LINE('',#6367,#948);
#482=LINE('',#6374,#949);
#483=LINE('',#6376,#950);
#484=LINE('',#6378,#951);
#485=LINE('',#6379,#952);
#486=LINE('',#6382,#953);
#487=LINE('',#6384,#954);
#488=LINE('',#6386,#955);
#489=LINE('',#6393,#956);
#490=LINE('',#6400,#957);
#491=LINE('',#6401,#958);
#492=LINE('',#6409,#959);
#493=LINE('',#6411,#960);
#494=LINE('',#6412,#961);
#495=LINE('',#6415,#962);
#496=LINE('',#6417,#963);
#497=LINE('',#6418,#964);
#498=LINE('',#6425,#965);
#499=LINE('',#6426,#966);
#500=LINE('',#6438,#967);
#501=LINE('',#6440,#968);
#502=LINE('',#6442,#969);
#503=LINE('',#6443,#970);
#504=LINE('',#6446,#971);
#505=LINE('',#6448,#972);
#506=LINE('',#6449,#973);
#507=LINE('',#6452,#974);
#508=LINE('',#6454,#975);
#509=LINE('',#6455,#976);
#510=LINE('',#6458,#977);
#511=LINE('',#6460,#978);
#512=LINE('',#6461,#979);
#513=LINE('',#6464,#980);
#514=LINE('',#6466,#981);
#515=LINE('',#6467,#982);
#516=LINE('',#6469,#983);
#517=LINE('',#6470,#984);
#518=LINE('',#6476,#985);
#519=LINE('',#6478,#986);
#520=LINE('',#6479,#987);
#521=LINE('',#6482,#988);
#522=LINE('',#6484,#989);
#523=LINE('',#6485,#990);
#524=LINE('',#6488,#991);
#525=LINE('',#6490,#992);
#526=LINE('',#6491,#993);
#527=LINE('',#6494,#994);
#528=LINE('',#6496,#995);
#529=LINE('',#6497,#996);
#530=LINE('',#6499,#997);
#531=LINE('',#6500,#998);
#532=LINE('',#6507,#999);
#533=LINE('',#6509,#1000);
#534=LINE('',#6511,#1001);
#535=LINE('',#6512,#1002);
#536=LINE('',#6515,#1003);
#537=LINE('',#6517,#1004);
#538=LINE('',#6518,#1005);
#539=LINE('',#6521,#1006);
#540=LINE('',#6523,#1007);
#541=LINE('',#6524,#1008);
#542=LINE('',#6527,#1009);
#543=LINE('',#6529,#1010);
#544=LINE('',#6530,#1011);
#545=LINE('',#6533,#1012);
#546=LINE('',#6535,#1013);
#547=LINE('',#6536,#1014);
#548=LINE('',#6538,#1015);
#549=LINE('',#6539,#1016);
#550=LINE('',#6546,#1017);
#551=LINE('',#6548,#1018);
#552=LINE('',#6550,#1019);
#553=LINE('',#6551,#1020);
#554=LINE('',#6554,#1021);
#555=LINE('',#6556,#1022);
#556=LINE('',#6557,#1023);
#557=LINE('',#6560,#1024);
#558=LINE('',#6562,#1025);
#559=LINE('',#6563,#1026);
#560=LINE('',#6566,#1027);
#561=LINE('',#6568,#1028);
#562=LINE('',#6569,#1029);
#563=LINE('',#6572,#1030);
#564=LINE('',#6574,#1031);
#565=LINE('',#6575,#1032);
#566=LINE('',#6577,#1033);
#567=LINE('',#6578,#1034);
#568=LINE('',#6585,#1035);
#569=LINE('',#6587,#1036);
#570=LINE('',#6589,#1037);
#571=LINE('',#6590,#1038);
#572=LINE('',#6593,#1039);
#573=LINE('',#6595,#1040);
#574=LINE('',#6596,#1041);
#575=LINE('',#6599,#1042);
#576=LINE('',#6601,#1043);
#577=LINE('',#6602,#1044);
#578=LINE('',#6605,#1045);
#579=LINE('',#6607,#1046);
#580=LINE('',#6608,#1047);
#581=LINE('',#6611,#1048);
#582=LINE('',#6613,#1049);
#583=LINE('',#6614,#1050);
#584=LINE('',#6616,#1051);
#585=LINE('',#6617,#1052);
#586=LINE('',#6624,#1053);
#587=LINE('',#6626,#1054);
#588=LINE('',#6628,#1055);
#589=LINE('',#6629,#1056);
#590=LINE('',#6632,#1057);
#591=LINE('',#6634,#1058);
#592=LINE('',#6635,#1059);
#593=LINE('',#6638,#1060);
#594=LINE('',#6640,#1061);
#595=LINE('',#6641,#1062);
#596=LINE('',#6644,#1063);
#597=LINE('',#6646,#1064);
#598=LINE('',#6647,#1065);
#599=LINE('',#6650,#1066);
#600=LINE('',#6652,#1067);
#601=LINE('',#6653,#1068);
#602=LINE('',#6655,#1069);
#603=LINE('',#6656,#1070);
#604=LINE('',#6663,#1071);
#605=LINE('',#6665,#1072);
#606=LINE('',#6667,#1073);
#607=LINE('',#6668,#1074);
#608=LINE('',#6671,#1075);
#609=LINE('',#6673,#1076);
#610=LINE('',#6674,#1077);
#611=LINE('',#6677,#1078);
#612=LINE('',#6679,#1079);
#613=LINE('',#6680,#1080);
#614=LINE('',#6683,#1081);
#615=LINE('',#6685,#1082);
#616=LINE('',#6686,#1083);
#617=LINE('',#6689,#1084);
#618=LINE('',#6691,#1085);
#619=LINE('',#6692,#1086);
#620=LINE('',#6694,#1087);
#621=LINE('',#6695,#1088);
#622=LINE('',#6702,#1089);
#623=LINE('',#6704,#1090);
#624=LINE('',#6706,#1091);
#625=LINE('',#6707,#1092);
#626=LINE('',#6709,#1093);
#627=LINE('',#6710,#1094);
#628=LINE('',#6713,#1095);
#629=LINE('',#6715,#1096);
#630=LINE('',#6716,#1097);
#631=LINE('',#6719,#1098);
#632=LINE('',#6721,#1099);
#633=LINE('',#6722,#1100);
#634=LINE('',#6724,#1101);
#635=LINE('',#6725,#1102);
#636=LINE('',#6732,#1103);
#637=LINE('',#6734,#1104);
#638=LINE('',#6736,#1105);
#639=LINE('',#6737,#1106);
#640=LINE('',#6740,#1107);
#641=LINE('',#6742,#1108);
#642=LINE('',#6743,#1109);
#643=LINE('',#6746,#1110);
#644=LINE('',#6748,#1111);
#645=LINE('',#6749,#1112);
#646=LINE('',#6752,#1113);
#647=LINE('',#6754,#1114);
#648=LINE('',#6755,#1115);
#649=LINE('',#6758,#1116);
#650=LINE('',#6760,#1117);
#651=LINE('',#6761,#1118);
#652=LINE('',#6763,#1119);
#653=LINE('',#6764,#1120);
#654=LINE('',#6771,#1121);
#655=LINE('',#6773,#1122);
#656=LINE('',#6775,#1123);
#657=LINE('',#6776,#1124);
#658=LINE('',#6779,#1125);
#659=LINE('',#6781,#1126);
#660=LINE('',#6782,#1127);
#661=LINE('',#6785,#1128);
#662=LINE('',#6787,#1129);
#663=LINE('',#6788,#1130);
#664=LINE('',#6791,#1131);
#665=LINE('',#6793,#1132);
#666=LINE('',#6794,#1133);
#667=LINE('',#6797,#1134);
#668=LINE('',#6799,#1135);
#669=LINE('',#6800,#1136);
#670=LINE('',#6802,#1137);
#671=LINE('',#6803,#1138);
#672=LINE('',#6810,#1139);
#673=LINE('',#6812,#1140);
#674=LINE('',#6814,#1141);
#675=LINE('',#6815,#1142);
#676=LINE('',#6818,#1143);
#677=LINE('',#6820,#1144);
#678=LINE('',#6821,#1145);
#679=LINE('',#6824,#1146);
#680=LINE('',#6826,#1147);
#681=LINE('',#6827,#1148);
#682=LINE('',#6830,#1149);
#683=LINE('',#6832,#1150);
#684=LINE('',#6833,#1151);
#685=LINE('',#6836,#1152);
#686=LINE('',#6838,#1153);
#687=LINE('',#6839,#1154);
#688=LINE('',#6841,#1155);
#689=LINE('',#6842,#1156);
#690=LINE('',#6849,#1157);
#691=LINE('',#6851,#1158);
#692=LINE('',#6853,#1159);
#693=LINE('',#6854,#1160);
#694=LINE('',#6857,#1161);
#695=LINE('',#6859,#1162);
#696=LINE('',#6860,#1163);
#697=LINE('',#6863,#1164);
#698=LINE('',#6865,#1165);
#699=LINE('',#6866,#1166);
#700=LINE('',#6869,#1167);
#701=LINE('',#6871,#1168);
#702=LINE('',#6872,#1169);
#703=LINE('',#6875,#1170);
#704=LINE('',#6877,#1171);
#705=LINE('',#6878,#1172);
#706=LINE('',#6880,#1173);
#707=LINE('',#6881,#1174);
#708=LINE('',#6906,#1175);
#709=LINE('',#6918,#1176);
#710=LINE('',#6919,#1177);
#711=LINE('',#6921,#1178);
#712=LINE('',#6923,#1179);
#713=LINE('',#6925,#1180);
#714=LINE('',#6927,#1181);
#715=LINE('',#6929,#1182);
#716=LINE('',#6931,#1183);
#717=LINE('',#6933,#1184);
#718=LINE('',#6955,#1185);
#719=LINE('',#6967,#1186);
#720=LINE('',#6968,#1187);
#721=LINE('',#6970,#1188);
#722=LINE('',#6972,#1189);
#723=LINE('',#6974,#1190);
#724=LINE('',#6976,#1191);
#725=LINE('',#6978,#1192);
#726=LINE('',#6980,#1193);
#727=LINE('',#6982,#1194);
#728=LINE('',#6984,#1195);
#729=LINE('',#6986,#1196);
#730=LINE('',#6988,#1197);
#731=LINE('',#6990,#1198);
#732=LINE('',#6992,#1199);
#733=LINE('',#6994,#1200);
#734=LINE('',#6996,#1201);
#735=LINE('',#7001,#1202);
#736=LINE('',#7010,#1203);
#737=LINE('',#7011,#1204);
#738=LINE('',#7018,#1205);
#739=LINE('',#7019,#1206);
#740=LINE('',#7022,#1207);
#741=LINE('',#7037,#1208);
#742=LINE('',#7039,#1209);
#743=LINE('',#7042,#1210);
#744=VECTOR('',#4578,10.);
#745=VECTOR('',#4579,10.);
#746=VECTOR('',#4584,10.);
#747=VECTOR('',#4585,10.);
#748=VECTOR('',#4590,10.);
#749=VECTOR('',#4591,10.);
#750=VECTOR('',#4608,10.);
#751=VECTOR('',#4609,10.);
#752=VECTOR('',#4614,10.);
#753=VECTOR('',#4615,10.);
#754=VECTOR('',#4618,10.);
#755=VECTOR('',#4621,10.);
#756=VECTOR('',#4622,10.);
#757=VECTOR('',#4623,10.);
#758=VECTOR('',#4626,10.);
#759=VECTOR('',#4627,10.);
#760=VECTOR('',#4646,10.);
#761=VECTOR('',#4647,10.);
#762=VECTOR('',#4652,10.);
#763=VECTOR('',#4653,10.);
#764=VECTOR('',#4664,10.);
#765=VECTOR('',#4665,10.);
#766=VECTOR('',#4670,10.);
#767=VECTOR('',#4671,10.);
#768=VECTOR('',#4676,10.);
#769=VECTOR('',#4677,10.);
#770=VECTOR('',#4686,10.);
#771=VECTOR('',#4687,10.);
#772=VECTOR('',#4688,10.);
#773=VECTOR('',#4691,10.);
#774=VECTOR('',#4694,10.);
#775=VECTOR('',#4697,10.);
#776=VECTOR('',#4698,10.);
#777=VECTOR('',#4713,10.);
#778=VECTOR('',#4714,10.);
#779=VECTOR('',#4717,10.);
#780=VECTOR('',#4718,10.);
#781=VECTOR('',#4721,10.);
#782=VECTOR('',#4724,10.);
#783=VECTOR('',#4725,10.);
#784=VECTOR('',#4728,10.);
#785=VECTOR('',#4729,10.);
#786=VECTOR('',#4730,10.);
#787=VECTOR('',#4731,10.);
#788=VECTOR('',#4732,10.);
#789=VECTOR('',#4735,10.);
#790=VECTOR('',#4738,10.);
#791=VECTOR('',#4739,10.);
#792=VECTOR('',#4740,10.);
#793=VECTOR('',#4741,10.);
#794=VECTOR('',#4742,10.);
#795=VECTOR('',#4791,10.);
#796=VECTOR('',#4794,10.);
#797=VECTOR('',#4797,10.);
#798=VECTOR('',#4800,10.);
#799=VECTOR('',#4811,10.);
#800=VECTOR('',#4812,10.);
#801=VECTOR('',#4815,10.);
#802=VECTOR('',#4816,10.);
#803=VECTOR('',#4819,10.);
#804=VECTOR('',#4822,10.);
#805=VECTOR('',#4831,10.);
#806=VECTOR('',#4834,10.);
#807=VECTOR('',#4835,10.);
#808=VECTOR('',#4838,10.);
#809=VECTOR('',#4843,10.);
#810=VECTOR('',#4846,10.);
#811=VECTOR('',#4853,10.);
#812=VECTOR('',#4856,10.);
#813=VECTOR('',#4857,10.);
#814=VECTOR('',#4862,10.);
#815=VECTOR('',#4863,10.);
#816=VECTOR('',#4868,10.);
#817=VECTOR('',#4871,10.);
#818=VECTOR('',#4872,10.);
#819=VECTOR('',#4877,10.);
#820=VECTOR('',#4878,10.);
#821=VECTOR('',#4885,10.);
#822=VECTOR('',#4886,10.);
#823=VECTOR('',#4887,10.);
#824=VECTOR('',#4894,10.);
#825=VECTOR('',#4895,10.);
#826=VECTOR('',#4898,10.);
#827=VECTOR('',#4903,10.);
#828=VECTOR('',#4904,10.);
#829=VECTOR('',#4907,10.);
#830=VECTOR('',#4910,10.);
#831=VECTOR('',#4913,10.);
#832=VECTOR('',#4916,10.);
#833=VECTOR('',#4919,10.);
#834=VECTOR('',#4920,10.);
#835=VECTOR('',#4921,10.);
#836=VECTOR('',#4922,10.);
#837=VECTOR('',#4925,10.);
#838=VECTOR('',#4926,10.);
#839=VECTOR('',#4927,10.);
#840=VECTOR('',#4928,10.);
#841=VECTOR('',#4931,10.);
#842=VECTOR('',#4932,10.);
#843=VECTOR('',#4933,10.);
#844=VECTOR('',#4936,10.);
#845=VECTOR('',#4937,10.);
#846=VECTOR('',#4938,10.);
#847=VECTOR('',#4939,10.);
#848=VECTOR('',#4942,10.);
#849=VECTOR('',#4943,10.);
#850=VECTOR('',#4944,10.);
#851=VECTOR('',#4945,10.);
#852=VECTOR('',#4948,10.);
#853=VECTOR('',#4949,10.);
#854=VECTOR('',#4950,10.);
#855=VECTOR('',#4953,10.);
#856=VECTOR('',#4954,10.);
#857=VECTOR('',#4957,10.);
#858=VECTOR('',#4958,10.);
#859=VECTOR('',#4965,10.);
#860=VECTOR('',#4966,10.);
#861=VECTOR('',#4967,10.);
#862=VECTOR('',#4968,10.);
#863=VECTOR('',#4971,10.);
#864=VECTOR('',#4972,10.);
#865=VECTOR('',#4975,10.);
#866=VECTOR('',#4976,10.);
#867=VECTOR('',#4977,10.);
#868=VECTOR('',#4980,10.);
#869=VECTOR('',#4983,10.);
#870=VECTOR('',#4984,10.);
#871=VECTOR('',#4985,10.);
#872=VECTOR('',#4988,10.);
#873=VECTOR('',#4989,10.);
#874=VECTOR('',#4990,10.);
#875=VECTOR('',#4993,10.);
#876=VECTOR('',#4994,10.);
#877=VECTOR('',#5001,10.);
#878=VECTOR('',#5002,10.);
#879=VECTOR('',#5003,10.);
#880=VECTOR('',#5004,10.);
#881=VECTOR('',#5007,10.);
#882=VECTOR('',#5008,10.);
#883=VECTOR('',#5009,10.);
#884=VECTOR('',#5012,10.);
#885=VECTOR('',#5013,10.);
#886=VECTOR('',#5014,10.);
#887=VECTOR('',#5017,10.);
#888=VECTOR('',#5018,10.);
#889=VECTOR('',#5019,10.);
#890=VECTOR('',#5022,10.);
#891=VECTOR('',#5023,10.);
#892=VECTOR('',#5024,10.);
#893=VECTOR('',#5027,10.);
#894=VECTOR('',#5028,10.);
#895=VECTOR('',#5035,10.);
#896=VECTOR('',#5036,10.);
#897=VECTOR('',#5037,10.);
#898=VECTOR('',#5038,10.);
#899=VECTOR('',#5041,10.);
#900=VECTOR('',#5042,10.);
#901=VECTOR('',#5043,10.);
#902=VECTOR('',#5046,10.);
#903=VECTOR('',#5047,10.);
#904=VECTOR('',#5048,10.);
#905=VECTOR('',#5051,10.);
#906=VECTOR('',#5052,10.);
#907=VECTOR('',#5053,10.);
#908=VECTOR('',#5056,10.);
#909=VECTOR('',#5057,10.);
#910=VECTOR('',#5058,10.);
#911=VECTOR('',#5061,10.);
#912=VECTOR('',#5062,10.);
#913=VECTOR('',#5069,10.);
#914=VECTOR('',#5070,10.);
#915=VECTOR('',#5071,10.);
#916=VECTOR('',#5072,10.);
#917=VECTOR('',#5075,10.);
#918=VECTOR('',#5076,10.);
#919=VECTOR('',#5077,10.);
#920=VECTOR('',#5080,10.);
#921=VECTOR('',#5081,10.);
#922=VECTOR('',#5082,10.);
#923=VECTOR('',#5085,10.);
#924=VECTOR('',#5086,10.);
#925=VECTOR('',#5087,10.);
#926=VECTOR('',#5090,10.);
#927=VECTOR('',#5091,10.);
#928=VECTOR('',#5092,10.);
#929=VECTOR('',#5095,10.);
#930=VECTOR('',#5096,10.);
#931=VECTOR('',#5103,10.);
#932=VECTOR('',#5104,10.);
#933=VECTOR('',#5105,10.);
#934=VECTOR('',#5106,10.);
#935=VECTOR('',#5109,10.);
#936=VECTOR('',#5110,10.);
#937=VECTOR('',#5111,10.);
#938=VECTOR('',#5114,10.);
#939=VECTOR('',#5115,10.);
#940=VECTOR('',#5116,10.);
#941=VECTOR('',#5119,10.);
#942=VECTOR('',#5120,10.);
#943=VECTOR('',#5121,10.);
#944=VECTOR('',#5124,10.);
#945=VECTOR('',#5125,10.);
#946=VECTOR('',#5126,10.);
#947=VECTOR('',#5129,10.);
#948=VECTOR('',#5130,10.);
#949=VECTOR('',#5137,10.);
#950=VECTOR('',#5138,10.);
#951=VECTOR('',#5139,10.);
#952=VECTOR('',#5140,10.);
#953=VECTOR('',#5143,10.);
#954=VECTOR('',#5144,10.);
#955=VECTOR('',#5145,10.);
#956=VECTOR('',#5148,10.);
#957=VECTOR('',#5149,10.);
#958=VECTOR('',#5150,10.);
#959=VECTOR('',#5153,10.);
#960=VECTOR('',#5154,10.);
#961=VECTOR('',#5155,10.);
#962=VECTOR('',#5158,10.);
#963=VECTOR('',#5159,10.);
#964=VECTOR('',#5160,10.);
#965=VECTOR('',#5163,10.);
#966=VECTOR('',#5164,10.);
#967=VECTOR('',#5173,10.);
#968=VECTOR('',#5174,10.);
#969=VECTOR('',#5175,10.);
#970=VECTOR('',#5176,10.);
#971=VECTOR('',#5179,10.);
#972=VECTOR('',#5180,10.);
#973=VECTOR('',#5181,10.);
#974=VECTOR('',#5184,10.);
#975=VECTOR('',#5185,10.);
#976=VECTOR('',#5186,10.);
#977=VECTOR('',#5189,10.);
#978=VECTOR('',#5190,10.);
#979=VECTOR('',#5191,10.);
#980=VECTOR('',#5194,10.);
#981=VECTOR('',#5195,10.);
#982=VECTOR('',#5196,10.);
#983=VECTOR('',#5199,10.);
#984=VECTOR('',#5200,10.);
#985=VECTOR('',#5207,10.);
#986=VECTOR('',#5208,10.);
#987=VECTOR('',#5209,10.);
#988=VECTOR('',#5212,10.);
#989=VECTOR('',#5213,10.);
#990=VECTOR('',#5214,10.);
#991=VECTOR('',#5217,10.);
#992=VECTOR('',#5218,10.);
#993=VECTOR('',#5219,10.);
#994=VECTOR('',#5222,10.);
#995=VECTOR('',#5223,10.);
#996=VECTOR('',#5224,10.);
#997=VECTOR('',#5227,10.);
#998=VECTOR('',#5228,10.);
#999=VECTOR('',#5235,10.);
#1000=VECTOR('',#5236,10.);
#1001=VECTOR('',#5237,10.);
#1002=VECTOR('',#5238,10.);
#1003=VECTOR('',#5241,10.);
#1004=VECTOR('',#5242,10.);
#1005=VECTOR('',#5243,10.);
#1006=VECTOR('',#5246,10.);
#1007=VECTOR('',#5247,10.);
#1008=VECTOR('',#5248,10.);
#1009=VECTOR('',#5251,10.);
#1010=VECTOR('',#5252,10.);
#1011=VECTOR('',#5253,10.);
#1012=VECTOR('',#5256,10.);
#1013=VECTOR('',#5257,10.);
#1014=VECTOR('',#5258,10.);
#1015=VECTOR('',#5261,10.);
#1016=VECTOR('',#5262,10.);
#1017=VECTOR('',#5269,10.);
#1018=VECTOR('',#5270,10.);
#1019=VECTOR('',#5271,10.);
#1020=VECTOR('',#5272,10.);
#1021=VECTOR('',#5275,10.);
#1022=VECTOR('',#5276,10.);
#1023=VECTOR('',#5277,10.);
#1024=VECTOR('',#5280,10.);
#1025=VECTOR('',#5281,10.);
#1026=VECTOR('',#5282,10.);
#1027=VECTOR('',#5285,10.);
#1028=VECTOR('',#5286,10.);
#1029=VECTOR('',#5287,10.);
#1030=VECTOR('',#5290,10.);
#1031=VECTOR('',#5291,10.);
#1032=VECTOR('',#5292,10.);
#1033=VECTOR('',#5295,10.);
#1034=VECTOR('',#5296,10.);
#1035=VECTOR('',#5303,10.);
#1036=VECTOR('',#5304,10.);
#1037=VECTOR('',#5305,10.);
#1038=VECTOR('',#5306,10.);
#1039=VECTOR('',#5309,10.);
#1040=VECTOR('',#5310,10.);
#1041=VECTOR('',#5311,10.);
#1042=VECTOR('',#5314,10.);
#1043=VECTOR('',#5315,10.);
#1044=VECTOR('',#5316,10.);
#1045=VECTOR('',#5319,10.);
#1046=VECTOR('',#5320,10.);
#1047=VECTOR('',#5321,10.);
#1048=VECTOR('',#5324,10.);
#1049=VECTOR('',#5325,10.);
#1050=VECTOR('',#5326,10.);
#1051=VECTOR('',#5329,10.);
#1052=VECTOR('',#5330,10.);
#1053=VECTOR('',#5337,10.);
#1054=VECTOR('',#5338,10.);
#1055=VECTOR('',#5339,10.);
#1056=VECTOR('',#5340,10.);
#1057=VECTOR('',#5343,10.);
#1058=VECTOR('',#5344,10.);
#1059=VECTOR('',#5345,10.);
#1060=VECTOR('',#5348,10.);
#1061=VECTOR('',#5349,10.);
#1062=VECTOR('',#5350,10.);
#1063=VECTOR('',#5353,10.);
#1064=VECTOR('',#5354,10.);
#1065=VECTOR('',#5355,10.);
#1066=VECTOR('',#5358,10.);
#1067=VECTOR('',#5359,10.);
#1068=VECTOR('',#5360,10.);
#1069=VECTOR('',#5363,10.);
#1070=VECTOR('',#5364,10.);
#1071=VECTOR('',#5371,10.);
#1072=VECTOR('',#5372,10.);
#1073=VECTOR('',#5373,10.);
#1074=VECTOR('',#5374,10.);
#1075=VECTOR('',#5377,10.);
#1076=VECTOR('',#5378,10.);
#1077=VECTOR('',#5379,10.);
#1078=VECTOR('',#5382,10.);
#1079=VECTOR('',#5383,10.);
#1080=VECTOR('',#5384,10.);
#1081=VECTOR('',#5387,10.);
#1082=VECTOR('',#5388,10.);
#1083=VECTOR('',#5389,10.);
#1084=VECTOR('',#5392,10.);
#1085=VECTOR('',#5393,10.);
#1086=VECTOR('',#5394,10.);
#1087=VECTOR('',#5397,10.);
#1088=VECTOR('',#5398,10.);
#1089=VECTOR('',#5405,10.);
#1090=VECTOR('',#5406,10.);
#1091=VECTOR('',#5407,10.);
#1092=VECTOR('',#5408,10.);
#1093=VECTOR('',#5411,10.);
#1094=VECTOR('',#5412,10.);
#1095=VECTOR('',#5415,10.);
#1096=VECTOR('',#5416,10.);
#1097=VECTOR('',#5417,10.);
#1098=VECTOR('',#5420,10.);
#1099=VECTOR('',#5421,10.);
#1100=VECTOR('',#5422,10.);
#1101=VECTOR('',#5425,10.);
#1102=VECTOR('',#5426,10.);
#1103=VECTOR('',#5433,10.);
#1104=VECTOR('',#5434,10.);
#1105=VECTOR('',#5435,10.);
#1106=VECTOR('',#5436,10.);
#1107=VECTOR('',#5439,10.);
#1108=VECTOR('',#5440,10.);
#1109=VECTOR('',#5441,10.);
#1110=VECTOR('',#5444,10.);
#1111=VECTOR('',#5445,10.);
#1112=VECTOR('',#5446,10.);
#1113=VECTOR('',#5449,10.);
#1114=VECTOR('',#5450,10.);
#1115=VECTOR('',#5451,10.);
#1116=VECTOR('',#5454,10.);
#1117=VECTOR('',#5455,10.);
#1118=VECTOR('',#5456,10.);
#1119=VECTOR('',#5459,10.);
#1120=VECTOR('',#5460,10.);
#1121=VECTOR('',#5467,10.);
#1122=VECTOR('',#5468,10.);
#1123=VECTOR('',#5469,10.);
#1124=VECTOR('',#5470,10.);
#1125=VECTOR('',#5473,10.);
#1126=VECTOR('',#5474,10.);
#1127=VECTOR('',#5475,10.);
#1128=VECTOR('',#5478,10.);
#1129=VECTOR('',#5479,10.);
#1130=VECTOR('',#5480,10.);
#1131=VECTOR('',#5483,10.);
#1132=VECTOR('',#5484,10.);
#1133=VECTOR('',#5485,10.);
#1134=VECTOR('',#5488,10.);
#1135=VECTOR('',#5489,10.);
#1136=VECTOR('',#5490,10.);
#1137=VECTOR('',#5493,10.);
#1138=VECTOR('',#5494,10.);
#1139=VECTOR('',#5501,10.);
#1140=VECTOR('',#5502,10.);
#1141=VECTOR('',#5503,10.);
#1142=VECTOR('',#5504,10.);
#1143=VECTOR('',#5507,10.);
#1144=VECTOR('',#5508,10.);
#1145=VECTOR('',#5509,10.);
#1146=VECTOR('',#5512,10.);
#1147=VECTOR('',#5513,10.);
#1148=VECTOR('',#5514,10.);
#1149=VECTOR('',#5517,10.);
#1150=VECTOR('',#5518,10.);
#1151=VECTOR('',#5519,10.);
#1152=VECTOR('',#5522,10.);
#1153=VECTOR('',#5523,10.);
#1154=VECTOR('',#5524,10.);
#1155=VECTOR('',#5527,10.);
#1156=VECTOR('',#5528,10.);
#1157=VECTOR('',#5535,10.);
#1158=VECTOR('',#5536,10.);
#1159=VECTOR('',#5537,10.);
#1160=VECTOR('',#5538,10.);
#1161=VECTOR('',#5541,10.);
#1162=VECTOR('',#5542,10.);
#1163=VECTOR('',#5543,10.);
#1164=VECTOR('',#5546,10.);
#1165=VECTOR('',#5547,10.);
#1166=VECTOR('',#5548,10.);
#1167=VECTOR('',#5551,10.);
#1168=VECTOR('',#5552,10.);
#1169=VECTOR('',#5553,10.);
#1170=VECTOR('',#5556,10.);
#1171=VECTOR('',#5557,10.);
#1172=VECTOR('',#5558,10.);
#1173=VECTOR('',#5561,10.);
#1174=VECTOR('',#5562,10.);
#1175=VECTOR('',#5567,10.);
#1176=VECTOR('',#5568,10.);
#1177=VECTOR('',#5569,10.);
#1178=VECTOR('',#5572,1.75);
#1179=VECTOR('',#5575,1.75);
#1180=VECTOR('',#5578,1.75);
#1181=VECTOR('',#5581,1.75);
#1182=VECTOR('',#5584,1.75);
#1183=VECTOR('',#5587,1.75);
#1184=VECTOR('',#5590,1.75);
#1185=VECTOR('',#5591,10.);
#1186=VECTOR('',#5592,10.);
#1187=VECTOR('',#5593,10.);
#1188=VECTOR('',#5596,10.);
#1189=VECTOR('',#5599,10.);
#1190=VECTOR('',#5602,1.75);
#1191=VECTOR('',#5605,1.75);
#1192=VECTOR('',#5608,1.75);
#1193=VECTOR('',#5611,1.75);
#1194=VECTOR('',#5614,1.75);
#1195=VECTOR('',#5617,1.75);
#1196=VECTOR('',#5620,1.75);
#1197=VECTOR('',#5623,1.75);
#1198=VECTOR('',#5626,1.75);
#1199=VECTOR('',#5629,1.75);
#1200=VECTOR('',#5632,1.75);
#1201=VECTOR('',#5635,1.75);
#1202=VECTOR('',#5642,10.);
#1203=VECTOR('',#5643,10.);
#1204=VECTOR('',#5644,10.);
#1205=VECTOR('',#5647,10.);
#1206=VECTOR('',#5648,10.);
#1207=VECTOR('',#5653,10.);
#1208=VECTOR('',#5654,10.);
#1209=VECTOR('',#5657,10.);
#1210=VECTOR('',#5662,10.);
#1211=CYLINDRICAL_SURFACE('',#4248,1.);
#1212=CYLINDRICAL_SURFACE('',#4249,1.);
#1213=CYLINDRICAL_SURFACE('',#4251,1.);
#1214=CYLINDRICAL_SURFACE('',#4260,1.);
#1215=CYLINDRICAL_SURFACE('',#4261,1.);
#1216=CYLINDRICAL_SURFACE('',#4274,1.);
#1217=CYLINDRICAL_SURFACE('',#4275,1.);
#1218=CYLINDRICAL_SURFACE('',#4280,1.);
#1219=CYLINDRICAL_SURFACE('',#4282,1.);
#1220=CYLINDRICAL_SURFACE('',#4284,1.);
#1221=CYLINDRICAL_SURFACE('',#4291,1.);
#1222=CYLINDRICAL_SURFACE('',#4292,1.);
#1223=CYLINDRICAL_SURFACE('',#4298,1.);
#1224=CYLINDRICAL_SURFACE('',#4300,1.);
#1225=CYLINDRICAL_SURFACE('',#4329,1.);
#1226=CYLINDRICAL_SURFACE('',#4330,1.);
#1227=CYLINDRICAL_SURFACE('',#4337,1.);
#1228=CYLINDRICAL_SURFACE('',#4339,1.);
#1229=CYLINDRICAL_SURFACE('',#4344,1.);
#1230=CYLINDRICAL_SURFACE('',#4346,1.);
#1231=CYLINDRICAL_SURFACE('',#4348,1.);
#1232=CYLINDRICAL_SURFACE('',#4351,1.);
#1233=CYLINDRICAL_SURFACE('',#4355,1.);
#1234=CYLINDRICAL_SURFACE('',#4356,1.);
#1235=CYLINDRICAL_SURFACE('',#4360,1.);
#1236=CYLINDRICAL_SURFACE('',#4362,1.);
#1237=CYLINDRICAL_SURFACE('',#4365,1.);
#1238=CYLINDRICAL_SURFACE('',#4369,1.);
#1239=CYLINDRICAL_SURFACE('',#4528,1.75);
#1240=CYLINDRICAL_SURFACE('',#4529,1.75);
#1241=CYLINDRICAL_SURFACE('',#4530,1.75);
#1242=CYLINDRICAL_SURFACE('',#4531,1.75);
#1243=CYLINDRICAL_SURFACE('',#4532,1.75);
#1244=CYLINDRICAL_SURFACE('',#4533,1.75);
#1245=CYLINDRICAL_SURFACE('',#4534,1.75);
#1246=CYLINDRICAL_SURFACE('',#4537,1.75);
#1247=CYLINDRICAL_SURFACE('',#4538,1.75);
#1248=CYLINDRICAL_SURFACE('',#4539,1.75);
#1249=CYLINDRICAL_SURFACE('',#4540,1.75);
#1250=CYLINDRICAL_SURFACE('',#4541,1.75);
#1251=CYLINDRICAL_SURFACE('',#4542,1.75);
#1252=CYLINDRICAL_SURFACE('',#4543,1.75);
#1253=CYLINDRICAL_SURFACE('',#4544,1.75);
#1254=CYLINDRICAL_SURFACE('',#4545,1.75);
#1255=CYLINDRICAL_SURFACE('',#4546,1.75);
#1256=CYLINDRICAL_SURFACE('',#4547,1.75);
#1257=CYLINDRICAL_SURFACE('',#4548,1.75);
#1258=FACE_OUTER_BOUND('',#1482,.T.);
#1259=FACE_OUTER_BOUND('',#1483,.T.);
#1260=FACE_OUTER_BOUND('',#1484,.T.);
#1261=FACE_OUTER_BOUND('',#1485,.T.);
#1262=FACE_OUTER_BOUND('',#1486,.T.);
#1263=FACE_OUTER_BOUND('',#1487,.T.);
#1264=FACE_OUTER_BOUND('',#1488,.T.);
#1265=FACE_OUTER_BOUND('',#1489,.T.);
#1266=FACE_OUTER_BOUND('',#1490,.T.);
#1267=FACE_OUTER_BOUND('',#1491,.T.);
#1268=FACE_OUTER_BOUND('',#1492,.T.);
#1269=FACE_OUTER_BOUND('',#1493,.T.);
#1270=FACE_OUTER_BOUND('',#1494,.T.);
#1271=FACE_OUTER_BOUND('',#1495,.T.);
#1272=FACE_OUTER_BOUND('',#1496,.T.);
#1273=FACE_OUTER_BOUND('',#1497,.T.);
#1274=FACE_OUTER_BOUND('',#1498,.T.);
#1275=FACE_OUTER_BOUND('',#1499,.T.);
#1276=FACE_OUTER_BOUND('',#1500,.T.);
#1277=FACE_OUTER_BOUND('',#1501,.T.);
#1278=FACE_OUTER_BOUND('',#1502,.T.);
#1279=FACE_OUTER_BOUND('',#1503,.T.);
#1280=FACE_OUTER_BOUND('',#1504,.T.);
#1281=FACE_OUTER_BOUND('',#1505,.T.);
#1282=FACE_OUTER_BOUND('',#1506,.T.);
#1283=FACE_OUTER_BOUND('',#1507,.T.);
#1284=FACE_OUTER_BOUND('',#1508,.T.);
#1285=FACE_OUTER_BOUND('',#1509,.T.);
#1286=FACE_OUTER_BOUND('',#1510,.T.);
#1287=FACE_OUTER_BOUND('',#1511,.T.);
#1288=FACE_OUTER_BOUND('',#1512,.T.);
#1289=FACE_OUTER_BOUND('',#1532,.T.);
#1290=FACE_OUTER_BOUND('',#1533,.T.);
#1291=FACE_OUTER_BOUND('',#1534,.T.);
#1292=FACE_OUTER_BOUND('',#1535,.T.);
#1293=FACE_OUTER_BOUND('',#1536,.T.);
#1294=FACE_OUTER_BOUND('',#1537,.T.);
#1295=FACE_OUTER_BOUND('',#1538,.T.);
#1296=FACE_OUTER_BOUND('',#1539,.T.);
#1297=FACE_OUTER_BOUND('',#1540,.T.);
#1298=FACE_OUTER_BOUND('',#1541,.T.);
#1299=FACE_OUTER_BOUND('',#1542,.T.);
#1300=FACE_OUTER_BOUND('',#1543,.T.);
#1301=FACE_OUTER_BOUND('',#1544,.T.);
#1302=FACE_OUTER_BOUND('',#1545,.T.);
#1303=FACE_OUTER_BOUND('',#1546,.T.);
#1304=FACE_OUTER_BOUND('',#1547,.T.);
#1305=FACE_OUTER_BOUND('',#1548,.T.);
#1306=FACE_OUTER_BOUND('',#1549,.T.);
#1307=FACE_OUTER_BOUND('',#1550,.T.);
#1308=FACE_OUTER_BOUND('',#1551,.T.);
#1309=FACE_OUTER_BOUND('',#1552,.T.);
#1310=FACE_OUTER_BOUND('',#1553,.T.);
#1311=FACE_OUTER_BOUND('',#1554,.T.);
#1312=FACE_OUTER_BOUND('',#1555,.T.);
#1313=FACE_OUTER_BOUND('',#1556,.T.);
#1314=FACE_OUTER_BOUND('',#1557,.T.);
#1315=FACE_OUTER_BOUND('',#1558,.T.);
#1316=FACE_OUTER_BOUND('',#1559,.T.);
#1317=FACE_OUTER_BOUND('',#1560,.T.);
#1318=FACE_OUTER_BOUND('',#1561,.T.);
#1319=FACE_OUTER_BOUND('',#1562,.T.);
#1320=FACE_OUTER_BOUND('',#1563,.T.);
#1321=FACE_OUTER_BOUND('',#1564,.T.);
#1322=FACE_OUTER_BOUND('',#1566,.T.);
#1323=FACE_OUTER_BOUND('',#1567,.T.);
#1324=FACE_OUTER_BOUND('',#1568,.T.);
#1325=FACE_OUTER_BOUND('',#1569,.T.);
#1326=FACE_OUTER_BOUND('',#1570,.T.);
#1327=FACE_OUTER_BOUND('',#1571,.T.);
#1328=FACE_OUTER_BOUND('',#1572,.T.);
#1329=FACE_OUTER_BOUND('',#1573,.T.);
#1330=FACE_OUTER_BOUND('',#1575,.T.);
#1331=FACE_OUTER_BOUND('',#1576,.T.);
#1332=FACE_OUTER_BOUND('',#1577,.T.);
#1333=FACE_OUTER_BOUND('',#1578,.T.);
#1334=FACE_OUTER_BOUND('',#1579,.T.);
#1335=FACE_OUTER_BOUND('',#1580,.T.);
#1336=FACE_OUTER_BOUND('',#1581,.T.);
#1337=FACE_OUTER_BOUND('',#1583,.T.);
#1338=FACE_OUTER_BOUND('',#1584,.T.);
#1339=FACE_OUTER_BOUND('',#1585,.T.);
#1340=FACE_OUTER_BOUND('',#1586,.T.);
#1341=FACE_OUTER_BOUND('',#1587,.T.);
#1342=FACE_OUTER_BOUND('',#1588,.T.);
#1343=FACE_OUTER_BOUND('',#1589,.T.);
#1344=FACE_OUTER_BOUND('',#1591,.T.);
#1345=FACE_OUTER_BOUND('',#1592,.T.);
#1346=FACE_OUTER_BOUND('',#1593,.T.);
#1347=FACE_OUTER_BOUND('',#1594,.T.);
#1348=FACE_OUTER_BOUND('',#1595,.T.);
#1349=FACE_OUTER_BOUND('',#1596,.T.);
#1350=FACE_OUTER_BOUND('',#1597,.T.);
#1351=FACE_OUTER_BOUND('',#1599,.T.);
#1352=FACE_OUTER_BOUND('',#1600,.T.);
#1353=FACE_OUTER_BOUND('',#1601,.T.);
#1354=FACE_OUTER_BOUND('',#1602,.T.);
#1355=FACE_OUTER_BOUND('',#1603,.T.);
#1356=FACE_OUTER_BOUND('',#1604,.T.);
#1357=FACE_OUTER_BOUND('',#1605,.T.);
#1358=FACE_OUTER_BOUND('',#1607,.T.);
#1359=FACE_OUTER_BOUND('',#1608,.T.);
#1360=FACE_OUTER_BOUND('',#1609,.T.);
#1361=FACE_OUTER_BOUND('',#1610,.T.);
#1362=FACE_OUTER_BOUND('',#1611,.T.);
#1363=FACE_OUTER_BOUND('',#1612,.T.);
#1364=FACE_OUTER_BOUND('',#1613,.T.);
#1365=FACE_OUTER_BOUND('',#1615,.T.);
#1366=FACE_OUTER_BOUND('',#1616,.T.);
#1367=FACE_OUTER_BOUND('',#1617,.T.);
#1368=FACE_OUTER_BOUND('',#1618,.T.);
#1369=FACE_OUTER_BOUND('',#1619,.T.);
#1370=FACE_OUTER_BOUND('',#1620,.T.);
#1371=FACE_OUTER_BOUND('',#1621,.T.);
#1372=FACE_OUTER_BOUND('',#1622,.T.);
#1373=FACE_OUTER_BOUND('',#1624,.T.);
#1374=FACE_OUTER_BOUND('',#1625,.T.);
#1375=FACE_OUTER_BOUND('',#1626,.T.);
#1376=FACE_OUTER_BOUND('',#1627,.T.);
#1377=FACE_OUTER_BOUND('',#1628,.T.);
#1378=FACE_OUTER_BOUND('',#1629,.T.);
#1379=FACE_OUTER_BOUND('',#1631,.T.);
#1380=FACE_OUTER_BOUND('',#1632,.T.);
#1381=FACE_OUTER_BOUND('',#1633,.T.);
#1382=FACE_OUTER_BOUND('',#1634,.T.);
#1383=FACE_OUTER_BOUND('',#1635,.T.);
#1384=FACE_OUTER_BOUND('',#1636,.T.);
#1385=FACE_OUTER_BOUND('',#1637,.T.);
#1386=FACE_OUTER_BOUND('',#1639,.T.);
#1387=FACE_OUTER_BOUND('',#1640,.T.);
#1388=FACE_OUTER_BOUND('',#1641,.T.);
#1389=FACE_OUTER_BOUND('',#1642,.T.);
#1390=FACE_OUTER_BOUND('',#1643,.T.);
#1391=FACE_OUTER_BOUND('',#1644,.T.);
#1392=FACE_OUTER_BOUND('',#1645,.T.);
#1393=FACE_OUTER_BOUND('',#1647,.T.);
#1394=FACE_OUTER_BOUND('',#1648,.T.);
#1395=FACE_OUTER_BOUND('',#1649,.T.);
#1396=FACE_OUTER_BOUND('',#1650,.T.);
#1397=FACE_OUTER_BOUND('',#1651,.T.);
#1398=FACE_OUTER_BOUND('',#1652,.T.);
#1399=FACE_OUTER_BOUND('',#1653,.T.);
#1400=FACE_OUTER_BOUND('',#1655,.T.);
#1401=FACE_OUTER_BOUND('',#1656,.T.);
#1402=FACE_OUTER_BOUND('',#1657,.T.);
#1403=FACE_OUTER_BOUND('',#1658,.T.);
#1404=FACE_OUTER_BOUND('',#1659,.T.);
#1405=FACE_OUTER_BOUND('',#1660,.T.);
#1406=FACE_OUTER_BOUND('',#1661,.T.);
#1407=FACE_OUTER_BOUND('',#1663,.T.);
#1408=FACE_OUTER_BOUND('',#1664,.T.);
#1409=FACE_OUTER_BOUND('',#1665,.T.);
#1410=FACE_OUTER_BOUND('',#1666,.T.);
#1411=FACE_OUTER_BOUND('',#1667,.T.);
#1412=FACE_OUTER_BOUND('',#1668,.T.);
#1413=FACE_OUTER_BOUND('',#1669,.T.);
#1414=FACE_OUTER_BOUND('',#1671,.T.);
#1415=FACE_OUTER_BOUND('',#1672,.T.);
#1416=FACE_OUTER_BOUND('',#1673,.T.);
#1417=FACE_OUTER_BOUND('',#1674,.T.);
#1418=FACE_OUTER_BOUND('',#1675,.T.);
#1419=FACE_OUTER_BOUND('',#1676,.T.);
#1420=FACE_OUTER_BOUND('',#1678,.T.);
#1421=FACE_OUTER_BOUND('',#1679,.T.);
#1422=FACE_OUTER_BOUND('',#1680,.T.);
#1423=FACE_OUTER_BOUND('',#1681,.T.);
#1424=FACE_OUTER_BOUND('',#1682,.T.);
#1425=FACE_OUTER_BOUND('',#1683,.T.);
#1426=FACE_OUTER_BOUND('',#1684,.T.);
#1427=FACE_OUTER_BOUND('',#1686,.T.);
#1428=FACE_OUTER_BOUND('',#1687,.T.);
#1429=FACE_OUTER_BOUND('',#1688,.T.);
#1430=FACE_OUTER_BOUND('',#1689,.T.);
#1431=FACE_OUTER_BOUND('',#1690,.T.);
#1432=FACE_OUTER_BOUND('',#1691,.T.);
#1433=FACE_OUTER_BOUND('',#1692,.T.);
#1434=FACE_OUTER_BOUND('',#1694,.T.);
#1435=FACE_OUTER_BOUND('',#1695,.T.);
#1436=FACE_OUTER_BOUND('',#1696,.T.);
#1437=FACE_OUTER_BOUND('',#1697,.T.);
#1438=FACE_OUTER_BOUND('',#1698,.T.);
#1439=FACE_OUTER_BOUND('',#1699,.T.);
#1440=FACE_OUTER_BOUND('',#1700,.T.);
#1441=FACE_OUTER_BOUND('',#1702,.T.);
#1442=FACE_OUTER_BOUND('',#1703,.T.);
#1443=FACE_OUTER_BOUND('',#1704,.T.);
#1444=FACE_OUTER_BOUND('',#1705,.T.);
#1445=FACE_OUTER_BOUND('',#1706,.T.);
#1446=FACE_OUTER_BOUND('',#1707,.T.);
#1447=FACE_OUTER_BOUND('',#1708,.T.);
#1448=FACE_OUTER_BOUND('',#1710,.T.);
#1449=FACE_OUTER_BOUND('',#1711,.T.);
#1450=FACE_OUTER_BOUND('',#1712,.T.);
#1451=FACE_OUTER_BOUND('',#1713,.T.);
#1452=FACE_OUTER_BOUND('',#1714,.T.);
#1453=FACE_OUTER_BOUND('',#1715,.T.);
#1454=FACE_OUTER_BOUND('',#1716,.T.);
#1455=FACE_OUTER_BOUND('',#1717,.T.);
#1456=FACE_OUTER_BOUND('',#1718,.T.);
#1457=FACE_OUTER_BOUND('',#1719,.T.);
#1458=FACE_OUTER_BOUND('',#1720,.T.);
#1459=FACE_OUTER_BOUND('',#1721,.T.);
#1460=FACE_OUTER_BOUND('',#1722,.T.);
#1461=FACE_OUTER_BOUND('',#1723,.T.);
#1462=FACE_OUTER_BOUND('',#1724,.T.);
#1463=FACE_OUTER_BOUND('',#1725,.T.);
#1464=FACE_OUTER_BOUND('',#1726,.T.);
#1465=FACE_OUTER_BOUND('',#1727,.T.);
#1466=FACE_OUTER_BOUND('',#1728,.T.);
#1467=FACE_OUTER_BOUND('',#1729,.T.);
#1468=FACE_OUTER_BOUND('',#1730,.T.);
#1469=FACE_OUTER_BOUND('',#1731,.T.);
#1470=FACE_OUTER_BOUND('',#1732,.T.);
#1471=FACE_OUTER_BOUND('',#1733,.T.);
#1472=FACE_OUTER_BOUND('',#1734,.T.);
#1473=FACE_OUTER_BOUND('',#1735,.T.);
#1474=FACE_OUTER_BOUND('',#1736,.T.);
#1475=FACE_OUTER_BOUND('',#1737,.T.);
#1476=FACE_OUTER_BOUND('',#1751,.T.);
#1477=FACE_OUTER_BOUND('',#1752,.T.);
#1478=FACE_OUTER_BOUND('',#1753,.T.);
#1479=FACE_OUTER_BOUND('',#1754,.T.);
#1480=FACE_OUTER_BOUND('',#1755,.T.);
#1481=FACE_OUTER_BOUND('',#1756,.T.);
#1482=EDGE_LOOP('',(#2812,#2813,#2814));
#1483=EDGE_LOOP('',(#2815,#2816,#2817));
#1484=EDGE_LOOP('',(#2818,#2819,#2820,#2821));
#1485=EDGE_LOOP('',(#2822,#2823,#2824,#2825));
#1486=EDGE_LOOP('',(#2826,#2827,#2828,#2829));
#1487=EDGE_LOOP('',(#2830,#2831,#2832,#2833,#2834));
#1488=EDGE_LOOP('',(#2835,#2836,#2837,#2838,#2839));
#1489=EDGE_LOOP('',(#2840,#2841,#2842,#2843));
#1490=EDGE_LOOP('',(#2844,#2845,#2846,#2847));
#1491=EDGE_LOOP('',(#2848,#2849,#2850,#2851));
#1492=EDGE_LOOP('',(#2852,#2853,#2854,#2855,#2856,#2857));
#1493=EDGE_LOOP('',(#2858,#2859,#2860,#2861,#2862,#2863,#2864,#2865));
#1494=EDGE_LOOP('',(#2866,#2867,#2868));
#1495=EDGE_LOOP('',(#2869,#2870,#2871));
#1496=EDGE_LOOP('',(#2872,#2873,#2874,#2875));
#1497=EDGE_LOOP('',(#2876,#2877,#2878,#2879));
#1498=EDGE_LOOP('',(#2880,#2881,#2882,#2883,#2884));
#1499=EDGE_LOOP('',(#2885,#2886,#2887,#2888));
#1500=EDGE_LOOP('',(#2889,#2890,#2891,#2892));
#1501=EDGE_LOOP('',(#2893,#2894,#2895,#2896));
#1502=EDGE_LOOP('',(#2897,#2898,#2899,#2900,#2901));
#1503=EDGE_LOOP('',(#2902,#2903,#2904,#2905,#2906,#2907,#2908,#2909));
#1504=EDGE_LOOP('',(#2910,#2911,#2912,#2913));
#1505=EDGE_LOOP('',(#2914,#2915,#2916,#2917));
#1506=EDGE_LOOP('',(#2918,#2919,#2920,#2921));
#1507=EDGE_LOOP('',(#2922,#2923,#2924,#2925));
#1508=EDGE_LOOP('',(#2926,#2927,#2928));
#1509=EDGE_LOOP('',(#2929,#2930,#2931,#2932));
#1510=EDGE_LOOP('',(#2933,#2934,#2935,#2936,#2937,#2938,#2939,#2940));
#1511=EDGE_LOOP('',(#2941,#2942,#2943,#2944));
#1512=EDGE_LOOP('',(#2945,#2946,#2947,#2948,#2949,#2950,#2951,#2952,#2953,
#2954,#2955,#2956,#2957,#2958,#2959,#2960));
#1513=EDGE_LOOP('',(#2961));
#1514=EDGE_LOOP('',(#2962));
#1515=EDGE_LOOP('',(#2963));
#1516=EDGE_LOOP('',(#2964));
#1517=EDGE_LOOP('',(#2965));
#1518=EDGE_LOOP('',(#2966));
#1519=EDGE_LOOP('',(#2967));
#1520=EDGE_LOOP('',(#2968));
#1521=EDGE_LOOP('',(#2969));
#1522=EDGE_LOOP('',(#2970));
#1523=EDGE_LOOP('',(#2971));
#1524=EDGE_LOOP('',(#2972));
#1525=EDGE_LOOP('',(#2973));
#1526=EDGE_LOOP('',(#2974));
#1527=EDGE_LOOP('',(#2975));
#1528=EDGE_LOOP('',(#2976));
#1529=EDGE_LOOP('',(#2977));
#1530=EDGE_LOOP('',(#2978));
#1531=EDGE_LOOP('',(#2979));
#1532=EDGE_LOOP('',(#2980,#2981,#2982));
#1533=EDGE_LOOP('',(#2983,#2984,#2985,#2986));
#1534=EDGE_LOOP('',(#2987,#2988,#2989,#2990));
#1535=EDGE_LOOP('',(#2991,#2992,#2993,#2994));
#1536=EDGE_LOOP('',(#2995,#2996,#2997));
#1537=EDGE_LOOP('',(#2998,#2999,#3000,#3001));
#1538=EDGE_LOOP('',(#3002,#3003,#3004,#3005));
#1539=EDGE_LOOP('',(#3006,#3007,#3008,#3009,#3010,#3011,#3012,#3013));
#1540=EDGE_LOOP('',(#3014,#3015,#3016));
#1541=EDGE_LOOP('',(#3017,#3018,#3019,#3020));
#1542=EDGE_LOOP('',(#3021,#3022,#3023,#3024));
#1543=EDGE_LOOP('',(#3025,#3026,#3027,#3028));
#1544=EDGE_LOOP('',(#3029,#3030,#3031,#3032));
#1545=EDGE_LOOP('',(#3033,#3034,#3035,#3036,#3037,#3038,#3039));
#1546=EDGE_LOOP('',(#3040,#3041,#3042,#3043));
#1547=EDGE_LOOP('',(#3044,#3045,#3046,#3047,#3048,#3049,#3050));
#1548=EDGE_LOOP('',(#3051,#3052,#3053,#3054));
#1549=EDGE_LOOP('',(#3055,#3056,#3057,#3058,#3059,#3060,#3061));
#1550=EDGE_LOOP('',(#3062,#3063,#3064,#3065,#3066,#3067,#3068));
#1551=EDGE_LOOP('',(#3069,#3070,#3071,#3072));
#1552=EDGE_LOOP('',(#3073,#3074,#3075,#3076));
#1553=EDGE_LOOP('',(#3077,#3078,#3079,#3080));
#1554=EDGE_LOOP('',(#3081,#3082,#3083,#3084));
#1555=EDGE_LOOP('',(#3085,#3086,#3087,#3088));
#1556=EDGE_LOOP('',(#3089,#3090,#3091,#3092,#3093));
#1557=EDGE_LOOP('',(#3094,#3095,#3096,#3097,#3098));
#1558=EDGE_LOOP('',(#3099,#3100,#3101,#3102,#3103));
#1559=EDGE_LOOP('',(#3104,#3105,#3106,#3107,#3108));
#1560=EDGE_LOOP('',(#3109,#3110,#3111,#3112));
#1561=EDGE_LOOP('',(#3113,#3114,#3115,#3116));
#1562=EDGE_LOOP('',(#3117,#3118,#3119,#3120));
#1563=EDGE_LOOP('',(#3121,#3122,#3123,#3124));
#1564=EDGE_LOOP('',(#3125,#3126,#3127,#3128,#3129,#3130));
#1565=EDGE_LOOP('',(#3131));
#1566=EDGE_LOOP('',(#3132,#3133,#3134,#3135,#3136));
#1567=EDGE_LOOP('',(#3137,#3138,#3139,#3140));
#1568=EDGE_LOOP('',(#3141,#3142,#3143,#3144,#3145));
#1569=EDGE_LOOP('',(#3146,#3147,#3148,#3149));
#1570=EDGE_LOOP('',(#3150,#3151,#3152,#3153,#3154));
#1571=EDGE_LOOP('',(#3155,#3156,#3157,#3158));
#1572=EDGE_LOOP('',(#3159,#3160,#3161,#3162,#3163));
#1573=EDGE_LOOP('',(#3164,#3165,#3166,#3167,#3168,#3169));
#1574=EDGE_LOOP('',(#3170));
#1575=EDGE_LOOP('',(#3171,#3172,#3173,#3174));
#1576=EDGE_LOOP('',(#3175,#3176,#3177,#3178));
#1577=EDGE_LOOP('',(#3179,#3180,#3181,#3182));
#1578=EDGE_LOOP('',(#3183,#3184,#3185,#3186));
#1579=EDGE_LOOP('',(#3187,#3188,#3189,#3190));
#1580=EDGE_LOOP('',(#3191,#3192,#3193,#3194));
#1581=EDGE_LOOP('',(#3195,#3196,#3197,#3198,#3199,#3200));
#1582=EDGE_LOOP('',(#3201));
#1583=EDGE_LOOP('',(#3202,#3203,#3204,#3205,#3206));
#1584=EDGE_LOOP('',(#3207,#3208,#3209,#3210,#3211));
#1585=EDGE_LOOP('',(#3212,#3213,#3214,#3215));
#1586=EDGE_LOOP('',(#3216,#3217,#3218,#3219));
#1587=EDGE_LOOP('',(#3220,#3221,#3222,#3223));
#1588=EDGE_LOOP('',(#3224,#3225,#3226,#3227));
#1589=EDGE_LOOP('',(#3228,#3229,#3230,#3231,#3232,#3233));
#1590=EDGE_LOOP('',(#3234));
#1591=EDGE_LOOP('',(#3235,#3236,#3237,#3238));
#1592=EDGE_LOOP('',(#3239,#3240,#3241,#3242));
#1593=EDGE_LOOP('',(#3243,#3244,#3245,#3246));
#1594=EDGE_LOOP('',(#3247,#3248,#3249,#3250));
#1595=EDGE_LOOP('',(#3251,#3252,#3253,#3254));
#1596=EDGE_LOOP('',(#3255,#3256,#3257,#3258));
#1597=EDGE_LOOP('',(#3259,#3260,#3261,#3262,#3263,#3264));
#1598=EDGE_LOOP('',(#3265));
#1599=EDGE_LOOP('',(#3266,#3267,#3268,#3269));
#1600=EDGE_LOOP('',(#3270,#3271,#3272,#3273));
#1601=EDGE_LOOP('',(#3274,#3275,#3276,#3277));
#1602=EDGE_LOOP('',(#3278,#3279,#3280,#3281));
#1603=EDGE_LOOP('',(#3282,#3283,#3284,#3285));
#1604=EDGE_LOOP('',(#3286,#3287,#3288,#3289));
#1605=EDGE_LOOP('',(#3290,#3291,#3292,#3293,#3294,#3295));
#1606=EDGE_LOOP('',(#3296));
#1607=EDGE_LOOP('',(#3297,#3298,#3299,#3300));
#1608=EDGE_LOOP('',(#3301,#3302,#3303,#3304,#3305));
#1609=EDGE_LOOP('',(#3306,#3307,#3308,#3309,#3310));
#1610=EDGE_LOOP('',(#3311,#3312,#3313,#3314,#3315));
#1611=EDGE_LOOP('',(#3316,#3317,#3318,#3319));
#1612=EDGE_LOOP('',(#3320,#3321,#3322,#3323,#3324));
#1613=EDGE_LOOP('',(#3325,#3326,#3327,#3328,#3329,#3330));
#1614=EDGE_LOOP('',(#3331));
#1615=EDGE_LOOP('',(#3332,#3333,#3334,#3335));
#1616=EDGE_LOOP('',(#3336,#3337,#3338,#3339));
#1617=EDGE_LOOP('',(#3340,#3341,#3342,#3343));
#1618=EDGE_LOOP('',(#3344,#3345,#3346,#3347));
#1619=EDGE_LOOP('',(#3348,#3349,#3350,#3351));
#1620=EDGE_LOOP('',(#3352,#3353,#3354,#3355));
#1621=EDGE_LOOP('',(#3356,#3357,#3358,#3359));
#1622=EDGE_LOOP('',(#3360,#3361,#3362,#3363,#3364,#3365));
#1623=EDGE_LOOP('',(#3366));
#1624=EDGE_LOOP('',(#3367,#3368,#3369,#3370));
#1625=EDGE_LOOP('',(#3371,#3372,#3373,#3374));
#1626=EDGE_LOOP('',(#3375,#3376,#3377,#3378));
#1627=EDGE_LOOP('',(#3379,#3380,#3381,#3382,#3383));
#1628=EDGE_LOOP('',(#3384,#3385,#3386,#3387));
#1629=EDGE_LOOP('',(#3388,#3389,#3390,#3391,#3392,#3393));
#1630=EDGE_LOOP('',(#3394));
#1631=EDGE_LOOP('',(#3395,#3396,#3397,#3398));
#1632=EDGE_LOOP('',(#3399,#3400,#3401,#3402));
#1633=EDGE_LOOP('',(#3403,#3404,#3405,#3406));
#1634=EDGE_LOOP('',(#3407,#3408,#3409,#3410));
#1635=EDGE_LOOP('',(#3411,#3412,#3413,#3414));
#1636=EDGE_LOOP('',(#3415,#3416,#3417,#3418));
#1637=EDGE_LOOP('',(#3419,#3420,#3421,#3422,#3423,#3424));
#1638=EDGE_LOOP('',(#3425));
#1639=EDGE_LOOP('',(#3426,#3427,#3428,#3429));
#1640=EDGE_LOOP('',(#3430,#3431,#3432,#3433));
#1641=EDGE_LOOP('',(#3434,#3435,#3436,#3437));
#1642=EDGE_LOOP('',(#3438,#3439,#3440,#3441));
#1643=EDGE_LOOP('',(#3442,#3443,#3444,#3445));
#1644=EDGE_LOOP('',(#3446,#3447,#3448,#3449));
#1645=EDGE_LOOP('',(#3450,#3451,#3452,#3453,#3454,#3455));
#1646=EDGE_LOOP('',(#3456));
#1647=EDGE_LOOP('',(#3457,#3458,#3459,#3460));
#1648=EDGE_LOOP('',(#3461,#3462,#3463,#3464));
#1649=EDGE_LOOP('',(#3465,#3466,#3467,#3468));
#1650=EDGE_LOOP('',(#3469,#3470,#3471,#3472));
#1651=EDGE_LOOP('',(#3473,#3474,#3475,#3476));
#1652=EDGE_LOOP('',(#3477,#3478,#3479,#3480));
#1653=EDGE_LOOP('',(#3481,#3482,#3483,#3484,#3485,#3486));
#1654=EDGE_LOOP('',(#3487));
#1655=EDGE_LOOP('',(#3488,#3489,#3490,#3491));
#1656=EDGE_LOOP('',(#3492,#3493,#3494,#3495));
#1657=EDGE_LOOP('',(#3496,#3497,#3498,#3499));
#1658=EDGE_LOOP('',(#3500,#3501,#3502,#3503));
#1659=EDGE_LOOP('',(#3504,#3505,#3506,#3507));
#1660=EDGE_LOOP('',(#3508,#3509,#3510,#3511));
#1661=EDGE_LOOP('',(#3512,#3513,#3514,#3515,#3516,#3517));
#1662=EDGE_LOOP('',(#3518));
#1663=EDGE_LOOP('',(#3519,#3520,#3521,#3522));
#1664=EDGE_LOOP('',(#3523,#3524,#3525,#3526));
#1665=EDGE_LOOP('',(#3527,#3528,#3529,#3530));
#1666=EDGE_LOOP('',(#3531,#3532,#3533,#3534));
#1667=EDGE_LOOP('',(#3535,#3536,#3537,#3538));
#1668=EDGE_LOOP('',(#3539,#3540,#3541,#3542));
#1669=EDGE_LOOP('',(#3543,#3544,#3545,#3546,#3547,#3548));
#1670=EDGE_LOOP('',(#3549));
#1671=EDGE_LOOP('',(#3550,#3551,#3552,#3553));
#1672=EDGE_LOOP('',(#3554,#3555,#3556,#3557));
#1673=EDGE_LOOP('',(#3558,#3559,#3560,#3561,#3562));
#1674=EDGE_LOOP('',(#3563,#3564,#3565,#3566));
#1675=EDGE_LOOP('',(#3567,#3568,#3569,#3570));
#1676=EDGE_LOOP('',(#3571,#3572,#3573,#3574,#3575,#3576));
#1677=EDGE_LOOP('',(#3577));
#1678=EDGE_LOOP('',(#3578,#3579,#3580,#3581));
#1679=EDGE_LOOP('',(#3582,#3583,#3584,#3585));
#1680=EDGE_LOOP('',(#3586,#3587,#3588,#3589));
#1681=EDGE_LOOP('',(#3590,#3591,#3592,#3593));
#1682=EDGE_LOOP('',(#3594,#3595,#3596,#3597));
#1683=EDGE_LOOP('',(#3598,#3599,#3600,#3601));
#1684=EDGE_LOOP('',(#3602,#3603,#3604,#3605,#3606,#3607));
#1685=EDGE_LOOP('',(#3608));
#1686=EDGE_LOOP('',(#3609,#3610,#3611,#3612));
#1687=EDGE_LOOP('',(#3613,#3614,#3615,#3616));
#1688=EDGE_LOOP('',(#3617,#3618,#3619,#3620));
#1689=EDGE_LOOP('',(#3621,#3622,#3623,#3624));
#1690=EDGE_LOOP('',(#3625,#3626,#3627,#3628));
#1691=EDGE_LOOP('',(#3629,#3630,#3631,#3632));
#1692=EDGE_LOOP('',(#3633,#3634,#3635,#3636,#3637,#3638));
#1693=EDGE_LOOP('',(#3639));
#1694=EDGE_LOOP('',(#3640,#3641,#3642,#3643));
#1695=EDGE_LOOP('',(#3644,#3645,#3646,#3647));
#1696=EDGE_LOOP('',(#3648,#3649,#3650,#3651));
#1697=EDGE_LOOP('',(#3652,#3653,#3654,#3655));
#1698=EDGE_LOOP('',(#3656,#3657,#3658,#3659));
#1699=EDGE_LOOP('',(#3660,#3661,#3662,#3663));
#1700=EDGE_LOOP('',(#3664,#3665,#3666,#3667,#3668,#3669));
#1701=EDGE_LOOP('',(#3670));
#1702=EDGE_LOOP('',(#3671,#3672,#3673,#3674));
#1703=EDGE_LOOP('',(#3675,#3676,#3677,#3678));
#1704=EDGE_LOOP('',(#3679,#3680,#3681,#3682));
#1705=EDGE_LOOP('',(#3683,#3684,#3685,#3686));
#1706=EDGE_LOOP('',(#3687,#3688,#3689,#3690));
#1707=EDGE_LOOP('',(#3691,#3692,#3693,#3694));
#1708=EDGE_LOOP('',(#3695,#3696,#3697,#3698,#3699,#3700));
#1709=EDGE_LOOP('',(#3701));
#1710=EDGE_LOOP('',(#3702,#3703,#3704,#3705,#3706,#3707,#3708,#3709,#3710,
#3711));
#1711=EDGE_LOOP('',(#3712,#3713,#3714,#3715));
#1712=EDGE_LOOP('',(#3716,#3717,#3718,#3719));
#1713=EDGE_LOOP('',(#3720,#3721,#3722,#3723));
#1714=EDGE_LOOP('',(#3724,#3725,#3726,#3727));
#1715=EDGE_LOOP('',(#3728,#3729,#3730,#3731));
#1716=EDGE_LOOP('',(#3732,#3733,#3734,#3735));
#1717=EDGE_LOOP('',(#3736,#3737,#3738,#3739));
#1718=EDGE_LOOP('',(#3740,#3741,#3742,#3743,#3744,#3745,#3746,#3747,#3748,
#3749));
#1719=EDGE_LOOP('',(#3750,#3751,#3752,#3753));
#1720=EDGE_LOOP('',(#3754,#3755,#3756,#3757));
#1721=EDGE_LOOP('',(#3758,#3759,#3760,#3761));
#1722=EDGE_LOOP('',(#3762,#3763,#3764,#3765));
#1723=EDGE_LOOP('',(#3766,#3767,#3768,#3769));
#1724=EDGE_LOOP('',(#3770,#3771,#3772,#3773));
#1725=EDGE_LOOP('',(#3774,#3775,#3776,#3777));
#1726=EDGE_LOOP('',(#3778,#3779,#3780,#3781));
#1727=EDGE_LOOP('',(#3782,#3783,#3784,#3785));
#1728=EDGE_LOOP('',(#3786,#3787,#3788,#3789));
#1729=EDGE_LOOP('',(#3790,#3791,#3792,#3793));
#1730=EDGE_LOOP('',(#3794,#3795,#3796,#3797));
#1731=EDGE_LOOP('',(#3798,#3799,#3800,#3801));
#1732=EDGE_LOOP('',(#3802,#3803,#3804,#3805));
#1733=EDGE_LOOP('',(#3806,#3807,#3808,#3809));
#1734=EDGE_LOOP('',(#3810,#3811,#3812,#3813));
#1735=EDGE_LOOP('',(#3814,#3815,#3816,#3817,#3818,#3819,#3820,#3821));
#1736=EDGE_LOOP('',(#3822,#3823,#3824,#3825,#3826,#3827,#3828,#3829));
#1737=EDGE_LOOP('',(#3830,#3831,#3832,#3833,#3834,#3835,#3836,#3837,#3838,
#3839,#3840,#3841,#3842,#3843,#3844,#3845,#3846,#3847,#3848,#3849,#3850,
#3851,#3852,#3853,#3854,#3855,#3856,#3857,#3858,#3859,#3860,#3861,#3862,
#3863,#3864,#3865,#3866,#3867,#3868,#3869,#3870,#3871,#3872,#3873,#3874,
#3875,#3876,#3877,#3878,#3879,#3880,#3881,#3882,#3883,#3884,#3885,#3886,
#3887,#3888,#3889));
#1738=EDGE_LOOP('',(#3890,#3891,#3892,#3893,#3894,#3895));
#1739=EDGE_LOOP('',(#3896,#3897,#3898,#3899,#3900,#3901));
#1740=EDGE_LOOP('',(#3902,#3903,#3904,#3905,#3906,#3907));
#1741=EDGE_LOOP('',(#3908,#3909,#3910,#3911,#3912,#3913));
#1742=EDGE_LOOP('',(#3914,#3915,#3916,#3917,#3918,#3919));
#1743=EDGE_LOOP('',(#3920,#3921,#3922,#3923,#3924,#3925));
#1744=EDGE_LOOP('',(#3926,#3927,#3928,#3929,#3930,#3931));
#1745=EDGE_LOOP('',(#3932,#3933,#3934,#3935,#3936,#3937));
#1746=EDGE_LOOP('',(#3938,#3939,#3940,#3941,#3942,#3943));
#1747=EDGE_LOOP('',(#3944,#3945,#3946,#3947,#3948,#3949));
#1748=EDGE_LOOP('',(#3950,#3951,#3952,#3953,#3954,#3955));
#1749=EDGE_LOOP('',(#3956,#3957,#3958,#3959,#3960,#3961));
#1750=EDGE_LOOP('',(#3962,#3963,#3964,#3965,#3966,#3967));
#1751=EDGE_LOOP('',(#3968,#3969,#3970,#3971));
#1752=EDGE_LOOP('',(#3972,#3973,#3974,#3975));
#1753=EDGE_LOOP('',(#3976,#3977,#3978,#3979,#3980,#3981));
#1754=EDGE_LOOP('',(#3982,#3983,#3984,#3985));
#1755=EDGE_LOOP('',(#3986,#3987,#3988,#3989));
#1756=EDGE_LOOP('',(#3990,#3991,#3992,#3993));
#1757=CIRCLE('',#4241,0.999999999999999);
#1758=CIRCLE('',#4242,1.00000000000001);
#1759=CIRCLE('',#4243,1.);
#1760=CIRCLE('',#4245,0.999999999999988);
#1761=CIRCLE('',#4246,0.999999999999994);
#1762=CIRCLE('',#4247,1.);
#1763=CIRCLE('',#4250,1.);
#1764=CIRCLE('',#4252,1.);
#1765=CIRCLE('',#4254,1.);
#1766=CIRCLE('',#4255,2.);
#1767=CIRCLE('',#4257,2.);
#1768=CIRCLE('',#4258,0.999999999999945);
#1769=CIRCLE('',#4259,1.);
#1770=CIRCLE('',#4262,1.);
#1771=CIRCLE('',#4267,0.999999999999996);
#1772=CIRCLE('',#4268,1.);
#1773=CIRCLE('',#4269,1.);
#1774=CIRCLE('',#4271,1.);
#1775=CIRCLE('',#4272,0.999999999999996);
#1776=CIRCLE('',#4273,1.);
#1777=CIRCLE('',#4276,0.999999999999996);
#1778=CIRCLE('',#4278,2.);
#1779=CIRCLE('',#4279,1.);
#1780=CIRCLE('',#4281,1.);
#1781=CIRCLE('',#4283,1.);
#1782=CIRCLE('',#4285,1.);
#1783=CIRCLE('',#4287,1.);
#1784=CIRCLE('',#4288,2.);
#1785=CIRCLE('',#4295,1.);
#1786=CIRCLE('',#4296,1.);
#1787=CIRCLE('',#4297,1.);
#1788=CIRCLE('',#4299,1.);
#1789=CIRCLE('',#4301,1.);
#1790=CIRCLE('',#4304,1.);
#1791=CIRCLE('',#4305,1.);
#1792=CIRCLE('',#4306,1.);
#1793=CIRCLE('',#4307,1.75);
#1794=CIRCLE('',#4308,1.75);
#1795=CIRCLE('',#4309,1.75);
#1796=CIRCLE('',#4310,1.75);
#1797=CIRCLE('',#4311,1.75);
#1798=CIRCLE('',#4312,1.75);
#1799=CIRCLE('',#4313,1.75);
#1800=CIRCLE('',#4314,1.75);
#1801=CIRCLE('',#4315,1.75);
#1802=CIRCLE('',#4316,1.75);
#1803=CIRCLE('',#4317,1.75);
#1804=CIRCLE('',#4318,1.75);
#1805=CIRCLE('',#4319,1.75);
#1806=CIRCLE('',#4320,1.75);
#1807=CIRCLE('',#4321,1.75);
#1808=CIRCLE('',#4322,1.75);
#1809=CIRCLE('',#4323,1.75);
#1810=CIRCLE('',#4324,1.75);
#1811=CIRCLE('',#4325,1.75);
#1812=CIRCLE('',#4327,0.999999999999996);
#1813=CIRCLE('',#4328,1.);
#1814=CIRCLE('',#4334,0.999999999999996);
#1815=CIRCLE('',#4335,1.);
#1816=CIRCLE('',#4336,1.);
#1817=CIRCLE('',#4340,1.);
#1818=CIRCLE('',#4342,1.);
#1819=CIRCLE('',#4343,1.);
#1820=CIRCLE('',#4383,1.75);
#1821=CIRCLE('',#4392,1.75);
#1822=CIRCLE('',#4400,1.75);
#1823=CIRCLE('',#4408,1.75);
#1824=CIRCLE('',#4416,1.75);
#1825=CIRCLE('',#4424,1.75);
#1826=CIRCLE('',#4432,1.75);
#1827=CIRCLE('',#4441,1.75);
#1828=CIRCLE('',#4448,1.75);
#1829=CIRCLE('',#4456,1.75);
#1830=CIRCLE('',#4464,1.75);
#1831=CIRCLE('',#4472,1.75);
#1832=CIRCLE('',#4480,1.75);
#1833=CIRCLE('',#4488,1.75);
#1834=CIRCLE('',#4495,1.75);
#1835=CIRCLE('',#4503,1.75);
#1836=CIRCLE('',#4511,1.75);
#1837=CIRCLE('',#4519,1.75);
#1838=CIRCLE('',#4527,1.75);
#1839=VERTEX_POINT('',#5665);
#1840=VERTEX_POINT('',#5666);
#1841=VERTEX_POINT('',#5668);
#1842=VERTEX_POINT('',#5672);
#1843=VERTEX_POINT('',#5673);
#1844=VERTEX_POINT('',#5675);
#1845=VERTEX_POINT('',#5682);
#1846=VERTEX_POINT('',#5683);
#1847=VERTEX_POINT('',#5688);
#1848=VERTEX_POINT('',#5689);
#1849=VERTEX_POINT('',#5694);
#1850=VERTEX_POINT('',#5695);
#1851=VERTEX_POINT('',#5707);
#1852=VERTEX_POINT('',#5714);
#1853=VERTEX_POINT('',#5715);
#1854=VERTEX_POINT('',#5720);
#1855=VERTEX_POINT('',#5722);
#1856=VERTEX_POINT('',#5724);
#1857=VERTEX_POINT('',#5740);
#1858=VERTEX_POINT('',#5741);
#1859=VERTEX_POINT('',#5748);
#1860=VERTEX_POINT('',#5750);
#1861=VERTEX_POINT('',#5754);
#1862=VERTEX_POINT('',#5756);
#1863=VERTEX_POINT('',#5767);
#1864=VERTEX_POINT('',#5774);
#1865=VERTEX_POINT('',#5775);
#1866=VERTEX_POINT('',#5777);
#1867=VERTEX_POINT('',#5781);
#1868=VERTEX_POINT('',#5782);
#1869=VERTEX_POINT('',#5784);
#1870=VERTEX_POINT('',#5791);
#1871=VERTEX_POINT('',#5792);
#1872=VERTEX_POINT('',#5797);
#1873=VERTEX_POINT('',#5798);
#1874=VERTEX_POINT('',#5804);
#1875=VERTEX_POINT('',#5817);
#1876=VERTEX_POINT('',#5818);
#1877=VERTEX_POINT('',#5823);
#1878=VERTEX_POINT('',#5824);
#1879=VERTEX_POINT('',#5829);
#1880=VERTEX_POINT('',#5830);
#1881=VERTEX_POINT('',#5835);
#1882=VERTEX_POINT('',#5836);
#1883=VERTEX_POINT('',#5848);
#1884=VERTEX_POINT('',#5855);
#1885=VERTEX_POINT('',#5857);
#1886=VERTEX_POINT('',#5868);
#1887=VERTEX_POINT('',#5870);
#1888=VERTEX_POINT('',#5888);
#1889=VERTEX_POINT('',#5889);
#1890=VERTEX_POINT('',#5891);
#1891=VERTEX_POINT('',#5895);
#1892=VERTEX_POINT('',#5896);
#1893=VERTEX_POINT('',#5902);
#1894=VERTEX_POINT('',#5904);
#1895=VERTEX_POINT('',#5908);
#1896=VERTEX_POINT('',#5912);
#1897=VERTEX_POINT('',#5914);
#1898=VERTEX_POINT('',#5916);
#1899=VERTEX_POINT('',#5918);
#1900=VERTEX_POINT('',#5920);
#1901=VERTEX_POINT('',#5922);
#1902=VERTEX_POINT('',#5924);
#1903=VERTEX_POINT('',#5926);
#1904=VERTEX_POINT('',#5928);
#1905=VERTEX_POINT('',#5930);
#1906=VERTEX_POINT('',#5932);
#1907=VERTEX_POINT('',#5934);
#1908=VERTEX_POINT('',#5936);
#1909=VERTEX_POINT('',#5939);
#1910=VERTEX_POINT('',#5941);
#1911=VERTEX_POINT('',#5943);
#1912=VERTEX_POINT('',#5945);
#1913=VERTEX_POINT('',#5947);
#1914=VERTEX_POINT('',#5949);
#1915=VERTEX_POINT('',#5951);
#1916=VERTEX_POINT('',#5953);
#1917=VERTEX_POINT('',#5955);
#1918=VERTEX_POINT('',#5957);
#1919=VERTEX_POINT('',#5959);
#1920=VERTEX_POINT('',#5961);
#1921=VERTEX_POINT('',#5963);
#1922=VERTEX_POINT('',#5965);
#1923=VERTEX_POINT('',#5967);
#1924=VERTEX_POINT('',#5969);
#1925=VERTEX_POINT('',#5971);
#1926=VERTEX_POINT('',#5973);
#1927=VERTEX_POINT('',#5975);
#1928=VERTEX_POINT('',#5978);
#1929=VERTEX_POINT('',#5984);
#1930=VERTEX_POINT('',#5986);
#1931=VERTEX_POINT('',#5992);
#1932=VERTEX_POINT('',#5993);
#1933=VERTEX_POINT('',#5995);
#1934=VERTEX_POINT('',#6002);
#1935=VERTEX_POINT('',#6006);
#1936=VERTEX_POINT('',#6011);
#1937=VERTEX_POINT('',#6017);
#1938=VERTEX_POINT('',#6021);
#1939=VERTEX_POINT('',#6025);
#1940=VERTEX_POINT('',#6026);
#1941=VERTEX_POINT('',#6028);
#1942=VERTEX_POINT('',#6030);
#1943=VERTEX_POINT('',#6034);
#1944=VERTEX_POINT('',#6035);
#1945=VERTEX_POINT('',#6037);
#1946=VERTEX_POINT('',#6039);
#1947=VERTEX_POINT('',#6042);
#1948=VERTEX_POINT('',#6049);
#1949=VERTEX_POINT('',#6050);
#1950=VERTEX_POINT('',#6052);
#1951=VERTEX_POINT('',#6054);
#1952=VERTEX_POINT('',#6057);
#1953=VERTEX_POINT('',#6061);
#1954=VERTEX_POINT('',#6063);
#1955=VERTEX_POINT('',#6067);
#1956=VERTEX_POINT('',#6068);
#1957=VERTEX_POINT('',#6072);
#1958=VERTEX_POINT('',#6076);
#1959=VERTEX_POINT('',#6077);
#1960=VERTEX_POINT('',#6080);
#1961=VERTEX_POINT('',#6082);
#1962=VERTEX_POINT('',#6084);
#1963=VERTEX_POINT('',#6099);
#1964=VERTEX_POINT('',#6101);
#1965=VERTEX_POINT('',#6103);
#1966=VERTEX_POINT('',#6107);
#1967=VERTEX_POINT('',#6109);
#1968=VERTEX_POINT('',#6111);
#1969=VERTEX_POINT('',#6115);
#1970=VERTEX_POINT('',#6117);
#1971=VERTEX_POINT('',#6121);
#1972=VERTEX_POINT('',#6123);
#1973=VERTEX_POINT('',#6125);
#1974=VERTEX_POINT('',#6129);
#1975=VERTEX_POINT('',#6130);
#1976=VERTEX_POINT('',#6132);
#1977=VERTEX_POINT('',#6134);
#1978=VERTEX_POINT('',#6138);
#1979=VERTEX_POINT('',#6140);
#1980=VERTEX_POINT('',#6150);
#1981=VERTEX_POINT('',#6153);
#1982=VERTEX_POINT('',#6154);
#1983=VERTEX_POINT('',#6159);
#1984=VERTEX_POINT('',#6161);
#1985=VERTEX_POINT('',#6163);
#1986=VERTEX_POINT('',#6167);
#1987=VERTEX_POINT('',#6172);
#1988=VERTEX_POINT('',#6176);
#1989=VERTEX_POINT('',#6181);
#1990=VERTEX_POINT('',#6183);
#1991=VERTEX_POINT('',#6189);
#1992=VERTEX_POINT('',#6194);
#1993=VERTEX_POINT('',#6196);
#1994=VERTEX_POINT('',#6200);
#1995=VERTEX_POINT('',#6202);
#1996=VERTEX_POINT('',#6206);
#1997=VERTEX_POINT('',#6214);
#1998=VERTEX_POINT('',#6217);
#1999=VERTEX_POINT('',#6218);
#2000=VERTEX_POINT('',#6220);
#2001=VERTEX_POINT('',#6222);
#2002=VERTEX_POINT('',#6226);
#2003=VERTEX_POINT('',#6228);
#2004=VERTEX_POINT('',#6232);
#2005=VERTEX_POINT('',#6234);
#2006=VERTEX_POINT('',#6238);
#2007=VERTEX_POINT('',#6240);
#2008=VERTEX_POINT('',#6244);
#2009=VERTEX_POINT('',#6246);
#2010=VERTEX_POINT('',#6253);
#2011=VERTEX_POINT('',#6256);
#2012=VERTEX_POINT('',#6258);
#2013=VERTEX_POINT('',#6260);
#2014=VERTEX_POINT('',#6264);
#2015=VERTEX_POINT('',#6266);
#2016=VERTEX_POINT('',#6270);
#2017=VERTEX_POINT('',#6272);
#2018=VERTEX_POINT('',#6276);
#2019=VERTEX_POINT('',#6278);
#2020=VERTEX_POINT('',#6282);
#2021=VERTEX_POINT('',#6284);
#2022=VERTEX_POINT('',#6291);
#2023=VERTEX_POINT('',#6294);
#2024=VERTEX_POINT('',#6295);
#2025=VERTEX_POINT('',#6297);
#2026=VERTEX_POINT('',#6299);
#2027=VERTEX_POINT('',#6303);
#2028=VERTEX_POINT('',#6305);
#2029=VERTEX_POINT('',#6309);
#2030=VERTEX_POINT('',#6311);
#2031=VERTEX_POINT('',#6315);
#2032=VERTEX_POINT('',#6317);
#2033=VERTEX_POINT('',#6321);
#2034=VERTEX_POINT('',#6323);
#2035=VERTEX_POINT('',#6330);
#2036=VERTEX_POINT('',#6333);
#2037=VERTEX_POINT('',#6334);
#2038=VERTEX_POINT('',#6336);
#2039=VERTEX_POINT('',#6338);
#2040=VERTEX_POINT('',#6342);
#2041=VERTEX_POINT('',#6344);
#2042=VERTEX_POINT('',#6348);
#2043=VERTEX_POINT('',#6350);
#2044=VERTEX_POINT('',#6354);
#2045=VERTEX_POINT('',#6356);
#2046=VERTEX_POINT('',#6360);
#2047=VERTEX_POINT('',#6362);
#2048=VERTEX_POINT('',#6369);
#2049=VERTEX_POINT('',#6372);
#2050=VERTEX_POINT('',#6373);
#2051=VERTEX_POINT('',#6375);
#2052=VERTEX_POINT('',#6377);
#2053=VERTEX_POINT('',#6381);
#2054=VERTEX_POINT('',#6383);
#2055=VERTEX_POINT('',#6385);
#2056=VERTEX_POINT('',#6392);
#2057=VERTEX_POINT('',#6394);
#2058=VERTEX_POINT('',#6399);
#2059=VERTEX_POINT('',#6403);
#2060=VERTEX_POINT('',#6408);
#2061=VERTEX_POINT('',#6410);
#2062=VERTEX_POINT('',#6414);
#2063=VERTEX_POINT('',#6416);
#2064=VERTEX_POINT('',#6420);
#2065=VERTEX_POINT('',#6428);
#2066=VERTEX_POINT('',#6436);
#2067=VERTEX_POINT('',#6437);
#2068=VERTEX_POINT('',#6439);
#2069=VERTEX_POINT('',#6441);
#2070=VERTEX_POINT('',#6445);
#2071=VERTEX_POINT('',#6447);
#2072=VERTEX_POINT('',#6451);
#2073=VERTEX_POINT('',#6453);
#2074=VERTEX_POINT('',#6457);
#2075=VERTEX_POINT('',#6459);
#2076=VERTEX_POINT('',#6463);
#2077=VERTEX_POINT('',#6465);
#2078=VERTEX_POINT('',#6472);
#2079=VERTEX_POINT('',#6475);
#2080=VERTEX_POINT('',#6477);
#2081=VERTEX_POINT('',#6481);
#2082=VERTEX_POINT('',#6483);
#2083=VERTEX_POINT('',#6487);
#2084=VERTEX_POINT('',#6489);
#2085=VERTEX_POINT('',#6493);
#2086=VERTEX_POINT('',#6495);
#2087=VERTEX_POINT('',#6502);
#2088=VERTEX_POINT('',#6505);
#2089=VERTEX_POINT('',#6506);
#2090=VERTEX_POINT('',#6508);
#2091=VERTEX_POINT('',#6510);
#2092=VERTEX_POINT('',#6514);
#2093=VERTEX_POINT('',#6516);
#2094=VERTEX_POINT('',#6520);
#2095=VERTEX_POINT('',#6522);
#2096=VERTEX_POINT('',#6526);
#2097=VERTEX_POINT('',#6528);
#2098=VERTEX_POINT('',#6532);
#2099=VERTEX_POINT('',#6534);
#2100=VERTEX_POINT('',#6541);
#2101=VERTEX_POINT('',#6544);
#2102=VERTEX_POINT('',#6545);
#2103=VERTEX_POINT('',#6547);
#2104=VERTEX_POINT('',#6549);
#2105=VERTEX_POINT('',#6553);
#2106=VERTEX_POINT('',#6555);
#2107=VERTEX_POINT('',#6559);
#2108=VERTEX_POINT('',#6561);
#2109=VERTEX_POINT('',#6565);
#2110=VERTEX_POINT('',#6567);
#2111=VERTEX_POINT('',#6571);
#2112=VERTEX_POINT('',#6573);
#2113=VERTEX_POINT('',#6580);
#2114=VERTEX_POINT('',#6583);
#2115=VERTEX_POINT('',#6584);
#2116=VERTEX_POINT('',#6586);
#2117=VERTEX_POINT('',#6588);
#2118=VERTEX_POINT('',#6592);
#2119=VERTEX_POINT('',#6594);
#2120=VERTEX_POINT('',#6598);
#2121=VERTEX_POINT('',#6600);
#2122=VERTEX_POINT('',#6604);
#2123=VERTEX_POINT('',#6606);
#2124=VERTEX_POINT('',#6610);
#2125=VERTEX_POINT('',#6612);
#2126=VERTEX_POINT('',#6619);
#2127=VERTEX_POINT('',#6622);
#2128=VERTEX_POINT('',#6623);
#2129=VERTEX_POINT('',#6625);
#2130=VERTEX_POINT('',#6627);
#2131=VERTEX_POINT('',#6631);
#2132=VERTEX_POINT('',#6633);
#2133=VERTEX_POINT('',#6637);
#2134=VERTEX_POINT('',#6639);
#2135=VERTEX_POINT('',#6643);
#2136=VERTEX_POINT('',#6645);
#2137=VERTEX_POINT('',#6649);
#2138=VERTEX_POINT('',#6651);
#2139=VERTEX_POINT('',#6658);
#2140=VERTEX_POINT('',#6661);
#2141=VERTEX_POINT('',#6662);
#2142=VERTEX_POINT('',#6664);
#2143=VERTEX_POINT('',#6666);
#2144=VERTEX_POINT('',#6670);
#2145=VERTEX_POINT('',#6672);
#2146=VERTEX_POINT('',#6676);
#2147=VERTEX_POINT('',#6678);
#2148=VERTEX_POINT('',#6682);
#2149=VERTEX_POINT('',#6684);
#2150=VERTEX_POINT('',#6688);
#2151=VERTEX_POINT('',#6690);
#2152=VERTEX_POINT('',#6697);
#2153=VERTEX_POINT('',#6700);
#2154=VERTEX_POINT('',#6701);
#2155=VERTEX_POINT('',#6703);
#2156=VERTEX_POINT('',#6705);
#2157=VERTEX_POINT('',#6712);
#2158=VERTEX_POINT('',#6714);
#2159=VERTEX_POINT('',#6718);
#2160=VERTEX_POINT('',#6720);
#2161=VERTEX_POINT('',#6727);
#2162=VERTEX_POINT('',#6730);
#2163=VERTEX_POINT('',#6731);
#2164=VERTEX_POINT('',#6733);
#2165=VERTEX_POINT('',#6735);
#2166=VERTEX_POINT('',#6739);
#2167=VERTEX_POINT('',#6741);
#2168=VERTEX_POINT('',#6745);
#2169=VERTEX_POINT('',#6747);
#2170=VERTEX_POINT('',#6751);
#2171=VERTEX_POINT('',#6753);
#2172=VERTEX_POINT('',#6757);
#2173=VERTEX_POINT('',#6759);
#2174=VERTEX_POINT('',#6766);
#2175=VERTEX_POINT('',#6769);
#2176=VERTEX_POINT('',#6770);
#2177=VERTEX_POINT('',#6772);
#2178=VERTEX_POINT('',#6774);
#2179=VERTEX_POINT('',#6778);
#2180=VERTEX_POINT('',#6780);
#2181=VERTEX_POINT('',#6784);
#2182=VERTEX_POINT('',#6786);
#2183=VERTEX_POINT('',#6790);
#2184=VERTEX_POINT('',#6792);
#2185=VERTEX_POINT('',#6796);
#2186=VERTEX_POINT('',#6798);
#2187=VERTEX_POINT('',#6805);
#2188=VERTEX_POINT('',#6808);
#2189=VERTEX_POINT('',#6809);
#2190=VERTEX_POINT('',#6811);
#2191=VERTEX_POINT('',#6813);
#2192=VERTEX_POINT('',#6817);
#2193=VERTEX_POINT('',#6819);
#2194=VERTEX_POINT('',#6823);
#2195=VERTEX_POINT('',#6825);
#2196=VERTEX_POINT('',#6829);
#2197=VERTEX_POINT('',#6831);
#2198=VERTEX_POINT('',#6835);
#2199=VERTEX_POINT('',#6837);
#2200=VERTEX_POINT('',#6844);
#2201=VERTEX_POINT('',#6847);
#2202=VERTEX_POINT('',#6848);
#2203=VERTEX_POINT('',#6850);
#2204=VERTEX_POINT('',#6852);
#2205=VERTEX_POINT('',#6856);
#2206=VERTEX_POINT('',#6858);
#2207=VERTEX_POINT('',#6862);
#2208=VERTEX_POINT('',#6864);
#2209=VERTEX_POINT('',#6868);
#2210=VERTEX_POINT('',#6870);
#2211=VERTEX_POINT('',#6874);
#2212=VERTEX_POINT('',#6876);
#2213=VERTEX_POINT('',#6883);
#2214=VERTEX_POINT('',#6905);
#2215=VERTEX_POINT('',#6907);
#2216=VERTEX_POINT('',#6954);
#2217=VERTEX_POINT('',#6956);
#2218=VERTEX_POINT('',#7000);
#2219=VERTEX_POINT('',#7002);
#2220=VERTEX_POINT('',#7013);
#2221=EDGE_CURVE('',#1839,#1840,#1757,.F.);
#2222=EDGE_CURVE('',#1841,#1839,#1758,.F.);
#2223=EDGE_CURVE('',#1840,#1841,#1759,.F.);
#2224=EDGE_CURVE('',#1842,#1843,#1760,.F.);
#2225=EDGE_CURVE('',#1844,#1842,#1761,.F.);
#2226=EDGE_CURVE('',#1843,#1844,#1762,.F.);
#2227=EDGE_CURVE('',#1842,#1841,#277,.T.);
#2228=EDGE_CURVE('',#1839,#1844,#278,.T.);
#2229=EDGE_CURVE('',#1845,#1846,#1763,.T.);
#2230=EDGE_CURVE('',#1846,#1843,#279,.T.);
#2231=EDGE_CURVE('',#1844,#1845,#280,.T.);
#2232=EDGE_CURVE('',#1847,#1848,#1764,.T.);
#2233=EDGE_CURVE('',#1848,#1842,#281,.T.);
#2234=EDGE_CURVE('',#1843,#1847,#282,.T.);
#2235=EDGE_CURVE('',#1849,#1850,#247,.T.);
#2236=EDGE_CURVE('',#1849,#1848,#1765,.T.);
#2237=EDGE_CURVE('',#1847,#1851,#1766,.T.);
#2238=EDGE_CURVE('',#1850,#1851,#248,.T.);
#2239=EDGE_CURVE('',#1852,#1853,#249,.F.);
#2240=EDGE_CURVE('',#1853,#1854,#1767,.T.);
#2241=EDGE_CURVE('',#1854,#1855,#1768,.T.);
#2242=EDGE_CURVE('',#1855,#1856,#1769,.T.);
#2243=EDGE_CURVE('',#1856,#1852,#250,.F.);
#2244=EDGE_CURVE('',#1841,#1855,#283,.T.);
#2245=EDGE_CURVE('',#1854,#1840,#284,.T.);
#2246=EDGE_CURVE('',#1857,#1858,#1770,.T.);
#2247=EDGE_CURVE('',#1858,#1839,#285,.T.);
#2248=EDGE_CURVE('',#1840,#1857,#286,.T.);
#2249=EDGE_CURVE('',#1858,#1845,#287,.T.);
#2250=EDGE_CURVE('',#1857,#1859,#288,.T.);
#2251=EDGE_CURVE('',#1859,#1860,#289,.T.);
#2252=EDGE_CURVE('',#1846,#1860,#290,.T.);
#2253=EDGE_CURVE('',#1853,#1861,#291,.T.);
#2254=EDGE_CURVE('',#1862,#1861,#251,.T.);
#2255=EDGE_CURVE('',#1863,#1862,#292,.T.);
#2256=EDGE_CURVE('',#1859,#1863,#252,.T.);
#2257=EDGE_CURVE('',#1864,#1865,#1771,.F.);
#2258=EDGE_CURVE('',#1866,#1864,#1772,.F.);
#2259=EDGE_CURVE('',#1865,#1866,#1773,.F.);
#2260=EDGE_CURVE('',#1867,#1868,#1774,.F.);
#2261=EDGE_CURVE('',#1869,#1867,#1775,.F.);
#2262=EDGE_CURVE('',#1868,#1869,#1776,.F.);
#2263=EDGE_CURVE('',#1867,#1866,#293,.T.);
#2264=EDGE_CURVE('',#1864,#1869,#294,.T.);
#2265=EDGE_CURVE('',#1870,#1871,#1777,.T.);
#2266=EDGE_CURVE('',#1871,#1868,#295,.T.);
#2267=EDGE_CURVE('',#1869,#1870,#296,.T.);
#2268=EDGE_CURVE('',#1872,#1873,#253,.F.);
#2269=EDGE_CURVE('',#1873,#1871,#1778,.T.);
#2270=EDGE_CURVE('',#1870,#1874,#1779,.T.);
#2271=EDGE_CURVE('',#1874,#1872,#254,.F.);
#2272=EDGE_CURVE('',#1875,#1876,#1780,.T.);
#2273=EDGE_CURVE('',#1876,#1867,#297,.T.);
#2274=EDGE_CURVE('',#1868,#1875,#298,.T.);
#2275=EDGE_CURVE('',#1877,#1878,#1781,.T.);
#2276=EDGE_CURVE('',#1878,#1865,#299,.T.);
#2277=EDGE_CURVE('',#1866,#1877,#300,.T.);
#2278=EDGE_CURVE('',#1879,#1880,#1782,.T.);
#2279=EDGE_CURVE('',#1880,#1864,#301,.T.);
#2280=EDGE_CURVE('',#1865,#1879,#302,.T.);
#2281=EDGE_CURVE('',#1881,#1882,#255,.T.);
#2282=EDGE_CURVE('',#1881,#1880,#1783,.T.);
#2283=EDGE_CURVE('',#1879,#1883,#1784,.T.);
#2284=EDGE_CURVE('',#1882,#1883,#256,.T.);
#2285=EDGE_CURVE('',#1873,#1884,#303,.T.);
#2286=EDGE_CURVE('',#1884,#1885,#257,.T.);
#2287=EDGE_CURVE('',#1885,#1886,#304,.T.);
#2288=EDGE_CURVE('',#1886,#1887,#258,.T.);
#2289=EDGE_CURVE('',#1887,#1875,#305,.T.);
#2290=EDGE_CURVE('',#1870,#1880,#306,.T.);
#2291=EDGE_CURVE('',#1881,#1874,#307,.T.);
#2292=EDGE_CURVE('',#1849,#1856,#308,.T.);
#2293=EDGE_CURVE('',#1855,#1848,#309,.T.);
#2294=EDGE_CURVE('',#1888,#1889,#1785,.T.);
#2295=EDGE_CURVE('',#1889,#1890,#1786,.T.);
#2296=EDGE_CURVE('',#1890,#1888,#1787,.T.);
#2297=EDGE_CURVE('',#1891,#1892,#1788,.T.);
#2298=EDGE_CURVE('',#1892,#1889,#310,.T.);
#2299=EDGE_CURVE('',#1888,#1891,#311,.T.);
#2300=EDGE_CURVE('',#1850,#1890,#312,.T.);
#2301=EDGE_CURVE('',#1889,#1893,#313,.T.);
#2302=EDGE_CURVE('',#1894,#1893,#1789,.T.);
#2303=EDGE_CURVE('',#1894,#1852,#314,.T.);
#2304=EDGE_CURVE('',#1895,#1892,#315,.T.);
#2305=EDGE_CURVE('',#1893,#1895,#316,.T.);
#2306=EDGE_CURVE('',#1891,#1896,#317,.T.);
#2307=EDGE_CURVE('',#1896,#1897,#318,.T.);
#2308=EDGE_CURVE('',#1898,#1897,#319,.T.);
#2309=EDGE_CURVE('',#1898,#1899,#320,.T.);
#2310=EDGE_CURVE('',#1899,#1900,#321,.T.);
#2311=EDGE_CURVE('',#1901,#1900,#1790,.T.);
#2312=EDGE_CURVE('',#1901,#1902,#322,.T.);
#2313=EDGE_CURVE('',#1903,#1902,#1791,.T.);
#2314=EDGE_CURVE('',#1903,#1904,#323,.T.);
#2315=EDGE_CURVE('',#1904,#1905,#324,.T.);
#2316=EDGE_CURVE('',#1905,#1906,#325,.T.);
#2317=EDGE_CURVE('',#1906,#1907,#326,.T.);
#2318=EDGE_CURVE('',#1907,#1908,#327,.T.);
#2319=EDGE_CURVE('',#1895,#1908,#1792,.T.);
#2320=EDGE_CURVE('',#1909,#1909,#1793,.T.);
#2321=EDGE_CURVE('',#1910,#1910,#1794,.T.);
#2322=EDGE_CURVE('',#1911,#1911,#1795,.T.);
#2323=EDGE_CURVE('',#1912,#1912,#1796,.T.);
#2324=EDGE_CURVE('',#1913,#1913,#1797,.T.);
#2325=EDGE_CURVE('',#1914,#1914,#1798,.T.);
#2326=EDGE_CURVE('',#1915,#1915,#1799,.T.);
#2327=EDGE_CURVE('',#1916,#1916,#1800,.T.);
#2328=EDGE_CURVE('',#1917,#1917,#1801,.T.);
#2329=EDGE_CURVE('',#1918,#1918,#1802,.T.);
#2330=EDGE_CURVE('',#1919,#1919,#1803,.T.);
#2331=EDGE_CURVE('',#1920,#1920,#1804,.T.);
#2332=EDGE_CURVE('',#1921,#1921,#1805,.T.);
#2333=EDGE_CURVE('',#1922,#1922,#1806,.T.);
#2334=EDGE_CURVE('',#1923,#1923,#1807,.T.);
#2335=EDGE_CURVE('',#1924,#1924,#1808,.T.);
#2336=EDGE_CURVE('',#1925,#1925,#1809,.T.);
#2337=EDGE_CURVE('',#1926,#1926,#1810,.T.);
#2338=EDGE_CURVE('',#1927,#1927,#1811,.T.);
#2339=EDGE_CURVE('',#1893,#1928,#1812,.T.);
#2340=EDGE_CURVE('',#1928,#1894,#1813,.T.);
#2341=EDGE_CURVE('',#1908,#1928,#328,.T.);
#2342=EDGE_CURVE('',#1928,#1929,#329,.T.);
#2343=EDGE_CURVE('',#1930,#1929,#19,.T.);
#2344=EDGE_CURVE('',#1930,#1894,#330,.T.);
#2345=EDGE_CURVE('',#1929,#1907,#331,.T.);
#2346=EDGE_CURVE('',#1931,#1932,#1814,.T.);
#2347=EDGE_CURVE('',#1932,#1933,#1815,.T.);
#2348=EDGE_CURVE('',#1933,#1931,#1816,.T.);
#2349=EDGE_CURVE('',#1900,#1932,#332,.T.);
#2350=EDGE_CURVE('',#1931,#1901,#333,.T.);
#2351=EDGE_CURVE('',#1934,#1931,#334,.T.);
#2352=EDGE_CURVE('',#1902,#1934,#335,.T.);
#2353=EDGE_CURVE('',#1882,#1935,#336,.T.);
#2354=EDGE_CURVE('',#1934,#1935,#1817,.T.);
#2355=EDGE_CURVE('',#1933,#1872,#337,.T.);
#2356=EDGE_CURVE('',#1936,#1934,#1818,.T.);
#2357=EDGE_CURVE('',#1935,#1936,#1819,.T.);
#2358=EDGE_CURVE('',#1936,#1903,#338,.T.);
#2359=EDGE_CURVE('',#1937,#1936,#339,.T.);
#2360=EDGE_CURVE('',#1937,#1904,#340,.T.);
#2361=EDGE_CURVE('',#1935,#1938,#341,.T.);
#2362=EDGE_CURVE('',#1938,#1937,#20,.T.);
#2363=EDGE_CURVE('',#1939,#1940,#342,.T.);
#2364=EDGE_CURVE('',#1940,#1941,#21,.T.);
#2365=EDGE_CURVE('',#1941,#1942,#343,.T.);
#2366=EDGE_CURVE('',#1942,#1939,#22,.T.);
#2367=EDGE_CURVE('',#1943,#1944,#23,.T.);
#2368=EDGE_CURVE('',#1944,#1945,#344,.T.);
#2369=EDGE_CURVE('',#1945,#1946,#24,.T.);
#2370=EDGE_CURVE('',#1946,#1941,#345,.T.);
#2371=EDGE_CURVE('',#1940,#1947,#346,.T.);
#2372=EDGE_CURVE('',#1947,#1943,#25,.T.);
#2373=EDGE_CURVE('',#1932,#1946,#347,.T.);
#2374=EDGE_CURVE('',#1945,#1933,#348,.T.);
#2375=EDGE_CURVE('',#1948,#1949,#26,.T.);
#2376=EDGE_CURVE('',#1949,#1950,#349,.T.);
#2377=EDGE_CURVE('',#1950,#1951,#27,.T.);
#2378=EDGE_CURVE('',#1951,#1937,#350,.T.);
#2379=EDGE_CURVE('',#1938,#1952,#351,.T.);
#2380=EDGE_CURVE('',#1952,#1948,#28,.T.);
#2381=EDGE_CURVE('',#1953,#1951,#352,.T.);
#2382=EDGE_CURVE('',#1950,#1954,#353,.T.);
#2383=EDGE_CURVE('',#1954,#1953,#29,.T.);
#2384=EDGE_CURVE('',#1955,#1956,#30,.T.);
#2385=EDGE_CURVE('',#1956,#1930,#354,.T.);
#2386=EDGE_CURVE('',#1929,#1953,#355,.T.);
#2387=EDGE_CURVE('',#1954,#1957,#356,.T.);
#2388=EDGE_CURVE('',#1957,#1955,#31,.T.);
#2389=EDGE_CURVE('',#1958,#1959,#32,.T.);
#2390=EDGE_CURVE('',#1959,#1939,#357,.T.);
#2391=EDGE_CURVE('',#1942,#1960,#358,.T.);
#2392=EDGE_CURVE('',#1961,#1960,#33,.T.);
#2393=EDGE_CURVE('',#1961,#1962,#359,.T.);
#2394=EDGE_CURVE('',#1962,#1958,#34,.T.);
#2395=EDGE_CURVE('',#1890,#1961,#360,.T.);
#2396=EDGE_CURVE('',#1960,#1888,#361,.T.);
#2397=EDGE_CURVE('',#1953,#1906,#362,.T.);
#2398=EDGE_CURVE('',#1960,#1896,#363,.T.);
#2399=EDGE_CURVE('',#1897,#1942,#364,.T.);
#2400=EDGE_CURVE('',#1941,#1898,#365,.T.);
#2401=EDGE_CURVE('',#1963,#1952,#366,.T.);
#2402=EDGE_CURVE('',#1963,#1964,#367,.T.);
#2403=EDGE_CURVE('',#1964,#1965,#368,.T.);
#2404=EDGE_CURVE('',#1948,#1965,#369,.T.);
#2405=EDGE_CURVE('',#1943,#1966,#370,.T.);
#2406=EDGE_CURVE('',#1966,#1967,#371,.T.);
#2407=EDGE_CURVE('',#1968,#1967,#372,.T.);
#2408=EDGE_CURVE('',#1944,#1968,#373,.T.);
#2409=EDGE_CURVE('',#1969,#1947,#374,.T.);
#2410=EDGE_CURVE('',#1969,#1970,#375,.T.);
#2411=EDGE_CURVE('',#1970,#1966,#376,.T.);
#2412=EDGE_CURVE('',#1958,#1971,#377,.T.);
#2413=EDGE_CURVE('',#1971,#1972,#378,.T.);
#2414=EDGE_CURVE('',#1973,#1972,#379,.T.);
#2415=EDGE_CURVE('',#1959,#1973,#380,.T.);
#2416=EDGE_CURVE('',#1974,#1975,#381,.T.);
#2417=EDGE_CURVE('',#1974,#1976,#382,.T.);
#2418=EDGE_CURVE('',#1976,#1977,#383,.T.);
#2419=EDGE_CURVE('',#1975,#1977,#384,.T.);
#2420=EDGE_CURVE('',#1975,#1978,#385,.T.);
#2421=EDGE_CURVE('',#1977,#1979,#386,.T.);
#2422=EDGE_CURVE('',#1978,#1979,#387,.T.);
#2423=EDGE_CURVE('',#1978,#1969,#388,.T.);
#2424=EDGE_CURVE('',#1979,#1970,#389,.T.);
#2425=EDGE_CURVE('',#1968,#1974,#390,.T.);
#2426=EDGE_CURVE('',#1967,#1976,#391,.T.);
#2427=EDGE_CURVE('',#1980,#1980,#1820,.T.);
#2428=EDGE_CURVE('',#1981,#1982,#259,.T.);
#2429=EDGE_CURVE('',#1981,#1983,#392,.T.);
#2430=EDGE_CURVE('',#1983,#1984,#393,.T.);
#2431=EDGE_CURVE('',#1985,#1984,#394,.T.);
#2432=EDGE_CURVE('',#1982,#1985,#395,.T.);
#2433=EDGE_CURVE('',#1982,#1986,#260,.T.);
#2434=EDGE_CURVE('',#1985,#1987,#396,.T.);
#2435=EDGE_CURVE('',#1987,#1986,#397,.T.);
#2436=EDGE_CURVE('',#1986,#1988,#261,.T.);
#2437=EDGE_CURVE('',#1987,#1989,#398,.T.);
#2438=EDGE_CURVE('',#1989,#1990,#399,.T.);
#2439=EDGE_CURVE('',#1988,#1990,#400,.T.);
#2440=EDGE_CURVE('',#1984,#1989,#401,.T.);
#2441=EDGE_CURVE('',#1991,#1981,#262,.T.);
#2442=EDGE_CURVE('',#1992,#1991,#402,.T.);
#2443=EDGE_CURVE('',#1992,#1993,#403,.T.);
#2444=EDGE_CURVE('',#1993,#1983,#404,.T.);
#2445=EDGE_CURVE('',#1994,#1992,#405,.T.);
#2446=EDGE_CURVE('',#1994,#1995,#406,.T.);
#2447=EDGE_CURVE('',#1995,#1993,#407,.T.);
#2448=EDGE_CURVE('',#1996,#1994,#408,.T.);
#2449=EDGE_CURVE('',#1988,#1996,#263,.T.);
#2450=EDGE_CURVE('',#1990,#1995,#409,.T.);
#2451=EDGE_CURVE('',#1997,#1997,#1821,.T.);
#2452=EDGE_CURVE('',#1998,#1999,#410,.T.);
#2453=EDGE_CURVE('',#1998,#2000,#411,.T.);
#2454=EDGE_CURVE('',#2000,#2001,#412,.T.);
#2455=EDGE_CURVE('',#1999,#2001,#413,.T.);
#2456=EDGE_CURVE('',#1999,#2002,#414,.T.);
#2457=EDGE_CURVE('',#2001,#2003,#415,.T.);
#2458=EDGE_CURVE('',#2002,#2003,#416,.T.);
#2459=EDGE_CURVE('',#2002,#2004,#417,.T.);
#2460=EDGE_CURVE('',#2003,#2005,#418,.T.);
#2461=EDGE_CURVE('',#2004,#2005,#419,.T.);
#2462=EDGE_CURVE('',#2004,#2006,#420,.T.);
#2463=EDGE_CURVE('',#2005,#2007,#421,.T.);
#2464=EDGE_CURVE('',#2006,#2007,#422,.T.);
#2465=EDGE_CURVE('',#2008,#1998,#423,.T.);
#2466=EDGE_CURVE('',#2008,#2009,#424,.T.);
#2467=EDGE_CURVE('',#2009,#2000,#425,.T.);
#2468=EDGE_CURVE('',#2006,#2008,#426,.T.);
#2469=EDGE_CURVE('',#2007,#2009,#427,.T.);
#2470=EDGE_CURVE('',#2010,#2010,#1822,.T.);
#2471=EDGE_CURVE('',#2011,#1957,#428,.T.);
#2472=EDGE_CURVE('',#2011,#2012,#429,.T.);
#2473=EDGE_CURVE('',#2012,#2013,#430,.T.);
#2474=EDGE_CURVE('',#1955,#2013,#431,.T.);
#2475=EDGE_CURVE('',#2013,#2014,#432,.T.);
#2476=EDGE_CURVE('',#2015,#2014,#433,.T.);
#2477=EDGE_CURVE('',#1956,#2015,#434,.T.);
#2478=EDGE_CURVE('',#2015,#2016,#435,.T.);
#2479=EDGE_CURVE('',#2014,#2017,#436,.T.);
#2480=EDGE_CURVE('',#2016,#2017,#437,.T.);
#2481=EDGE_CURVE('',#2016,#2018,#438,.T.);
#2482=EDGE_CURVE('',#2017,#2019,#439,.T.);
#2483=EDGE_CURVE('',#2018,#2019,#440,.T.);
#2484=EDGE_CURVE('',#2020,#2011,#441,.T.);
#2485=EDGE_CURVE('',#2020,#2021,#442,.T.);
#2486=EDGE_CURVE('',#2021,#2012,#443,.T.);
#2487=EDGE_CURVE('',#2018,#2020,#444,.T.);
#2488=EDGE_CURVE('',#2019,#2021,#445,.T.);
#2489=EDGE_CURVE('',#2022,#2022,#1823,.T.);
#2490=EDGE_CURVE('',#2023,#2024,#446,.T.);
#2491=EDGE_CURVE('',#2023,#2025,#447,.T.);
#2492=EDGE_CURVE('',#2025,#2026,#448,.T.);
#2493=EDGE_CURVE('',#2024,#2026,#449,.T.);
#2494=EDGE_CURVE('',#2024,#2027,#450,.T.);
#2495=EDGE_CURVE('',#2026,#2028,#451,.T.);
#2496=EDGE_CURVE('',#2027,#2028,#452,.T.);
#2497=EDGE_CURVE('',#2027,#2029,#453,.T.);
#2498=EDGE_CURVE('',#2028,#2030,#454,.T.);
#2499=EDGE_CURVE('',#2029,#2030,#455,.T.);
#2500=EDGE_CURVE('',#2029,#2031,#456,.T.);
#2501=EDGE_CURVE('',#2030,#2032,#457,.T.);
#2502=EDGE_CURVE('',#2031,#2032,#458,.T.);
#2503=EDGE_CURVE('',#2033,#2023,#459,.T.);
#2504=EDGE_CURVE('',#2033,#2034,#460,.T.);
#2505=EDGE_CURVE('',#2034,#2025,#461,.T.);
#2506=EDGE_CURVE('',#2031,#2033,#462,.T.);
#2507=EDGE_CURVE('',#2032,#2034,#463,.T.);
#2508=EDGE_CURVE('',#2035,#2035,#1824,.T.);
#2509=EDGE_CURVE('',#2036,#2037,#464,.T.);
#2510=EDGE_CURVE('',#2036,#2038,#465,.T.);
#2511=EDGE_CURVE('',#2038,#2039,#466,.T.);
#2512=EDGE_CURVE('',#2037,#2039,#467,.T.);
#2513=EDGE_CURVE('',#2037,#2040,#468,.T.);
#2514=EDGE_CURVE('',#2039,#2041,#469,.T.);
#2515=EDGE_CURVE('',#2040,#2041,#470,.T.);
#2516=EDGE_CURVE('',#2040,#2042,#471,.T.);
#2517=EDGE_CURVE('',#2041,#2043,#472,.T.);
#2518=EDGE_CURVE('',#2042,#2043,#473,.T.);
#2519=EDGE_CURVE('',#2042,#2044,#474,.T.);
#2520=EDGE_CURVE('',#2043,#2045,#475,.T.);
#2521=EDGE_CURVE('',#2044,#2045,#476,.T.);
#2522=EDGE_CURVE('',#2046,#2036,#477,.T.);
#2523=EDGE_CURVE('',#2046,#2047,#478,.T.);
#2524=EDGE_CURVE('',#2047,#2038,#479,.T.);
#2525=EDGE_CURVE('',#2044,#2046,#480,.T.);
#2526=EDGE_CURVE('',#2045,#2047,#481,.T.);
#2527=EDGE_CURVE('',#2048,#2048,#1825,.T.);
#2528=EDGE_CURVE('',#2049,#2050,#482,.T.);
#2529=EDGE_CURVE('',#2049,#2051,#483,.T.);
#2530=EDGE_CURVE('',#2051,#2052,#484,.T.);
#2531=EDGE_CURVE('',#2050,#2052,#485,.T.);
#2532=EDGE_CURVE('',#2050,#2053,#486,.T.);
#2533=EDGE_CURVE('',#2052,#2054,#487,.T.);
#2534=EDGE_CURVE('',#2055,#2054,#488,.T.);
#2535=EDGE_CURVE('',#2053,#2055,#264,.T.);
#2536=EDGE_CURVE('',#2056,#2049,#489,.T.);
#2537=EDGE_CURVE('',#2057,#2056,#265,.T.);
#2538=EDGE_CURVE('',#2057,#2058,#490,.T.);
#2539=EDGE_CURVE('',#2058,#2051,#491,.T.);
#2540=EDGE_CURVE('',#2059,#2057,#266,.T.);
#2541=EDGE_CURVE('',#2060,#2059,#492,.T.);
#2542=EDGE_CURVE('',#2060,#2061,#493,.T.);
#2543=EDGE_CURVE('',#2061,#2058,#494,.T.);
#2544=EDGE_CURVE('',#2062,#2060,#495,.T.);
#2545=EDGE_CURVE('',#2062,#2063,#496,.T.);
#2546=EDGE_CURVE('',#2063,#2061,#497,.T.);
#2547=EDGE_CURVE('',#2055,#2064,#267,.T.);
#2548=EDGE_CURVE('',#2054,#2063,#498,.T.);
#2549=EDGE_CURVE('',#2064,#2062,#499,.T.);
#2550=EDGE_CURVE('',#2065,#2065,#1826,.T.);
#2551=EDGE_CURVE('',#2064,#2059,#268,.T.);
#2552=EDGE_CURVE('',#2066,#2067,#500,.T.);
#2553=EDGE_CURVE('',#2066,#2068,#501,.T.);
#2554=EDGE_CURVE('',#2068,#2069,#502,.T.);
#2555=EDGE_CURVE('',#2067,#2069,#503,.T.);
#2556=EDGE_CURVE('',#2067,#2070,#504,.T.);
#2557=EDGE_CURVE('',#2069,#2071,#505,.T.);
#2558=EDGE_CURVE('',#2070,#2071,#506,.T.);
#2559=EDGE_CURVE('',#2070,#2072,#507,.T.);
#2560=EDGE_CURVE('',#2071,#2073,#508,.T.);
#2561=EDGE_CURVE('',#2072,#2073,#509,.T.);
#2562=EDGE_CURVE('',#2072,#2074,#510,.T.);
#2563=EDGE_CURVE('',#2073,#2075,#511,.T.);
#2564=EDGE_CURVE('',#2074,#2075,#512,.T.);
#2565=EDGE_CURVE('',#2076,#2066,#513,.T.);
#2566=EDGE_CURVE('',#2076,#2077,#514,.T.);
#2567=EDGE_CURVE('',#2077,#2068,#515,.T.);
#2568=EDGE_CURVE('',#2074,#2076,#516,.T.);
#2569=EDGE_CURVE('',#2075,#2077,#517,.T.);
#2570=EDGE_CURVE('',#2078,#2078,#1827,.T.);
#2571=EDGE_CURVE('',#1973,#2079,#518,.T.);
#2572=EDGE_CURVE('',#1972,#2080,#519,.T.);
#2573=EDGE_CURVE('',#2079,#2080,#520,.T.);
#2574=EDGE_CURVE('',#2079,#2081,#521,.T.);
#2575=EDGE_CURVE('',#2080,#2082,#522,.T.);
#2576=EDGE_CURVE('',#2081,#2082,#523,.T.);
#2577=EDGE_CURVE('',#2081,#2083,#524,.T.);
#2578=EDGE_CURVE('',#2082,#2084,#525,.T.);
#2579=EDGE_CURVE('',#2083,#2084,#526,.T.);
#2580=EDGE_CURVE('',#2085,#1962,#527,.T.);
#2581=EDGE_CURVE('',#2085,#2086,#528,.T.);
#2582=EDGE_CURVE('',#2086,#1971,#529,.T.);
#2583=EDGE_CURVE('',#2083,#2085,#530,.T.);
#2584=EDGE_CURVE('',#2084,#2086,#531,.T.);
#2585=EDGE_CURVE('',#2087,#2087,#1828,.T.);
#2586=EDGE_CURVE('',#2088,#2089,#532,.T.);
#2587=EDGE_CURVE('',#2088,#2090,#533,.T.);
#2588=EDGE_CURVE('',#2090,#2091,#534,.T.);
#2589=EDGE_CURVE('',#2089,#2091,#535,.T.);
#2590=EDGE_CURVE('',#2089,#2092,#536,.T.);
#2591=EDGE_CURVE('',#2091,#2093,#537,.T.);
#2592=EDGE_CURVE('',#2092,#2093,#538,.T.);
#2593=EDGE_CURVE('',#2092,#2094,#539,.T.);
#2594=EDGE_CURVE('',#2093,#2095,#540,.T.);
#2595=EDGE_CURVE('',#2094,#2095,#541,.T.);
#2596=EDGE_CURVE('',#2094,#2096,#542,.T.);
#2597=EDGE_CURVE('',#2095,#2097,#543,.T.);
#2598=EDGE_CURVE('',#2096,#2097,#544,.T.);
#2599=EDGE_CURVE('',#2098,#2088,#545,.T.);
#2600=EDGE_CURVE('',#2098,#2099,#546,.T.);
#2601=EDGE_CURVE('',#2099,#2090,#547,.T.);
#2602=EDGE_CURVE('',#2096,#2098,#548,.T.);
#2603=EDGE_CURVE('',#2097,#2099,#549,.T.);
#2604=EDGE_CURVE('',#2100,#2100,#1829,.T.);
#2605=EDGE_CURVE('',#2101,#2102,#550,.T.);
#2606=EDGE_CURVE('',#2101,#2103,#551,.T.);
#2607=EDGE_CURVE('',#2103,#2104,#552,.T.);
#2608=EDGE_CURVE('',#2102,#2104,#553,.T.);
#2609=EDGE_CURVE('',#2102,#2105,#554,.T.);
#2610=EDGE_CURVE('',#2104,#2106,#555,.T.);
#2611=EDGE_CURVE('',#2105,#2106,#556,.T.);
#2612=EDGE_CURVE('',#2105,#2107,#557,.T.);
#2613=EDGE_CURVE('',#2106,#2108,#558,.T.);
#2614=EDGE_CURVE('',#2107,#2108,#559,.T.);
#2615=EDGE_CURVE('',#2107,#2109,#560,.T.);
#2616=EDGE_CURVE('',#2108,#2110,#561,.T.);
#2617=EDGE_CURVE('',#2109,#2110,#562,.T.);
#2618=EDGE_CURVE('',#2111,#2101,#563,.T.);
#2619=EDGE_CURVE('',#2111,#2112,#564,.T.);
#2620=EDGE_CURVE('',#2112,#2103,#565,.T.);
#2621=EDGE_CURVE('',#2109,#2111,#566,.T.);
#2622=EDGE_CURVE('',#2110,#2112,#567,.T.);
#2623=EDGE_CURVE('',#2113,#2113,#1830,.T.);
#2624=EDGE_CURVE('',#2114,#2115,#568,.T.);
#2625=EDGE_CURVE('',#2114,#2116,#569,.T.);
#2626=EDGE_CURVE('',#2116,#2117,#570,.T.);
#2627=EDGE_CURVE('',#2115,#2117,#571,.T.);
#2628=EDGE_CURVE('',#2115,#2118,#572,.T.);
#2629=EDGE_CURVE('',#2117,#2119,#573,.T.);
#2630=EDGE_CURVE('',#2118,#2119,#574,.T.);
#2631=EDGE_CURVE('',#2118,#2120,#575,.T.);
#2632=EDGE_CURVE('',#2119,#2121,#576,.T.);
#2633=EDGE_CURVE('',#2120,#2121,#577,.T.);
#2634=EDGE_CURVE('',#2120,#2122,#578,.T.);
#2635=EDGE_CURVE('',#2121,#2123,#579,.T.);
#2636=EDGE_CURVE('',#2122,#2123,#580,.T.);
#2637=EDGE_CURVE('',#2124,#2114,#581,.T.);
#2638=EDGE_CURVE('',#2124,#2125,#582,.T.);
#2639=EDGE_CURVE('',#2125,#2116,#583,.T.);
#2640=EDGE_CURVE('',#2122,#2124,#584,.T.);
#2641=EDGE_CURVE('',#2123,#2125,#585,.T.);
#2642=EDGE_CURVE('',#2126,#2126,#1831,.T.);
#2643=EDGE_CURVE('',#2127,#2128,#586,.T.);
#2644=EDGE_CURVE('',#2127,#2129,#587,.T.);
#2645=EDGE_CURVE('',#2129,#2130,#588,.T.);
#2646=EDGE_CURVE('',#2128,#2130,#589,.T.);
#2647=EDGE_CURVE('',#2128,#2131,#590,.T.);
#2648=EDGE_CURVE('',#2130,#2132,#591,.T.);
#2649=EDGE_CURVE('',#2131,#2132,#592,.T.);
#2650=EDGE_CURVE('',#2131,#2133,#593,.T.);
#2651=EDGE_CURVE('',#2132,#2134,#594,.T.);
#2652=EDGE_CURVE('',#2133,#2134,#595,.T.);
#2653=EDGE_CURVE('',#2133,#2135,#596,.T.);
#2654=EDGE_CURVE('',#2134,#2136,#597,.T.);
#2655=EDGE_CURVE('',#2135,#2136,#598,.T.);
#2656=EDGE_CURVE('',#2137,#2127,#599,.T.);
#2657=EDGE_CURVE('',#2137,#2138,#600,.T.);
#2658=EDGE_CURVE('',#2138,#2129,#601,.T.);
#2659=EDGE_CURVE('',#2135,#2137,#602,.T.);
#2660=EDGE_CURVE('',#2136,#2138,#603,.T.);
#2661=EDGE_CURVE('',#2139,#2139,#1832,.T.);
#2662=EDGE_CURVE('',#2140,#2141,#604,.T.);
#2663=EDGE_CURVE('',#2140,#2142,#605,.T.);
#2664=EDGE_CURVE('',#2142,#2143,#606,.T.);
#2665=EDGE_CURVE('',#2141,#2143,#607,.T.);
#2666=EDGE_CURVE('',#2141,#2144,#608,.T.);
#2667=EDGE_CURVE('',#2143,#2145,#609,.T.);
#2668=EDGE_CURVE('',#2144,#2145,#610,.T.);
#2669=EDGE_CURVE('',#2144,#2146,#611,.T.);
#2670=EDGE_CURVE('',#2145,#2147,#612,.T.);
#2671=EDGE_CURVE('',#2146,#2147,#613,.T.);
#2672=EDGE_CURVE('',#2146,#2148,#614,.T.);
#2673=EDGE_CURVE('',#2147,#2149,#615,.T.);
#2674=EDGE_CURVE('',#2148,#2149,#616,.T.);
#2675=EDGE_CURVE('',#2150,#2140,#617,.T.);
#2676=EDGE_CURVE('',#2150,#2151,#618,.T.);
#2677=EDGE_CURVE('',#2151,#2142,#619,.T.);
#2678=EDGE_CURVE('',#2148,#2150,#620,.T.);
#2679=EDGE_CURVE('',#2149,#2151,#621,.T.);
#2680=EDGE_CURVE('',#2152,#2152,#1833,.T.);
#2681=EDGE_CURVE('',#2153,#2154,#622,.T.);
#2682=EDGE_CURVE('',#2153,#2155,#623,.T.);
#2683=EDGE_CURVE('',#2155,#2156,#624,.T.);
#2684=EDGE_CURVE('',#2154,#2156,#625,.T.);
#2685=EDGE_CURVE('',#2154,#1963,#626,.T.);
#2686=EDGE_CURVE('',#2156,#1964,#627,.T.);
#2687=EDGE_CURVE('',#1965,#2157,#628,.T.);
#2688=EDGE_CURVE('',#2158,#2157,#629,.T.);
#2689=EDGE_CURVE('',#1949,#2158,#630,.T.);
#2690=EDGE_CURVE('',#2159,#2153,#631,.T.);
#2691=EDGE_CURVE('',#2159,#2160,#632,.T.);
#2692=EDGE_CURVE('',#2160,#2155,#633,.T.);
#2693=EDGE_CURVE('',#2158,#2159,#634,.T.);
#2694=EDGE_CURVE('',#2157,#2160,#635,.T.);
#2695=EDGE_CURVE('',#2161,#2161,#1834,.T.);
#2696=EDGE_CURVE('',#2162,#2163,#636,.T.);
#2697=EDGE_CURVE('',#2162,#2164,#637,.T.);
#2698=EDGE_CURVE('',#2164,#2165,#638,.T.);
#2699=EDGE_CURVE('',#2163,#2165,#639,.T.);
#2700=EDGE_CURVE('',#2163,#2166,#640,.T.);
#2701=EDGE_CURVE('',#2165,#2167,#641,.T.);
#2702=EDGE_CURVE('',#2166,#2167,#642,.T.);
#2703=EDGE_CURVE('',#2166,#2168,#643,.T.);
#2704=EDGE_CURVE('',#2167,#2169,#644,.T.);
#2705=EDGE_CURVE('',#2168,#2169,#645,.T.);
#2706=EDGE_CURVE('',#2168,#2170,#646,.T.);
#2707=EDGE_CURVE('',#2169,#2171,#647,.T.);
#2708=EDGE_CURVE('',#2170,#2171,#648,.T.);
#2709=EDGE_CURVE('',#2172,#2162,#649,.T.);
#2710=EDGE_CURVE('',#2172,#2173,#650,.T.);
#2711=EDGE_CURVE('',#2173,#2164,#651,.T.);
#2712=EDGE_CURVE('',#2170,#2172,#652,.T.);
#2713=EDGE_CURVE('',#2171,#2173,#653,.T.);
#2714=EDGE_CURVE('',#2174,#2174,#1835,.T.);
#2715=EDGE_CURVE('',#2175,#2176,#654,.T.);
#2716=EDGE_CURVE('',#2175,#2177,#655,.T.);
#2717=EDGE_CURVE('',#2177,#2178,#656,.T.);
#2718=EDGE_CURVE('',#2176,#2178,#657,.T.);
#2719=EDGE_CURVE('',#2176,#2179,#658,.T.);
#2720=EDGE_CURVE('',#2178,#2180,#659,.T.);
#2721=EDGE_CURVE('',#2179,#2180,#660,.T.);
#2722=EDGE_CURVE('',#2179,#2181,#661,.T.);
#2723=EDGE_CURVE('',#2180,#2182,#662,.T.);
#2724=EDGE_CURVE('',#2181,#2182,#663,.T.);
#2725=EDGE_CURVE('',#2181,#2183,#664,.T.);
#2726=EDGE_CURVE('',#2182,#2184,#665,.T.);
#2727=EDGE_CURVE('',#2183,#2184,#666,.T.);
#2728=EDGE_CURVE('',#2185,#2175,#667,.T.);
#2729=EDGE_CURVE('',#2185,#2186,#668,.T.);
#2730=EDGE_CURVE('',#2186,#2177,#669,.T.);
#2731=EDGE_CURVE('',#2183,#2185,#670,.T.);
#2732=EDGE_CURVE('',#2184,#2186,#671,.T.);
#2733=EDGE_CURVE('',#2187,#2187,#1836,.T.);
#2734=EDGE_CURVE('',#2188,#2189,#672,.T.);
#2735=EDGE_CURVE('',#2188,#2190,#673,.T.);
#2736=EDGE_CURVE('',#2190,#2191,#674,.T.);
#2737=EDGE_CURVE('',#2189,#2191,#675,.T.);
#2738=EDGE_CURVE('',#2189,#2192,#676,.T.);
#2739=EDGE_CURVE('',#2191,#2193,#677,.T.);
#2740=EDGE_CURVE('',#2192,#2193,#678,.T.);
#2741=EDGE_CURVE('',#2192,#2194,#679,.T.);
#2742=EDGE_CURVE('',#2193,#2195,#680,.T.);
#2743=EDGE_CURVE('',#2194,#2195,#681,.T.);
#2744=EDGE_CURVE('',#2194,#2196,#682,.T.);
#2745=EDGE_CURVE('',#2195,#2197,#683,.T.);
#2746=EDGE_CURVE('',#2196,#2197,#684,.T.);
#2747=EDGE_CURVE('',#2198,#2188,#685,.T.);
#2748=EDGE_CURVE('',#2198,#2199,#686,.T.);
#2749=EDGE_CURVE('',#2199,#2190,#687,.T.);
#2750=EDGE_CURVE('',#2196,#2198,#688,.T.);
#2751=EDGE_CURVE('',#2197,#2199,#689,.T.);
#2752=EDGE_CURVE('',#2200,#2200,#1837,.T.);
#2753=EDGE_CURVE('',#2201,#2202,#690,.T.);
#2754=EDGE_CURVE('',#2201,#2203,#691,.T.);
#2755=EDGE_CURVE('',#2203,#2204,#692,.T.);
#2756=EDGE_CURVE('',#2202,#2204,#693,.T.);
#2757=EDGE_CURVE('',#2202,#2205,#694,.T.);
#2758=EDGE_CURVE('',#2204,#2206,#695,.T.);
#2759=EDGE_CURVE('',#2205,#2206,#696,.T.);
#2760=EDGE_CURVE('',#2205,#2207,#697,.T.);
#2761=EDGE_CURVE('',#2206,#2208,#698,.T.);
#2762=EDGE_CURVE('',#2207,#2208,#699,.T.);
#2763=EDGE_CURVE('',#2207,#2209,#700,.T.);
#2764=EDGE_CURVE('',#2208,#2210,#701,.T.);
#2765=EDGE_CURVE('',#2209,#2210,#702,.T.);
#2766=EDGE_CURVE('',#2211,#2201,#703,.T.);
#2767=EDGE_CURVE('',#2211,#2212,#704,.T.);
#2768=EDGE_CURVE('',#2212,#2203,#705,.T.);
#2769=EDGE_CURVE('',#2209,#2211,#706,.T.);
#2770=EDGE_CURVE('',#2210,#2212,#707,.T.);
#2771=EDGE_CURVE('',#2213,#2213,#1838,.T.);
#2772=EDGE_CURVE('',#1996,#2214,#708,.T.);
#2773=EDGE_CURVE('',#2215,#2214,#269,.T.);
#2774=EDGE_CURVE('',#1862,#2215,#709,.T.);
#2775=EDGE_CURVE('',#1861,#1991,#710,.T.);
#2776=EDGE_CURVE('',#1997,#1909,#711,.T.);
#2777=EDGE_CURVE('',#2187,#1910,#712,.T.);
#2778=EDGE_CURVE('',#2010,#1911,#713,.T.);
#2779=EDGE_CURVE('',#2065,#1912,#714,.T.);
#2780=EDGE_CURVE('',#2126,#1913,#715,.T.);
#2781=EDGE_CURVE('',#2078,#1914,#716,.T.);
#2782=EDGE_CURVE('',#2048,#1915,#717,.T.);
#2783=EDGE_CURVE('',#2216,#2056,#718,.T.);
#2784=EDGE_CURVE('',#2216,#2217,#270,.T.);
#2785=EDGE_CURVE('',#2217,#1885,#719,.T.);
#2786=EDGE_CURVE('',#2053,#1884,#720,.T.);
#2787=EDGE_CURVE('',#1905,#1951,#721,.T.);
#2788=EDGE_CURVE('',#1946,#1899,#722,.T.);
#2789=EDGE_CURVE('',#1927,#2022,#723,.T.);
#2790=EDGE_CURVE('',#1926,#2174,#724,.T.);
#2791=EDGE_CURVE('',#1925,#2113,#725,.T.);
#2792=EDGE_CURVE('',#1921,#2100,#726,.T.);
#2793=EDGE_CURVE('',#1924,#2087,#727,.T.);
#2794=EDGE_CURVE('',#1920,#2161,#728,.T.);
#2795=EDGE_CURVE('',#1919,#2035,#729,.T.);
#2796=EDGE_CURVE('',#1918,#2213,#730,.T.);
#2797=EDGE_CURVE('',#1917,#2152,#731,.T.);
#2798=EDGE_CURVE('',#1923,#2139,#732,.T.);
#2799=EDGE_CURVE('',#1916,#1980,#733,.T.);
#2800=EDGE_CURVE('',#1922,#2200,#734,.T.);
#2801=EDGE_CURVE('',#2218,#1878,#735,.T.);
#2802=EDGE_CURVE('',#2219,#2218,#271,.T.);
#2803=EDGE_CURVE('',#2217,#2219,#736,.T.);
#2804=EDGE_CURVE('',#2216,#1883,#737,.T.);
#2805=EDGE_CURVE('',#1860,#2220,#272,.T.);
#2806=EDGE_CURVE('',#2220,#2215,#738,.T.);
#2807=EDGE_CURVE('',#2214,#1851,#739,.T.);
#2808=EDGE_CURVE('',#2219,#1886,#740,.T.);
#2809=EDGE_CURVE('',#2218,#1887,#741,.T.);
#2810=EDGE_CURVE('',#1877,#1876,#742,.T.);
#2811=EDGE_CURVE('',#1863,#2220,#743,.T.);
#2812=ORIENTED_EDGE('',*,*,#2221,.F.);
#2813=ORIENTED_EDGE('',*,*,#2222,.F.);
#2814=ORIENTED_EDGE('',*,*,#2223,.F.);
#2815=ORIENTED_EDGE('',*,*,#2224,.F.);
#2816=ORIENTED_EDGE('',*,*,#2225,.F.);
#2817=ORIENTED_EDGE('',*,*,#2226,.F.);
#2818=ORIENTED_EDGE('',*,*,#2225,.T.);
#2819=ORIENTED_EDGE('',*,*,#2227,.T.);
#2820=ORIENTED_EDGE('',*,*,#2222,.T.);
#2821=ORIENTED_EDGE('',*,*,#2228,.T.);
#2822=ORIENTED_EDGE('',*,*,#2229,.T.);
#2823=ORIENTED_EDGE('',*,*,#2230,.T.);
#2824=ORIENTED_EDGE('',*,*,#2226,.T.);
#2825=ORIENTED_EDGE('',*,*,#2231,.T.);
#2826=ORIENTED_EDGE('',*,*,#2232,.T.);
#2827=ORIENTED_EDGE('',*,*,#2233,.T.);
#2828=ORIENTED_EDGE('',*,*,#2224,.T.);
#2829=ORIENTED_EDGE('',*,*,#2234,.T.);
#2830=ORIENTED_EDGE('',*,*,#2235,.F.);
#2831=ORIENTED_EDGE('',*,*,#2236,.T.);
#2832=ORIENTED_EDGE('',*,*,#2232,.F.);
#2833=ORIENTED_EDGE('',*,*,#2237,.T.);
#2834=ORIENTED_EDGE('',*,*,#2238,.F.);
#2835=ORIENTED_EDGE('',*,*,#2239,.T.);
#2836=ORIENTED_EDGE('',*,*,#2240,.T.);
#2837=ORIENTED_EDGE('',*,*,#2241,.T.);
#2838=ORIENTED_EDGE('',*,*,#2242,.T.);
#2839=ORIENTED_EDGE('',*,*,#2243,.T.);
#2840=ORIENTED_EDGE('',*,*,#2223,.T.);
#2841=ORIENTED_EDGE('',*,*,#2244,.T.);
#2842=ORIENTED_EDGE('',*,*,#2241,.F.);
#2843=ORIENTED_EDGE('',*,*,#2245,.T.);
#2844=ORIENTED_EDGE('',*,*,#2246,.T.);
#2845=ORIENTED_EDGE('',*,*,#2247,.T.);
#2846=ORIENTED_EDGE('',*,*,#2221,.T.);
#2847=ORIENTED_EDGE('',*,*,#2248,.T.);
#2848=ORIENTED_EDGE('',*,*,#2231,.F.);
#2849=ORIENTED_EDGE('',*,*,#2228,.F.);
#2850=ORIENTED_EDGE('',*,*,#2247,.F.);
#2851=ORIENTED_EDGE('',*,*,#2249,.T.);
#2852=ORIENTED_EDGE('',*,*,#2229,.F.);
#2853=ORIENTED_EDGE('',*,*,#2249,.F.);
#2854=ORIENTED_EDGE('',*,*,#2246,.F.);
#2855=ORIENTED_EDGE('',*,*,#2250,.T.);
#2856=ORIENTED_EDGE('',*,*,#2251,.T.);
#2857=ORIENTED_EDGE('',*,*,#2252,.F.);
#2858=ORIENTED_EDGE('',*,*,#2248,.F.);
#2859=ORIENTED_EDGE('',*,*,#2245,.F.);
#2860=ORIENTED_EDGE('',*,*,#2240,.F.);
#2861=ORIENTED_EDGE('',*,*,#2253,.T.);
#2862=ORIENTED_EDGE('',*,*,#2254,.F.);
#2863=ORIENTED_EDGE('',*,*,#2255,.F.);
#2864=ORIENTED_EDGE('',*,*,#2256,.F.);
#2865=ORIENTED_EDGE('',*,*,#2250,.F.);
#2866=ORIENTED_EDGE('',*,*,#2257,.F.);
#2867=ORIENTED_EDGE('',*,*,#2258,.F.);
#2868=ORIENTED_EDGE('',*,*,#2259,.F.);
#2869=ORIENTED_EDGE('',*,*,#2260,.F.);
#2870=ORIENTED_EDGE('',*,*,#2261,.F.);
#2871=ORIENTED_EDGE('',*,*,#2262,.F.);
#2872=ORIENTED_EDGE('',*,*,#2261,.T.);
#2873=ORIENTED_EDGE('',*,*,#2263,.T.);
#2874=ORIENTED_EDGE('',*,*,#2258,.T.);
#2875=ORIENTED_EDGE('',*,*,#2264,.T.);
#2876=ORIENTED_EDGE('',*,*,#2265,.T.);
#2877=ORIENTED_EDGE('',*,*,#2266,.T.);
#2878=ORIENTED_EDGE('',*,*,#2262,.T.);
#2879=ORIENTED_EDGE('',*,*,#2267,.T.);
#2880=ORIENTED_EDGE('',*,*,#2268,.T.);
#2881=ORIENTED_EDGE('',*,*,#2269,.T.);
#2882=ORIENTED_EDGE('',*,*,#2265,.F.);
#2883=ORIENTED_EDGE('',*,*,#2270,.T.);
#2884=ORIENTED_EDGE('',*,*,#2271,.T.);
#2885=ORIENTED_EDGE('',*,*,#2272,.T.);
#2886=ORIENTED_EDGE('',*,*,#2273,.T.);
#2887=ORIENTED_EDGE('',*,*,#2260,.T.);
#2888=ORIENTED_EDGE('',*,*,#2274,.T.);
#2889=ORIENTED_EDGE('',*,*,#2275,.T.);
#2890=ORIENTED_EDGE('',*,*,#2276,.T.);
#2891=ORIENTED_EDGE('',*,*,#2259,.T.);
#2892=ORIENTED_EDGE('',*,*,#2277,.T.);
#2893=ORIENTED_EDGE('',*,*,#2278,.T.);
#2894=ORIENTED_EDGE('',*,*,#2279,.T.);
#2895=ORIENTED_EDGE('',*,*,#2257,.T.);
#2896=ORIENTED_EDGE('',*,*,#2280,.T.);
#2897=ORIENTED_EDGE('',*,*,#2281,.F.);
#2898=ORIENTED_EDGE('',*,*,#2282,.T.);
#2899=ORIENTED_EDGE('',*,*,#2278,.F.);
#2900=ORIENTED_EDGE('',*,*,#2283,.T.);
#2901=ORIENTED_EDGE('',*,*,#2284,.F.);
#2902=ORIENTED_EDGE('',*,*,#2274,.F.);
#2903=ORIENTED_EDGE('',*,*,#2266,.F.);
#2904=ORIENTED_EDGE('',*,*,#2269,.F.);
#2905=ORIENTED_EDGE('',*,*,#2285,.T.);
#2906=ORIENTED_EDGE('',*,*,#2286,.T.);
#2907=ORIENTED_EDGE('',*,*,#2287,.T.);
#2908=ORIENTED_EDGE('',*,*,#2288,.T.);
#2909=ORIENTED_EDGE('',*,*,#2289,.T.);
#2910=ORIENTED_EDGE('',*,*,#2267,.F.);
#2911=ORIENTED_EDGE('',*,*,#2264,.F.);
#2912=ORIENTED_EDGE('',*,*,#2279,.F.);
#2913=ORIENTED_EDGE('',*,*,#2290,.F.);
#2914=ORIENTED_EDGE('',*,*,#2270,.F.);
#2915=ORIENTED_EDGE('',*,*,#2290,.T.);
#2916=ORIENTED_EDGE('',*,*,#2282,.F.);
#2917=ORIENTED_EDGE('',*,*,#2291,.T.);
#2918=ORIENTED_EDGE('',*,*,#2236,.F.);
#2919=ORIENTED_EDGE('',*,*,#2292,.T.);
#2920=ORIENTED_EDGE('',*,*,#2242,.F.);
#2921=ORIENTED_EDGE('',*,*,#2293,.T.);
#2922=ORIENTED_EDGE('',*,*,#2233,.F.);
#2923=ORIENTED_EDGE('',*,*,#2293,.F.);
#2924=ORIENTED_EDGE('',*,*,#2244,.F.);
#2925=ORIENTED_EDGE('',*,*,#2227,.F.);
#2926=ORIENTED_EDGE('',*,*,#2294,.T.);
#2927=ORIENTED_EDGE('',*,*,#2295,.T.);
#2928=ORIENTED_EDGE('',*,*,#2296,.T.);
#2929=ORIENTED_EDGE('',*,*,#2297,.T.);
#2930=ORIENTED_EDGE('',*,*,#2298,.T.);
#2931=ORIENTED_EDGE('',*,*,#2294,.F.);
#2932=ORIENTED_EDGE('',*,*,#2299,.T.);
#2933=ORIENTED_EDGE('',*,*,#2300,.T.);
#2934=ORIENTED_EDGE('',*,*,#2295,.F.);
#2935=ORIENTED_EDGE('',*,*,#2301,.T.);
#2936=ORIENTED_EDGE('',*,*,#2302,.F.);
#2937=ORIENTED_EDGE('',*,*,#2303,.T.);
#2938=ORIENTED_EDGE('',*,*,#2243,.F.);
#2939=ORIENTED_EDGE('',*,*,#2292,.F.);
#2940=ORIENTED_EDGE('',*,*,#2235,.T.);
#2941=ORIENTED_EDGE('',*,*,#2298,.F.);
#2942=ORIENTED_EDGE('',*,*,#2304,.F.);
#2943=ORIENTED_EDGE('',*,*,#2305,.F.);
#2944=ORIENTED_EDGE('',*,*,#2301,.F.);
#2945=ORIENTED_EDGE('',*,*,#2297,.F.);
#2946=ORIENTED_EDGE('',*,*,#2306,.T.);
#2947=ORIENTED_EDGE('',*,*,#2307,.T.);
#2948=ORIENTED_EDGE('',*,*,#2308,.F.);
#2949=ORIENTED_EDGE('',*,*,#2309,.T.);
#2950=ORIENTED_EDGE('',*,*,#2310,.T.);
#2951=ORIENTED_EDGE('',*,*,#2311,.F.);
#2952=ORIENTED_EDGE('',*,*,#2312,.T.);
#2953=ORIENTED_EDGE('',*,*,#2313,.F.);
#2954=ORIENTED_EDGE('',*,*,#2314,.T.);
#2955=ORIENTED_EDGE('',*,*,#2315,.T.);
#2956=ORIENTED_EDGE('',*,*,#2316,.T.);
#2957=ORIENTED_EDGE('',*,*,#2317,.T.);
#2958=ORIENTED_EDGE('',*,*,#2318,.T.);
#2959=ORIENTED_EDGE('',*,*,#2319,.F.);
#2960=ORIENTED_EDGE('',*,*,#2304,.T.);
#2961=ORIENTED_EDGE('',*,*,#2320,.T.);
#2962=ORIENTED_EDGE('',*,*,#2321,.T.);
#2963=ORIENTED_EDGE('',*,*,#2322,.T.);
#2964=ORIENTED_EDGE('',*,*,#2323,.T.);
#2965=ORIENTED_EDGE('',*,*,#2324,.T.);
#2966=ORIENTED_EDGE('',*,*,#2325,.T.);
#2967=ORIENTED_EDGE('',*,*,#2326,.T.);
#2968=ORIENTED_EDGE('',*,*,#2327,.T.);
#2969=ORIENTED_EDGE('',*,*,#2328,.T.);
#2970=ORIENTED_EDGE('',*,*,#2329,.T.);
#2971=ORIENTED_EDGE('',*,*,#2330,.T.);
#2972=ORIENTED_EDGE('',*,*,#2331,.T.);
#2973=ORIENTED_EDGE('',*,*,#2332,.T.);
#2974=ORIENTED_EDGE('',*,*,#2333,.T.);
#2975=ORIENTED_EDGE('',*,*,#2334,.T.);
#2976=ORIENTED_EDGE('',*,*,#2335,.T.);
#2977=ORIENTED_EDGE('',*,*,#2336,.T.);
#2978=ORIENTED_EDGE('',*,*,#2337,.T.);
#2979=ORIENTED_EDGE('',*,*,#2338,.T.);
#2980=ORIENTED_EDGE('',*,*,#2339,.T.);
#2981=ORIENTED_EDGE('',*,*,#2340,.T.);
#2982=ORIENTED_EDGE('',*,*,#2302,.T.);
#2983=ORIENTED_EDGE('',*,*,#2319,.T.);
#2984=ORIENTED_EDGE('',*,*,#2341,.T.);
#2985=ORIENTED_EDGE('',*,*,#2339,.F.);
#2986=ORIENTED_EDGE('',*,*,#2305,.T.);
#2987=ORIENTED_EDGE('',*,*,#2340,.F.);
#2988=ORIENTED_EDGE('',*,*,#2342,.T.);
#2989=ORIENTED_EDGE('',*,*,#2343,.F.);
#2990=ORIENTED_EDGE('',*,*,#2344,.T.);
#2991=ORIENTED_EDGE('',*,*,#2341,.F.);
#2992=ORIENTED_EDGE('',*,*,#2318,.F.);
#2993=ORIENTED_EDGE('',*,*,#2345,.F.);
#2994=ORIENTED_EDGE('',*,*,#2342,.F.);
#2995=ORIENTED_EDGE('',*,*,#2346,.T.);
#2996=ORIENTED_EDGE('',*,*,#2347,.T.);
#2997=ORIENTED_EDGE('',*,*,#2348,.T.);
#2998=ORIENTED_EDGE('',*,*,#2311,.T.);
#2999=ORIENTED_EDGE('',*,*,#2349,.T.);
#3000=ORIENTED_EDGE('',*,*,#2346,.F.);
#3001=ORIENTED_EDGE('',*,*,#2350,.T.);
#3002=ORIENTED_EDGE('',*,*,#2350,.F.);
#3003=ORIENTED_EDGE('',*,*,#2351,.F.);
#3004=ORIENTED_EDGE('',*,*,#2352,.F.);
#3005=ORIENTED_EDGE('',*,*,#2312,.F.);
#3006=ORIENTED_EDGE('',*,*,#2353,.T.);
#3007=ORIENTED_EDGE('',*,*,#2354,.F.);
#3008=ORIENTED_EDGE('',*,*,#2351,.T.);
#3009=ORIENTED_EDGE('',*,*,#2348,.F.);
#3010=ORIENTED_EDGE('',*,*,#2355,.T.);
#3011=ORIENTED_EDGE('',*,*,#2271,.F.);
#3012=ORIENTED_EDGE('',*,*,#2291,.F.);
#3013=ORIENTED_EDGE('',*,*,#2281,.T.);
#3014=ORIENTED_EDGE('',*,*,#2356,.T.);
#3015=ORIENTED_EDGE('',*,*,#2354,.T.);
#3016=ORIENTED_EDGE('',*,*,#2357,.T.);
#3017=ORIENTED_EDGE('',*,*,#2313,.T.);
#3018=ORIENTED_EDGE('',*,*,#2352,.T.);
#3019=ORIENTED_EDGE('',*,*,#2356,.F.);
#3020=ORIENTED_EDGE('',*,*,#2358,.T.);
#3021=ORIENTED_EDGE('',*,*,#2358,.F.);
#3022=ORIENTED_EDGE('',*,*,#2359,.F.);
#3023=ORIENTED_EDGE('',*,*,#2360,.T.);
#3024=ORIENTED_EDGE('',*,*,#2314,.F.);
#3025=ORIENTED_EDGE('',*,*,#2357,.F.);
#3026=ORIENTED_EDGE('',*,*,#2361,.T.);
#3027=ORIENTED_EDGE('',*,*,#2362,.T.);
#3028=ORIENTED_EDGE('',*,*,#2359,.T.);
#3029=ORIENTED_EDGE('',*,*,#2363,.T.);
#3030=ORIENTED_EDGE('',*,*,#2364,.T.);
#3031=ORIENTED_EDGE('',*,*,#2365,.T.);
#3032=ORIENTED_EDGE('',*,*,#2366,.T.);
#3033=ORIENTED_EDGE('',*,*,#2367,.T.);
#3034=ORIENTED_EDGE('',*,*,#2368,.T.);
#3035=ORIENTED_EDGE('',*,*,#2369,.T.);
#3036=ORIENTED_EDGE('',*,*,#2370,.T.);
#3037=ORIENTED_EDGE('',*,*,#2364,.F.);
#3038=ORIENTED_EDGE('',*,*,#2371,.T.);
#3039=ORIENTED_EDGE('',*,*,#2372,.T.);
#3040=ORIENTED_EDGE('',*,*,#2347,.F.);
#3041=ORIENTED_EDGE('',*,*,#2373,.T.);
#3042=ORIENTED_EDGE('',*,*,#2369,.F.);
#3043=ORIENTED_EDGE('',*,*,#2374,.T.);
#3044=ORIENTED_EDGE('',*,*,#2375,.T.);
#3045=ORIENTED_EDGE('',*,*,#2376,.T.);
#3046=ORIENTED_EDGE('',*,*,#2377,.T.);
#3047=ORIENTED_EDGE('',*,*,#2378,.T.);
#3048=ORIENTED_EDGE('',*,*,#2362,.F.);
#3049=ORIENTED_EDGE('',*,*,#2379,.T.);
#3050=ORIENTED_EDGE('',*,*,#2380,.T.);
#3051=ORIENTED_EDGE('',*,*,#2381,.T.);
#3052=ORIENTED_EDGE('',*,*,#2377,.F.);
#3053=ORIENTED_EDGE('',*,*,#2382,.T.);
#3054=ORIENTED_EDGE('',*,*,#2383,.T.);
#3055=ORIENTED_EDGE('',*,*,#2384,.T.);
#3056=ORIENTED_EDGE('',*,*,#2385,.T.);
#3057=ORIENTED_EDGE('',*,*,#2343,.T.);
#3058=ORIENTED_EDGE('',*,*,#2386,.T.);
#3059=ORIENTED_EDGE('',*,*,#2383,.F.);
#3060=ORIENTED_EDGE('',*,*,#2387,.T.);
#3061=ORIENTED_EDGE('',*,*,#2388,.T.);
#3062=ORIENTED_EDGE('',*,*,#2389,.T.);
#3063=ORIENTED_EDGE('',*,*,#2390,.T.);
#3064=ORIENTED_EDGE('',*,*,#2366,.F.);
#3065=ORIENTED_EDGE('',*,*,#2391,.T.);
#3066=ORIENTED_EDGE('',*,*,#2392,.F.);
#3067=ORIENTED_EDGE('',*,*,#2393,.T.);
#3068=ORIENTED_EDGE('',*,*,#2394,.T.);
#3069=ORIENTED_EDGE('',*,*,#2296,.F.);
#3070=ORIENTED_EDGE('',*,*,#2395,.T.);
#3071=ORIENTED_EDGE('',*,*,#2392,.T.);
#3072=ORIENTED_EDGE('',*,*,#2396,.T.);
#3073=ORIENTED_EDGE('',*,*,#2386,.F.);
#3074=ORIENTED_EDGE('',*,*,#2345,.T.);
#3075=ORIENTED_EDGE('',*,*,#2317,.F.);
#3076=ORIENTED_EDGE('',*,*,#2397,.F.);
#3077=ORIENTED_EDGE('',*,*,#2299,.F.);
#3078=ORIENTED_EDGE('',*,*,#2396,.F.);
#3079=ORIENTED_EDGE('',*,*,#2398,.T.);
#3080=ORIENTED_EDGE('',*,*,#2306,.F.);
#3081=ORIENTED_EDGE('',*,*,#2391,.F.);
#3082=ORIENTED_EDGE('',*,*,#2399,.F.);
#3083=ORIENTED_EDGE('',*,*,#2307,.F.);
#3084=ORIENTED_EDGE('',*,*,#2398,.F.);
#3085=ORIENTED_EDGE('',*,*,#2365,.F.);
#3086=ORIENTED_EDGE('',*,*,#2400,.T.);
#3087=ORIENTED_EDGE('',*,*,#2308,.T.);
#3088=ORIENTED_EDGE('',*,*,#2399,.T.);
#3089=ORIENTED_EDGE('',*,*,#2380,.F.);
#3090=ORIENTED_EDGE('',*,*,#2401,.F.);
#3091=ORIENTED_EDGE('',*,*,#2402,.T.);
#3092=ORIENTED_EDGE('',*,*,#2403,.T.);
#3093=ORIENTED_EDGE('',*,*,#2404,.F.);
#3094=ORIENTED_EDGE('',*,*,#2367,.F.);
#3095=ORIENTED_EDGE('',*,*,#2405,.T.);
#3096=ORIENTED_EDGE('',*,*,#2406,.T.);
#3097=ORIENTED_EDGE('',*,*,#2407,.F.);
#3098=ORIENTED_EDGE('',*,*,#2408,.F.);
#3099=ORIENTED_EDGE('',*,*,#2372,.F.);
#3100=ORIENTED_EDGE('',*,*,#2409,.F.);
#3101=ORIENTED_EDGE('',*,*,#2410,.T.);
#3102=ORIENTED_EDGE('',*,*,#2411,.T.);
#3103=ORIENTED_EDGE('',*,*,#2405,.F.);
#3104=ORIENTED_EDGE('',*,*,#2389,.F.);
#3105=ORIENTED_EDGE('',*,*,#2412,.T.);
#3106=ORIENTED_EDGE('',*,*,#2413,.T.);
#3107=ORIENTED_EDGE('',*,*,#2414,.F.);
#3108=ORIENTED_EDGE('',*,*,#2415,.F.);
#3109=ORIENTED_EDGE('',*,*,#2416,.F.);
#3110=ORIENTED_EDGE('',*,*,#2417,.T.);
#3111=ORIENTED_EDGE('',*,*,#2418,.T.);
#3112=ORIENTED_EDGE('',*,*,#2419,.F.);
#3113=ORIENTED_EDGE('',*,*,#2420,.F.);
#3114=ORIENTED_EDGE('',*,*,#2419,.T.);
#3115=ORIENTED_EDGE('',*,*,#2421,.T.);
#3116=ORIENTED_EDGE('',*,*,#2422,.F.);
#3117=ORIENTED_EDGE('',*,*,#2423,.F.);
#3118=ORIENTED_EDGE('',*,*,#2422,.T.);
#3119=ORIENTED_EDGE('',*,*,#2424,.T.);
#3120=ORIENTED_EDGE('',*,*,#2410,.F.);
#3121=ORIENTED_EDGE('',*,*,#2425,.F.);
#3122=ORIENTED_EDGE('',*,*,#2407,.T.);
#3123=ORIENTED_EDGE('',*,*,#2426,.T.);
#3124=ORIENTED_EDGE('',*,*,#2417,.F.);
#3125=ORIENTED_EDGE('',*,*,#2406,.F.);
#3126=ORIENTED_EDGE('',*,*,#2411,.F.);
#3127=ORIENTED_EDGE('',*,*,#2424,.F.);
#3128=ORIENTED_EDGE('',*,*,#2421,.F.);
#3129=ORIENTED_EDGE('',*,*,#2418,.F.);
#3130=ORIENTED_EDGE('',*,*,#2426,.F.);
#3131=ORIENTED_EDGE('',*,*,#2427,.F.);
#3132=ORIENTED_EDGE('',*,*,#2428,.F.);
#3133=ORIENTED_EDGE('',*,*,#2429,.T.);
#3134=ORIENTED_EDGE('',*,*,#2430,.T.);
#3135=ORIENTED_EDGE('',*,*,#2431,.F.);
#3136=ORIENTED_EDGE('',*,*,#2432,.F.);
#3137=ORIENTED_EDGE('',*,*,#2433,.F.);
#3138=ORIENTED_EDGE('',*,*,#2432,.T.);
#3139=ORIENTED_EDGE('',*,*,#2434,.T.);
#3140=ORIENTED_EDGE('',*,*,#2435,.T.);
#3141=ORIENTED_EDGE('',*,*,#2436,.F.);
#3142=ORIENTED_EDGE('',*,*,#2435,.F.);
#3143=ORIENTED_EDGE('',*,*,#2437,.T.);
#3144=ORIENTED_EDGE('',*,*,#2438,.T.);
#3145=ORIENTED_EDGE('',*,*,#2439,.F.);
#3146=ORIENTED_EDGE('',*,*,#2434,.F.);
#3147=ORIENTED_EDGE('',*,*,#2431,.T.);
#3148=ORIENTED_EDGE('',*,*,#2440,.T.);
#3149=ORIENTED_EDGE('',*,*,#2437,.F.);
#3150=ORIENTED_EDGE('',*,*,#2441,.F.);
#3151=ORIENTED_EDGE('',*,*,#2442,.F.);
#3152=ORIENTED_EDGE('',*,*,#2443,.T.);
#3153=ORIENTED_EDGE('',*,*,#2444,.T.);
#3154=ORIENTED_EDGE('',*,*,#2429,.F.);
#3155=ORIENTED_EDGE('',*,*,#2445,.F.);
#3156=ORIENTED_EDGE('',*,*,#2446,.T.);
#3157=ORIENTED_EDGE('',*,*,#2447,.T.);
#3158=ORIENTED_EDGE('',*,*,#2443,.F.);
#3159=ORIENTED_EDGE('',*,*,#2448,.F.);
#3160=ORIENTED_EDGE('',*,*,#2449,.F.);
#3161=ORIENTED_EDGE('',*,*,#2439,.T.);
#3162=ORIENTED_EDGE('',*,*,#2450,.T.);
#3163=ORIENTED_EDGE('',*,*,#2446,.F.);
#3164=ORIENTED_EDGE('',*,*,#2438,.F.);
#3165=ORIENTED_EDGE('',*,*,#2440,.F.);
#3166=ORIENTED_EDGE('',*,*,#2430,.F.);
#3167=ORIENTED_EDGE('',*,*,#2444,.F.);
#3168=ORIENTED_EDGE('',*,*,#2447,.F.);
#3169=ORIENTED_EDGE('',*,*,#2450,.F.);
#3170=ORIENTED_EDGE('',*,*,#2451,.F.);
#3171=ORIENTED_EDGE('',*,*,#2452,.F.);
#3172=ORIENTED_EDGE('',*,*,#2453,.T.);
#3173=ORIENTED_EDGE('',*,*,#2454,.T.);
#3174=ORIENTED_EDGE('',*,*,#2455,.F.);
#3175=ORIENTED_EDGE('',*,*,#2456,.F.);
#3176=ORIENTED_EDGE('',*,*,#2455,.T.);
#3177=ORIENTED_EDGE('',*,*,#2457,.T.);
#3178=ORIENTED_EDGE('',*,*,#2458,.F.);
#3179=ORIENTED_EDGE('',*,*,#2459,.F.);
#3180=ORIENTED_EDGE('',*,*,#2458,.T.);
#3181=ORIENTED_EDGE('',*,*,#2460,.T.);
#3182=ORIENTED_EDGE('',*,*,#2461,.F.);
#3183=ORIENTED_EDGE('',*,*,#2462,.F.);
#3184=ORIENTED_EDGE('',*,*,#2461,.T.);
#3185=ORIENTED_EDGE('',*,*,#2463,.T.);
#3186=ORIENTED_EDGE('',*,*,#2464,.F.);
#3187=ORIENTED_EDGE('',*,*,#2465,.F.);
#3188=ORIENTED_EDGE('',*,*,#2466,.T.);
#3189=ORIENTED_EDGE('',*,*,#2467,.T.);
#3190=ORIENTED_EDGE('',*,*,#2453,.F.);
#3191=ORIENTED_EDGE('',*,*,#2468,.F.);
#3192=ORIENTED_EDGE('',*,*,#2464,.T.);
#3193=ORIENTED_EDGE('',*,*,#2469,.T.);
#3194=ORIENTED_EDGE('',*,*,#2466,.F.);
#3195=ORIENTED_EDGE('',*,*,#2469,.F.);
#3196=ORIENTED_EDGE('',*,*,#2463,.F.);
#3197=ORIENTED_EDGE('',*,*,#2460,.F.);
#3198=ORIENTED_EDGE('',*,*,#2457,.F.);
#3199=ORIENTED_EDGE('',*,*,#2454,.F.);
#3200=ORIENTED_EDGE('',*,*,#2467,.F.);
#3201=ORIENTED_EDGE('',*,*,#2470,.F.);
#3202=ORIENTED_EDGE('',*,*,#2388,.F.);
#3203=ORIENTED_EDGE('',*,*,#2471,.F.);
#3204=ORIENTED_EDGE('',*,*,#2472,.T.);
#3205=ORIENTED_EDGE('',*,*,#2473,.T.);
#3206=ORIENTED_EDGE('',*,*,#2474,.F.);
#3207=ORIENTED_EDGE('',*,*,#2384,.F.);
#3208=ORIENTED_EDGE('',*,*,#2474,.T.);
#3209=ORIENTED_EDGE('',*,*,#2475,.T.);
#3210=ORIENTED_EDGE('',*,*,#2476,.F.);
#3211=ORIENTED_EDGE('',*,*,#2477,.F.);
#3212=ORIENTED_EDGE('',*,*,#2478,.F.);
#3213=ORIENTED_EDGE('',*,*,#2476,.T.);
#3214=ORIENTED_EDGE('',*,*,#2479,.T.);
#3215=ORIENTED_EDGE('',*,*,#2480,.F.);
#3216=ORIENTED_EDGE('',*,*,#2481,.F.);
#3217=ORIENTED_EDGE('',*,*,#2480,.T.);
#3218=ORIENTED_EDGE('',*,*,#2482,.T.);
#3219=ORIENTED_EDGE('',*,*,#2483,.F.);
#3220=ORIENTED_EDGE('',*,*,#2484,.F.);
#3221=ORIENTED_EDGE('',*,*,#2485,.T.);
#3222=ORIENTED_EDGE('',*,*,#2486,.T.);
#3223=ORIENTED_EDGE('',*,*,#2472,.F.);
#3224=ORIENTED_EDGE('',*,*,#2487,.F.);
#3225=ORIENTED_EDGE('',*,*,#2483,.T.);
#3226=ORIENTED_EDGE('',*,*,#2488,.T.);
#3227=ORIENTED_EDGE('',*,*,#2485,.F.);
#3228=ORIENTED_EDGE('',*,*,#2488,.F.);
#3229=ORIENTED_EDGE('',*,*,#2482,.F.);
#3230=ORIENTED_EDGE('',*,*,#2479,.F.);
#3231=ORIENTED_EDGE('',*,*,#2475,.F.);
#3232=ORIENTED_EDGE('',*,*,#2473,.F.);
#3233=ORIENTED_EDGE('',*,*,#2486,.F.);
#3234=ORIENTED_EDGE('',*,*,#2489,.F.);
#3235=ORIENTED_EDGE('',*,*,#2490,.F.);
#3236=ORIENTED_EDGE('',*,*,#2491,.T.);
#3237=ORIENTED_EDGE('',*,*,#2492,.T.);
#3238=ORIENTED_EDGE('',*,*,#2493,.F.);
#3239=ORIENTED_EDGE('',*,*,#2494,.F.);
#3240=ORIENTED_EDGE('',*,*,#2493,.T.);
#3241=ORIENTED_EDGE('',*,*,#2495,.T.);
#3242=ORIENTED_EDGE('',*,*,#2496,.F.);
#3243=ORIENTED_EDGE('',*,*,#2497,.F.);
#3244=ORIENTED_EDGE('',*,*,#2496,.T.);
#3245=ORIENTED_EDGE('',*,*,#2498,.T.);
#3246=ORIENTED_EDGE('',*,*,#2499,.F.);
#3247=ORIENTED_EDGE('',*,*,#2500,.F.);
#3248=ORIENTED_EDGE('',*,*,#2499,.T.);
#3249=ORIENTED_EDGE('',*,*,#2501,.T.);
#3250=ORIENTED_EDGE('',*,*,#2502,.F.);
#3251=ORIENTED_EDGE('',*,*,#2503,.F.);
#3252=ORIENTED_EDGE('',*,*,#2504,.T.);
#3253=ORIENTED_EDGE('',*,*,#2505,.T.);
#3254=ORIENTED_EDGE('',*,*,#2491,.F.);
#3255=ORIENTED_EDGE('',*,*,#2506,.F.);
#3256=ORIENTED_EDGE('',*,*,#2502,.T.);
#3257=ORIENTED_EDGE('',*,*,#2507,.T.);
#3258=ORIENTED_EDGE('',*,*,#2504,.F.);
#3259=ORIENTED_EDGE('',*,*,#2507,.F.);
#3260=ORIENTED_EDGE('',*,*,#2501,.F.);
#3261=ORIENTED_EDGE('',*,*,#2498,.F.);
#3262=ORIENTED_EDGE('',*,*,#2495,.F.);
#3263=ORIENTED_EDGE('',*,*,#2492,.F.);
#3264=ORIENTED_EDGE('',*,*,#2505,.F.);
#3265=ORIENTED_EDGE('',*,*,#2508,.F.);
#3266=ORIENTED_EDGE('',*,*,#2509,.F.);
#3267=ORIENTED_EDGE('',*,*,#2510,.T.);
#3268=ORIENTED_EDGE('',*,*,#2511,.T.);
#3269=ORIENTED_EDGE('',*,*,#2512,.F.);
#3270=ORIENTED_EDGE('',*,*,#2513,.F.);
#3271=ORIENTED_EDGE('',*,*,#2512,.T.);
#3272=ORIENTED_EDGE('',*,*,#2514,.T.);
#3273=ORIENTED_EDGE('',*,*,#2515,.F.);
#3274=ORIENTED_EDGE('',*,*,#2516,.F.);
#3275=ORIENTED_EDGE('',*,*,#2515,.T.);
#3276=ORIENTED_EDGE('',*,*,#2517,.T.);
#3277=ORIENTED_EDGE('',*,*,#2518,.F.);
#3278=ORIENTED_EDGE('',*,*,#2519,.F.);
#3279=ORIENTED_EDGE('',*,*,#2518,.T.);
#3280=ORIENTED_EDGE('',*,*,#2520,.T.);
#3281=ORIENTED_EDGE('',*,*,#2521,.F.);
#3282=ORIENTED_EDGE('',*,*,#2522,.F.);
#3283=ORIENTED_EDGE('',*,*,#2523,.T.);
#3284=ORIENTED_EDGE('',*,*,#2524,.T.);
#3285=ORIENTED_EDGE('',*,*,#2510,.F.);
#3286=ORIENTED_EDGE('',*,*,#2525,.F.);
#3287=ORIENTED_EDGE('',*,*,#2521,.T.);
#3288=ORIENTED_EDGE('',*,*,#2526,.T.);
#3289=ORIENTED_EDGE('',*,*,#2523,.F.);
#3290=ORIENTED_EDGE('',*,*,#2526,.F.);
#3291=ORIENTED_EDGE('',*,*,#2520,.F.);
#3292=ORIENTED_EDGE('',*,*,#2517,.F.);
#3293=ORIENTED_EDGE('',*,*,#2514,.F.);
#3294=ORIENTED_EDGE('',*,*,#2511,.F.);
#3295=ORIENTED_EDGE('',*,*,#2524,.F.);
#3296=ORIENTED_EDGE('',*,*,#2527,.F.);
#3297=ORIENTED_EDGE('',*,*,#2528,.F.);
#3298=ORIENTED_EDGE('',*,*,#2529,.T.);
#3299=ORIENTED_EDGE('',*,*,#2530,.T.);
#3300=ORIENTED_EDGE('',*,*,#2531,.F.);
#3301=ORIENTED_EDGE('',*,*,#2532,.F.);
#3302=ORIENTED_EDGE('',*,*,#2531,.T.);
#3303=ORIENTED_EDGE('',*,*,#2533,.T.);
#3304=ORIENTED_EDGE('',*,*,#2534,.F.);
#3305=ORIENTED_EDGE('',*,*,#2535,.F.);
#3306=ORIENTED_EDGE('',*,*,#2536,.F.);
#3307=ORIENTED_EDGE('',*,*,#2537,.F.);
#3308=ORIENTED_EDGE('',*,*,#2538,.T.);
#3309=ORIENTED_EDGE('',*,*,#2539,.T.);
#3310=ORIENTED_EDGE('',*,*,#2529,.F.);
#3311=ORIENTED_EDGE('',*,*,#2540,.F.);
#3312=ORIENTED_EDGE('',*,*,#2541,.F.);
#3313=ORIENTED_EDGE('',*,*,#2542,.T.);
#3314=ORIENTED_EDGE('',*,*,#2543,.T.);
#3315=ORIENTED_EDGE('',*,*,#2538,.F.);
#3316=ORIENTED_EDGE('',*,*,#2544,.F.);
#3317=ORIENTED_EDGE('',*,*,#2545,.T.);
#3318=ORIENTED_EDGE('',*,*,#2546,.T.);
#3319=ORIENTED_EDGE('',*,*,#2542,.F.);
#3320=ORIENTED_EDGE('',*,*,#2547,.F.);
#3321=ORIENTED_EDGE('',*,*,#2534,.T.);
#3322=ORIENTED_EDGE('',*,*,#2548,.T.);
#3323=ORIENTED_EDGE('',*,*,#2545,.F.);
#3324=ORIENTED_EDGE('',*,*,#2549,.F.);
#3325=ORIENTED_EDGE('',*,*,#2533,.F.);
#3326=ORIENTED_EDGE('',*,*,#2530,.F.);
#3327=ORIENTED_EDGE('',*,*,#2539,.F.);
#3328=ORIENTED_EDGE('',*,*,#2543,.F.);
#3329=ORIENTED_EDGE('',*,*,#2546,.F.);
#3330=ORIENTED_EDGE('',*,*,#2548,.F.);
#3331=ORIENTED_EDGE('',*,*,#2550,.F.);
#3332=ORIENTED_EDGE('',*,*,#2551,.F.);
#3333=ORIENTED_EDGE('',*,*,#2549,.T.);
#3334=ORIENTED_EDGE('',*,*,#2544,.T.);
#3335=ORIENTED_EDGE('',*,*,#2541,.T.);
#3336=ORIENTED_EDGE('',*,*,#2552,.F.);
#3337=ORIENTED_EDGE('',*,*,#2553,.T.);
#3338=ORIENTED_EDGE('',*,*,#2554,.T.);
#3339=ORIENTED_EDGE('',*,*,#2555,.F.);
#3340=ORIENTED_EDGE('',*,*,#2556,.F.);
#3341=ORIENTED_EDGE('',*,*,#2555,.T.);
#3342=ORIENTED_EDGE('',*,*,#2557,.T.);
#3343=ORIENTED_EDGE('',*,*,#2558,.F.);
#3344=ORIENTED_EDGE('',*,*,#2559,.F.);
#3345=ORIENTED_EDGE('',*,*,#2558,.T.);
#3346=ORIENTED_EDGE('',*,*,#2560,.T.);
#3347=ORIENTED_EDGE('',*,*,#2561,.F.);
#3348=ORIENTED_EDGE('',*,*,#2562,.F.);
#3349=ORIENTED_EDGE('',*,*,#2561,.T.);
#3350=ORIENTED_EDGE('',*,*,#2563,.T.);
#3351=ORIENTED_EDGE('',*,*,#2564,.F.);
#3352=ORIENTED_EDGE('',*,*,#2565,.F.);
#3353=ORIENTED_EDGE('',*,*,#2566,.T.);
#3354=ORIENTED_EDGE('',*,*,#2567,.T.);
#3355=ORIENTED_EDGE('',*,*,#2553,.F.);
#3356=ORIENTED_EDGE('',*,*,#2568,.F.);
#3357=ORIENTED_EDGE('',*,*,#2564,.T.);
#3358=ORIENTED_EDGE('',*,*,#2569,.T.);
#3359=ORIENTED_EDGE('',*,*,#2566,.F.);
#3360=ORIENTED_EDGE('',*,*,#2569,.F.);
#3361=ORIENTED_EDGE('',*,*,#2563,.F.);
#3362=ORIENTED_EDGE('',*,*,#2560,.F.);
#3363=ORIENTED_EDGE('',*,*,#2557,.F.);
#3364=ORIENTED_EDGE('',*,*,#2554,.F.);
#3365=ORIENTED_EDGE('',*,*,#2567,.F.);
#3366=ORIENTED_EDGE('',*,*,#2570,.F.);
#3367=ORIENTED_EDGE('',*,*,#2571,.F.);
#3368=ORIENTED_EDGE('',*,*,#2414,.T.);
#3369=ORIENTED_EDGE('',*,*,#2572,.T.);
#3370=ORIENTED_EDGE('',*,*,#2573,.F.);
#3371=ORIENTED_EDGE('',*,*,#2574,.F.);
#3372=ORIENTED_EDGE('',*,*,#2573,.T.);
#3373=ORIENTED_EDGE('',*,*,#2575,.T.);
#3374=ORIENTED_EDGE('',*,*,#2576,.F.);
#3375=ORIENTED_EDGE('',*,*,#2577,.F.);
#3376=ORIENTED_EDGE('',*,*,#2576,.T.);
#3377=ORIENTED_EDGE('',*,*,#2578,.T.);
#3378=ORIENTED_EDGE('',*,*,#2579,.F.);
#3379=ORIENTED_EDGE('',*,*,#2394,.F.);
#3380=ORIENTED_EDGE('',*,*,#2580,.F.);
#3381=ORIENTED_EDGE('',*,*,#2581,.T.);
#3382=ORIENTED_EDGE('',*,*,#2582,.T.);
#3383=ORIENTED_EDGE('',*,*,#2412,.F.);
#3384=ORIENTED_EDGE('',*,*,#2583,.F.);
#3385=ORIENTED_EDGE('',*,*,#2579,.T.);
#3386=ORIENTED_EDGE('',*,*,#2584,.T.);
#3387=ORIENTED_EDGE('',*,*,#2581,.F.);
#3388=ORIENTED_EDGE('',*,*,#2584,.F.);
#3389=ORIENTED_EDGE('',*,*,#2578,.F.);
#3390=ORIENTED_EDGE('',*,*,#2575,.F.);
#3391=ORIENTED_EDGE('',*,*,#2572,.F.);
#3392=ORIENTED_EDGE('',*,*,#2413,.F.);
#3393=ORIENTED_EDGE('',*,*,#2582,.F.);
#3394=ORIENTED_EDGE('',*,*,#2585,.F.);
#3395=ORIENTED_EDGE('',*,*,#2586,.F.);
#3396=ORIENTED_EDGE('',*,*,#2587,.T.);
#3397=ORIENTED_EDGE('',*,*,#2588,.T.);
#3398=ORIENTED_EDGE('',*,*,#2589,.F.);
#3399=ORIENTED_EDGE('',*,*,#2590,.F.);
#3400=ORIENTED_EDGE('',*,*,#2589,.T.);
#3401=ORIENTED_EDGE('',*,*,#2591,.T.);
#3402=ORIENTED_EDGE('',*,*,#2592,.F.);
#3403=ORIENTED_EDGE('',*,*,#2593,.F.);
#3404=ORIENTED_EDGE('',*,*,#2592,.T.);
#3405=ORIENTED_EDGE('',*,*,#2594,.T.);
#3406=ORIENTED_EDGE('',*,*,#2595,.F.);
#3407=ORIENTED_EDGE('',*,*,#2596,.F.);
#3408=ORIENTED_EDGE('',*,*,#2595,.T.);
#3409=ORIENTED_EDGE('',*,*,#2597,.T.);
#3410=ORIENTED_EDGE('',*,*,#2598,.F.);
#3411=ORIENTED_EDGE('',*,*,#2599,.F.);
#3412=ORIENTED_EDGE('',*,*,#2600,.T.);
#3413=ORIENTED_EDGE('',*,*,#2601,.T.);
#3414=ORIENTED_EDGE('',*,*,#2587,.F.);
#3415=ORIENTED_EDGE('',*,*,#2602,.F.);
#3416=ORIENTED_EDGE('',*,*,#2598,.T.);
#3417=ORIENTED_EDGE('',*,*,#2603,.T.);
#3418=ORIENTED_EDGE('',*,*,#2600,.F.);
#3419=ORIENTED_EDGE('',*,*,#2603,.F.);
#3420=ORIENTED_EDGE('',*,*,#2597,.F.);
#3421=ORIENTED_EDGE('',*,*,#2594,.F.);
#3422=ORIENTED_EDGE('',*,*,#2591,.F.);
#3423=ORIENTED_EDGE('',*,*,#2588,.F.);
#3424=ORIENTED_EDGE('',*,*,#2601,.F.);
#3425=ORIENTED_EDGE('',*,*,#2604,.F.);
#3426=ORIENTED_EDGE('',*,*,#2605,.F.);
#3427=ORIENTED_EDGE('',*,*,#2606,.T.);
#3428=ORIENTED_EDGE('',*,*,#2607,.T.);
#3429=ORIENTED_EDGE('',*,*,#2608,.F.);
#3430=ORIENTED_EDGE('',*,*,#2609,.F.);
#3431=ORIENTED_EDGE('',*,*,#2608,.T.);
#3432=ORIENTED_EDGE('',*,*,#2610,.T.);
#3433=ORIENTED_EDGE('',*,*,#2611,.F.);
#3434=ORIENTED_EDGE('',*,*,#2612,.F.);
#3435=ORIENTED_EDGE('',*,*,#2611,.T.);
#3436=ORIENTED_EDGE('',*,*,#2613,.T.);
#3437=ORIENTED_EDGE('',*,*,#2614,.F.);
#3438=ORIENTED_EDGE('',*,*,#2615,.F.);
#3439=ORIENTED_EDGE('',*,*,#2614,.T.);
#3440=ORIENTED_EDGE('',*,*,#2616,.T.);
#3441=ORIENTED_EDGE('',*,*,#2617,.F.);
#3442=ORIENTED_EDGE('',*,*,#2618,.F.);
#3443=ORIENTED_EDGE('',*,*,#2619,.T.);
#3444=ORIENTED_EDGE('',*,*,#2620,.T.);
#3445=ORIENTED_EDGE('',*,*,#2606,.F.);
#3446=ORIENTED_EDGE('',*,*,#2621,.F.);
#3447=ORIENTED_EDGE('',*,*,#2617,.T.);
#3448=ORIENTED_EDGE('',*,*,#2622,.T.);
#3449=ORIENTED_EDGE('',*,*,#2619,.F.);
#3450=ORIENTED_EDGE('',*,*,#2622,.F.);
#3451=ORIENTED_EDGE('',*,*,#2616,.F.);
#3452=ORIENTED_EDGE('',*,*,#2613,.F.);
#3453=ORIENTED_EDGE('',*,*,#2610,.F.);
#3454=ORIENTED_EDGE('',*,*,#2607,.F.);
#3455=ORIENTED_EDGE('',*,*,#2620,.F.);
#3456=ORIENTED_EDGE('',*,*,#2623,.F.);
#3457=ORIENTED_EDGE('',*,*,#2624,.F.);
#3458=ORIENTED_EDGE('',*,*,#2625,.T.);
#3459=ORIENTED_EDGE('',*,*,#2626,.T.);
#3460=ORIENTED_EDGE('',*,*,#2627,.F.);
#3461=ORIENTED_EDGE('',*,*,#2628,.F.);
#3462=ORIENTED_EDGE('',*,*,#2627,.T.);
#3463=ORIENTED_EDGE('',*,*,#2629,.T.);
#3464=ORIENTED_EDGE('',*,*,#2630,.F.);
#3465=ORIENTED_EDGE('',*,*,#2631,.F.);
#3466=ORIENTED_EDGE('',*,*,#2630,.T.);
#3467=ORIENTED_EDGE('',*,*,#2632,.T.);
#3468=ORIENTED_EDGE('',*,*,#2633,.F.);
#3469=ORIENTED_EDGE('',*,*,#2634,.F.);
#3470=ORIENTED_EDGE('',*,*,#2633,.T.);
#3471=ORIENTED_EDGE('',*,*,#2635,.T.);
#3472=ORIENTED_EDGE('',*,*,#2636,.F.);
#3473=ORIENTED_EDGE('',*,*,#2637,.F.);
#3474=ORIENTED_EDGE('',*,*,#2638,.T.);
#3475=ORIENTED_EDGE('',*,*,#2639,.T.);
#3476=ORIENTED_EDGE('',*,*,#2625,.F.);
#3477=ORIENTED_EDGE('',*,*,#2640,.F.);
#3478=ORIENTED_EDGE('',*,*,#2636,.T.);
#3479=ORIENTED_EDGE('',*,*,#2641,.T.);
#3480=ORIENTED_EDGE('',*,*,#2638,.F.);
#3481=ORIENTED_EDGE('',*,*,#2641,.F.);
#3482=ORIENTED_EDGE('',*,*,#2635,.F.);
#3483=ORIENTED_EDGE('',*,*,#2632,.F.);
#3484=ORIENTED_EDGE('',*,*,#2629,.F.);
#3485=ORIENTED_EDGE('',*,*,#2626,.F.);
#3486=ORIENTED_EDGE('',*,*,#2639,.F.);
#3487=ORIENTED_EDGE('',*,*,#2642,.F.);
#3488=ORIENTED_EDGE('',*,*,#2643,.F.);
#3489=ORIENTED_EDGE('',*,*,#2644,.T.);
#3490=ORIENTED_EDGE('',*,*,#2645,.T.);
#3491=ORIENTED_EDGE('',*,*,#2646,.F.);
#3492=ORIENTED_EDGE('',*,*,#2647,.F.);
#3493=ORIENTED_EDGE('',*,*,#2646,.T.);
#3494=ORIENTED_EDGE('',*,*,#2648,.T.);
#3495=ORIENTED_EDGE('',*,*,#2649,.F.);
#3496=ORIENTED_EDGE('',*,*,#2650,.F.);
#3497=ORIENTED_EDGE('',*,*,#2649,.T.);
#3498=ORIENTED_EDGE('',*,*,#2651,.T.);
#3499=ORIENTED_EDGE('',*,*,#2652,.F.);
#3500=ORIENTED_EDGE('',*,*,#2653,.F.);
#3501=ORIENTED_EDGE('',*,*,#2652,.T.);
#3502=ORIENTED_EDGE('',*,*,#2654,.T.);
#3503=ORIENTED_EDGE('',*,*,#2655,.F.);
#3504=ORIENTED_EDGE('',*,*,#2656,.F.);
#3505=ORIENTED_EDGE('',*,*,#2657,.T.);
#3506=ORIENTED_EDGE('',*,*,#2658,.T.);
#3507=ORIENTED_EDGE('',*,*,#2644,.F.);
#3508=ORIENTED_EDGE('',*,*,#2659,.F.);
#3509=ORIENTED_EDGE('',*,*,#2655,.T.);
#3510=ORIENTED_EDGE('',*,*,#2660,.T.);
#3511=ORIENTED_EDGE('',*,*,#2657,.F.);
#3512=ORIENTED_EDGE('',*,*,#2660,.F.);
#3513=ORIENTED_EDGE('',*,*,#2654,.F.);
#3514=ORIENTED_EDGE('',*,*,#2651,.F.);
#3515=ORIENTED_EDGE('',*,*,#2648,.F.);
#3516=ORIENTED_EDGE('',*,*,#2645,.F.);
#3517=ORIENTED_EDGE('',*,*,#2658,.F.);
#3518=ORIENTED_EDGE('',*,*,#2661,.F.);
#3519=ORIENTED_EDGE('',*,*,#2662,.F.);
#3520=ORIENTED_EDGE('',*,*,#2663,.T.);
#3521=ORIENTED_EDGE('',*,*,#2664,.T.);
#3522=ORIENTED_EDGE('',*,*,#2665,.F.);
#3523=ORIENTED_EDGE('',*,*,#2666,.F.);
#3524=ORIENTED_EDGE('',*,*,#2665,.T.);
#3525=ORIENTED_EDGE('',*,*,#2667,.T.);
#3526=ORIENTED_EDGE('',*,*,#2668,.F.);
#3527=ORIENTED_EDGE('',*,*,#2669,.F.);
#3528=ORIENTED_EDGE('',*,*,#2668,.T.);
#3529=ORIENTED_EDGE('',*,*,#2670,.T.);
#3530=ORIENTED_EDGE('',*,*,#2671,.F.);
#3531=ORIENTED_EDGE('',*,*,#2672,.F.);
#3532=ORIENTED_EDGE('',*,*,#2671,.T.);
#3533=ORIENTED_EDGE('',*,*,#2673,.T.);
#3534=ORIENTED_EDGE('',*,*,#2674,.F.);
#3535=ORIENTED_EDGE('',*,*,#2675,.F.);
#3536=ORIENTED_EDGE('',*,*,#2676,.T.);
#3537=ORIENTED_EDGE('',*,*,#2677,.T.);
#3538=ORIENTED_EDGE('',*,*,#2663,.F.);
#3539=ORIENTED_EDGE('',*,*,#2678,.F.);
#3540=ORIENTED_EDGE('',*,*,#2674,.T.);
#3541=ORIENTED_EDGE('',*,*,#2679,.T.);
#3542=ORIENTED_EDGE('',*,*,#2676,.F.);
#3543=ORIENTED_EDGE('',*,*,#2679,.F.);
#3544=ORIENTED_EDGE('',*,*,#2673,.F.);
#3545=ORIENTED_EDGE('',*,*,#2670,.F.);
#3546=ORIENTED_EDGE('',*,*,#2667,.F.);
#3547=ORIENTED_EDGE('',*,*,#2664,.F.);
#3548=ORIENTED_EDGE('',*,*,#2677,.F.);
#3549=ORIENTED_EDGE('',*,*,#2680,.F.);
#3550=ORIENTED_EDGE('',*,*,#2681,.F.);
#3551=ORIENTED_EDGE('',*,*,#2682,.T.);
#3552=ORIENTED_EDGE('',*,*,#2683,.T.);
#3553=ORIENTED_EDGE('',*,*,#2684,.F.);
#3554=ORIENTED_EDGE('',*,*,#2685,.F.);
#3555=ORIENTED_EDGE('',*,*,#2684,.T.);
#3556=ORIENTED_EDGE('',*,*,#2686,.T.);
#3557=ORIENTED_EDGE('',*,*,#2402,.F.);
#3558=ORIENTED_EDGE('',*,*,#2375,.F.);
#3559=ORIENTED_EDGE('',*,*,#2404,.T.);
#3560=ORIENTED_EDGE('',*,*,#2687,.T.);
#3561=ORIENTED_EDGE('',*,*,#2688,.F.);
#3562=ORIENTED_EDGE('',*,*,#2689,.F.);
#3563=ORIENTED_EDGE('',*,*,#2690,.F.);
#3564=ORIENTED_EDGE('',*,*,#2691,.T.);
#3565=ORIENTED_EDGE('',*,*,#2692,.T.);
#3566=ORIENTED_EDGE('',*,*,#2682,.F.);
#3567=ORIENTED_EDGE('',*,*,#2693,.F.);
#3568=ORIENTED_EDGE('',*,*,#2688,.T.);
#3569=ORIENTED_EDGE('',*,*,#2694,.T.);
#3570=ORIENTED_EDGE('',*,*,#2691,.F.);
#3571=ORIENTED_EDGE('',*,*,#2694,.F.);
#3572=ORIENTED_EDGE('',*,*,#2687,.F.);
#3573=ORIENTED_EDGE('',*,*,#2403,.F.);
#3574=ORIENTED_EDGE('',*,*,#2686,.F.);
#3575=ORIENTED_EDGE('',*,*,#2683,.F.);
#3576=ORIENTED_EDGE('',*,*,#2692,.F.);
#3577=ORIENTED_EDGE('',*,*,#2695,.F.);
#3578=ORIENTED_EDGE('',*,*,#2696,.F.);
#3579=ORIENTED_EDGE('',*,*,#2697,.T.);
#3580=ORIENTED_EDGE('',*,*,#2698,.T.);
#3581=ORIENTED_EDGE('',*,*,#2699,.F.);
#3582=ORIENTED_EDGE('',*,*,#2700,.F.);
#3583=ORIENTED_EDGE('',*,*,#2699,.T.);
#3584=ORIENTED_EDGE('',*,*,#2701,.T.);
#3585=ORIENTED_EDGE('',*,*,#2702,.F.);
#3586=ORIENTED_EDGE('',*,*,#2703,.F.);
#3587=ORIENTED_EDGE('',*,*,#2702,.T.);
#3588=ORIENTED_EDGE('',*,*,#2704,.T.);
#3589=ORIENTED_EDGE('',*,*,#2705,.F.);
#3590=ORIENTED_EDGE('',*,*,#2706,.F.);
#3591=ORIENTED_EDGE('',*,*,#2705,.T.);
#3592=ORIENTED_EDGE('',*,*,#2707,.T.);
#3593=ORIENTED_EDGE('',*,*,#2708,.F.);
#3594=ORIENTED_EDGE('',*,*,#2709,.F.);
#3595=ORIENTED_EDGE('',*,*,#2710,.T.);
#3596=ORIENTED_EDGE('',*,*,#2711,.T.);
#3597=ORIENTED_EDGE('',*,*,#2697,.F.);
#3598=ORIENTED_EDGE('',*,*,#2712,.F.);
#3599=ORIENTED_EDGE('',*,*,#2708,.T.);
#3600=ORIENTED_EDGE('',*,*,#2713,.T.);
#3601=ORIENTED_EDGE('',*,*,#2710,.F.);
#3602=ORIENTED_EDGE('',*,*,#2713,.F.);
#3603=ORIENTED_EDGE('',*,*,#2707,.F.);
#3604=ORIENTED_EDGE('',*,*,#2704,.F.);
#3605=ORIENTED_EDGE('',*,*,#2701,.F.);
#3606=ORIENTED_EDGE('',*,*,#2698,.F.);
#3607=ORIENTED_EDGE('',*,*,#2711,.F.);
#3608=ORIENTED_EDGE('',*,*,#2714,.F.);
#3609=ORIENTED_EDGE('',*,*,#2715,.F.);
#3610=ORIENTED_EDGE('',*,*,#2716,.T.);
#3611=ORIENTED_EDGE('',*,*,#2717,.T.);
#3612=ORIENTED_EDGE('',*,*,#2718,.F.);
#3613=ORIENTED_EDGE('',*,*,#2719,.F.);
#3614=ORIENTED_EDGE('',*,*,#2718,.T.);
#3615=ORIENTED_EDGE('',*,*,#2720,.T.);
#3616=ORIENTED_EDGE('',*,*,#2721,.F.);
#3617=ORIENTED_EDGE('',*,*,#2722,.F.);
#3618=ORIENTED_EDGE('',*,*,#2721,.T.);
#3619=ORIENTED_EDGE('',*,*,#2723,.T.);
#3620=ORIENTED_EDGE('',*,*,#2724,.F.);
#3621=ORIENTED_EDGE('',*,*,#2725,.F.);
#3622=ORIENTED_EDGE('',*,*,#2724,.T.);
#3623=ORIENTED_EDGE('',*,*,#2726,.T.);
#3624=ORIENTED_EDGE('',*,*,#2727,.F.);
#3625=ORIENTED_EDGE('',*,*,#2728,.F.);
#3626=ORIENTED_EDGE('',*,*,#2729,.T.);
#3627=ORIENTED_EDGE('',*,*,#2730,.T.);
#3628=ORIENTED_EDGE('',*,*,#2716,.F.);
#3629=ORIENTED_EDGE('',*,*,#2731,.F.);
#3630=ORIENTED_EDGE('',*,*,#2727,.T.);
#3631=ORIENTED_EDGE('',*,*,#2732,.T.);
#3632=ORIENTED_EDGE('',*,*,#2729,.F.);
#3633=ORIENTED_EDGE('',*,*,#2732,.F.);
#3634=ORIENTED_EDGE('',*,*,#2726,.F.);
#3635=ORIENTED_EDGE('',*,*,#2723,.F.);
#3636=ORIENTED_EDGE('',*,*,#2720,.F.);
#3637=ORIENTED_EDGE('',*,*,#2717,.F.);
#3638=ORIENTED_EDGE('',*,*,#2730,.F.);
#3639=ORIENTED_EDGE('',*,*,#2733,.F.);
#3640=ORIENTED_EDGE('',*,*,#2734,.F.);
#3641=ORIENTED_EDGE('',*,*,#2735,.T.);
#3642=ORIENTED_EDGE('',*,*,#2736,.T.);
#3643=ORIENTED_EDGE('',*,*,#2737,.F.);
#3644=ORIENTED_EDGE('',*,*,#2738,.F.);
#3645=ORIENTED_EDGE('',*,*,#2737,.T.);
#3646=ORIENTED_EDGE('',*,*,#2739,.T.);
#3647=ORIENTED_EDGE('',*,*,#2740,.F.);
#3648=ORIENTED_EDGE('',*,*,#2741,.F.);
#3649=ORIENTED_EDGE('',*,*,#2740,.T.);
#3650=ORIENTED_EDGE('',*,*,#2742,.T.);
#3651=ORIENTED_EDGE('',*,*,#2743,.F.);
#3652=ORIENTED_EDGE('',*,*,#2744,.F.);
#3653=ORIENTED_EDGE('',*,*,#2743,.T.);
#3654=ORIENTED_EDGE('',*,*,#2745,.T.);
#3655=ORIENTED_EDGE('',*,*,#2746,.F.);
#3656=ORIENTED_EDGE('',*,*,#2747,.F.);
#3657=ORIENTED_EDGE('',*,*,#2748,.T.);
#3658=ORIENTED_EDGE('',*,*,#2749,.T.);
#3659=ORIENTED_EDGE('',*,*,#2735,.F.);
#3660=ORIENTED_EDGE('',*,*,#2750,.F.);
#3661=ORIENTED_EDGE('',*,*,#2746,.T.);
#3662=ORIENTED_EDGE('',*,*,#2751,.T.);
#3663=ORIENTED_EDGE('',*,*,#2748,.F.);
#3664=ORIENTED_EDGE('',*,*,#2751,.F.);
#3665=ORIENTED_EDGE('',*,*,#2745,.F.);
#3666=ORIENTED_EDGE('',*,*,#2742,.F.);
#3667=ORIENTED_EDGE('',*,*,#2739,.F.);
#3668=ORIENTED_EDGE('',*,*,#2736,.F.);
#3669=ORIENTED_EDGE('',*,*,#2749,.F.);
#3670=ORIENTED_EDGE('',*,*,#2752,.F.);
#3671=ORIENTED_EDGE('',*,*,#2753,.F.);
#3672=ORIENTED_EDGE('',*,*,#2754,.T.);
#3673=ORIENTED_EDGE('',*,*,#2755,.T.);
#3674=ORIENTED_EDGE('',*,*,#2756,.F.);
#3675=ORIENTED_EDGE('',*,*,#2757,.F.);
#3676=ORIENTED_EDGE('',*,*,#2756,.T.);
#3677=ORIENTED_EDGE('',*,*,#2758,.T.);
#3678=ORIENTED_EDGE('',*,*,#2759,.F.);
#3679=ORIENTED_EDGE('',*,*,#2760,.F.);
#3680=ORIENTED_EDGE('',*,*,#2759,.T.);
#3681=ORIENTED_EDGE('',*,*,#2761,.T.);
#3682=ORIENTED_EDGE('',*,*,#2762,.F.);
#3683=ORIENTED_EDGE('',*,*,#2763,.F.);
#3684=ORIENTED_EDGE('',*,*,#2762,.T.);
#3685=ORIENTED_EDGE('',*,*,#2764,.T.);
#3686=ORIENTED_EDGE('',*,*,#2765,.F.);
#3687=ORIENTED_EDGE('',*,*,#2766,.F.);
#3688=ORIENTED_EDGE('',*,*,#2767,.T.);
#3689=ORIENTED_EDGE('',*,*,#2768,.T.);
#3690=ORIENTED_EDGE('',*,*,#2754,.F.);
#3691=ORIENTED_EDGE('',*,*,#2769,.F.);
#3692=ORIENTED_EDGE('',*,*,#2765,.T.);
#3693=ORIENTED_EDGE('',*,*,#2770,.T.);
#3694=ORIENTED_EDGE('',*,*,#2767,.F.);
#3695=ORIENTED_EDGE('',*,*,#2770,.F.);
#3696=ORIENTED_EDGE('',*,*,#2764,.F.);
#3697=ORIENTED_EDGE('',*,*,#2761,.F.);
#3698=ORIENTED_EDGE('',*,*,#2758,.F.);
#3699=ORIENTED_EDGE('',*,*,#2755,.F.);
#3700=ORIENTED_EDGE('',*,*,#2768,.F.);
#3701=ORIENTED_EDGE('',*,*,#2771,.F.);
#3702=ORIENTED_EDGE('',*,*,#2441,.T.);
#3703=ORIENTED_EDGE('',*,*,#2428,.T.);
#3704=ORIENTED_EDGE('',*,*,#2433,.T.);
#3705=ORIENTED_EDGE('',*,*,#2436,.T.);
#3706=ORIENTED_EDGE('',*,*,#2449,.T.);
#3707=ORIENTED_EDGE('',*,*,#2772,.T.);
#3708=ORIENTED_EDGE('',*,*,#2773,.F.);
#3709=ORIENTED_EDGE('',*,*,#2774,.F.);
#3710=ORIENTED_EDGE('',*,*,#2254,.T.);
#3711=ORIENTED_EDGE('',*,*,#2775,.T.);
#3712=ORIENTED_EDGE('',*,*,#2451,.T.);
#3713=ORIENTED_EDGE('',*,*,#2776,.T.);
#3714=ORIENTED_EDGE('',*,*,#2320,.F.);
#3715=ORIENTED_EDGE('',*,*,#2776,.F.);
#3716=ORIENTED_EDGE('',*,*,#2733,.T.);
#3717=ORIENTED_EDGE('',*,*,#2777,.T.);
#3718=ORIENTED_EDGE('',*,*,#2321,.F.);
#3719=ORIENTED_EDGE('',*,*,#2777,.F.);
#3720=ORIENTED_EDGE('',*,*,#2470,.T.);
#3721=ORIENTED_EDGE('',*,*,#2778,.T.);
#3722=ORIENTED_EDGE('',*,*,#2322,.F.);
#3723=ORIENTED_EDGE('',*,*,#2778,.F.);
#3724=ORIENTED_EDGE('',*,*,#2550,.T.);
#3725=ORIENTED_EDGE('',*,*,#2779,.T.);
#3726=ORIENTED_EDGE('',*,*,#2323,.F.);
#3727=ORIENTED_EDGE('',*,*,#2779,.F.);
#3728=ORIENTED_EDGE('',*,*,#2642,.T.);
#3729=ORIENTED_EDGE('',*,*,#2780,.T.);
#3730=ORIENTED_EDGE('',*,*,#2324,.F.);
#3731=ORIENTED_EDGE('',*,*,#2780,.F.);
#3732=ORIENTED_EDGE('',*,*,#2570,.T.);
#3733=ORIENTED_EDGE('',*,*,#2781,.T.);
#3734=ORIENTED_EDGE('',*,*,#2325,.F.);
#3735=ORIENTED_EDGE('',*,*,#2781,.F.);
#3736=ORIENTED_EDGE('',*,*,#2527,.T.);
#3737=ORIENTED_EDGE('',*,*,#2782,.T.);
#3738=ORIENTED_EDGE('',*,*,#2326,.F.);
#3739=ORIENTED_EDGE('',*,*,#2782,.F.);
#3740=ORIENTED_EDGE('',*,*,#2537,.T.);
#3741=ORIENTED_EDGE('',*,*,#2783,.F.);
#3742=ORIENTED_EDGE('',*,*,#2784,.T.);
#3743=ORIENTED_EDGE('',*,*,#2785,.T.);
#3744=ORIENTED_EDGE('',*,*,#2286,.F.);
#3745=ORIENTED_EDGE('',*,*,#2786,.F.);
#3746=ORIENTED_EDGE('',*,*,#2535,.T.);
#3747=ORIENTED_EDGE('',*,*,#2547,.T.);
#3748=ORIENTED_EDGE('',*,*,#2551,.T.);
#3749=ORIENTED_EDGE('',*,*,#2540,.T.);
#3750=ORIENTED_EDGE('',*,*,#2378,.F.);
#3751=ORIENTED_EDGE('',*,*,#2787,.F.);
#3752=ORIENTED_EDGE('',*,*,#2315,.F.);
#3753=ORIENTED_EDGE('',*,*,#2360,.F.);
#3754=ORIENTED_EDGE('',*,*,#2370,.F.);
#3755=ORIENTED_EDGE('',*,*,#2788,.T.);
#3756=ORIENTED_EDGE('',*,*,#2309,.F.);
#3757=ORIENTED_EDGE('',*,*,#2400,.F.);
#3758=ORIENTED_EDGE('',*,*,#2338,.F.);
#3759=ORIENTED_EDGE('',*,*,#2789,.T.);
#3760=ORIENTED_EDGE('',*,*,#2489,.T.);
#3761=ORIENTED_EDGE('',*,*,#2789,.F.);
#3762=ORIENTED_EDGE('',*,*,#2337,.F.);
#3763=ORIENTED_EDGE('',*,*,#2790,.T.);
#3764=ORIENTED_EDGE('',*,*,#2714,.T.);
#3765=ORIENTED_EDGE('',*,*,#2790,.F.);
#3766=ORIENTED_EDGE('',*,*,#2336,.F.);
#3767=ORIENTED_EDGE('',*,*,#2791,.T.);
#3768=ORIENTED_EDGE('',*,*,#2623,.T.);
#3769=ORIENTED_EDGE('',*,*,#2791,.F.);
#3770=ORIENTED_EDGE('',*,*,#2332,.F.);
#3771=ORIENTED_EDGE('',*,*,#2792,.T.);
#3772=ORIENTED_EDGE('',*,*,#2604,.T.);
#3773=ORIENTED_EDGE('',*,*,#2792,.F.);
#3774=ORIENTED_EDGE('',*,*,#2335,.F.);
#3775=ORIENTED_EDGE('',*,*,#2793,.T.);
#3776=ORIENTED_EDGE('',*,*,#2585,.T.);
#3777=ORIENTED_EDGE('',*,*,#2793,.F.);
#3778=ORIENTED_EDGE('',*,*,#2331,.F.);
#3779=ORIENTED_EDGE('',*,*,#2794,.T.);
#3780=ORIENTED_EDGE('',*,*,#2695,.T.);
#3781=ORIENTED_EDGE('',*,*,#2794,.F.);
#3782=ORIENTED_EDGE('',*,*,#2330,.F.);
#3783=ORIENTED_EDGE('',*,*,#2795,.T.);
#3784=ORIENTED_EDGE('',*,*,#2508,.T.);
#3785=ORIENTED_EDGE('',*,*,#2795,.F.);
#3786=ORIENTED_EDGE('',*,*,#2329,.F.);
#3787=ORIENTED_EDGE('',*,*,#2796,.T.);
#3788=ORIENTED_EDGE('',*,*,#2771,.T.);
#3789=ORIENTED_EDGE('',*,*,#2796,.F.);
#3790=ORIENTED_EDGE('',*,*,#2328,.F.);
#3791=ORIENTED_EDGE('',*,*,#2797,.T.);
#3792=ORIENTED_EDGE('',*,*,#2680,.T.);
#3793=ORIENTED_EDGE('',*,*,#2797,.F.);
#3794=ORIENTED_EDGE('',*,*,#2334,.F.);
#3795=ORIENTED_EDGE('',*,*,#2798,.T.);
#3796=ORIENTED_EDGE('',*,*,#2661,.T.);
#3797=ORIENTED_EDGE('',*,*,#2798,.F.);
#3798=ORIENTED_EDGE('',*,*,#2327,.F.);
#3799=ORIENTED_EDGE('',*,*,#2799,.T.);
#3800=ORIENTED_EDGE('',*,*,#2427,.T.);
#3801=ORIENTED_EDGE('',*,*,#2799,.F.);
#3802=ORIENTED_EDGE('',*,*,#2333,.F.);
#3803=ORIENTED_EDGE('',*,*,#2800,.T.);
#3804=ORIENTED_EDGE('',*,*,#2752,.T.);
#3805=ORIENTED_EDGE('',*,*,#2800,.F.);
#3806=ORIENTED_EDGE('',*,*,#2349,.F.);
#3807=ORIENTED_EDGE('',*,*,#2310,.F.);
#3808=ORIENTED_EDGE('',*,*,#2788,.F.);
#3809=ORIENTED_EDGE('',*,*,#2373,.F.);
#3810=ORIENTED_EDGE('',*,*,#2381,.F.);
#3811=ORIENTED_EDGE('',*,*,#2397,.T.);
#3812=ORIENTED_EDGE('',*,*,#2316,.F.);
#3813=ORIENTED_EDGE('',*,*,#2787,.T.);
#3814=ORIENTED_EDGE('',*,*,#2276,.F.);
#3815=ORIENTED_EDGE('',*,*,#2801,.F.);
#3816=ORIENTED_EDGE('',*,*,#2802,.F.);
#3817=ORIENTED_EDGE('',*,*,#2803,.F.);
#3818=ORIENTED_EDGE('',*,*,#2784,.F.);
#3819=ORIENTED_EDGE('',*,*,#2804,.T.);
#3820=ORIENTED_EDGE('',*,*,#2283,.F.);
#3821=ORIENTED_EDGE('',*,*,#2280,.F.);
#3822=ORIENTED_EDGE('',*,*,#2230,.F.);
#3823=ORIENTED_EDGE('',*,*,#2252,.T.);
#3824=ORIENTED_EDGE('',*,*,#2805,.T.);
#3825=ORIENTED_EDGE('',*,*,#2806,.T.);
#3826=ORIENTED_EDGE('',*,*,#2773,.T.);
#3827=ORIENTED_EDGE('',*,*,#2807,.T.);
#3828=ORIENTED_EDGE('',*,*,#2237,.F.);
#3829=ORIENTED_EDGE('',*,*,#2234,.F.);
#3830=ORIENTED_EDGE('',*,*,#2376,.F.);
#3831=ORIENTED_EDGE('',*,*,#2689,.T.);
#3832=ORIENTED_EDGE('',*,*,#2693,.T.);
#3833=ORIENTED_EDGE('',*,*,#2690,.T.);
#3834=ORIENTED_EDGE('',*,*,#2681,.T.);
#3835=ORIENTED_EDGE('',*,*,#2685,.T.);
#3836=ORIENTED_EDGE('',*,*,#2401,.T.);
#3837=ORIENTED_EDGE('',*,*,#2379,.F.);
#3838=ORIENTED_EDGE('',*,*,#2361,.F.);
#3839=ORIENTED_EDGE('',*,*,#2353,.F.);
#3840=ORIENTED_EDGE('',*,*,#2284,.T.);
#3841=ORIENTED_EDGE('',*,*,#2804,.F.);
#3842=ORIENTED_EDGE('',*,*,#2783,.T.);
#3843=ORIENTED_EDGE('',*,*,#2536,.T.);
#3844=ORIENTED_EDGE('',*,*,#2528,.T.);
#3845=ORIENTED_EDGE('',*,*,#2532,.T.);
#3846=ORIENTED_EDGE('',*,*,#2786,.T.);
#3847=ORIENTED_EDGE('',*,*,#2285,.F.);
#3848=ORIENTED_EDGE('',*,*,#2268,.F.);
#3849=ORIENTED_EDGE('',*,*,#2355,.F.);
#3850=ORIENTED_EDGE('',*,*,#2374,.F.);
#3851=ORIENTED_EDGE('',*,*,#2368,.F.);
#3852=ORIENTED_EDGE('',*,*,#2408,.T.);
#3853=ORIENTED_EDGE('',*,*,#2425,.T.);
#3854=ORIENTED_EDGE('',*,*,#2416,.T.);
#3855=ORIENTED_EDGE('',*,*,#2420,.T.);
#3856=ORIENTED_EDGE('',*,*,#2423,.T.);
#3857=ORIENTED_EDGE('',*,*,#2409,.T.);
#3858=ORIENTED_EDGE('',*,*,#2371,.F.);
#3859=ORIENTED_EDGE('',*,*,#2363,.F.);
#3860=ORIENTED_EDGE('',*,*,#2390,.F.);
#3861=ORIENTED_EDGE('',*,*,#2415,.T.);
#3862=ORIENTED_EDGE('',*,*,#2571,.T.);
#3863=ORIENTED_EDGE('',*,*,#2574,.T.);
#3864=ORIENTED_EDGE('',*,*,#2577,.T.);
#3865=ORIENTED_EDGE('',*,*,#2583,.T.);
#3866=ORIENTED_EDGE('',*,*,#2580,.T.);
#3867=ORIENTED_EDGE('',*,*,#2393,.F.);
#3868=ORIENTED_EDGE('',*,*,#2395,.F.);
#3869=ORIENTED_EDGE('',*,*,#2300,.F.);
#3870=ORIENTED_EDGE('',*,*,#2238,.T.);
#3871=ORIENTED_EDGE('',*,*,#2807,.F.);
#3872=ORIENTED_EDGE('',*,*,#2772,.F.);
#3873=ORIENTED_EDGE('',*,*,#2448,.T.);
#3874=ORIENTED_EDGE('',*,*,#2445,.T.);
#3875=ORIENTED_EDGE('',*,*,#2442,.T.);
#3876=ORIENTED_EDGE('',*,*,#2775,.F.);
#3877=ORIENTED_EDGE('',*,*,#2253,.F.);
#3878=ORIENTED_EDGE('',*,*,#2239,.F.);
#3879=ORIENTED_EDGE('',*,*,#2303,.F.);
#3880=ORIENTED_EDGE('',*,*,#2344,.F.);
#3881=ORIENTED_EDGE('',*,*,#2385,.F.);
#3882=ORIENTED_EDGE('',*,*,#2477,.T.);
#3883=ORIENTED_EDGE('',*,*,#2478,.T.);
#3884=ORIENTED_EDGE('',*,*,#2481,.T.);
#3885=ORIENTED_EDGE('',*,*,#2487,.T.);
#3886=ORIENTED_EDGE('',*,*,#2484,.T.);
#3887=ORIENTED_EDGE('',*,*,#2471,.T.);
#3888=ORIENTED_EDGE('',*,*,#2387,.F.);
#3889=ORIENTED_EDGE('',*,*,#2382,.F.);
#3890=ORIENTED_EDGE('',*,*,#2763,.T.);
#3891=ORIENTED_EDGE('',*,*,#2769,.T.);
#3892=ORIENTED_EDGE('',*,*,#2766,.T.);
#3893=ORIENTED_EDGE('',*,*,#2753,.T.);
#3894=ORIENTED_EDGE('',*,*,#2757,.T.);
#3895=ORIENTED_EDGE('',*,*,#2760,.T.);
#3896=ORIENTED_EDGE('',*,*,#2744,.T.);
#3897=ORIENTED_EDGE('',*,*,#2750,.T.);
#3898=ORIENTED_EDGE('',*,*,#2747,.T.);
#3899=ORIENTED_EDGE('',*,*,#2734,.T.);
#3900=ORIENTED_EDGE('',*,*,#2738,.T.);
#3901=ORIENTED_EDGE('',*,*,#2741,.T.);
#3902=ORIENTED_EDGE('',*,*,#2725,.T.);
#3903=ORIENTED_EDGE('',*,*,#2731,.T.);
#3904=ORIENTED_EDGE('',*,*,#2728,.T.);
#3905=ORIENTED_EDGE('',*,*,#2715,.T.);
#3906=ORIENTED_EDGE('',*,*,#2719,.T.);
#3907=ORIENTED_EDGE('',*,*,#2722,.T.);
#3908=ORIENTED_EDGE('',*,*,#2706,.T.);
#3909=ORIENTED_EDGE('',*,*,#2712,.T.);
#3910=ORIENTED_EDGE('',*,*,#2709,.T.);
#3911=ORIENTED_EDGE('',*,*,#2696,.T.);
#3912=ORIENTED_EDGE('',*,*,#2700,.T.);
#3913=ORIENTED_EDGE('',*,*,#2703,.T.);
#3914=ORIENTED_EDGE('',*,*,#2672,.T.);
#3915=ORIENTED_EDGE('',*,*,#2678,.T.);
#3916=ORIENTED_EDGE('',*,*,#2675,.T.);
#3917=ORIENTED_EDGE('',*,*,#2662,.T.);
#3918=ORIENTED_EDGE('',*,*,#2666,.T.);
#3919=ORIENTED_EDGE('',*,*,#2669,.T.);
#3920=ORIENTED_EDGE('',*,*,#2653,.T.);
#3921=ORIENTED_EDGE('',*,*,#2659,.T.);
#3922=ORIENTED_EDGE('',*,*,#2656,.T.);
#3923=ORIENTED_EDGE('',*,*,#2643,.T.);
#3924=ORIENTED_EDGE('',*,*,#2647,.T.);
#3925=ORIENTED_EDGE('',*,*,#2650,.T.);
#3926=ORIENTED_EDGE('',*,*,#2634,.T.);
#3927=ORIENTED_EDGE('',*,*,#2640,.T.);
#3928=ORIENTED_EDGE('',*,*,#2637,.T.);
#3929=ORIENTED_EDGE('',*,*,#2624,.T.);
#3930=ORIENTED_EDGE('',*,*,#2628,.T.);
#3931=ORIENTED_EDGE('',*,*,#2631,.T.);
#3932=ORIENTED_EDGE('',*,*,#2615,.T.);
#3933=ORIENTED_EDGE('',*,*,#2621,.T.);
#3934=ORIENTED_EDGE('',*,*,#2618,.T.);
#3935=ORIENTED_EDGE('',*,*,#2605,.T.);
#3936=ORIENTED_EDGE('',*,*,#2609,.T.);
#3937=ORIENTED_EDGE('',*,*,#2612,.T.);
#3938=ORIENTED_EDGE('',*,*,#2596,.T.);
#3939=ORIENTED_EDGE('',*,*,#2602,.T.);
#3940=ORIENTED_EDGE('',*,*,#2599,.T.);
#3941=ORIENTED_EDGE('',*,*,#2586,.T.);
#3942=ORIENTED_EDGE('',*,*,#2590,.T.);
#3943=ORIENTED_EDGE('',*,*,#2593,.T.);
#3944=ORIENTED_EDGE('',*,*,#2562,.T.);
#3945=ORIENTED_EDGE('',*,*,#2568,.T.);
#3946=ORIENTED_EDGE('',*,*,#2565,.T.);
#3947=ORIENTED_EDGE('',*,*,#2552,.T.);
#3948=ORIENTED_EDGE('',*,*,#2556,.T.);
#3949=ORIENTED_EDGE('',*,*,#2559,.T.);
#3950=ORIENTED_EDGE('',*,*,#2519,.T.);
#3951=ORIENTED_EDGE('',*,*,#2525,.T.);
#3952=ORIENTED_EDGE('',*,*,#2522,.T.);
#3953=ORIENTED_EDGE('',*,*,#2509,.T.);
#3954=ORIENTED_EDGE('',*,*,#2513,.T.);
#3955=ORIENTED_EDGE('',*,*,#2516,.T.);
#3956=ORIENTED_EDGE('',*,*,#2500,.T.);
#3957=ORIENTED_EDGE('',*,*,#2506,.T.);
#3958=ORIENTED_EDGE('',*,*,#2503,.T.);
#3959=ORIENTED_EDGE('',*,*,#2490,.T.);
#3960=ORIENTED_EDGE('',*,*,#2494,.T.);
#3961=ORIENTED_EDGE('',*,*,#2497,.T.);
#3962=ORIENTED_EDGE('',*,*,#2462,.T.);
#3963=ORIENTED_EDGE('',*,*,#2468,.T.);
#3964=ORIENTED_EDGE('',*,*,#2465,.T.);
#3965=ORIENTED_EDGE('',*,*,#2452,.T.);
#3966=ORIENTED_EDGE('',*,*,#2456,.T.);
#3967=ORIENTED_EDGE('',*,*,#2459,.T.);
#3968=ORIENTED_EDGE('',*,*,#2803,.T.);
#3969=ORIENTED_EDGE('',*,*,#2808,.T.);
#3970=ORIENTED_EDGE('',*,*,#2287,.F.);
#3971=ORIENTED_EDGE('',*,*,#2785,.F.);
#3972=ORIENTED_EDGE('',*,*,#2802,.T.);
#3973=ORIENTED_EDGE('',*,*,#2809,.T.);
#3974=ORIENTED_EDGE('',*,*,#2288,.F.);
#3975=ORIENTED_EDGE('',*,*,#2808,.F.);
#3976=ORIENTED_EDGE('',*,*,#2272,.F.);
#3977=ORIENTED_EDGE('',*,*,#2289,.F.);
#3978=ORIENTED_EDGE('',*,*,#2809,.F.);
#3979=ORIENTED_EDGE('',*,*,#2801,.T.);
#3980=ORIENTED_EDGE('',*,*,#2275,.F.);
#3981=ORIENTED_EDGE('',*,*,#2810,.T.);
#3982=ORIENTED_EDGE('',*,*,#2273,.F.);
#3983=ORIENTED_EDGE('',*,*,#2810,.F.);
#3984=ORIENTED_EDGE('',*,*,#2277,.F.);
#3985=ORIENTED_EDGE('',*,*,#2263,.F.);
#3986=ORIENTED_EDGE('',*,*,#2255,.T.);
#3987=ORIENTED_EDGE('',*,*,#2774,.T.);
#3988=ORIENTED_EDGE('',*,*,#2806,.F.);
#3989=ORIENTED_EDGE('',*,*,#2811,.F.);
#3990=ORIENTED_EDGE('',*,*,#2256,.T.);
#3991=ORIENTED_EDGE('',*,*,#2811,.T.);
#3992=ORIENTED_EDGE('',*,*,#2805,.F.);
#3993=ORIENTED_EDGE('',*,*,#2251,.F.);
#3994=SPHERICAL_SURFACE('',#4240,1.00000000000001);
#3995=SPHERICAL_SURFACE('',#4244,0.999999999999994);
#3996=SPHERICAL_SURFACE('',#4266,1.);
#3997=SPHERICAL_SURFACE('',#4270,0.999999999999996);
#3998=SPHERICAL_SURFACE('',#4294,1.);
#3999=SPHERICAL_SURFACE('',#4326,1.);
#4000=SPHERICAL_SURFACE('',#4333,1.);
#4001=SPHERICAL_SURFACE('',#4341,1.);
#4002=ADVANCED_FACE('',(#1258),#3994,.T.);
#4003=ADVANCED_FACE('',(#1259),#3995,.T.);
#4004=ADVANCED_FACE('',(#1260),#1211,.T.);
#4005=ADVANCED_FACE('',(#1261),#1212,.T.);
#4006=ADVANCED_FACE('',(#1262),#1213,.T.);
#4007=ADVANCED_FACE('',(#1263),#273,.T.);
#4008=ADVANCED_FACE('',(#1264),#274,.T.);
#4009=ADVANCED_FACE('',(#1265),#1214,.T.);
#4010=ADVANCED_FACE('',(#1266),#1215,.T.);
#4011=ADVANCED_FACE('',(#1267),#86,.T.);
#4012=ADVANCED_FACE('',(#1268),#87,.T.);
#4013=ADVANCED_FACE('',(#1269),#88,.F.);
#4014=ADVANCED_FACE('',(#1270),#3996,.T.);
#4015=ADVANCED_FACE('',(#1271),#3997,.T.);
#4016=ADVANCED_FACE('',(#1272),#1216,.T.);
#4017=ADVANCED_FACE('',(#1273),#1217,.T.);
#4018=ADVANCED_FACE('',(#1274),#275,.T.);
#4019=ADVANCED_FACE('',(#1275),#1218,.T.);
#4020=ADVANCED_FACE('',(#1276),#1219,.T.);
#4021=ADVANCED_FACE('',(#1277),#1220,.T.);
#4022=ADVANCED_FACE('',(#1278),#276,.T.);
#4023=ADVANCED_FACE('',(#1279),#89,.T.);
#4024=ADVANCED_FACE('',(#1280),#90,.T.);
#4025=ADVANCED_FACE('',(#1281),#1221,.F.);
#4026=ADVANCED_FACE('',(#1282),#1222,.F.);
#4027=ADVANCED_FACE('',(#1283),#91,.T.);
#4028=ADVANCED_FACE('',(#1284),#3998,.T.);
#4029=ADVANCED_FACE('',(#1285),#1223,.T.);
#4030=ADVANCED_FACE('',(#1286),#1224,.T.);
#4031=ADVANCED_FACE('',(#1287),#92,.T.);
#4032=ADVANCED_FACE('',(#1288,#35,#36,#37,#38,#39,#40,#41,#42,#43,#44,#45,
#46,#47,#48,#49,#50,#51,#52,#53),#93,.T.);
#4033=ADVANCED_FACE('',(#1289),#3999,.T.);
#4034=ADVANCED_FACE('',(#1290),#1225,.T.);
#4035=ADVANCED_FACE('',(#1291),#1226,.T.);
#4036=ADVANCED_FACE('',(#1292),#94,.T.);
#4037=ADVANCED_FACE('',(#1293),#4000,.T.);
#4038=ADVANCED_FACE('',(#1294),#1227,.T.);
#4039=ADVANCED_FACE('',(#1295),#95,.T.);
#4040=ADVANCED_FACE('',(#1296),#1228,.T.);
#4041=ADVANCED_FACE('',(#1297),#4001,.T.);
#4042=ADVANCED_FACE('',(#1298),#1229,.T.);
#4043=ADVANCED_FACE('',(#1299),#96,.T.);
#4044=ADVANCED_FACE('',(#1300),#1230,.T.);
#4045=ADVANCED_FACE('',(#1301),#1231,.T.);
#4046=ADVANCED_FACE('',(#1302),#1232,.T.);
#4047=ADVANCED_FACE('',(#1303),#1233,.T.);
#4048=ADVANCED_FACE('',(#1304),#1234,.T.);
#4049=ADVANCED_FACE('',(#1305),#1235,.T.);
#4050=ADVANCED_FACE('',(#1306),#1236,.T.);
#4051=ADVANCED_FACE('',(#1307),#1237,.T.);
#4052=ADVANCED_FACE('',(#1308),#1238,.T.);
#4053=ADVANCED_FACE('',(#1309),#97,.T.);
#4054=ADVANCED_FACE('',(#1310),#98,.T.);
#4055=ADVANCED_FACE('',(#1311),#99,.T.);
#4056=ADVANCED_FACE('',(#1312),#100,.T.);
#4057=ADVANCED_FACE('',(#1313),#101,.F.);
#4058=ADVANCED_FACE('',(#1314),#102,.F.);
#4059=ADVANCED_FACE('',(#1315),#103,.F.);
#4060=ADVANCED_FACE('',(#1316),#104,.F.);
#4061=ADVANCED_FACE('',(#1317),#105,.F.);
#4062=ADVANCED_FACE('',(#1318),#106,.F.);
#4063=ADVANCED_FACE('',(#1319),#107,.F.);
#4064=ADVANCED_FACE('',(#1320),#108,.F.);
#4065=ADVANCED_FACE('',(#1321,#54),#109,.F.);
#4066=ADVANCED_FACE('',(#1322),#110,.F.);
#4067=ADVANCED_FACE('',(#1323),#111,.T.);
#4068=ADVANCED_FACE('',(#1324),#112,.F.);
#4069=ADVANCED_FACE('',(#1325),#113,.F.);
#4070=ADVANCED_FACE('',(#1326),#114,.F.);
#4071=ADVANCED_FACE('',(#1327),#115,.F.);
#4072=ADVANCED_FACE('',(#1328),#116,.F.);
#4073=ADVANCED_FACE('',(#1329,#55),#117,.F.);
#4074=ADVANCED_FACE('',(#1330),#118,.F.);
#4075=ADVANCED_FACE('',(#1331),#119,.F.);
#4076=ADVANCED_FACE('',(#1332),#120,.F.);
#4077=ADVANCED_FACE('',(#1333),#121,.F.);
#4078=ADVANCED_FACE('',(#1334),#122,.F.);
#4079=ADVANCED_FACE('',(#1335),#123,.F.);
#4080=ADVANCED_FACE('',(#1336,#56),#124,.F.);
#4081=ADVANCED_FACE('',(#1337),#125,.F.);
#4082=ADVANCED_FACE('',(#1338),#126,.F.);
#4083=ADVANCED_FACE('',(#1339),#127,.F.);
#4084=ADVANCED_FACE('',(#1340),#128,.F.);
#4085=ADVANCED_FACE('',(#1341),#129,.F.);
#4086=ADVANCED_FACE('',(#1342),#130,.F.);
#4087=ADVANCED_FACE('',(#1343,#57),#131,.F.);
#4088=ADVANCED_FACE('',(#1344),#132,.F.);
#4089=ADVANCED_FACE('',(#1345),#133,.F.);
#4090=ADVANCED_FACE('',(#1346),#134,.F.);
#4091=ADVANCED_FACE('',(#1347),#135,.F.);
#4092=ADVANCED_FACE('',(#1348),#136,.F.);
#4093=ADVANCED_FACE('',(#1349),#137,.F.);
#4094=ADVANCED_FACE('',(#1350,#58),#138,.F.);
#4095=ADVANCED_FACE('',(#1351),#139,.F.);
#4096=ADVANCED_FACE('',(#1352),#140,.F.);
#4097=ADVANCED_FACE('',(#1353),#141,.F.);
#4098=ADVANCED_FACE('',(#1354),#142,.F.);
#4099=ADVANCED_FACE('',(#1355),#143,.F.);
#4100=ADVANCED_FACE('',(#1356),#144,.F.);
#4101=ADVANCED_FACE('',(#1357,#59),#145,.F.);
#4102=ADVANCED_FACE('',(#1358),#146,.F.);
#4103=ADVANCED_FACE('',(#1359),#147,.F.);
#4104=ADVANCED_FACE('',(#1360),#148,.F.);
#4105=ADVANCED_FACE('',(#1361),#149,.F.);
#4106=ADVANCED_FACE('',(#1362),#150,.F.);
#4107=ADVANCED_FACE('',(#1363),#151,.F.);
#4108=ADVANCED_FACE('',(#1364,#60),#152,.F.);
#4109=ADVANCED_FACE('',(#1365),#153,.T.);
#4110=ADVANCED_FACE('',(#1366),#154,.F.);
#4111=ADVANCED_FACE('',(#1367),#155,.F.);
#4112=ADVANCED_FACE('',(#1368),#156,.F.);
#4113=ADVANCED_FACE('',(#1369),#157,.F.);
#4114=ADVANCED_FACE('',(#1370),#158,.F.);
#4115=ADVANCED_FACE('',(#1371),#159,.F.);
#4116=ADVANCED_FACE('',(#1372,#61),#160,.F.);
#4117=ADVANCED_FACE('',(#1373),#161,.F.);
#4118=ADVANCED_FACE('',(#1374),#162,.F.);
#4119=ADVANCED_FACE('',(#1375),#163,.F.);
#4120=ADVANCED_FACE('',(#1376),#164,.F.);
#4121=ADVANCED_FACE('',(#1377),#165,.F.);
#4122=ADVANCED_FACE('',(#1378,#62),#166,.F.);
#4123=ADVANCED_FACE('',(#1379),#167,.F.);
#4124=ADVANCED_FACE('',(#1380),#168,.F.);
#4125=ADVANCED_FACE('',(#1381),#169,.F.);
#4126=ADVANCED_FACE('',(#1382),#170,.F.);
#4127=ADVANCED_FACE('',(#1383),#171,.F.);
#4128=ADVANCED_FACE('',(#1384),#172,.F.);
#4129=ADVANCED_FACE('',(#1385,#63),#173,.F.);
#4130=ADVANCED_FACE('',(#1386),#174,.F.);
#4131=ADVANCED_FACE('',(#1387),#175,.F.);
#4132=ADVANCED_FACE('',(#1388),#176,.F.);
#4133=ADVANCED_FACE('',(#1389),#177,.F.);
#4134=ADVANCED_FACE('',(#1390),#178,.F.);
#4135=ADVANCED_FACE('',(#1391),#179,.F.);
#4136=ADVANCED_FACE('',(#1392,#64),#180,.F.);
#4137=ADVANCED_FACE('',(#1393),#181,.F.);
#4138=ADVANCED_FACE('',(#1394),#182,.F.);
#4139=ADVANCED_FACE('',(#1395),#183,.F.);
#4140=ADVANCED_FACE('',(#1396),#184,.F.);
#4141=ADVANCED_FACE('',(#1397),#185,.F.);
#4142=ADVANCED_FACE('',(#1398),#186,.F.);
#4143=ADVANCED_FACE('',(#1399,#65),#187,.F.);
#4144=ADVANCED_FACE('',(#1400),#188,.F.);
#4145=ADVANCED_FACE('',(#1401),#189,.F.);
#4146=ADVANCED_FACE('',(#1402),#190,.F.);
#4147=ADVANCED_FACE('',(#1403),#191,.F.);
#4148=ADVANCED_FACE('',(#1404),#192,.F.);
#4149=ADVANCED_FACE('',(#1405),#193,.F.);
#4150=ADVANCED_FACE('',(#1406,#66),#194,.F.);
#4151=ADVANCED_FACE('',(#1407),#195,.F.);
#4152=ADVANCED_FACE('',(#1408),#196,.F.);
#4153=ADVANCED_FACE('',(#1409),#197,.F.);
#4154=ADVANCED_FACE('',(#1410),#198,.F.);
#4155=ADVANCED_FACE('',(#1411),#199,.F.);
#4156=ADVANCED_FACE('',(#1412),#200,.F.);
#4157=ADVANCED_FACE('',(#1413,#67),#201,.F.);
#4158=ADVANCED_FACE('',(#1414),#202,.F.);
#4159=ADVANCED_FACE('',(#1415),#203,.F.);
#4160=ADVANCED_FACE('',(#1416),#204,.F.);
#4161=ADVANCED_FACE('',(#1417),#205,.F.);
#4162=ADVANCED_FACE('',(#1418),#206,.F.);
#4163=ADVANCED_FACE('',(#1419,#68),#207,.F.);
#4164=ADVANCED_FACE('',(#1420),#208,.F.);
#4165=ADVANCED_FACE('',(#1421),#209,.F.);
#4166=ADVANCED_FACE('',(#1422),#210,.F.);
#4167=ADVANCED_FACE('',(#1423),#211,.F.);
#4168=ADVANCED_FACE('',(#1424),#212,.F.);
#4169=ADVANCED_FACE('',(#1425),#213,.F.);
#4170=ADVANCED_FACE('',(#1426,#69),#214,.F.);
#4171=ADVANCED_FACE('',(#1427),#215,.F.);
#4172=ADVANCED_FACE('',(#1428),#216,.F.);
#4173=ADVANCED_FACE('',(#1429),#217,.F.);
#4174=ADVANCED_FACE('',(#1430),#218,.F.);
#4175=ADVANCED_FACE('',(#1431),#219,.F.);
#4176=ADVANCED_FACE('',(#1432),#220,.F.);
#4177=ADVANCED_FACE('',(#1433,#70),#221,.F.);
#4178=ADVANCED_FACE('',(#1434),#222,.F.);
#4179=ADVANCED_FACE('',(#1435),#223,.F.);
#4180=ADVANCED_FACE('',(#1436),#224,.F.);
#4181=ADVANCED_FACE('',(#1437),#225,.F.);
#4182=ADVANCED_FACE('',(#1438),#226,.F.);
#4183=ADVANCED_FACE('',(#1439),#227,.F.);
#4184=ADVANCED_FACE('',(#1440,#71),#228,.F.);
#4185=ADVANCED_FACE('',(#1441),#229,.F.);
#4186=ADVANCED_FACE('',(#1442),#230,.F.);
#4187=ADVANCED_FACE('',(#1443),#231,.F.);
#4188=ADVANCED_FACE('',(#1444),#232,.F.);
#4189=ADVANCED_FACE('',(#1445),#233,.F.);
#4190=ADVANCED_FACE('',(#1446),#234,.F.);
#4191=ADVANCED_FACE('',(#1447,#72),#235,.F.);
#4192=ADVANCED_FACE('',(#1448),#15,.T.);
#4193=ADVANCED_FACE('',(#1449),#1239,.F.);
#4194=ADVANCED_FACE('',(#1450),#1240,.F.);
#4195=ADVANCED_FACE('',(#1451),#1241,.F.);
#4196=ADVANCED_FACE('',(#1452),#1242,.F.);
#4197=ADVANCED_FACE('',(#1453),#1243,.F.);
#4198=ADVANCED_FACE('',(#1454),#1244,.F.);
#4199=ADVANCED_FACE('',(#1455),#1245,.F.);
#4200=ADVANCED_FACE('',(#1456),#16,.T.);
#4201=ADVANCED_FACE('',(#1457),#236,.T.);
#4202=ADVANCED_FACE('',(#1458),#237,.T.);
#4203=ADVANCED_FACE('',(#1459),#1246,.F.);
#4204=ADVANCED_FACE('',(#1460),#1247,.F.);
#4205=ADVANCED_FACE('',(#1461),#1248,.F.);
#4206=ADVANCED_FACE('',(#1462),#1249,.F.);
#4207=ADVANCED_FACE('',(#1463),#1250,.F.);
#4208=ADVANCED_FACE('',(#1464),#1251,.F.);
#4209=ADVANCED_FACE('',(#1465),#1252,.F.);
#4210=ADVANCED_FACE('',(#1466),#1253,.F.);
#4211=ADVANCED_FACE('',(#1467),#1254,.F.);
#4212=ADVANCED_FACE('',(#1468),#1255,.F.);
#4213=ADVANCED_FACE('',(#1469),#1256,.F.);
#4214=ADVANCED_FACE('',(#1470),#1257,.F.);
#4215=ADVANCED_FACE('',(#1471),#238,.T.);
#4216=ADVANCED_FACE('',(#1472),#239,.F.);
#4217=ADVANCED_FACE('',(#1473),#240,.F.);
#4218=ADVANCED_FACE('',(#1474),#241,.T.);
#4219=ADVANCED_FACE('',(#1475,#73,#74,#75,#76,#77,#78,#79,#80,#81,#82,#83,
#84,#85),#242,.T.);
#4220=ADVANCED_FACE('',(#1476),#243,.T.);
#4221=ADVANCED_FACE('',(#1477),#17,.T.);
#4222=ADVANCED_FACE('',(#1478),#244,.T.);
#4223=ADVANCED_FACE('',(#1479),#245,.T.);
#4224=ADVANCED_FACE('',(#1480),#246,.T.);
#4225=ADVANCED_FACE('',(#1481),#18,.T.);
#4226=CLOSED_SHELL('',(#4002,#4003,#4004,#4005,#4006,#4007,#4008,#4009,
#4010,#4011,#4012,#4013,#4014,#4015,#4016,#4017,#4018,#4019,#4020,#4021,
#4022,#4023,#4024,#4025,#4026,#4027,#4028,#4029,#4030,#4031,#4032,#4033,
#4034,#4035,#4036,#4037,#4038,#4039,#4040,#4041,#4042,#4043,#4044,#4045,
#4046,#4047,#4048,#4049,#4050,#4051,#4052,#4053,#4054,#4055,#4056,#4057,
#4058,#4059,#4060,#4061,#4062,#4063,#4064,#4065,#4066,#4067,#4068,#4069,
#4070,#4071,#4072,#4073,#4074,#4075,#4076,#4077,#4078,#4079,#4080,#4081,
#4082,#4083,#4084,#4085,#4086,#4087,#4088,#4089,#4090,#4091,#4092,#4093,
#4094,#4095,#4096,#4097,#4098,#4099,#4100,#4101,#4102,#4103,#4104,#4105,
#4106,#4107,#4108,#4109,#4110,#4111,#4112,#4113,#4114,#4115,#4116,#4117,
#4118,#4119,#4120,#4121,#4122,#4123,#4124,#4125,#4126,#4127,#4128,#4129,
#4130,#4131,#4132,#4133,#4134,#4135,#4136,#4137,#4138,#4139,#4140,#4141,
#4142,#4143,#4144,#4145,#4146,#4147,#4148,#4149,#4150,#4151,#4152,#4153,
#4154,#4155,#4156,#4157,#4158,#4159,#4160,#4161,#4162,#4163,#4164,#4165,
#4166,#4167,#4168,#4169,#4170,#4171,#4172,#4173,#4174,#4175,#4176,#4177,
#4178,#4179,#4180,#4181,#4182,#4183,#4184,#4185,#4186,#4187,#4188,#4189,
#4190,#4191,#4192,#4193,#4194,#4195,#4196,#4197,#4198,#4199,#4200,#4201,
#4202,#4203,#4204,#4205,#4206,#4207,#4208,#4209,#4210,#4211,#4212,#4213,
#4214,#4215,#4216,#4217,#4218,#4219,#4220,#4221,#4222,#4223,#4224,#4225));
#4227=DERIVED_UNIT_ELEMENT(#4229,1.);
#4228=DERIVED_UNIT_ELEMENT(#7056,-3.);
#4229=(
MASS_UNIT()
NAMED_UNIT(*)
SI_UNIT(.KILO.,.GRAM.)
);
#4230=DERIVED_UNIT((#4227,#4228));
#4231=MEASURE_REPRESENTATION_ITEM('density measure',
POSITIVE_RATIO_MEASURE(7850.),#4230);
#4232=PROPERTY_DEFINITION_REPRESENTATION(#4237,#4234);
#4233=PROPERTY_DEFINITION_REPRESENTATION(#4238,#4235);
#4234=REPRESENTATION('material name',(#4236),#7053);
#4235=REPRESENTATION('density',(#4231),#7053);
#4236=DESCRIPTIVE_REPRESENTATION_ITEM('Steel','Steel');
#4237=PROPERTY_DEFINITION('material property','material name',#7063);
#4238=PROPERTY_DEFINITION('material property','density of part',#7063);
#4239=AXIS2_PLACEMENT_3D('',#5663,#4558,#4559);
#4240=AXIS2_PLACEMENT_3D('',#5664,#4560,#4561);
#4241=AXIS2_PLACEMENT_3D('',#5667,#4562,#4563);
#4242=AXIS2_PLACEMENT_3D('',#5669,#4564,#4565);
#4243=AXIS2_PLACEMENT_3D('',#5670,#4566,#4567);
#4244=AXIS2_PLACEMENT_3D('',#5671,#4568,#4569);
#4245=AXIS2_PLACEMENT_3D('',#5674,#4570,#4571);
#4246=AXIS2_PLACEMENT_3D('',#5676,#4572,#4573);
#4247=AXIS2_PLACEMENT_3D('',#5677,#4574,#4575);
#4248=AXIS2_PLACEMENT_3D('',#5678,#4576,#4577);
#4249=AXIS2_PLACEMENT_3D('',#5681,#4580,#4581);
#4250=AXIS2_PLACEMENT_3D('',#5684,#4582,#4583);
#4251=AXIS2_PLACEMENT_3D('',#5687,#4586,#4587);
#4252=AXIS2_PLACEMENT_3D('',#5690,#4588,#4589);
#4253=AXIS2_PLACEMENT_3D('',#5693,#4592,#4593);
#4254=AXIS2_PLACEMENT_3D('',#5706,#4594,#4595);
#4255=AXIS2_PLACEMENT_3D('',#5708,#4596,#4597);
#4256=AXIS2_PLACEMENT_3D('',#5713,#4598,#4599);
#4257=AXIS2_PLACEMENT_3D('',#5721,#4600,#4601);
#4258=AXIS2_PLACEMENT_3D('',#5723,#4602,#4603);
#4259=AXIS2_PLACEMENT_3D('',#5725,#4604,#4605);
#4260=AXIS2_PLACEMENT_3D('',#5736,#4606,#4607);
#4261=AXIS2_PLACEMENT_3D('',#5739,#4610,#4611);
#4262=AXIS2_PLACEMENT_3D('',#5742,#4612,#4613);
#4263=AXIS2_PLACEMENT_3D('',#5745,#4616,#4617);
#4264=AXIS2_PLACEMENT_3D('',#5747,#4619,#4620);
#4265=AXIS2_PLACEMENT_3D('',#5753,#4624,#4625);
#4266=AXIS2_PLACEMENT_3D('',#5773,#4628,#4629);
#4267=AXIS2_PLACEMENT_3D('',#5776,#4630,#4631);
#4268=AXIS2_PLACEMENT_3D('',#5778,#4632,#4633);
#4269=AXIS2_PLACEMENT_3D('',#5779,#4634,#4635);
#4270=AXIS2_PLACEMENT_3D('',#5780,#4636,#4637);
#4271=AXIS2_PLACEMENT_3D('',#5783,#4638,#4639);
#4272=AXIS2_PLACEMENT_3D('',#5785,#4640,#4641);
#4273=AXIS2_PLACEMENT_3D('',#5786,#4642,#4643);
#4274=AXIS2_PLACEMENT_3D('',#5787,#4644,#4645);
#4275=AXIS2_PLACEMENT_3D('',#5790,#4648,#4649);
#4276=AXIS2_PLACEMENT_3D('',#5793,#4650,#4651);
#4277=AXIS2_PLACEMENT_3D('',#5796,#4654,#4655);
#4278=AXIS2_PLACEMENT_3D('',#5803,#4656,#4657);
#4279=AXIS2_PLACEMENT_3D('',#5805,#4658,#4659);
#4280=AXIS2_PLACEMENT_3D('',#5816,#4660,#4661);
#4281=AXIS2_PLACEMENT_3D('',#5819,#4662,#4663);
#4282=AXIS2_PLACEMENT_3D('',#5822,#4666,#4667);
#4283=AXIS2_PLACEMENT_3D('',#5825,#4668,#4669);
#4284=AXIS2_PLACEMENT_3D('',#5828,#4672,#4673);
#4285=AXIS2_PLACEMENT_3D('',#5831,#4674,#4675);
#4286=AXIS2_PLACEMENT_3D('',#5834,#4678,#4679);
#4287=AXIS2_PLACEMENT_3D('',#5847,#4680,#4681);
#4288=AXIS2_PLACEMENT_3D('',#5849,#4682,#4683);
#4289=AXIS2_PLACEMENT_3D('',#5854,#4684,#4685);
#4290=AXIS2_PLACEMENT_3D('',#5879,#4689,#4690);
#4291=AXIS2_PLACEMENT_3D('',#5881,#4692,#4693);
#4292=AXIS2_PLACEMENT_3D('',#5883,#4695,#4696);
#4293=AXIS2_PLACEMENT_3D('',#5886,#4699,#4700);
#4294=AXIS2_PLACEMENT_3D('',#5887,#4701,#4702);
#4295=AXIS2_PLACEMENT_3D('',#5890,#4703,#4704);
#4296=AXIS2_PLACEMENT_3D('',#5892,#4705,#4706);
#4297=AXIS2_PLACEMENT_3D('',#5893,#4707,#4708);
#4298=AXIS2_PLACEMENT_3D('',#5894,#4709,#4710);
#4299=AXIS2_PLACEMENT_3D('',#5897,#4711,#4712);
#4300=AXIS2_PLACEMENT_3D('',#5900,#4715,#4716);
#4301=AXIS2_PLACEMENT_3D('',#5905,#4719,#4720);
#4302=AXIS2_PLACEMENT_3D('',#5907,#4722,#4723);
#4303=AXIS2_PLACEMENT_3D('',#5911,#4726,#4727);
#4304=AXIS2_PLACEMENT_3D('',#5923,#4733,#4734);
#4305=AXIS2_PLACEMENT_3D('',#5927,#4736,#4737);
#4306=AXIS2_PLACEMENT_3D('',#5938,#4743,#4744);
#4307=AXIS2_PLACEMENT_3D('',#5940,#4745,#4746);
#4308=AXIS2_PLACEMENT_3D('',#5942,#4747,#4748);
#4309=AXIS2_PLACEMENT_3D('',#5944,#4749,#4750);
#4310=AXIS2_PLACEMENT_3D('',#5946,#4751,#4752);
#4311=AXIS2_PLACEMENT_3D('',#5948,#4753,#4754);
#4312=AXIS2_PLACEMENT_3D('',#5950,#4755,#4756);
#4313=AXIS2_PLACEMENT_3D('',#5952,#4757,#4758);
#4314=AXIS2_PLACEMENT_3D('',#5954,#4759,#4760);
#4315=AXIS2_PLACEMENT_3D('',#5956,#4761,#4762);
#4316=AXIS2_PLACEMENT_3D('',#5958,#4763,#4764);
#4317=AXIS2_PLACEMENT_3D('',#5960,#4765,#4766);
#4318=AXIS2_PLACEMENT_3D('',#5962,#4767,#4768);
#4319=AXIS2_PLACEMENT_3D('',#5964,#4769,#4770);
#4320=AXIS2_PLACEMENT_3D('',#5966,#4771,#4772);
#4321=AXIS2_PLACEMENT_3D('',#5968,#4773,#4774);
#4322=AXIS2_PLACEMENT_3D('',#5970,#4775,#4776);
#4323=AXIS2_PLACEMENT_3D('',#5972,#4777,#4778);
#4324=AXIS2_PLACEMENT_3D('',#5974,#4779,#4780);
#4325=AXIS2_PLACEMENT_3D('',#5976,#4781,#4782);
#4326=AXIS2_PLACEMENT_3D('',#5977,#4783,#4784);
#4327=AXIS2_PLACEMENT_3D('',#5979,#4785,#4786);
#4328=AXIS2_PLACEMENT_3D('',#5980,#4787,#4788);
#4329=AXIS2_PLACEMENT_3D('',#5981,#4789,#4790);
#4330=AXIS2_PLACEMENT_3D('',#5983,#4792,#4793);
#4331=AXIS2_PLACEMENT_3D('',#5987,#4795,#4796);
#4332=AXIS2_PLACEMENT_3D('',#5989,#4798,#4799);
#4333=AXIS2_PLACEMENT_3D('',#5991,#4801,#4802);
#4334=AXIS2_PLACEMENT_3D('',#5994,#4803,#4804);
#4335=AXIS2_PLACEMENT_3D('',#5996,#4805,#4806);
#4336=AXIS2_PLACEMENT_3D('',#5997,#4807,#4808);
#4337=AXIS2_PLACEMENT_3D('',#5998,#4809,#4810);
#4338=AXIS2_PLACEMENT_3D('',#6001,#4813,#4814);
#4339=AXIS2_PLACEMENT_3D('',#6005,#4817,#4818);
#4340=AXIS2_PLACEMENT_3D('',#6008,#4820,#4821);
#4341=AXIS2_PLACEMENT_3D('',#6010,#4823,#4824);
#4342=AXIS2_PLACEMENT_3D('',#6012,#4825,#4826);
#4343=AXIS2_PLACEMENT_3D('',#6013,#4827,#4828);
#4344=AXIS2_PLACEMENT_3D('',#6014,#4829,#4830);
#4345=AXIS2_PLACEMENT_3D('',#6016,#4832,#4833);
#4346=AXIS2_PLACEMENT_3D('',#6020,#4836,#4837);
#4347=AXIS2_PLACEMENT_3D('',#6023,#4839,#4840);
#4348=AXIS2_PLACEMENT_3D('',#6024,#4841,#4842);
#4349=AXIS2_PLACEMENT_3D('',#6029,#4844,#4845);
#4350=AXIS2_PLACEMENT_3D('',#6032,#4847,#4848);
#4351=AXIS2_PLACEMENT_3D('',#6033,#4849,#4850);
#4352=AXIS2_PLACEMENT_3D('',#6036,#4851,#4852);
#4353=AXIS2_PLACEMENT_3D('',#6040,#4854,#4855);
#4354=AXIS2_PLACEMENT_3D('',#6044,#4858,#4859);
#4355=AXIS2_PLACEMENT_3D('',#6045,#4860,#4861);
#4356=AXIS2_PLACEMENT_3D('',#6048,#4864,#4865);
#4357=AXIS2_PLACEMENT_3D('',#6051,#4866,#4867);
#4358=AXIS2_PLACEMENT_3D('',#6055,#4869,#4870);
#4359=AXIS2_PLACEMENT_3D('',#6059,#4873,#4874);
#4360=AXIS2_PLACEMENT_3D('',#6060,#4875,#4876);
#4361=AXIS2_PLACEMENT_3D('',#6065,#4879,#4880);
#4362=AXIS2_PLACEMENT_3D('',#6066,#4881,#4882);
#4363=AXIS2_PLACEMENT_3D('',#6069,#4883,#4884);
#4364=AXIS2_PLACEMENT_3D('',#6074,#4888,#4889);
#4365=AXIS2_PLACEMENT_3D('',#6075,#4890,#4891);
#4366=AXIS2_PLACEMENT_3D('',#6078,#4892,#4893);
#4367=AXIS2_PLACEMENT_3D('',#6083,#4896,#4897);
#4368=AXIS2_PLACEMENT_3D('',#6086,#4899,#4900);
#4369=AXIS2_PLACEMENT_3D('',#6087,#4901,#4902);
#4370=AXIS2_PLACEMENT_3D('',#6090,#4905,#4906);
#4371=AXIS2_PLACEMENT_3D('',#6092,#4908,#4909);
#4372=AXIS2_PLACEMENT_3D('',#6094,#4911,#4912);
#4373=AXIS2_PLACEMENT_3D('',#6096,#4914,#4915);
#4374=AXIS2_PLACEMENT_3D('',#6098,#4917,#4918);
#4375=AXIS2_PLACEMENT_3D('',#6106,#4923,#4924);
#4376=AXIS2_PLACEMENT_3D('',#6114,#4929,#4930);
#4377=AXIS2_PLACEMENT_3D('',#6120,#4934,#4935);
#4378=AXIS2_PLACEMENT_3D('',#6128,#4940,#4941);
#4379=AXIS2_PLACEMENT_3D('',#6137,#4946,#4947);
#4380=AXIS2_PLACEMENT_3D('',#6143,#4951,#4952);
#4381=AXIS2_PLACEMENT_3D('',#6146,#4955,#4956);
#4382=AXIS2_PLACEMENT_3D('',#6149,#4959,#4960);
#4383=AXIS2_PLACEMENT_3D('',#6151,#4961,#4962);
#4384=AXIS2_PLACEMENT_3D('',#6152,#4963,#4964);
#4385=AXIS2_PLACEMENT_3D('',#6166,#4969,#4970);
#4386=AXIS2_PLACEMENT_3D('',#6175,#4973,#4974);
#4387=AXIS2_PLACEMENT_3D('',#6186,#4978,#4979);
#4388=AXIS2_PLACEMENT_3D('',#6188,#4981,#4982);
#4389=AXIS2_PLACEMENT_3D('',#6199,#4986,#4987);
#4390=AXIS2_PLACEMENT_3D('',#6205,#4991,#4992);
#4391=AXIS2_PLACEMENT_3D('',#6213,#4995,#4996);
#4392=AXIS2_PLACEMENT_3D('',#6215,#4997,#4998);
#4393=AXIS2_PLACEMENT_3D('',#6216,#4999,#5000);
#4394=AXIS2_PLACEMENT_3D('',#6225,#5005,#5006);
#4395=AXIS2_PLACEMENT_3D('',#6231,#5010,#5011);
#4396=AXIS2_PLACEMENT_3D('',#6237,#5015,#5016);
#4397=AXIS2_PLACEMENT_3D('',#6243,#5020,#5021);
#4398=AXIS2_PLACEMENT_3D('',#6249,#5025,#5026);
#4399=AXIS2_PLACEMENT_3D('',#6252,#5029,#5030);
#4400=AXIS2_PLACEMENT_3D('',#6254,#5031,#5032);
#4401=AXIS2_PLACEMENT_3D('',#6255,#5033,#5034);
#4402=AXIS2_PLACEMENT_3D('',#6263,#5039,#5040);
#4403=AXIS2_PLACEMENT_3D('',#6269,#5044,#5045);
#4404=AXIS2_PLACEMENT_3D('',#6275,#5049,#5050);
#4405=AXIS2_PLACEMENT_3D('',#6281,#5054,#5055);
#4406=AXIS2_PLACEMENT_3D('',#6287,#5059,#5060);
#4407=AXIS2_PLACEMENT_3D('',#6290,#5063,#5064);
#4408=AXIS2_PLACEMENT_3D('',#6292,#5065,#5066);
#4409=AXIS2_PLACEMENT_3D('',#6293,#5067,#5068);
#4410=AXIS2_PLACEMENT_3D('',#6302,#5073,#5074);
#4411=AXIS2_PLACEMENT_3D('',#6308,#5078,#5079);
#4412=AXIS2_PLACEMENT_3D('',#6314,#5083,#5084);
#4413=AXIS2_PLACEMENT_3D('',#6320,#5088,#5089);
#4414=AXIS2_PLACEMENT_3D('',#6326,#5093,#5094);
#4415=AXIS2_PLACEMENT_3D('',#6329,#5097,#5098);
#4416=AXIS2_PLACEMENT_3D('',#6331,#5099,#5100);
#4417=AXIS2_PLACEMENT_3D('',#6332,#5101,#5102);
#4418=AXIS2_PLACEMENT_3D('',#6341,#5107,#5108);
#4419=AXIS2_PLACEMENT_3D('',#6347,#5112,#5113);
#4420=AXIS2_PLACEMENT_3D('',#6353,#5117,#5118);
#4421=AXIS2_PLACEMENT_3D('',#6359,#5122,#5123);
#4422=AXIS2_PLACEMENT_3D('',#6365,#5127,#5128);
#4423=AXIS2_PLACEMENT_3D('',#6368,#5131,#5132);
#4424=AXIS2_PLACEMENT_3D('',#6370,#5133,#5134);
#4425=AXIS2_PLACEMENT_3D('',#6371,#5135,#5136);
#4426=AXIS2_PLACEMENT_3D('',#6380,#5141,#5142);
#4427=AXIS2_PLACEMENT_3D('',#6391,#5146,#5147);
#4428=AXIS2_PLACEMENT_3D('',#6402,#5151,#5152);
#4429=AXIS2_PLACEMENT_3D('',#6413,#5156,#5157);
#4430=AXIS2_PLACEMENT_3D('',#6419,#5161,#5162);
#4431=AXIS2_PLACEMENT_3D('',#6427,#5165,#5166);
#4432=AXIS2_PLACEMENT_3D('',#6429,#5167,#5168);
#4433=AXIS2_PLACEMENT_3D('',#6430,#5169,#5170);
#4434=AXIS2_PLACEMENT_3D('',#6435,#5171,#5172);
#4435=AXIS2_PLACEMENT_3D('',#6444,#5177,#5178);
#4436=AXIS2_PLACEMENT_3D('',#6450,#5182,#5183);
#4437=AXIS2_PLACEMENT_3D('',#6456,#5187,#5188);
#4438=AXIS2_PLACEMENT_3D('',#6462,#5192,#5193);
#4439=AXIS2_PLACEMENT_3D('',#6468,#5197,#5198);
#4440=AXIS2_PLACEMENT_3D('',#6471,#5201,#5202);
#4441=AXIS2_PLACEMENT_3D('',#6473,#5203,#5204);
#4442=AXIS2_PLACEMENT_3D('',#6474,#5205,#5206);
#4443=AXIS2_PLACEMENT_3D('',#6480,#5210,#5211);
#4444=AXIS2_PLACEMENT_3D('',#6486,#5215,#5216);
#4445=AXIS2_PLACEMENT_3D('',#6492,#5220,#5221);
#4446=AXIS2_PLACEMENT_3D('',#6498,#5225,#5226);
#4447=AXIS2_PLACEMENT_3D('',#6501,#5229,#5230);
#4448=AXIS2_PLACEMENT_3D('',#6503,#5231,#5232);
#4449=AXIS2_PLACEMENT_3D('',#6504,#5233,#5234);
#4450=AXIS2_PLACEMENT_3D('',#6513,#5239,#5240);
#4451=AXIS2_PLACEMENT_3D('',#6519,#5244,#5245);
#4452=AXIS2_PLACEMENT_3D('',#6525,#5249,#5250);
#4453=AXIS2_PLACEMENT_3D('',#6531,#5254,#5255);
#4454=AXIS2_PLACEMENT_3D('',#6537,#5259,#5260);
#4455=AXIS2_PLACEMENT_3D('',#6540,#5263,#5264);
#4456=AXIS2_PLACEMENT_3D('',#6542,#5265,#5266);
#4457=AXIS2_PLACEMENT_3D('',#6543,#5267,#5268);
#4458=AXIS2_PLACEMENT_3D('',#6552,#5273,#5274);
#4459=AXIS2_PLACEMENT_3D('',#6558,#5278,#5279);
#4460=AXIS2_PLACEMENT_3D('',#6564,#5283,#5284);
#4461=AXIS2_PLACEMENT_3D('',#6570,#5288,#5289);
#4462=AXIS2_PLACEMENT_3D('',#6576,#5293,#5294);
#4463=AXIS2_PLACEMENT_3D('',#6579,#5297,#5298);
#4464=AXIS2_PLACEMENT_3D('',#6581,#5299,#5300);
#4465=AXIS2_PLACEMENT_3D('',#6582,#5301,#5302);
#4466=AXIS2_PLACEMENT_3D('',#6591,#5307,#5308);
#4467=AXIS2_PLACEMENT_3D('',#6597,#5312,#5313);
#4468=AXIS2_PLACEMENT_3D('',#6603,#5317,#5318);
#4469=AXIS2_PLACEMENT_3D('',#6609,#5322,#5323);
#4470=AXIS2_PLACEMENT_3D('',#6615,#5327,#5328);
#4471=AXIS2_PLACEMENT_3D('',#6618,#5331,#5332);
#4472=AXIS2_PLACEMENT_3D('',#6620,#5333,#5334);
#4473=AXIS2_PLACEMENT_3D('',#6621,#5335,#5336);
#4474=AXIS2_PLACEMENT_3D('',#6630,#5341,#5342);
#4475=AXIS2_PLACEMENT_3D('',#6636,#5346,#5347);
#4476=AXIS2_PLACEMENT_3D('',#6642,#5351,#5352);
#4477=AXIS2_PLACEMENT_3D('',#6648,#5356,#5357);
#4478=AXIS2_PLACEMENT_3D('',#6654,#5361,#5362);
#4479=AXIS2_PLACEMENT_3D('',#6657,#5365,#5366);
#4480=AXIS2_PLACEMENT_3D('',#6659,#5367,#5368);
#4481=AXIS2_PLACEMENT_3D('',#6660,#5369,#5370);
#4482=AXIS2_PLACEMENT_3D('',#6669,#5375,#5376);
#4483=AXIS2_PLACEMENT_3D('',#6675,#5380,#5381);
#4484=AXIS2_PLACEMENT_3D('',#6681,#5385,#5386);
#4485=AXIS2_PLACEMENT_3D('',#6687,#5390,#5391);
#4486=AXIS2_PLACEMENT_3D('',#6693,#5395,#5396);
#4487=AXIS2_PLACEMENT_3D('',#6696,#5399,#5400);
#4488=AXIS2_PLACEMENT_3D('',#6698,#5401,#5402);
#4489=AXIS2_PLACEMENT_3D('',#6699,#5403,#5404);
#4490=AXIS2_PLACEMENT_3D('',#6708,#5409,#5410);
#4491=AXIS2_PLACEMENT_3D('',#6711,#5413,#5414);
#4492=AXIS2_PLACEMENT_3D('',#6717,#5418,#5419);
#4493=AXIS2_PLACEMENT_3D('',#6723,#5423,#5424);
#4494=AXIS2_PLACEMENT_3D('',#6726,#5427,#5428);
#4495=AXIS2_PLACEMENT_3D('',#6728,#5429,#5430);
#4496=AXIS2_PLACEMENT_3D('',#6729,#5431,#5432);
#4497=AXIS2_PLACEMENT_3D('',#6738,#5437,#5438);
#4498=AXIS2_PLACEMENT_3D('',#6744,#5442,#5443);
#4499=AXIS2_PLACEMENT_3D('',#6750,#5447,#5448);
#4500=AXIS2_PLACEMENT_3D('',#6756,#5452,#5453);
#4501=AXIS2_PLACEMENT_3D('',#6762,#5457,#5458);
#4502=AXIS2_PLACEMENT_3D('',#6765,#5461,#5462);
#4503=AXIS2_PLACEMENT_3D('',#6767,#5463,#5464);
#4504=AXIS2_PLACEMENT_3D('',#6768,#5465,#5466);
#4505=AXIS2_PLACEMENT_3D('',#6777,#5471,#5472);
#4506=AXIS2_PLACEMENT_3D('',#6783,#5476,#5477);
#4507=AXIS2_PLACEMENT_3D('',#6789,#5481,#5482);
#4508=AXIS2_PLACEMENT_3D('',#6795,#5486,#5487);
#4509=AXIS2_PLACEMENT_3D('',#6801,#5491,#5492);
#4510=AXIS2_PLACEMENT_3D('',#6804,#5495,#5496);
#4511=AXIS2_PLACEMENT_3D('',#6806,#5497,#5498);
#4512=AXIS2_PLACEMENT_3D('',#6807,#5499,#5500);
#4513=AXIS2_PLACEMENT_3D('',#6816,#5505,#5506);
#4514=AXIS2_PLACEMENT_3D('',#6822,#5510,#5511);
#4515=AXIS2_PLACEMENT_3D('',#6828,#5515,#5516);
#4516=AXIS2_PLACEMENT_3D('',#6834,#5520,#5521);
#4517=AXIS2_PLACEMENT_3D('',#6840,#5525,#5526);
#4518=AXIS2_PLACEMENT_3D('',#6843,#5529,#5530);
#4519=AXIS2_PLACEMENT_3D('',#6845,#5531,#5532);
#4520=AXIS2_PLACEMENT_3D('',#6846,#5533,#5534);
#4521=AXIS2_PLACEMENT_3D('',#6855,#5539,#5540);
#4522=AXIS2_PLACEMENT_3D('',#6861,#5544,#5545);
#4523=AXIS2_PLACEMENT_3D('',#6867,#5549,#5550);
#4524=AXIS2_PLACEMENT_3D('',#6873,#5554,#5555);
#4525=AXIS2_PLACEMENT_3D('',#6879,#5559,#5560);
#4526=AXIS2_PLACEMENT_3D('',#6882,#5563,#5564);
#4527=AXIS2_PLACEMENT_3D('',#6884,#5565,#5566);
#4528=AXIS2_PLACEMENT_3D('',#6920,#5570,#5571);
#4529=AXIS2_PLACEMENT_3D('',#6922,#5573,#5574);
#4530=AXIS2_PLACEMENT_3D('',#6924,#5576,#5577);
#4531=AXIS2_PLACEMENT_3D('',#6926,#5579,#5580);
#4532=AXIS2_PLACEMENT_3D('',#6928,#5582,#5583);
#4533=AXIS2_PLACEMENT_3D('',#6930,#5585,#5586);
#4534=AXIS2_PLACEMENT_3D('',#6932,#5588,#5589);
#4535=AXIS2_PLACEMENT_3D('',#6969,#5594,#5595);
#4536=AXIS2_PLACEMENT_3D('',#6971,#5597,#5598);
#4537=AXIS2_PLACEMENT_3D('',#6973,#5600,#5601);
#4538=AXIS2_PLACEMENT_3D('',#6975,#5603,#5604);
#4539=AXIS2_PLACEMENT_3D('',#6977,#5606,#5607);
#4540=AXIS2_PLACEMENT_3D('',#6979,#5609,#5610);
#4541=AXIS2_PLACEMENT_3D('',#6981,#5612,#5613);
#4542=AXIS2_PLACEMENT_3D('',#6983,#5615,#5616);
#4543=AXIS2_PLACEMENT_3D('',#6985,#5618,#5619);
#4544=AXIS2_PLACEMENT_3D('',#6987,#5621,#5622);
#4545=AXIS2_PLACEMENT_3D('',#6989,#5624,#5625);
#4546=AXIS2_PLACEMENT_3D('',#6991,#5627,#5628);
#4547=AXIS2_PLACEMENT_3D('',#6993,#5630,#5631);
#4548=AXIS2_PLACEMENT_3D('',#6995,#5633,#5634);
#4549=AXIS2_PLACEMENT_3D('',#6997,#5636,#5637);
#4550=AXIS2_PLACEMENT_3D('',#6998,#5638,#5639);
#4551=AXIS2_PLACEMENT_3D('',#6999,#5640,#5641);
#4552=AXIS2_PLACEMENT_3D('',#7012,#5645,#5646);
#4553=AXIS2_PLACEMENT_3D('',#7020,#5649,#5650);
#4554=AXIS2_PLACEMENT_3D('',#7021,#5651,#5652);
#4555=AXIS2_PLACEMENT_3D('',#7038,#5655,#5656);
#4556=AXIS2_PLACEMENT_3D('',#7040,#5658,#5659);
#4557=AXIS2_PLACEMENT_3D('',#7041,#5660,#5661);
#4558=DIRECTION('axis',(0.,0.,1.));
#4559=DIRECTION('refdir',(1.,0.,0.));
#4560=DIRECTION('center_axis',(-0.41047411953709,0.407787646431484,-0.815610343612759));
#4561=DIRECTION('ref_axis',(-0.578613954309157,0.574827038757609,0.578601561864362));
#4562=DIRECTION('center_axis',(1.77631879433774E-14,0.999978582533833,0.00654480508697653));
#4563=DIRECTION('ref_axis',(0.,-0.00654480508697653,0.999978582533833));
#4564=DIRECTION('center_axis',(-1.,0.,0.));
#4565=DIRECTION('ref_axis',(0.,1.,0.));
#4566=DIRECTION('center_axis',(0.,-4.44089209850068E-15,1.));
#4567=DIRECTION('ref_axis',(-1.,0.,0.));
#4568=DIRECTION('center_axis',(0.410474119537088,0.407787646431481,-0.815610343612761));
#4569=DIRECTION('ref_axis',(0.578613954309158,0.574827038757614,0.578601561864356));
#4570=DIRECTION('center_axis',(8.88178419700124E-15,0.,1.));
#4571=DIRECTION('ref_axis',(0.,1.,0.));
#4572=DIRECTION('center_axis',(1.,0.,0.));
#4573=DIRECTION('ref_axis',(0.,-0.00654480508697656,0.999978582533833));
#4574=DIRECTION('center_axis',(0.,0.999978582533833,0.00654480508698539));
#4575=DIRECTION('ref_axis',(1.,0.,0.));
#4576=DIRECTION('center_axis',(1.,0.,0.));
#4577=DIRECTION('ref_axis',(0.,0.704789044648479,0.709416945486563));
#4578=DIRECTION('',(-1.,0.,0.));
#4579=DIRECTION('',(1.,0.,0.));
#4580=DIRECTION('center_axis',(0.,-0.999978582533833,-0.00654480508697833));
#4581=DIRECTION('ref_axis',(0.707106781186548,-0.00462787605854531,0.707091636750984));
#4582=DIRECTION('center_axis',(0.,0.999978582533835,0.00654480508664208));
#4583=DIRECTION('ref_axis',(0.707106781186548,-0.00462787605854531,0.707091636750984));
#4584=DIRECTION('',(0.,0.999978582533833,0.00654480508697833));
#4585=DIRECTION('',(0.,-0.999978582533833,-0.00654480508697833));
#4586=DIRECTION('center_axis',(0.,2.69144975666705E-16,1.));
#4587=DIRECTION('ref_axis',(0.707106781186555,0.70710678118654,-3.92523114670948E-16));
#4588=DIRECTION('center_axis',(0.,1.4745149545803E-16,1.));
#4589=DIRECTION('ref_axis',(1.,0.,0.));
#4590=DIRECTION('',(0.,2.69144975666705E-16,1.));
#4591=DIRECTION('',(0.,-2.69144975666705E-16,-1.));
#4592=DIRECTION('center_axis',(1.,0.,0.));
#4593=DIRECTION('ref_axis',(0.,0.,-1.));
#4594=DIRECTION('center_axis',(-1.,0.,0.));
#4595=DIRECTION('ref_axis',(0.,-0.955248570981357,-0.295804272514911));
#4596=DIRECTION('center_axis',(1.,0.,0.));
#4597=DIRECTION('ref_axis',(0.,-0.955248570981357,-0.295804272514911));
#4598=DIRECTION('center_axis',(-1.,0.,0.));
#4599=DIRECTION('ref_axis',(0.,0.,1.));
#4600=DIRECTION('center_axis',(-1.,0.,0.));
#4601=DIRECTION('ref_axis',(0.,-0.955248570981357,-0.29580427251491));
#4602=DIRECTION('center_axis',(0.,-2.86229373536174E-16,-1.));
#4603=DIRECTION('ref_axis',(-1.,0.,0.));
#4604=DIRECTION('center_axis',(1.,0.,0.));
#4605=DIRECTION('ref_axis',(0.,-0.955248570981357,-0.29580427251491));
#4606=DIRECTION('center_axis',(0.,2.69144975666705E-16,1.));
#4607=DIRECTION('ref_axis',(-0.707106781186555,0.70710678118654,-3.92523114670948E-16));
#4608=DIRECTION('',(0.,-2.69144975666705E-16,-1.));
#4609=DIRECTION('',(0.,2.69144975666705E-16,1.));
#4610=DIRECTION('center_axis',(0.,-0.999978582533833,-0.00654480508697833));
#4611=DIRECTION('ref_axis',(-0.707106781186548,-0.00462787605854532,0.707091636750985));
#4612=DIRECTION('center_axis',(0.,0.999978582533835,0.00654480508664208));
#4613=DIRECTION('ref_axis',(-0.707106781186548,-0.00462787605854532,0.707091636750985));
#4614=DIRECTION('',(0.,0.999978582533833,0.00654480508697833));
#4615=DIRECTION('',(0.,-0.999978582533833,-0.00654480508697833));
#4616=DIRECTION('center_axis',(0.,-0.00654480508697833,0.999978582533833));
#4617=DIRECTION('ref_axis',(0.,-0.999978582533833,-0.00654480508697833));
#4618=DIRECTION('',(1.,0.,0.));
#4619=DIRECTION('center_axis',(0.,-0.999978582533835,-0.00654480508664208));
#4620=DIRECTION('ref_axis',(0.,0.00654480508664208,-0.999978582533835));
#4621=DIRECTION('',(0.,0.00654480508664208,-0.999978582533835));
#4622=DIRECTION('',(1.,0.,0.));
#4623=DIRECTION('',(0.,0.00654480508664208,-0.999978582533835));
#4624=DIRECTION('center_axis',(1.,0.,0.));
#4625=DIRECTION('ref_axis',(0.,1.,0.));
#4626=DIRECTION('',(0.,-1.,0.));
#4627=DIRECTION('',(0.,1.06373399517122E-15,-1.));
#4628=DIRECTION('center_axis',(-0.816496580927728,0.408248290463866,-0.408248290463855));
#4629=DIRECTION('ref_axis',(-0.577350269189621,-0.577350269189636,0.577350269189621));
#4630=DIRECTION('center_axis',(0.,0.,1.));
#4631=DIRECTION('ref_axis',(0.,-1.,0.));
#4632=DIRECTION('center_axis',(-1.,0.,0.));
#4633=DIRECTION('ref_axis',(0.,-2.66453525910037E-14,1.));
#4634=DIRECTION('center_axis',(0.,-1.,-2.66453525910037E-14));
#4635=DIRECTION('ref_axis',(-1.,0.,0.));
#4636=DIRECTION('center_axis',(-0.816496580927728,-0.408248290463868,0.408248290463854));
#4637=DIRECTION('ref_axis',(0.577350269189622,-0.577350269189633,0.577350269189622));
#4638=DIRECTION('center_axis',(0.,-1.,-2.66453525910037E-14));
#4639=DIRECTION('ref_axis',(0.,-2.66453525910037E-14,1.));
#4640=DIRECTION('center_axis',(1.,0.,0.));
#4641=DIRECTION('ref_axis',(0.,-1.,0.));
#4642=DIRECTION('center_axis',(0.,0.,1.));
#4643=DIRECTION('ref_axis',(1.,0.,0.));
#4644=DIRECTION('center_axis',(1.,0.,0.));
#4645=DIRECTION('ref_axis',(0.,-0.707106781186554,0.707106781186541));
#4646=DIRECTION('',(-1.,0.,0.));
#4647=DIRECTION('',(1.,0.,0.));
#4648=DIRECTION('center_axis',(0.,0.,-1.));
#4649=DIRECTION('ref_axis',(0.707106781186549,-0.707106781186546,0.));
#4650=DIRECTION('center_axis',(0.,-6.93889390390725E-16,1.));
#4651=DIRECTION('ref_axis',(0.,-1.,-6.93889390390725E-16));
#4652=DIRECTION('',(0.,0.,1.));
#4653=DIRECTION('',(0.,0.,-1.));
#4654=DIRECTION('center_axis',(1.,0.,0.));
#4655=DIRECTION('ref_axis',(0.,0.,-1.));
#4656=DIRECTION('center_axis',(1.,0.,0.));
#4657=DIRECTION('ref_axis',(0.,0.955248570981361,-0.295804272514896));
#4658=DIRECTION('center_axis',(-1.,0.,0.));
#4659=DIRECTION('ref_axis',(0.,0.955248570981361,-0.295804272514896));
#4660=DIRECTION('center_axis',(0.,-1.,-3.10431292322375E-14));
#4661=DIRECTION('ref_axis',(0.707106781186546,-2.19812944215728E-14,0.707106781186549));
#4662=DIRECTION('center_axis',(0.,-1.,-4.65147735614347E-14));
#4663=DIRECTION('ref_axis',(0.707106781186546,-2.19812944215728E-14,0.707106781186549));
#4664=DIRECTION('',(0.,-1.,-3.10431292322375E-14));
#4665=DIRECTION('',(0.,1.,3.10431292322375E-14));
#4666=DIRECTION('center_axis',(0.,-1.,-3.10431292322375E-14));
#4667=DIRECTION('ref_axis',(-0.707106781186546,-2.19812944215728E-14,0.707106781186549));
#4668=DIRECTION('center_axis',(0.,-1.,-4.65147735614347E-14));
#4669=DIRECTION('ref_axis',(-0.707106781186546,-2.19812944215728E-14,0.707106781186549));
#4670=DIRECTION('',(0.,-1.,-3.10431292322375E-14));
#4671=DIRECTION('',(0.,1.,3.10431292322375E-14));
#4672=DIRECTION('center_axis',(0.,0.,1.));
#4673=DIRECTION('ref_axis',(-0.707106781186549,-0.707106781186546,0.));
#4674=DIRECTION('center_axis',(0.,-6.93889390390725E-16,1.));
#4675=DIRECTION('ref_axis',(-1.,0.,0.));
#4676=DIRECTION('',(0.,0.,1.));
#4677=DIRECTION('',(0.,0.,-1.));
#4678=DIRECTION('center_axis',(-1.,0.,0.));
#4679=DIRECTION('ref_axis',(0.,0.,1.));
#4680=DIRECTION('center_axis',(1.,0.,0.));
#4681=DIRECTION('ref_axis',(0.,0.955248570981361,-0.295804272514896));
#4682=DIRECTION('center_axis',(-1.,0.,0.));
#4683=DIRECTION('ref_axis',(0.,0.955248570981361,-0.295804272514896));
#4684=DIRECTION('center_axis',(1.,0.,0.));
#4685=DIRECTION('ref_axis',(0.,1.,0.));
#4686=DIRECTION('',(0.,1.,0.));
#4687=DIRECTION('',(0.,0.,1.));
#4688=DIRECTION('',(0.,-4.65147735614347E-14,1.));
#4689=DIRECTION('center_axis',(0.,-1.,0.));
#4690=DIRECTION('ref_axis',(0.,0.,-1.));
#4691=DIRECTION('',(-1.,0.,0.));
#4692=DIRECTION('center_axis',(-1.,0.,0.));
#4693=DIRECTION('ref_axis',(0.,0.955248570981361,-0.295804272514896));
#4694=DIRECTION('',(1.,0.,0.));
#4695=DIRECTION('center_axis',(1.,1.18423788116915E-15,-3.48190720950028E-34));
#4696=DIRECTION('ref_axis',(1.16223468775733E-15,-0.955248570981357,-0.295804272514911));
#4697=DIRECTION('',(-1.,-1.18423788116915E-15,3.48190720950028E-34));
#4698=DIRECTION('',(1.,0.,3.18383484989912E-31));
#4699=DIRECTION('center_axis',(0.,1.,-2.69144975666705E-16));
#4700=DIRECTION('ref_axis',(0.,2.69144975666705E-16,1.));
#4701=DIRECTION('center_axis',(-0.816496580927725,0.408248290463866,0.408248290463861));
#4702=DIRECTION('ref_axis',(0.577350269189625,0.577350269189629,0.577350269189624));
#4703=DIRECTION('center_axis',(0.,0.,1.));
#4704=DIRECTION('ref_axis',(1.,0.,-1.38777878078144E-16));
#4705=DIRECTION('center_axis',(1.,1.18423788116915E-15,-3.48190720950028E-34));
#4706=DIRECTION('ref_axis',(0.,0.707106781186546,0.707106781186549));
#4707=DIRECTION('center_axis',(0.,1.,-2.94020928131662E-19));
#4708=DIRECTION('ref_axis',(0.70710678118655,0.,0.707106781186545));
#4709=DIRECTION('center_axis',(0.,0.,-1.));
#4710=DIRECTION('ref_axis',(0.707106781186551,0.707106781186544,0.));
#4711=DIRECTION('center_axis',(0.,0.,1.));
#4712=DIRECTION('ref_axis',(0.707106781186551,0.707106781186544,0.));
#4713=DIRECTION('',(0.,0.,1.));
#4714=DIRECTION('',(0.,0.,-1.));
#4715=DIRECTION('center_axis',(1.,1.18423788116915E-15,-3.48190720950028E-34));
#4716=DIRECTION('ref_axis',(-7.85046229341889E-16,0.707106781186546,0.707106781186549));
#4717=DIRECTION('',(1.,1.18423788116915E-15,-3.48190720950028E-34));
#4718=DIRECTION('',(-1.,-1.18423788116915E-15,3.48190720950028E-34));
#4719=DIRECTION('center_axis',(-1.,-1.18423788116915E-15,3.48190720950028E-34));
#4720=DIRECTION('ref_axis',(-5.55111512312578E-16,0.707106781186546,0.707106781186549));
#4721=DIRECTION('',(1.,1.18423788116915E-15,-3.48190720950028E-34));
#4722=DIRECTION('center_axis',(-1.18423788116915E-15,1.,0.));
#4723=DIRECTION('ref_axis',(1.,1.18423788116915E-15,0.));
#4724=DIRECTION('',(1.,1.18423788116915E-15,0.));
#4725=DIRECTION('',(0.,0.,-1.));
#4726=DIRECTION('center_axis',(0.,0.,-1.));
#4727=DIRECTION('ref_axis',(0.,1.,0.));
#4728=DIRECTION('',(0.,-1.,0.));
#4729=DIRECTION('',(-0.707106770649835,-0.70710679172326,0.));
#4730=DIRECTION('',(0.,1.,0.));
#4731=DIRECTION('',(0.70710679172326,-0.707106770649835,0.));
#4732=DIRECTION('',(0.,-1.,0.));
#4733=DIRECTION('center_axis',(0.,0.,1.));
#4734=DIRECTION('ref_axis',(0.707106781186548,-0.707106781186548,0.));
#4735=DIRECTION('',(-1.,0.,0.));
#4736=DIRECTION('center_axis',(0.,0.,1.));
#4737=DIRECTION('ref_axis',(-0.707106781186548,-0.707106781186547,0.));
#4738=DIRECTION('',(0.,1.,0.));
#4739=DIRECTION('',(0.707106770649835,0.70710679172326,0.));
#4740=DIRECTION('',(0.,1.,0.));
#4741=DIRECTION('',(-0.70710679172326,0.707106770649835,0.));
#4742=DIRECTION('',(0.,1.,0.));
#4743=DIRECTION('center_axis',(0.,0.,1.));
#4744=DIRECTION('ref_axis',(-0.707106781186549,0.707106781186546,0.));
#4745=DIRECTION('center_axis',(0.,0.,1.));
#4746=DIRECTION('ref_axis',(1.,0.,0.));
#4747=DIRECTION('center_axis',(0.,0.,1.));
#4748=DIRECTION('ref_axis',(1.,0.,0.));
#4749=DIRECTION('center_axis',(0.,0.,1.));
#4750=DIRECTION('ref_axis',(1.,0.,0.));
#4751=DIRECTION('center_axis',(0.,0.,1.));
#4752=DIRECTION('ref_axis',(1.,0.,0.));
#4753=DIRECTION('center_axis',(0.,0.,1.));
#4754=DIRECTION('ref_axis',(1.,0.,0.));
#4755=DIRECTION('center_axis',(0.,0.,1.));
#4756=DIRECTION('ref_axis',(1.,0.,0.));
#4757=DIRECTION('center_axis',(0.,0.,1.));
#4758=DIRECTION('ref_axis',(1.,0.,0.));
#4759=DIRECTION('center_axis',(0.,0.,1.));
#4760=DIRECTION('ref_axis',(1.,0.,0.));
#4761=DIRECTION('center_axis',(0.,0.,1.));
#4762=DIRECTION('ref_axis',(1.,0.,0.));
#4763=DIRECTION('center_axis',(0.,0.,1.));
#4764=DIRECTION('ref_axis',(1.,0.,0.));
#4765=DIRECTION('center_axis',(0.,0.,1.));
#4766=DIRECTION('ref_axis',(1.,0.,0.));
#4767=DIRECTION('center_axis',(0.,0.,1.));
#4768=DIRECTION('ref_axis',(1.,0.,0.));
#4769=DIRECTION('center_axis',(0.,0.,1.));
#4770=DIRECTION('ref_axis',(1.,0.,0.));
#4771=DIRECTION('center_axis',(0.,0.,1.));
#4772=DIRECTION('ref_axis',(1.,0.,0.));
#4773=DIRECTION('center_axis',(0.,0.,1.));
#4774=DIRECTION('ref_axis',(1.,0.,0.));
#4775=DIRECTION('center_axis',(0.,0.,1.));
#4776=DIRECTION('ref_axis',(1.,0.,0.));
#4777=DIRECTION('center_axis',(0.,0.,1.));
#4778=DIRECTION('ref_axis',(1.,0.,0.));
#4779=DIRECTION('center_axis',(0.,0.,1.));
#4780=DIRECTION('ref_axis',(1.,0.,0.));
#4781=DIRECTION('center_axis',(0.,0.,1.));
#4782=DIRECTION('ref_axis',(1.,0.,0.));
#4783=DIRECTION('center_axis',(-0.408248290463868,0.40824829046386,-0.816496580927725));
#4784=DIRECTION('ref_axis',(-0.577350269189628,0.577350269189622,0.577350269189627));
#4785=DIRECTION('center_axis',(0.,0.,1.));
#4786=DIRECTION('ref_axis',(-1.11022302462516E-15,1.,1.38777878078145E-16));
#4787=DIRECTION('center_axis',(0.,1.,-2.94020928131662E-19));
#4788=DIRECTION('ref_axis',(-0.707106781186547,0.,0.707106781186548));
#4789=DIRECTION('center_axis',(0.,0.,-1.));
#4790=DIRECTION('ref_axis',(-0.707106781186549,0.707106781186546,0.));
#4791=DIRECTION('',(0.,0.,1.));
#4792=DIRECTION('center_axis',(0.,1.,-2.94020928131662E-19));
#4793=DIRECTION('ref_axis',(-0.707106781186547,0.,0.707106781186548));
#4794=DIRECTION('',(0.,-1.,2.94020928131662E-19));
#4795=DIRECTION('center_axis',(0.382683439248529,-0.923879529660073,0.));
#4796=DIRECTION('ref_axis',(0.923879529660073,0.382683439248529,5.43279817393996E-19));
#4797=DIRECTION('',(0.,1.,-2.94020928131662E-19));
#4798=DIRECTION('center_axis',(-1.,0.,0.));
#4799=DIRECTION('ref_axis',(0.,1.,0.));
#4800=DIRECTION('',(0.,0.,-1.));
#4801=DIRECTION('center_axis',(0.408248290463864,-0.40824829046386,-0.816496580927727));
#4802=DIRECTION('ref_axis',(0.577350269189627,-0.577350269189623,0.577350269189627));
#4803=DIRECTION('center_axis',(0.,0.,1.));
#4804=DIRECTION('ref_axis',(0.,-1.,1.38777878078145E-16));
#4805=DIRECTION('center_axis',(0.,-1.,2.94020928131662E-19));
#4806=DIRECTION('ref_axis',(0.70710678118655,0.,0.707106781186545));
#4807=DIRECTION('center_axis',(1.,0.,0.));
#4808=DIRECTION('ref_axis',(0.,-0.707106781186546,0.707106781186549));
#4809=DIRECTION('center_axis',(0.,0.,-1.));
#4810=DIRECTION('ref_axis',(0.707106781186548,-0.707106781186548,0.));
#4811=DIRECTION('',(0.,0.,1.));
#4812=DIRECTION('',(0.,0.,-1.));
#4813=DIRECTION('center_axis',(0.,-1.,0.));
#4814=DIRECTION('ref_axis',(-1.,0.,0.));
#4815=DIRECTION('',(1.,0.,0.));
#4816=DIRECTION('',(0.,0.,1.));
#4817=DIRECTION('center_axis',(-1.,0.,0.));
#4818=DIRECTION('ref_axis',(0.,-0.707106781186546,0.707106781186549));
#4819=DIRECTION('',(-1.,0.,0.));
#4820=DIRECTION('center_axis',(-1.,0.,0.));
#4821=DIRECTION('ref_axis',(0.,-0.707106781186546,0.707106781186549));
#4822=DIRECTION('',(-1.,0.,0.));
#4823=DIRECTION('center_axis',(-0.408248290463865,-0.40824829046386,-0.816496580927727));
#4824=DIRECTION('ref_axis',(-0.577350269189627,-0.577350269189623,0.577350269189627));
#4825=DIRECTION('center_axis',(0.,0.,1.));
#4826=DIRECTION('ref_axis',(-1.,0.,1.38777878078145E-16));
#4827=DIRECTION('center_axis',(0.,-1.,2.94020928131662E-19));
#4828=DIRECTION('ref_axis',(-0.707106781186547,0.,0.707106781186548));
#4829=DIRECTION('center_axis',(0.,0.,-1.));
#4830=DIRECTION('ref_axis',(-0.707106781186548,-0.707106781186547,0.));
#4831=DIRECTION('',(0.,0.,-1.));
#4832=DIRECTION('center_axis',(-1.,0.,0.));
#4833=DIRECTION('ref_axis',(0.,1.,0.));
#4834=DIRECTION('',(0.,-1.,2.94020928131662E-19));
#4835=DIRECTION('',(0.,0.,-1.));
#4836=DIRECTION('center_axis',(0.,1.,-2.94020928131662E-19));
#4837=DIRECTION('ref_axis',(-0.707106781186547,0.,0.707106781186548));
#4838=DIRECTION('',(0.,1.,-2.94020928131662E-19));
#4839=DIRECTION('center_axis',(-0.382683425481652,-0.9238795353625,4.24863950112155E-16));
#4840=DIRECTION('ref_axis',(0.9238795353625,-0.382683425481652,-1.02494401841443E-15));
#4841=DIRECTION('center_axis',(0.,-1.,2.94020928131662E-19));
#4842=DIRECTION('ref_axis',(0.707106781186548,0.,0.707106781186547));
#4843=DIRECTION('',(0.,-1.,2.94020928131662E-19));
#4844=DIRECTION('center_axis',(-0.382683439248529,0.923879529660073,-2.05142465161695E-15));
#4845=DIRECTION('ref_axis',(0.923879529660073,0.382683439248529,4.95180879805501E-15));
#4846=DIRECTION('',(0.,1.,-2.94020928131662E-19));
#4847=DIRECTION('center_axis',(-0.382683425481645,-0.923879535362503,0.));
#4848=DIRECTION('ref_axis',(-0.923879535362503,0.382683425481645,-7.68313725010714E-19));
#4849=DIRECTION('center_axis',(0.70710679172326,-0.707106770649835,2.07904188994647E-19));
#4850=DIRECTION('ref_axis',(0.49999999254942,0.500000007450581,0.707106781186547));
#4851=DIRECTION('center_axis',(0.866409030134285,0.499334950210546,0.));
#4852=DIRECTION('ref_axis',(-0.499334950210546,0.866409030134284,0.));
#4853=DIRECTION('',(0.70710679172326,-0.707106770649835,2.07904188994647E-19));
#4854=DIRECTION('center_axis',(-0.382683439248529,0.923879529660073,0.));
#4855=DIRECTION('ref_axis',(-0.923879529660073,-0.382683439248529,-5.43279817393996E-19));
#4856=DIRECTION('',(-0.70710679172326,0.707106770649835,-2.07904188994647E-19));
#4857=DIRECTION('',(0.70710679172326,-0.707106770649835,2.07904188994647E-19));
#4858=DIRECTION('center_axis',(0.000767763187373272,0.999999705269801,0.));
#4859=DIRECTION('ref_axis',(0.999999705269801,-0.000767763187373299,-1.47083110624257E-16));
#4860=DIRECTION('center_axis',(0.,-1.,2.94020928131662E-19));
#4861=DIRECTION('ref_axis',(0.707106781186549,0.,0.707106781186546));
#4862=DIRECTION('',(0.,1.,-2.94020928131662E-19));
#4863=DIRECTION('',(0.,-1.,2.94020928131662E-19));
#4864=DIRECTION('center_axis',(0.707106770649835,0.70710679172326,-2.07904195190675E-19));
#4865=DIRECTION('ref_axis',(-0.500000007450581,0.499999992549419,0.707106781186548));
#4866=DIRECTION('center_axis',(0.000767763187373272,0.999999705269801,0.));
#4867=DIRECTION('ref_axis',(-0.999999705269801,0.000767763187373328,-4.91030462030904E-17));
#4868=DIRECTION('',(0.707106770649835,0.70710679172326,-2.07904195190675E-19));
#4869=DIRECTION('center_axis',(-0.382683425481652,-0.9238795353625,2.05142466427888E-15));
#4870=DIRECTION('ref_axis',(-0.9238795353625,0.382683425481652,-4.95203407120339E-15));
#4871=DIRECTION('',(-0.707106770649835,-0.70710679172326,2.07904195190675E-19));
#4872=DIRECTION('',(0.707106770649835,0.70710679172326,-2.07904195190675E-19));
#4873=DIRECTION('center_axis',(-0.865641266946913,0.500664755059255,0.));
#4874=DIRECTION('ref_axis',(0.500664755059255,0.865641266946913,-1.79077136545359E-17));
#4875=DIRECTION('center_axis',(0.,-1.,2.94020928131662E-19));
#4876=DIRECTION('ref_axis',(-0.707106781186548,0.,0.707106781186548));
#4877=DIRECTION('',(0.,-1.,2.94020928131662E-19));
#4878=DIRECTION('',(0.,1.,-2.94020928131662E-19));
#4879=DIRECTION('center_axis',(0.382683439248529,-0.923879529660073,4.24863965396459E-16));
#4880=DIRECTION('ref_axis',(0.923879529660073,0.382683439248529,1.0249440121111E-15));
#4881=DIRECTION('center_axis',(-0.70710679172326,0.707106770649835,-2.07904188994647E-19));
#4882=DIRECTION('ref_axis',(-0.499999992549419,-0.500000007450581,0.707106781186548));
#4883=DIRECTION('center_axis',(-0.866409030134285,-0.499334950210545,0.));
#4884=DIRECTION('ref_axis',(0.499334950210545,-0.866409030134285,-1.80106336443678E-17));
#4885=DIRECTION('',(-0.70710679172326,0.707106770649835,-2.07904188994647E-19));
#4886=DIRECTION('',(0.70710679172326,-0.707106770649835,2.07904188994647E-19));
#4887=DIRECTION('',(-0.70710679172326,0.707106770649835,-2.07904188994647E-19));
#4888=DIRECTION('center_axis',(-0.000767763187373272,-0.999999705269801,
0.));
#4889=DIRECTION('ref_axis',(-0.999999705269801,0.000767763187373299,-1.47083110624257E-16));
#4890=DIRECTION('center_axis',(-0.707106770649835,-0.70710679172326,2.07904195190675E-19));
#4891=DIRECTION('ref_axis',(0.500000007450578,-0.499999992549421,0.707106781186548));
#4892=DIRECTION('center_axis',(-0.000767763187373272,-0.999999705269801,
0.));
#4893=DIRECTION('ref_axis',(0.999999705269801,-0.000767763187373293,-9.82060924061808E-17));
#4894=DIRECTION('',(-0.707106770649835,-0.70710679172326,2.07904195190675E-19));
#4895=DIRECTION('',(0.707106770649835,0.70710679172326,-2.07904195190675E-19));
#4896=DIRECTION('center_axis',(0.382683425481648,0.923879535362502,-5.80230512900637E-15));
#4897=DIRECTION('ref_axis',(-0.923879535362502,0.382683425481648,1.40072357169459E-14));
#4898=DIRECTION('',(-0.707106770649835,-0.70710679172326,2.07904195190675E-19));
#4899=DIRECTION('center_axis',(0.865641266946911,-0.500664755059257,0.));
#4900=DIRECTION('ref_axis',(-0.500664755059257,-0.865641266946911,-7.16308546181431E-17));
#4901=DIRECTION('center_axis',(0.,-1.,2.94020928131662E-19));
#4902=DIRECTION('ref_axis',(0.707106781186549,0.,0.707106781186546));
#4903=DIRECTION('',(0.,-1.,2.94020928131662E-19));
#4904=DIRECTION('',(0.,1.,-2.94020928131662E-19));
#4905=DIRECTION('center_axis',(-0.707106770649835,-0.70710679172326,0.));
#4906=DIRECTION('ref_axis',(-0.70710679172326,0.707106770649835,0.));
#4907=DIRECTION('',(0.,0.,-1.));
#4908=DIRECTION('center_axis',(1.,0.,0.));
#4909=DIRECTION('ref_axis',(0.,-1.,0.));
#4910=DIRECTION('',(0.,0.,-1.));
#4911=DIRECTION('center_axis',(0.70710679172326,-0.707106770649835,0.));
#4912=DIRECTION('ref_axis',(-0.707106770649835,-0.70710679172326,0.));
#4913=DIRECTION('',(0.,0.,1.));
#4914=DIRECTION('center_axis',(1.,0.,0.));
#4915=DIRECTION('ref_axis',(0.,1.,0.));
#4916=DIRECTION('',(0.,0.,-1.));
#4917=DIRECTION('center_axis',(-0.865641266946913,0.500664755059255,0.));
#4918=DIRECTION('ref_axis',(0.500664755059255,0.865641266946913,0.));
#4919=DIRECTION('',(0.500664755059255,0.865641266946913,-2.54516648736799E-19));
#4920=DIRECTION('',(0.,0.,-1.));
#4921=DIRECTION('',(0.500664755059255,0.865641266946913,0.));
#4922=DIRECTION('',(0.,0.,-1.));
#4923=DIRECTION('center_axis',(0.866409030134285,0.499334950210546,0.));
#4924=DIRECTION('ref_axis',(0.499334950210546,-0.866409030134285,0.));
#4925=DIRECTION('',(0.,0.,-1.));
#4926=DIRECTION('',(0.499334950210546,-0.866409030134285,0.));
#4927=DIRECTION('',(0.,0.,-1.));
#4928=DIRECTION('',(0.499334950210546,-0.866409030134285,2.54742387181736E-19));
#4929=DIRECTION('center_axis',(0.000767763187373272,0.999999705269801,0.));
#4930=DIRECTION('ref_axis',(0.999999705269801,-0.000767763187373272,0.));
#4931=DIRECTION('',(0.999999705269801,-0.000767763187373272,2.25738444936813E-22));
#4932=DIRECTION('',(0.,0.,-1.));
#4933=DIRECTION('',(0.999999705269801,-0.000767763187373272,0.));
#4934=DIRECTION('center_axis',(-0.000767763187373272,-0.999999705269801,
0.));
#4935=DIRECTION('ref_axis',(-0.999999705269801,0.000767763187373272,0.));
#4936=DIRECTION('',(0.,0.,-1.));
#4937=DIRECTION('',(-0.999999705269801,0.000767763187373272,0.));
#4938=DIRECTION('',(0.,0.,-1.));
#4939=DIRECTION('',(-0.999999705269801,0.000767763187373272,-2.25738444936813E-22));
#4940=DIRECTION('center_axis',(-0.000767763187372573,-0.999999705269801,
0.));
#4941=DIRECTION('ref_axis',(-0.999999705269801,0.000767763187372573,0.));
#4942=DIRECTION('',(-0.999999705269801,0.000767763187372573,-2.25738444936607E-22));
#4943=DIRECTION('',(0.,0.,-1.));
#4944=DIRECTION('',(-0.999999705269801,0.000767763187372573,0.));
#4945=DIRECTION('',(0.,0.,-1.));
#4946=DIRECTION('center_axis',(-0.866409030134285,-0.499334950210545,0.));
#4947=DIRECTION('ref_axis',(-0.499334950210545,0.866409030134285,0.));
#4948=DIRECTION('',(-0.499334950210544,0.866409030134285,-2.54742387181736E-19));
#4949=DIRECTION('',(-0.499334950210545,0.866409030134285,0.));
#4950=DIRECTION('',(0.,0.,-1.));
#4951=DIRECTION('center_axis',(-0.865641266946913,0.500664755059255,0.));
#4952=DIRECTION('ref_axis',(0.500664755059255,0.865641266946913,0.));
#4953=DIRECTION('',(0.500664755059255,0.865641266946913,-2.54516648736799E-19));
#4954=DIRECTION('',(0.500664755059255,0.865641266946913,0.));
#4955=DIRECTION('center_axis',(0.865641266946911,-0.500664755059257,0.));
#4956=DIRECTION('ref_axis',(-0.500664755059257,-0.865641266946911,0.));
#4957=DIRECTION('',(-0.500664755059257,-0.865641266946911,2.54516648736799E-19));
#4958=DIRECTION('',(-0.500664755059257,-0.865641266946911,0.));
#4959=DIRECTION('center_axis',(0.,0.,-1.));
#4960=DIRECTION('ref_axis',(1.,0.,0.));
#4961=DIRECTION('center_axis',(0.,0.,1.));
#4962=DIRECTION('ref_axis',(1.,0.,0.));
#4963=DIRECTION('center_axis',(-0.865641266946913,0.500664755059255,0.));
#4964=DIRECTION('ref_axis',(0.500664755059255,0.865641266946913,0.));
#4965=DIRECTION('',(0.,0.,-1.));
#4966=DIRECTION('',(0.500664755059255,0.865641266946913,0.));
#4967=DIRECTION('',(0.,0.,-1.));
#4968=DIRECTION('',(0.500664755059255,0.865641266946913,0.));
#4969=DIRECTION('center_axis',(0.,0.,-1.));
#4970=DIRECTION('ref_axis',(1.,0.,0.));
#4971=DIRECTION('',(0.999999705269801,-0.000767763187372572,0.));
#4972=DIRECTION('',(0.499334950210546,-0.866409030134285,0.));
#4973=DIRECTION('center_axis',(0.866409030134285,0.499334950210546,0.));
#4974=DIRECTION('ref_axis',(0.499334950210546,-0.866409030134285,0.));
#4975=DIRECTION('',(0.,0.,-1.));
#4976=DIRECTION('',(0.499334950210546,-0.866409030134285,0.));
#4977=DIRECTION('',(0.,0.,-1.));
#4978=DIRECTION('center_axis',(0.000767763187372572,0.999999705269801,0.));
#4979=DIRECTION('ref_axis',(0.999999705269801,-0.000767763187372572,0.));
#4980=DIRECTION('',(0.999999705269801,-0.000767763187372572,0.));
#4981=DIRECTION('center_axis',(-0.866409030134285,-0.499334950210545,0.));
#4982=DIRECTION('ref_axis',(-0.499334950210545,0.866409030134285,0.));
#4983=DIRECTION('',(-0.499334950210545,0.866409030134285,-2.54742387181736E-19));
#4984=DIRECTION('',(0.,0.,-1.));
#4985=DIRECTION('',(-0.499334950210545,0.866409030134285,0.));
#4986=DIRECTION('center_axis',(-0.000767763187372573,-0.999999705269801,
0.));
#4987=DIRECTION('ref_axis',(-0.999999705269801,0.000767763187372573,0.));
#4988=DIRECTION('',(-0.999999705269801,0.000767763187372573,-2.25738444936607E-22));
#4989=DIRECTION('',(0.,0.,-1.));
#4990=DIRECTION('',(-0.999999705269801,0.000767763187372573,0.));
#4991=DIRECTION('center_axis',(0.865641266946912,-0.500664755059257,0.));
#4992=DIRECTION('ref_axis',(-0.500664755059257,-0.865641266946912,0.));
#4993=DIRECTION('',(-0.500664755059257,-0.865641266946912,2.54516648736799E-19));
#4994=DIRECTION('',(-0.500664755059257,-0.865641266946912,0.));
#4995=DIRECTION('center_axis',(0.,0.,-1.));
#4996=DIRECTION('ref_axis',(1.,0.,0.));
#4997=DIRECTION('center_axis',(0.,0.,1.));
#4998=DIRECTION('ref_axis',(1.,0.,0.));
#4999=DIRECTION('center_axis',(-0.000767763187372573,-0.999999705269801,
0.));
#5000=DIRECTION('ref_axis',(-0.999999705269801,0.000767763187372573,0.));
#5001=DIRECTION('',(-0.999999705269801,0.000767763187372573,-2.25738444936607E-22));
#5002=DIRECTION('',(0.,0.,-1.));
#5003=DIRECTION('',(-0.999999705269801,0.000767763187372573,0.));
#5004=DIRECTION('',(0.,0.,-1.));
#5005=DIRECTION('center_axis',(-0.866409030134285,-0.499334950210545,0.));
#5006=DIRECTION('ref_axis',(-0.499334950210545,0.866409030134285,0.));
#5007=DIRECTION('',(-0.499334950210544,0.866409030134285,-2.54742387181736E-19));
#5008=DIRECTION('',(-0.499334950210545,0.866409030134285,0.));
#5009=DIRECTION('',(0.,0.,-1.));
#5010=DIRECTION('center_axis',(-0.865641266946913,0.500664755059255,0.));
#5011=DIRECTION('ref_axis',(0.500664755059255,0.865641266946913,0.));
#5012=DIRECTION('',(0.500664755059255,0.865641266946913,-2.54516648736799E-19));
#5013=DIRECTION('',(0.500664755059255,0.865641266946913,0.));
#5014=DIRECTION('',(0.,0.,-1.));
#5015=DIRECTION('center_axis',(0.000767763187373272,0.999999705269801,0.));
#5016=DIRECTION('ref_axis',(0.999999705269801,-0.000767763187373272,0.));
#5017=DIRECTION('',(0.999999705269801,-0.000767763187373272,2.25738444936813E-22));
#5018=DIRECTION('',(0.999999705269801,-0.000767763187373272,0.));
#5019=DIRECTION('',(0.,0.,-1.));
#5020=DIRECTION('center_axis',(0.865641266946912,-0.500664755059257,0.));
#5021=DIRECTION('ref_axis',(-0.500664755059257,-0.865641266946912,0.));
#5022=DIRECTION('',(-0.500664755059257,-0.865641266946912,2.54516648736799E-19));
#5023=DIRECTION('',(0.,0.,-1.));
#5024=DIRECTION('',(-0.500664755059257,-0.865641266946912,0.));
#5025=DIRECTION('center_axis',(0.866409030134285,0.499334950210546,0.));
#5026=DIRECTION('ref_axis',(0.499334950210546,-0.866409030134285,0.));
#5027=DIRECTION('',(0.499334950210546,-0.866409030134285,2.54742387181736E-19));
#5028=DIRECTION('',(0.499334950210546,-0.866409030134285,0.));
#5029=DIRECTION('center_axis',(0.,0.,-1.));
#5030=DIRECTION('ref_axis',(1.,0.,0.));
#5031=DIRECTION('center_axis',(0.,0.,1.));
#5032=DIRECTION('ref_axis',(1.,0.,0.));
#5033=DIRECTION('center_axis',(-0.000767763187373272,-0.999999705269801,
0.));
#5034=DIRECTION('ref_axis',(-0.999999705269801,0.000767763187373272,0.));
#5035=DIRECTION('',(-0.999999705269801,0.000767763187373272,-2.25738444936813E-22));
#5036=DIRECTION('',(0.,0.,-1.));
#5037=DIRECTION('',(-0.999999705269801,0.000767763187373272,0.));
#5038=DIRECTION('',(0.,0.,-1.));
#5039=DIRECTION('center_axis',(-0.866409030134285,-0.499334950210545,0.));
#5040=DIRECTION('ref_axis',(-0.499334950210545,0.866409030134285,0.));
#5041=DIRECTION('',(-0.499334950210545,0.866409030134285,0.));
#5042=DIRECTION('',(0.,0.,-1.));
#5043=DIRECTION('',(-0.499334950210545,0.866409030134285,-2.54742387181736E-19));
#5044=DIRECTION('center_axis',(-0.865641266946913,0.500664755059255,0.));
#5045=DIRECTION('ref_axis',(0.500664755059255,0.865641266946913,0.));
#5046=DIRECTION('',(0.500664755059255,0.865641266946913,-2.54516648736799E-19));
#5047=DIRECTION('',(0.500664755059255,0.865641266946913,0.));
#5048=DIRECTION('',(0.,0.,-1.));
#5049=DIRECTION('center_axis',(0.000767763187372572,0.999999705269801,0.));
#5050=DIRECTION('ref_axis',(0.999999705269801,-0.000767763187372572,0.));
#5051=DIRECTION('',(0.999999705269801,-0.000767763187372572,2.25738444936607E-22));
#5052=DIRECTION('',(0.999999705269801,-0.000767763187372572,0.));
#5053=DIRECTION('',(0.,0.,-1.));
#5054=DIRECTION('center_axis',(0.865641266946912,-0.500664755059257,0.));
#5055=DIRECTION('ref_axis',(-0.500664755059257,-0.865641266946912,0.));
#5056=DIRECTION('',(-0.500664755059257,-0.865641266946912,2.54516648736799E-19));
#5057=DIRECTION('',(0.,0.,-1.));
#5058=DIRECTION('',(-0.500664755059257,-0.865641266946912,0.));
#5059=DIRECTION('center_axis',(0.866409030134285,0.499334950210546,0.));
#5060=DIRECTION('ref_axis',(0.499334950210546,-0.866409030134285,0.));
#5061=DIRECTION('',(0.499334950210546,-0.866409030134285,2.54742387181736E-19));
#5062=DIRECTION('',(0.499334950210546,-0.866409030134285,0.));
#5063=DIRECTION('center_axis',(0.,0.,-1.));
#5064=DIRECTION('ref_axis',(1.,0.,0.));
#5065=DIRECTION('center_axis',(0.,0.,1.));
#5066=DIRECTION('ref_axis',(1.,0.,0.));
#5067=DIRECTION('center_axis',(-0.000767763187372573,-0.999999705269801,
0.));
#5068=DIRECTION('ref_axis',(-0.999999705269801,0.000767763187372573,0.));
#5069=DIRECTION('',(-0.999999705269801,0.000767763187372573,-2.25738444936607E-22));
#5070=DIRECTION('',(0.,0.,-1.));
#5071=DIRECTION('',(-0.999999705269801,0.000767763187372573,0.));
#5072=DIRECTION('',(0.,0.,-1.));
#5073=DIRECTION('center_axis',(-0.866409030134285,-0.499334950210544,0.));
#5074=DIRECTION('ref_axis',(-0.499334950210544,0.866409030134285,0.));
#5075=DIRECTION('',(-0.499334950210544,0.866409030134285,-2.54742387181736E-19));
#5076=DIRECTION('',(-0.499334950210544,0.866409030134285,0.));
#5077=DIRECTION('',(0.,0.,-1.));
#5078=DIRECTION('center_axis',(-0.865641266946913,0.500664755059255,0.));
#5079=DIRECTION('ref_axis',(0.500664755059255,0.865641266946913,0.));
#5080=DIRECTION('',(0.500664755059255,0.865641266946913,-2.54516648736799E-19));
#5081=DIRECTION('',(0.500664755059255,0.865641266946913,0.));
#5082=DIRECTION('',(0.,0.,-1.));
#5083=DIRECTION('center_axis',(0.000767763187372572,0.999999705269801,0.));
#5084=DIRECTION('ref_axis',(0.999999705269801,-0.000767763187372572,0.));
#5085=DIRECTION('',(0.999999705269801,-0.000767763187372572,2.25738444936607E-22));
#5086=DIRECTION('',(0.999999705269801,-0.000767763187372572,0.));
#5087=DIRECTION('',(0.,0.,-1.));
#5088=DIRECTION('center_axis',(0.865641266946912,-0.500664755059256,0.));
#5089=DIRECTION('ref_axis',(-0.500664755059256,-0.865641266946912,0.));
#5090=DIRECTION('',(-0.500664755059256,-0.865641266946912,2.54516648736799E-19));
#5091=DIRECTION('',(0.,0.,-1.));
#5092=DIRECTION('',(-0.500664755059256,-0.865641266946912,0.));
#5093=DIRECTION('center_axis',(0.866409030134285,0.499334950210546,0.));
#5094=DIRECTION('ref_axis',(0.499334950210546,-0.866409030134285,0.));
#5095=DIRECTION('',(0.499334950210546,-0.866409030134285,2.54742387181736E-19));
#5096=DIRECTION('',(0.499334950210546,-0.866409030134285,0.));
#5097=DIRECTION('center_axis',(0.,0.,-1.));
#5098=DIRECTION('ref_axis',(1.,0.,0.));
#5099=DIRECTION('center_axis',(0.,0.,1.));
#5100=DIRECTION('ref_axis',(1.,0.,0.));
#5101=DIRECTION('center_axis',(-0.000767763187373272,-0.999999705269801,
0.));
#5102=DIRECTION('ref_axis',(-0.999999705269801,0.000767763187373272,0.));
#5103=DIRECTION('',(-0.999999705269801,0.000767763187373272,-2.25738444936813E-22));
#5104=DIRECTION('',(0.,0.,-1.));
#5105=DIRECTION('',(-0.999999705269801,0.000767763187373272,0.));
#5106=DIRECTION('',(0.,0.,-1.));
#5107=DIRECTION('center_axis',(-0.866409030134285,-0.499334950210545,0.));
#5108=DIRECTION('ref_axis',(-0.499334950210545,0.866409030134285,0.));
#5109=DIRECTION('',(-0.499334950210544,0.866409030134285,-2.54742387181736E-19));
#5110=DIRECTION('',(-0.499334950210545,0.866409030134285,0.));
#5111=DIRECTION('',(0.,0.,-1.));
#5112=DIRECTION('center_axis',(-0.865641266946913,0.500664755059255,0.));
#5113=DIRECTION('ref_axis',(0.500664755059255,0.865641266946912,0.));
#5114=DIRECTION('',(0.500664755059255,0.865641266946912,-2.54516648736799E-19));
#5115=DIRECTION('',(0.500664755059255,0.865641266946912,0.));
#5116=DIRECTION('',(0.,0.,-1.));
#5117=DIRECTION('center_axis',(0.000767763187373097,0.999999705269801,0.));
#5118=DIRECTION('ref_axis',(0.999999705269801,-0.000767763187373097,0.));
#5119=DIRECTION('',(0.999999705269801,-0.000767763187373097,2.25738444936761E-22));
#5120=DIRECTION('',(0.999999705269801,-0.000767763187373097,0.));
#5121=DIRECTION('',(0.,0.,-1.));
#5122=DIRECTION('center_axis',(0.865641266946912,-0.500664755059257,0.));
#5123=DIRECTION('ref_axis',(-0.500664755059257,-0.865641266946912,0.));
#5124=DIRECTION('',(-0.500664755059257,-0.865641266946912,2.54516648736799E-19));
#5125=DIRECTION('',(0.,0.,-1.));
#5126=DIRECTION('',(-0.500664755059257,-0.865641266946912,0.));
#5127=DIRECTION('center_axis',(0.866409030134285,0.499334950210546,0.));
#5128=DIRECTION('ref_axis',(0.499334950210546,-0.866409030134285,0.));
#5129=DIRECTION('',(0.499334950210546,-0.866409030134285,2.54742387181736E-19));
#5130=DIRECTION('',(0.499334950210546,-0.866409030134285,0.));
#5131=DIRECTION('center_axis',(0.,0.,-1.));
#5132=DIRECTION('ref_axis',(1.,0.,0.));
#5133=DIRECTION('center_axis',(0.,0.,1.));
#5134=DIRECTION('ref_axis',(1.,0.,0.));
#5135=DIRECTION('center_axis',(0.000767763187372572,0.999999705269801,0.));
#5136=DIRECTION('ref_axis',(0.999999705269801,-0.000767763187372572,0.));
#5137=DIRECTION('',(0.999999705269801,-0.000767763187372572,2.25738444936607E-22));
#5138=DIRECTION('',(0.,0.,-1.));
#5139=DIRECTION('',(0.999999705269801,-0.000767763187372572,0.));
#5140=DIRECTION('',(0.,0.,-1.));
#5141=DIRECTION('center_axis',(0.866409030134285,0.499334950210546,0.));
#5142=DIRECTION('ref_axis',(0.499334950210546,-0.866409030134285,0.));
#5143=DIRECTION('',(0.499334950210546,-0.866409030134285,2.54742387181736E-19));
#5144=DIRECTION('',(0.499334950210546,-0.866409030134285,0.));
#5145=DIRECTION('',(0.,0.,-1.));
#5146=DIRECTION('center_axis',(-0.865641266946913,0.500664755059255,0.));
#5147=DIRECTION('ref_axis',(0.500664755059255,0.865641266946913,0.));
#5148=DIRECTION('',(0.500664755059255,0.865641266946913,-2.54516648736799E-19));
#5149=DIRECTION('',(0.,0.,-1.));
#5150=DIRECTION('',(0.500664755059255,0.865641266946913,0.));
#5151=DIRECTION('center_axis',(-0.866409030134285,-0.499334950210545,0.));
#5152=DIRECTION('ref_axis',(-0.499334950210545,0.866409030134285,0.));
#5153=DIRECTION('',(-0.499334950210545,0.866409030134285,0.));
#5154=DIRECTION('',(0.,0.,-1.));
#5155=DIRECTION('',(-0.499334950210545,0.866409030134285,0.));
#5156=DIRECTION('center_axis',(-0.000767763187372573,-0.999999705269801,
0.));
#5157=DIRECTION('ref_axis',(-0.999999705269801,0.000767763187372573,0.));
#5158=DIRECTION('',(-0.999999705269801,0.000767763187372573,0.));
#5159=DIRECTION('',(0.,0.,-1.));
#5160=DIRECTION('',(-0.999999705269801,0.000767763187372573,0.));
#5161=DIRECTION('center_axis',(0.865641266946912,-0.500664755059257,0.));
#5162=DIRECTION('ref_axis',(-0.500664755059257,-0.865641266946912,0.));
#5163=DIRECTION('',(-0.500664755059257,-0.865641266946912,0.));
#5164=DIRECTION('',(-0.500664755059257,-0.865641266946912,0.));
#5165=DIRECTION('center_axis',(0.,0.,-1.));
#5166=DIRECTION('ref_axis',(1.,0.,0.));
#5167=DIRECTION('center_axis',(0.,0.,1.));
#5168=DIRECTION('ref_axis',(1.,0.,0.));
#5169=DIRECTION('center_axis',(0.,0.,-1.));
#5170=DIRECTION('ref_axis',(1.,0.,0.));
#5171=DIRECTION('center_axis',(-0.000767763187373272,-0.999999705269801,
0.));
#5172=DIRECTION('ref_axis',(-0.999999705269801,0.000767763187373272,0.));
#5173=DIRECTION('',(-0.999999705269801,0.000767763187373272,-2.25738444936813E-22));
#5174=DIRECTION('',(0.,0.,-1.));
#5175=DIRECTION('',(-0.999999705269801,0.000767763187373272,0.));
#5176=DIRECTION('',(0.,0.,-1.));
#5177=DIRECTION('center_axis',(-0.866409030134285,-0.499334950210545,0.));
#5178=DIRECTION('ref_axis',(-0.499334950210545,0.866409030134285,0.));
#5179=DIRECTION('',(-0.499334950210545,0.866409030134285,-2.54742387181736E-19));
#5180=DIRECTION('',(-0.499334950210545,0.866409030134285,0.));
#5181=DIRECTION('',(0.,0.,-1.));
#5182=DIRECTION('center_axis',(-0.865641266946913,0.500664755059255,0.));
#5183=DIRECTION('ref_axis',(0.500664755059255,0.865641266946913,0.));
#5184=DIRECTION('',(0.500664755059255,0.865641266946913,-2.54516648736799E-19));
#5185=DIRECTION('',(0.500664755059255,0.865641266946913,0.));
#5186=DIRECTION('',(0.,0.,-1.));
#5187=DIRECTION('center_axis',(0.000767763187372572,0.999999705269801,0.));
#5188=DIRECTION('ref_axis',(0.999999705269801,-0.000767763187372572,0.));
#5189=DIRECTION('',(0.999999705269801,-0.000767763187372572,2.25738444936607E-22));
#5190=DIRECTION('',(0.999999705269801,-0.000767763187372572,0.));
#5191=DIRECTION('',(0.,0.,-1.));
#5192=DIRECTION('center_axis',(0.865641266946912,-0.500664755059257,0.));
#5193=DIRECTION('ref_axis',(-0.500664755059257,-0.865641266946912,0.));
#5194=DIRECTION('',(-0.500664755059257,-0.865641266946912,2.54516648736799E-19));
#5195=DIRECTION('',(0.,0.,-1.));
#5196=DIRECTION('',(-0.500664755059257,-0.865641266946912,0.));
#5197=DIRECTION('center_axis',(0.866409030134285,0.499334950210546,0.));
#5198=DIRECTION('ref_axis',(0.499334950210546,-0.866409030134285,0.));
#5199=DIRECTION('',(0.499334950210546,-0.866409030134285,2.54742387181736E-19));
#5200=DIRECTION('',(0.499334950210546,-0.866409030134285,0.));
#5201=DIRECTION('center_axis',(0.,0.,-1.));
#5202=DIRECTION('ref_axis',(1.,0.,0.));
#5203=DIRECTION('center_axis',(0.,0.,1.));
#5204=DIRECTION('ref_axis',(1.,0.,0.));
#5205=DIRECTION('center_axis',(-0.866409030134285,-0.499334950210545,0.));
#5206=DIRECTION('ref_axis',(-0.499334950210545,0.866409030134285,0.));
#5207=DIRECTION('',(-0.499334950210545,0.866409030134285,-2.54742387181736E-19));
#5208=DIRECTION('',(-0.499334950210545,0.866409030134285,0.));
#5209=DIRECTION('',(0.,0.,-1.));
#5210=DIRECTION('center_axis',(-0.865641266946913,0.500664755059255,0.));
#5211=DIRECTION('ref_axis',(0.500664755059255,0.865641266946913,0.));
#5212=DIRECTION('',(0.500664755059255,0.865641266946913,-2.54516648736799E-19));
#5213=DIRECTION('',(0.500664755059255,0.865641266946913,0.));
#5214=DIRECTION('',(0.,0.,-1.));
#5215=DIRECTION('center_axis',(0.000767763187372572,0.999999705269801,0.));
#5216=DIRECTION('ref_axis',(0.999999705269801,-0.000767763187372572,0.));
#5217=DIRECTION('',(0.999999705269801,-0.000767763187372572,2.25738444936607E-22));
#5218=DIRECTION('',(0.999999705269801,-0.000767763187372572,0.));
#5219=DIRECTION('',(0.,0.,-1.));
#5220=DIRECTION('center_axis',(0.865641266946911,-0.500664755059257,0.));
#5221=DIRECTION('ref_axis',(-0.500664755059257,-0.865641266946911,0.));
#5222=DIRECTION('',(-0.500664755059257,-0.865641266946911,2.54516648736799E-19));
#5223=DIRECTION('',(0.,0.,-1.));
#5224=DIRECTION('',(-0.500664755059257,-0.865641266946911,0.));
#5225=DIRECTION('center_axis',(0.866409030134285,0.499334950210546,0.));
#5226=DIRECTION('ref_axis',(0.499334950210546,-0.866409030134285,0.));
#5227=DIRECTION('',(0.499334950210546,-0.866409030134285,2.54742387181736E-19));
#5228=DIRECTION('',(0.499334950210546,-0.866409030134285,0.));
#5229=DIRECTION('center_axis',(0.,0.,-1.));
#5230=DIRECTION('ref_axis',(1.,0.,0.));
#5231=DIRECTION('center_axis',(0.,0.,1.));
#5232=DIRECTION('ref_axis',(1.,0.,0.));
#5233=DIRECTION('center_axis',(-0.000767763187372573,-0.999999705269801,
0.));
#5234=DIRECTION('ref_axis',(-0.999999705269801,0.000767763187372573,0.));
#5235=DIRECTION('',(-0.999999705269801,0.000767763187372573,-2.25738444936607E-22));
#5236=DIRECTION('',(0.,0.,-1.));
#5237=DIRECTION('',(-0.999999705269801,0.000767763187372573,0.));
#5238=DIRECTION('',(0.,0.,-1.));
#5239=DIRECTION('center_axis',(-0.866409030134285,-0.499334950210545,0.));
#5240=DIRECTION('ref_axis',(-0.499334950210545,0.866409030134285,0.));
#5241=DIRECTION('',(-0.499334950210545,0.866409030134285,-2.54742387181736E-19));
#5242=DIRECTION('',(-0.499334950210545,0.866409030134285,0.));
#5243=DIRECTION('',(0.,0.,-1.));
#5244=DIRECTION('center_axis',(-0.865641266946913,0.500664755059255,0.));
#5245=DIRECTION('ref_axis',(0.500664755059255,0.865641266946913,0.));
#5246=DIRECTION('',(0.500664755059255,0.865641266946913,-2.54516648736799E-19));
#5247=DIRECTION('',(0.500664755059255,0.865641266946913,0.));
#5248=DIRECTION('',(0.,0.,-1.));
#5249=DIRECTION('center_axis',(0.000767763187372572,0.999999705269801,0.));
#5250=DIRECTION('ref_axis',(0.999999705269801,-0.000767763187372572,0.));
#5251=DIRECTION('',(0.999999705269801,-0.000767763187372572,2.25738444936607E-22));
#5252=DIRECTION('',(0.999999705269801,-0.000767763187372572,0.));
#5253=DIRECTION('',(0.,0.,-1.));
#5254=DIRECTION('center_axis',(0.865641266946911,-0.500664755059257,0.));
#5255=DIRECTION('ref_axis',(-0.500664755059257,-0.865641266946911,0.));
#5256=DIRECTION('',(-0.500664755059257,-0.865641266946911,2.54516648736799E-19));
#5257=DIRECTION('',(0.,0.,-1.));
#5258=DIRECTION('',(-0.500664755059257,-0.865641266946911,0.));
#5259=DIRECTION('center_axis',(0.866409030134285,0.499334950210546,0.));
#5260=DIRECTION('ref_axis',(0.499334950210546,-0.866409030134285,0.));
#5261=DIRECTION('',(0.499334950210546,-0.866409030134285,2.54742387181736E-19));
#5262=DIRECTION('',(0.499334950210546,-0.866409030134285,0.));
#5263=DIRECTION('center_axis',(0.,0.,-1.));
#5264=DIRECTION('ref_axis',(1.,0.,0.));
#5265=DIRECTION('center_axis',(0.,0.,1.));
#5266=DIRECTION('ref_axis',(1.,0.,0.));
#5267=DIRECTION('center_axis',(-0.000767763187372573,-0.999999705269801,
0.));
#5268=DIRECTION('ref_axis',(-0.999999705269801,0.000767763187372573,0.));
#5269=DIRECTION('',(-0.999999705269801,0.000767763187372573,-2.25738444936607E-22));
#5270=DIRECTION('',(0.,0.,-1.));
#5271=DIRECTION('',(-0.999999705269801,0.000767763187372573,0.));
#5272=DIRECTION('',(0.,0.,-1.));
#5273=DIRECTION('center_axis',(-0.866409030134285,-0.499334950210545,0.));
#5274=DIRECTION('ref_axis',(-0.499334950210545,0.866409030134285,0.));
#5275=DIRECTION('',(-0.499334950210545,0.866409030134285,-2.54742387181736E-19));
#5276=DIRECTION('',(-0.499334950210545,0.866409030134285,0.));
#5277=DIRECTION('',(0.,0.,-1.));
#5278=DIRECTION('center_axis',(-0.865641266946913,0.500664755059255,0.));
#5279=DIRECTION('ref_axis',(0.500664755059255,0.865641266946913,0.));
#5280=DIRECTION('',(0.500664755059255,0.865641266946913,-2.54516648736799E-19));
#5281=DIRECTION('',(0.500664755059255,0.865641266946913,0.));
#5282=DIRECTION('',(0.,0.,-1.));
#5283=DIRECTION('center_axis',(0.000767763187372572,0.999999705269801,0.));
#5284=DIRECTION('ref_axis',(0.999999705269801,-0.000767763187372572,0.));
#5285=DIRECTION('',(0.999999705269801,-0.000767763187372572,2.25738444936607E-22));
#5286=DIRECTION('',(0.999999705269801,-0.000767763187372572,0.));
#5287=DIRECTION('',(0.,0.,-1.));
#5288=DIRECTION('center_axis',(0.865641266946911,-0.500664755059257,0.));
#5289=DIRECTION('ref_axis',(-0.500664755059257,-0.865641266946911,0.));
#5290=DIRECTION('',(-0.500664755059257,-0.865641266946911,2.54516648736799E-19));
#5291=DIRECTION('',(0.,0.,-1.));
#5292=DIRECTION('',(-0.500664755059257,-0.865641266946911,0.));
#5293=DIRECTION('center_axis',(0.866409030134285,0.499334950210546,0.));
#5294=DIRECTION('ref_axis',(0.499334950210546,-0.866409030134285,0.));
#5295=DIRECTION('',(0.499334950210546,-0.866409030134285,2.54742387181736E-19));
#5296=DIRECTION('',(0.499334950210546,-0.866409030134285,0.));
#5297=DIRECTION('center_axis',(0.,0.,-1.));
#5298=DIRECTION('ref_axis',(1.,0.,0.));
#5299=DIRECTION('center_axis',(0.,0.,1.));
#5300=DIRECTION('ref_axis',(1.,0.,0.));
#5301=DIRECTION('center_axis',(-0.000767763187373272,-0.999999705269801,
0.));
#5302=DIRECTION('ref_axis',(-0.999999705269801,0.000767763187373272,0.));
#5303=DIRECTION('',(-0.999999705269801,0.000767763187373272,-2.25738444936813E-22));
#5304=DIRECTION('',(0.,0.,-1.));
#5305=DIRECTION('',(-0.999999705269801,0.000767763187373272,0.));
#5306=DIRECTION('',(0.,0.,-1.));
#5307=DIRECTION('center_axis',(-0.866409030134285,-0.499334950210545,0.));
#5308=DIRECTION('ref_axis',(-0.499334950210545,0.866409030134285,0.));
#5309=DIRECTION('',(-0.499334950210544,0.866409030134285,-2.54742387181736E-19));
#5310=DIRECTION('',(-0.499334950210545,0.866409030134285,0.));
#5311=DIRECTION('',(0.,0.,-1.));
#5312=DIRECTION('center_axis',(-0.865641266946913,0.500664755059255,0.));
#5313=DIRECTION('ref_axis',(0.500664755059255,0.865641266946913,0.));
#5314=DIRECTION('',(0.500664755059255,0.865641266946913,-2.54516648736799E-19));
#5315=DIRECTION('',(0.500664755059255,0.865641266946913,0.));
#5316=DIRECTION('',(0.,0.,-1.));
#5317=DIRECTION('center_axis',(0.000767763187373272,0.999999705269801,0.));
#5318=DIRECTION('ref_axis',(0.999999705269801,-0.000767763187373272,0.));
#5319=DIRECTION('',(0.999999705269801,-0.000767763187373272,2.25738444936813E-22));
#5320=DIRECTION('',(0.999999705269801,-0.000767763187373272,0.));
#5321=DIRECTION('',(0.,0.,-1.));
#5322=DIRECTION('center_axis',(0.865641266946912,-0.500664755059257,0.));
#5323=DIRECTION('ref_axis',(-0.500664755059257,-0.865641266946912,0.));
#5324=DIRECTION('',(-0.500664755059257,-0.865641266946912,2.54516648736799E-19));
#5325=DIRECTION('',(0.,0.,-1.));
#5326=DIRECTION('',(-0.500664755059257,-0.865641266946912,0.));
#5327=DIRECTION('center_axis',(0.866409030134285,0.499334950210546,0.));
#5328=DIRECTION('ref_axis',(0.499334950210546,-0.866409030134285,0.));
#5329=DIRECTION('',(0.499334950210546,-0.866409030134285,2.54742387181736E-19));
#5330=DIRECTION('',(0.499334950210546,-0.866409030134285,0.));
#5331=DIRECTION('center_axis',(0.,0.,-1.));
#5332=DIRECTION('ref_axis',(1.,0.,0.));
#5333=DIRECTION('center_axis',(0.,0.,1.));
#5334=DIRECTION('ref_axis',(1.,0.,0.));
#5335=DIRECTION('center_axis',(-0.000767763187372573,-0.999999705269801,
0.));
#5336=DIRECTION('ref_axis',(-0.999999705269801,0.000767763187372573,0.));
#5337=DIRECTION('',(-0.999999705269801,0.000767763187372573,-2.25738444936607E-22));
#5338=DIRECTION('',(0.,0.,-1.));
#5339=DIRECTION('',(-0.999999705269801,0.000767763187372573,0.));
#5340=DIRECTION('',(0.,0.,-1.));
#5341=DIRECTION('center_axis',(-0.866409030134285,-0.499334950210545,0.));
#5342=DIRECTION('ref_axis',(-0.499334950210545,0.866409030134285,0.));
#5343=DIRECTION('',(-0.499334950210545,0.866409030134285,-2.54742387181736E-19));
#5344=DIRECTION('',(-0.499334950210545,0.866409030134285,0.));
#5345=DIRECTION('',(0.,0.,-1.));
#5346=DIRECTION('center_axis',(-0.865641266946913,0.500664755059255,0.));
#5347=DIRECTION('ref_axis',(0.500664755059255,0.865641266946913,0.));
#5348=DIRECTION('',(0.500664755059255,0.865641266946913,-2.54516648736799E-19));
#5349=DIRECTION('',(0.500664755059255,0.865641266946913,0.));
#5350=DIRECTION('',(0.,0.,-1.));
#5351=DIRECTION('center_axis',(0.000767763187372572,0.999999705269801,0.));
#5352=DIRECTION('ref_axis',(0.999999705269801,-0.000767763187372572,0.));
#5353=DIRECTION('',(0.999999705269801,-0.000767763187372572,2.25738444936607E-22));
#5354=DIRECTION('',(0.999999705269801,-0.000767763187372572,0.));
#5355=DIRECTION('',(0.,0.,-1.));
#5356=DIRECTION('center_axis',(0.865641266946912,-0.500664755059257,0.));
#5357=DIRECTION('ref_axis',(-0.500664755059257,-0.865641266946912,0.));
#5358=DIRECTION('',(-0.500664755059257,-0.865641266946912,2.54516648736799E-19));
#5359=DIRECTION('',(0.,0.,-1.));
#5360=DIRECTION('',(-0.500664755059257,-0.865641266946912,0.));
#5361=DIRECTION('center_axis',(0.866409030134285,0.499334950210546,0.));
#5362=DIRECTION('ref_axis',(0.499334950210546,-0.866409030134285,0.));
#5363=DIRECTION('',(0.499334950210546,-0.866409030134285,2.54742387181736E-19));
#5364=DIRECTION('',(0.499334950210546,-0.866409030134285,0.));
#5365=DIRECTION('center_axis',(0.,0.,-1.));
#5366=DIRECTION('ref_axis',(1.,0.,0.));
#5367=DIRECTION('center_axis',(0.,0.,1.));
#5368=DIRECTION('ref_axis',(1.,0.,0.));
#5369=DIRECTION('center_axis',(-0.000767763187372573,-0.999999705269801,
0.));
#5370=DIRECTION('ref_axis',(-0.999999705269801,0.000767763187372573,0.));
#5371=DIRECTION('',(-0.999999705269801,0.000767763187372573,-2.25738444936607E-22));
#5372=DIRECTION('',(0.,0.,-1.));
#5373=DIRECTION('',(-0.999999705269801,0.000767763187372573,0.));
#5374=DIRECTION('',(0.,0.,-1.));
#5375=DIRECTION('center_axis',(-0.866409030134285,-0.499334950210545,0.));
#5376=DIRECTION('ref_axis',(-0.499334950210545,0.866409030134285,0.));
#5377=DIRECTION('',(-0.499334950210545,0.866409030134285,-2.54742387181736E-19));
#5378=DIRECTION('',(-0.499334950210545,0.866409030134285,0.));
#5379=DIRECTION('',(0.,0.,-1.));
#5380=DIRECTION('center_axis',(-0.865641266946913,0.500664755059255,0.));
#5381=DIRECTION('ref_axis',(0.500664755059255,0.865641266946913,0.));
#5382=DIRECTION('',(0.500664755059255,0.865641266946913,-2.54516648736799E-19));
#5383=DIRECTION('',(0.500664755059255,0.865641266946913,0.));
#5384=DIRECTION('',(0.,0.,-1.));
#5385=DIRECTION('center_axis',(0.000767763187372572,0.999999705269801,0.));
#5386=DIRECTION('ref_axis',(0.999999705269801,-0.000767763187372572,0.));
#5387=DIRECTION('',(0.999999705269801,-0.000767763187372572,2.25738444936607E-22));
#5388=DIRECTION('',(0.999999705269801,-0.000767763187372572,0.));
#5389=DIRECTION('',(0.,0.,-1.));
#5390=DIRECTION('center_axis',(0.865641266946912,-0.500664755059257,0.));
#5391=DIRECTION('ref_axis',(-0.500664755059257,-0.865641266946912,0.));
#5392=DIRECTION('',(-0.500664755059257,-0.865641266946912,2.54516648736799E-19));
#5393=DIRECTION('',(0.,0.,-1.));
#5394=DIRECTION('',(-0.500664755059257,-0.865641266946912,0.));
#5395=DIRECTION('center_axis',(0.866409030134285,0.499334950210546,0.));
#5396=DIRECTION('ref_axis',(0.499334950210546,-0.866409030134285,0.));
#5397=DIRECTION('',(0.499334950210546,-0.866409030134285,2.54742387181736E-19));
#5398=DIRECTION('',(0.499334950210546,-0.866409030134285,0.));
#5399=DIRECTION('center_axis',(0.,0.,-1.));
#5400=DIRECTION('ref_axis',(1.,0.,0.));
#5401=DIRECTION('center_axis',(0.,0.,1.));
#5402=DIRECTION('ref_axis',(1.,0.,0.));
#5403=DIRECTION('center_axis',(-0.000767763187372573,-0.999999705269801,
0.));
#5404=DIRECTION('ref_axis',(-0.999999705269801,0.000767763187372573,0.));
#5405=DIRECTION('',(-0.999999705269801,0.000767763187372573,-2.25738444936607E-22));
#5406=DIRECTION('',(0.,0.,-1.));
#5407=DIRECTION('',(-0.999999705269801,0.000767763187372573,0.));
#5408=DIRECTION('',(0.,0.,-1.));
#5409=DIRECTION('center_axis',(-0.866409030134285,-0.499334950210545,0.));
#5410=DIRECTION('ref_axis',(-0.499334950210545,0.866409030134285,0.));
#5411=DIRECTION('',(-0.499334950210544,0.866409030134285,-2.54742387181736E-19));
#5412=DIRECTION('',(-0.499334950210545,0.866409030134285,0.));
#5413=DIRECTION('center_axis',(0.000767763187373272,0.999999705269801,0.));
#5414=DIRECTION('ref_axis',(0.999999705269801,-0.000767763187373272,0.));
#5415=DIRECTION('',(0.999999705269801,-0.000767763187373272,0.));
#5416=DIRECTION('',(0.,0.,-1.));
#5417=DIRECTION('',(0.999999705269801,-0.000767763187373272,2.25738444936813E-22));
#5418=DIRECTION('center_axis',(0.865641266946912,-0.500664755059257,0.));
#5419=DIRECTION('ref_axis',(-0.500664755059257,-0.865641266946912,0.));
#5420=DIRECTION('',(-0.500664755059257,-0.865641266946912,2.54516648736799E-19));
#5421=DIRECTION('',(0.,0.,-1.));
#5422=DIRECTION('',(-0.500664755059257,-0.865641266946912,0.));
#5423=DIRECTION('center_axis',(0.866409030134285,0.499334950210546,0.));
#5424=DIRECTION('ref_axis',(0.499334950210546,-0.866409030134285,0.));
#5425=DIRECTION('',(0.499334950210546,-0.866409030134285,2.54742387181736E-19));
#5426=DIRECTION('',(0.499334950210546,-0.866409030134285,0.));
#5427=DIRECTION('center_axis',(0.,0.,-1.));
#5428=DIRECTION('ref_axis',(1.,0.,0.));
#5429=DIRECTION('center_axis',(0.,0.,1.));
#5430=DIRECTION('ref_axis',(1.,0.,0.));
#5431=DIRECTION('center_axis',(-0.000767763187372573,-0.999999705269801,
0.));
#5432=DIRECTION('ref_axis',(-0.999999705269801,0.000767763187372573,0.));
#5433=DIRECTION('',(-0.999999705269801,0.000767763187372573,-2.25738444936607E-22));
#5434=DIRECTION('',(0.,0.,-1.));
#5435=DIRECTION('',(-0.999999705269801,0.000767763187372573,0.));
#5436=DIRECTION('',(0.,0.,-1.));
#5437=DIRECTION('center_axis',(-0.866409030134285,-0.499334950210545,0.));
#5438=DIRECTION('ref_axis',(-0.499334950210545,0.866409030134285,0.));
#5439=DIRECTION('',(-0.499334950210545,0.866409030134285,-2.54742387181736E-19));
#5440=DIRECTION('',(-0.499334950210545,0.866409030134285,0.));
#5441=DIRECTION('',(0.,0.,-1.));
#5442=DIRECTION('center_axis',(-0.865641266946912,0.500664755059256,0.));
#5443=DIRECTION('ref_axis',(0.500664755059256,0.865641266946912,0.));
#5444=DIRECTION('',(0.500664755059256,0.865641266946912,-2.54516648736799E-19));
#5445=DIRECTION('',(0.500664755059256,0.865641266946912,0.));
#5446=DIRECTION('',(0.,0.,-1.));
#5447=DIRECTION('center_axis',(0.000767763187372572,0.999999705269801,0.));
#5448=DIRECTION('ref_axis',(0.999999705269801,-0.000767763187372572,0.));
#5449=DIRECTION('',(0.999999705269801,-0.000767763187372572,2.25738444936607E-22));
#5450=DIRECTION('',(0.999999705269801,-0.000767763187372572,0.));
#5451=DIRECTION('',(0.,0.,-1.));
#5452=DIRECTION('center_axis',(0.865641266946912,-0.500664755059257,0.));
#5453=DIRECTION('ref_axis',(-0.500664755059257,-0.865641266946912,0.));
#5454=DIRECTION('',(-0.500664755059257,-0.865641266946912,2.54516648736799E-19));
#5455=DIRECTION('',(0.,0.,-1.));
#5456=DIRECTION('',(-0.500664755059257,-0.865641266946912,0.));
#5457=DIRECTION('center_axis',(0.866409030134285,0.499334950210545,0.));
#5458=DIRECTION('ref_axis',(0.499334950210545,-0.866409030134285,0.));
#5459=DIRECTION('',(0.499334950210545,-0.866409030134285,2.54742387181736E-19));
#5460=DIRECTION('',(0.499334950210545,-0.866409030134285,0.));
#5461=DIRECTION('center_axis',(0.,0.,-1.));
#5462=DIRECTION('ref_axis',(1.,0.,0.));
#5463=DIRECTION('center_axis',(0.,0.,1.));
#5464=DIRECTION('ref_axis',(1.,0.,0.));
#5465=DIRECTION('center_axis',(-0.000767763187373272,-0.999999705269801,
0.));
#5466=DIRECTION('ref_axis',(-0.999999705269801,0.000767763187373272,0.));
#5467=DIRECTION('',(-0.999999705269801,0.000767763187373272,-2.25738444936813E-22));
#5468=DIRECTION('',(0.,0.,-1.));
#5469=DIRECTION('',(-0.999999705269801,0.000767763187373272,0.));
#5470=DIRECTION('',(0.,0.,-1.));
#5471=DIRECTION('center_axis',(-0.866409030134285,-0.499334950210545,0.));
#5472=DIRECTION('ref_axis',(-0.499334950210545,0.866409030134285,0.));
#5473=DIRECTION('',(-0.499334950210544,0.866409030134285,-2.54742387181736E-19));
#5474=DIRECTION('',(-0.499334950210545,0.866409030134285,0.));
#5475=DIRECTION('',(0.,0.,-1.));
#5476=DIRECTION('center_axis',(-0.865641266946913,0.500664755059255,0.));
#5477=DIRECTION('ref_axis',(0.500664755059255,0.865641266946913,0.));
#5478=DIRECTION('',(0.500664755059255,0.865641266946913,-2.54516648736799E-19));
#5479=DIRECTION('',(0.500664755059255,0.865641266946913,0.));
#5480=DIRECTION('',(0.,0.,-1.));
#5481=DIRECTION('center_axis',(0.000767763187373272,0.999999705269801,0.));
#5482=DIRECTION('ref_axis',(0.999999705269801,-0.000767763187373272,0.));
#5483=DIRECTION('',(0.999999705269801,-0.000767763187373272,2.25738444936813E-22));
#5484=DIRECTION('',(0.999999705269801,-0.000767763187373272,0.));
#5485=DIRECTION('',(0.,0.,-1.));
#5486=DIRECTION('center_axis',(0.865641266946912,-0.500664755059257,0.));
#5487=DIRECTION('ref_axis',(-0.500664755059257,-0.865641266946912,0.));
#5488=DIRECTION('',(-0.500664755059257,-0.865641266946912,2.54516648736799E-19));
#5489=DIRECTION('',(0.,0.,-1.));
#5490=DIRECTION('',(-0.500664755059257,-0.865641266946912,0.));
#5491=DIRECTION('center_axis',(0.866409030134285,0.499334950210546,0.));
#5492=DIRECTION('ref_axis',(0.499334950210546,-0.866409030134285,0.));
#5493=DIRECTION('',(0.499334950210546,-0.866409030134285,2.54742387181736E-19));
#5494=DIRECTION('',(0.499334950210546,-0.866409030134285,0.));
#5495=DIRECTION('center_axis',(0.,0.,-1.));
#5496=DIRECTION('ref_axis',(1.,0.,0.));
#5497=DIRECTION('center_axis',(0.,0.,1.));
#5498=DIRECTION('ref_axis',(1.,0.,0.));
#5499=DIRECTION('center_axis',(-0.000767763187372573,-0.999999705269801,
0.));
#5500=DIRECTION('ref_axis',(-0.999999705269801,0.000767763187372573,0.));
#5501=DIRECTION('',(-0.999999705269801,0.000767763187372573,-2.25738444936607E-22));
#5502=DIRECTION('',(0.,0.,-1.));
#5503=DIRECTION('',(-0.999999705269801,0.000767763187372573,0.));
#5504=DIRECTION('',(0.,0.,-1.));
#5505=DIRECTION('center_axis',(-0.866409030134285,-0.499334950210545,0.));
#5506=DIRECTION('ref_axis',(-0.499334950210545,0.866409030134285,0.));
#5507=DIRECTION('',(-0.499334950210545,0.866409030134285,-2.54742387181736E-19));
#5508=DIRECTION('',(-0.499334950210545,0.866409030134285,0.));
#5509=DIRECTION('',(0.,0.,-1.));
#5510=DIRECTION('center_axis',(-0.865641266946912,0.500664755059256,0.));
#5511=DIRECTION('ref_axis',(0.500664755059256,0.865641266946912,0.));
#5512=DIRECTION('',(0.500664755059256,0.865641266946912,-2.54516648736799E-19));
#5513=DIRECTION('',(0.500664755059256,0.865641266946912,0.));
#5514=DIRECTION('',(0.,0.,-1.));
#5515=DIRECTION('center_axis',(0.000767763187372572,0.999999705269801,0.));
#5516=DIRECTION('ref_axis',(0.999999705269801,-0.000767763187372572,0.));
#5517=DIRECTION('',(0.999999705269801,-0.000767763187372572,2.25738444936607E-22));
#5518=DIRECTION('',(0.999999705269801,-0.000767763187372572,0.));
#5519=DIRECTION('',(0.,0.,-1.));
#5520=DIRECTION('center_axis',(0.865641266946911,-0.500664755059257,0.));
#5521=DIRECTION('ref_axis',(-0.500664755059257,-0.865641266946911,0.));
#5522=DIRECTION('',(-0.500664755059257,-0.865641266946911,2.54516648736799E-19));
#5523=DIRECTION('',(0.,0.,-1.));
#5524=DIRECTION('',(-0.500664755059257,-0.865641266946911,0.));
#5525=DIRECTION('center_axis',(0.866409030134285,0.499334950210545,0.));
#5526=DIRECTION('ref_axis',(0.499334950210545,-0.866409030134285,0.));
#5527=DIRECTION('',(0.499334950210545,-0.866409030134285,2.54742387181736E-19));
#5528=DIRECTION('',(0.499334950210545,-0.866409030134285,0.));
#5529=DIRECTION('center_axis',(0.,0.,-1.));
#5530=DIRECTION('ref_axis',(1.,0.,0.));
#5531=DIRECTION('center_axis',(0.,0.,1.));
#5532=DIRECTION('ref_axis',(1.,0.,0.));
#5533=DIRECTION('center_axis',(-0.000767763187372573,-0.999999705269801,
0.));
#5534=DIRECTION('ref_axis',(-0.999999705269801,0.000767763187372573,0.));
#5535=DIRECTION('',(-0.999999705269801,0.000767763187372573,-2.25738444936607E-22));
#5536=DIRECTION('',(0.,0.,-1.));
#5537=DIRECTION('',(-0.999999705269801,0.000767763187372573,0.));
#5538=DIRECTION('',(0.,0.,-1.));
#5539=DIRECTION('center_axis',(-0.866409030134285,-0.499334950210544,0.));
#5540=DIRECTION('ref_axis',(-0.499334950210544,0.866409030134285,0.));
#5541=DIRECTION('',(-0.499334950210544,0.866409030134285,-2.54742387181736E-19));
#5542=DIRECTION('',(-0.499334950210544,0.866409030134285,0.));
#5543=DIRECTION('',(0.,0.,-1.));
#5544=DIRECTION('center_axis',(-0.865641266946913,0.500664755059255,0.));
#5545=DIRECTION('ref_axis',(0.500664755059255,0.865641266946913,0.));
#5546=DIRECTION('',(0.500664755059255,0.865641266946913,-2.54516648736799E-19));
#5547=DIRECTION('',(0.500664755059255,0.865641266946913,0.));
#5548=DIRECTION('',(0.,0.,-1.));
#5549=DIRECTION('center_axis',(0.000767763187372572,0.999999705269801,0.));
#5550=DIRECTION('ref_axis',(0.999999705269801,-0.000767763187372572,0.));
#5551=DIRECTION('',(0.999999705269801,-0.000767763187372572,2.25738444936607E-22));
#5552=DIRECTION('',(0.999999705269801,-0.000767763187372572,0.));
#5553=DIRECTION('',(0.,0.,-1.));
#5554=DIRECTION('center_axis',(0.865641266946912,-0.500664755059257,0.));
#5555=DIRECTION('ref_axis',(-0.500664755059257,-0.865641266946912,0.));
#5556=DIRECTION('',(-0.500664755059257,-0.865641266946912,2.54516648736799E-19));
#5557=DIRECTION('',(0.,0.,-1.));
#5558=DIRECTION('',(-0.500664755059257,-0.865641266946912,0.));
#5559=DIRECTION('center_axis',(0.866409030134285,0.499334950210546,0.));
#5560=DIRECTION('ref_axis',(0.499334950210546,-0.866409030134285,0.));
#5561=DIRECTION('',(0.499334950210546,-0.866409030134285,2.54742387181736E-19));
#5562=DIRECTION('',(0.499334950210546,-0.866409030134285,0.));
#5563=DIRECTION('center_axis',(0.,0.,-1.));
#5564=DIRECTION('ref_axis',(1.,0.,0.));
#5565=DIRECTION('center_axis',(0.,0.,1.));
#5566=DIRECTION('ref_axis',(1.,0.,0.));
#5567=DIRECTION('',(1.,0.,0.));
#5568=DIRECTION('',(1.,0.,0.));
#5569=DIRECTION('',(1.,0.,0.));
#5570=DIRECTION('center_axis',(0.,0.,-1.));
#5571=DIRECTION('ref_axis',(1.,0.,0.));
#5572=DIRECTION('',(0.,0.,-1.));
#5573=DIRECTION('center_axis',(0.,0.,-1.));
#5574=DIRECTION('ref_axis',(1.,0.,0.));
#5575=DIRECTION('',(0.,0.,-1.));
#5576=DIRECTION('center_axis',(0.,0.,-1.));
#5577=DIRECTION('ref_axis',(1.,0.,0.));
#5578=DIRECTION('',(0.,0.,-1.));
#5579=DIRECTION('center_axis',(0.,0.,-1.));
#5580=DIRECTION('ref_axis',(1.,0.,0.));
#5581=DIRECTION('',(0.,0.,-1.));
#5582=DIRECTION('center_axis',(0.,0.,-1.));
#5583=DIRECTION('ref_axis',(1.,0.,0.));
#5584=DIRECTION('',(0.,0.,-1.));
#5585=DIRECTION('center_axis',(0.,0.,-1.));
#5586=DIRECTION('ref_axis',(1.,0.,0.));
#5587=DIRECTION('',(0.,0.,-1.));
#5588=DIRECTION('center_axis',(0.,0.,-1.));
#5589=DIRECTION('ref_axis',(1.,0.,0.));
#5590=DIRECTION('',(0.,0.,-1.));
#5591=DIRECTION('',(1.,0.,0.));
#5592=DIRECTION('',(1.,0.,0.));
#5593=DIRECTION('',(1.,0.,0.));
#5594=DIRECTION('center_axis',(-0.70710679172326,0.707106770649835,0.));
#5595=DIRECTION('ref_axis',(0.707106770649835,0.70710679172326,0.));
#5596=DIRECTION('',(0.,0.,1.));
#5597=DIRECTION('center_axis',(0.707106770649835,0.70710679172326,0.));
#5598=DIRECTION('ref_axis',(0.70710679172326,-0.707106770649835,0.));
#5599=DIRECTION('',(0.,0.,-1.));
#5600=DIRECTION('center_axis',(0.,0.,-1.));
#5601=DIRECTION('ref_axis',(1.,0.,0.));
#5602=DIRECTION('',(0.,0.,1.));
#5603=DIRECTION('center_axis',(0.,0.,-1.));
#5604=DIRECTION('ref_axis',(1.,0.,0.));
#5605=DIRECTION('',(0.,0.,1.));
#5606=DIRECTION('center_axis',(0.,0.,-1.));
#5607=DIRECTION('ref_axis',(1.,0.,0.));
#5608=DIRECTION('',(0.,0.,1.));
#5609=DIRECTION('center_axis',(0.,0.,-1.));
#5610=DIRECTION('ref_axis',(1.,0.,0.));
#5611=DIRECTION('',(0.,0.,1.));
#5612=DIRECTION('center_axis',(0.,0.,-1.));
#5613=DIRECTION('ref_axis',(1.,0.,0.));
#5614=DIRECTION('',(0.,0.,1.));
#5615=DIRECTION('center_axis',(0.,0.,-1.));
#5616=DIRECTION('ref_axis',(1.,0.,0.));
#5617=DIRECTION('',(0.,0.,1.));
#5618=DIRECTION('center_axis',(0.,0.,-1.));
#5619=DIRECTION('ref_axis',(1.,0.,0.));
#5620=DIRECTION('',(0.,0.,1.));
#5621=DIRECTION('center_axis',(0.,0.,-1.));
#5622=DIRECTION('ref_axis',(1.,0.,0.));
#5623=DIRECTION('',(0.,0.,1.));
#5624=DIRECTION('center_axis',(0.,0.,-1.));
#5625=DIRECTION('ref_axis',(1.,0.,0.));
#5626=DIRECTION('',(0.,0.,1.));
#5627=DIRECTION('center_axis',(0.,0.,-1.));
#5628=DIRECTION('ref_axis',(1.,0.,0.));
#5629=DIRECTION('',(0.,0.,1.));
#5630=DIRECTION('center_axis',(0.,0.,-1.));
#5631=DIRECTION('ref_axis',(1.,0.,0.));
#5632=DIRECTION('',(0.,0.,1.));
#5633=DIRECTION('center_axis',(0.,0.,-1.));
#5634=DIRECTION('ref_axis',(1.,0.,0.));
#5635=DIRECTION('',(0.,0.,1.));
#5636=DIRECTION('center_axis',(1.,0.,0.));
#5637=DIRECTION('ref_axis',(0.,-1.,0.));
#5638=DIRECTION('center_axis',(1.,0.,0.));
#5639=DIRECTION('ref_axis',(0.,1.,0.));
#5640=DIRECTION('center_axis',(1.,0.,0.));
#5641=DIRECTION('ref_axis',(0.,1.,0.));
#5642=DIRECTION('',(0.,-4.65147735614347E-14,1.));
#5643=DIRECTION('',(0.,0.,1.));
#5644=DIRECTION('',(0.,-1.,0.));
#5645=DIRECTION('center_axis',(1.,0.,0.));
#5646=DIRECTION('ref_axis',(0.,1.,0.));
#5647=DIRECTION('',(0.,1.06373399517122E-15,-1.));
#5648=DIRECTION('',(0.,1.,0.));
#5649=DIRECTION('center_axis',(0.,2.94020928131662E-19,1.));
#5650=DIRECTION('ref_axis',(0.,-1.,2.94020928131662E-19));
#5651=DIRECTION('center_axis',(0.,1.,0.));
#5652=DIRECTION('ref_axis',(0.,0.,1.));
#5653=DIRECTION('',(1.,0.,0.));
#5654=DIRECTION('',(1.,0.,0.));
#5655=DIRECTION('center_axis',(0.,1.,4.65147735614347E-14));
#5656=DIRECTION('ref_axis',(0.,-4.65147735614347E-14,1.));
#5657=DIRECTION('',(1.,0.,0.));
#5658=DIRECTION('center_axis',(0.,-3.10431292322375E-14,1.));
#5659=DIRECTION('ref_axis',(0.,-1.,-3.10431292322375E-14));
#5660=DIRECTION('center_axis',(0.,-1.,-1.06373399517122E-15));
#5661=DIRECTION('ref_axis',(0.,1.06373399517122E-15,-1.));
#5662=DIRECTION('',(1.,0.,0.));
#5663=CARTESIAN_POINT('',(0.,0.,0.));
#5664=CARTESIAN_POINT('Origin',(5.,43.65,25.843433636812));
#5665=CARTESIAN_POINT('',(5.,43.643455194913,26.8434122193458));
#5666=CARTESIAN_POINT('',(4.,43.65,25.843433636812));
#5667=CARTESIAN_POINT('Origin',(5.,43.65,25.843433636812));
#5668=CARTESIAN_POINT('',(5.,44.65,25.843433636812));
#5669=CARTESIAN_POINT('Origin',(5.,43.65,25.843433636812));
#5670=CARTESIAN_POINT('Origin',(5.,43.65,25.843433636812));
#5671=CARTESIAN_POINT('Origin',(15.,43.65,25.843433636812));
#5672=CARTESIAN_POINT('',(15.,44.65,25.843433636812));
#5673=CARTESIAN_POINT('',(16.,43.65,25.843433636812));
#5674=CARTESIAN_POINT('Origin',(15.,43.65,25.843433636812));
#5675=CARTESIAN_POINT('',(15.,43.643455194913,26.8434122193458));
#5676=CARTESIAN_POINT('Origin',(15.,43.65,25.843433636812));
#5677=CARTESIAN_POINT('Origin',(15.,43.65,25.843433636812));
#5678=CARTESIAN_POINT('Origin',(0.,43.65,25.843433636812));
#5679=CARTESIAN_POINT('',(0.,44.65,25.843433636812));
#5680=CARTESIAN_POINT('',(0.,43.643455194913,26.8434122193458));
#5681=CARTESIAN_POINT('Origin',(15.,22.2785075991715,25.7035583888573));
#5682=CARTESIAN_POINT('',(15.,39.5001102999507,26.8162942538021));
#5683=CARTESIAN_POINT('',(16.,39.5066551050374,25.8163156712682));
#5684=CARTESIAN_POINT('Origin',(15.,39.5066551050377,25.8163156712682));
#5685=CARTESIAN_POINT('',(16.,22.2785075991715,25.7035583888573));
#5686=CARTESIAN_POINT('',(15.,22.2719627940845,26.7035369713912));
#5687=CARTESIAN_POINT('Origin',(15.,43.65,2.09999999999999));
#5688=CARTESIAN_POINT('',(16.,43.65,-0.019733565559806));
#5689=CARTESIAN_POINT('',(15.,44.65,-0.0197335655598062));
#5690=CARTESIAN_POINT('Origin',(15.,43.65,-0.019733565559806));
#5691=CARTESIAN_POINT('',(15.,44.65,2.09999999999999));
#5692=CARTESIAN_POINT('',(16.,43.65,2.09999999999999));
#5693=CARTESIAN_POINT('Origin',(14.9999999999999,45.65,-0.0197335655598065));
#5694=CARTESIAN_POINT('',(14.9999999999999,44.8250003352761,-0.584866782779904));
#5695=CARTESIAN_POINT('',(15.9386517696948,44.0000006705448,-0.15));
#5696=CARTESIAN_POINT('Ctrl Pts',(14.9999999999999,44.8250003352761,-0.584866782779906));
#5697=CARTESIAN_POINT('Ctrl Pts',(15.0012171608431,44.8245139462035,-0.584156736352547));
#5698=CARTESIAN_POINT('Ctrl Pts',(15.002434325578,44.8240266389101,-0.583447315580468));
#5699=CARTESIAN_POINT('Ctrl Pts',(15.1743852303509,44.7550539012349,-0.483314211158647));
#5700=CARTESIAN_POINT('Ctrl Pts',(15.3899956753093,44.6510109434081,-0.370811346525351));
#5701=CARTESIAN_POINT('Ctrl Pts',(15.694603507877,44.3987177314755,-0.225730113504015));
#5702=CARTESIAN_POINT('Ctrl Pts',(15.7797740053347,44.296646520714,-0.189750691686183));
#5703=CARTESIAN_POINT('Ctrl Pts',(15.8804648755599,44.1357140520787,-0.157199453551964));
#5704=CARTESIAN_POINT('Ctrl Pts',(15.9132345168959,44.0693961959762,-0.149999999999479));
#5705=CARTESIAN_POINT('Ctrl Pts',(15.9386517696948,44.0000006705448,-0.15));
#5706=CARTESIAN_POINT('Origin',(14.9999999999999,45.65,-0.0197335655598065));
#5707=CARTESIAN_POINT('',(16.,43.6542468449083,-0.149999999999999));
#5708=CARTESIAN_POINT('Origin',(16.,45.65,-0.0197335655598065));
#5709=CARTESIAN_POINT('Ctrl Pts',(15.9386517696948,44.0000006705448,-0.15));
#5710=CARTESIAN_POINT('Ctrl Pts',(15.9779281493317,43.8927662253625,-0.15));
#5711=CARTESIAN_POINT('Ctrl Pts',(15.9999999999999,43.764629547053,-0.15));
#5712=CARTESIAN_POINT('Ctrl Pts',(15.9999999999999,43.6542468449083,-0.15));
#5713=CARTESIAN_POINT('Origin',(4.99999999999994,45.65,-0.0197335655598065));
#5714=CARTESIAN_POINT('',(4.06134823030506,44.0000006705448,-0.15));
#5715=CARTESIAN_POINT('',(4.,43.6542468449083,-0.149999999999999));
#5716=CARTESIAN_POINT('Ctrl Pts',(3.99999999999995,43.6542468449083,-0.15));
#5717=CARTESIAN_POINT('Ctrl Pts',(3.99999999999995,43.7646295470537,-0.15));
#5718=CARTESIAN_POINT('Ctrl Pts',(4.02207185066851,43.8927662253642,-0.15));
#5719=CARTESIAN_POINT('Ctrl Pts',(4.06134823030585,44.0000006705469,-0.15));
#5720=CARTESIAN_POINT('',(4.,43.65,-0.0197335655598059));
#5721=CARTESIAN_POINT('Origin',(4.,45.65,-0.0197335655598065));
#5722=CARTESIAN_POINT('',(4.99999999999994,44.65,-0.0197335655598062));
#5723=CARTESIAN_POINT('Origin',(4.99999999999994,43.65,-0.0197335655598059));
#5724=CARTESIAN_POINT('',(4.99999999999994,44.8250003352761,-0.584866782779904));
#5725=CARTESIAN_POINT('Origin',(4.99999999999994,45.65,-0.0197335655598065));
#5726=CARTESIAN_POINT('Ctrl Pts',(4.06134823030506,44.0000006705448,-0.15));
#5727=CARTESIAN_POINT('Ctrl Pts',(4.0867654833872,44.0693961967495,-0.149999999999479));
#5728=CARTESIAN_POINT('Ctrl Pts',(4.11953512516453,44.1357140535402,-0.157199453711449));
#5729=CARTESIAN_POINT('Ctrl Pts',(4.22022599626975,44.2966465228008,-0.189750692322475));
#5730=CARTESIAN_POINT('Ctrl Pts',(4.30539649408197,44.3987177335269,-0.225730114373011));
#5731=CARTESIAN_POINT('Ctrl Pts',(4.61000432561684,44.6510109435199,-0.370811347064428));
#5732=CARTESIAN_POINT('Ctrl Pts',(4.82561476866395,44.755053900835,-0.483314210578076));
#5733=CARTESIAN_POINT('Ctrl Pts',(4.99756567442374,44.824026638911,-0.583447315581765));
#5734=CARTESIAN_POINT('Ctrl Pts',(4.99878283915435,44.8245139462025,-0.584156736351095));
#5735=CARTESIAN_POINT('Ctrl Pts',(4.99999999999994,44.8250003352761,-0.584866782779902));
#5736=CARTESIAN_POINT('Origin',(5.,43.65,2.09999999999999));
#5737=CARTESIAN_POINT('',(5.,44.65,2.09999999999999));
#5738=CARTESIAN_POINT('',(4.,43.65,2.09999999999999));
#5739=CARTESIAN_POINT('Origin',(5.,22.2785075991715,25.7035583888573));
#5740=CARTESIAN_POINT('',(4.,39.5066551050374,25.8163156712682));
#5741=CARTESIAN_POINT('',(5.,39.5001102999507,26.8162942538021));
#5742=CARTESIAN_POINT('Origin',(5.,39.5066551050377,25.8163156712682));
#5743=CARTESIAN_POINT('',(5.,22.2719627940845,26.7035369713912));
#5744=CARTESIAN_POINT('',(4.,22.2785075991715,25.7035583888573));
#5745=CARTESIAN_POINT('Origin',(0.,44.65,26.85));
#5746=CARTESIAN_POINT('',(0.,39.5001102999507,26.8162942538021));
#5747=CARTESIAN_POINT('Origin',(0.,39.5001102999507,26.8162942538021));
#5748=CARTESIAN_POINT('',(4.,39.5187184726743,23.9731577604652));
#5749=CARTESIAN_POINT('',(4.,39.5531475058635,18.7127572824042));
#5750=CARTESIAN_POINT('',(16.,39.5187184726743,23.9731577604652));
#5751=CARTESIAN_POINT('',(0.,39.5187184726743,23.9731577604652));
#5752=CARTESIAN_POINT('',(16.,39.5001102999507,26.8162942538021));
#5753=CARTESIAN_POINT('Origin',(4.,-7.105427357601E-14,10.35));
#5754=CARTESIAN_POINT('',(4.,29.5,-0.150000000000001));
#5755=CARTESIAN_POINT('',(4.,-2.66453525910038E-14,-0.149999999999999));
#5756=CARTESIAN_POINT('',(4.,40.65,5.));
#5757=CARTESIAN_POINT('Ctrl Pts',(4.,40.65,5.));
#5758=CARTESIAN_POINT('Ctrl Pts',(4.,40.65,4.09595066673984));
#5759=CARTESIAN_POINT('Ctrl Pts',(4.,40.1028202841528,3.10018169549858));
#5760=CARTESIAN_POINT('Ctrl Pts',(4.,38.9425856304092,2.2479744287525));
#5761=CARTESIAN_POINT('Ctrl Pts',(4.,37.6743731635234,1.31645607031454));
#5762=CARTESIAN_POINT('Ctrl Pts',(4.,35.6725329944097,0.575285904522819));
#5763=CARTESIAN_POINT('Ctrl Pts',(4.,33.5248053606968,0.194353552871654));
#5764=CARTESIAN_POINT('Ctrl Pts',(4.,32.1765293196684,-0.0447838288530407));
#5765=CARTESIAN_POINT('Ctrl Pts',(4.,30.7882110003576,-0.15));
#5766=CARTESIAN_POINT('Ctrl Pts',(4.,29.5,-0.15));
#5767=CARTESIAN_POINT('',(4.,40.65,21.6992579673485));
#5768=CARTESIAN_POINT('',(4.,40.65,16.0246289836743));
#5769=CARTESIAN_POINT('Ctrl Pts',(4.,39.5187184726743,23.9731577604652));
#5770=CARTESIAN_POINT('Ctrl Pts',(4.,40.2894112184476,23.2437434807546));
#5771=CARTESIAN_POINT('Ctrl Pts',(4.,40.6500491811062,22.4382563167088));
#5772=CARTESIAN_POINT('Ctrl Pts',(4.,40.65,21.6992579673485));
#5773=CARTESIAN_POINT('Origin',(5.,-43.65,25.8499999999997));
#5774=CARTESIAN_POINT('',(5.,-44.65,25.8499999999997));
#5775=CARTESIAN_POINT('',(4.,-43.65,25.8499999999997));
#5776=CARTESIAN_POINT('Origin',(5.,-43.65,25.8499999999997));
#5777=CARTESIAN_POINT('',(5.,-43.65,26.8499999999997));
#5778=CARTESIAN_POINT('Origin',(5.,-43.65,25.8499999999997));
#5779=CARTESIAN_POINT('Origin',(5.,-43.65,25.8499999999997));
#5780=CARTESIAN_POINT('Origin',(15.,-43.65,25.8499999999997));
#5781=CARTESIAN_POINT('',(15.,-43.65,26.8499999999997));
#5782=CARTESIAN_POINT('',(16.,-43.65,25.8499999999997));
#5783=CARTESIAN_POINT('Origin',(15.,-43.65,25.8499999999997));
#5784=CARTESIAN_POINT('',(15.,-44.65,25.8499999999997));
#5785=CARTESIAN_POINT('Origin',(15.,-43.65,25.8499999999997));
#5786=CARTESIAN_POINT('Origin',(15.,-43.65,25.8499999999997));
#5787=CARTESIAN_POINT('Origin',(0.,-43.65,25.8499999999997));
#5788=CARTESIAN_POINT('',(0.,-43.65,26.8499999999997));
#5789=CARTESIAN_POINT('',(0.,-44.65,25.8499999999997));
#5790=CARTESIAN_POINT('Origin',(15.,-43.65,18.5999999999998));
#5791=CARTESIAN_POINT('',(15.,-44.65,-0.0197335655598592));
#5792=CARTESIAN_POINT('',(16.,-43.65,-0.0197335655598585));
#5793=CARTESIAN_POINT('Origin',(15.,-43.65,-0.0197335655598585));
#5794=CARTESIAN_POINT('',(16.,-43.65,18.5999999999998));
#5795=CARTESIAN_POINT('',(15.,-44.65,18.5999999999998));
#5796=CARTESIAN_POINT('Origin',(15.,-45.65,-0.0197335655598592));
#5797=CARTESIAN_POINT('',(15.9386517696949,-44.0000006705448,-0.15));
#5798=CARTESIAN_POINT('',(16.,-43.6542468449083,-0.149999999999999));
#5799=CARTESIAN_POINT('Ctrl Pts',(16.,-43.6542468449083,-0.15));
#5800=CARTESIAN_POINT('Ctrl Pts',(16.,-43.7646295470537,-0.15));
#5801=CARTESIAN_POINT('Ctrl Pts',(15.9779281493314,-43.8927662253642,-0.15));
#5802=CARTESIAN_POINT('Ctrl Pts',(15.9386517696941,-44.0000006705469,-0.15));
#5803=CARTESIAN_POINT('Origin',(16.,-45.65,-0.0197335655598592));
#5804=CARTESIAN_POINT('',(15.,-44.8250003352761,-0.584866782779931));
#5805=CARTESIAN_POINT('Origin',(15.,-45.65,-0.0197335655598592));
#5806=CARTESIAN_POINT('Ctrl Pts',(15.9386517696949,-44.0000006705447,-0.15));
#5807=CARTESIAN_POINT('Ctrl Pts',(15.9132345170579,-44.0693961955343,-0.149999999999479));
#5808=CARTESIAN_POINT('Ctrl Pts',(15.880464875974,-44.1357140512434,-0.157199453460823));
#5809=CARTESIAN_POINT('Ctrl Pts',(15.7797740062513,-44.2966465195221,-0.189750691322697));
#5810=CARTESIAN_POINT('Ctrl Pts',(15.6946035089959,-44.3987177303037,-0.225730113007734));
#5811=CARTESIAN_POINT('Ctrl Pts',(15.3899956758454,-44.6510109433386,-0.370811346214048));
#5812=CARTESIAN_POINT('Ctrl Pts',(15.1743852298003,-44.7550539014585,-0.483314211483344));
#5813=CARTESIAN_POINT('Ctrl Pts',(15.0024343255766,-44.8240266389106,-0.583447315581258));
#5814=CARTESIAN_POINT('Ctrl Pts',(15.001217160845,-44.8245139462027,-0.584156736351446));
#5815=CARTESIAN_POINT('Ctrl Pts',(15.,-44.8250003352761,-0.584866782779929));
#5816=CARTESIAN_POINT('Origin',(15.,-19.7500000000003,25.8500000000004));
#5817=CARTESIAN_POINT('',(16.,-39.5000000000001,25.8499999999998));
#5818=CARTESIAN_POINT('',(15.,-39.5000000000001,26.8499999999998));
#5819=CARTESIAN_POINT('Origin',(15.,-39.5000000000001,25.8499999999998));
#5820=CARTESIAN_POINT('',(15.,-19.7500000000004,26.8500000000004));
#5821=CARTESIAN_POINT('',(16.,-19.7500000000003,25.8500000000004));
#5822=CARTESIAN_POINT('Origin',(5.,-19.7500000000003,25.8500000000004));
#5823=CARTESIAN_POINT('',(5.,-39.5000000000001,26.8499999999998));
#5824=CARTESIAN_POINT('',(4.,-39.5000000000001,25.8499999999998));
#5825=CARTESIAN_POINT('Origin',(5.,-39.5000000000001,25.8499999999998));
#5826=CARTESIAN_POINT('',(4.,-19.7500000000003,25.8500000000004));
#5827=CARTESIAN_POINT('',(5.,-19.7500000000004,26.8500000000004));
#5828=CARTESIAN_POINT('Origin',(5.,-43.65,18.5999999999998));
#5829=CARTESIAN_POINT('',(4.,-43.65,-0.0197335655598585));
#5830=CARTESIAN_POINT('',(5.,-44.65,-0.0197335655598592));
#5831=CARTESIAN_POINT('Origin',(5.,-43.65,-0.0197335655598585));
#5832=CARTESIAN_POINT('',(5.,-44.65,18.5999999999998));
#5833=CARTESIAN_POINT('',(4.,-43.65,18.5999999999998));
#5834=CARTESIAN_POINT('Origin',(5.,-45.65,-0.0197335655598592));
#5835=CARTESIAN_POINT('',(5.,-44.8250003352761,-0.584866782779931));
#5836=CARTESIAN_POINT('',(4.0613482303051,-44.0000006705448,-0.15));
#5837=CARTESIAN_POINT('Ctrl Pts',(5.,-44.8250003352761,-0.584866782779929));
#5838=CARTESIAN_POINT('Ctrl Pts',(4.99878283915627,-44.8245139462032,-0.584156736352213));
#5839=CARTESIAN_POINT('Ctrl Pts',(4.99756567442211,-44.8240266389101,-0.583447315580503));
#5840=CARTESIAN_POINT('Ctrl Pts',(4.82561477014403,-44.7550539014359,-0.483314211450464));
#5841=CARTESIAN_POINT('Ctrl Pts',(4.6100043242242,-44.6510109433516,-0.370811346253898));
#5842=CARTESIAN_POINT('Ctrl Pts',(4.30539649113677,-44.3987177304429,-0.225730113066562));
#5843=CARTESIAN_POINT('Ctrl Pts',(4.22022599385758,-44.2966465196635,-0.189750691365907));
#5844=CARTESIAN_POINT('Ctrl Pts',(4.11953512407546,-44.1357140513431,-0.157199453471701));
#5845=CARTESIAN_POINT('Ctrl Pts',(4.08676548296147,-44.069396195587,-0.149999999999479));
#5846=CARTESIAN_POINT('Ctrl Pts',(4.0613482303051,-44.0000006705448,-0.15));
#5847=CARTESIAN_POINT('Origin',(5.,-45.65,-0.0197335655598592));
#5848=CARTESIAN_POINT('',(4.,-43.6542468449083,-0.149999999999999));
#5849=CARTESIAN_POINT('Origin',(4.,-45.65,-0.0197335655598592));
#5850=CARTESIAN_POINT('Ctrl Pts',(4.0613482303051,-44.0000006705448,-0.15));
#5851=CARTESIAN_POINT('Ctrl Pts',(4.02207185066822,-43.8927662253625,-0.15));
#5852=CARTESIAN_POINT('Ctrl Pts',(4.,-43.764629547053,-0.15));
#5853=CARTESIAN_POINT('Ctrl Pts',(4.,-43.6542468449083,-0.15));
#5854=CARTESIAN_POINT('Origin',(16.,-7.105427357601E-14,10.35));
#5855=CARTESIAN_POINT('',(16.,-29.5,-0.150000000000001));
#5856=CARTESIAN_POINT('',(16.,-2.66453525910038E-14,-0.149999999999999));
#5857=CARTESIAN_POINT('',(16.,-40.65,5.));
#5858=CARTESIAN_POINT('Ctrl Pts',(16.,-29.5,-0.15));
#5859=CARTESIAN_POINT('Ctrl Pts',(16.,-31.7274440828777,-0.15));
#5860=CARTESIAN_POINT('Ctrl Pts',(16.,-34.277242054108,0.190436095109635));
#5861=CARTESIAN_POINT('Ctrl Pts',(16.,-36.3331737818488,0.922399553470874));
#5862=CARTESIAN_POINT('Ctrl Pts',(16.,-38.0633617559375,1.53839003410839));
#5863=CARTESIAN_POINT('Ctrl Pts',(16.,-39.3872169879641,2.41163453799737));
#5864=CARTESIAN_POINT('Ctrl Pts',(16.,-40.0633950670969,3.33962053315812));
#5865=CARTESIAN_POINT('Ctrl Pts',(16.,-40.4658214091571,3.89190996850118));
#5866=CARTESIAN_POINT('Ctrl Pts',(16.,-40.65,4.46276085562107));
#5867=CARTESIAN_POINT('Ctrl Pts',(16.,-40.65,5.));
#5868=CARTESIAN_POINT('',(16.,-40.65,21.6987007459942));
#5869=CARTESIAN_POINT('',(16.,-40.65,21.6987007459942));
#5870=CARTESIAN_POINT('',(16.,-39.5,23.9903952731274));
#5871=CARTESIAN_POINT('Ctrl Pts',(16.,-40.65,21.6987007459942));
#5872=CARTESIAN_POINT('Ctrl Pts',(16.,-40.6500626034883,22.2359398867256));
#5873=CARTESIAN_POINT('Ctrl Pts',(16.,-40.4659505340987,22.8068122319619));
#5874=CARTESIAN_POINT('Ctrl Pts',(16.,-40.0635885520417,23.3591485575559));
#5875=CARTESIAN_POINT('Ctrl Pts',(16.,-39.9082025155231,23.5724523891469));
#5876=CARTESIAN_POINT('Ctrl Pts',(16.,-39.7199031094804,23.7842744338413));
#5877=CARTESIAN_POINT('Ctrl Pts',(16.,-39.5,23.9903952731275));
#5878=CARTESIAN_POINT('',(16.,-39.5000000000001,26.8499999999998));
#5879=CARTESIAN_POINT('Origin',(0.,-44.65,26.8499999999996));
#5880=CARTESIAN_POINT('',(12.5000001117587,-44.65,-0.0197335655598592));
#5881=CARTESIAN_POINT('Origin',(12.5000001117587,-45.65,-0.0197335655598592));
#5882=CARTESIAN_POINT('',(12.5000001117587,-44.8250003352761,-0.584866782779931));
#5883=CARTESIAN_POINT('Origin',(-2.50000003725291,45.65,-0.0197335655598065));
#5884=CARTESIAN_POINT('',(-2.50000003725291,44.8250003352761,-0.584866782779904));
#5885=CARTESIAN_POINT('',(-2.50000003725291,44.65,-0.0197335655598062));
#5886=CARTESIAN_POINT('Origin',(0.,44.65,-6.15));
#5887=CARTESIAN_POINT('Origin',(24.0000002235174,44.0000006705523,-1.15));
#5888=CARTESIAN_POINT('',(25.0000002235174,44.0000006705523,-1.15));
#5889=CARTESIAN_POINT('',(24.0000002235174,45.0000006705523,-1.15));
#5890=CARTESIAN_POINT('Origin',(24.0000002235174,44.0000006705523,-1.15));
#5891=CARTESIAN_POINT('',(24.0000002235174,44.0000006705523,-0.15));
#5892=CARTESIAN_POINT('Origin',(24.0000002235174,44.0000006705523,-1.15));
#5893=CARTESIAN_POINT('Origin',(24.0000002235174,44.0000006705523,-1.15));
#5894=CARTESIAN_POINT('Origin',(24.0000002235174,44.0000006705523,0.));
#5895=CARTESIAN_POINT('',(25.0000002235174,44.0000006705523,-6.15));
#5896=CARTESIAN_POINT('',(24.0000002235174,45.0000006705523,-6.15));
#5897=CARTESIAN_POINT('Origin',(24.0000002235174,44.0000006705523,-6.15));
#5898=CARTESIAN_POINT('',(24.0000002235174,45.0000006705523,0.));
#5899=CARTESIAN_POINT('',(25.0000002235174,44.0000006705523,0.));
#5900=CARTESIAN_POINT('Origin',(-2.50000003725291,44.0000006705523,-1.15));
#5901=CARTESIAN_POINT('',(-2.50000003725291,44.0000006705523,-0.15));
#5902=CARTESIAN_POINT('',(-4.00000007450581,45.0000006705523,-1.15));
#5903=CARTESIAN_POINT('',(-2.50000003725291,45.0000006705523,-1.15));
#5904=CARTESIAN_POINT('',(-4.00000007450581,44.0000006705523,-0.15));
#5905=CARTESIAN_POINT('Origin',(-4.00000007450581,44.0000006705523,-1.15));
#5906=CARTESIAN_POINT('',(-2.50000003725291,44.0000006705523,-0.15));
#5907=CARTESIAN_POINT('Origin',(-5.00000007450581,45.0000006705523,0.));
#5908=CARTESIAN_POINT('',(-4.00000007450581,45.0000006705523,-6.15));
#5909=CARTESIAN_POINT('',(25.0000002235174,45.0000006705523,-6.15));
#5910=CARTESIAN_POINT('',(-4.00000007450581,45.0000006705523,0.));
#5911=CARTESIAN_POINT('Origin',(0.,-44.65,-6.15));
#5912=CARTESIAN_POINT('',(25.0000002235174,20.0000004470349,-6.15));
#5913=CARTESIAN_POINT('',(25.0000002235174,20.0000004470349,-6.15));
#5914=CARTESIAN_POINT('',(16.,10.9999999552965,-6.15));
#5915=CARTESIAN_POINT('',(15.0000002235174,10.0000001490116,-6.15));
#5916=CARTESIAN_POINT('',(16.,-10.9999998956919,-6.15));
#5917=CARTESIAN_POINT('',(16.,-44.65,-6.15));
#5918=CARTESIAN_POINT('',(25.0000002235174,-19.9999998509884,-6.15));
#5919=CARTESIAN_POINT('',(15.0000002235174,-10.0000001490116,-6.15));
#5920=CARTESIAN_POINT('',(25.0000002235174,-44.0000006705523,-6.15));
#5921=CARTESIAN_POINT('',(25.0000002235174,-45.0000006705523,-6.15));
#5922=CARTESIAN_POINT('',(24.0000002235174,-45.0000006705523,-6.15));
#5923=CARTESIAN_POINT('Origin',(24.0000002235174,-44.0000006705523,-6.15));
#5924=CARTESIAN_POINT('',(-4.00000007450581,-45.0000006705523,-6.15));
#5925=CARTESIAN_POINT('',(-5.00000007450581,-45.0000006705523,-6.15));
#5926=CARTESIAN_POINT('',(-5.00000007450581,-44.0000006705523,-6.15));
#5927=CARTESIAN_POINT('Origin',(-4.00000007450581,-44.0000006705523,-6.15));
#5928=CARTESIAN_POINT('',(-5.00000007450581,-20.0000005960465,-6.15));
#5929=CARTESIAN_POINT('',(-5.00000007450581,-20.0000005960465,-6.15));
#5930=CARTESIAN_POINT('',(4.,-11.0000002533197,-6.15));
#5931=CARTESIAN_POINT('',(5.00000007450581,-10.0000001490116,-6.15));
#5932=CARTESIAN_POINT('',(4.,11.0000001937151,-6.15));
#5933=CARTESIAN_POINT('',(4.,-22.325,-6.15));
#5934=CARTESIAN_POINT('',(-5.00000007450581,20.,-6.15));
#5935=CARTESIAN_POINT('',(5.00000007450581,10.0000001490116,-6.15));
#5936=CARTESIAN_POINT('',(-5.00000007450581,44.0000006705523,-6.15));
#5937=CARTESIAN_POINT('',(-5.00000007450581,45.0000006705523,-6.15));
#5938=CARTESIAN_POINT('Origin',(-4.00000007450581,44.0000006705523,-6.15));
#5939=CARTESIAN_POINT('',(8.25000014901161,30.,-6.15));
#5940=CARTESIAN_POINT('Origin',(10.0000001490116,30.,-6.15));
#5941=CARTESIAN_POINT('',(8.25000014901161,10.,-6.15));
#5942=CARTESIAN_POINT('Origin',(10.0000001490116,10.,-6.15));
#5943=CARTESIAN_POINT('',(8.25000014901161,-20.,-6.15));
#5944=CARTESIAN_POINT('Origin',(10.0000001490116,-20.,-6.15));
#5945=CARTESIAN_POINT('',(8.25000014901161,-30.,-6.15));
#5946=CARTESIAN_POINT('Origin',(10.0000001490116,-30.,-6.15));
#5947=CARTESIAN_POINT('',(8.25000014901161,-10.,-6.15));
#5948=CARTESIAN_POINT('Origin',(10.0000001490116,-10.,-6.15));
#5949=CARTESIAN_POINT('',(8.25000014901161,20.,-6.15));
#5950=CARTESIAN_POINT('Origin',(10.0000001490116,20.,-6.15));
#5951=CARTESIAN_POINT('',(8.25000014901161,-2.14313189850787E-16,-6.15));
#5952=CARTESIAN_POINT('Origin',(10.0000001490116,0.,-6.15));
#5953=CARTESIAN_POINT('',(18.2500001490116,-20.,-6.15));
#5954=CARTESIAN_POINT('Origin',(20.0000001490116,-20.,-6.15));
#5955=CARTESIAN_POINT('',(-1.74999985098839,-30.,-6.15));
#5956=CARTESIAN_POINT('Origin',(1.49011611938477E-7,-30.,-6.15));
#5957=CARTESIAN_POINT('',(18.2500001490116,-40.,-6.15));
#5958=CARTESIAN_POINT('Origin',(20.0000001490116,-40.,-6.15));
#5959=CARTESIAN_POINT('',(-1.74999985098839,-40.,-6.15));
#5960=CARTESIAN_POINT('Origin',(1.49011611938477E-7,-40.,-6.15));
#5961=CARTESIAN_POINT('',(-1.74999985098839,-20.,-6.15));
#5962=CARTESIAN_POINT('Origin',(1.49011611938477E-7,-20.,-6.15));
#5963=CARTESIAN_POINT('',(18.2500001490116,-30.,-6.15));
#5964=CARTESIAN_POINT('Origin',(20.0000001490116,-30.,-6.15));
#5965=CARTESIAN_POINT('',(18.2500001490116,40.,-6.15));
#5966=CARTESIAN_POINT('Origin',(20.0000001490116,40.,-6.15));
#5967=CARTESIAN_POINT('',(-1.74999985098839,30.,-6.15));
#5968=CARTESIAN_POINT('Origin',(1.49011611938477E-7,30.,-6.15));
#5969=CARTESIAN_POINT('',(18.2500001490116,20.,-6.15));
#5970=CARTESIAN_POINT('Origin',(20.0000001490116,20.,-6.15));
#5971=CARTESIAN_POINT('',(18.2500001490116,30.,-6.15));
#5972=CARTESIAN_POINT('Origin',(20.0000001490116,30.,-6.15));
#5973=CARTESIAN_POINT('',(-1.74999985098839,40.,-6.15));
#5974=CARTESIAN_POINT('Origin',(1.49011611938477E-7,40.,-6.15));
#5975=CARTESIAN_POINT('',(-1.74999985098839,20.,-6.15));
#5976=CARTESIAN_POINT('Origin',(1.49011611938477E-7,20.,-6.15));
#5977=CARTESIAN_POINT('Origin',(-4.00000007450581,44.0000006705523,-1.15));
#5978=CARTESIAN_POINT('',(-5.00000007450581,44.0000006705523,-1.15));
#5979=CARTESIAN_POINT('Origin',(-4.00000007450581,44.0000006705523,-1.15));
#5980=CARTESIAN_POINT('Origin',(-4.00000007450581,44.0000006705523,-1.15));
#5981=CARTESIAN_POINT('Origin',(-4.00000007450581,44.0000006705523,0.));
#5982=CARTESIAN_POINT('',(-5.00000007450581,44.0000006705523,0.));
#5983=CARTESIAN_POINT('Origin',(-4.00000007450581,24.75,-1.15));
#5984=CARTESIAN_POINT('',(-5.00000007450581,20.,-1.15));
#5985=CARTESIAN_POINT('',(-5.00000007450581,24.75,-1.15));
#5986=CARTESIAN_POINT('',(-4.00000007450581,20.414213571102,-0.15));
#5987=CARTESIAN_POINT('Origin',(-4.00000007450581,20.414213571102,-1.15));
#5988=CARTESIAN_POINT('',(-4.00000007450581,24.75,-0.15));
#5989=CARTESIAN_POINT('Origin',(-5.00000007450581,20.,0.));
#5990=CARTESIAN_POINT('',(-5.00000007450581,20.,0.));
#5991=CARTESIAN_POINT('Origin',(24.0000002235174,-44.0000006705523,-1.15));
#5992=CARTESIAN_POINT('',(24.0000002235174,-45.0000006705523,-1.15));
#5993=CARTESIAN_POINT('',(25.0000002235174,-44.0000006705523,-1.15));
#5994=CARTESIAN_POINT('Origin',(24.0000002235174,-44.0000006705523,-1.15));
#5995=CARTESIAN_POINT('',(24.0000002235174,-44.0000006705523,-0.15));
#5996=CARTESIAN_POINT('Origin',(24.0000002235174,-44.0000006705523,-1.15));
#5997=CARTESIAN_POINT('Origin',(24.0000002235174,-44.0000006705523,-1.15));
#5998=CARTESIAN_POINT('Origin',(24.0000002235174,-44.0000006705523,0.));
#5999=CARTESIAN_POINT('',(25.0000002235174,-44.0000006705523,0.));
#6000=CARTESIAN_POINT('',(24.0000002235174,-45.0000006705523,0.));
#6001=CARTESIAN_POINT('Origin',(25.0000002235174,-45.0000006705523,0.));
#6002=CARTESIAN_POINT('',(-4.00000007450581,-45.0000006705523,-1.15));
#6003=CARTESIAN_POINT('',(12.5000001117587,-45.0000006705523,-1.15));
#6004=CARTESIAN_POINT('',(-4.00000007450581,-45.0000006705523,0.));
#6005=CARTESIAN_POINT('Origin',(12.5000001117587,-44.0000006705523,-1.15));
#6006=CARTESIAN_POINT('',(-4.00000007450581,-44.0000006705523,-0.15));
#6007=CARTESIAN_POINT('',(12.5000001117587,-44.0000006705523,-0.15));
#6008=CARTESIAN_POINT('Origin',(-4.00000007450581,-44.0000006705523,-1.15));
#6009=CARTESIAN_POINT('',(12.5000001117587,-44.0000006705523,-0.15));
#6010=CARTESIAN_POINT('Origin',(-4.00000007450581,-44.0000006705523,-1.15));
#6011=CARTESIAN_POINT('',(-5.00000007450581,-44.0000006705523,-1.15));
#6012=CARTESIAN_POINT('Origin',(-4.00000007450581,-44.0000006705523,-1.15));
#6013=CARTESIAN_POINT('Origin',(-4.00000007450581,-44.0000006705523,-1.15));
#6014=CARTESIAN_POINT('Origin',(-4.00000007450581,-44.0000006705523,0.));
#6015=CARTESIAN_POINT('',(-5.00000007450581,-44.0000006705523,0.));
#6016=CARTESIAN_POINT('Origin',(-5.00000007450581,-45.0000006705523,0.));
#6017=CARTESIAN_POINT('',(-5.00000007450581,-20.0000005960465,-1.15));
#6018=CARTESIAN_POINT('',(-5.00000007450581,-7.75000033527612,-1.15));
#6019=CARTESIAN_POINT('',(-5.00000007450581,-20.0000005960465,0.));
#6020=CARTESIAN_POINT('Origin',(-4.00000007450581,-7.75000033527612,-1.15));
#6021=CARTESIAN_POINT('',(-4.00000007450581,-20.4142141496907,-0.15));
#6022=CARTESIAN_POINT('',(-4.00000007450581,-7.75000033527612,-0.15));
#6023=CARTESIAN_POINT('Origin',(-4.00000007450581,-20.4142141496907,-1.15));
#6024=CARTESIAN_POINT('Origin',(15.,14.75,-1.15));
#6025=CARTESIAN_POINT('',(15.,11.4142135089407,-0.15));
#6026=CARTESIAN_POINT('',(15.,-11.4142134667939,-0.15));
#6027=CARTESIAN_POINT('',(15.,14.75,-0.15));
#6028=CARTESIAN_POINT('',(16.,-10.9999998956919,-1.15));
#6029=CARTESIAN_POINT('Origin',(15.,-11.4142134667939,-1.15));
#6030=CARTESIAN_POINT('',(16.,10.9999999552965,-1.15));
#6031=CARTESIAN_POINT('',(16.,14.75,-1.15));
#6032=CARTESIAN_POINT('Origin',(15.,11.4142135089407,-1.15));
#6033=CARTESIAN_POINT('Origin',(0.667893247976616,2.91789285809945,-1.15));
#6034=CARTESIAN_POINT('',(21.5898242701013,-17.251219798286,-0.303458379607608));
#6035=CARTESIAN_POINT('',(22.6138905693786,-19.0281038092608,-0.15));
#6036=CARTESIAN_POINT('Origin',(22.6138905693786,-19.0281038092608,-1.15));
#6037=CARTESIAN_POINT('',(24.0000002235174,-20.4142134220904,-0.15));
#6038=CARTESIAN_POINT('',(0.667893247976616,2.91789285809945,-0.15));
#6039=CARTESIAN_POINT('',(25.0000002235174,-19.9999998509884,-1.15));
#6040=CARTESIAN_POINT('Origin',(24.0000002235174,-20.4142134220904,-1.15));
#6041=CARTESIAN_POINT('',(1.37500001862645,3.62499964982271,-1.15));
#6042=CARTESIAN_POINT('',(20.836428075397,-17.2506413682518,-0.15));
#6043=CARTESIAN_POINT('',(0.667893247976616,2.91789285809945,-0.15));
#6044=CARTESIAN_POINT('Origin',(20.836428075397,-17.2506413682517,-1.15));
#6045=CARTESIAN_POINT('Origin',(24.0000002235174,4.7500000745058,-1.15));
#6046=CARTESIAN_POINT('',(25.0000002235174,4.7500000745058,-1.15));
#6047=CARTESIAN_POINT('',(24.0000002235174,4.7500000745058,-0.15));
#6048=CARTESIAN_POINT('Origin',(9.33210684760261,-7.08210683025448,-1.15));
#6049=CARTESIAN_POINT('',(-1.58560127454754,-17.2487818227301,-0.302666309471515));
#6050=CARTESIAN_POINT('',(-0.835144015492302,-17.2493579963571,-0.15));
#6051=CARTESIAN_POINT('Origin',(-0.835144015492288,-17.2493579963571,-1.15));
#6052=CARTESIAN_POINT('',(5.,-11.4142138069639,-0.15));
#6053=CARTESIAN_POINT('',(9.33210684760261,-7.08210683025448,-0.15));
#6054=CARTESIAN_POINT('',(4.,-11.0000002533197,-1.15));
#6055=CARTESIAN_POINT('Origin',(5.,-11.4142138069639,-1.15));
#6056=CARTESIAN_POINT('',(8.62500005587935,-6.37500005960465,-1.15));
#6057=CARTESIAN_POINT('',(-2.61584838343756,-19.0300624173715,-0.15));
#6058=CARTESIAN_POINT('',(9.33210684760261,-7.08210683025448,-0.15));
#6059=CARTESIAN_POINT('Origin',(-2.61584838343756,-19.0300624173715,-1.15));
#6060=CARTESIAN_POINT('Origin',(5.,14.75,-1.15));
#6061=CARTESIAN_POINT('',(4.,11.0000001937151,-1.15));
#6062=CARTESIAN_POINT('',(4.,14.75,-1.15));
#6063=CARTESIAN_POINT('',(5.,11.4142137648171,-0.15));
#6064=CARTESIAN_POINT('',(5.,14.75,-0.15));
#6065=CARTESIAN_POINT('Origin',(5.,11.4142137648171,-1.15));
#6066=CARTESIAN_POINT('Origin',(-0.41789317347081,16.8321067768221,-1.15));
#6067=CARTESIAN_POINT('',(-1.58982397207809,17.251219798286,-0.303458379607608));
#6068=CARTESIAN_POINT('',(-2.61389027135535,19.0281038092608,-0.15));
#6069=CARTESIAN_POINT('Origin',(-2.61389027135535,19.0281038092608,-1.15));
#6070=CARTESIAN_POINT('',(-0.41789317347081,16.8321067768221,-0.15));
#6071=CARTESIAN_POINT('',(-1.12499994412065,16.1249999850988,-1.15));
#6072=CARTESIAN_POINT('',(-0.836427777373763,17.2506413682517,-0.15));
#6073=CARTESIAN_POINT('',(-0.41789317347081,16.8321067768221,-0.15));
#6074=CARTESIAN_POINT('Origin',(-0.836427777373764,17.2506413682518,-1.15));
#6075=CARTESIAN_POINT('Origin',(20.4178934504206,16.8321071208271,-1.15));
#6076=CARTESIAN_POINT('',(21.5856015725708,17.2487818227301,-0.302666309471512));
#6077=CARTESIAN_POINT('',(20.8351443135155,17.2493579963571,-0.15));
#6078=CARTESIAN_POINT('Origin',(20.8351443135155,17.2493579963571,-1.15));
#6079=CARTESIAN_POINT('',(20.4178934504206,16.8321071208271,-0.15));
#6080=CARTESIAN_POINT('',(25.0000002235174,20.0000004470349,-1.15));
#6081=CARTESIAN_POINT('',(21.1250002421439,16.1250003501773,-1.15));
#6082=CARTESIAN_POINT('',(24.0000002235174,20.4142140006791,-0.15));
#6083=CARTESIAN_POINT('Origin',(24.0000002235174,20.4142140006791,-1.15));
#6084=CARTESIAN_POINT('',(22.6158486814608,19.0300624173715,-0.15));
#6085=CARTESIAN_POINT('',(20.4178934504206,16.8321071208271,-0.15));
#6086=CARTESIAN_POINT('Origin',(22.6158486814608,19.0300624173715,-1.15));
#6087=CARTESIAN_POINT('Origin',(24.0000002235174,37.2500003352761,-1.15));
#6088=CARTESIAN_POINT('',(24.0000002235174,37.2500003352761,-0.15));
#6089=CARTESIAN_POINT('',(25.0000002235174,37.2500003352761,-1.15));
#6090=CARTESIAN_POINT('Origin',(5.00000007450581,10.0000001490116,0.));
#6091=CARTESIAN_POINT('',(4.,11.0000001937151,5.175));
#6092=CARTESIAN_POINT('Origin',(25.0000002235174,45.0000006705523,0.));
#6093=CARTESIAN_POINT('',(25.0000002235174,20.0000004470349,0.));
#6094=CARTESIAN_POINT('Origin',(25.0000002235174,20.0000004470349,0.));
#6095=CARTESIAN_POINT('',(16.,10.9999999552965,5.175));
#6096=CARTESIAN_POINT('Origin',(16.,-7.105427357601E-14,10.35));
#6097=CARTESIAN_POINT('',(16.,-10.9999998956919,5.175));
#6098=CARTESIAN_POINT('Origin',(-3.17542539563725,-19.997562024444,0.));
#6099=CARTESIAN_POINT('',(-3.17542539563725,-19.997562024444,-0.15));
#6100=CARTESIAN_POINT('',(7.94858341986686,-0.764330631030024,-0.15));
#6101=CARTESIAN_POINT('',(-3.17542539563725,-19.997562024444,-3.));
#6102=CARTESIAN_POINT('',(-3.17542539563725,-19.997562024444,0.));
#6103=CARTESIAN_POINT('',(-1.58560127454755,-17.2487818227301,-3.));
#6104=CARTESIAN_POINT('',(-3.17542539563725,-19.997562024444,-3.));
#6105=CARTESIAN_POINT('',(-1.58560127454755,-17.2487818227301,0.));
#6106=CARTESIAN_POINT('Origin',(21.5898242701013,-17.251219798286,0.));
#6107=CARTESIAN_POINT('',(21.5898242701013,-17.251219798286,-3.));
#6108=CARTESIAN_POINT('',(21.5898242701013,-17.251219798286,0.));
#6109=CARTESIAN_POINT('',(23.1754256936605,-20.002437975556,-3.));
#6110=CARTESIAN_POINT('',(21.5898242701013,-17.251219798286,-3.));
#6111=CARTESIAN_POINT('',(23.1754256936605,-20.002437975556,-0.15));
#6112=CARTESIAN_POINT('',(23.1754256936605,-20.002437975556,0.));
#6113=CARTESIAN_POINT('',(8.78532001177574,4.96620782445174,-0.15));
#6114=CARTESIAN_POINT('Origin',(18.4143987254525,-17.2487818227301,0.));
#6115=CARTESIAN_POINT('',(18.4143987254525,-17.2487818227301,-0.15));
#6116=CARTESIAN_POINT('',(9.18925879842504,-17.2416990978082,-0.15));
#6117=CARTESIAN_POINT('',(18.4143987254525,-17.2487818227301,-3.));
#6118=CARTESIAN_POINT('',(18.4143987254525,-17.2487818227301,0.));
#6119=CARTESIAN_POINT('',(18.4143987254525,-17.2487818227301,-3.));
#6120=CARTESIAN_POINT('Origin',(21.5856015725708,17.2487818227301,0.));
#6121=CARTESIAN_POINT('',(21.5856015725708,17.2487818227301,-3.));
#6122=CARTESIAN_POINT('',(21.5856015725708,17.2487818227301,0.));
#6123=CARTESIAN_POINT('',(18.4101760279219,17.251219798286,-3.));
#6124=CARTESIAN_POINT('',(21.5856015725708,17.2487818227301,-3.));
#6125=CARTESIAN_POINT('',(18.4101760279219,17.251219798286,-0.15));
#6126=CARTESIAN_POINT('',(18.4101760279219,17.251219798286,0.));
#6127=CARTESIAN_POINT('',(10.7881041324407,17.2570717462236,-0.15));
#6128=CARTESIAN_POINT('Origin',(21.5856015725708,-22.7512181772699,0.));
#6129=CARTESIAN_POINT('',(21.5856015725708,-22.7512181772699,-0.15));
#6130=CARTESIAN_POINT('',(18.4101760279219,-22.748780201714,-0.15));
#6131=CARTESIAN_POINT('',(10.7727488732189,-22.7429164645701,-0.15));
#6132=CARTESIAN_POINT('',(21.5856015725708,-22.7512181772699,-3.));
#6133=CARTESIAN_POINT('',(21.5856015725708,-22.7512181772699,0.));
#6134=CARTESIAN_POINT('',(18.4101760279219,-22.748780201714,-3.));
#6135=CARTESIAN_POINT('',(21.5856015725708,-22.7512181772699,-3.));
#6136=CARTESIAN_POINT('',(18.4101760279219,-22.748780201714,0.));
#6137=CARTESIAN_POINT('Origin',(18.4101760279219,-22.748780201714,0.));
#6138=CARTESIAN_POINT('',(16.8245746043627,-19.997562024444,-0.15));
#6139=CARTESIAN_POINT('',(4.81287105781679,0.844256509658803,-0.15));
#6140=CARTESIAN_POINT('',(16.8245746043627,-19.997562024444,-3.));
#6141=CARTESIAN_POINT('',(18.4101760279219,-22.748780201714,-3.));
#6142=CARTESIAN_POINT('',(16.8245746043627,-19.997562024444,0.));
#6143=CARTESIAN_POINT('Origin',(16.8245746043627,-19.997562024444,0.));
#6144=CARTESIAN_POINT('',(25.4419314502814,-5.09829135988162,-0.15));
#6145=CARTESIAN_POINT('',(16.8245746043627,-19.997562024444,-3.));
#6146=CARTESIAN_POINT('Origin',(23.1754256936605,-20.002437975556,0.));
#6147=CARTESIAN_POINT('',(30.9978704790343,-6.47755741185061,-0.15));
#6148=CARTESIAN_POINT('',(23.1754256936605,-20.002437975556,-3.));
#6149=CARTESIAN_POINT('Origin',(20.0000001490116,-20.,-3.));
#6150=CARTESIAN_POINT('',(18.2500001490116,-20.,-3.));
#6151=CARTESIAN_POINT('Origin',(20.0000001490116,-20.,-3.));
#6152=CARTESIAN_POINT('Origin',(6.82457460436275,30.002437975556,0.));
#6153=CARTESIAN_POINT('',(6.82457460436275,30.002437975556,-0.144813686487117));
#6154=CARTESIAN_POINT('',(8.08555710853016,32.182656338193,0.));
#6155=CARTESIAN_POINT('Ctrl Pts',(6.82457460436275,30.002437975556,-0.144813686487117));
#6156=CARTESIAN_POINT('Ctrl Pts',(7.24423196999855,30.7280187758853,-0.129826675898322));
#6157=CARTESIAN_POINT('Ctrl Pts',(7.6668374472921,31.4586968136069,-0.0821974415195151));
#6158=CARTESIAN_POINT('Ctrl Pts',(8.08555710853016,32.182656338193,-6.24500451351651E-16));
#6159=CARTESIAN_POINT('',(6.82457460436275,30.002437975556,-3.));
#6160=CARTESIAN_POINT('',(6.82457460436275,30.002437975556,0.));
#6161=CARTESIAN_POINT('',(8.41439872545245,32.7512181772699,-3.));
#6162=CARTESIAN_POINT('',(6.82457460436275,30.002437975556,-3.));
#6163=CARTESIAN_POINT('',(8.41439872545245,32.7512181772699,0.));
#6164=CARTESIAN_POINT('',(8.41439872545245,32.7512181772699,0.));
#6165=CARTESIAN_POINT('',(6.82457460436275,30.002437975556,0.));
#6166=CARTESIAN_POINT('Origin',(10.0000001490116,30.,0.));
#6167=CARTESIAN_POINT('',(11.916096759621,32.182656338193,0.));
#6168=CARTESIAN_POINT('Ctrl Pts',(8.08555710853016,32.182656338193,0.));
#6169=CARTESIAN_POINT('Ctrl Pts',(9.36240365889377,32.182656338193,3.19474141593799E-16));
#6170=CARTESIAN_POINT('Ctrl Pts',(10.6392502092574,32.182656338193,-2.47651277653581E-16));
#6171=CARTESIAN_POINT('Ctrl Pts',(11.916096759621,32.182656338193,0.));
#6172=CARTESIAN_POINT('',(11.5898242701013,32.748780201714,0.));
#6173=CARTESIAN_POINT('',(8.41439872545245,32.7512181772699,0.));
#6174=CARTESIAN_POINT('',(11.5898242701013,32.748780201714,0.));
#6175=CARTESIAN_POINT('Origin',(11.5898242701013,32.748780201714,0.));
#6176=CARTESIAN_POINT('',(13.1754256936605,29.997562024444,-0.144913910505794));
#6177=CARTESIAN_POINT('Ctrl Pts',(11.916096759621,32.182656338193,-3.98986399474666E-16));
#6178=CARTESIAN_POINT('Ctrl Pts',(12.3342580533418,31.4570938259363,-0.0823794426961533));
#6179=CARTESIAN_POINT('Ctrl Pts',(12.7563185489305,30.7247657073321,-0.130039442133963));
#6180=CARTESIAN_POINT('Ctrl Pts',(13.1754256936605,29.997562024444,-0.144913910505794));
#6181=CARTESIAN_POINT('',(11.5898242701013,32.748780201714,-3.));
#6182=CARTESIAN_POINT('',(11.5898242701013,32.748780201714,0.));
#6183=CARTESIAN_POINT('',(13.1754256936605,29.997562024444,-3.));
#6184=CARTESIAN_POINT('',(11.5898242701013,32.748780201714,-3.));
#6185=CARTESIAN_POINT('',(13.1754256936605,29.997562024444,0.));
#6186=CARTESIAN_POINT('Origin',(8.41439872545245,32.7512181772699,0.));
#6187=CARTESIAN_POINT('',(8.41439872545245,32.7512181772699,-3.));
#6188=CARTESIAN_POINT('Origin',(8.4101760279219,27.251219798286,0.));
#6189=CARTESIAN_POINT('',(7.11414319469616,29.5,-0.15));
#6190=CARTESIAN_POINT('Ctrl Pts',(7.11414319469617,29.5,-0.15));
#6191=CARTESIAN_POINT('Ctrl Pts',(7.01765058399333,29.6674268328682,-0.15));
#6192=CARTESIAN_POINT('Ctrl Pts',(6.92110264932038,29.8350647480062,-0.148223441075549));
#6193=CARTESIAN_POINT('Ctrl Pts',(6.82457460436275,30.002697261079,-0.144696979208913));
#6194=CARTESIAN_POINT('',(8.4101760279219,27.251219798286,-0.15));
#6195=CARTESIAN_POINT('',(6.87525576842736,29.9144997725826,-0.15));
#6196=CARTESIAN_POINT('',(8.4101760279219,27.251219798286,-3.));
#6197=CARTESIAN_POINT('',(8.4101760279219,27.251219798286,0.));
#6198=CARTESIAN_POINT('',(8.4101760279219,27.251219798286,-3.));
#6199=CARTESIAN_POINT('Origin',(11.5856015725708,27.2487818227301,0.));
#6200=CARTESIAN_POINT('',(11.5856015725708,27.2487818227301,-0.15));
#6201=CARTESIAN_POINT('',(5.79193999994462,27.2532299841166,-0.15));
#6202=CARTESIAN_POINT('',(11.5856015725708,27.2487818227301,-3.));
#6203=CARTESIAN_POINT('',(11.5856015725708,27.2487818227301,0.));
#6204=CARTESIAN_POINT('',(11.5856015725708,27.2487818227301,-3.));
#6205=CARTESIAN_POINT('Origin',(13.1754256936605,29.997562024444,0.));
#6206=CARTESIAN_POINT('',(12.887648552474,29.5,-0.15));
#6207=CARTESIAN_POINT('',(11.416294641698,26.9560528765388,-0.15));
#6208=CARTESIAN_POINT('Ctrl Pts',(13.1754256936605,29.9978171027096,-0.144799147822608));
#6209=CARTESIAN_POINT('Ctrl Pts',(13.0794946829067,29.8318117685837,-0.148257729434637));
#6210=CARTESIAN_POINT('Ctrl Pts',(12.983544535132,29.6658026036073,-0.15));
#6211=CARTESIAN_POINT('Ctrl Pts',(12.887648552474,29.5,-0.15));
#6212=CARTESIAN_POINT('',(13.1754256936605,29.997562024444,-3.));
#6213=CARTESIAN_POINT('Origin',(10.0000001490116,30.,-3.));
#6214=CARTESIAN_POINT('',(8.25000014901161,30.,-3.));
#6215=CARTESIAN_POINT('Origin',(10.0000001490116,30.,-3.));
#6216=CARTESIAN_POINT('Origin',(11.5856015725708,-22.7512181772699,0.));
#6217=CARTESIAN_POINT('',(11.5856015725708,-22.7512181772699,-0.15));
#6218=CARTESIAN_POINT('',(8.4101760279219,-22.748780201714,-0.15));
#6219=CARTESIAN_POINT('',(5.77274592591738,-22.7467552793756,-0.15));
#6220=CARTESIAN_POINT('',(11.5856015725708,-22.7512181772699,-3.));
#6221=CARTESIAN_POINT('',(11.5856015725708,-22.7512181772699,0.));
#6222=CARTESIAN_POINT('',(8.4101760279219,-22.748780201714,-3.));
#6223=CARTESIAN_POINT('',(11.5856015725708,-22.7512181772699,-3.));
#6224=CARTESIAN_POINT('',(8.4101760279219,-22.748780201714,0.));
#6225=CARTESIAN_POINT('Origin',(8.4101760279219,-22.748780201714,0.));
#6226=CARTESIAN_POINT('',(6.82457460436275,-19.997562024444,-0.15));
#6227=CARTESIAN_POINT('',(-3.94045197967438,-1.31888503996154,-0.15));
#6228=CARTESIAN_POINT('',(6.82457460436275,-19.997562024444,-3.));
#6229=CARTESIAN_POINT('',(8.4101760279219,-22.748780201714,-3.));
#6230=CARTESIAN_POINT('',(6.82457460436275,-19.997562024444,0.));
#6231=CARTESIAN_POINT('Origin',(6.82457460436275,-19.997562024444,0.));
#6232=CARTESIAN_POINT('',(8.41439872545245,-17.2487818227301,-0.15));
#6233=CARTESIAN_POINT('',(16.6952574350741,-2.93131099545582,-0.15));
#6234=CARTESIAN_POINT('',(8.41439872545245,-17.2487818227301,-3.));
#6235=CARTESIAN_POINT('',(6.82457460436275,-19.997562024444,-3.));
#6236=CARTESIAN_POINT('',(8.41439872545245,-17.2487818227301,0.));
#6237=CARTESIAN_POINT('Origin',(8.41439872545245,-17.2487818227301,0.));
#6238=CARTESIAN_POINT('',(11.5898242701013,-17.251219798286,-0.15));
#6239=CARTESIAN_POINT('',(4.18925585112348,-17.2455379126137,-0.15));
#6240=CARTESIAN_POINT('',(11.5898242701013,-17.251219798286,-3.));
#6241=CARTESIAN_POINT('',(8.41439872545245,-17.2487818227301,-3.));
#6242=CARTESIAN_POINT('',(11.5898242701013,-17.251219798286,0.));
#6243=CARTESIAN_POINT('Origin',(13.1754256936605,-20.002437975556,0.));
#6244=CARTESIAN_POINT('',(13.1754256936605,-20.002437975556,-0.15));
#6245=CARTESIAN_POINT('',(22.251196463827,-4.3105770474248,-0.15));
#6246=CARTESIAN_POINT('',(13.1754256936605,-20.002437975556,-3.));
#6247=CARTESIAN_POINT('',(13.1754256936605,-20.002437975556,0.));
#6248=CARTESIAN_POINT('',(13.1754256936605,-20.002437975556,-3.));
#6249=CARTESIAN_POINT('Origin',(11.5898242701013,-17.251219798286,0.));
#6250=CARTESIAN_POINT('',(0.0319969742845849,2.80306627483139,-0.15));
#6251=CARTESIAN_POINT('',(11.5898242701013,-17.251219798286,-3.));
#6252=CARTESIAN_POINT('Origin',(10.0000001490116,-20.,-3.));
#6253=CARTESIAN_POINT('',(8.25000014901161,-20.,-3.));
#6254=CARTESIAN_POINT('Origin',(10.0000001490116,-20.,-3.));
#6255=CARTESIAN_POINT('Origin',(1.58560157257077,17.2487818227301,0.));
#6256=CARTESIAN_POINT('',(1.58560157257077,17.2487818227301,-0.15));
#6257=CARTESIAN_POINT('',(0.788098237837609,17.2493941166127,-0.15));
#6258=CARTESIAN_POINT('',(1.58560157257077,17.2487818227301,-3.));
#6259=CARTESIAN_POINT('',(1.58560157257077,17.2487818227301,0.));
#6260=CARTESIAN_POINT('',(-1.58982397207809,17.251219798286,-3.));
#6261=CARTESIAN_POINT('',(1.58560157257077,17.2487818227301,-3.));
#6262=CARTESIAN_POINT('',(-1.58982397207809,17.251219798286,0.));
#6263=CARTESIAN_POINT('Origin',(-1.58982397207809,17.251219798286,0.));
#6264=CARTESIAN_POINT('',(-3.17542539563725,20.002437975556,-3.));
#6265=CARTESIAN_POINT('',(-1.58982397207809,17.251219798286,-3.));
#6266=CARTESIAN_POINT('',(-3.17542539563725,20.002437975556,-0.15));
#6267=CARTESIAN_POINT('',(-3.17542539563725,20.002437975556,0.));
#6268=CARTESIAN_POINT('',(-4.04120881868415,21.5046812604534,-0.15));
#6269=CARTESIAN_POINT('Origin',(-3.17542539563725,20.002437975556,0.));
#6270=CARTESIAN_POINT('',(-1.58560127454755,22.7512181772699,-0.15));
#6271=CARTESIAN_POINT('',(-0.719338037836328,24.2489733081409,-0.15));
#6272=CARTESIAN_POINT('',(-1.58560127454755,22.7512181772699,-3.));
#6273=CARTESIAN_POINT('',(-3.17542539563725,20.002437975556,-3.));
#6274=CARTESIAN_POINT('',(-1.58560127454755,22.7512181772699,0.));
#6275=CARTESIAN_POINT('Origin',(-1.58560127454755,22.7512181772699,0.));
#6276=CARTESIAN_POINT('',(1.58982427010132,22.748780201714,-0.15));
#6277=CARTESIAN_POINT('',(-0.795391836956267,22.7506114833746,-0.15));
#6278=CARTESIAN_POINT('',(1.58982427010132,22.748780201714,-3.));
#6279=CARTESIAN_POINT('',(-1.58560127454755,22.7512181772699,-3.));
#6280=CARTESIAN_POINT('',(1.58982427010132,22.748780201714,0.));
#6281=CARTESIAN_POINT('Origin',(3.17542569366048,19.997562024444,0.));
#6282=CARTESIAN_POINT('',(3.17542569366048,19.997562024444,-0.15));
#6283=CARTESIAN_POINT('',(4.83660099091655,22.8697072561719,-0.15));
#6284=CARTESIAN_POINT('',(3.17542569366048,19.997562024444,-3.));
#6285=CARTESIAN_POINT('',(3.17542569366048,19.997562024444,0.));
#6286=CARTESIAN_POINT('',(3.17542569366048,19.997562024444,-3.));
#6287=CARTESIAN_POINT('Origin',(1.58982427010132,22.748780201714,0.));
#6288=CARTESIAN_POINT('',(-0.0687598647251633,25.6266325752464,-0.15));
#6289=CARTESIAN_POINT('',(1.58982427010132,22.748780201714,-3.));
#6290=CARTESIAN_POINT('Origin',(1.490116130487E-7,20.,-3.));
#6291=CARTESIAN_POINT('',(-1.74999985098839,20.,-3.));
#6292=CARTESIAN_POINT('Origin',(1.49011611938477E-7,20.,-3.));
#6293=CARTESIAN_POINT('Origin',(1.58560157257077,-42.7512181772699,0.));
#6294=CARTESIAN_POINT('',(1.58560157257077,-42.7512181772699,-0.15));
#6295=CARTESIAN_POINT('',(-1.58982397207809,-42.748780201714,-0.15));
#6296=CARTESIAN_POINT('',(0.765065349004926,-42.7505881995779,-0.15));
#6297=CARTESIAN_POINT('',(1.58560157257077,-42.7512181772699,-3.));
#6298=CARTESIAN_POINT('',(1.58560157257077,-42.7512181772699,0.));
#6299=CARTESIAN_POINT('',(-1.58982397207809,-42.748780201714,-3.));
#6300=CARTESIAN_POINT('',(1.58560157257077,-42.7512181772699,-3.));
#6301=CARTESIAN_POINT('',(-1.58982397207809,-42.748780201714,0.));
#6302=CARTESIAN_POINT('Origin',(-1.58982397207809,-42.748780201714,0.));
#6303=CARTESIAN_POINT('',(-3.17542539563725,-39.997562024444,-0.15));
#6304=CARTESIAN_POINT('',(-17.0200581164062,-15.9753805145995,-0.15));
#6305=CARTESIAN_POINT('',(-3.17542539563725,-39.997562024444,-3.));
#6306=CARTESIAN_POINT('',(-1.58982397207809,-42.748780201714,-3.));
#6307=CARTESIAN_POINT('',(-3.17542539563725,-39.997562024444,0.));
#6308=CARTESIAN_POINT('Origin',(-3.17542539563725,-39.997562024444,0.));
#6309=CARTESIAN_POINT('',(-1.58560127454755,-37.2487818227301,-0.15));
#6310=CARTESIAN_POINT('',(12.2825441487185,-13.2709826006155,-0.15));
#6311=CARTESIAN_POINT('',(-1.58560127454755,-37.2487818227301,-3.));
#6312=CARTESIAN_POINT('',(-3.17542539563725,-39.997562024444,-3.));
#6313=CARTESIAN_POINT('',(-1.58560127454755,-37.2487818227301,0.));
#6314=CARTESIAN_POINT('Origin',(-1.58560127454755,-37.2487818227301,0.));
#6315=CARTESIAN_POINT('',(1.58982427010132,-37.251219798286,-0.15));
#6316=CARTESIAN_POINT('',(-0.818424725788954,-37.249370832816,-0.15));
#6317=CARTESIAN_POINT('',(1.58982427010132,-37.251219798286,-3.));
#6318=CARTESIAN_POINT('',(-1.58560127454755,-37.2487818227301,-3.));
#6319=CARTESIAN_POINT('',(1.58982427010132,-37.251219798286,0.));
#6320=CARTESIAN_POINT('Origin',(3.17542569366048,-40.002437975556,0.));
#6321=CARTESIAN_POINT('',(3.17542569366048,-40.002437975556,-0.15));
#6322=CARTESIAN_POINT('',(17.8384831774713,-14.6502486525844,-0.15));
#6323=CARTESIAN_POINT('',(3.17542569366048,-40.002437975556,-3.));
#6324=CARTESIAN_POINT('',(3.17542569366048,-40.002437975556,0.));
#6325=CARTESIAN_POINT('',(3.17542569366048,-40.002437975556,-3.));
#6326=CARTESIAN_POINT('Origin',(1.58982427010132,-37.251219798286,0.));
#6327=CARTESIAN_POINT('',(-13.0476091624473,-11.8534291998066,-0.15));
#6328=CARTESIAN_POINT('',(1.58982427010132,-37.251219798286,-3.));
#6329=CARTESIAN_POINT('Origin',(1.490116130487E-7,-40.,-3.));
#6330=CARTESIAN_POINT('',(-1.74999985098839,-40.,-3.));
#6331=CARTESIAN_POINT('Origin',(1.49011611938477E-7,-40.,-3.));
#6332=CARTESIAN_POINT('Origin',(11.5856015725708,-2.75121817726994,0.));
#6333=CARTESIAN_POINT('',(11.5856015725708,-2.75121817726994,-0.15));
#6334=CARTESIAN_POINT('',(8.4101760279219,-2.74878020171397,-0.15));
#6335=CARTESIAN_POINT('',(5.78042355552827,-2.74676117397869,-0.15));
#6336=CARTESIAN_POINT('',(11.5856015725708,-2.75121817726994,-3.));
#6337=CARTESIAN_POINT('',(11.5856015725708,-2.75121817726994,0.));
#6338=CARTESIAN_POINT('',(8.4101760279219,-2.74878020171397,-3.));
#6339=CARTESIAN_POINT('',(11.5856015725708,-2.75121817726994,-3.));
#6340=CARTESIAN_POINT('',(8.4101760279219,-2.74878020171397,0.));
#6341=CARTESIAN_POINT('Origin',(8.4101760279219,-2.74878020171397,0.));
#6342=CARTESIAN_POINT('',(6.82457460436275,0.00243797555597097,-0.15));
#6343=CARTESIAN_POINT('',(0.385831119566319,11.1744688850561,-0.15));
#6344=CARTESIAN_POINT('',(6.82457460436275,0.00243797555597097,-3.));
#6345=CARTESIAN_POINT('',(8.4101760279219,-2.74878020171397,-3.));
#6346=CARTESIAN_POINT('',(6.82457460436275,0.00243797555597097,0.));
#6347=CARTESIAN_POINT('Origin',(6.82457460436275,0.00243797555597097,0.));
#6348=CARTESIAN_POINT('',(8.41439872545245,2.75121817726994,-0.15));
#6349=CARTESIAN_POINT('',(12.3612967062225,9.57534097412962,-0.15));
#6350=CARTESIAN_POINT('',(8.41439872545245,2.75121817726994,-3.));
#6351=CARTESIAN_POINT('',(6.82457460436275,0.00243797555597097,-3.));
#6352=CARTESIAN_POINT('',(8.41439872545245,2.75121817726994,0.));
#6353=CARTESIAN_POINT('Origin',(8.41439872545245,2.75121817726994,0.));
#6354=CARTESIAN_POINT('',(11.5898242701013,2.74878020171397,-0.15));
#6355=CARTESIAN_POINT('',(4.19693348073439,2.75445619278319,-0.15));
#6356=CARTESIAN_POINT('',(11.5898242701013,2.74878020171397,-3.));
#6357=CARTESIAN_POINT('',(8.41439872545245,2.75121817726994,-3.));
#6358=CARTESIAN_POINT('',(11.5898242701013,2.74878020171397,0.));
#6359=CARTESIAN_POINT('Origin',(13.1754256936605,-0.00243797555597136,0.));
#6360=CARTESIAN_POINT('',(13.1754256936605,-0.00243797555597114,-0.15));
#6361=CARTESIAN_POINT('',(17.9172357349754,8.19607492216066,-0.15));
#6362=CARTESIAN_POINT('',(13.1754256936605,-0.00243797555597114,-3.));
#6363=CARTESIAN_POINT('',(13.1754256936605,-0.00243797555597114,0.));
#6364=CARTESIAN_POINT('',(13.1754256936605,-0.00243797555597136,-3.));
#6365=CARTESIAN_POINT('Origin',(11.5898242701013,2.74878020171397,0.));
#6366=CARTESIAN_POINT('',(4.35828007352529,15.2964201998491,-0.15));
#6367=CARTESIAN_POINT('',(11.5898242701013,2.74878020171397,-3.));
#6368=CARTESIAN_POINT('Origin',(10.0000001490116,-5.55111512312578E-16,
-3.));
#6369=CARTESIAN_POINT('',(8.25000014901161,2.14313189850787E-16,-3.));
#6370=CARTESIAN_POINT('Origin',(10.0000001490116,0.,-3.));
#6371=CARTESIAN_POINT('Origin',(8.41439872545245,-27.2487818227301,0.));
#6372=CARTESIAN_POINT('',(8.41439872545245,-27.2487818227301,-0.15));
#6373=CARTESIAN_POINT('',(11.5898242701013,-27.251219798286,-0.15));
#6374=CARTESIAN_POINT('',(4.18541703631805,-27.2455349653121,-0.15));
#6375=CARTESIAN_POINT('',(8.41439872545245,-27.2487818227301,-3.));
#6376=CARTESIAN_POINT('',(8.41439872545245,-27.2487818227301,0.));
#6377=CARTESIAN_POINT('',(11.5898242701013,-27.251219798286,-3.));
#6378=CARTESIAN_POINT('',(8.41439872545245,-27.2487818227301,-3.));
#6379=CARTESIAN_POINT('',(11.5898242701013,-27.251219798286,0.));
#6380=CARTESIAN_POINT('Origin',(11.5898242701013,-27.251219798286,0.));
#6381=CARTESIAN_POINT('',(12.8858571033271,-29.5,-0.15));
#6382=CARTESIAN_POINT('',(-2.13114457533577,-3.44361068767745,-0.15));
#6383=CARTESIAN_POINT('',(13.1754256936605,-30.002437975556,-3.));
#6384=CARTESIAN_POINT('',(11.5898242701013,-27.251219798286,-3.));
#6385=CARTESIAN_POINT('',(13.1754256936605,-30.002437975556,-0.144813686487117));
#6386=CARTESIAN_POINT('',(13.1754256936605,-30.002437975556,0.));
#6387=CARTESIAN_POINT('Ctrl Pts',(12.8858571033271,-29.5,-0.15));
#6388=CARTESIAN_POINT('Ctrl Pts',(12.9823497140299,-29.6674268328682,-0.15));
#6389=CARTESIAN_POINT('Ctrl Pts',(13.0788976487028,-29.8351945995898,-0.148077755799659));
#6390=CARTESIAN_POINT('Ctrl Pts',(13.1754256936605,-30.0030434550845,-0.144306319178313));
#6391=CARTESIAN_POINT('Origin',(6.82457460436275,-29.997562024444,0.));
#6392=CARTESIAN_POINT('',(7.11235174554927,-29.5,-0.15));
#6393=CARTESIAN_POINT('',(18.8622377994999,-9.18463698024854,-0.15));
#6394=CARTESIAN_POINT('',(6.82457460436275,-29.997562024444,-0.144913910505794));
#6395=CARTESIAN_POINT('Ctrl Pts',(6.82457460436275,-29.9981570230843,-0.144415591347644));
#6396=CARTESIAN_POINT('Ctrl Pts',(6.92050561511651,-29.8319391201968,-0.148114849306163));
#6397=CARTESIAN_POINT('Ctrl Pts',(7.01645576289121,-29.6658026036073,-0.15));
#6398=CARTESIAN_POINT('Ctrl Pts',(7.11235174554927,-29.5,-0.15));
#6399=CARTESIAN_POINT('',(6.82457460436275,-29.997562024444,-3.));
#6400=CARTESIAN_POINT('',(6.82457460436275,-29.997562024444,0.));
#6401=CARTESIAN_POINT('',(6.82457460436275,-29.997562024444,-3.));
#6402=CARTESIAN_POINT('Origin',(8.4101760279219,-32.748780201714,0.));
#6403=CARTESIAN_POINT('',(8.08390353840224,-32.182656338193,0.));
#6404=CARTESIAN_POINT('Ctrl Pts',(8.08390353840224,-32.182656338193,-1.04083408558608E-16));
#6405=CARTESIAN_POINT('Ctrl Pts',(7.66574224468144,-31.4570938259363,-0.0823794426961528));
#6406=CARTESIAN_POINT('Ctrl Pts',(7.24368174909269,-30.7247657073321,-0.130039442133963));
#6407=CARTESIAN_POINT('Ctrl Pts',(6.82457460436275,-29.997562024444,-0.144913910505794));
#6408=CARTESIAN_POINT('',(8.4101760279219,-32.748780201714,0.));
#6409=CARTESIAN_POINT('',(8.4101760279219,-32.748780201714,0.));
#6410=CARTESIAN_POINT('',(8.4101760279219,-32.748780201714,-3.));
#6411=CARTESIAN_POINT('',(8.4101760279219,-32.748780201714,0.));
#6412=CARTESIAN_POINT('',(8.4101760279219,-32.748780201714,-3.));
#6413=CARTESIAN_POINT('Origin',(11.5856015725708,-32.7512181772699,0.));
#6414=CARTESIAN_POINT('',(11.5856015725708,-32.7512181772699,0.));
#6415=CARTESIAN_POINT('',(11.5856015725708,-32.7512181772699,0.));
#6416=CARTESIAN_POINT('',(11.5856015725708,-32.7512181772699,-3.));
#6417=CARTESIAN_POINT('',(11.5856015725708,-32.7512181772699,0.));
#6418=CARTESIAN_POINT('',(11.5856015725708,-32.7512181772699,-3.));
#6419=CARTESIAN_POINT('Origin',(13.1754256936605,-30.002437975556,0.));
#6420=CARTESIAN_POINT('',(11.9144431894931,-32.182656338193,0.));
#6421=CARTESIAN_POINT('Ctrl Pts',(13.1754256936605,-30.002437975556,-0.144813686487117));
#6422=CARTESIAN_POINT('Ctrl Pts',(12.7557683280247,-30.7280187758853,-0.129826675898322));
#6423=CARTESIAN_POINT('Ctrl Pts',(12.3331628507311,-31.458696813607,-0.0821974415195138));
#6424=CARTESIAN_POINT('Ctrl Pts',(11.9144431894931,-32.182656338193,-1.90819582357449E-16));
#6425=CARTESIAN_POINT('',(13.1754256936605,-30.002437975556,-3.));
#6426=CARTESIAN_POINT('',(13.1754256936605,-30.002437975556,0.));
#6427=CARTESIAN_POINT('Origin',(10.0000001490116,-30.,-3.));
#6428=CARTESIAN_POINT('',(8.25000014901161,-30.,-3.));
#6429=CARTESIAN_POINT('Origin',(10.0000001490116,-30.,-3.));
#6430=CARTESIAN_POINT('Origin',(10.0000001490116,-30.,0.));
#6431=CARTESIAN_POINT('Ctrl Pts',(11.9144431894931,-32.182656338193,0.));
#6432=CARTESIAN_POINT('Ctrl Pts',(10.6375966391295,-32.182656338193,1.51503201168194E-16));
#6433=CARTESIAN_POINT('Ctrl Pts',(9.36075008876585,-32.182656338193,1.95776709126784E-17));
#6434=CARTESIAN_POINT('Ctrl Pts',(8.08390353840224,-32.182656338193,0.));
#6435=CARTESIAN_POINT('Origin',(11.5856015725708,17.2487818227301,0.));
#6436=CARTESIAN_POINT('',(11.5856015725708,17.2487818227301,-0.15));
#6437=CARTESIAN_POINT('',(8.4101760279219,17.251219798286,-0.15));
#6438=CARTESIAN_POINT('',(5.78810118513917,17.2532329314182,-0.15));
#6439=CARTESIAN_POINT('',(11.5856015725708,17.2487818227301,-3.));
#6440=CARTESIAN_POINT('',(11.5856015725708,17.2487818227301,0.));
#6441=CARTESIAN_POINT('',(8.4101760279219,17.251219798286,-3.));
#6442=CARTESIAN_POINT('',(11.5856015725708,17.2487818227301,-3.));
#6443=CARTESIAN_POINT('',(8.4101760279219,17.251219798286,0.));
#6444=CARTESIAN_POINT('Origin',(8.4101760279219,17.251219798286,0.));
#6445=CARTESIAN_POINT('',(6.82457460436275,20.002437975556,-0.15));
#6446=CARTESIAN_POINT('',(4.71211421880701,23.6678228100738,-0.15));
#6447=CARTESIAN_POINT('',(6.82457460436275,20.002437975556,-3.));
#6448=CARTESIAN_POINT('',(8.4101760279219,17.251219798286,-3.));
#6449=CARTESIAN_POINT('',(6.82457460436275,20.002437975556,0.));
#6450=CARTESIAN_POINT('Origin',(6.82457460436275,20.002437975556,0.));
#6451=CARTESIAN_POINT('',(8.41439872545245,22.7512181772699,-0.15));
#6452=CARTESIAN_POINT('',(8.02733597737095,22.0819929437151,-0.15));
#6453=CARTESIAN_POINT('',(8.41439872545245,22.7512181772699,-3.));
#6454=CARTESIAN_POINT('',(6.82457460436275,20.002437975556,-3.));
#6455=CARTESIAN_POINT('',(8.41439872545245,22.7512181772699,0.));
#6456=CARTESIAN_POINT('Origin',(8.41439872545245,22.7512181772699,0.));
#6457=CARTESIAN_POINT('',(11.5898242701013,22.748780201714,-0.15));
#6458=CARTESIAN_POINT('',(4.20461111034529,22.7544502981801,-0.15));
#6459=CARTESIAN_POINT('',(11.5898242701013,22.748780201714,-3.));
#6460=CARTESIAN_POINT('',(8.41439872545245,22.7512181772699,-3.));
#6461=CARTESIAN_POINT('',(11.5898242701013,22.748780201714,0.));
#6462=CARTESIAN_POINT('Origin',(13.1754256936605,19.997562024444,0.));
#6463=CARTESIAN_POINT('',(13.1754256936605,19.997562024444,-0.15));
#6464=CARTESIAN_POINT('',(13.5832750061238,20.7027268917461,-0.15));
#6465=CARTESIAN_POINT('',(13.1754256936605,19.997562024444,-3.));
#6466=CARTESIAN_POINT('',(13.1754256936605,19.997562024444,0.));
#6467=CARTESIAN_POINT('',(13.1754256936605,19.997562024444,-3.));
#6468=CARTESIAN_POINT('Origin',(11.5898242701013,22.748780201714,0.));
#6469=CARTESIAN_POINT('',(8.684563172766,27.7897741248668,-0.15));
#6470=CARTESIAN_POINT('',(11.5898242701013,22.748780201714,-3.));
#6471=CARTESIAN_POINT('Origin',(10.0000001490116,20.,-3.));
#6472=CARTESIAN_POINT('',(8.25000014901161,20.,-3.));
#6473=CARTESIAN_POINT('Origin',(10.0000001490116,20.,-3.));
#6474=CARTESIAN_POINT('Origin',(18.4101760279219,17.251219798286,0.));
#6475=CARTESIAN_POINT('',(16.8245746043627,20.002437975556,-0.15));
#6476=CARTESIAN_POINT('',(13.4654372562982,25.8309643596941,-0.15));
#6477=CARTESIAN_POINT('',(16.8245746043627,20.002437975556,-3.));
#6478=CARTESIAN_POINT('',(18.4101760279219,17.251219798286,-3.));
#6479=CARTESIAN_POINT('',(16.8245746043627,20.002437975556,0.));
#6480=CARTESIAN_POINT('Origin',(16.8245746043627,20.002437975556,0.));
#6481=CARTESIAN_POINT('',(18.4143987254525,22.7512181772699,-0.15));
#6482=CARTESIAN_POINT('',(16.7740099925782,19.9150125792893,-0.15));
#6483=CARTESIAN_POINT('',(18.4143987254525,22.7512181772699,-3.));
#6484=CARTESIAN_POINT('',(16.8245746043627,20.002437975556,-3.));
#6485=CARTESIAN_POINT('',(18.4143987254525,22.7512181772699,0.));
#6486=CARTESIAN_POINT('Origin',(18.4143987254525,22.7512181772699,0.));
#6487=CARTESIAN_POINT('',(21.5898242701013,22.748780201714,-0.15));
#6488=CARTESIAN_POINT('',(9.20461405764685,22.7582891129855,-0.15));
#6489=CARTESIAN_POINT('',(21.5898242701013,22.748780201714,-3.));
#6490=CARTESIAN_POINT('',(18.4143987254525,22.7512181772699,-3.));
#6491=CARTESIAN_POINT('',(21.5898242701013,22.748780201714,0.));
#6492=CARTESIAN_POINT('Origin',(23.1754256936605,19.997562024444,0.));
#6493=CARTESIAN_POINT('',(23.1754256936605,19.997562024444,-0.15));
#6494=CARTESIAN_POINT('',(22.3299490213311,18.5357465273203,-0.15));
#6495=CARTESIAN_POINT('',(23.1754256936605,19.997562024444,-3.));
#6496=CARTESIAN_POINT('',(23.1754256936605,19.997562024444,0.));
#6497=CARTESIAN_POINT('',(23.1754256936605,19.997562024444,-3.));
#6498=CARTESIAN_POINT('Origin',(21.5898242701013,22.748780201714,0.));
#6499=CARTESIAN_POINT('',(17.4378862102572,29.9529156744871,-0.15));
#6500=CARTESIAN_POINT('',(21.5898242701013,22.748780201714,-3.));
#6501=CARTESIAN_POINT('Origin',(20.0000001490116,20.,-3.));
#6502=CARTESIAN_POINT('',(18.2500001490116,20.,-3.));
#6503=CARTESIAN_POINT('Origin',(20.0000001490116,20.,-3.));
#6504=CARTESIAN_POINT('Origin',(21.5856015725708,-32.7512181772699,0.));
#6505=CARTESIAN_POINT('',(21.5856015725708,-32.7512181772699,-0.15));
#6506=CARTESIAN_POINT('',(18.4101760279219,-32.748780201714,-0.15));
#6507=CARTESIAN_POINT('',(10.7689100584135,-32.7429135172686,-0.15));
#6508=CARTESIAN_POINT('',(21.5856015725708,-32.7512181772699,-3.));
#6509=CARTESIAN_POINT('',(21.5856015725708,-32.7512181772699,0.));
#6510=CARTESIAN_POINT('',(18.4101760279219,-32.748780201714,-3.));
#6511=CARTESIAN_POINT('',(21.5856015725708,-32.7512181772699,-3.));
#6512=CARTESIAN_POINT('',(18.4101760279219,-32.748780201714,0.));
#6513=CARTESIAN_POINT('Origin',(18.4101760279219,-32.748780201714,0.));
#6514=CARTESIAN_POINT('',(16.8245746043627,-29.997562024444,-0.15));
#6515=CARTESIAN_POINT('',(2.64972950819643,-5.40242045285004,-0.15));
#6516=CARTESIAN_POINT('',(16.8245746043627,-29.997562024444,-3.));
#6517=CARTESIAN_POINT('',(18.4101760279219,-32.748780201714,-3.));
#6518=CARTESIAN_POINT('',(16.8245746043627,-29.997562024444,0.));
#6519=CARTESIAN_POINT('Origin',(16.8245746043627,-29.997562024444,0.));
#6520=CARTESIAN_POINT('',(18.4143987254525,-27.2487818227301,-0.15));
#6521=CARTESIAN_POINT('',(27.6089118147072,-11.3516173446743,-0.15));
#6522=CARTESIAN_POINT('',(18.4143987254525,-27.2487818227301,-3.));
#6523=CARTESIAN_POINT('',(16.8245746043627,-29.997562024444,-3.));
#6524=CARTESIAN_POINT('',(18.4143987254525,-27.2487818227301,0.));
#6525=CARTESIAN_POINT('Origin',(18.4143987254525,-27.2487818227301,0.));
#6526=CARTESIAN_POINT('',(21.5898242701013,-27.251219798286,-0.15));
#6527=CARTESIAN_POINT('',(9.18541998361961,-27.2416961505067,-0.15));
#6528=CARTESIAN_POINT('',(21.5898242701013,-27.251219798286,-3.));
#6529=CARTESIAN_POINT('',(18.4143987254525,-27.2487818227301,-3.));
#6530=CARTESIAN_POINT('',(21.5898242701013,-27.251219798286,0.));
#6531=CARTESIAN_POINT('Origin',(23.1754256936605,-30.002437975556,0.));
#6532=CARTESIAN_POINT('',(23.1754256936605,-30.002437975556,-0.15));
#6533=CARTESIAN_POINT('',(33.1648508434601,-12.7308833966433,-0.15));
#6534=CARTESIAN_POINT('',(23.1754256936605,-30.002437975556,-3.));
#6535=CARTESIAN_POINT('',(23.1754256936605,-30.002437975556,0.));
#6536=CARTESIAN_POINT('',(23.1754256936605,-30.002437975556,-3.));
#6537=CARTESIAN_POINT('Origin',(21.5898242701013,-27.251219798286,0.));
#6538=CARTESIAN_POINT('',(6.62217846215539,-1.2804691380571,-0.15));
#6539=CARTESIAN_POINT('',(21.5898242701013,-27.251219798286,-3.));
#6540=CARTESIAN_POINT('Origin',(20.0000001490116,-30.,-3.));
#6541=CARTESIAN_POINT('',(18.2500001490116,-30.,-3.));
#6542=CARTESIAN_POINT('Origin',(20.0000001490116,-30.,-3.));
#6543=CARTESIAN_POINT('Origin',(21.5856015725708,27.2487818227301,0.));
#6544=CARTESIAN_POINT('',(21.5856015725708,27.2487818227301,-0.15));
#6545=CARTESIAN_POINT('',(18.4101760279219,27.251219798286,-0.15));
#6546=CARTESIAN_POINT('',(10.7919429472462,27.2570687989221,-0.15));
#6547=CARTESIAN_POINT('',(21.5856015725708,27.2487818227301,-3.));
#6548=CARTESIAN_POINT('',(21.5856015725708,27.2487818227301,0.));
#6549=CARTESIAN_POINT('',(18.4101760279219,27.251219798286,-3.));
#6550=CARTESIAN_POINT('',(21.5856015725708,27.2487818227301,-3.));
#6551=CARTESIAN_POINT('',(18.4101760279219,27.251219798286,0.));
#6552=CARTESIAN_POINT('Origin',(18.4101760279219,27.251219798286,0.));
#6553=CARTESIAN_POINT('',(16.8245746043627,30.002437975556,-0.15));
#6554=CARTESIAN_POINT('',(15.6285788059185,32.077641322203,-0.15));
#6555=CARTESIAN_POINT('',(16.8245746043627,30.002437975556,-3.));
#6556=CARTESIAN_POINT('',(18.4101760279219,27.251219798286,-3.));
#6557=CARTESIAN_POINT('',(16.8245746043627,30.002437975556,0.));
#6558=CARTESIAN_POINT('Origin',(16.8245746043627,30.002437975556,0.));
#6559=CARTESIAN_POINT('',(18.4143987254525,32.7512181772699,-0.15));
#6560=CARTESIAN_POINT('',(14.6070296281524,26.168338564082,-0.15));
#6561=CARTESIAN_POINT('',(18.4143987254525,32.7512181772699,-3.));
#6562=CARTESIAN_POINT('',(16.8245746043627,30.002437975556,-3.));
#6563=CARTESIAN_POINT('',(18.4143987254525,32.7512181772699,0.));
#6564=CARTESIAN_POINT('Origin',(18.4143987254525,32.7512181772699,0.));
#6565=CARTESIAN_POINT('',(21.5898242701013,32.748780201714,-0.15));
#6566=CARTESIAN_POINT('',(9.2084528724523,32.758286165684,-0.15));
#6567=CARTESIAN_POINT('',(21.5898242701013,32.748780201714,-3.));
#6568=CARTESIAN_POINT('',(18.4143987254525,32.7512181772699,-3.));
#6569=CARTESIAN_POINT('',(21.5898242701013,32.748780201714,0.));
#6570=CARTESIAN_POINT('Origin',(23.1754256936605,29.997562024444,0.));
#6571=CARTESIAN_POINT('',(23.1754256936605,29.997562024444,-0.15));
#6572=CARTESIAN_POINT('',(20.1629686569053,24.789072512113,-0.15));
#6573=CARTESIAN_POINT('',(23.1754256936605,29.997562024444,-3.));
#6574=CARTESIAN_POINT('',(23.1754256936605,29.997562024444,0.));
#6575=CARTESIAN_POINT('',(23.1754256936605,29.997562024444,-3.));
#6576=CARTESIAN_POINT('Origin',(21.5898242701013,32.748780201714,0.));
#6577=CARTESIAN_POINT('',(19.6010277598775,36.199592636996,-0.15));
#6578=CARTESIAN_POINT('',(21.5898242701013,32.748780201714,-3.));
#6579=CARTESIAN_POINT('Origin',(20.0000001490116,30.,-3.));
#6580=CARTESIAN_POINT('',(18.2500001490116,30.,-3.));
#6581=CARTESIAN_POINT('Origin',(20.0000001490116,30.,-3.));
#6582=CARTESIAN_POINT('Origin',(11.5856015725708,-12.7512181772699,0.));
#6583=CARTESIAN_POINT('',(11.5856015725708,-12.7512181772699,-0.15));
#6584=CARTESIAN_POINT('',(8.4101760279219,-12.748780201714,-0.15));
#6585=CARTESIAN_POINT('',(5.77658474072281,-12.7467582266771,-0.15));
#6586=CARTESIAN_POINT('',(11.5856015725708,-12.7512181772699,-3.));
#6587=CARTESIAN_POINT('',(11.5856015725708,-12.7512181772699,0.));
#6588=CARTESIAN_POINT('',(8.4101760279219,-12.748780201714,-3.));
#6589=CARTESIAN_POINT('',(11.5856015725708,-12.7512181772699,-3.));
#6590=CARTESIAN_POINT('',(8.4101760279219,-12.748780201714,0.));
#6591=CARTESIAN_POINT('Origin',(8.4101760279219,-12.748780201714,0.));
#6592=CARTESIAN_POINT('',(6.82457460436275,-9.99756202444403,-0.15));
#6593=CARTESIAN_POINT('',(-1.77731043005403,4.92779192254729,-0.15));
#6594=CARTESIAN_POINT('',(6.82457460436275,-9.99756202444403,-3.));
#6595=CARTESIAN_POINT('',(8.4101760279219,-12.748780201714,-3.));
#6596=CARTESIAN_POINT('',(6.82457460436275,-9.99756202444403,0.));
#6597=CARTESIAN_POINT('Origin',(6.82457460436275,-9.99756202444403,0.));
#6598=CARTESIAN_POINT('',(8.41439872545245,-7.24878182273006,-0.15));
#6599=CARTESIAN_POINT('',(14.5282770706483,3.3220149893369,-0.15));
#6600=CARTESIAN_POINT('',(8.41439872545245,-7.24878182273006,-3.));
#6601=CARTESIAN_POINT('',(6.82457460436275,-9.99756202444403,-3.));
#6602=CARTESIAN_POINT('',(8.41439872545245,-7.24878182273006,0.));
#6603=CARTESIAN_POINT('Origin',(8.41439872545245,-7.24878182273006,0.));
#6604=CARTESIAN_POINT('',(11.5898242701013,-7.25121979828603,-0.15));
#6605=CARTESIAN_POINT('',(4.19309466592894,-7.24554085991525,-0.15));
#6606=CARTESIAN_POINT('',(11.5898242701013,-7.25121979828603,-3.));
#6607=CARTESIAN_POINT('',(8.41439872545245,-7.24878182273006,-3.));
#6608=CARTESIAN_POINT('',(11.5898242701013,-7.25121979828603,0.));
#6609=CARTESIAN_POINT('Origin',(13.1754256936605,-10.002437975556,0.));
#6610=CARTESIAN_POINT('',(13.1754256936605,-10.002437975556,-0.15));
#6611=CARTESIAN_POINT('',(20.0842160994012,1.94274893736794,-0.15));
#6612=CARTESIAN_POINT('',(13.1754256936605,-10.002437975556,-3.));
#6613=CARTESIAN_POINT('',(13.1754256936605,-10.002437975556,0.));
#6614=CARTESIAN_POINT('',(13.1754256936605,-10.002437975556,-3.));
#6615=CARTESIAN_POINT('Origin',(11.5898242701013,-7.25121979828603,0.));
#6616=CARTESIAN_POINT('',(2.19513852390494,9.04974323734024,-0.15));
#6617=CARTESIAN_POINT('',(11.5898242701013,-7.25121979828603,-3.));
#6618=CARTESIAN_POINT('Origin',(10.0000001490116,-10.,-3.));
#6619=CARTESIAN_POINT('',(8.25000014901161,-10.,-3.));
#6620=CARTESIAN_POINT('Origin',(10.0000001490116,-10.,-3.));
#6621=CARTESIAN_POINT('Origin',(1.58560157257077,27.2487818227301,0.));
#6622=CARTESIAN_POINT('',(1.58560157257077,27.2487818227301,-0.15));
#6623=CARTESIAN_POINT('',(-1.58982397207809,27.251219798286,-0.15));
#6624=CARTESIAN_POINT('',(0.791937052643061,27.2493911693112,-0.15));
#6625=CARTESIAN_POINT('',(1.58560157257077,27.2487818227301,-3.));
#6626=CARTESIAN_POINT('',(1.58560157257077,27.2487818227301,0.));
#6627=CARTESIAN_POINT('',(-1.58982397207809,27.251219798286,-3.));
#6628=CARTESIAN_POINT('',(1.58560157257077,27.2487818227301,-3.));
#6629=CARTESIAN_POINT('',(-1.58982397207809,27.251219798286,0.));
#6630=CARTESIAN_POINT('Origin',(-1.58982397207809,27.251219798286,0.));
#6631=CARTESIAN_POINT('',(-3.17542539563725,30.002437975556,-0.15));
#6632=CARTESIAN_POINT('',(-1.8780672690638,27.7513582229623,-0.15));
#6633=CARTESIAN_POINT('',(-3.17542539563725,30.002437975556,-3.));
#6634=CARTESIAN_POINT('',(-1.58982397207809,27.251219798286,-3.));
#6635=CARTESIAN_POINT('',(-3.17542539563725,30.002437975556,0.));
#6636=CARTESIAN_POINT('Origin',(-3.17542539563725,30.002437975556,0.));
#6637=CARTESIAN_POINT('',(-1.58560127454755,32.7512181772699,-0.15));
#6638=CARTESIAN_POINT('',(-2.88631840226213,30.5022992929336,-0.15));
#6639=CARTESIAN_POINT('',(-1.58560127454755,32.7512181772699,-3.));
#6640=CARTESIAN_POINT('',(-3.17542539563725,30.002437975556,-3.));
#6641=CARTESIAN_POINT('',(-1.58560127454755,32.7512181772699,0.));
#6642=CARTESIAN_POINT('Origin',(-1.58560127454755,32.7512181772699,0.));
#6643=CARTESIAN_POINT('',(1.58982427010132,32.748780201714,-0.15));
#6644=CARTESIAN_POINT('',(-0.791553022150819,32.7506085360731,-0.15));
#6645=CARTESIAN_POINT('',(1.58982427010132,32.748780201714,-3.));
#6646=CARTESIAN_POINT('',(-1.58560127454755,32.7512181772699,-3.));
#6647=CARTESIAN_POINT('',(1.58982427010132,32.748780201714,0.));
#6648=CARTESIAN_POINT('Origin',(3.17542569366048,29.997562024444,0.));
#6649=CARTESIAN_POINT('',(3.17542569366048,29.997562024444,-0.15));
#6650=CARTESIAN_POINT('',(2.66962062649075,29.1230332409646,-0.15));
#6651=CARTESIAN_POINT('',(3.17542569366048,29.997562024444,-3.));
#6652=CARTESIAN_POINT('',(3.17542569366048,29.997562024444,0.));
#6653=CARTESIAN_POINT('',(3.17542569366048,29.997562024444,-3.));
#6654=CARTESIAN_POINT('Origin',(1.58982427010132,32.748780201714,0.));
#6655=CARTESIAN_POINT('',(2.09438168489519,31.8733095377553,-0.15));
#6656=CARTESIAN_POINT('',(1.58982427010132,32.748780201714,-3.));
#6657=CARTESIAN_POINT('Origin',(1.490116130487E-7,30.,-3.));
#6658=CARTESIAN_POINT('',(-1.74999985098839,30.,-3.));
#6659=CARTESIAN_POINT('Origin',(1.49011611938477E-7,30.,-3.));
#6660=CARTESIAN_POINT('Origin',(1.58560157257077,-32.7512181772699,0.));
#6661=CARTESIAN_POINT('',(1.58560157257077,-32.7512181772699,-0.15));
#6662=CARTESIAN_POINT('',(-1.58982397207809,-32.748780201714,-0.15));
#6663=CARTESIAN_POINT('',(0.768904163810374,-32.7505911468795,-0.15));
#6664=CARTESIAN_POINT('',(1.58560157257077,-32.7512181772699,-3.));
#6665=CARTESIAN_POINT('',(1.58560157257077,-32.7512181772699,0.));
#6666=CARTESIAN_POINT('',(-1.58982397207809,-32.748780201714,-3.));
#6667=CARTESIAN_POINT('',(1.58560157257077,-32.7512181772699,-3.));
#6668=CARTESIAN_POINT('',(-1.58982397207809,-32.748780201714,0.));
#6669=CARTESIAN_POINT('Origin',(-1.58982397207809,-32.748780201714,0.));
#6670=CARTESIAN_POINT('',(-3.17542539563725,-29.997562024444,-0.15));
#6671=CARTESIAN_POINT('',(-14.8569165667859,-9.72870355209074,-0.15));
#6672=CARTESIAN_POINT('',(-3.17542539563725,-29.997562024444,-3.));
#6673=CARTESIAN_POINT('',(-1.58982397207809,-32.748780201714,-3.));
#6674=CARTESIAN_POINT('',(-3.17542539563725,-29.997562024444,0.));
#6675=CARTESIAN_POINT('Origin',(-3.17542539563725,-29.997562024444,0.));
#6676=CARTESIAN_POINT('',(-1.58560127454755,-27.2487818227301,-0.15));
#6677=CARTESIAN_POINT('',(10.1155637842927,-7.01765661582274,-0.15));
#6678=CARTESIAN_POINT('',(-1.58560127454755,-27.2487818227301,-3.));
#6679=CARTESIAN_POINT('',(-3.17542539563725,-29.997562024444,-3.));
#6680=CARTESIAN_POINT('',(-1.58560127454755,-27.2487818227301,0.));
#6681=CARTESIAN_POINT('Origin',(-1.58560127454755,-27.2487818227301,0.));
#6682=CARTESIAN_POINT('',(1.58982427010132,-27.251219798286,-0.15));
#6683=CARTESIAN_POINT('',(-0.814585910983506,-27.2493737801176,-0.15));
#6684=CARTESIAN_POINT('',(1.58982427010132,-27.251219798286,-3.));
#6685=CARTESIAN_POINT('',(-1.58560127454755,-27.2487818227301,-3.));
#6686=CARTESIAN_POINT('',(1.58982427010132,-27.251219798286,0.));
#6687=CARTESIAN_POINT('Origin',(3.17542569366048,-30.002437975556,0.));
#6688=CARTESIAN_POINT('',(3.17542569366048,-30.002437975556,-0.15));
#6689=CARTESIAN_POINT('',(15.6715028130456,-8.39692266779172,-0.15));
#6690=CARTESIAN_POINT('',(3.17542569366048,-30.002437975556,-3.));
#6691=CARTESIAN_POINT('',(3.17542569366048,-30.002437975556,0.));
#6692=CARTESIAN_POINT('',(3.17542569366048,-30.002437975556,-3.));
#6693=CARTESIAN_POINT('Origin',(1.58982427010132,-27.251219798286,0.));
#6694=CARTESIAN_POINT('',(-10.8844676128269,-5.6067522372978,-0.15));
#6695=CARTESIAN_POINT('',(1.58982427010132,-27.251219798286,-3.));
#6696=CARTESIAN_POINT('Origin',(1.490116130487E-7,-30.,-3.));
#6697=CARTESIAN_POINT('',(-1.74999985098839,-30.,-3.));
#6698=CARTESIAN_POINT('Origin',(1.49011611938477E-7,-30.,-3.));
#6699=CARTESIAN_POINT('Origin',(1.58560157257077,-22.7512181772699,0.));
#6700=CARTESIAN_POINT('',(1.58560157257077,-22.7512181772699,-0.15));
#6701=CARTESIAN_POINT('',(-1.58982397207809,-22.748780201714,-0.15));
#6702=CARTESIAN_POINT('',(0.772742978615822,-22.750594094181,-0.15));
#6703=CARTESIAN_POINT('',(1.58560157257077,-22.7512181772699,-3.));
#6704=CARTESIAN_POINT('',(1.58560157257077,-22.7512181772699,0.));
#6705=CARTESIAN_POINT('',(-1.58982397207809,-22.748780201714,-3.));
#6706=CARTESIAN_POINT('',(1.58560157257077,-22.7512181772699,-3.));
#6707=CARTESIAN_POINT('',(-1.58982397207809,-22.748780201714,0.));
#6708=CARTESIAN_POINT('Origin',(-1.58982397207809,-22.748780201714,0.));
#6709=CARTESIAN_POINT('',(-12.6937750171655,-3.48202658958189,-0.15));
#6710=CARTESIAN_POINT('',(-1.58982397207809,-22.748780201714,-3.));
#6711=CARTESIAN_POINT('Origin',(-1.58560127454755,-17.2487818227301,0.));
#6712=CARTESIAN_POINT('',(1.58982427010132,-17.251219798286,-3.));
#6713=CARTESIAN_POINT('',(-1.58560127454755,-17.2487818227301,-3.));
#6714=CARTESIAN_POINT('',(1.58982427010132,-17.251219798286,-0.15));
#6715=CARTESIAN_POINT('',(1.58982427010132,-17.251219798286,0.));
#6716=CARTESIAN_POINT('',(-0.810747096178075,-17.2493767274191,-0.15));
#6717=CARTESIAN_POINT('Origin',(3.17542569366048,-20.002437975556,0.));
#6718=CARTESIAN_POINT('',(3.17542569366048,-20.002437975556,-0.15));
#6719=CARTESIAN_POINT('',(13.5045224486198,-2.14359668299899,-0.15));
#6720=CARTESIAN_POINT('',(3.17542569366048,-20.002437975556,-3.));
#6721=CARTESIAN_POINT('',(3.17542569366048,-20.002437975556,0.));
#6722=CARTESIAN_POINT('',(3.17542569366048,-20.002437975556,-3.));
#6723=CARTESIAN_POINT('Origin',(1.58982427010132,-17.251219798286,0.));
#6724=CARTESIAN_POINT('',(-8.72132606320657,0.639924725211038,-0.15));
#6725=CARTESIAN_POINT('',(1.58982427010132,-17.251219798286,-3.));
#6726=CARTESIAN_POINT('Origin',(1.490116130487E-7,-20.,-3.));
#6727=CARTESIAN_POINT('',(-1.74999985098839,-20.,-3.));
#6728=CARTESIAN_POINT('Origin',(1.49011611938477E-7,-20.,-3.));
#6729=CARTESIAN_POINT('Origin',(1.58560157257077,37.2487818227301,0.));
#6730=CARTESIAN_POINT('',(1.58560157257077,37.2487818227301,-0.15));
#6731=CARTESIAN_POINT('',(-1.58982397207809,37.251219798286,-0.15));
#6732=CARTESIAN_POINT('',(0.795775867448509,37.2493882220096,-0.15));
#6733=CARTESIAN_POINT('',(1.58560157257077,37.2487818227301,-3.));
#6734=CARTESIAN_POINT('',(1.58560157257077,37.2487818227301,0.));
#6735=CARTESIAN_POINT('',(-1.58982397207809,37.251219798286,-3.));
#6736=CARTESIAN_POINT('',(1.58560157257077,37.2487818227301,-3.));
#6737=CARTESIAN_POINT('',(-1.58982397207809,37.251219798286,0.));
#6738=CARTESIAN_POINT('Origin',(-1.58982397207809,37.251219798286,0.));
#6739=CARTESIAN_POINT('',(-3.17542539563725,40.002437975556,-0.15));
#6740=CARTESIAN_POINT('',(0.285074280556547,33.9980351854711,-0.15));
#6741=CARTESIAN_POINT('',(-3.17542539563725,40.002437975556,-3.));
#6742=CARTESIAN_POINT('',(-1.58982397207809,37.251219798286,-3.));
#6743=CARTESIAN_POINT('',(-3.17542539563725,40.002437975556,0.));
#6744=CARTESIAN_POINT('Origin',(-3.17542539563725,40.002437975556,0.));
#6745=CARTESIAN_POINT('',(-1.58560127454755,42.7512181772699,-0.15));
#6746=CARTESIAN_POINT('',(-5.05329876668792,36.7556252777263,-0.15));
#6747=CARTESIAN_POINT('',(-1.58560127454755,42.7512181772699,-3.));
#6748=CARTESIAN_POINT('',(-3.17542539563725,40.002437975556,-3.));
#6749=CARTESIAN_POINT('',(-1.58560127454755,42.7512181772699,0.));
#6750=CARTESIAN_POINT('Origin',(-1.58560127454755,42.7512181772699,0.));
#6751=CARTESIAN_POINT('',(1.58982427010132,42.748780201714,-0.15));
#6752=CARTESIAN_POINT('',(-0.787714207345371,42.7506055887715,-0.15));
#6753=CARTESIAN_POINT('',(1.58982427010132,42.748780201714,-3.));
#6754=CARTESIAN_POINT('',(-1.58560127454755,42.7512181772699,-3.));
#6755=CARTESIAN_POINT('',(1.58982427010132,42.748780201714,0.));
#6756=CARTESIAN_POINT('Origin',(3.17542569366047,39.997562024444,0.));
#6757=CARTESIAN_POINT('',(3.17542569366048,39.997562024444,-0.15));
#6758=CARTESIAN_POINT('',(0.502640262064945,35.3763592257574,-0.15));
#6759=CARTESIAN_POINT('',(3.17542569366048,39.997562024444,-3.));
#6760=CARTESIAN_POINT('',(3.17542569366048,39.997562024444,0.));
#6761=CARTESIAN_POINT('',(3.17542569366048,39.997562024444,-3.));
#6762=CARTESIAN_POINT('Origin',(1.58982427010132,42.748780201714,0.));
#6763=CARTESIAN_POINT('',(4.25752323451554,38.1199865002641,-0.15));
#6764=CARTESIAN_POINT('',(1.58982427010132,42.748780201714,-3.));
#6765=CARTESIAN_POINT('Origin',(1.490116130487E-7,40.,-3.));
#6766=CARTESIAN_POINT('',(-1.74999985098839,40.,-3.));
#6767=CARTESIAN_POINT('Origin',(1.49011611938477E-7,40.,-3.));
#6768=CARTESIAN_POINT('Origin',(11.5856015725708,7.24878182273006,0.));
#6769=CARTESIAN_POINT('',(11.5856015725708,7.24878182273006,-0.15));
#6770=CARTESIAN_POINT('',(8.4101760279219,7.25121979828603,-0.15));
#6771=CARTESIAN_POINT('',(5.78426237033372,7.25323587871975,-0.15));
#6772=CARTESIAN_POINT('',(11.5856015725708,7.24878182273006,-3.));
#6773=CARTESIAN_POINT('',(11.5856015725708,7.24878182273006,0.));
#6774=CARTESIAN_POINT('',(8.4101760279219,7.25121979828603,-3.));
#6775=CARTESIAN_POINT('',(11.5856015725708,7.24878182273006,-3.));
#6776=CARTESIAN_POINT('',(8.4101760279219,7.25121979828603,0.));
#6777=CARTESIAN_POINT('Origin',(8.4101760279219,7.25121979828603,0.));
#6778=CARTESIAN_POINT('',(6.82457460436275,10.002437975556,-0.15));
#6779=CARTESIAN_POINT('',(2.54897266918667,17.421145847565,-0.15));
#6780=CARTESIAN_POINT('',(6.82457460436275,10.002437975556,-3.));
#6781=CARTESIAN_POINT('',(8.4101760279219,7.25121979828603,-3.));
#6782=CARTESIAN_POINT('',(6.82457460436275,10.002437975556,0.));
#6783=CARTESIAN_POINT('Origin',(6.82457460436275,10.002437975556,0.));
#6784=CARTESIAN_POINT('',(8.41439872545245,12.7512181772699,-0.15));
#6785=CARTESIAN_POINT('',(10.1943163417967,15.8286669589223,-0.15));
#6786=CARTESIAN_POINT('',(8.41439872545245,12.7512181772699,-3.));
#6787=CARTESIAN_POINT('',(6.82457460436275,10.002437975556,-3.));
#6788=CARTESIAN_POINT('',(8.41439872545245,12.7512181772699,0.));
#6789=CARTESIAN_POINT('Origin',(8.41439872545245,12.7512181772699,0.));
#6790=CARTESIAN_POINT('',(11.5898242701013,12.748780201714,-0.15));
#6791=CARTESIAN_POINT('',(4.20077229553984,12.7544532454816,-0.15));
#6792=CARTESIAN_POINT('',(11.5898242701013,12.748780201714,-3.));
#6793=CARTESIAN_POINT('',(8.41439872545245,12.7512181772699,-3.));
#6794=CARTESIAN_POINT('',(11.5898242701013,12.748780201714,0.));
#6795=CARTESIAN_POINT('Origin',(13.1754256936605,9.99756202444403,0.));
#6796=CARTESIAN_POINT('',(13.1754256936605,9.99756202444403,-0.15));
#6797=CARTESIAN_POINT('',(15.7502553705496,14.4494009069534,-0.15));
#6798=CARTESIAN_POINT('',(13.1754256936605,9.99756202444403,-3.));
#6799=CARTESIAN_POINT('',(13.1754256936605,9.99756202444403,0.));
#6800=CARTESIAN_POINT('',(13.1754256936605,9.99756202444403,-3.));
#6801=CARTESIAN_POINT('Origin',(11.5898242701013,12.748780201714,0.));
#6802=CARTESIAN_POINT('',(6.52142162314564,21.5430971623579,-0.15));
#6803=CARTESIAN_POINT('',(11.5898242701013,12.748780201714,-3.));
#6804=CARTESIAN_POINT('Origin',(10.0000001490116,10.,-3.));
#6805=CARTESIAN_POINT('',(8.25000014901161,10.,-3.));
#6806=CARTESIAN_POINT('Origin',(10.0000001490116,10.,-3.));
#6807=CARTESIAN_POINT('Origin',(21.5856015725708,37.2487818227301,0.));
#6808=CARTESIAN_POINT('',(21.5856015725708,37.2487818227301,-0.15));
#6809=CARTESIAN_POINT('',(18.4101760279219,37.251219798286,-0.15));
#6810=CARTESIAN_POINT('',(10.7957817620516,37.2570658516205,-0.15));
#6811=CARTESIAN_POINT('',(21.5856015725708,37.2487818227301,-3.));
#6812=CARTESIAN_POINT('',(21.5856015725708,37.2487818227301,0.));
#6813=CARTESIAN_POINT('',(18.4101760279219,37.251219798286,-3.));
#6814=CARTESIAN_POINT('',(21.5856015725708,37.2487818227301,-3.));
#6815=CARTESIAN_POINT('',(18.4101760279219,37.251219798286,0.));
#6816=CARTESIAN_POINT('Origin',(18.4101760279219,37.251219798286,0.));
#6817=CARTESIAN_POINT('',(16.8245746043627,40.002437975556,-0.15));
#6818=CARTESIAN_POINT('',(17.7917203555389,38.3243182847118,-0.15));
#6819=CARTESIAN_POINT('',(16.8245746043627,40.002437975556,-3.));
#6820=CARTESIAN_POINT('',(18.4101760279219,37.251219798286,-3.));
#6821=CARTESIAN_POINT('',(16.8245746043627,40.002437975556,0.));
#6822=CARTESIAN_POINT('Origin',(16.8245746043627,40.002437975556,0.));
#6823=CARTESIAN_POINT('',(18.4143987254525,42.7512181772699,-0.15));
#6824=CARTESIAN_POINT('',(12.4400492637266,32.4216645488747,-0.15));
#6825=CARTESIAN_POINT('',(18.4143987254525,42.7512181772699,-3.));
#6826=CARTESIAN_POINT('',(16.8245746043627,40.002437975556,-3.));
#6827=CARTESIAN_POINT('',(18.4143987254525,42.7512181772699,0.));
#6828=CARTESIAN_POINT('Origin',(18.4143987254525,42.7512181772699,0.));
#6829=CARTESIAN_POINT('',(21.5898242701013,42.748780201714,-0.15));
#6830=CARTESIAN_POINT('',(9.21229168725775,42.7582832183824,-0.15));
#6831=CARTESIAN_POINT('',(21.5898242701013,42.748780201714,-3.));
#6832=CARTESIAN_POINT('',(18.4143987254525,42.7512181772699,-3.));
#6833=CARTESIAN_POINT('',(21.5898242701013,42.748780201714,0.));
#6834=CARTESIAN_POINT('Origin',(23.1754256936605,39.997562024444,0.));
#6835=CARTESIAN_POINT('',(23.1754256936605,39.997562024444,-0.15));
#6836=CARTESIAN_POINT('',(17.9959882924795,31.0423984969058,-0.15));
#6837=CARTESIAN_POINT('',(23.1754256936605,39.997562024444,-3.));
#6838=CARTESIAN_POINT('',(23.1754256936605,39.997562024444,0.));
#6839=CARTESIAN_POINT('',(23.1754256936605,39.997562024444,-3.));
#6840=CARTESIAN_POINT('Origin',(21.5898242701013,42.748780201714,0.));
#6841=CARTESIAN_POINT('',(21.7641693094979,42.4462695995048,-0.15));
#6842=CARTESIAN_POINT('',(21.5898242701013,42.748780201714,-3.));
#6843=CARTESIAN_POINT('Origin',(20.0000001490116,40.,-3.));
#6844=CARTESIAN_POINT('',(18.2500001490116,40.,-3.));
#6845=CARTESIAN_POINT('Origin',(20.0000001490116,40.,-3.));
#6846=CARTESIAN_POINT('Origin',(21.5856015725708,-42.7512181772699,0.));
#6847=CARTESIAN_POINT('',(21.5856015725708,-42.7512181772699,-0.15));
#6848=CARTESIAN_POINT('',(18.4101760279219,-42.748780201714,-0.15));
#6849=CARTESIAN_POINT('',(10.765071243608,-42.742910569967,-0.15));
#6850=CARTESIAN_POINT('',(21.5856015725708,-42.7512181772699,-3.));
#6851=CARTESIAN_POINT('',(21.5856015725708,-42.7512181772699,0.));
#6852=CARTESIAN_POINT('',(18.4101760279219,-42.748780201714,-3.));
#6853=CARTESIAN_POINT('',(21.5856015725708,-42.7512181772699,-3.));
#6854=CARTESIAN_POINT('',(18.4101760279219,-42.748780201714,0.));
#6855=CARTESIAN_POINT('Origin',(18.4101760279219,-42.748780201714,0.));
#6856=CARTESIAN_POINT('',(16.8245746043627,-39.997562024444,-0.15));
#6857=CARTESIAN_POINT('',(0.4865879585761,-11.6490974153589,-0.15));
#6858=CARTESIAN_POINT('',(16.8245746043627,-39.997562024444,-3.));
#6859=CARTESIAN_POINT('',(18.4101760279219,-42.748780201714,-3.));
#6860=CARTESIAN_POINT('',(16.8245746043627,-39.997562024444,0.));
#6861=CARTESIAN_POINT('Origin',(16.8245746043627,-39.997562024444,0.));
#6862=CARTESIAN_POINT('',(18.4143987254525,-37.2487818227301,-0.15));
#6863=CARTESIAN_POINT('',(29.775892179133,-17.6049433294671,-0.15));
#6864=CARTESIAN_POINT('',(18.4143987254525,-37.2487818227301,-3.));
#6865=CARTESIAN_POINT('',(16.8245746043627,-39.997562024444,-3.));
#6866=CARTESIAN_POINT('',(18.4143987254525,-37.2487818227301,0.));
#6867=CARTESIAN_POINT('Origin',(18.4143987254525,-37.2487818227301,0.));
#6868=CARTESIAN_POINT('',(21.5898242701013,-37.251219798286,-0.15));
#6869=CARTESIAN_POINT('',(9.18158116881416,-37.2416932032051,-0.15));
#6870=CARTESIAN_POINT('',(21.5898242701013,-37.251219798286,-3.));
#6871=CARTESIAN_POINT('',(18.4143987254525,-37.2487818227301,-3.));
#6872=CARTESIAN_POINT('',(21.5898242701013,-37.251219798286,0.));
#6873=CARTESIAN_POINT('Origin',(23.1754256936605,-40.002437975556,0.));
#6874=CARTESIAN_POINT('',(23.1754256936605,-40.002437975556,-0.15));
#6875=CARTESIAN_POINT('',(35.3318312078859,-18.984209381436,-0.15));
#6876=CARTESIAN_POINT('',(23.1754256936605,-40.002437975556,-3.));
#6877=CARTESIAN_POINT('',(23.1754256936605,-40.002437975556,0.));
#6878=CARTESIAN_POINT('',(23.1754256936605,-40.002437975556,-3.));
#6879=CARTESIAN_POINT('Origin',(21.5898242701013,-37.251219798286,0.));
#6880=CARTESIAN_POINT('',(4.45903691253504,-7.52714610056594,-0.15));
#6881=CARTESIAN_POINT('',(21.5898242701013,-37.251219798286,-3.));
#6882=CARTESIAN_POINT('Origin',(20.0000001490116,-40.,-3.));
#6883=CARTESIAN_POINT('',(18.2500001490116,-40.,-3.));
#6884=CARTESIAN_POINT('Origin',(20.0000001490116,-40.,-3.));
#6885=CARTESIAN_POINT('Ctrl Pts',(0.,40.65,5.));
#6886=CARTESIAN_POINT('Ctrl Pts',(16.,40.65,5.));
#6887=CARTESIAN_POINT('Ctrl Pts',(0.,40.65,4.09595066673984));
#6888=CARTESIAN_POINT('Ctrl Pts',(16.,40.65,4.09595066673984));
#6889=CARTESIAN_POINT('Ctrl Pts',(0.,40.1028202841528,3.10018169549858));
#6890=CARTESIAN_POINT('Ctrl Pts',(16.,40.1028202841528,3.10018169549858));
#6891=CARTESIAN_POINT('Ctrl Pts',(0.,38.9425856304092,2.2479744287525));
#6892=CARTESIAN_POINT('Ctrl Pts',(16.,38.9425856304092,2.2479744287525));
#6893=CARTESIAN_POINT('Ctrl Pts',(0.,37.6743731635234,1.31645607031454));
#6894=CARTESIAN_POINT('Ctrl Pts',(16.,37.6743731635234,1.31645607031454));
#6895=CARTESIAN_POINT('Ctrl Pts',(0.,35.6725329944097,0.575285904522819));
#6896=CARTESIAN_POINT('Ctrl Pts',(16.,35.6725329944097,0.575285904522819));
#6897=CARTESIAN_POINT('Ctrl Pts',(0.,33.5248053606968,0.194353552871654));
#6898=CARTESIAN_POINT('Ctrl Pts',(16.,33.5248053606968,0.194353552871654));
#6899=CARTESIAN_POINT('Ctrl Pts',(0.,32.1765293196684,-0.0447838288530407));
#6900=CARTESIAN_POINT('Ctrl Pts',(16.,32.1765293196684,-0.0447838288530407));
#6901=CARTESIAN_POINT('Ctrl Pts',(0.,30.7882110003576,-0.15));
#6902=CARTESIAN_POINT('Ctrl Pts',(16.,30.7882110003576,-0.15));
#6903=CARTESIAN_POINT('Ctrl Pts',(0.,29.5,-0.15));
#6904=CARTESIAN_POINT('Ctrl Pts',(16.,29.5,-0.15));
#6905=CARTESIAN_POINT('',(16.,29.5,-0.150000000000001));
#6906=CARTESIAN_POINT('',(0.,29.5,-0.15));
#6907=CARTESIAN_POINT('',(16.,40.65,5.));
#6908=CARTESIAN_POINT('Ctrl Pts',(16.,40.65,5.));
#6909=CARTESIAN_POINT('Ctrl Pts',(16.,40.65,4.09595066673984));
#6910=CARTESIAN_POINT('Ctrl Pts',(16.,40.1028202841528,3.10018169549858));
#6911=CARTESIAN_POINT('Ctrl Pts',(16.,38.9425856304092,2.2479744287525));
#6912=CARTESIAN_POINT('Ctrl Pts',(16.,37.6743731635234,1.31645607031454));
#6913=CARTESIAN_POINT('Ctrl Pts',(16.,35.6725329944097,0.575285904522819));
#6914=CARTESIAN_POINT('Ctrl Pts',(16.,33.5248053606968,0.194353552871654));
#6915=CARTESIAN_POINT('Ctrl Pts',(16.,32.1765293196684,-0.0447838288530407));
#6916=CARTESIAN_POINT('Ctrl Pts',(16.,30.7882110003576,-0.15));
#6917=CARTESIAN_POINT('Ctrl Pts',(16.,29.5,-0.15));
#6918=CARTESIAN_POINT('',(0.,40.65,5.));
#6919=CARTESIAN_POINT('',(0.,29.5,-0.15));
#6920=CARTESIAN_POINT('Origin',(10.0000001490116,30.,-3.25));
#6921=CARTESIAN_POINT('',(8.25000014901161,30.,-3.25));
#6922=CARTESIAN_POINT('Origin',(10.0000001490116,10.,-3.25));
#6923=CARTESIAN_POINT('',(8.25000014901161,10.,-3.25));
#6924=CARTESIAN_POINT('Origin',(10.0000001490116,-20.,-3.25));
#6925=CARTESIAN_POINT('',(8.25000014901161,-20.,-3.25));
#6926=CARTESIAN_POINT('Origin',(10.0000001490116,-30.,-3.25));
#6927=CARTESIAN_POINT('',(8.25000014901161,-30.,-3.25));
#6928=CARTESIAN_POINT('Origin',(10.0000001490116,-10.,-3.25));
#6929=CARTESIAN_POINT('',(8.25000014901161,-10.,-3.25));
#6930=CARTESIAN_POINT('Origin',(10.0000001490116,20.,-3.25));
#6931=CARTESIAN_POINT('',(8.25000014901161,20.,-3.25));
#6932=CARTESIAN_POINT('Origin',(10.0000001490116,0.,-3.25));
#6933=CARTESIAN_POINT('',(8.25000014901161,2.14313189850787E-16,-3.25));
#6934=CARTESIAN_POINT('Ctrl Pts',(0.,-29.5,-0.15));
#6935=CARTESIAN_POINT('Ctrl Pts',(16.,-29.5,-0.15));
#6936=CARTESIAN_POINT('Ctrl Pts',(0.,-31.7274440828777,-0.15));
#6937=CARTESIAN_POINT('Ctrl Pts',(16.,-31.7274440828777,-0.15));
#6938=CARTESIAN_POINT('Ctrl Pts',(0.,-34.277242054108,0.190436095109635));
#6939=CARTESIAN_POINT('Ctrl Pts',(16.,-34.277242054108,0.190436095109635));
#6940=CARTESIAN_POINT('Ctrl Pts',(0.,-36.3331737818488,0.922399553470874));
#6941=CARTESIAN_POINT('Ctrl Pts',(16.,-36.3331737818488,0.922399553470874));
#6942=CARTESIAN_POINT('Ctrl Pts',(0.,-38.0633617559375,1.53839003410839));
#6943=CARTESIAN_POINT('Ctrl Pts',(16.,-38.0633617559375,1.53839003410839));
#6944=CARTESIAN_POINT('Ctrl Pts',(0.,-39.3872169879641,2.41163453799737));
#6945=CARTESIAN_POINT('Ctrl Pts',(16.,-39.3872169879641,2.41163453799737));
#6946=CARTESIAN_POINT('Ctrl Pts',(0.,-40.0633950670969,3.33962053315812));
#6947=CARTESIAN_POINT('Ctrl Pts',(16.,-40.0633950670969,3.33962053315812));
#6948=CARTESIAN_POINT('Ctrl Pts',(0.,-40.4658214091571,3.89190996850118));
#6949=CARTESIAN_POINT('Ctrl Pts',(16.,-40.4658214091571,3.89190996850118));
#6950=CARTESIAN_POINT('Ctrl Pts',(0.,-40.65,4.46276085562107));
#6951=CARTESIAN_POINT('Ctrl Pts',(16.,-40.65,4.46276085562107));
#6952=CARTESIAN_POINT('Ctrl Pts',(0.,-40.65,5.));
#6953=CARTESIAN_POINT('Ctrl Pts',(16.,-40.65,5.));
#6954=CARTESIAN_POINT('',(4.,-29.5,-0.150000000000001));
#6955=CARTESIAN_POINT('',(0.,-29.5,-0.15));
#6956=CARTESIAN_POINT('',(4.,-40.65,5.));
#6957=CARTESIAN_POINT('Ctrl Pts',(4.,-29.5,-0.15));
#6958=CARTESIAN_POINT('Ctrl Pts',(4.,-31.7274440828777,-0.15));
#6959=CARTESIAN_POINT('Ctrl Pts',(4.,-34.277242054108,0.190436095109635));
#6960=CARTESIAN_POINT('Ctrl Pts',(4.,-36.3331737818488,0.922399553470874));
#6961=CARTESIAN_POINT('Ctrl Pts',(4.,-38.0633617559375,1.53839003410839));
#6962=CARTESIAN_POINT('Ctrl Pts',(4.,-39.3872169879641,2.41163453799737));
#6963=CARTESIAN_POINT('Ctrl Pts',(4.,-40.0633950670969,3.33962053315812));
#6964=CARTESIAN_POINT('Ctrl Pts',(4.,-40.4658214091571,3.89190996850118));
#6965=CARTESIAN_POINT('Ctrl Pts',(4.,-40.65,4.46276085562107));
#6966=CARTESIAN_POINT('Ctrl Pts',(4.,-40.65,5.));
#6967=CARTESIAN_POINT('',(0.,-40.65,5.));
#6968=CARTESIAN_POINT('',(0.,-29.5,-0.15));
#6969=CARTESIAN_POINT('Origin',(-5.00000007450581,-20.0000005960465,0.));
#6970=CARTESIAN_POINT('',(4.,-11.0000002533197,5.175));
#6971=CARTESIAN_POINT('Origin',(15.0000002235174,-10.0000001490116,0.));
#6972=CARTESIAN_POINT('',(25.0000002235174,-19.9999998509884,0.));
#6973=CARTESIAN_POINT('Origin',(1.49011611938477E-7,20.,0.));
#6974=CARTESIAN_POINT('',(-1.74999985098839,20.,0.));
#6975=CARTESIAN_POINT('Origin',(1.49011611938477E-7,40.,0.));
#6976=CARTESIAN_POINT('',(-1.74999985098839,40.,0.));
#6977=CARTESIAN_POINT('Origin',(20.0000001490116,30.,0.));
#6978=CARTESIAN_POINT('',(18.2500001490116,30.,0.));
#6979=CARTESIAN_POINT('Origin',(20.0000001490116,-30.,0.));
#6980=CARTESIAN_POINT('',(18.2500001490116,-30.,0.));
#6981=CARTESIAN_POINT('Origin',(20.0000001490116,20.,0.));
#6982=CARTESIAN_POINT('',(18.2500001490116,20.,0.));
#6983=CARTESIAN_POINT('Origin',(1.49011611938477E-7,-20.,0.));
#6984=CARTESIAN_POINT('',(-1.74999985098839,-20.,0.));
#6985=CARTESIAN_POINT('Origin',(1.49011611938477E-7,-40.,0.));
#6986=CARTESIAN_POINT('',(-1.74999985098839,-40.,0.));
#6987=CARTESIAN_POINT('Origin',(20.0000001490116,-40.,0.));
#6988=CARTESIAN_POINT('',(18.2500001490116,-40.,0.));
#6989=CARTESIAN_POINT('Origin',(1.49011611938477E-7,-30.,0.));
#6990=CARTESIAN_POINT('',(-1.74999985098839,-30.,0.));
#6991=CARTESIAN_POINT('Origin',(1.49011611938477E-7,30.,0.));
#6992=CARTESIAN_POINT('',(-1.74999985098839,30.,0.));
#6993=CARTESIAN_POINT('Origin',(20.0000001490116,-20.,0.));
#6994=CARTESIAN_POINT('',(18.2500001490116,-20.,0.));
#6995=CARTESIAN_POINT('Origin',(20.0000001490116,40.,0.));
#6996=CARTESIAN_POINT('',(18.2500001490116,40.,0.));
#6997=CARTESIAN_POINT('Origin',(25.0000002235174,-19.9999998509884,0.));
#6998=CARTESIAN_POINT('Origin',(4.,-7.105427357601E-14,10.35));
#6999=CARTESIAN_POINT('Origin',(4.,-7.105427357601E-14,10.35));
#7000=CARTESIAN_POINT('',(4.,-39.5,23.9903952731274));
#7001=CARTESIAN_POINT('',(4.,-39.4999999999997,17.1701976365628));
#7002=CARTESIAN_POINT('',(4.,-40.65,21.6987007459942));
#7003=CARTESIAN_POINT('Ctrl Pts',(4.,-40.65,21.6987007459942));
#7004=CARTESIAN_POINT('Ctrl Pts',(4.,-40.6500626034883,22.2359398867256));
#7005=CARTESIAN_POINT('Ctrl Pts',(4.,-40.4659505340987,22.8068122319619));
#7006=CARTESIAN_POINT('Ctrl Pts',(4.,-40.0635885520417,23.3591485575559));
#7007=CARTESIAN_POINT('Ctrl Pts',(4.,-39.9082025155232,23.5724523891469));
#7008=CARTESIAN_POINT('Ctrl Pts',(4.,-39.7199031094804,23.7842744338413));
#7009=CARTESIAN_POINT('Ctrl Pts',(4.,-39.5,23.9903952731274));
#7010=CARTESIAN_POINT('',(4.,-40.65,7.675));
#7011=CARTESIAN_POINT('',(4.,-2.66453525910038E-14,-0.149999999999999));
#7012=CARTESIAN_POINT('Origin',(16.,-7.105427357601E-14,10.35));
#7013=CARTESIAN_POINT('',(16.,40.65,21.6992579673485));
#7014=CARTESIAN_POINT('Ctrl Pts',(16.,39.5187184726743,23.9731577604652));
#7015=CARTESIAN_POINT('Ctrl Pts',(16.,40.2894112184476,23.2437434807546));
#7016=CARTESIAN_POINT('Ctrl Pts',(16.,40.6500491811062,22.4382563167088));
#7017=CARTESIAN_POINT('Ctrl Pts',(16.,40.65,21.6992579673485));
#7018=CARTESIAN_POINT('',(16.,40.65,5.));
#7019=CARTESIAN_POINT('',(16.,-2.66453525910038E-14,-0.149999999999999));
#7020=CARTESIAN_POINT('Origin',(0.,29.5,-0.15));
#7021=CARTESIAN_POINT('Origin',(0.,-40.65,5.));
#7022=CARTESIAN_POINT('',(0.,-40.65,21.6987007459942));
#7023=CARTESIAN_POINT('Ctrl Pts',(0.,-40.65,21.6987007459942));
#7024=CARTESIAN_POINT('Ctrl Pts',(16.,-40.65,21.6987007459942));
#7025=CARTESIAN_POINT('Ctrl Pts',(0.,-40.6500626034883,22.2359398867256));
#7026=CARTESIAN_POINT('Ctrl Pts',(16.,-40.6500626034883,22.2359398867256));
#7027=CARTESIAN_POINT('Ctrl Pts',(0.,-40.4659505340987,22.8068122319619));
#7028=CARTESIAN_POINT('Ctrl Pts',(16.,-40.4659505340987,22.8068122319619));
#7029=CARTESIAN_POINT('Ctrl Pts',(0.,-40.0635885520417,23.3591485575559));
#7030=CARTESIAN_POINT('Ctrl Pts',(16.,-40.0635885520417,23.3591485575559));
#7031=CARTESIAN_POINT('Ctrl Pts',(0.,-39.9082025155232,23.5724523891469));
#7032=CARTESIAN_POINT('Ctrl Pts',(16.,-39.9082025155232,23.5724523891469));
#7033=CARTESIAN_POINT('Ctrl Pts',(0.,-39.7199031094804,23.7842744338413));
#7034=CARTESIAN_POINT('Ctrl Pts',(16.,-39.7199031094804,23.7842744338413));
#7035=CARTESIAN_POINT('Ctrl Pts',(0.,-39.5,23.9903952731274));
#7036=CARTESIAN_POINT('Ctrl Pts',(16.,-39.5,23.9903952731274));
#7037=CARTESIAN_POINT('',(0.,-39.5,23.9903952731274));
#7038=CARTESIAN_POINT('Origin',(0.,-39.5,23.9903952731274));
#7039=CARTESIAN_POINT('',(0.,-39.5000000000001,26.8499999999998));
#7040=CARTESIAN_POINT('Origin',(0.,-39.5000000000001,26.8499999999998));
#7041=CARTESIAN_POINT('Origin',(0.,40.65,21.6992579673485));
#7042=CARTESIAN_POINT('',(0.,40.65,21.6992579673485));
#7043=CARTESIAN_POINT('Ctrl Pts',(0.,39.5187184726743,23.9731577604652));
#7044=CARTESIAN_POINT('Ctrl Pts',(16.,39.5187184726743,23.9731577604652));
#7045=CARTESIAN_POINT('Ctrl Pts',(0.,40.2894112184476,23.2437434807546));
#7046=CARTESIAN_POINT('Ctrl Pts',(16.,40.2894112184476,23.2437434807546));
#7047=CARTESIAN_POINT('Ctrl Pts',(0.,40.6500491811062,22.4382563167088));
#7048=CARTESIAN_POINT('Ctrl Pts',(16.,40.6500491811062,22.4382563167088));
#7049=CARTESIAN_POINT('Ctrl Pts',(0.,40.65,21.6992579673485));
#7050=CARTESIAN_POINT('Ctrl Pts',(16.,40.65,21.6992579673485));
#7051=UNCERTAINTY_MEASURE_WITH_UNIT(LENGTH_MEASURE(0.01),#7055,
'DISTANCE_ACCURACY_VALUE',
'Maximum model space distance between geometric entities at asserted c
onnectivities');
#7052=UNCERTAINTY_MEASURE_WITH_UNIT(LENGTH_MEASURE(0.01),#7055,
'DISTANCE_ACCURACY_VALUE',
'Maximum model space distance between geometric entities at asserted c
onnectivities');
#7053=(
GEOMETRIC_REPRESENTATION_CONTEXT(3)
GLOBAL_UNCERTAINTY_ASSIGNED_CONTEXT((#7051))
GLOBAL_UNIT_ASSIGNED_CONTEXT((#7055,#7057,#7058))
REPRESENTATION_CONTEXT('','3D')
);
#7054=(
GEOMETRIC_REPRESENTATION_CONTEXT(3)
GLOBAL_UNCERTAINTY_ASSIGNED_CONTEXT((#7052))
GLOBAL_UNIT_ASSIGNED_CONTEXT((#7055,#7057,#7058))
REPRESENTATION_CONTEXT('','3D')
);
#7055=(
LENGTH_UNIT()
NAMED_UNIT(*)
SI_UNIT(.MILLI.,.METRE.)
);
#7056=(
LENGTH_UNIT()
NAMED_UNIT(*)
SI_UNIT($,.METRE.)
);
#7057=(
NAMED_UNIT(*)
PLANE_ANGLE_UNIT()
SI_UNIT($,.RADIAN.)
);
#7058=(
NAMED_UNIT(*)
SI_UNIT($,.STERADIAN.)
SOLID_ANGLE_UNIT()
);
#7059=SHAPE_DEFINITION_REPRESENTATION(#7060,#7061);
#7060=PRODUCT_DEFINITION_SHAPE('',$,#7063);
#7061=SHAPE_REPRESENTATION('',(#4239),#7053);
#7062=PRODUCT_DEFINITION_CONTEXT('part definition',#7067,'design');
#7063=PRODUCT_DEFINITION('2026-04-28-17-31-47-718',
'UGREEN Battery Pack Mount',#7064,#7062);
#7064=PRODUCT_DEFINITION_FORMATION('',$,#7069);
#7065=PRODUCT_RELATED_PRODUCT_CATEGORY('UGREEN Battery Pack Mount',
'UGREEN Battery Pack Mount',(#7069));
#7066=APPLICATION_PROTOCOL_DEFINITION('international standard',
'automotive_design',2009,#7067);
#7067=APPLICATION_CONTEXT(
'Core Data for Automotive Mechanical Design Process');
#7068=PRODUCT_CONTEXT('part definition',#7067,'mechanical');
#7069=PRODUCT('2026-04-28-17-31-47-718','UGREEN Battery Pack Mount',$,(#7068));
#7070=PRESENTATION_STYLE_ASSIGNMENT((#7072));
#7071=PRESENTATION_STYLE_ASSIGNMENT((#7073));
#7072=SURFACE_STYLE_USAGE(.BOTH.,#7074);
#7073=SURFACE_STYLE_USAGE(.BOTH.,#7075);
#7074=SURFACE_SIDE_STYLE('',(#7076));
#7075=SURFACE_SIDE_STYLE('',(#7077));
#7076=SURFACE_STYLE_FILL_AREA(#7078);
#7077=SURFACE_STYLE_FILL_AREA(#7079);
#7078=FILL_AREA_STYLE('Steel - Satin',(#7080));
#7079=FILL_AREA_STYLE('Plastic - Matte (Blue)',(#7081));
#7080=FILL_AREA_STYLE_COLOUR('Steel - Satin',#7082);
#7081=FILL_AREA_STYLE_COLOUR('Plastic - Matte (Blue)',#7083);
#7082=COLOUR_RGB('Steel - Satin',0.627450980392157,0.627450980392157,0.627450980392157);
#7083=COLOUR_RGB('Plastic - Matte (Blue)',0.192156862745098,0.345098039215686,
0.596078431372549);
ENDSEC;
END-ISO-10303-21;
