ISO-10303-21;
HEADER;
/* Generated by software containing ST-Developer
 * from STEP Tools, Inc. (www.steptools.com) 
 */

FILE_DESCRIPTION(
/* description */ (''),
/* implementation_level */ '2;1');

FILE_NAME(
/* name */ 'C1 Lidar Mount.step',
/* time_stamp */ '2026-05-29T14:09:43+01:00',
/* author */ (''),
/* organization */ (''),
/* preprocessor_version */ 'ST-DEVELOPER v20.1',
/* originating_system */ 'Autodesk Translation Framework v15.8.0.0',
/* authorisation */ '');

FILE_SCHEMA (('AUTOMOTIVE_DESIGN { 1 0 10303 214 3 1 1 }'));
ENDSEC;

DATA;
#10=MECHANICAL_DESIGN_GEOMETRIC_PRESENTATION_REPRESENTATION('',(#13),#8164);
#11=SHAPE_REPRESENTATION_RELATIONSHIP('SRR','None',#8171,#12);
#12=ADVANCED_BREP_SHAPE_REPRESENTATION('',(#14),#8163);
#13=STYLED_ITEM('',(#8183),#14);
#14=MANIFOLD_SOLID_BREP('Body6',#4876);
#15=CIRCLE('',#4949,12.2000004470351);
#16=CIRCLE('',#4952,12.2000004470348);
#17=CIRCLE('',#4954,10.2000000000003);
#18=CIRCLE('',#4955,10.2000000000001);
#19=CIRCLE('',#4956,10.1999999999994);
#20=CIRCLE('',#4957,10.2000000000002);
#21=CIRCLE('',#4960,2.);
#22=CIRCLE('',#4961,1.45);
#23=CIRCLE('',#4963,2.);
#24=CIRCLE('',#4965,2.);
#25=CIRCLE('',#4966,1.45);
#26=CIRCLE('',#4968,2.);
#27=CIRCLE('',#4970,2.);
#28=CIRCLE('',#4971,1.45);
#29=CIRCLE('',#4973,2.);
#30=CIRCLE('',#4975,2.);
#31=CIRCLE('',#4976,1.45);
#32=CIRCLE('',#4978,2.);
#33=CIRCLE('',#4984,1.75);
#34=CIRCLE('',#4992,1.75);
#35=CIRCLE('',#5000,1.75);
#36=CIRCLE('',#5008,1.75);
#37=CIRCLE('',#5016,1.75);
#38=CIRCLE('',#5022,1.75);
#39=CIRCLE('',#5028,1.75);
#40=CIRCLE('',#5033,1.75);
#41=CIRCLE('',#5041,1.75);
#42=CIRCLE('',#5046,1.75);
#43=CIRCLE('',#5052,1.75);
#44=CIRCLE('',#5060,1.75);
#45=CIRCLE('',#5067,1.75);
#46=CIRCLE('',#5075,1.75);
#47=CIRCLE('',#5083,1.75);
#48=CIRCLE('',#5091,1.75);
#49=CIRCLE('',#5099,1.75);
#50=CIRCLE('',#5105,1.75);
#51=CIRCLE('',#5109,1.75);
#52=CIRCLE('',#5116,1.75);
#53=CIRCLE('',#5123,1.75);
#54=CIRCLE('',#5125,1.75);
#55=CIRCLE('',#5127,1.75);
#56=CIRCLE('',#5129,1.75);
#57=CIRCLE('',#5131,1.75);
#58=CIRCLE('',#5133,1.75);
#59=CIRCLE('',#5135,1.75);
#60=CIRCLE('',#5137,1.75);
#61=CIRCLE('',#5139,1.75);
#62=CIRCLE('',#5141,1.75);
#63=CIRCLE('',#5143,1.75);
#64=CIRCLE('',#5145,1.75);
#65=CIRCLE('',#5147,1.75);
#66=CIRCLE('',#5149,1.75);
#67=CIRCLE('',#5151,1.75);
#68=CIRCLE('',#5153,1.75);
#69=CIRCLE('',#5155,1.75);
#70=CIRCLE('',#5157,1.75);
#71=CIRCLE('',#5159,1.75);
#72=CIRCLE('',#5161,1.75);
#73=CIRCLE('',#5163,1.75);
#74=CIRCLE('',#5165,1.75);
#75=CIRCLE('',#5168,10.2000000000001);
#76=CIRCLE('',#5171,10.1999999999994);
#77=CIRCLE('',#5174,10.2000000000002);
#78=CIRCLE('',#5179,10.2000000000003);
#79=CIRCLE('',#5181,1.45);
#80=CIRCLE('',#5182,1.45);
#81=CIRCLE('',#5183,1.45);
#82=CIRCLE('',#5184,1.45);
#83=CIRCLE('',#5186,12.2000004470348);
#84=CIRCLE('',#5187,12.2);
#85=CYLINDRICAL_SURFACE('',#4948,12.2000004470351);
#86=CYLINDRICAL_SURFACE('',#4951,12.2000004470348);
#87=CYLINDRICAL_SURFACE('',#4962,2.);
#88=CYLINDRICAL_SURFACE('',#4967,2.);
#89=CYLINDRICAL_SURFACE('',#4972,2.);
#90=CYLINDRICAL_SURFACE('',#4977,2.);
#91=CYLINDRICAL_SURFACE('',#5124,1.75);
#92=CYLINDRICAL_SURFACE('',#5126,1.75);
#93=CYLINDRICAL_SURFACE('',#5128,1.75);
#94=CYLINDRICAL_SURFACE('',#5130,1.75);
#95=CYLINDRICAL_SURFACE('',#5132,1.75);
#96=CYLINDRICAL_SURFACE('',#5134,1.75);
#97=CYLINDRICAL_SURFACE('',#5136,1.75);
#98=CYLINDRICAL_SURFACE('',#5138,1.75);
#99=CYLINDRICAL_SURFACE('',#5140,1.75);
#100=CYLINDRICAL_SURFACE('',#5142,1.75);
#101=CYLINDRICAL_SURFACE('',#5144,1.75);
#102=CYLINDRICAL_SURFACE('',#5146,1.75);
#103=CYLINDRICAL_SURFACE('',#5148,1.75);
#104=CYLINDRICAL_SURFACE('',#5150,1.75);
#105=CYLINDRICAL_SURFACE('',#5152,1.75);
#106=CYLINDRICAL_SURFACE('',#5154,1.75);
#107=CYLINDRICAL_SURFACE('',#5156,1.75);
#108=CYLINDRICAL_SURFACE('',#5158,1.75);
#109=CYLINDRICAL_SURFACE('',#5160,1.75);
#110=CYLINDRICAL_SURFACE('',#5162,1.75);
#111=CYLINDRICAL_SURFACE('',#5164,1.75);
#112=CYLINDRICAL_SURFACE('',#5167,10.2000000000001);
#113=CYLINDRICAL_SURFACE('',#5170,10.1999999999994);
#114=CYLINDRICAL_SURFACE('',#5173,10.2000000000002);
#115=CYLINDRICAL_SURFACE('',#5178,10.2000000000003);
#116=CYLINDRICAL_SURFACE('',#5188,1.45);
#117=CYLINDRICAL_SURFACE('',#5189,1.45);
#118=CYLINDRICAL_SURFACE('',#5190,1.45);
#119=CYLINDRICAL_SURFACE('',#5191,1.45);
#120=CYLINDRICAL_SURFACE('',#5193,12.2);
#121=CYLINDRICAL_SURFACE('',#5195,12.2000004470348);
#122=B_SPLINE_CURVE_WITH_KNOTS('',3,(#6998,#6999,#7000,#7001,#7002,#7003),
 .UNSPECIFIED.,.F.,.F.,(4,1,1,4),(-1.,-0.571428571428571,-0.285714285714286,
0.),.UNSPECIFIED.);
#123=B_SPLINE_CURVE_WITH_KNOTS('',3,(#7005,#7006,#7007,#7008,#7009,#7010,
#7011),.UNSPECIFIED.,.F.,.F.,(4,1,1,1,4),(-1.5707963267949,-1.12199737628207,
-0.673198425769241,-0.448798950512827,1.03759161179921E-15),
 .UNSPECIFIED.);
#124=B_SPLINE_CURVE_WITH_KNOTS('',3,(#7013,#7014,#7015,#7016,#7017,#7018),
 .UNSPECIFIED.,.F.,.F.,(4,1,1,4),(0.,0.285714285714286,0.571428571428571,
1.),.UNSPECIFIED.);
#125=B_SPLINE_CURVE_WITH_KNOTS('',3,(#7019,#7020,#7021,#7022,#7023,#7024,
#7025),.UNSPECIFIED.,.F.,.F.,(4,1,1,1,4),(-1.03759161179921E-15,0.448798950512827,
0.673198425769241,1.12199737628207,1.5707963267949),.UNSPECIFIED.);
#126=B_SPLINE_CURVE_WITH_KNOTS('',3,(#7070,#7071,#7072,#7073,#7074,#7075),
 .UNSPECIFIED.,.F.,.F.,(4,1,1,4),(-1.,-0.571428571428571,-0.285714285714286,
0.),.UNSPECIFIED.);
#127=B_SPLINE_CURVE_WITH_KNOTS('',3,(#7077,#7078,#7079,#7080,#7081,#7082,
#7083),.UNSPECIFIED.,.F.,.F.,(4,1,1,1,4),(-1.5707963267949,-1.12199737628207,
-0.897597901025655,-0.448798950512827,8.67885943246233E-16),
 .UNSPECIFIED.);
#128=B_SPLINE_CURVE_WITH_KNOTS('',3,(#7085,#7086,#7087,#7088,#7089,#7090),
 .UNSPECIFIED.,.F.,.F.,(4,1,1,4),(-1.,-0.571428571428571,-0.285714285714286,
0.),.UNSPECIFIED.);
#129=B_SPLINE_CURVE_WITH_KNOTS('',3,(#7091,#7092,#7093,#7094,#7095,#7096,
#7097),.UNSPECIFIED.,.F.,.F.,(4,1,1,1,4),(-8.67885943246233E-16,0.448798950512827,
0.897597901025655,1.12199737628207,1.5707963267949),.UNSPECIFIED.);
#130=B_SPLINE_CURVE_WITH_KNOTS('',3,(#7124,#7125,#7126,#7127,#7128,#7129),
 .UNSPECIFIED.,.F.,.F.,(4,1,1,4),(-1.,-0.571428571428571,-0.285714285714286,
0.),.UNSPECIFIED.);
#131=B_SPLINE_CURVE_WITH_KNOTS('',3,(#7130,#7131,#7132,#7133),
 .UNSPECIFIED.,.F.,.F.,(4,4),(-3.88578058618805E-16,3.55999999999999),
 .UNSPECIFIED.);
#132=B_SPLINE_CURVE_WITH_KNOTS('',3,(#7134,#7135,#7136,#7137),
 .UNSPECIFIED.,.F.,.F.,(4,4),(-3.55999999999999,3.88578058618805E-16),
 .UNSPECIFIED.);
#133=B_SPLINE_CURVE_WITH_KNOTS('',3,(#7163,#7164,#7165,#7166),
 .UNSPECIFIED.,.F.,.F.,(4,4),(-3.33066907387547E-16,3.56),.UNSPECIFIED.);
#134=B_SPLINE_CURVE_WITH_KNOTS('',3,(#7168,#7169,#7170,#7171,#7172,#7173),
 .UNSPECIFIED.,.F.,.F.,(4,1,1,4),(-1.,-0.571428571428571,-0.285714285714286,
0.),.UNSPECIFIED.);
#135=B_SPLINE_CURVE_WITH_KNOTS('',3,(#7174,#7175,#7176,#7177),
 .UNSPECIFIED.,.F.,.F.,(4,4),(-3.56,3.33066907387547E-16),.UNSPECIFIED.);
#136=B_SPLINE_CURVE_WITH_KNOTS('',3,(#7222,#7223,#7224,#7225,#7226,#7227),
 .UNSPECIFIED.,.F.,.F.,(4,1,1,4),(-1.,-0.571428571428571,-0.285714285714286,
0.),.UNSPECIFIED.);
#137=B_SPLINE_CURVE_WITH_KNOTS('',3,(#7228,#7229,#7230,#7231,#7232,#7233,
#7234),.UNSPECIFIED.,.F.,.F.,(4,1,1,1,4),(-1.57079632679489,-1.12199737628207,
-0.897597901025654,-0.448798950512827,2.77555756156289E-17),
 .UNSPECIFIED.);
#138=B_SPLINE_CURVE_WITH_KNOTS('',3,(#7235,#7236,#7237,#7238,#7239,#7240,
#7241),.UNSPECIFIED.,.F.,.F.,(4,1,1,1,4),(-2.77555756156289E-17,0.448798950512827,
0.897597901025654,1.12199737628207,1.57079632679489),.UNSPECIFIED.);
#139=B_SPLINE_CURVE_WITH_KNOTS('',3,(#7285,#7286,#7287,#7288,#7289,#7290,
#7291),.UNSPECIFIED.,.F.,.F.,(4,1,1,1,4),(-1.5707963267949,-1.12199737628207,
-0.673198425769241,-0.448798950512828,1.39589608898557E-33),
 .UNSPECIFIED.);
#140=B_SPLINE_CURVE_WITH_KNOTS('',3,(#7293,#7294,#7295,#7296,#7297,#7298),
 .UNSPECIFIED.,.F.,.F.,(4,1,1,4),(-1.,-0.571428571428571,-0.285714285714286,
0.),.UNSPECIFIED.);
#141=B_SPLINE_CURVE_WITH_KNOTS('',3,(#7299,#7300,#7301,#7302,#7303,#7304,
#7305),.UNSPECIFIED.,.F.,.F.,(4,1,1,1,4),(-1.39589608898557E-33,0.448798950512828,
0.673198425769241,1.12199737628207,1.5707963267949),.UNSPECIFIED.);
#142=B_SPLINE_CURVE_WITH_KNOTS('',3,(#7331,#7332,#7333,#7334),
 .UNSPECIFIED.,.F.,.F.,(4,4),(-1.29,8.27481244832122E-16),.UNSPECIFIED.);
#143=B_SPLINE_CURVE_WITH_KNOTS('',3,(#7336,#7337,#7338,#7339,#7340,#7341,
#7342),.UNSPECIFIED.,.F.,.F.,(4,3,4),(0.,0.104006127063016,0.194245047695253),
 .UNSPECIFIED.);
#144=B_SPLINE_CURVE_WITH_KNOTS('',3,(#7344,#7345,#7346,#7347,#7348,#7349),
 .UNSPECIFIED.,.F.,.F.,(4,2,4),(2.36000000000002,2.61120002458693,3.34000000000002),
 .UNSPECIFIED.);
#145=B_SPLINE_CURVE_WITH_KNOTS('',3,(#7351,#7352,#7353,#7354,#7355,#7356,
#7357),.UNSPECIFIED.,.F.,.F.,(4,3,4),(0.0530480635723743,0.212728688094165,
0.396770819883385),.UNSPECIFIED.);
#146=B_SPLINE_CURVE_WITH_KNOTS('',3,(#7358,#7359,#7360,#7361),
 .UNSPECIFIED.,.F.,.F.,(4,4),(2.27,3.55999999999997),.UNSPECIFIED.);
#147=B_SPLINE_CURVE_WITH_KNOTS('',3,(#7362,#7363,#7364,#7365),
 .UNSPECIFIED.,.F.,.F.,(4,4),(-3.55999999999997,8.27481244832122E-16),
 .UNSPECIFIED.);
#148=B_SPLINE_CURVE_WITH_KNOTS('',3,(#7390,#7391,#7392,#7393),
 .UNSPECIFIED.,.F.,.F.,(4,4),(-3.33066907387547E-16,3.56),.UNSPECIFIED.);
#149=B_SPLINE_CURVE_WITH_KNOTS('',3,(#7394,#7395,#7396,#7397),
 .UNSPECIFIED.,.F.,.F.,(4,4),(-3.56,3.33066907387547E-16),.UNSPECIFIED.);
#150=B_SPLINE_SURFACE_WITH_KNOTS('',3,3,((#6954,#6955,#6956,#6957,#6958,
#6959,#6960),(#6961,#6962,#6963,#6964,#6965,#6966,#6967),(#6968,#6969,#6970,
#6971,#6972,#6973,#6974),(#6975,#6976,#6977,#6978,#6979,#6980,#6981),(#6982,
#6983,#6984,#6985,#6986,#6987,#6988),(#6989,#6990,#6991,#6992,#6993,#6994,
#6995)),.UNSPECIFIED.,.F.,.F.,.F.,(4,1,1,4),(4,1,1,1,4),(0.,0.285714285714286,
0.571428571428571,1.),(-1.03759161179921E-15,0.448798950512827,0.673198425769241,
1.12199737628207,1.5707963267949),.UNSPECIFIED.);
#151=B_SPLINE_SURFACE_WITH_KNOTS('',3,3,((#7026,#7027,#7028,#7029,#7030,
#7031,#7032),(#7033,#7034,#7035,#7036,#7037,#7038,#7039),(#7040,#7041,#7042,
#7043,#7044,#7045,#7046),(#7047,#7048,#7049,#7050,#7051,#7052,#7053),(#7054,
#7055,#7056,#7057,#7058,#7059,#7060),(#7061,#7062,#7063,#7064,#7065,#7066,
#7067)),.UNSPECIFIED.,.F.,.F.,.F.,(4,1,1,4),(4,1,1,1,4),(0.,0.285714285714286,
0.571428571428571,1.),(-8.67885943246233E-16,0.448798950512827,0.897597901025655,
1.12199737628207,1.5707963267949),.UNSPECIFIED.);
#152=B_SPLINE_SURFACE_WITH_KNOTS('',3,3,((#7098,#7099,#7100,#7101),(#7102,
#7103,#7104,#7105),(#7106,#7107,#7108,#7109),(#7110,#7111,#7112,#7113),
(#7114,#7115,#7116,#7117),(#7118,#7119,#7120,#7121)),.UNSPECIFIED.,.F.,
 .F.,.F.,(4,1,1,4),(4,4),(0.,0.285714285714286,0.571428571428571,1.),(-3.55999999999999,
3.88578058618805E-16),.UNSPECIFIED.);
#153=B_SPLINE_SURFACE_WITH_KNOTS('',3,3,((#7138,#7139,#7140,#7141),(#7142,
#7143,#7144,#7145),(#7146,#7147,#7148,#7149),(#7150,#7151,#7152,#7153),
(#7154,#7155,#7156,#7157),(#7158,#7159,#7160,#7161)),.UNSPECIFIED.,.F.,
 .F.,.F.,(4,1,1,4),(4,4),(0.,0.285714285714286,0.571428571428571,1.),(-3.56,
3.33066907387547E-16),.UNSPECIFIED.);
#154=B_SPLINE_SURFACE_WITH_KNOTS('',3,3,((#7178,#7179,#7180,#7181,#7182,
#7183,#7184),(#7185,#7186,#7187,#7188,#7189,#7190,#7191),(#7192,#7193,#7194,
#7195,#7196,#7197,#7198),(#7199,#7200,#7201,#7202,#7203,#7204,#7205),(#7206,
#7207,#7208,#7209,#7210,#7211,#7212),(#7213,#7214,#7215,#7216,#7217,#7218,
#7219)),.UNSPECIFIED.,.F.,.F.,.F.,(4,1,1,4),(4,1,1,1,4),(0.,0.285714285714286,
0.571428571428571,1.),(-2.77555756156289E-17,0.448798950512827,0.897597901025654,
1.12199737628207,1.57079632679489),.UNSPECIFIED.);
#155=B_SPLINE_SURFACE_WITH_KNOTS('',3,3,((#7242,#7243,#7244,#7245,#7246,
#7247,#7248),(#7249,#7250,#7251,#7252,#7253,#7254,#7255),(#7256,#7257,#7258,
#7259,#7260,#7261,#7262),(#7263,#7264,#7265,#7266,#7267,#7268,#7269),(#7270,
#7271,#7272,#7273,#7274,#7275,#7276),(#7277,#7278,#7279,#7280,#7281,#7282,
#7283)),.UNSPECIFIED.,.F.,.F.,.F.,(4,1,1,4),(4,1,1,1,4),(0.,0.285714285714286,
0.571428571428571,1.),(-1.39589608898557E-33,0.448798950512828,0.673198425769241,
1.12199737628207,1.5707963267949),.UNSPECIFIED.);
#156=B_SPLINE_SURFACE_WITH_KNOTS('',3,3,((#7306,#7307,#7308,#7309),(#7310,
#7311,#7312,#7313),(#7314,#7315,#7316,#7317),(#7318,#7319,#7320,#7321),
(#7322,#7323,#7324,#7325),(#7326,#7327,#7328,#7329)),.UNSPECIFIED.,.F.,
 .F.,.F.,(4,1,1,4),(4,4),(0.,0.285714285714286,0.571428571428571,1.),(-3.55999999999997,
8.27481244832122E-16),.UNSPECIFIED.);
#157=B_SPLINE_SURFACE_WITH_KNOTS('',3,3,((#7366,#7367,#7368,#7369),(#7370,
#7371,#7372,#7373),(#7374,#7375,#7376,#7377),(#7378,#7379,#7380,#7381),
(#7382,#7383,#7384,#7385),(#7386,#7387,#7388,#7389)),.UNSPECIFIED.,.F.,
 .F.,.F.,(4,1,1,4),(4,4),(0.,0.285714285714286,0.571428571428571,1.),(-3.56,
3.33066907387547E-16),.UNSPECIFIED.);
#158=FACE_BOUND('',#516,.T.);
#159=FACE_BOUND('',#517,.T.);
#160=FACE_BOUND('',#519,.T.);
#161=FACE_BOUND('',#520,.T.);
#162=FACE_BOUND('',#537,.T.);
#163=FACE_BOUND('',#540,.T.);
#164=FACE_BOUND('',#543,.T.);
#165=FACE_BOUND('',#546,.T.);
#166=FACE_BOUND('',#553,.T.);
#167=FACE_BOUND('',#561,.T.);
#168=FACE_BOUND('',#569,.T.);
#169=FACE_BOUND('',#577,.T.);
#170=FACE_BOUND('',#585,.T.);
#171=FACE_BOUND('',#591,.T.);
#172=FACE_BOUND('',#597,.T.);
#173=FACE_BOUND('',#602,.T.);
#174=FACE_BOUND('',#610,.T.);
#175=FACE_BOUND('',#615,.T.);
#176=FACE_BOUND('',#621,.T.);
#177=FACE_BOUND('',#629,.T.);
#178=FACE_BOUND('',#636,.T.);
#179=FACE_BOUND('',#644,.T.);
#180=FACE_BOUND('',#652,.T.);
#181=FACE_BOUND('',#660,.T.);
#182=FACE_BOUND('',#668,.T.);
#183=FACE_BOUND('',#674,.T.);
#184=FACE_BOUND('',#678,.T.);
#185=FACE_BOUND('',#685,.T.);
#186=FACE_BOUND('',#692,.T.);
#187=FACE_BOUND('',#725,.T.);
#188=FACE_BOUND('',#726,.T.);
#189=FACE_BOUND('',#727,.T.);
#190=FACE_BOUND('',#728,.T.);
#191=FACE_BOUND('',#729,.T.);
#192=FACE_BOUND('',#731,.T.);
#193=FACE_BOUND('',#732,.T.);
#194=FACE_BOUND('',#733,.T.);
#195=FACE_BOUND('',#734,.T.);
#196=FACE_BOUND('',#735,.T.);
#197=FACE_BOUND('',#736,.T.);
#198=FACE_BOUND('',#737,.T.);
#199=FACE_BOUND('',#738,.T.);
#200=FACE_BOUND('',#739,.T.);
#201=FACE_BOUND('',#740,.T.);
#202=FACE_BOUND('',#741,.T.);
#203=FACE_BOUND('',#742,.T.);
#204=FACE_BOUND('',#743,.T.);
#205=FACE_BOUND('',#744,.T.);
#206=FACE_BOUND('',#745,.T.);
#207=FACE_BOUND('',#746,.T.);
#208=FACE_BOUND('',#747,.T.);
#209=FACE_BOUND('',#748,.T.);
#210=FACE_BOUND('',#749,.T.);
#211=FACE_BOUND('',#750,.T.);
#212=FACE_BOUND('',#751,.T.);
#213=FACE_BOUND('',#752,.T.);
#214=FACE_BOUND('',#753,.T.);
#215=FACE_BOUND('',#754,.T.);
#216=FACE_BOUND('',#755,.T.);
#217=FACE_OUTER_BOUND('',#461,.T.);
#218=FACE_OUTER_BOUND('',#462,.T.);
#219=FACE_OUTER_BOUND('',#463,.T.);
#220=FACE_OUTER_BOUND('',#464,.T.);
#221=FACE_OUTER_BOUND('',#465,.T.);
#222=FACE_OUTER_BOUND('',#466,.T.);
#223=FACE_OUTER_BOUND('',#467,.T.);
#224=FACE_OUTER_BOUND('',#468,.T.);
#225=FACE_OUTER_BOUND('',#469,.T.);
#226=FACE_OUTER_BOUND('',#470,.T.);
#227=FACE_OUTER_BOUND('',#471,.T.);
#228=FACE_OUTER_BOUND('',#472,.T.);
#229=FACE_OUTER_BOUND('',#473,.T.);
#230=FACE_OUTER_BOUND('',#474,.T.);
#231=FACE_OUTER_BOUND('',#475,.T.);
#232=FACE_OUTER_BOUND('',#476,.T.);
#233=FACE_OUTER_BOUND('',#477,.T.);
#234=FACE_OUTER_BOUND('',#478,.T.);
#235=FACE_OUTER_BOUND('',#479,.T.);
#236=FACE_OUTER_BOUND('',#480,.T.);
#237=FACE_OUTER_BOUND('',#481,.T.);
#238=FACE_OUTER_BOUND('',#482,.T.);
#239=FACE_OUTER_BOUND('',#483,.T.);
#240=FACE_OUTER_BOUND('',#484,.T.);
#241=FACE_OUTER_BOUND('',#485,.T.);
#242=FACE_OUTER_BOUND('',#486,.T.);
#243=FACE_OUTER_BOUND('',#487,.T.);
#244=FACE_OUTER_BOUND('',#488,.T.);
#245=FACE_OUTER_BOUND('',#489,.T.);
#246=FACE_OUTER_BOUND('',#490,.T.);
#247=FACE_OUTER_BOUND('',#491,.T.);
#248=FACE_OUTER_BOUND('',#492,.T.);
#249=FACE_OUTER_BOUND('',#493,.T.);
#250=FACE_OUTER_BOUND('',#494,.T.);
#251=FACE_OUTER_BOUND('',#495,.T.);
#252=FACE_OUTER_BOUND('',#496,.T.);
#253=FACE_OUTER_BOUND('',#497,.T.);
#254=FACE_OUTER_BOUND('',#498,.T.);
#255=FACE_OUTER_BOUND('',#499,.T.);
#256=FACE_OUTER_BOUND('',#500,.T.);
#257=FACE_OUTER_BOUND('',#501,.T.);
#258=FACE_OUTER_BOUND('',#502,.T.);
#259=FACE_OUTER_BOUND('',#503,.T.);
#260=FACE_OUTER_BOUND('',#504,.T.);
#261=FACE_OUTER_BOUND('',#505,.T.);
#262=FACE_OUTER_BOUND('',#506,.T.);
#263=FACE_OUTER_BOUND('',#507,.T.);
#264=FACE_OUTER_BOUND('',#508,.T.);
#265=FACE_OUTER_BOUND('',#509,.T.);
#266=FACE_OUTER_BOUND('',#510,.T.);
#267=FACE_OUTER_BOUND('',#511,.T.);
#268=FACE_OUTER_BOUND('',#512,.T.);
#269=FACE_OUTER_BOUND('',#513,.T.);
#270=FACE_OUTER_BOUND('',#514,.T.);
#271=FACE_OUTER_BOUND('',#515,.T.);
#272=FACE_OUTER_BOUND('',#518,.T.);
#273=FACE_OUTER_BOUND('',#521,.T.);
#274=FACE_OUTER_BOUND('',#522,.T.);
#275=FACE_OUTER_BOUND('',#523,.T.);
#276=FACE_OUTER_BOUND('',#524,.T.);
#277=FACE_OUTER_BOUND('',#525,.T.);
#278=FACE_OUTER_BOUND('',#526,.T.);
#279=FACE_OUTER_BOUND('',#527,.T.);
#280=FACE_OUTER_BOUND('',#528,.T.);
#281=FACE_OUTER_BOUND('',#529,.T.);
#282=FACE_OUTER_BOUND('',#530,.T.);
#283=FACE_OUTER_BOUND('',#531,.T.);
#284=FACE_OUTER_BOUND('',#532,.T.);
#285=FACE_OUTER_BOUND('',#533,.T.);
#286=FACE_OUTER_BOUND('',#534,.T.);
#287=FACE_OUTER_BOUND('',#535,.T.);
#288=FACE_OUTER_BOUND('',#536,.T.);
#289=FACE_OUTER_BOUND('',#538,.T.);
#290=FACE_OUTER_BOUND('',#539,.T.);
#291=FACE_OUTER_BOUND('',#541,.T.);
#292=FACE_OUTER_BOUND('',#542,.T.);
#293=FACE_OUTER_BOUND('',#544,.T.);
#294=FACE_OUTER_BOUND('',#545,.T.);
#295=FACE_OUTER_BOUND('',#547,.T.);
#296=FACE_OUTER_BOUND('',#548,.T.);
#297=FACE_OUTER_BOUND('',#549,.T.);
#298=FACE_OUTER_BOUND('',#550,.T.);
#299=FACE_OUTER_BOUND('',#551,.T.);
#300=FACE_OUTER_BOUND('',#552,.T.);
#301=FACE_OUTER_BOUND('',#554,.T.);
#302=FACE_OUTER_BOUND('',#555,.T.);
#303=FACE_OUTER_BOUND('',#556,.T.);
#304=FACE_OUTER_BOUND('',#557,.T.);
#305=FACE_OUTER_BOUND('',#558,.T.);
#306=FACE_OUTER_BOUND('',#559,.T.);
#307=FACE_OUTER_BOUND('',#560,.T.);
#308=FACE_OUTER_BOUND('',#562,.T.);
#309=FACE_OUTER_BOUND('',#563,.T.);
#310=FACE_OUTER_BOUND('',#564,.T.);
#311=FACE_OUTER_BOUND('',#565,.T.);
#312=FACE_OUTER_BOUND('',#566,.T.);
#313=FACE_OUTER_BOUND('',#567,.T.);
#314=FACE_OUTER_BOUND('',#568,.T.);
#315=FACE_OUTER_BOUND('',#570,.T.);
#316=FACE_OUTER_BOUND('',#571,.T.);
#317=FACE_OUTER_BOUND('',#572,.T.);
#318=FACE_OUTER_BOUND('',#573,.T.);
#319=FACE_OUTER_BOUND('',#574,.T.);
#320=FACE_OUTER_BOUND('',#575,.T.);
#321=FACE_OUTER_BOUND('',#576,.T.);
#322=FACE_OUTER_BOUND('',#578,.T.);
#323=FACE_OUTER_BOUND('',#579,.T.);
#324=FACE_OUTER_BOUND('',#580,.T.);
#325=FACE_OUTER_BOUND('',#581,.T.);
#326=FACE_OUTER_BOUND('',#582,.T.);
#327=FACE_OUTER_BOUND('',#583,.T.);
#328=FACE_OUTER_BOUND('',#584,.T.);
#329=FACE_OUTER_BOUND('',#586,.T.);
#330=FACE_OUTER_BOUND('',#587,.T.);
#331=FACE_OUTER_BOUND('',#588,.T.);
#332=FACE_OUTER_BOUND('',#589,.T.);
#333=FACE_OUTER_BOUND('',#590,.T.);
#334=FACE_OUTER_BOUND('',#592,.T.);
#335=FACE_OUTER_BOUND('',#593,.T.);
#336=FACE_OUTER_BOUND('',#594,.T.);
#337=FACE_OUTER_BOUND('',#595,.T.);
#338=FACE_OUTER_BOUND('',#596,.T.);
#339=FACE_OUTER_BOUND('',#598,.T.);
#340=FACE_OUTER_BOUND('',#599,.T.);
#341=FACE_OUTER_BOUND('',#600,.T.);
#342=FACE_OUTER_BOUND('',#601,.T.);
#343=FACE_OUTER_BOUND('',#603,.T.);
#344=FACE_OUTER_BOUND('',#604,.T.);
#345=FACE_OUTER_BOUND('',#605,.T.);
#346=FACE_OUTER_BOUND('',#606,.T.);
#347=FACE_OUTER_BOUND('',#607,.T.);
#348=FACE_OUTER_BOUND('',#608,.T.);
#349=FACE_OUTER_BOUND('',#609,.T.);
#350=FACE_OUTER_BOUND('',#611,.T.);
#351=FACE_OUTER_BOUND('',#612,.T.);
#352=FACE_OUTER_BOUND('',#613,.T.);
#353=FACE_OUTER_BOUND('',#614,.T.);
#354=FACE_OUTER_BOUND('',#616,.T.);
#355=FACE_OUTER_BOUND('',#617,.T.);
#356=FACE_OUTER_BOUND('',#618,.T.);
#357=FACE_OUTER_BOUND('',#619,.T.);
#358=FACE_OUTER_BOUND('',#620,.T.);
#359=FACE_OUTER_BOUND('',#622,.T.);
#360=FACE_OUTER_BOUND('',#623,.T.);
#361=FACE_OUTER_BOUND('',#624,.T.);
#362=FACE_OUTER_BOUND('',#625,.T.);
#363=FACE_OUTER_BOUND('',#626,.T.);
#364=FACE_OUTER_BOUND('',#627,.T.);
#365=FACE_OUTER_BOUND('',#628,.T.);
#366=FACE_OUTER_BOUND('',#630,.T.);
#367=FACE_OUTER_BOUND('',#631,.T.);
#368=FACE_OUTER_BOUND('',#632,.T.);
#369=FACE_OUTER_BOUND('',#633,.T.);
#370=FACE_OUTER_BOUND('',#634,.T.);
#371=FACE_OUTER_BOUND('',#635,.T.);
#372=FACE_OUTER_BOUND('',#637,.T.);
#373=FACE_OUTER_BOUND('',#638,.T.);
#374=FACE_OUTER_BOUND('',#639,.T.);
#375=FACE_OUTER_BOUND('',#640,.T.);
#376=FACE_OUTER_BOUND('',#641,.T.);
#377=FACE_OUTER_BOUND('',#642,.T.);
#378=FACE_OUTER_BOUND('',#643,.T.);
#379=FACE_OUTER_BOUND('',#645,.T.);
#380=FACE_OUTER_BOUND('',#646,.T.);
#381=FACE_OUTER_BOUND('',#647,.T.);
#382=FACE_OUTER_BOUND('',#648,.T.);
#383=FACE_OUTER_BOUND('',#649,.T.);
#384=FACE_OUTER_BOUND('',#650,.T.);
#385=FACE_OUTER_BOUND('',#651,.T.);
#386=FACE_OUTER_BOUND('',#653,.T.);
#387=FACE_OUTER_BOUND('',#654,.T.);
#388=FACE_OUTER_BOUND('',#655,.T.);
#389=FACE_OUTER_BOUND('',#656,.T.);
#390=FACE_OUTER_BOUND('',#657,.T.);
#391=FACE_OUTER_BOUND('',#658,.T.);
#392=FACE_OUTER_BOUND('',#659,.T.);
#393=FACE_OUTER_BOUND('',#661,.T.);
#394=FACE_OUTER_BOUND('',#662,.T.);
#395=FACE_OUTER_BOUND('',#663,.T.);
#396=FACE_OUTER_BOUND('',#664,.T.);
#397=FACE_OUTER_BOUND('',#665,.T.);
#398=FACE_OUTER_BOUND('',#666,.T.);
#399=FACE_OUTER_BOUND('',#667,.T.);
#400=FACE_OUTER_BOUND('',#669,.T.);
#401=FACE_OUTER_BOUND('',#670,.T.);
#402=FACE_OUTER_BOUND('',#671,.T.);
#403=FACE_OUTER_BOUND('',#672,.T.);
#404=FACE_OUTER_BOUND('',#673,.T.);
#405=FACE_OUTER_BOUND('',#675,.T.);
#406=FACE_OUTER_BOUND('',#676,.T.);
#407=FACE_OUTER_BOUND('',#677,.T.);
#408=FACE_OUTER_BOUND('',#679,.T.);
#409=FACE_OUTER_BOUND('',#680,.T.);
#410=FACE_OUTER_BOUND('',#681,.T.);
#411=FACE_OUTER_BOUND('',#682,.T.);
#412=FACE_OUTER_BOUND('',#683,.T.);
#413=FACE_OUTER_BOUND('',#684,.T.);
#414=FACE_OUTER_BOUND('',#686,.T.);
#415=FACE_OUTER_BOUND('',#687,.T.);
#416=FACE_OUTER_BOUND('',#688,.T.);
#417=FACE_OUTER_BOUND('',#689,.T.);
#418=FACE_OUTER_BOUND('',#690,.T.);
#419=FACE_OUTER_BOUND('',#691,.T.);
#420=FACE_OUTER_BOUND('',#693,.T.);
#421=FACE_OUTER_BOUND('',#694,.T.);
#422=FACE_OUTER_BOUND('',#695,.T.);
#423=FACE_OUTER_BOUND('',#696,.T.);
#424=FACE_OUTER_BOUND('',#697,.T.);
#425=FACE_OUTER_BOUND('',#698,.T.);
#426=FACE_OUTER_BOUND('',#699,.T.);
#427=FACE_OUTER_BOUND('',#700,.T.);
#428=FACE_OUTER_BOUND('',#701,.T.);
#429=FACE_OUTER_BOUND('',#702,.T.);
#430=FACE_OUTER_BOUND('',#703,.T.);
#431=FACE_OUTER_BOUND('',#704,.T.);
#432=FACE_OUTER_BOUND('',#705,.T.);
#433=FACE_OUTER_BOUND('',#706,.T.);
#434=FACE_OUTER_BOUND('',#707,.T.);
#435=FACE_OUTER_BOUND('',#708,.T.);
#436=FACE_OUTER_BOUND('',#709,.T.);
#437=FACE_OUTER_BOUND('',#710,.T.);
#438=FACE_OUTER_BOUND('',#711,.T.);
#439=FACE_OUTER_BOUND('',#712,.T.);
#440=FACE_OUTER_BOUND('',#713,.T.);
#441=FACE_OUTER_BOUND('',#714,.T.);
#442=FACE_OUTER_BOUND('',#715,.T.);
#443=FACE_OUTER_BOUND('',#716,.T.);
#444=FACE_OUTER_BOUND('',#717,.T.);
#445=FACE_OUTER_BOUND('',#718,.T.);
#446=FACE_OUTER_BOUND('',#719,.T.);
#447=FACE_OUTER_BOUND('',#720,.T.);
#448=FACE_OUTER_BOUND('',#721,.T.);
#449=FACE_OUTER_BOUND('',#722,.T.);
#450=FACE_OUTER_BOUND('',#723,.T.);
#451=FACE_OUTER_BOUND('',#724,.T.);
#452=FACE_OUTER_BOUND('',#730,.T.);
#453=FACE_OUTER_BOUND('',#756,.T.);
#454=FACE_OUTER_BOUND('',#757,.T.);
#455=FACE_OUTER_BOUND('',#758,.T.);
#456=FACE_OUTER_BOUND('',#759,.T.);
#457=FACE_OUTER_BOUND('',#760,.T.);
#458=FACE_OUTER_BOUND('',#761,.T.);
#459=FACE_OUTER_BOUND('',#762,.T.);
#460=FACE_OUTER_BOUND('',#763,.T.);
#461=EDGE_LOOP('',(#3067,#3068,#3069,#3070,#3071,#3072,#3073,#3074,#3075,
#3076,#3077,#3078,#3079,#3080,#3081,#3082,#3083,#3084,#3085,#3086,#3087,
#3088,#3089,#3090,#3091,#3092,#3093,#3094,#3095,#3096,#3097,#3098,#3099,
#3100,#3101,#3102,#3103,#3104,#3105,#3106,#3107,#3108,#3109,#3110));
#462=EDGE_LOOP('',(#3111,#3112,#3113,#3114));
#463=EDGE_LOOP('',(#3115,#3116,#3117,#3118));
#464=EDGE_LOOP('',(#3119,#3120,#3121,#3122));
#465=EDGE_LOOP('',(#3123,#3124,#3125,#3126));
#466=EDGE_LOOP('',(#3127,#3128,#3129,#3130));
#467=EDGE_LOOP('',(#3131,#3132,#3133,#3134));
#468=EDGE_LOOP('',(#3135,#3136,#3137,#3138));
#469=EDGE_LOOP('',(#3139,#3140,#3141,#3142));
#470=EDGE_LOOP('',(#3143,#3144,#3145,#3146));
#471=EDGE_LOOP('',(#3147,#3148,#3149,#3150));
#472=EDGE_LOOP('',(#3151,#3152,#3153,#3154));
#473=EDGE_LOOP('',(#3155,#3156,#3157,#3158));
#474=EDGE_LOOP('',(#3159,#3160,#3161,#3162));
#475=EDGE_LOOP('',(#3163,#3164,#3165,#3166));
#476=EDGE_LOOP('',(#3167,#3168,#3169,#3170,#3171,#3172,#3173,#3174,#3175,
#3176,#3177,#3178,#3179,#3180,#3181,#3182,#3183,#3184,#3185,#3186,#3187,
#3188,#3189,#3190,#3191,#3192,#3193,#3194,#3195,#3196,#3197,#3198,#3199,
#3200,#3201,#3202,#3203,#3204,#3205,#3206,#3207,#3208,#3209,#3210));
#477=EDGE_LOOP('',(#3211,#3212,#3213,#3214));
#478=EDGE_LOOP('',(#3215,#3216,#3217,#3218));
#479=EDGE_LOOP('',(#3219,#3220,#3221,#3222));
#480=EDGE_LOOP('',(#3223,#3224,#3225,#3226));
#481=EDGE_LOOP('',(#3227,#3228,#3229,#3230));
#482=EDGE_LOOP('',(#3231,#3232,#3233,#3234));
#483=EDGE_LOOP('',(#3235,#3236,#3237,#3238));
#484=EDGE_LOOP('',(#3239,#3240,#3241,#3242));
#485=EDGE_LOOP('',(#3243,#3244,#3245,#3246));
#486=EDGE_LOOP('',(#3247,#3248,#3249,#3250));
#487=EDGE_LOOP('',(#3251,#3252,#3253,#3254));
#488=EDGE_LOOP('',(#3255,#3256,#3257,#3258));
#489=EDGE_LOOP('',(#3259,#3260,#3261,#3262));
#490=EDGE_LOOP('',(#3263,#3264,#3265,#3266));
#491=EDGE_LOOP('',(#3267,#3268,#3269,#3270));
#492=EDGE_LOOP('',(#3271,#3272,#3273,#3274,#3275,#3276));
#493=EDGE_LOOP('',(#3277,#3278,#3279,#3280,#3281,#3282));
#494=EDGE_LOOP('',(#3283,#3284,#3285,#3286));
#495=EDGE_LOOP('',(#3287,#3288,#3289,#3290));
#496=EDGE_LOOP('',(#3291,#3292,#3293,#3294,#3295,#3296,#3297,#3298));
#497=EDGE_LOOP('',(#3299,#3300,#3301,#3302,#3303,#3304));
#498=EDGE_LOOP('',(#3305,#3306,#3307,#3308,#3309,#3310));
#499=EDGE_LOOP('',(#3311,#3312,#3313,#3314,#3315,#3316));
#500=EDGE_LOOP('',(#3317,#3318,#3319,#3320));
#501=EDGE_LOOP('',(#3321,#3322,#3323,#3324,#3325,#3326));
#502=EDGE_LOOP('',(#3327,#3328,#3329,#3330));
#503=EDGE_LOOP('',(#3331,#3332,#3333,#3334));
#504=EDGE_LOOP('',(#3335,#3336,#3337,#3338));
#505=EDGE_LOOP('',(#3339,#3340,#3341,#3342));
#506=EDGE_LOOP('',(#3343,#3344,#3345,#3346));
#507=EDGE_LOOP('',(#3347,#3348,#3349,#3350));
#508=EDGE_LOOP('',(#3351,#3352,#3353,#3354));
#509=EDGE_LOOP('',(#3355,#3356,#3357,#3358,#3359,#3360));
#510=EDGE_LOOP('',(#3361,#3362,#3363,#3364));
#511=EDGE_LOOP('',(#3365,#3366,#3367,#3368,#3369,#3370));
#512=EDGE_LOOP('',(#3371,#3372,#3373,#3374,#3375,#3376));
#513=EDGE_LOOP('',(#3377,#3378,#3379));
#514=EDGE_LOOP('',(#3380,#3381,#3382));
#515=EDGE_LOOP('',(#3383,#3384,#3385,#3386,#3387,#3388,#3389,#3390,#3391,
#3392,#3393,#3394,#3395,#3396,#3397,#3398,#3399,#3400,#3401));
#516=EDGE_LOOP('',(#3402,#3403,#3404,#3405,#3406,#3407));
#517=EDGE_LOOP('',(#3408,#3409,#3410,#3411,#3412,#3413));
#518=EDGE_LOOP('',(#3414,#3415,#3416,#3417,#3418,#3419,#3420,#3421,#3422,
#3423,#3424,#3425,#3426,#3427,#3428,#3429,#3430,#3431,#3432));
#519=EDGE_LOOP('',(#3433,#3434,#3435,#3436,#3437,#3438));
#520=EDGE_LOOP('',(#3439,#3440,#3441,#3442,#3443,#3444));
#521=EDGE_LOOP('',(#3445,#3446,#3447,#3448,#3449,#3450));
#522=EDGE_LOOP('',(#3451,#3452,#3453,#3454));
#523=EDGE_LOOP('',(#3455,#3456,#3457,#3458));
#524=EDGE_LOOP('',(#3459,#3460,#3461,#3462));
#525=EDGE_LOOP('',(#3463,#3464,#3465,#3466));
#526=EDGE_LOOP('',(#3467,#3468,#3469,#3470));
#527=EDGE_LOOP('',(#3471,#3472,#3473,#3474));
#528=EDGE_LOOP('',(#3475,#3476,#3477,#3478,#3479,#3480,#3481,#3482));
#529=EDGE_LOOP('',(#3483,#3484,#3485,#3486));
#530=EDGE_LOOP('',(#3487,#3488,#3489,#3490));
#531=EDGE_LOOP('',(#3491,#3492,#3493,#3494));
#532=EDGE_LOOP('',(#3495,#3496,#3497,#3498));
#533=EDGE_LOOP('',(#3499,#3500,#3501,#3502));
#534=EDGE_LOOP('',(#3503,#3504,#3505,#3506,#3507,#3508,#3509,#3510,#3511,
#3512,#3513,#3514,#3515,#3516,#3517,#3518,#3519,#3520,#3521,#3522));
#535=EDGE_LOOP('',(#3523,#3524,#3525,#3526));
#536=EDGE_LOOP('',(#3527));
#537=EDGE_LOOP('',(#3528));
#538=EDGE_LOOP('',(#3529,#3530,#3531,#3532));
#539=EDGE_LOOP('',(#3533));
#540=EDGE_LOOP('',(#3534));
#541=EDGE_LOOP('',(#3535,#3536,#3537,#3538));
#542=EDGE_LOOP('',(#3539));
#543=EDGE_LOOP('',(#3540));
#544=EDGE_LOOP('',(#3541,#3542,#3543,#3544));
#545=EDGE_LOOP('',(#3545));
#546=EDGE_LOOP('',(#3546));
#547=EDGE_LOOP('',(#3547,#3548,#3549,#3550));
#548=EDGE_LOOP('',(#3551,#3552,#3553,#3554));
#549=EDGE_LOOP('',(#3555,#3556,#3557,#3558,#3559,#3560));
#550=EDGE_LOOP('',(#3561,#3562,#3563,#3564));
#551=EDGE_LOOP('',(#3565,#3566,#3567,#3568));
#552=EDGE_LOOP('',(#3569,#3570,#3571,#3572,#3573,#3574));
#553=EDGE_LOOP('',(#3575));
#554=EDGE_LOOP('',(#3576,#3577,#3578,#3579));
#555=EDGE_LOOP('',(#3580,#3581,#3582,#3583));
#556=EDGE_LOOP('',(#3584,#3585,#3586,#3587,#3588));
#557=EDGE_LOOP('',(#3589,#3590,#3591,#3592));
#558=EDGE_LOOP('',(#3593,#3594,#3595,#3596));
#559=EDGE_LOOP('',(#3597,#3598,#3599,#3600,#3601,#3602));
#560=EDGE_LOOP('',(#3603,#3604,#3605,#3606,#3607,#3608));
#561=EDGE_LOOP('',(#3609));
#562=EDGE_LOOP('',(#3610,#3611,#3612,#3613));
#563=EDGE_LOOP('',(#3614,#3615,#3616,#3617));
#564=EDGE_LOOP('',(#3618,#3619,#3620,#3621));
#565=EDGE_LOOP('',(#3622,#3623,#3624,#3625));
#566=EDGE_LOOP('',(#3626,#3627,#3628,#3629));
#567=EDGE_LOOP('',(#3630,#3631,#3632,#3633));
#568=EDGE_LOOP('',(#3634,#3635,#3636,#3637,#3638,#3639));
#569=EDGE_LOOP('',(#3640));
#570=EDGE_LOOP('',(#3641,#3642,#3643,#3644));
#571=EDGE_LOOP('',(#3645,#3646,#3647,#3648));
#572=EDGE_LOOP('',(#3649,#3650,#3651,#3652));
#573=EDGE_LOOP('',(#3653,#3654,#3655,#3656));
#574=EDGE_LOOP('',(#3657,#3658,#3659,#3660));
#575=EDGE_LOOP('',(#3661,#3662,#3663,#3664));
#576=EDGE_LOOP('',(#3665,#3666,#3667,#3668,#3669,#3670));
#577=EDGE_LOOP('',(#3671));
#578=EDGE_LOOP('',(#3672,#3673,#3674,#3675));
#579=EDGE_LOOP('',(#3676,#3677,#3678,#3679,#3680,#3681));
#580=EDGE_LOOP('',(#3682,#3683,#3684,#3685));
#581=EDGE_LOOP('',(#3686,#3687,#3688,#3689));
#582=EDGE_LOOP('',(#3690,#3691,#3692,#3693,#3694));
#583=EDGE_LOOP('',(#3695,#3696,#3697,#3698));
#584=EDGE_LOOP('',(#3699,#3700,#3701,#3702,#3703,#3704));
#585=EDGE_LOOP('',(#3705));
#586=EDGE_LOOP('',(#3706,#3707,#3708,#3709));
#587=EDGE_LOOP('',(#3710,#3711,#3712,#3713,#3714,#3715));
#588=EDGE_LOOP('',(#3716,#3717,#3718,#3719));
#589=EDGE_LOOP('',(#3720,#3721,#3722,#3723));
#590=EDGE_LOOP('',(#3724,#3725,#3726,#3727,#3728,#3729));
#591=EDGE_LOOP('',(#3730));
#592=EDGE_LOOP('',(#3731,#3732,#3733,#3734));
#593=EDGE_LOOP('',(#3735,#3736,#3737,#3738));
#594=EDGE_LOOP('',(#3739,#3740,#3741,#3742));
#595=EDGE_LOOP('',(#3743,#3744,#3745,#3746,#3747,#3748));
#596=EDGE_LOOP('',(#3749,#3750,#3751,#3752,#3753,#3754));
#597=EDGE_LOOP('',(#3755));
#598=EDGE_LOOP('',(#3756,#3757,#3758,#3759));
#599=EDGE_LOOP('',(#3760,#3761,#3762,#3763,#3764));
#600=EDGE_LOOP('',(#3765,#3766,#3767,#3768,#3769));
#601=EDGE_LOOP('',(#3770,#3771,#3772,#3773,#3774,#3775));
#602=EDGE_LOOP('',(#3776));
#603=EDGE_LOOP('',(#3777,#3778,#3779,#3780));
#604=EDGE_LOOP('',(#3781,#3782,#3783,#3784));
#605=EDGE_LOOP('',(#3785,#3786,#3787,#3788,#3789));
#606=EDGE_LOOP('',(#3790,#3791,#3792,#3793));
#607=EDGE_LOOP('',(#3794,#3795,#3796,#3797,#3798));
#608=EDGE_LOOP('',(#3799,#3800,#3801,#3802));
#609=EDGE_LOOP('',(#3803,#3804,#3805,#3806,#3807,#3808));
#610=EDGE_LOOP('',(#3809));
#611=EDGE_LOOP('',(#3810,#3811,#3812,#3813));
#612=EDGE_LOOP('',(#3814,#3815,#3816,#3817,#3818));
#613=EDGE_LOOP('',(#3819,#3820,#3821,#3822));
#614=EDGE_LOOP('',(#3823,#3824,#3825,#3826,#3827,#3828));
#615=EDGE_LOOP('',(#3829));
#616=EDGE_LOOP('',(#3830,#3831,#3832,#3833,#3834,#3835));
#617=EDGE_LOOP('',(#3836,#3837,#3838,#3839,#3840,#3841));
#618=EDGE_LOOP('',(#3842,#3843,#3844,#3845));
#619=EDGE_LOOP('',(#3846,#3847,#3848,#3849));
#620=EDGE_LOOP('',(#3850,#3851,#3852,#3853,#3854,#3855));
#621=EDGE_LOOP('',(#3856));
#622=EDGE_LOOP('',(#3857,#3858,#3859,#3860));
#623=EDGE_LOOP('',(#3861,#3862,#3863,#3864));
#624=EDGE_LOOP('',(#3865,#3866,#3867,#3868));
#625=EDGE_LOOP('',(#3869,#3870,#3871,#3872));
#626=EDGE_LOOP('',(#3873,#3874,#3875,#3876));
#627=EDGE_LOOP('',(#3877,#3878,#3879,#3880));
#628=EDGE_LOOP('',(#3881,#3882,#3883,#3884,#3885,#3886));
#629=EDGE_LOOP('',(#3887));
#630=EDGE_LOOP('',(#3888,#3889,#3890,#3891,#3892,#3893));
#631=EDGE_LOOP('',(#3894,#3895,#3896,#3897));
#632=EDGE_LOOP('',(#3898,#3899,#3900,#3901,#3902,#3903));
#633=EDGE_LOOP('',(#3904,#3905,#3906,#3907));
#634=EDGE_LOOP('',(#3908,#3909,#3910,#3911,#3912,#3913));
#635=EDGE_LOOP('',(#3914,#3915,#3916,#3917,#3918,#3919));
#636=EDGE_LOOP('',(#3920));
#637=EDGE_LOOP('',(#3921,#3922,#3923,#3924,#3925,#3926,#3927,#3928));
#638=EDGE_LOOP('',(#3929,#3930,#3931,#3932));
#639=EDGE_LOOP('',(#3933,#3934,#3935,#3936,#3937,#3938));
#640=EDGE_LOOP('',(#3939,#3940,#3941,#3942));
#641=EDGE_LOOP('',(#3943,#3944,#3945,#3946,#3947,#3948));
#642=EDGE_LOOP('',(#3949,#3950,#3951,#3952));
#643=EDGE_LOOP('',(#3953,#3954,#3955,#3956,#3957,#3958));
#644=EDGE_LOOP('',(#3959));
#645=EDGE_LOOP('',(#3960,#3961,#3962,#3963,#3964,#3965));
#646=EDGE_LOOP('',(#3966,#3967,#3968,#3969));
#647=EDGE_LOOP('',(#3970,#3971,#3972,#3973));
#648=EDGE_LOOP('',(#3974,#3975,#3976,#3977));
#649=EDGE_LOOP('',(#3978,#3979,#3980,#3981,#3982,#3983));
#650=EDGE_LOOP('',(#3984,#3985,#3986,#3987));
#651=EDGE_LOOP('',(#3988,#3989,#3990,#3991,#3992,#3993));
#652=EDGE_LOOP('',(#3994));
#653=EDGE_LOOP('',(#3995,#3996,#3997,#3998));
#654=EDGE_LOOP('',(#3999,#4000,#4001,#4002));
#655=EDGE_LOOP('',(#4003,#4004,#4005,#4006));
#656=EDGE_LOOP('',(#4007,#4008,#4009,#4010));
#657=EDGE_LOOP('',(#4011,#4012,#4013,#4014));
#658=EDGE_LOOP('',(#4015,#4016,#4017,#4018));
#659=EDGE_LOOP('',(#4019,#4020,#4021,#4022,#4023,#4024));
#660=EDGE_LOOP('',(#4025));
#661=EDGE_LOOP('',(#4026,#4027,#4028,#4029,#4030,#4031));
#662=EDGE_LOOP('',(#4032,#4033,#4034,#4035));
#663=EDGE_LOOP('',(#4036,#4037,#4038,#4039));
#664=EDGE_LOOP('',(#4040,#4041,#4042,#4043,#4044,#4045));
#665=EDGE_LOOP('',(#4046,#4047,#4048,#4049,#4050,#4051));
#666=EDGE_LOOP('',(#4052,#4053,#4054,#4055,#4056,#4057));
#667=EDGE_LOOP('',(#4058,#4059,#4060,#4061,#4062,#4063));
#668=EDGE_LOOP('',(#4064));
#669=EDGE_LOOP('',(#4065,#4066,#4067,#4068));
#670=EDGE_LOOP('',(#4069,#4070,#4071,#4072));
#671=EDGE_LOOP('',(#4073,#4074,#4075,#4076,#4077,#4078));
#672=EDGE_LOOP('',(#4079,#4080,#4081,#4082,#4083));
#673=EDGE_LOOP('',(#4084,#4085,#4086,#4087,#4088,#4089));
#674=EDGE_LOOP('',(#4090));
#675=EDGE_LOOP('',(#4091,#4092,#4093,#4094));
#676=EDGE_LOOP('',(#4095,#4096,#4097,#4098,#4099,#4100));
#677=EDGE_LOOP('',(#4101,#4102,#4103,#4104,#4105,#4106));
#678=EDGE_LOOP('',(#4107));
#679=EDGE_LOOP('',(#4108,#4109,#4110,#4111,#4112,#4113));
#680=EDGE_LOOP('',(#4114,#4115,#4116,#4117));
#681=EDGE_LOOP('',(#4118,#4119,#4120,#4121));
#682=EDGE_LOOP('',(#4122,#4123,#4124,#4125));
#683=EDGE_LOOP('',(#4126,#4127,#4128,#4129));
#684=EDGE_LOOP('',(#4130,#4131,#4132,#4133,#4134,#4135));
#685=EDGE_LOOP('',(#4136));
#686=EDGE_LOOP('',(#4137,#4138,#4139,#4140));
#687=EDGE_LOOP('',(#4141,#4142,#4143,#4144,#4145,#4146));
#688=EDGE_LOOP('',(#4147,#4148,#4149,#4150));
#689=EDGE_LOOP('',(#4151,#4152,#4153,#4154));
#690=EDGE_LOOP('',(#4155,#4156,#4157,#4158));
#691=EDGE_LOOP('',(#4159,#4160,#4161,#4162,#4163,#4164));
#692=EDGE_LOOP('',(#4165));
#693=EDGE_LOOP('',(#4166,#4167,#4168,#4169));
#694=EDGE_LOOP('',(#4170,#4171,#4172,#4173));
#695=EDGE_LOOP('',(#4174,#4175,#4176,#4177));
#696=EDGE_LOOP('',(#4178,#4179,#4180,#4181));
#697=EDGE_LOOP('',(#4182,#4183,#4184,#4185));
#698=EDGE_LOOP('',(#4186,#4187,#4188,#4189));
#699=EDGE_LOOP('',(#4190,#4191,#4192,#4193));
#700=EDGE_LOOP('',(#4194,#4195,#4196,#4197));
#701=EDGE_LOOP('',(#4198,#4199,#4200,#4201));
#702=EDGE_LOOP('',(#4202,#4203,#4204,#4205));
#703=EDGE_LOOP('',(#4206,#4207,#4208,#4209));
#704=EDGE_LOOP('',(#4210,#4211,#4212,#4213));
#705=EDGE_LOOP('',(#4214,#4215,#4216,#4217));
#706=EDGE_LOOP('',(#4218,#4219,#4220,#4221));
#707=EDGE_LOOP('',(#4222,#4223,#4224,#4225));
#708=EDGE_LOOP('',(#4226,#4227,#4228,#4229));
#709=EDGE_LOOP('',(#4230,#4231,#4232,#4233));
#710=EDGE_LOOP('',(#4234,#4235,#4236,#4237));
#711=EDGE_LOOP('',(#4238,#4239,#4240,#4241));
#712=EDGE_LOOP('',(#4242,#4243,#4244,#4245));
#713=EDGE_LOOP('',(#4246,#4247,#4248,#4249));
#714=EDGE_LOOP('',(#4250,#4251,#4252,#4253));
#715=EDGE_LOOP('',(#4254,#4255,#4256,#4257));
#716=EDGE_LOOP('',(#4258,#4259,#4260,#4261));
#717=EDGE_LOOP('',(#4262,#4263,#4264,#4265));
#718=EDGE_LOOP('',(#4266,#4267,#4268,#4269));
#719=EDGE_LOOP('',(#4270,#4271,#4272,#4273));
#720=EDGE_LOOP('',(#4274,#4275,#4276,#4277));
#721=EDGE_LOOP('',(#4278,#4279,#4280,#4281));
#722=EDGE_LOOP('',(#4282,#4283,#4284,#4285));
#723=EDGE_LOOP('',(#4286,#4287,#4288,#4289));
#724=EDGE_LOOP('',(#4290,#4291,#4292,#4293,#4294,#4295,#4296,#4297,#4298,
#4299,#4300,#4301));
#725=EDGE_LOOP('',(#4302));
#726=EDGE_LOOP('',(#4303));
#727=EDGE_LOOP('',(#4304));
#728=EDGE_LOOP('',(#4305));
#729=EDGE_LOOP('',(#4306,#4307,#4308,#4309,#4310,#4311,#4312,#4313,#4314,
#4315,#4316,#4317,#4318,#4319,#4320,#4321,#4322,#4323,#4324,#4325,#4326,
#4327,#4328,#4329,#4330,#4331,#4332,#4333,#4334,#4335,#4336,#4337,#4338,
#4339,#4340,#4341,#4342,#4343,#4344,#4345,#4346,#4347,#4348,#4349,#4350,
#4351,#4352,#4353,#4354,#4355,#4356,#4357,#4358,#4359,#4360,#4361,#4362,
#4363,#4364,#4365,#4366,#4367));
#730=EDGE_LOOP('',(#4368,#4369,#4370,#4371,#4372,#4373,#4374,#4375));
#731=EDGE_LOOP('',(#4376));
#732=EDGE_LOOP('',(#4377));
#733=EDGE_LOOP('',(#4378));
#734=EDGE_LOOP('',(#4379));
#735=EDGE_LOOP('',(#4380));
#736=EDGE_LOOP('',(#4381));
#737=EDGE_LOOP('',(#4382));
#738=EDGE_LOOP('',(#4383));
#739=EDGE_LOOP('',(#4384));
#740=EDGE_LOOP('',(#4385));
#741=EDGE_LOOP('',(#4386));
#742=EDGE_LOOP('',(#4387));
#743=EDGE_LOOP('',(#4388));
#744=EDGE_LOOP('',(#4389));
#745=EDGE_LOOP('',(#4390));
#746=EDGE_LOOP('',(#4391));
#747=EDGE_LOOP('',(#4392));
#748=EDGE_LOOP('',(#4393));
#749=EDGE_LOOP('',(#4394));
#750=EDGE_LOOP('',(#4395));
#751=EDGE_LOOP('',(#4396));
#752=EDGE_LOOP('',(#4397));
#753=EDGE_LOOP('',(#4398));
#754=EDGE_LOOP('',(#4399));
#755=EDGE_LOOP('',(#4400));
#756=EDGE_LOOP('',(#4401,#4402,#4403,#4404));
#757=EDGE_LOOP('',(#4405,#4406,#4407,#4408));
#758=EDGE_LOOP('',(#4409,#4410,#4411,#4412));
#759=EDGE_LOOP('',(#4413,#4414,#4415,#4416));
#760=EDGE_LOOP('',(#4417,#4418,#4419,#4420));
#761=EDGE_LOOP('',(#4421,#4422,#4423,#4424));
#762=EDGE_LOOP('',(#4425,#4426,#4427,#4428));
#763=EDGE_LOOP('',(#4429,#4430,#4431,#4432));
#764=LINE('',#6399,#1349);
#765=LINE('',#6401,#1350);
#766=LINE('',#6403,#1351);
#767=LINE('',#6405,#1352);
#768=LINE('',#6407,#1353);
#769=LINE('',#6409,#1354);
#770=LINE('',#6411,#1355);
#771=LINE('',#6413,#1356);
#772=LINE('',#6415,#1357);
#773=LINE('',#6417,#1358);
#774=LINE('',#6419,#1359);
#775=LINE('',#6421,#1360);
#776=LINE('',#6423,#1361);
#777=LINE('',#6425,#1362);
#778=LINE('',#6427,#1363);
#779=LINE('',#6429,#1364);
#780=LINE('',#6431,#1365);
#781=LINE('',#6433,#1366);
#782=LINE('',#6435,#1367);
#783=LINE('',#6437,#1368);
#784=LINE('',#6439,#1369);
#785=LINE('',#6441,#1370);
#786=LINE('',#6443,#1371);
#787=LINE('',#6445,#1372);
#788=LINE('',#6447,#1373);
#789=LINE('',#6449,#1374);
#790=LINE('',#6451,#1375);
#791=LINE('',#6453,#1376);
#792=LINE('',#6455,#1377);
#793=LINE('',#6457,#1378);
#794=LINE('',#6459,#1379);
#795=LINE('',#6461,#1380);
#796=LINE('',#6463,#1381);
#797=LINE('',#6465,#1382);
#798=LINE('',#6467,#1383);
#799=LINE('',#6469,#1384);
#800=LINE('',#6471,#1385);
#801=LINE('',#6473,#1386);
#802=LINE('',#6475,#1387);
#803=LINE('',#6477,#1388);
#804=LINE('',#6479,#1389);
#805=LINE('',#6481,#1390);
#806=LINE('',#6483,#1391);
#807=LINE('',#6484,#1392);
#808=LINE('',#6487,#1393);
#809=LINE('',#6489,#1394);
#810=LINE('',#6490,#1395);
#811=LINE('',#6493,#1396);
#812=LINE('',#6495,#1397);
#813=LINE('',#6496,#1398);
#814=LINE('',#6499,#1399);
#815=LINE('',#6501,#1400);
#816=LINE('',#6502,#1401);
#817=LINE('',#6505,#1402);
#818=LINE('',#6507,#1403);
#819=LINE('',#6508,#1404);
#820=LINE('',#6511,#1405);
#821=LINE('',#6512,#1406);
#822=LINE('',#6515,#1407);
#823=LINE('',#6517,#1408);
#824=LINE('',#6518,#1409);
#825=LINE('',#6521,#1410);
#826=LINE('',#6523,#1411);
#827=LINE('',#6524,#1412);
#828=LINE('',#6527,#1413);
#829=LINE('',#6528,#1414);
#830=LINE('',#6531,#1415);
#831=LINE('',#6532,#1416);
#832=LINE('',#6535,#1417);
#833=LINE('',#6537,#1418);
#834=LINE('',#6538,#1419);
#835=LINE('',#6541,#1420);
#836=LINE('',#6543,#1421);
#837=LINE('',#6544,#1422);
#838=LINE('',#6547,#1423);
#839=LINE('',#6549,#1424);
#840=LINE('',#6550,#1425);
#841=LINE('',#6553,#1426);
#842=LINE('',#6555,#1427);
#843=LINE('',#6556,#1428);
#844=LINE('',#6559,#1429);
#845=LINE('',#6561,#1430);
#846=LINE('',#6562,#1431);
#847=LINE('',#6566,#1432);
#848=LINE('',#6568,#1433);
#849=LINE('',#6570,#1434);
#850=LINE('',#6572,#1435);
#851=LINE('',#6574,#1436);
#852=LINE('',#6576,#1437);
#853=LINE('',#6578,#1438);
#854=LINE('',#6580,#1439);
#855=LINE('',#6582,#1440);
#856=LINE('',#6584,#1441);
#857=LINE('',#6586,#1442);
#858=LINE('',#6588,#1443);
#859=LINE('',#6590,#1444);
#860=LINE('',#6592,#1445);
#861=LINE('',#6594,#1446);
#862=LINE('',#6596,#1447);
#863=LINE('',#6598,#1448);
#864=LINE('',#6600,#1449);
#865=LINE('',#6602,#1450);
#866=LINE('',#6604,#1451);
#867=LINE('',#6606,#1452);
#868=LINE('',#6608,#1453);
#869=LINE('',#6610,#1454);
#870=LINE('',#6612,#1455);
#871=LINE('',#6614,#1456);
#872=LINE('',#6616,#1457);
#873=LINE('',#6618,#1458);
#874=LINE('',#6620,#1459);
#875=LINE('',#6622,#1460);
#876=LINE('',#6624,#1461);
#877=LINE('',#6626,#1462);
#878=LINE('',#6628,#1463);
#879=LINE('',#6630,#1464);
#880=LINE('',#6632,#1465);
#881=LINE('',#6634,#1466);
#882=LINE('',#6636,#1467);
#883=LINE('',#6638,#1468);
#884=LINE('',#6640,#1469);
#885=LINE('',#6642,#1470);
#886=LINE('',#6644,#1471);
#887=LINE('',#6646,#1472);
#888=LINE('',#6648,#1473);
#889=LINE('',#6650,#1474);
#890=LINE('',#6651,#1475);
#891=LINE('',#6654,#1476);
#892=LINE('',#6656,#1477);
#893=LINE('',#6657,#1478);
#894=LINE('',#6660,#1479);
#895=LINE('',#6662,#1480);
#896=LINE('',#6663,#1481);
#897=LINE('',#6666,#1482);
#898=LINE('',#6668,#1483);
#899=LINE('',#6669,#1484);
#900=LINE('',#6672,#1485);
#901=LINE('',#6674,#1486);
#902=LINE('',#6675,#1487);
#903=LINE('',#6678,#1488);
#904=LINE('',#6680,#1489);
#905=LINE('',#6681,#1490);
#906=LINE('',#6684,#1491);
#907=LINE('',#6685,#1492);
#908=LINE('',#6688,#1493);
#909=LINE('',#6690,#1494);
#910=LINE('',#6691,#1495);
#911=LINE('',#6694,#1496);
#912=LINE('',#6696,#1497);
#913=LINE('',#6697,#1498);
#914=LINE('',#6700,#1499);
#915=LINE('',#6701,#1500);
#916=LINE('',#6704,#1501);
#917=LINE('',#6705,#1502);
#918=LINE('',#6708,#1503);
#919=LINE('',#6710,#1504);
#920=LINE('',#6711,#1505);
#921=LINE('',#6714,#1506);
#922=LINE('',#6716,#1507);
#923=LINE('',#6717,#1508);
#924=LINE('',#6720,#1509);
#925=LINE('',#6722,#1510);
#926=LINE('',#6723,#1511);
#927=LINE('',#6726,#1512);
#928=LINE('',#6728,#1513);
#929=LINE('',#6729,#1514);
#930=LINE('',#6732,#1515);
#931=LINE('',#6734,#1516);
#932=LINE('',#6735,#1517);
#933=LINE('',#6738,#1518);
#934=LINE('',#6740,#1519);
#935=LINE('',#6741,#1520);
#936=LINE('',#6744,#1521);
#937=LINE('',#6746,#1522);
#938=LINE('',#6748,#1523);
#939=LINE('',#6749,#1524);
#940=LINE('',#6752,#1525);
#941=LINE('',#6754,#1526);
#942=LINE('',#6755,#1527);
#943=LINE('',#6758,#1528);
#944=LINE('',#6760,#1529);
#945=LINE('',#6761,#1530);
#946=LINE('',#6763,#1531);
#947=LINE('',#6764,#1532);
#948=LINE('',#6767,#1533);
#949=LINE('',#6769,#1534);
#950=LINE('',#6770,#1535);
#951=LINE('',#6773,#1536);
#952=LINE('',#6775,#1537);
#953=LINE('',#6777,#1538);
#954=LINE('',#6778,#1539);
#955=LINE('',#6781,#1540);
#956=LINE('',#6783,#1541);
#957=LINE('',#6785,#1542);
#958=LINE('',#6786,#1543);
#959=LINE('',#6789,#1544);
#960=LINE('',#6791,#1545);
#961=LINE('',#6792,#1546);
#962=LINE('',#6795,#1547);
#963=LINE('',#6797,#1548);
#964=LINE('',#6798,#1549);
#965=LINE('',#6801,#1550);
#966=LINE('',#6803,#1551);
#967=LINE('',#6804,#1552);
#968=LINE('',#6807,#1553);
#969=LINE('',#6808,#1554);
#970=LINE('',#6811,#1555);
#971=LINE('',#6813,#1556);
#972=LINE('',#6814,#1557);
#973=LINE('',#6817,#1558);
#974=LINE('',#6818,#1559);
#975=LINE('',#6821,#1560);
#976=LINE('',#6822,#1561);
#977=LINE('',#6825,#1562);
#978=LINE('',#6827,#1563);
#979=LINE('',#6828,#1564);
#980=LINE('',#6831,#1565);
#981=LINE('',#6832,#1566);
#982=LINE('',#6835,#1567);
#983=LINE('',#6837,#1568);
#984=LINE('',#6838,#1569);
#985=LINE('',#6841,#1570);
#986=LINE('',#6843,#1571);
#987=LINE('',#6844,#1572);
#988=LINE('',#6847,#1573);
#989=LINE('',#6849,#1574);
#990=LINE('',#6850,#1575);
#991=LINE('',#6853,#1576);
#992=LINE('',#6855,#1577);
#993=LINE('',#6857,#1578);
#994=LINE('',#6858,#1579);
#995=LINE('',#6860,#1580);
#996=LINE('',#6864,#1581);
#997=LINE('',#6865,#1582);
#998=LINE('',#6866,#1583);
#999=LINE('',#6868,#1584);
#1000=LINE('',#6870,#1585);
#1001=LINE('',#6872,#1586);
#1002=LINE('',#6874,#1587);
#1003=LINE('',#6875,#1588);
#1004=LINE('',#6877,#1589);
#1005=LINE('',#6878,#1590);
#1006=LINE('',#6881,#1591);
#1007=LINE('',#6883,#1592);
#1008=LINE('',#6885,#1593);
#1009=LINE('',#6887,#1594);
#1010=LINE('',#6889,#1595);
#1011=LINE('',#6890,#1596);
#1012=LINE('',#6893,#1597);
#1013=LINE('',#6895,#1598);
#1014=LINE('',#6897,#1599);
#1015=LINE('',#6899,#1600);
#1016=LINE('',#6901,#1601);
#1017=LINE('',#6902,#1602);
#1018=LINE('',#6905,#1603);
#1019=LINE('',#6907,#1604);
#1020=LINE('',#6909,#1605);
#1021=LINE('',#6910,#1606);
#1022=LINE('',#6912,#1607);
#1023=LINE('',#6914,#1608);
#1024=LINE('',#6915,#1609);
#1025=LINE('',#6917,#1610);
#1026=LINE('',#6919,#1611);
#1027=LINE('',#6920,#1612);
#1028=LINE('',#6922,#1613);
#1029=LINE('',#6923,#1614);
#1030=LINE('',#6926,#1615);
#1031=LINE('',#6928,#1616);
#1032=LINE('',#6930,#1617);
#1033=LINE('',#6932,#1618);
#1034=LINE('',#6934,#1619);
#1035=LINE('',#6935,#1620);
#1036=LINE('',#6938,#1621);
#1037=LINE('',#6940,#1622);
#1038=LINE('',#6942,#1623);
#1039=LINE('',#6944,#1624);
#1040=LINE('',#6946,#1625);
#1041=LINE('',#6947,#1626);
#1042=LINE('',#6950,#1627);
#1043=LINE('',#6952,#1628);
#1044=LINE('',#6953,#1629);
#1045=LINE('',#7400,#1630);
#1046=LINE('',#7402,#1631);
#1047=LINE('',#7403,#1632);
#1048=LINE('',#7406,#1633);
#1049=LINE('',#7410,#1634);
#1050=LINE('',#7411,#1635);
#1051=LINE('',#7414,#1636);
#1052=LINE('',#7418,#1637);
#1053=LINE('',#7420,#1638);
#1054=LINE('',#7424,#1639);
#1055=LINE('',#7428,#1640);
#1056=LINE('',#7432,#1641);
#1057=LINE('',#7436,#1642);
#1058=LINE('',#7437,#1643);
#1059=LINE('',#7440,#1644);
#1060=LINE('',#7441,#1645);
#1061=LINE('',#7450,#1646);
#1062=LINE('',#7459,#1647);
#1063=LINE('',#7468,#1648);
#1064=LINE('',#7477,#1649);
#1065=LINE('',#7481,#1650);
#1066=LINE('',#7483,#1651);
#1067=LINE('',#7485,#1652);
#1068=LINE('',#7486,#1653);
#1069=LINE('',#7488,#1654);
#1070=LINE('',#7489,#1655);
#1071=LINE('',#7492,#1656);
#1072=LINE('',#7494,#1657);
#1073=LINE('',#7495,#1658);
#1074=LINE('',#7497,#1659);
#1075=LINE('',#7498,#1660);
#1076=LINE('',#7504,#1661);
#1077=LINE('',#7506,#1662);
#1078=LINE('',#7507,#1663);
#1079=LINE('',#7510,#1664);
#1080=LINE('',#7511,#1665);
#1081=LINE('',#7514,#1666);
#1082=LINE('',#7516,#1667);
#1083=LINE('',#7517,#1668);
#1084=LINE('',#7520,#1669);
#1085=LINE('',#7522,#1670);
#1086=LINE('',#7523,#1671);
#1087=LINE('',#7526,#1672);
#1088=LINE('',#7528,#1673);
#1089=LINE('',#7529,#1674);
#1090=LINE('',#7531,#1675);
#1091=LINE('',#7532,#1676);
#1092=LINE('',#7538,#1677);
#1093=LINE('',#7540,#1678);
#1094=LINE('',#7541,#1679);
#1095=LINE('',#7544,#1680);
#1096=LINE('',#7545,#1681);
#1097=LINE('',#7548,#1682);
#1098=LINE('',#7549,#1683);
#1099=LINE('',#7552,#1684);
#1100=LINE('',#7553,#1685);
#1101=LINE('',#7556,#1686);
#1102=LINE('',#7557,#1687);
#1103=LINE('',#7559,#1688);
#1104=LINE('',#7565,#1689);
#1105=LINE('',#7567,#1690);
#1106=LINE('',#7568,#1691);
#1107=LINE('',#7571,#1692);
#1108=LINE('',#7572,#1693);
#1109=LINE('',#7575,#1694);
#1110=LINE('',#7576,#1695);
#1111=LINE('',#7579,#1696);
#1112=LINE('',#7580,#1697);
#1113=LINE('',#7583,#1698);
#1114=LINE('',#7584,#1699);
#1115=LINE('',#7586,#1700);
#1116=LINE('',#7592,#1701);
#1117=LINE('',#7594,#1702);
#1118=LINE('',#7595,#1703);
#1119=LINE('',#7598,#1704);
#1120=LINE('',#7600,#1705);
#1121=LINE('',#7601,#1706);
#1122=LINE('',#7604,#1707);
#1123=LINE('',#7606,#1708);
#1124=LINE('',#7607,#1709);
#1125=LINE('',#7610,#1710);
#1126=LINE('',#7612,#1711);
#1127=LINE('',#7613,#1712);
#1128=LINE('',#7615,#1713);
#1129=LINE('',#7617,#1714);
#1130=LINE('',#7618,#1715);
#1131=LINE('',#7620,#1716);
#1132=LINE('',#7626,#1717);
#1133=LINE('',#7628,#1718);
#1134=LINE('',#7629,#1719);
#1135=LINE('',#7631,#1720);
#1136=LINE('',#7634,#1721);
#1137=LINE('',#7635,#1722);
#1138=LINE('',#7637,#1723);
#1139=LINE('',#7643,#1724);
#1140=LINE('',#7645,#1725);
#1141=LINE('',#7646,#1726);
#1142=LINE('',#7649,#1727);
#1143=LINE('',#7651,#1728);
#1144=LINE('',#7652,#1729);
#1145=LINE('',#7655,#1730);
#1146=LINE('',#7657,#1731);
#1147=LINE('',#7658,#1732);
#1148=LINE('',#7660,#1733);
#1149=LINE('',#7661,#1734);
#1150=LINE('',#7668,#1735);
#1151=LINE('',#7670,#1736);
#1152=LINE('',#7672,#1737);
#1153=LINE('',#7673,#1738);
#1154=LINE('',#7675,#1739);
#1155=LINE('',#7676,#1740);
#1156=LINE('',#7678,#1741);
#1157=LINE('',#7679,#1742);
#1158=LINE('',#7685,#1743);
#1159=LINE('',#7687,#1744);
#1160=LINE('',#7688,#1745);
#1161=LINE('',#7691,#1746);
#1162=LINE('',#7692,#1747);
#1163=LINE('',#7695,#1748);
#1164=LINE('',#7697,#1749);
#1165=LINE('',#7698,#1750);
#1166=LINE('',#7701,#1751);
#1167=LINE('',#7703,#1752);
#1168=LINE('',#7704,#1753);
#1169=LINE('',#7706,#1754);
#1170=LINE('',#7708,#1755);
#1171=LINE('',#7709,#1756);
#1172=LINE('',#7711,#1757);
#1173=LINE('',#7718,#1758);
#1174=LINE('',#7720,#1759);
#1175=LINE('',#7722,#1760);
#1176=LINE('',#7723,#1761);
#1177=LINE('',#7725,#1762);
#1178=LINE('',#7726,#1763);
#1179=LINE('',#7728,#1764);
#1180=LINE('',#7729,#1765);
#1181=LINE('',#7735,#1766);
#1182=LINE('',#7737,#1767);
#1183=LINE('',#7738,#1768);
#1184=LINE('',#7740,#1769);
#1185=LINE('',#7743,#1770);
#1186=LINE('',#7745,#1771);
#1187=LINE('',#7746,#1772);
#1188=LINE('',#7748,#1773);
#1189=LINE('',#7749,#1774);
#1190=LINE('',#7755,#1775);
#1191=LINE('',#7757,#1776);
#1192=LINE('',#7758,#1777);
#1193=LINE('',#7761,#1778);
#1194=LINE('',#7762,#1779);
#1195=LINE('',#7765,#1780);
#1196=LINE('',#7766,#1781);
#1197=LINE('',#7769,#1782);
#1198=LINE('',#7770,#1783);
#1199=LINE('',#7773,#1784);
#1200=LINE('',#7774,#1785);
#1201=LINE('',#7776,#1786);
#1202=LINE('',#7782,#1787);
#1203=LINE('',#7784,#1788);
#1204=LINE('',#7785,#1789);
#1205=LINE('',#7788,#1790);
#1206=LINE('',#7789,#1791);
#1207=LINE('',#7791,#1792);
#1208=LINE('',#7794,#1793);
#1209=LINE('',#7795,#1794);
#1210=LINE('',#7797,#1795);
#1211=LINE('',#7803,#1796);
#1212=LINE('',#7805,#1797);
#1213=LINE('',#7806,#1798);
#1214=LINE('',#7809,#1799);
#1215=LINE('',#7810,#1800);
#1216=LINE('',#7813,#1801);
#1217=LINE('',#7814,#1802);
#1218=LINE('',#7817,#1803);
#1219=LINE('',#7818,#1804);
#1220=LINE('',#7821,#1805);
#1221=LINE('',#7822,#1806);
#1222=LINE('',#7824,#1807);
#1223=LINE('',#7830,#1808);
#1224=LINE('',#7832,#1809);
#1225=LINE('',#7834,#1810);
#1226=LINE('',#7835,#1811);
#1227=LINE('',#7838,#1812);
#1228=LINE('',#7840,#1813);
#1229=LINE('',#7841,#1814);
#1230=LINE('',#7844,#1815);
#1231=LINE('',#7846,#1816);
#1232=LINE('',#7847,#1817);
#1233=LINE('',#7850,#1818);
#1234=LINE('',#7852,#1819);
#1235=LINE('',#7853,#1820);
#1236=LINE('',#7856,#1821);
#1237=LINE('',#7857,#1822);
#1238=LINE('',#7858,#1823);
#1239=LINE('',#7860,#1824);
#1240=LINE('',#7866,#1825);
#1241=LINE('',#7868,#1826);
#1242=LINE('',#7869,#1827);
#1243=LINE('',#7872,#1828);
#1244=LINE('',#7873,#1829);
#1245=LINE('',#7876,#1830);
#1246=LINE('',#7877,#1831);
#1247=LINE('',#7880,#1832);
#1248=LINE('',#7881,#1833);
#1249=LINE('',#7884,#1834);
#1250=LINE('',#7885,#1835);
#1251=LINE('',#7887,#1836);
#1252=LINE('',#7893,#1837);
#1253=LINE('',#7895,#1838);
#1254=LINE('',#7897,#1839);
#1255=LINE('',#7898,#1840);
#1256=LINE('',#7901,#1841);
#1257=LINE('',#7903,#1842);
#1258=LINE('',#7904,#1843);
#1259=LINE('',#7907,#1844);
#1260=LINE('',#7909,#1845);
#1261=LINE('',#7910,#1846);
#1262=LINE('',#7913,#1847);
#1263=LINE('',#7914,#1848);
#1264=LINE('',#7915,#1849);
#1265=LINE('',#7918,#1850);
#1266=LINE('',#7919,#1851);
#1267=LINE('',#7921,#1852);
#1268=LINE('',#7928,#1853);
#1269=LINE('',#7930,#1854);
#1270=LINE('',#7932,#1855);
#1271=LINE('',#7933,#1856);
#1272=LINE('',#7936,#1857);
#1273=LINE('',#7938,#1858);
#1274=LINE('',#7939,#1859);
#1275=LINE('',#7941,#1860);
#1276=LINE('',#7942,#1861);
#1277=LINE('',#7944,#1862);
#1278=LINE('',#7945,#1863);
#1279=LINE('',#7951,#1864);
#1280=LINE('',#7952,#1865);
#1281=LINE('',#7954,#1866);
#1282=LINE('',#7960,#1867);
#1283=LINE('',#7962,#1868);
#1284=LINE('',#7963,#1869);
#1285=LINE('',#7966,#1870);
#1286=LINE('',#7967,#1871);
#1287=LINE('',#7970,#1872);
#1288=LINE('',#7971,#1873);
#1289=LINE('',#7973,#1874);
#1290=LINE('',#7975,#1875);
#1291=LINE('',#7981,#1876);
#1292=LINE('',#7982,#1877);
#1293=LINE('',#7985,#1878);
#1294=LINE('',#7987,#1879);
#1295=LINE('',#7988,#1880);
#1296=LINE('',#7991,#1881);
#1297=LINE('',#7993,#1882);
#1298=LINE('',#7994,#1883);
#1299=LINE('',#7997,#1884);
#1300=LINE('',#7999,#1885);
#1301=LINE('',#8000,#1886);
#1302=LINE('',#8002,#1887);
#1303=LINE('',#8003,#1888);
#1304=LINE('',#8009,#1889);
#1305=LINE('',#8013,#1890);
#1306=LINE('',#8017,#1891);
#1307=LINE('',#8021,#1892);
#1308=LINE('',#8025,#1893);
#1309=LINE('',#8029,#1894);
#1310=LINE('',#8033,#1895);
#1311=LINE('',#8037,#1896);
#1312=LINE('',#8041,#1897);
#1313=LINE('',#8045,#1898);
#1314=LINE('',#8049,#1899);
#1315=LINE('',#8053,#1900);
#1316=LINE('',#8057,#1901);
#1317=LINE('',#8061,#1902);
#1318=LINE('',#8065,#1903);
#1319=LINE('',#8069,#1904);
#1320=LINE('',#8073,#1905);
#1321=LINE('',#8077,#1906);
#1322=LINE('',#8081,#1907);
#1323=LINE('',#8085,#1908);
#1324=LINE('',#8089,#1909);
#1325=LINE('',#8094,#1910);
#1326=LINE('',#8095,#1911);
#1327=LINE('',#8096,#1912);
#1328=LINE('',#8100,#1913);
#1329=LINE('',#8103,#1914);
#1330=LINE('',#8104,#1915);
#1331=LINE('',#8108,#1916);
#1332=LINE('',#8111,#1917);
#1333=LINE('',#8112,#1918);
#1334=LINE('',#8116,#1919);
#1335=LINE('',#8119,#1920);
#1336=LINE('',#8120,#1921);
#1337=LINE('',#8122,#1922);
#1338=LINE('',#8125,#1923);
#1339=LINE('',#8126,#1924);
#1340=LINE('',#8143,#1925);
#1341=LINE('',#8145,#1926);
#1342=LINE('',#8147,#1927);
#1343=LINE('',#8149,#1928);
#1344=LINE('',#8151,#1929);
#1345=LINE('',#8153,#1930);
#1346=LINE('',#8155,#1931);
#1347=LINE('',#8156,#1932);
#1348=LINE('',#8159,#1933);
#1349=VECTOR('',#5200,10.);
#1350=VECTOR('',#5201,10.);
#1351=VECTOR('',#5202,10.);
#1352=VECTOR('',#5203,10.);
#1353=VECTOR('',#5204,10.);
#1354=VECTOR('',#5205,10.);
#1355=VECTOR('',#5206,10.);
#1356=VECTOR('',#5207,10.);
#1357=VECTOR('',#5208,10.);
#1358=VECTOR('',#5209,10.);
#1359=VECTOR('',#5210,10.);
#1360=VECTOR('',#5211,10.);
#1361=VECTOR('',#5212,10.);
#1362=VECTOR('',#5213,10.);
#1363=VECTOR('',#5214,10.);
#1364=VECTOR('',#5215,10.);
#1365=VECTOR('',#5216,10.);
#1366=VECTOR('',#5217,10.);
#1367=VECTOR('',#5218,10.);
#1368=VECTOR('',#5219,10.);
#1369=VECTOR('',#5220,10.);
#1370=VECTOR('',#5221,10.);
#1371=VECTOR('',#5222,10.);
#1372=VECTOR('',#5223,10.);
#1373=VECTOR('',#5224,10.);
#1374=VECTOR('',#5225,10.);
#1375=VECTOR('',#5226,10.);
#1376=VECTOR('',#5227,10.);
#1377=VECTOR('',#5228,10.);
#1378=VECTOR('',#5229,10.);
#1379=VECTOR('',#5230,10.);
#1380=VECTOR('',#5231,10.);
#1381=VECTOR('',#5232,10.);
#1382=VECTOR('',#5233,10.);
#1383=VECTOR('',#5234,10.);
#1384=VECTOR('',#5235,10.);
#1385=VECTOR('',#5236,10.);
#1386=VECTOR('',#5237,10.);
#1387=VECTOR('',#5238,10.);
#1388=VECTOR('',#5239,10.);
#1389=VECTOR('',#5240,10.);
#1390=VECTOR('',#5241,10.);
#1391=VECTOR('',#5242,10.);
#1392=VECTOR('',#5243,10.);
#1393=VECTOR('',#5246,10.);
#1394=VECTOR('',#5247,10.);
#1395=VECTOR('',#5248,10.);
#1396=VECTOR('',#5251,10.);
#1397=VECTOR('',#5252,10.);
#1398=VECTOR('',#5253,10.);
#1399=VECTOR('',#5256,10.);
#1400=VECTOR('',#5257,10.);
#1401=VECTOR('',#5258,10.);
#1402=VECTOR('',#5261,10.);
#1403=VECTOR('',#5262,10.);
#1404=VECTOR('',#5263,10.);
#1405=VECTOR('',#5266,10.);
#1406=VECTOR('',#5267,10.);
#1407=VECTOR('',#5270,10.);
#1408=VECTOR('',#5271,10.);
#1409=VECTOR('',#5272,10.);
#1410=VECTOR('',#5275,10.);
#1411=VECTOR('',#5276,10.);
#1412=VECTOR('',#5277,10.);
#1413=VECTOR('',#5280,10.);
#1414=VECTOR('',#5281,10.);
#1415=VECTOR('',#5284,10.);
#1416=VECTOR('',#5285,10.);
#1417=VECTOR('',#5288,10.);
#1418=VECTOR('',#5289,10.);
#1419=VECTOR('',#5290,10.);
#1420=VECTOR('',#5293,10.);
#1421=VECTOR('',#5294,10.);
#1422=VECTOR('',#5295,10.);
#1423=VECTOR('',#5298,10.);
#1424=VECTOR('',#5299,10.);
#1425=VECTOR('',#5300,10.);
#1426=VECTOR('',#5303,10.);
#1427=VECTOR('',#5304,10.);
#1428=VECTOR('',#5305,10.);
#1429=VECTOR('',#5308,10.);
#1430=VECTOR('',#5309,10.);
#1431=VECTOR('',#5310,10.);
#1432=VECTOR('',#5313,10.);
#1433=VECTOR('',#5314,10.);
#1434=VECTOR('',#5315,10.);
#1435=VECTOR('',#5316,10.);
#1436=VECTOR('',#5317,10.);
#1437=VECTOR('',#5318,10.);
#1438=VECTOR('',#5319,10.);
#1439=VECTOR('',#5320,10.);
#1440=VECTOR('',#5321,10.);
#1441=VECTOR('',#5322,10.);
#1442=VECTOR('',#5323,10.);
#1443=VECTOR('',#5324,10.);
#1444=VECTOR('',#5325,10.);
#1445=VECTOR('',#5326,10.);
#1446=VECTOR('',#5327,10.);
#1447=VECTOR('',#5328,10.);
#1448=VECTOR('',#5329,10.);
#1449=VECTOR('',#5330,10.);
#1450=VECTOR('',#5331,10.);
#1451=VECTOR('',#5332,10.);
#1452=VECTOR('',#5333,10.);
#1453=VECTOR('',#5334,10.);
#1454=VECTOR('',#5335,10.);
#1455=VECTOR('',#5336,10.);
#1456=VECTOR('',#5337,10.);
#1457=VECTOR('',#5338,10.);
#1458=VECTOR('',#5339,10.);
#1459=VECTOR('',#5340,10.);
#1460=VECTOR('',#5341,10.);
#1461=VECTOR('',#5342,10.);
#1462=VECTOR('',#5343,10.);
#1463=VECTOR('',#5344,10.);
#1464=VECTOR('',#5345,10.);
#1465=VECTOR('',#5346,10.);
#1466=VECTOR('',#5347,10.);
#1467=VECTOR('',#5348,10.);
#1468=VECTOR('',#5349,10.);
#1469=VECTOR('',#5350,10.);
#1470=VECTOR('',#5351,10.);
#1471=VECTOR('',#5352,10.);
#1472=VECTOR('',#5353,10.);
#1473=VECTOR('',#5354,10.);
#1474=VECTOR('',#5355,10.);
#1475=VECTOR('',#5356,10.);
#1476=VECTOR('',#5359,10.);
#1477=VECTOR('',#5360,10.);
#1478=VECTOR('',#5361,10.);
#1479=VECTOR('',#5364,10.);
#1480=VECTOR('',#5365,10.);
#1481=VECTOR('',#5366,10.);
#1482=VECTOR('',#5369,10.);
#1483=VECTOR('',#5370,10.);
#1484=VECTOR('',#5371,10.);
#1485=VECTOR('',#5374,10.);
#1486=VECTOR('',#5375,10.);
#1487=VECTOR('',#5376,10.);
#1488=VECTOR('',#5379,10.);
#1489=VECTOR('',#5380,10.);
#1490=VECTOR('',#5381,10.);
#1491=VECTOR('',#5384,10.);
#1492=VECTOR('',#5385,10.);
#1493=VECTOR('',#5388,10.);
#1494=VECTOR('',#5389,10.);
#1495=VECTOR('',#5390,10.);
#1496=VECTOR('',#5393,10.);
#1497=VECTOR('',#5394,10.);
#1498=VECTOR('',#5395,10.);
#1499=VECTOR('',#5398,10.);
#1500=VECTOR('',#5399,10.);
#1501=VECTOR('',#5402,10.);
#1502=VECTOR('',#5403,10.);
#1503=VECTOR('',#5406,10.);
#1504=VECTOR('',#5407,10.);
#1505=VECTOR('',#5408,10.);
#1506=VECTOR('',#5411,10.);
#1507=VECTOR('',#5412,10.);
#1508=VECTOR('',#5413,10.);
#1509=VECTOR('',#5416,10.);
#1510=VECTOR('',#5417,10.);
#1511=VECTOR('',#5418,10.);
#1512=VECTOR('',#5421,10.);
#1513=VECTOR('',#5422,10.);
#1514=VECTOR('',#5423,10.);
#1515=VECTOR('',#5426,10.);
#1516=VECTOR('',#5427,10.);
#1517=VECTOR('',#5428,10.);
#1518=VECTOR('',#5431,10.);
#1519=VECTOR('',#5432,10.);
#1520=VECTOR('',#5433,10.);
#1521=VECTOR('',#5436,10.);
#1522=VECTOR('',#5437,10.);
#1523=VECTOR('',#5438,10.);
#1524=VECTOR('',#5439,10.);
#1525=VECTOR('',#5442,10.);
#1526=VECTOR('',#5443,10.);
#1527=VECTOR('',#5444,10.);
#1528=VECTOR('',#5447,10.);
#1529=VECTOR('',#5448,10.);
#1530=VECTOR('',#5449,10.);
#1531=VECTOR('',#5452,10.);
#1532=VECTOR('',#5453,10.);
#1533=VECTOR('',#5456,10.);
#1534=VECTOR('',#5457,10.);
#1535=VECTOR('',#5458,10.);
#1536=VECTOR('',#5461,10.);
#1537=VECTOR('',#5462,10.);
#1538=VECTOR('',#5463,10.);
#1539=VECTOR('',#5464,10.);
#1540=VECTOR('',#5467,10.);
#1541=VECTOR('',#5468,10.);
#1542=VECTOR('',#5469,10.);
#1543=VECTOR('',#5470,10.);
#1544=VECTOR('',#5473,10.);
#1545=VECTOR('',#5474,10.);
#1546=VECTOR('',#5475,10.);
#1547=VECTOR('',#5478,10.);
#1548=VECTOR('',#5479,10.);
#1549=VECTOR('',#5480,10.);
#1550=VECTOR('',#5483,10.);
#1551=VECTOR('',#5484,10.);
#1552=VECTOR('',#5485,10.);
#1553=VECTOR('',#5488,10.);
#1554=VECTOR('',#5489,10.);
#1555=VECTOR('',#5492,10.);
#1556=VECTOR('',#5493,10.);
#1557=VECTOR('',#5494,10.);
#1558=VECTOR('',#5497,10.);
#1559=VECTOR('',#5498,10.);
#1560=VECTOR('',#5501,10.);
#1561=VECTOR('',#5502,10.);
#1562=VECTOR('',#5505,10.);
#1563=VECTOR('',#5506,10.);
#1564=VECTOR('',#5507,10.);
#1565=VECTOR('',#5510,10.);
#1566=VECTOR('',#5511,10.);
#1567=VECTOR('',#5514,10.);
#1568=VECTOR('',#5515,10.);
#1569=VECTOR('',#5516,10.);
#1570=VECTOR('',#5519,10.);
#1571=VECTOR('',#5520,10.);
#1572=VECTOR('',#5521,10.);
#1573=VECTOR('',#5524,10.);
#1574=VECTOR('',#5525,10.);
#1575=VECTOR('',#5526,10.);
#1576=VECTOR('',#5529,10.);
#1577=VECTOR('',#5530,10.);
#1578=VECTOR('',#5531,10.);
#1579=VECTOR('',#5532,10.);
#1580=VECTOR('',#5535,10.);
#1581=VECTOR('',#5540,10.);
#1582=VECTOR('',#5541,10.);
#1583=VECTOR('',#5542,10.);
#1584=VECTOR('',#5543,10.);
#1585=VECTOR('',#5544,10.);
#1586=VECTOR('',#5545,10.);
#1587=VECTOR('',#5546,10.);
#1588=VECTOR('',#5547,10.);
#1589=VECTOR('',#5548,10.);
#1590=VECTOR('',#5549,10.);
#1591=VECTOR('',#5550,10.);
#1592=VECTOR('',#5551,10.);
#1593=VECTOR('',#5552,10.);
#1594=VECTOR('',#5553,10.);
#1595=VECTOR('',#5554,10.);
#1596=VECTOR('',#5555,10.);
#1597=VECTOR('',#5556,10.);
#1598=VECTOR('',#5557,10.);
#1599=VECTOR('',#5558,10.);
#1600=VECTOR('',#5559,10.);
#1601=VECTOR('',#5560,10.);
#1602=VECTOR('',#5561,10.);
#1603=VECTOR('',#5564,10.);
#1604=VECTOR('',#5565,10.);
#1605=VECTOR('',#5566,10.);
#1606=VECTOR('',#5567,10.);
#1607=VECTOR('',#5568,10.);
#1608=VECTOR('',#5569,10.);
#1609=VECTOR('',#5570,10.);
#1610=VECTOR('',#5571,10.);
#1611=VECTOR('',#5572,10.);
#1612=VECTOR('',#5573,10.);
#1613=VECTOR('',#5574,10.);
#1614=VECTOR('',#5575,10.);
#1615=VECTOR('',#5576,10.);
#1616=VECTOR('',#5577,10.);
#1617=VECTOR('',#5578,10.);
#1618=VECTOR('',#5579,10.);
#1619=VECTOR('',#5580,10.);
#1620=VECTOR('',#5581,10.);
#1621=VECTOR('',#5582,10.);
#1622=VECTOR('',#5583,10.);
#1623=VECTOR('',#5584,10.);
#1624=VECTOR('',#5585,10.);
#1625=VECTOR('',#5586,10.);
#1626=VECTOR('',#5587,10.);
#1627=VECTOR('',#5590,10.);
#1628=VECTOR('',#5591,10.);
#1629=VECTOR('',#5592,10.);
#1630=VECTOR('',#5595,10.);
#1631=VECTOR('',#5596,10.);
#1632=VECTOR('',#5597,10.);
#1633=VECTOR('',#5600,10.);
#1634=VECTOR('',#5605,10.);
#1635=VECTOR('',#5606,10.);
#1636=VECTOR('',#5609,10.);
#1637=VECTOR('',#5614,10.);
#1638=VECTOR('',#5615,10.);
#1639=VECTOR('',#5618,10.);
#1640=VECTOR('',#5621,10.);
#1641=VECTOR('',#5624,10.);
#1642=VECTOR('',#5627,10.);
#1643=VECTOR('',#5628,10.);
#1644=VECTOR('',#5631,10.);
#1645=VECTOR('',#5632,10.);
#1646=VECTOR('',#5643,2.);
#1647=VECTOR('',#5654,2.);
#1648=VECTOR('',#5665,2.);
#1649=VECTOR('',#5676,2.);
#1650=VECTOR('',#5679,10.);
#1651=VECTOR('',#5680,10.);
#1652=VECTOR('',#5681,10.);
#1653=VECTOR('',#5682,10.);
#1654=VECTOR('',#5685,10.);
#1655=VECTOR('',#5686,10.);
#1656=VECTOR('',#5689,10.);
#1657=VECTOR('',#5690,10.);
#1658=VECTOR('',#5691,10.);
#1659=VECTOR('',#5694,10.);
#1660=VECTOR('',#5695,10.);
#1661=VECTOR('',#5702,10.);
#1662=VECTOR('',#5703,10.);
#1663=VECTOR('',#5704,10.);
#1664=VECTOR('',#5707,10.);
#1665=VECTOR('',#5708,10.);
#1666=VECTOR('',#5711,10.);
#1667=VECTOR('',#5712,10.);
#1668=VECTOR('',#5713,10.);
#1669=VECTOR('',#5716,10.);
#1670=VECTOR('',#5717,10.);
#1671=VECTOR('',#5718,10.);
#1672=VECTOR('',#5721,10.);
#1673=VECTOR('',#5722,10.);
#1674=VECTOR('',#5723,10.);
#1675=VECTOR('',#5726,10.);
#1676=VECTOR('',#5727,10.);
#1677=VECTOR('',#5734,10.);
#1678=VECTOR('',#5735,10.);
#1679=VECTOR('',#5736,10.);
#1680=VECTOR('',#5739,10.);
#1681=VECTOR('',#5740,10.);
#1682=VECTOR('',#5743,10.);
#1683=VECTOR('',#5744,10.);
#1684=VECTOR('',#5747,10.);
#1685=VECTOR('',#5748,10.);
#1686=VECTOR('',#5751,10.);
#1687=VECTOR('',#5752,10.);
#1688=VECTOR('',#5755,10.);
#1689=VECTOR('',#5762,10.);
#1690=VECTOR('',#5763,10.);
#1691=VECTOR('',#5764,10.);
#1692=VECTOR('',#5767,10.);
#1693=VECTOR('',#5768,10.);
#1694=VECTOR('',#5771,10.);
#1695=VECTOR('',#5772,10.);
#1696=VECTOR('',#5775,10.);
#1697=VECTOR('',#5776,10.);
#1698=VECTOR('',#5779,10.);
#1699=VECTOR('',#5780,10.);
#1700=VECTOR('',#5783,10.);
#1701=VECTOR('',#5790,10.);
#1702=VECTOR('',#5791,10.);
#1703=VECTOR('',#5792,10.);
#1704=VECTOR('',#5795,10.);
#1705=VECTOR('',#5796,10.);
#1706=VECTOR('',#5797,10.);
#1707=VECTOR('',#5800,10.);
#1708=VECTOR('',#5801,10.);
#1709=VECTOR('',#5802,10.);
#1710=VECTOR('',#5805,10.);
#1711=VECTOR('',#5806,10.);
#1712=VECTOR('',#5807,10.);
#1713=VECTOR('',#5810,10.);
#1714=VECTOR('',#5811,10.);
#1715=VECTOR('',#5812,10.);
#1716=VECTOR('',#5815,10.);
#1717=VECTOR('',#5822,10.);
#1718=VECTOR('',#5823,10.);
#1719=VECTOR('',#5824,10.);
#1720=VECTOR('',#5827,10.);
#1721=VECTOR('',#5830,10.);
#1722=VECTOR('',#5831,10.);
#1723=VECTOR('',#5834,10.);
#1724=VECTOR('',#5841,10.);
#1725=VECTOR('',#5842,10.);
#1726=VECTOR('',#5843,10.);
#1727=VECTOR('',#5846,10.);
#1728=VECTOR('',#5847,10.);
#1729=VECTOR('',#5848,10.);
#1730=VECTOR('',#5851,10.);
#1731=VECTOR('',#5852,10.);
#1732=VECTOR('',#5853,10.);
#1733=VECTOR('',#5856,10.);
#1734=VECTOR('',#5857,10.);
#1735=VECTOR('',#5864,10.);
#1736=VECTOR('',#5865,10.);
#1737=VECTOR('',#5866,10.);
#1738=VECTOR('',#5867,10.);
#1739=VECTOR('',#5870,10.);
#1740=VECTOR('',#5871,10.);
#1741=VECTOR('',#5874,10.);
#1742=VECTOR('',#5875,10.);
#1743=VECTOR('',#5882,10.);
#1744=VECTOR('',#5883,10.);
#1745=VECTOR('',#5884,10.);
#1746=VECTOR('',#5887,10.);
#1747=VECTOR('',#5888,10.);
#1748=VECTOR('',#5891,10.);
#1749=VECTOR('',#5892,10.);
#1750=VECTOR('',#5893,10.);
#1751=VECTOR('',#5896,10.);
#1752=VECTOR('',#5897,10.);
#1753=VECTOR('',#5898,10.);
#1754=VECTOR('',#5901,10.);
#1755=VECTOR('',#5902,10.);
#1756=VECTOR('',#5903,10.);
#1757=VECTOR('',#5906,10.);
#1758=VECTOR('',#5913,10.);
#1759=VECTOR('',#5914,10.);
#1760=VECTOR('',#5915,10.);
#1761=VECTOR('',#5916,10.);
#1762=VECTOR('',#5919,10.);
#1763=VECTOR('',#5920,10.);
#1764=VECTOR('',#5923,10.);
#1765=VECTOR('',#5924,10.);
#1766=VECTOR('',#5931,10.);
#1767=VECTOR('',#5932,10.);
#1768=VECTOR('',#5933,10.);
#1769=VECTOR('',#5936,10.);
#1770=VECTOR('',#5939,10.);
#1771=VECTOR('',#5940,10.);
#1772=VECTOR('',#5941,10.);
#1773=VECTOR('',#5944,10.);
#1774=VECTOR('',#5945,10.);
#1775=VECTOR('',#5952,10.);
#1776=VECTOR('',#5953,10.);
#1777=VECTOR('',#5954,10.);
#1778=VECTOR('',#5957,10.);
#1779=VECTOR('',#5958,10.);
#1780=VECTOR('',#5961,10.);
#1781=VECTOR('',#5962,10.);
#1782=VECTOR('',#5965,10.);
#1783=VECTOR('',#5966,10.);
#1784=VECTOR('',#5969,10.);
#1785=VECTOR('',#5970,10.);
#1786=VECTOR('',#5973,10.);
#1787=VECTOR('',#5980,10.);
#1788=VECTOR('',#5981,10.);
#1789=VECTOR('',#5982,10.);
#1790=VECTOR('',#5985,10.);
#1791=VECTOR('',#5986,10.);
#1792=VECTOR('',#5989,10.);
#1793=VECTOR('',#5992,10.);
#1794=VECTOR('',#5993,10.);
#1795=VECTOR('',#5996,10.);
#1796=VECTOR('',#6003,10.);
#1797=VECTOR('',#6004,10.);
#1798=VECTOR('',#6005,10.);
#1799=VECTOR('',#6008,10.);
#1800=VECTOR('',#6009,10.);
#1801=VECTOR('',#6012,10.);
#1802=VECTOR('',#6013,10.);
#1803=VECTOR('',#6016,10.);
#1804=VECTOR('',#6017,10.);
#1805=VECTOR('',#6020,10.);
#1806=VECTOR('',#6021,10.);
#1807=VECTOR('',#6024,10.);
#1808=VECTOR('',#6031,10.);
#1809=VECTOR('',#6032,10.);
#1810=VECTOR('',#6033,10.);
#1811=VECTOR('',#6034,10.);
#1812=VECTOR('',#6037,10.);
#1813=VECTOR('',#6038,10.);
#1814=VECTOR('',#6039,10.);
#1815=VECTOR('',#6042,10.);
#1816=VECTOR('',#6043,10.);
#1817=VECTOR('',#6044,10.);
#1818=VECTOR('',#6047,10.);
#1819=VECTOR('',#6048,10.);
#1820=VECTOR('',#6049,10.);
#1821=VECTOR('',#6052,10.);
#1822=VECTOR('',#6053,10.);
#1823=VECTOR('',#6054,10.);
#1824=VECTOR('',#6057,10.);
#1825=VECTOR('',#6064,10.);
#1826=VECTOR('',#6065,10.);
#1827=VECTOR('',#6066,10.);
#1828=VECTOR('',#6069,10.);
#1829=VECTOR('',#6070,10.);
#1830=VECTOR('',#6073,10.);
#1831=VECTOR('',#6074,10.);
#1832=VECTOR('',#6077,10.);
#1833=VECTOR('',#6078,10.);
#1834=VECTOR('',#6081,10.);
#1835=VECTOR('',#6082,10.);
#1836=VECTOR('',#6085,10.);
#1837=VECTOR('',#6092,10.);
#1838=VECTOR('',#6093,10.);
#1839=VECTOR('',#6094,10.);
#1840=VECTOR('',#6095,10.);
#1841=VECTOR('',#6098,10.);
#1842=VECTOR('',#6099,10.);
#1843=VECTOR('',#6100,10.);
#1844=VECTOR('',#6103,10.);
#1845=VECTOR('',#6104,10.);
#1846=VECTOR('',#6105,10.);
#1847=VECTOR('',#6108,10.);
#1848=VECTOR('',#6109,10.);
#1849=VECTOR('',#6110,10.);
#1850=VECTOR('',#6113,10.);
#1851=VECTOR('',#6114,10.);
#1852=VECTOR('',#6117,10.);
#1853=VECTOR('',#6124,10.);
#1854=VECTOR('',#6125,10.);
#1855=VECTOR('',#6126,10.);
#1856=VECTOR('',#6127,10.);
#1857=VECTOR('',#6130,10.);
#1858=VECTOR('',#6131,10.);
#1859=VECTOR('',#6132,10.);
#1860=VECTOR('',#6135,10.);
#1861=VECTOR('',#6136,10.);
#1862=VECTOR('',#6139,10.);
#1863=VECTOR('',#6140,10.);
#1864=VECTOR('',#6147,10.);
#1865=VECTOR('',#6148,10.);
#1866=VECTOR('',#6151,10.);
#1867=VECTOR('',#6158,10.);
#1868=VECTOR('',#6159,10.);
#1869=VECTOR('',#6160,10.);
#1870=VECTOR('',#6163,10.);
#1871=VECTOR('',#6164,10.);
#1872=VECTOR('',#6167,10.);
#1873=VECTOR('',#6168,10.);
#1874=VECTOR('',#6171,10.);
#1875=VECTOR('',#6174,10.);
#1876=VECTOR('',#6181,10.);
#1877=VECTOR('',#6182,10.);
#1878=VECTOR('',#6185,10.);
#1879=VECTOR('',#6186,10.);
#1880=VECTOR('',#6187,10.);
#1881=VECTOR('',#6190,10.);
#1882=VECTOR('',#6191,10.);
#1883=VECTOR('',#6192,10.);
#1884=VECTOR('',#6195,10.);
#1885=VECTOR('',#6196,10.);
#1886=VECTOR('',#6197,10.);
#1887=VECTOR('',#6200,10.);
#1888=VECTOR('',#6201,10.);
#1889=VECTOR('',#6208,1.75);
#1890=VECTOR('',#6213,1.75);
#1891=VECTOR('',#6218,1.75);
#1892=VECTOR('',#6223,1.75);
#1893=VECTOR('',#6228,1.75);
#1894=VECTOR('',#6233,1.75);
#1895=VECTOR('',#6238,1.75);
#1896=VECTOR('',#6243,1.75);
#1897=VECTOR('',#6248,1.75);
#1898=VECTOR('',#6253,1.75);
#1899=VECTOR('',#6258,1.75);
#1900=VECTOR('',#6263,1.75);
#1901=VECTOR('',#6268,1.75);
#1902=VECTOR('',#6273,1.75);
#1903=VECTOR('',#6278,1.75);
#1904=VECTOR('',#6283,1.75);
#1905=VECTOR('',#6288,1.75);
#1906=VECTOR('',#6293,1.75);
#1907=VECTOR('',#6298,1.75);
#1908=VECTOR('',#6303,1.75);
#1909=VECTOR('',#6308,1.75);
#1910=VECTOR('',#6313,10.);
#1911=VECTOR('',#6314,10.);
#1912=VECTOR('',#6315,10.);
#1913=VECTOR('',#6320,10.);
#1914=VECTOR('',#6323,10.);
#1915=VECTOR('',#6324,10.);
#1916=VECTOR('',#6329,10.);
#1917=VECTOR('',#6332,10.);
#1918=VECTOR('',#6333,10.);
#1919=VECTOR('',#6338,10.);
#1920=VECTOR('',#6341,10.);
#1921=VECTOR('',#6342,10.);
#1922=VECTOR('',#6345,10.);
#1923=VECTOR('',#6348,10.);
#1924=VECTOR('',#6349,10.);
#1925=VECTOR('',#6368,10.);
#1926=VECTOR('',#6371,10.);
#1927=VECTOR('',#6374,1.45);
#1928=VECTOR('',#6377,1.45);
#1929=VECTOR('',#6380,1.45);
#1930=VECTOR('',#6383,1.45);
#1931=VECTOR('',#6386,10.);
#1932=VECTOR('',#6387,10.);
#1933=VECTOR('',#6392,10.);
#1934=VERTEX_POINT('',#6397);
#1935=VERTEX_POINT('',#6398);
#1936=VERTEX_POINT('',#6400);
#1937=VERTEX_POINT('',#6402);
#1938=VERTEX_POINT('',#6404);
#1939=VERTEX_POINT('',#6406);
#1940=VERTEX_POINT('',#6408);
#1941=VERTEX_POINT('',#6410);
#1942=VERTEX_POINT('',#6412);
#1943=VERTEX_POINT('',#6414);
#1944=VERTEX_POINT('',#6416);
#1945=VERTEX_POINT('',#6418);
#1946=VERTEX_POINT('',#6420);
#1947=VERTEX_POINT('',#6422);
#1948=VERTEX_POINT('',#6424);
#1949=VERTEX_POINT('',#6426);
#1950=VERTEX_POINT('',#6428);
#1951=VERTEX_POINT('',#6430);
#1952=VERTEX_POINT('',#6432);
#1953=VERTEX_POINT('',#6434);
#1954=VERTEX_POINT('',#6436);
#1955=VERTEX_POINT('',#6438);
#1956=VERTEX_POINT('',#6440);
#1957=VERTEX_POINT('',#6442);
#1958=VERTEX_POINT('',#6444);
#1959=VERTEX_POINT('',#6446);
#1960=VERTEX_POINT('',#6448);
#1961=VERTEX_POINT('',#6450);
#1962=VERTEX_POINT('',#6452);
#1963=VERTEX_POINT('',#6454);
#1964=VERTEX_POINT('',#6456);
#1965=VERTEX_POINT('',#6458);
#1966=VERTEX_POINT('',#6460);
#1967=VERTEX_POINT('',#6462);
#1968=VERTEX_POINT('',#6464);
#1969=VERTEX_POINT('',#6466);
#1970=VERTEX_POINT('',#6468);
#1971=VERTEX_POINT('',#6470);
#1972=VERTEX_POINT('',#6472);
#1973=VERTEX_POINT('',#6474);
#1974=VERTEX_POINT('',#6476);
#1975=VERTEX_POINT('',#6478);
#1976=VERTEX_POINT('',#6480);
#1977=VERTEX_POINT('',#6482);
#1978=VERTEX_POINT('',#6486);
#1979=VERTEX_POINT('',#6488);
#1980=VERTEX_POINT('',#6492);
#1981=VERTEX_POINT('',#6494);
#1982=VERTEX_POINT('',#6498);
#1983=VERTEX_POINT('',#6500);
#1984=VERTEX_POINT('',#6504);
#1985=VERTEX_POINT('',#6506);
#1986=VERTEX_POINT('',#6510);
#1987=VERTEX_POINT('',#6514);
#1988=VERTEX_POINT('',#6516);
#1989=VERTEX_POINT('',#6520);
#1990=VERTEX_POINT('',#6522);
#1991=VERTEX_POINT('',#6526);
#1992=VERTEX_POINT('',#6530);
#1993=VERTEX_POINT('',#6534);
#1994=VERTEX_POINT('',#6536);
#1995=VERTEX_POINT('',#6540);
#1996=VERTEX_POINT('',#6542);
#1997=VERTEX_POINT('',#6546);
#1998=VERTEX_POINT('',#6548);
#1999=VERTEX_POINT('',#6552);
#2000=VERTEX_POINT('',#6554);
#2001=VERTEX_POINT('',#6558);
#2002=VERTEX_POINT('',#6560);
#2003=VERTEX_POINT('',#6564);
#2004=VERTEX_POINT('',#6565);
#2005=VERTEX_POINT('',#6567);
#2006=VERTEX_POINT('',#6569);
#2007=VERTEX_POINT('',#6571);
#2008=VERTEX_POINT('',#6573);
#2009=VERTEX_POINT('',#6575);
#2010=VERTEX_POINT('',#6577);
#2011=VERTEX_POINT('',#6579);
#2012=VERTEX_POINT('',#6581);
#2013=VERTEX_POINT('',#6583);
#2014=VERTEX_POINT('',#6585);
#2015=VERTEX_POINT('',#6587);
#2016=VERTEX_POINT('',#6589);
#2017=VERTEX_POINT('',#6591);
#2018=VERTEX_POINT('',#6593);
#2019=VERTEX_POINT('',#6595);
#2020=VERTEX_POINT('',#6597);
#2021=VERTEX_POINT('',#6599);
#2022=VERTEX_POINT('',#6601);
#2023=VERTEX_POINT('',#6603);
#2024=VERTEX_POINT('',#6605);
#2025=VERTEX_POINT('',#6607);
#2026=VERTEX_POINT('',#6609);
#2027=VERTEX_POINT('',#6611);
#2028=VERTEX_POINT('',#6613);
#2029=VERTEX_POINT('',#6615);
#2030=VERTEX_POINT('',#6617);
#2031=VERTEX_POINT('',#6619);
#2032=VERTEX_POINT('',#6621);
#2033=VERTEX_POINT('',#6623);
#2034=VERTEX_POINT('',#6625);
#2035=VERTEX_POINT('',#6627);
#2036=VERTEX_POINT('',#6629);
#2037=VERTEX_POINT('',#6631);
#2038=VERTEX_POINT('',#6633);
#2039=VERTEX_POINT('',#6635);
#2040=VERTEX_POINT('',#6637);
#2041=VERTEX_POINT('',#6639);
#2042=VERTEX_POINT('',#6641);
#2043=VERTEX_POINT('',#6643);
#2044=VERTEX_POINT('',#6645);
#2045=VERTEX_POINT('',#6647);
#2046=VERTEX_POINT('',#6649);
#2047=VERTEX_POINT('',#6653);
#2048=VERTEX_POINT('',#6655);
#2049=VERTEX_POINT('',#6659);
#2050=VERTEX_POINT('',#6661);
#2051=VERTEX_POINT('',#6665);
#2052=VERTEX_POINT('',#6667);
#2053=VERTEX_POINT('',#6671);
#2054=VERTEX_POINT('',#6673);
#2055=VERTEX_POINT('',#6677);
#2056=VERTEX_POINT('',#6679);
#2057=VERTEX_POINT('',#6683);
#2058=VERTEX_POINT('',#6687);
#2059=VERTEX_POINT('',#6689);
#2060=VERTEX_POINT('',#6693);
#2061=VERTEX_POINT('',#6695);
#2062=VERTEX_POINT('',#6699);
#2063=VERTEX_POINT('',#6703);
#2064=VERTEX_POINT('',#6707);
#2065=VERTEX_POINT('',#6709);
#2066=VERTEX_POINT('',#6713);
#2067=VERTEX_POINT('',#6715);
#2068=VERTEX_POINT('',#6719);
#2069=VERTEX_POINT('',#6721);
#2070=VERTEX_POINT('',#6725);
#2071=VERTEX_POINT('',#6727);
#2072=VERTEX_POINT('',#6731);
#2073=VERTEX_POINT('',#6733);
#2074=VERTEX_POINT('',#6737);
#2075=VERTEX_POINT('',#6739);
#2076=VERTEX_POINT('',#6743);
#2077=VERTEX_POINT('',#6745);
#2078=VERTEX_POINT('',#6747);
#2079=VERTEX_POINT('',#6751);
#2080=VERTEX_POINT('',#6753);
#2081=VERTEX_POINT('',#6757);
#2082=VERTEX_POINT('',#6759);
#2083=VERTEX_POINT('',#6766);
#2084=VERTEX_POINT('',#6768);
#2085=VERTEX_POINT('',#6772);
#2086=VERTEX_POINT('',#6774);
#2087=VERTEX_POINT('',#6776);
#2088=VERTEX_POINT('',#6780);
#2089=VERTEX_POINT('',#6782);
#2090=VERTEX_POINT('',#6784);
#2091=VERTEX_POINT('',#6788);
#2092=VERTEX_POINT('',#6790);
#2093=VERTEX_POINT('',#6794);
#2094=VERTEX_POINT('',#6796);
#2095=VERTEX_POINT('',#6800);
#2096=VERTEX_POINT('',#6802);
#2097=VERTEX_POINT('',#6806);
#2098=VERTEX_POINT('',#6810);
#2099=VERTEX_POINT('',#6812);
#2100=VERTEX_POINT('',#6816);
#2101=VERTEX_POINT('',#6820);
#2102=VERTEX_POINT('',#6824);
#2103=VERTEX_POINT('',#6826);
#2104=VERTEX_POINT('',#6830);
#2105=VERTEX_POINT('',#6834);
#2106=VERTEX_POINT('',#6836);
#2107=VERTEX_POINT('',#6840);
#2108=VERTEX_POINT('',#6842);
#2109=VERTEX_POINT('',#6846);
#2110=VERTEX_POINT('',#6848);
#2111=VERTEX_POINT('',#6852);
#2112=VERTEX_POINT('',#6854);
#2113=VERTEX_POINT('',#6856);
#2114=VERTEX_POINT('',#6863);
#2115=VERTEX_POINT('',#6867);
#2116=VERTEX_POINT('',#6869);
#2117=VERTEX_POINT('',#6871);
#2118=VERTEX_POINT('',#6873);
#2119=VERTEX_POINT('',#6876);
#2120=VERTEX_POINT('',#6879);
#2121=VERTEX_POINT('',#6880);
#2122=VERTEX_POINT('',#6882);
#2123=VERTEX_POINT('',#6884);
#2124=VERTEX_POINT('',#6886);
#2125=VERTEX_POINT('',#6888);
#2126=VERTEX_POINT('',#6891);
#2127=VERTEX_POINT('',#6892);
#2128=VERTEX_POINT('',#6894);
#2129=VERTEX_POINT('',#6896);
#2130=VERTEX_POINT('',#6898);
#2131=VERTEX_POINT('',#6900);
#2132=VERTEX_POINT('',#6904);
#2133=VERTEX_POINT('',#6906);
#2134=VERTEX_POINT('',#6908);
#2135=VERTEX_POINT('',#6911);
#2136=VERTEX_POINT('',#6913);
#2137=VERTEX_POINT('',#6916);
#2138=VERTEX_POINT('',#6918);
#2139=VERTEX_POINT('',#6921);
#2140=VERTEX_POINT('',#6924);
#2141=VERTEX_POINT('',#6925);
#2142=VERTEX_POINT('',#6927);
#2143=VERTEX_POINT('',#6929);
#2144=VERTEX_POINT('',#6931);
#2145=VERTEX_POINT('',#6933);
#2146=VERTEX_POINT('',#6936);
#2147=VERTEX_POINT('',#6937);
#2148=VERTEX_POINT('',#6939);
#2149=VERTEX_POINT('',#6941);
#2150=VERTEX_POINT('',#6943);
#2151=VERTEX_POINT('',#6945);
#2152=VERTEX_POINT('',#6949);
#2153=VERTEX_POINT('',#6951);
#2154=VERTEX_POINT('',#6996);
#2155=VERTEX_POINT('',#6997);
#2156=VERTEX_POINT('',#7004);
#2157=VERTEX_POINT('',#7012);
#2158=VERTEX_POINT('',#7068);
#2159=VERTEX_POINT('',#7069);
#2160=VERTEX_POINT('',#7076);
#2161=VERTEX_POINT('',#7084);
#2162=VERTEX_POINT('',#7122);
#2163=VERTEX_POINT('',#7123);
#2164=VERTEX_POINT('',#7162);
#2165=VERTEX_POINT('',#7167);
#2166=VERTEX_POINT('',#7220);
#2167=VERTEX_POINT('',#7221);
#2168=VERTEX_POINT('',#7284);
#2169=VERTEX_POINT('',#7292);
#2170=VERTEX_POINT('',#7330);
#2171=VERTEX_POINT('',#7335);
#2172=VERTEX_POINT('',#7343);
#2173=VERTEX_POINT('',#7350);
#2174=VERTEX_POINT('',#7399);
#2175=VERTEX_POINT('',#7401);
#2176=VERTEX_POINT('',#7405);
#2177=VERTEX_POINT('',#7409);
#2178=VERTEX_POINT('',#7413);
#2179=VERTEX_POINT('',#7417);
#2180=VERTEX_POINT('',#7419);
#2181=VERTEX_POINT('',#7421);
#2182=VERTEX_POINT('',#7423);
#2183=VERTEX_POINT('',#7425);
#2184=VERTEX_POINT('',#7427);
#2185=VERTEX_POINT('',#7429);
#2186=VERTEX_POINT('',#7431);
#2187=VERTEX_POINT('',#7433);
#2188=VERTEX_POINT('',#7435);
#2189=VERTEX_POINT('',#7439);
#2190=VERTEX_POINT('',#7443);
#2191=VERTEX_POINT('',#7445);
#2192=VERTEX_POINT('',#7448);
#2193=VERTEX_POINT('',#7452);
#2194=VERTEX_POINT('',#7454);
#2195=VERTEX_POINT('',#7457);
#2196=VERTEX_POINT('',#7461);
#2197=VERTEX_POINT('',#7463);
#2198=VERTEX_POINT('',#7466);
#2199=VERTEX_POINT('',#7470);
#2200=VERTEX_POINT('',#7472);
#2201=VERTEX_POINT('',#7475);
#2202=VERTEX_POINT('',#7479);
#2203=VERTEX_POINT('',#7480);
#2204=VERTEX_POINT('',#7482);
#2205=VERTEX_POINT('',#7484);
#2206=VERTEX_POINT('',#7491);
#2207=VERTEX_POINT('',#7493);
#2208=VERTEX_POINT('',#7500);
#2209=VERTEX_POINT('',#7503);
#2210=VERTEX_POINT('',#7505);
#2211=VERTEX_POINT('',#7509);
#2212=VERTEX_POINT('',#7513);
#2213=VERTEX_POINT('',#7515);
#2214=VERTEX_POINT('',#7519);
#2215=VERTEX_POINT('',#7521);
#2216=VERTEX_POINT('',#7525);
#2217=VERTEX_POINT('',#7527);
#2218=VERTEX_POINT('',#7534);
#2219=VERTEX_POINT('',#7537);
#2220=VERTEX_POINT('',#7539);
#2221=VERTEX_POINT('',#7543);
#2222=VERTEX_POINT('',#7547);
#2223=VERTEX_POINT('',#7551);
#2224=VERTEX_POINT('',#7555);
#2225=VERTEX_POINT('',#7561);
#2226=VERTEX_POINT('',#7564);
#2227=VERTEX_POINT('',#7566);
#2228=VERTEX_POINT('',#7570);
#2229=VERTEX_POINT('',#7574);
#2230=VERTEX_POINT('',#7578);
#2231=VERTEX_POINT('',#7582);
#2232=VERTEX_POINT('',#7588);
#2233=VERTEX_POINT('',#7591);
#2234=VERTEX_POINT('',#7593);
#2235=VERTEX_POINT('',#7597);
#2236=VERTEX_POINT('',#7599);
#2237=VERTEX_POINT('',#7603);
#2238=VERTEX_POINT('',#7605);
#2239=VERTEX_POINT('',#7609);
#2240=VERTEX_POINT('',#7611);
#2241=VERTEX_POINT('',#7616);
#2242=VERTEX_POINT('',#7622);
#2243=VERTEX_POINT('',#7625);
#2244=VERTEX_POINT('',#7627);
#2245=VERTEX_POINT('',#7633);
#2246=VERTEX_POINT('',#7639);
#2247=VERTEX_POINT('',#7642);
#2248=VERTEX_POINT('',#7644);
#2249=VERTEX_POINT('',#7648);
#2250=VERTEX_POINT('',#7650);
#2251=VERTEX_POINT('',#7654);
#2252=VERTEX_POINT('',#7656);
#2253=VERTEX_POINT('',#7663);
#2254=VERTEX_POINT('',#7666);
#2255=VERTEX_POINT('',#7667);
#2256=VERTEX_POINT('',#7669);
#2257=VERTEX_POINT('',#7671);
#2258=VERTEX_POINT('',#7681);
#2259=VERTEX_POINT('',#7684);
#2260=VERTEX_POINT('',#7686);
#2261=VERTEX_POINT('',#7690);
#2262=VERTEX_POINT('',#7694);
#2263=VERTEX_POINT('',#7696);
#2264=VERTEX_POINT('',#7700);
#2265=VERTEX_POINT('',#7702);
#2266=VERTEX_POINT('',#7707);
#2267=VERTEX_POINT('',#7713);
#2268=VERTEX_POINT('',#7716);
#2269=VERTEX_POINT('',#7717);
#2270=VERTEX_POINT('',#7719);
#2271=VERTEX_POINT('',#7721);
#2272=VERTEX_POINT('',#7731);
#2273=VERTEX_POINT('',#7734);
#2274=VERTEX_POINT('',#7736);
#2275=VERTEX_POINT('',#7742);
#2276=VERTEX_POINT('',#7744);
#2277=VERTEX_POINT('',#7751);
#2278=VERTEX_POINT('',#7754);
#2279=VERTEX_POINT('',#7756);
#2280=VERTEX_POINT('',#7760);
#2281=VERTEX_POINT('',#7764);
#2282=VERTEX_POINT('',#7768);
#2283=VERTEX_POINT('',#7772);
#2284=VERTEX_POINT('',#7778);
#2285=VERTEX_POINT('',#7781);
#2286=VERTEX_POINT('',#7783);
#2287=VERTEX_POINT('',#7787);
#2288=VERTEX_POINT('',#7793);
#2289=VERTEX_POINT('',#7799);
#2290=VERTEX_POINT('',#7802);
#2291=VERTEX_POINT('',#7804);
#2292=VERTEX_POINT('',#7808);
#2293=VERTEX_POINT('',#7812);
#2294=VERTEX_POINT('',#7816);
#2295=VERTEX_POINT('',#7820);
#2296=VERTEX_POINT('',#7826);
#2297=VERTEX_POINT('',#7829);
#2298=VERTEX_POINT('',#7831);
#2299=VERTEX_POINT('',#7833);
#2300=VERTEX_POINT('',#7837);
#2301=VERTEX_POINT('',#7839);
#2302=VERTEX_POINT('',#7843);
#2303=VERTEX_POINT('',#7845);
#2304=VERTEX_POINT('',#7849);
#2305=VERTEX_POINT('',#7851);
#2306=VERTEX_POINT('',#7855);
#2307=VERTEX_POINT('',#7862);
#2308=VERTEX_POINT('',#7865);
#2309=VERTEX_POINT('',#7867);
#2310=VERTEX_POINT('',#7871);
#2311=VERTEX_POINT('',#7875);
#2312=VERTEX_POINT('',#7879);
#2313=VERTEX_POINT('',#7883);
#2314=VERTEX_POINT('',#7889);
#2315=VERTEX_POINT('',#7892);
#2316=VERTEX_POINT('',#7894);
#2317=VERTEX_POINT('',#7896);
#2318=VERTEX_POINT('',#7900);
#2319=VERTEX_POINT('',#7902);
#2320=VERTEX_POINT('',#7906);
#2321=VERTEX_POINT('',#7908);
#2322=VERTEX_POINT('',#7912);
#2323=VERTEX_POINT('',#7917);
#2324=VERTEX_POINT('',#7923);
#2325=VERTEX_POINT('',#7926);
#2326=VERTEX_POINT('',#7927);
#2327=VERTEX_POINT('',#7929);
#2328=VERTEX_POINT('',#7931);
#2329=VERTEX_POINT('',#7935);
#2330=VERTEX_POINT('',#7937);
#2331=VERTEX_POINT('',#7947);
#2332=VERTEX_POINT('',#7950);
#2333=VERTEX_POINT('',#7956);
#2334=VERTEX_POINT('',#7959);
#2335=VERTEX_POINT('',#7961);
#2336=VERTEX_POINT('',#7965);
#2337=VERTEX_POINT('',#7969);
#2338=VERTEX_POINT('',#7977);
#2339=VERTEX_POINT('',#7980);
#2340=VERTEX_POINT('',#7984);
#2341=VERTEX_POINT('',#7986);
#2342=VERTEX_POINT('',#7990);
#2343=VERTEX_POINT('',#7992);
#2344=VERTEX_POINT('',#7996);
#2345=VERTEX_POINT('',#7998);
#2346=VERTEX_POINT('',#8005);
#2347=VERTEX_POINT('',#8008);
#2348=VERTEX_POINT('',#8012);
#2349=VERTEX_POINT('',#8016);
#2350=VERTEX_POINT('',#8020);
#2351=VERTEX_POINT('',#8024);
#2352=VERTEX_POINT('',#8028);
#2353=VERTEX_POINT('',#8032);
#2354=VERTEX_POINT('',#8036);
#2355=VERTEX_POINT('',#8040);
#2356=VERTEX_POINT('',#8044);
#2357=VERTEX_POINT('',#8048);
#2358=VERTEX_POINT('',#8052);
#2359=VERTEX_POINT('',#8056);
#2360=VERTEX_POINT('',#8060);
#2361=VERTEX_POINT('',#8064);
#2362=VERTEX_POINT('',#8068);
#2363=VERTEX_POINT('',#8072);
#2364=VERTEX_POINT('',#8076);
#2365=VERTEX_POINT('',#8080);
#2366=VERTEX_POINT('',#8084);
#2367=VERTEX_POINT('',#8088);
#2368=VERTEX_POINT('',#8092);
#2369=VERTEX_POINT('',#8093);
#2370=VERTEX_POINT('',#8098);
#2371=VERTEX_POINT('',#8102);
#2372=VERTEX_POINT('',#8106);
#2373=VERTEX_POINT('',#8110);
#2374=VERTEX_POINT('',#8114);
#2375=VERTEX_POINT('',#8118);
#2376=VERTEX_POINT('',#8124);
#2377=VERTEX_POINT('',#8130);
#2378=VERTEX_POINT('',#8132);
#2379=VERTEX_POINT('',#8134);
#2380=VERTEX_POINT('',#8136);
#2381=VERTEX_POINT('',#8139);
#2382=VERTEX_POINT('',#8140);
#2383=VERTEX_POINT('',#8142);
#2384=EDGE_CURVE('',#1934,#1935,#764,.T.);
#2385=EDGE_CURVE('',#1936,#1935,#765,.T.);
#2386=EDGE_CURVE('',#1937,#1936,#766,.T.);
#2387=EDGE_CURVE('',#1938,#1937,#767,.T.);
#2388=EDGE_CURVE('',#1938,#1939,#768,.T.);
#2389=EDGE_CURVE('',#1940,#1939,#769,.T.);
#2390=EDGE_CURVE('',#1941,#1940,#770,.T.);
#2391=EDGE_CURVE('',#1942,#1941,#771,.T.);
#2392=EDGE_CURVE('',#1943,#1942,#772,.T.);
#2393=EDGE_CURVE('',#1944,#1943,#773,.T.);
#2394=EDGE_CURVE('',#1945,#1944,#774,.T.);
#2395=EDGE_CURVE('',#1946,#1945,#775,.T.);
#2396=EDGE_CURVE('',#1947,#1946,#776,.T.);
#2397=EDGE_CURVE('',#1948,#1947,#777,.T.);
#2398=EDGE_CURVE('',#1949,#1948,#778,.T.);
#2399=EDGE_CURVE('',#1950,#1949,#779,.T.);
#2400=EDGE_CURVE('',#1951,#1950,#780,.T.);
#2401=EDGE_CURVE('',#1952,#1951,#781,.T.);
#2402=EDGE_CURVE('',#1953,#1952,#782,.T.);
#2403=EDGE_CURVE('',#1954,#1953,#783,.T.);
#2404=EDGE_CURVE('',#1955,#1954,#784,.T.);
#2405=EDGE_CURVE('',#1956,#1955,#785,.T.);
#2406=EDGE_CURVE('',#1957,#1956,#786,.T.);
#2407=EDGE_CURVE('',#1958,#1957,#787,.T.);
#2408=EDGE_CURVE('',#1959,#1958,#788,.T.);
#2409=EDGE_CURVE('',#1960,#1959,#789,.T.);
#2410=EDGE_CURVE('',#1961,#1960,#790,.T.);
#2411=EDGE_CURVE('',#1962,#1961,#791,.T.);
#2412=EDGE_CURVE('',#1962,#1963,#792,.T.);
#2413=EDGE_CURVE('',#1964,#1963,#793,.T.);
#2414=EDGE_CURVE('',#1965,#1964,#794,.T.);
#2415=EDGE_CURVE('',#1966,#1965,#795,.T.);
#2416=EDGE_CURVE('',#1966,#1967,#796,.T.);
#2417=EDGE_CURVE('',#1968,#1967,#797,.T.);
#2418=EDGE_CURVE('',#1969,#1968,#798,.T.);
#2419=EDGE_CURVE('',#1970,#1969,#799,.T.);
#2420=EDGE_CURVE('',#1970,#1971,#800,.T.);
#2421=EDGE_CURVE('',#1972,#1971,#801,.T.);
#2422=EDGE_CURVE('',#1973,#1972,#802,.T.);
#2423=EDGE_CURVE('',#1974,#1973,#803,.T.);
#2424=EDGE_CURVE('',#1974,#1975,#804,.T.);
#2425=EDGE_CURVE('',#1976,#1975,#805,.T.);
#2426=EDGE_CURVE('',#1977,#1976,#806,.T.);
#2427=EDGE_CURVE('',#1934,#1977,#807,.T.);
#2428=EDGE_CURVE('',#1978,#1934,#808,.T.);
#2429=EDGE_CURVE('',#1979,#1978,#809,.T.);
#2430=EDGE_CURVE('',#1935,#1979,#810,.T.);
#2431=EDGE_CURVE('',#1980,#1938,#811,.T.);
#2432=EDGE_CURVE('',#1981,#1980,#812,.T.);
#2433=EDGE_CURVE('',#1939,#1981,#813,.T.);
#2434=EDGE_CURVE('',#1982,#1941,#814,.T.);
#2435=EDGE_CURVE('',#1983,#1982,#815,.T.);
#2436=EDGE_CURVE('',#1942,#1983,#816,.T.);
#2437=EDGE_CURVE('',#1984,#1945,#817,.T.);
#2438=EDGE_CURVE('',#1985,#1984,#818,.T.);
#2439=EDGE_CURVE('',#1946,#1985,#819,.T.);
#2440=EDGE_CURVE('',#1986,#1985,#820,.T.);
#2441=EDGE_CURVE('',#1947,#1986,#821,.T.);
#2442=EDGE_CURVE('',#1987,#1950,#822,.T.);
#2443=EDGE_CURVE('',#1988,#1987,#823,.T.);
#2444=EDGE_CURVE('',#1951,#1988,#824,.T.);
#2445=EDGE_CURVE('',#1989,#1953,#825,.T.);
#2446=EDGE_CURVE('',#1990,#1989,#826,.T.);
#2447=EDGE_CURVE('',#1954,#1990,#827,.T.);
#2448=EDGE_CURVE('',#1991,#1990,#828,.T.);
#2449=EDGE_CURVE('',#1955,#1991,#829,.T.);
#2450=EDGE_CURVE('',#1992,#1991,#830,.T.);
#2451=EDGE_CURVE('',#1956,#1992,#831,.T.);
#2452=EDGE_CURVE('',#1993,#1959,#832,.T.);
#2453=EDGE_CURVE('',#1994,#1993,#833,.T.);
#2454=EDGE_CURVE('',#1960,#1994,#834,.T.);
#2455=EDGE_CURVE('',#1995,#1962,#835,.T.);
#2456=EDGE_CURVE('',#1996,#1995,#836,.T.);
#2457=EDGE_CURVE('',#1963,#1996,#837,.T.);
#2458=EDGE_CURVE('',#1997,#1966,#838,.T.);
#2459=EDGE_CURVE('',#1998,#1997,#839,.T.);
#2460=EDGE_CURVE('',#1967,#1998,#840,.T.);
#2461=EDGE_CURVE('',#1999,#1970,#841,.T.);
#2462=EDGE_CURVE('',#2000,#1999,#842,.T.);
#2463=EDGE_CURVE('',#2000,#1971,#843,.T.);
#2464=EDGE_CURVE('',#2001,#1974,#844,.T.);
#2465=EDGE_CURVE('',#2002,#2001,#845,.T.);
#2466=EDGE_CURVE('',#2002,#1975,#846,.T.);
#2467=EDGE_CURVE('',#2003,#2004,#847,.T.);
#2468=EDGE_CURVE('',#2005,#2004,#848,.T.);
#2469=EDGE_CURVE('',#2006,#2005,#849,.T.);
#2470=EDGE_CURVE('',#2007,#2006,#850,.T.);
#2471=EDGE_CURVE('',#2007,#2008,#851,.T.);
#2472=EDGE_CURVE('',#2009,#2008,#852,.T.);
#2473=EDGE_CURVE('',#2010,#2009,#853,.T.);
#2474=EDGE_CURVE('',#2011,#2010,#854,.T.);
#2475=EDGE_CURVE('',#2011,#2012,#855,.T.);
#2476=EDGE_CURVE('',#2013,#2012,#856,.T.);
#2477=EDGE_CURVE('',#2014,#2013,#857,.T.);
#2478=EDGE_CURVE('',#2015,#2014,#858,.T.);
#2479=EDGE_CURVE('',#2016,#2015,#859,.T.);
#2480=EDGE_CURVE('',#2017,#2016,#860,.T.);
#2481=EDGE_CURVE('',#2018,#2017,#861,.T.);
#2482=EDGE_CURVE('',#2019,#2018,#862,.T.);
#2483=EDGE_CURVE('',#2020,#2019,#863,.T.);
#2484=EDGE_CURVE('',#2021,#2020,#864,.T.);
#2485=EDGE_CURVE('',#2022,#2021,#865,.T.);
#2486=EDGE_CURVE('',#2023,#2022,#866,.T.);
#2487=EDGE_CURVE('',#2024,#2023,#867,.T.);
#2488=EDGE_CURVE('',#2025,#2024,#868,.T.);
#2489=EDGE_CURVE('',#2026,#2025,#869,.T.);
#2490=EDGE_CURVE('',#2027,#2026,#870,.T.);
#2491=EDGE_CURVE('',#2028,#2027,#871,.T.);
#2492=EDGE_CURVE('',#2029,#2028,#872,.T.);
#2493=EDGE_CURVE('',#2030,#2029,#873,.T.);
#2494=EDGE_CURVE('',#2031,#2030,#874,.T.);
#2495=EDGE_CURVE('',#2032,#2031,#875,.T.);
#2496=EDGE_CURVE('',#2033,#2032,#876,.T.);
#2497=EDGE_CURVE('',#2034,#2033,#877,.T.);
#2498=EDGE_CURVE('',#2035,#2034,#878,.T.);
#2499=EDGE_CURVE('',#2035,#2036,#879,.T.);
#2500=EDGE_CURVE('',#2037,#2036,#880,.T.);
#2501=EDGE_CURVE('',#2038,#2037,#881,.T.);
#2502=EDGE_CURVE('',#2039,#2038,#882,.T.);
#2503=EDGE_CURVE('',#2039,#2040,#883,.T.);
#2504=EDGE_CURVE('',#2041,#2040,#884,.T.);
#2505=EDGE_CURVE('',#2042,#2041,#885,.T.);
#2506=EDGE_CURVE('',#2043,#2042,#886,.T.);
#2507=EDGE_CURVE('',#2043,#2044,#887,.T.);
#2508=EDGE_CURVE('',#2045,#2044,#888,.T.);
#2509=EDGE_CURVE('',#2046,#2045,#889,.T.);
#2510=EDGE_CURVE('',#2003,#2046,#890,.T.);
#2511=EDGE_CURVE('',#2047,#2003,#891,.T.);
#2512=EDGE_CURVE('',#2048,#2047,#892,.T.);
#2513=EDGE_CURVE('',#2048,#2004,#893,.T.);
#2514=EDGE_CURVE('',#2049,#2007,#894,.T.);
#2515=EDGE_CURVE('',#2050,#2049,#895,.T.);
#2516=EDGE_CURVE('',#2008,#2050,#896,.T.);
#2517=EDGE_CURVE('',#2051,#2011,#897,.T.);
#2518=EDGE_CURVE('',#2052,#2051,#898,.T.);
#2519=EDGE_CURVE('',#2012,#2052,#899,.T.);
#2520=EDGE_CURVE('',#2053,#2014,#900,.T.);
#2521=EDGE_CURVE('',#2054,#2053,#901,.T.);
#2522=EDGE_CURVE('',#2015,#2054,#902,.T.);
#2523=EDGE_CURVE('',#2055,#2018,#903,.T.);
#2524=EDGE_CURVE('',#2056,#2055,#904,.T.);
#2525=EDGE_CURVE('',#2019,#2056,#905,.T.);
#2526=EDGE_CURVE('',#2057,#2056,#906,.T.);
#2527=EDGE_CURVE('',#2020,#2057,#907,.T.);
#2528=EDGE_CURVE('',#2058,#2023,#908,.T.);
#2529=EDGE_CURVE('',#2059,#2058,#909,.T.);
#2530=EDGE_CURVE('',#2024,#2059,#910,.T.);
#2531=EDGE_CURVE('',#2060,#2026,#911,.T.);
#2532=EDGE_CURVE('',#2061,#2060,#912,.T.);
#2533=EDGE_CURVE('',#2027,#2061,#913,.T.);
#2534=EDGE_CURVE('',#2062,#2061,#914,.T.);
#2535=EDGE_CURVE('',#2028,#2062,#915,.T.);
#2536=EDGE_CURVE('',#2063,#2062,#916,.T.);
#2537=EDGE_CURVE('',#2029,#2063,#917,.T.);
#2538=EDGE_CURVE('',#2064,#2032,#918,.T.);
#2539=EDGE_CURVE('',#2065,#2064,#919,.T.);
#2540=EDGE_CURVE('',#2033,#2065,#920,.T.);
#2541=EDGE_CURVE('',#2066,#2035,#921,.T.);
#2542=EDGE_CURVE('',#2067,#2066,#922,.T.);
#2543=EDGE_CURVE('',#2036,#2067,#923,.T.);
#2544=EDGE_CURVE('',#2068,#2039,#924,.T.);
#2545=EDGE_CURVE('',#2069,#2068,#925,.T.);
#2546=EDGE_CURVE('',#2040,#2069,#926,.T.);
#2547=EDGE_CURVE('',#2070,#2043,#927,.T.);
#2548=EDGE_CURVE('',#2071,#2070,#928,.T.);
#2549=EDGE_CURVE('',#2071,#2044,#929,.T.);
#2550=EDGE_CURVE('',#1957,#2072,#930,.T.);
#2551=EDGE_CURVE('',#2072,#2073,#931,.T.);
#2552=EDGE_CURVE('',#1958,#2073,#932,.T.);
#2553=EDGE_CURVE('',#2074,#1992,#933,.T.);
#2554=EDGE_CURVE('',#2074,#2075,#934,.T.);
#2555=EDGE_CURVE('',#2075,#2072,#935,.T.);
#2556=EDGE_CURVE('',#2076,#1988,#936,.T.);
#2557=EDGE_CURVE('',#2076,#2077,#937,.T.);
#2558=EDGE_CURVE('',#2077,#2078,#938,.T.);
#2559=EDGE_CURVE('',#1952,#2078,#939,.T.);
#2560=EDGE_CURVE('',#1948,#2079,#940,.T.);
#2561=EDGE_CURVE('',#2079,#2080,#941,.T.);
#2562=EDGE_CURVE('',#1949,#2080,#942,.T.);
#2563=EDGE_CURVE('',#1943,#2081,#943,.T.);
#2564=EDGE_CURVE('',#2081,#2082,#944,.T.);
#2565=EDGE_CURVE('',#1944,#2082,#945,.T.);
#2566=EDGE_CURVE('',#1984,#1986,#946,.T.);
#2567=EDGE_CURVE('',#2082,#2079,#947,.T.);
#2568=EDGE_CURVE('',#2083,#1983,#948,.T.);
#2569=EDGE_CURVE('',#2083,#2084,#949,.T.);
#2570=EDGE_CURVE('',#2084,#2081,#950,.T.);
#2571=EDGE_CURVE('',#2085,#1981,#951,.T.);
#2572=EDGE_CURVE('',#2085,#2086,#952,.T.);
#2573=EDGE_CURVE('',#2086,#2087,#953,.T.);
#2574=EDGE_CURVE('',#1940,#2087,#954,.T.);
#2575=EDGE_CURVE('',#1937,#2088,#955,.T.);
#2576=EDGE_CURVE('',#2088,#2089,#956,.T.);
#2577=EDGE_CURVE('',#2090,#2089,#957,.T.);
#2578=EDGE_CURVE('',#1980,#2090,#958,.T.);
#2579=EDGE_CURVE('',#2009,#2091,#959,.T.);
#2580=EDGE_CURVE('',#2091,#2092,#960,.T.);
#2581=EDGE_CURVE('',#2010,#2092,#961,.T.);
#2582=EDGE_CURVE('',#2093,#2050,#962,.T.);
#2583=EDGE_CURVE('',#2093,#2094,#963,.T.);
#2584=EDGE_CURVE('',#2094,#2091,#964,.T.);
#2585=EDGE_CURVE('',#2005,#2095,#965,.T.);
#2586=EDGE_CURVE('',#2095,#2096,#966,.T.);
#2587=EDGE_CURVE('',#2006,#2096,#967,.T.);
#2588=EDGE_CURVE('',#2004,#2097,#968,.T.);
#2589=EDGE_CURVE('',#2097,#2095,#969,.T.);
#2590=EDGE_CURVE('',#2046,#2098,#970,.T.);
#2591=EDGE_CURVE('',#2098,#2099,#971,.T.);
#2592=EDGE_CURVE('',#2003,#2099,#972,.T.);
#2593=EDGE_CURVE('',#2045,#2100,#973,.T.);
#2594=EDGE_CURVE('',#2100,#2098,#974,.T.);
#2595=EDGE_CURVE('',#2044,#2101,#975,.T.);
#2596=EDGE_CURVE('',#2101,#2100,#976,.T.);
#2597=EDGE_CURVE('',#2042,#2102,#977,.T.);
#2598=EDGE_CURVE('',#2102,#2103,#978,.T.);
#2599=EDGE_CURVE('',#2043,#2103,#979,.T.);
#2600=EDGE_CURVE('',#2041,#2104,#980,.T.);
#2601=EDGE_CURVE('',#2104,#2102,#981,.T.);
#2602=EDGE_CURVE('',#2105,#2069,#982,.T.);
#2603=EDGE_CURVE('',#2105,#2106,#983,.T.);
#2604=EDGE_CURVE('',#2106,#2104,#984,.T.);
#2605=EDGE_CURVE('',#2037,#2107,#985,.T.);
#2606=EDGE_CURVE('',#2107,#2108,#986,.T.);
#2607=EDGE_CURVE('',#2038,#2108,#987,.T.);
#2608=EDGE_CURVE('',#2109,#2067,#988,.T.);
#2609=EDGE_CURVE('',#2109,#2110,#989,.T.);
#2610=EDGE_CURVE('',#2110,#2107,#990,.T.);
#2611=EDGE_CURVE('',#2111,#2065,#991,.T.);
#2612=EDGE_CURVE('',#2111,#2112,#992,.T.);
#2613=EDGE_CURVE('',#2112,#2113,#993,.T.);
#2614=EDGE_CURVE('',#2034,#2113,#994,.T.);
#2615=EDGE_CURVE('',#2055,#2057,#995,.T.);
#2616=EDGE_CURVE('',#1987,#2114,#996,.T.);
#2617=EDGE_CURVE('',#2114,#2083,#997,.T.);
#2618=EDGE_CURVE('',#1982,#2111,#998,.T.);
#2619=EDGE_CURVE('',#2064,#2115,#999,.T.);
#2620=EDGE_CURVE('',#2115,#2116,#1000,.T.);
#2621=EDGE_CURVE('',#2116,#2117,#1001,.T.);
#2622=EDGE_CURVE('',#2117,#2118,#1002,.T.);
#2623=EDGE_CURVE('',#2118,#2063,#1003,.T.);
#2624=EDGE_CURVE('',#2060,#2119,#1004,.T.);
#2625=EDGE_CURVE('',#2119,#2076,#1005,.T.);
#2626=EDGE_CURVE('',#2120,#2121,#1006,.T.);
#2627=EDGE_CURVE('',#2121,#2122,#1007,.T.);
#2628=EDGE_CURVE('',#2122,#2123,#1008,.T.);
#2629=EDGE_CURVE('',#2123,#2124,#1009,.T.);
#2630=EDGE_CURVE('',#2124,#2125,#1010,.T.);
#2631=EDGE_CURVE('',#2125,#2120,#1011,.T.);
#2632=EDGE_CURVE('',#2126,#2127,#1012,.T.);
#2633=EDGE_CURVE('',#2127,#2128,#1013,.T.);
#2634=EDGE_CURVE('',#2128,#2129,#1014,.T.);
#2635=EDGE_CURVE('',#2129,#2130,#1015,.T.);
#2636=EDGE_CURVE('',#2130,#2131,#1016,.T.);
#2637=EDGE_CURVE('',#2131,#2126,#1017,.T.);
#2638=EDGE_CURVE('',#1993,#2132,#1018,.T.);
#2639=EDGE_CURVE('',#2132,#2133,#1019,.T.);
#2640=EDGE_CURVE('',#2133,#2134,#1020,.T.);
#2641=EDGE_CURVE('',#2134,#2074,#1021,.T.);
#2642=EDGE_CURVE('',#1989,#2135,#1022,.T.);
#2643=EDGE_CURVE('',#2135,#2136,#1023,.T.);
#2644=EDGE_CURVE('',#2136,#2059,#1024,.T.);
#2645=EDGE_CURVE('',#2058,#2137,#1025,.T.);
#2646=EDGE_CURVE('',#2137,#2138,#1026,.T.);
#2647=EDGE_CURVE('',#2138,#2054,#1027,.T.);
#2648=EDGE_CURVE('',#2053,#2139,#1028,.T.);
#2649=EDGE_CURVE('',#2139,#1994,#1029,.T.);
#2650=EDGE_CURVE('',#2140,#2141,#1030,.T.);
#2651=EDGE_CURVE('',#2141,#2142,#1031,.T.);
#2652=EDGE_CURVE('',#2142,#2143,#1032,.T.);
#2653=EDGE_CURVE('',#2143,#2144,#1033,.T.);
#2654=EDGE_CURVE('',#2144,#2145,#1034,.T.);
#2655=EDGE_CURVE('',#2145,#2140,#1035,.T.);
#2656=EDGE_CURVE('',#2146,#2147,#1036,.T.);
#2657=EDGE_CURVE('',#2147,#2148,#1037,.T.);
#2658=EDGE_CURVE('',#2148,#2149,#1038,.T.);
#2659=EDGE_CURVE('',#2149,#2150,#1039,.T.);
#2660=EDGE_CURVE('',#2150,#2151,#1040,.T.);
#2661=EDGE_CURVE('',#2151,#2146,#1041,.T.);
#2662=EDGE_CURVE('',#2031,#2152,#1042,.T.);
#2663=EDGE_CURVE('',#2152,#2153,#1043,.T.);
#2664=EDGE_CURVE('',#2115,#2153,#1044,.T.);
#2665=EDGE_CURVE('',#2154,#2155,#122,.T.);
#2666=EDGE_CURVE('',#2155,#2156,#123,.T.);
#2667=EDGE_CURVE('',#2156,#2157,#124,.T.);
#2668=EDGE_CURVE('',#2157,#2154,#125,.T.);
#2669=EDGE_CURVE('',#2158,#2159,#126,.T.);
#2670=EDGE_CURVE('',#2159,#2160,#127,.T.);
#2671=EDGE_CURVE('',#2161,#2160,#128,.T.);
#2672=EDGE_CURVE('',#2161,#2158,#129,.T.);
#2673=EDGE_CURVE('',#2162,#2163,#130,.T.);
#2674=EDGE_CURVE('',#2163,#2159,#131,.T.);
#2675=EDGE_CURVE('',#2158,#2162,#132,.T.);
#2676=EDGE_CURVE('',#2160,#2164,#133,.T.);
#2677=EDGE_CURVE('',#2165,#2164,#134,.T.);
#2678=EDGE_CURVE('',#2165,#2161,#135,.T.);
#2679=EDGE_CURVE('',#2166,#2167,#136,.T.);
#2680=EDGE_CURVE('',#2167,#2163,#137,.T.);
#2681=EDGE_CURVE('',#2162,#2166,#138,.T.);
#2682=EDGE_CURVE('',#2164,#2168,#139,.T.);
#2683=EDGE_CURVE('',#2169,#2168,#140,.T.);
#2684=EDGE_CURVE('',#2169,#2165,#141,.T.);
#2685=EDGE_CURVE('',#2170,#2156,#142,.T.);
#2686=EDGE_CURVE('',#2170,#2171,#143,.T.);
#2687=EDGE_CURVE('',#2171,#2172,#144,.T.);
#2688=EDGE_CURVE('',#2172,#2173,#145,.T.);
#2689=EDGE_CURVE('',#2173,#2167,#146,.T.);
#2690=EDGE_CURVE('',#2166,#2157,#147,.T.);
#2691=EDGE_CURVE('',#2168,#2155,#148,.T.);
#2692=EDGE_CURVE('',#2154,#2169,#149,.T.);
#2693=EDGE_CURVE('',#2174,#2166,#1045,.T.);
#2694=EDGE_CURVE('',#2175,#2174,#1046,.T.);
#2695=EDGE_CURVE('',#2175,#2157,#1047,.T.);
#2696=EDGE_CURVE('',#2176,#2162,#1048,.T.);
#2697=EDGE_CURVE('',#2174,#2176,#15,.T.);
#2698=EDGE_CURVE('',#2177,#2158,#1049,.T.);
#2699=EDGE_CURVE('',#2176,#2177,#1050,.T.);
#2700=EDGE_CURVE('',#2178,#2161,#1051,.T.);
#2701=EDGE_CURVE('',#2177,#2178,#16,.T.);
#2702=EDGE_CURVE('',#2173,#2179,#1052,.T.);
#2703=EDGE_CURVE('',#2179,#2180,#1053,.T.);
#2704=EDGE_CURVE('',#2180,#2181,#17,.T.);
#2705=EDGE_CURVE('',#2181,#2182,#1054,.T.);
#2706=EDGE_CURVE('',#2182,#2183,#18,.T.);
#2707=EDGE_CURVE('',#2183,#2184,#1055,.T.);
#2708=EDGE_CURVE('',#2184,#2185,#19,.T.);
#2709=EDGE_CURVE('',#2185,#2186,#1056,.T.);
#2710=EDGE_CURVE('',#2186,#2187,#20,.T.);
#2711=EDGE_CURVE('',#2187,#2188,#1057,.T.);
#2712=EDGE_CURVE('',#2188,#2170,#1058,.T.);
#2713=EDGE_CURVE('',#2189,#2172,#1059,.T.);
#2714=EDGE_CURVE('',#2189,#2179,#1060,.T.);
#2715=EDGE_CURVE('',#2190,#2190,#21,.T.);
#2716=EDGE_CURVE('',#2191,#2191,#22,.T.);
#2717=EDGE_CURVE('',#2192,#2192,#23,.T.);
#2718=EDGE_CURVE('',#2192,#2190,#1061,.T.);
#2719=EDGE_CURVE('',#2193,#2193,#24,.T.);
#2720=EDGE_CURVE('',#2194,#2194,#25,.T.);
#2721=EDGE_CURVE('',#2195,#2195,#26,.T.);
#2722=EDGE_CURVE('',#2195,#2193,#1062,.T.);
#2723=EDGE_CURVE('',#2196,#2196,#27,.T.);
#2724=EDGE_CURVE('',#2197,#2197,#28,.T.);
#2725=EDGE_CURVE('',#2198,#2198,#29,.T.);
#2726=EDGE_CURVE('',#2198,#2196,#1063,.T.);
#2727=EDGE_CURVE('',#2199,#2199,#30,.T.);
#2728=EDGE_CURVE('',#2200,#2200,#31,.T.);
#2729=EDGE_CURVE('',#2201,#2201,#32,.T.);
#2730=EDGE_CURVE('',#2201,#2199,#1064,.T.);
#2731=EDGE_CURVE('',#2202,#2203,#1065,.T.);
#2732=EDGE_CURVE('',#2202,#2204,#1066,.T.);
#2733=EDGE_CURVE('',#2204,#2205,#1067,.T.);
#2734=EDGE_CURVE('',#2203,#2205,#1068,.T.);
#2735=EDGE_CURVE('',#2108,#2204,#1069,.T.);
#2736=EDGE_CURVE('',#2068,#2202,#1070,.T.);
#2737=EDGE_CURVE('',#2206,#2109,#1071,.T.);
#2738=EDGE_CURVE('',#2206,#2207,#1072,.T.);
#2739=EDGE_CURVE('',#2207,#2110,#1073,.T.);
#2740=EDGE_CURVE('',#2203,#2206,#1074,.T.);
#2741=EDGE_CURVE('',#2205,#2207,#1075,.T.);
#2742=EDGE_CURVE('',#2208,#2208,#33,.T.);
#2743=EDGE_CURVE('',#1976,#2209,#1076,.T.);
#2744=EDGE_CURVE('',#2209,#2210,#1077,.T.);
#2745=EDGE_CURVE('',#1977,#2210,#1078,.T.);
#2746=EDGE_CURVE('',#1975,#2211,#1079,.T.);
#2747=EDGE_CURVE('',#2211,#2209,#1080,.T.);
#2748=EDGE_CURVE('',#2212,#2002,#1081,.T.);
#2749=EDGE_CURVE('',#2212,#2213,#1082,.T.);
#2750=EDGE_CURVE('',#2213,#2211,#1083,.T.);
#2751=EDGE_CURVE('',#2214,#2212,#1084,.T.);
#2752=EDGE_CURVE('',#2214,#2215,#1085,.T.);
#2753=EDGE_CURVE('',#2215,#2213,#1086,.T.);
#2754=EDGE_CURVE('',#2216,#2214,#1087,.T.);
#2755=EDGE_CURVE('',#2216,#2217,#1088,.T.);
#2756=EDGE_CURVE('',#2217,#2215,#1089,.T.);
#2757=EDGE_CURVE('',#2210,#2217,#1090,.T.);
#2758=EDGE_CURVE('',#1978,#2216,#1091,.T.);
#2759=EDGE_CURVE('',#2218,#2218,#34,.T.);
#2760=EDGE_CURVE('',#2120,#2219,#1092,.T.);
#2761=EDGE_CURVE('',#2219,#2220,#1093,.T.);
#2762=EDGE_CURVE('',#2121,#2220,#1094,.T.);
#2763=EDGE_CURVE('',#2125,#2221,#1095,.T.);
#2764=EDGE_CURVE('',#2221,#2219,#1096,.T.);
#2765=EDGE_CURVE('',#2124,#2222,#1097,.T.);
#2766=EDGE_CURVE('',#2222,#2221,#1098,.T.);
#2767=EDGE_CURVE('',#2123,#2223,#1099,.T.);
#2768=EDGE_CURVE('',#2223,#2222,#1100,.T.);
#2769=EDGE_CURVE('',#2122,#2224,#1101,.T.);
#2770=EDGE_CURVE('',#2224,#2223,#1102,.T.);
#2771=EDGE_CURVE('',#2220,#2224,#1103,.T.);
#2772=EDGE_CURVE('',#2225,#2225,#35,.T.);
#2773=EDGE_CURVE('',#2140,#2226,#1104,.T.);
#2774=EDGE_CURVE('',#2226,#2227,#1105,.T.);
#2775=EDGE_CURVE('',#2141,#2227,#1106,.T.);
#2776=EDGE_CURVE('',#2145,#2228,#1107,.T.);
#2777=EDGE_CURVE('',#2228,#2226,#1108,.T.);
#2778=EDGE_CURVE('',#2144,#2229,#1109,.T.);
#2779=EDGE_CURVE('',#2229,#2228,#1110,.T.);
#2780=EDGE_CURVE('',#2143,#2230,#1111,.T.);
#2781=EDGE_CURVE('',#2230,#2229,#1112,.T.);
#2782=EDGE_CURVE('',#2142,#2231,#1113,.T.);
#2783=EDGE_CURVE('',#2231,#2230,#1114,.T.);
#2784=EDGE_CURVE('',#2227,#2231,#1115,.T.);
#2785=EDGE_CURVE('',#2232,#2232,#36,.T.);
#2786=EDGE_CURVE('',#1968,#2233,#1116,.T.);
#2787=EDGE_CURVE('',#2233,#2234,#1117,.T.);
#2788=EDGE_CURVE('',#1969,#2234,#1118,.T.);
#2789=EDGE_CURVE('',#2235,#1998,#1119,.T.);
#2790=EDGE_CURVE('',#2235,#2236,#1120,.T.);
#2791=EDGE_CURVE('',#2236,#2233,#1121,.T.);
#2792=EDGE_CURVE('',#2237,#2235,#1122,.T.);
#2793=EDGE_CURVE('',#2237,#2238,#1123,.T.);
#2794=EDGE_CURVE('',#2238,#2236,#1124,.T.);
#2795=EDGE_CURVE('',#2239,#2237,#1125,.T.);
#2796=EDGE_CURVE('',#2239,#2240,#1126,.T.);
#2797=EDGE_CURVE('',#2240,#2238,#1127,.T.);
#2798=EDGE_CURVE('',#1999,#2239,#1128,.T.);
#2799=EDGE_CURVE('',#1970,#2241,#1129,.T.);
#2800=EDGE_CURVE('',#2241,#2240,#1130,.T.);
#2801=EDGE_CURVE('',#2234,#2241,#1131,.T.);
#2802=EDGE_CURVE('',#2242,#2242,#37,.T.);
#2803=EDGE_CURVE('',#2132,#2243,#1132,.T.);
#2804=EDGE_CURVE('',#2243,#2244,#1133,.T.);
#2805=EDGE_CURVE('',#2133,#2244,#1134,.T.);
#2806=EDGE_CURVE('',#2073,#2243,#1135,.T.);
#2807=EDGE_CURVE('',#2134,#2245,#1136,.T.);
#2808=EDGE_CURVE('',#2245,#2075,#1137,.T.);
#2809=EDGE_CURVE('',#2244,#2245,#1138,.T.);
#2810=EDGE_CURVE('',#2246,#2246,#38,.T.);
#2811=EDGE_CURVE('',#2247,#2093,#1139,.T.);
#2812=EDGE_CURVE('',#2247,#2248,#1140,.T.);
#2813=EDGE_CURVE('',#2248,#2094,#1141,.T.);
#2814=EDGE_CURVE('',#2249,#2247,#1142,.T.);
#2815=EDGE_CURVE('',#2249,#2250,#1143,.T.);
#2816=EDGE_CURVE('',#2250,#2248,#1144,.T.);
#2817=EDGE_CURVE('',#2251,#2249,#1145,.T.);
#2818=EDGE_CURVE('',#2251,#2252,#1146,.T.);
#2819=EDGE_CURVE('',#2252,#2250,#1147,.T.);
#2820=EDGE_CURVE('',#2092,#2252,#1148,.T.);
#2821=EDGE_CURVE('',#2051,#2251,#1149,.T.);
#2822=EDGE_CURVE('',#2253,#2253,#39,.T.);
#2823=EDGE_CURVE('',#2254,#2255,#1150,.T.);
#2824=EDGE_CURVE('',#2254,#2256,#1151,.T.);
#2825=EDGE_CURVE('',#2256,#2257,#1152,.T.);
#2826=EDGE_CURVE('',#2255,#2257,#1153,.T.);
#2827=EDGE_CURVE('',#2047,#2254,#1154,.T.);
#2828=EDGE_CURVE('',#2099,#2256,#1155,.T.);
#2829=EDGE_CURVE('',#2255,#2071,#1156,.T.);
#2830=EDGE_CURVE('',#2257,#2101,#1157,.T.);
#2831=EDGE_CURVE('',#2258,#2258,#40,.T.);
#2832=EDGE_CURVE('',#1972,#2259,#1158,.T.);
#2833=EDGE_CURVE('',#2259,#2260,#1159,.T.);
#2834=EDGE_CURVE('',#1973,#2260,#1160,.T.);
#2835=EDGE_CURVE('',#1971,#2261,#1161,.T.);
#2836=EDGE_CURVE('',#2261,#2259,#1162,.T.);
#2837=EDGE_CURVE('',#2262,#2000,#1163,.T.);
#2838=EDGE_CURVE('',#2262,#2263,#1164,.T.);
#2839=EDGE_CURVE('',#2263,#2261,#1165,.T.);
#2840=EDGE_CURVE('',#2264,#2262,#1166,.T.);
#2841=EDGE_CURVE('',#2264,#2265,#1167,.T.);
#2842=EDGE_CURVE('',#2265,#2263,#1168,.T.);
#2843=EDGE_CURVE('',#2001,#2264,#1169,.T.);
#2844=EDGE_CURVE('',#1974,#2266,#1170,.T.);
#2845=EDGE_CURVE('',#2266,#2265,#1171,.T.);
#2846=EDGE_CURVE('',#2260,#2266,#1172,.T.);
#2847=EDGE_CURVE('',#2267,#2267,#41,.T.);
#2848=EDGE_CURVE('',#2268,#2269,#1173,.T.);
#2849=EDGE_CURVE('',#2268,#2270,#1174,.T.);
#2850=EDGE_CURVE('',#2270,#2271,#1175,.T.);
#2851=EDGE_CURVE('',#2269,#2271,#1176,.T.);
#2852=EDGE_CURVE('',#2070,#2268,#1177,.T.);
#2853=EDGE_CURVE('',#2103,#2270,#1178,.T.);
#2854=EDGE_CURVE('',#2269,#2105,#1179,.T.);
#2855=EDGE_CURVE('',#2271,#2106,#1180,.T.);
#2856=EDGE_CURVE('',#2272,#2272,#42,.T.);
#2857=EDGE_CURVE('',#2113,#2273,#1181,.T.);
#2858=EDGE_CURVE('',#2274,#2273,#1182,.T.);
#2859=EDGE_CURVE('',#2066,#2274,#1183,.T.);
#2860=EDGE_CURVE('',#2087,#2112,#1184,.T.);
#2861=EDGE_CURVE('',#2275,#2085,#1185,.T.);
#2862=EDGE_CURVE('',#2275,#2276,#1186,.T.);
#2863=EDGE_CURVE('',#2276,#2086,#1187,.T.);
#2864=EDGE_CURVE('',#2274,#2275,#1188,.T.);
#2865=EDGE_CURVE('',#2273,#2276,#1189,.T.);
#2866=EDGE_CURVE('',#2277,#2277,#43,.T.);
#2867=EDGE_CURVE('',#2126,#2278,#1190,.T.);
#2868=EDGE_CURVE('',#2278,#2279,#1191,.T.);
#2869=EDGE_CURVE('',#2127,#2279,#1192,.T.);
#2870=EDGE_CURVE('',#2131,#2280,#1193,.T.);
#2871=EDGE_CURVE('',#2280,#2278,#1194,.T.);
#2872=EDGE_CURVE('',#2130,#2281,#1195,.T.);
#2873=EDGE_CURVE('',#2281,#2280,#1196,.T.);
#2874=EDGE_CURVE('',#2129,#2282,#1197,.T.);
#2875=EDGE_CURVE('',#2282,#2281,#1198,.T.);
#2876=EDGE_CURVE('',#2128,#2283,#1199,.T.);
#2877=EDGE_CURVE('',#2283,#2282,#1200,.T.);
#2878=EDGE_CURVE('',#2279,#2283,#1201,.T.);
#2879=EDGE_CURVE('',#2284,#2284,#44,.T.);
#2880=EDGE_CURVE('',#2136,#2285,#1202,.T.);
#2881=EDGE_CURVE('',#2285,#2286,#1203,.T.);
#2882=EDGE_CURVE('',#2025,#2286,#1204,.T.);
#2883=EDGE_CURVE('',#2135,#2287,#1205,.T.);
#2884=EDGE_CURVE('',#2287,#2285,#1206,.T.);
#2885=EDGE_CURVE('',#2078,#2287,#1207,.T.);
#2886=EDGE_CURVE('',#2119,#2288,#1208,.T.);
#2887=EDGE_CURVE('',#2288,#2077,#1209,.T.);
#2888=EDGE_CURVE('',#2286,#2288,#1210,.T.);
#2889=EDGE_CURVE('',#2289,#2289,#45,.T.);
#2890=EDGE_CURVE('',#2017,#2290,#1211,.T.);
#2891=EDGE_CURVE('',#2290,#2291,#1212,.T.);
#2892=EDGE_CURVE('',#2021,#2291,#1213,.T.);
#2893=EDGE_CURVE('',#2016,#2292,#1214,.T.);
#2894=EDGE_CURVE('',#2292,#2290,#1215,.T.);
#2895=EDGE_CURVE('',#2138,#2293,#1216,.T.);
#2896=EDGE_CURVE('',#2293,#2292,#1217,.T.);
#2897=EDGE_CURVE('',#2137,#2294,#1218,.T.);
#2898=EDGE_CURVE('',#2294,#2293,#1219,.T.);
#2899=EDGE_CURVE('',#2022,#2295,#1220,.T.);
#2900=EDGE_CURVE('',#2295,#2294,#1221,.T.);
#2901=EDGE_CURVE('',#2291,#2295,#1222,.T.);
#2902=EDGE_CURVE('',#2296,#2296,#46,.T.);
#2903=EDGE_CURVE('',#2297,#1996,#1223,.T.);
#2904=EDGE_CURVE('',#2297,#2298,#1224,.T.);
#2905=EDGE_CURVE('',#2298,#2299,#1225,.T.);
#2906=EDGE_CURVE('',#1964,#2299,#1226,.T.);
#2907=EDGE_CURVE('',#2300,#2297,#1227,.T.);
#2908=EDGE_CURVE('',#2300,#2301,#1228,.T.);
#2909=EDGE_CURVE('',#2301,#2298,#1229,.T.);
#2910=EDGE_CURVE('',#2302,#2300,#1230,.T.);
#2911=EDGE_CURVE('',#2302,#2303,#1231,.T.);
#2912=EDGE_CURVE('',#2303,#2301,#1232,.T.);
#2913=EDGE_CURVE('',#2304,#2302,#1233,.T.);
#2914=EDGE_CURVE('',#2304,#2305,#1234,.T.);
#2915=EDGE_CURVE('',#2305,#2303,#1235,.T.);
#2916=EDGE_CURVE('',#1965,#2306,#1236,.T.);
#2917=EDGE_CURVE('',#2306,#2305,#1237,.T.);
#2918=EDGE_CURVE('',#1997,#2304,#1238,.T.);
#2919=EDGE_CURVE('',#2299,#2306,#1239,.T.);
#2920=EDGE_CURVE('',#2307,#2307,#47,.T.);
#2921=EDGE_CURVE('',#2146,#2308,#1240,.T.);
#2922=EDGE_CURVE('',#2308,#2309,#1241,.T.);
#2923=EDGE_CURVE('',#2147,#2309,#1242,.T.);
#2924=EDGE_CURVE('',#2151,#2310,#1243,.T.);
#2925=EDGE_CURVE('',#2310,#2308,#1244,.T.);
#2926=EDGE_CURVE('',#2150,#2311,#1245,.T.);
#2927=EDGE_CURVE('',#2311,#2310,#1246,.T.);
#2928=EDGE_CURVE('',#2149,#2312,#1247,.T.);
#2929=EDGE_CURVE('',#2312,#2311,#1248,.T.);
#2930=EDGE_CURVE('',#2148,#2313,#1249,.T.);
#2931=EDGE_CURVE('',#2313,#2312,#1250,.T.);
#2932=EDGE_CURVE('',#2309,#2313,#1251,.T.);
#2933=EDGE_CURVE('',#2314,#2314,#48,.T.);
#2934=EDGE_CURVE('',#2315,#2052,#1252,.T.);
#2935=EDGE_CURVE('',#2315,#2316,#1253,.T.);
#2936=EDGE_CURVE('',#2316,#2317,#1254,.T.);
#2937=EDGE_CURVE('',#2013,#2317,#1255,.T.);
#2938=EDGE_CURVE('',#2318,#2315,#1256,.T.);
#2939=EDGE_CURVE('',#2318,#2319,#1257,.T.);
#2940=EDGE_CURVE('',#2319,#2316,#1258,.T.);
#2941=EDGE_CURVE('',#2320,#2318,#1259,.T.);
#2942=EDGE_CURVE('',#2320,#2321,#1260,.T.);
#2943=EDGE_CURVE('',#2321,#2319,#1261,.T.);
#2944=EDGE_CURVE('',#1961,#2322,#1262,.T.);
#2945=EDGE_CURVE('',#2322,#2321,#1263,.T.);
#2946=EDGE_CURVE('',#1995,#2320,#1264,.T.);
#2947=EDGE_CURVE('',#2139,#2323,#1265,.T.);
#2948=EDGE_CURVE('',#2323,#2322,#1266,.T.);
#2949=EDGE_CURVE('',#2317,#2323,#1267,.T.);
#2950=EDGE_CURVE('',#2324,#2324,#49,.T.);
#2951=EDGE_CURVE('',#2325,#2326,#1268,.T.);
#2952=EDGE_CURVE('',#2325,#2327,#1269,.T.);
#2953=EDGE_CURVE('',#2327,#2328,#1270,.T.);
#2954=EDGE_CURVE('',#2326,#2328,#1271,.T.);
#2955=EDGE_CURVE('',#2329,#2325,#1272,.T.);
#2956=EDGE_CURVE('',#2329,#2330,#1273,.T.);
#2957=EDGE_CURVE('',#2330,#2327,#1274,.T.);
#2958=EDGE_CURVE('',#2096,#2330,#1275,.T.);
#2959=EDGE_CURVE('',#2049,#2329,#1276,.T.);
#2960=EDGE_CURVE('',#2326,#2048,#1277,.T.);
#2961=EDGE_CURVE('',#2328,#2097,#1278,.T.);
#2962=EDGE_CURVE('',#2331,#2331,#50,.T.);
#2963=EDGE_CURVE('',#2114,#2332,#1279,.T.);
#2964=EDGE_CURVE('',#2332,#2084,#1280,.T.);
#2965=EDGE_CURVE('',#2080,#2332,#1281,.T.);
#2966=EDGE_CURVE('',#2333,#2333,#51,.T.);
#2967=EDGE_CURVE('',#2118,#2334,#1282,.T.);
#2968=EDGE_CURVE('',#2334,#2335,#1283,.T.);
#2969=EDGE_CURVE('',#2030,#2335,#1284,.T.);
#2970=EDGE_CURVE('',#2117,#2336,#1285,.T.);
#2971=EDGE_CURVE('',#2336,#2334,#1286,.T.);
#2972=EDGE_CURVE('',#2116,#2337,#1287,.T.);
#2973=EDGE_CURVE('',#2337,#2336,#1288,.T.);
#2974=EDGE_CURVE('',#2153,#2337,#1289,.T.);
#2975=EDGE_CURVE('',#2335,#2152,#1290,.T.);
#2976=EDGE_CURVE('',#2338,#2338,#52,.T.);
#2977=EDGE_CURVE('',#1936,#2339,#1291,.T.);
#2978=EDGE_CURVE('',#2339,#2088,#1292,.T.);
#2979=EDGE_CURVE('',#2340,#1979,#1293,.T.);
#2980=EDGE_CURVE('',#2340,#2341,#1294,.T.);
#2981=EDGE_CURVE('',#2341,#2339,#1295,.T.);
#2982=EDGE_CURVE('',#2342,#2340,#1296,.T.);
#2983=EDGE_CURVE('',#2342,#2343,#1297,.T.);
#2984=EDGE_CURVE('',#2343,#2341,#1298,.T.);
#2985=EDGE_CURVE('',#2344,#2342,#1299,.T.);
#2986=EDGE_CURVE('',#2344,#2345,#1300,.T.);
#2987=EDGE_CURVE('',#2345,#2343,#1301,.T.);
#2988=EDGE_CURVE('',#2090,#2344,#1302,.T.);
#2989=EDGE_CURVE('',#2089,#2345,#1303,.T.);
#2990=EDGE_CURVE('',#2346,#2346,#53,.T.);
#2991=EDGE_CURVE('',#2218,#2347,#1304,.T.);
#2992=EDGE_CURVE('',#2347,#2347,#54,.T.);
#2993=EDGE_CURVE('',#2246,#2348,#1305,.T.);
#2994=EDGE_CURVE('',#2348,#2348,#55,.T.);
#2995=EDGE_CURVE('',#2272,#2349,#1306,.T.);
#2996=EDGE_CURVE('',#2349,#2349,#56,.T.);
#2997=EDGE_CURVE('',#2296,#2350,#1307,.T.);
#2998=EDGE_CURVE('',#2350,#2350,#57,.T.);
#2999=EDGE_CURVE('',#2277,#2351,#1308,.T.);
#3000=EDGE_CURVE('',#2351,#2351,#58,.T.);
#3001=EDGE_CURVE('',#2284,#2352,#1309,.T.);
#3002=EDGE_CURVE('',#2352,#2352,#59,.T.);
#3003=EDGE_CURVE('',#2225,#2353,#1310,.T.);
#3004=EDGE_CURVE('',#2353,#2353,#60,.T.);
#3005=EDGE_CURVE('',#2258,#2354,#1311,.T.);
#3006=EDGE_CURVE('',#2354,#2354,#61,.T.);
#3007=EDGE_CURVE('',#2307,#2355,#1312,.T.);
#3008=EDGE_CURVE('',#2355,#2355,#62,.T.);
#3009=EDGE_CURVE('',#2346,#2356,#1313,.T.);
#3010=EDGE_CURVE('',#2356,#2356,#63,.T.);
#3011=EDGE_CURVE('',#2267,#2357,#1314,.T.);
#3012=EDGE_CURVE('',#2357,#2357,#64,.T.);
#3013=EDGE_CURVE('',#2314,#2358,#1315,.T.);
#3014=EDGE_CURVE('',#2358,#2358,#65,.T.);
#3015=EDGE_CURVE('',#2232,#2359,#1316,.T.);
#3016=EDGE_CURVE('',#2359,#2359,#66,.T.);
#3017=EDGE_CURVE('',#2253,#2360,#1317,.T.);
#3018=EDGE_CURVE('',#2360,#2360,#67,.T.);
#3019=EDGE_CURVE('',#2208,#2361,#1318,.T.);
#3020=EDGE_CURVE('',#2361,#2361,#68,.T.);
#3021=EDGE_CURVE('',#2289,#2362,#1319,.T.);
#3022=EDGE_CURVE('',#2362,#2362,#69,.T.);
#3023=EDGE_CURVE('',#2338,#2363,#1320,.T.);
#3024=EDGE_CURVE('',#2363,#2363,#70,.T.);
#3025=EDGE_CURVE('',#2331,#2364,#1321,.T.);
#3026=EDGE_CURVE('',#2364,#2364,#71,.T.);
#3027=EDGE_CURVE('',#2324,#2365,#1322,.T.);
#3028=EDGE_CURVE('',#2365,#2365,#72,.T.);
#3029=EDGE_CURVE('',#2333,#2366,#1323,.T.);
#3030=EDGE_CURVE('',#2366,#2366,#73,.T.);
#3031=EDGE_CURVE('',#2242,#2367,#1324,.T.);
#3032=EDGE_CURVE('',#2367,#2367,#74,.T.);
#3033=EDGE_CURVE('',#2368,#2369,#1325,.T.);
#3034=EDGE_CURVE('',#2369,#2182,#1326,.T.);
#3035=EDGE_CURVE('',#2368,#2181,#1327,.T.);
#3036=EDGE_CURVE('',#2370,#2369,#75,.T.);
#3037=EDGE_CURVE('',#2370,#2183,#1328,.T.);
#3038=EDGE_CURVE('',#2370,#2371,#1329,.T.);
#3039=EDGE_CURVE('',#2371,#2184,#1330,.T.);
#3040=EDGE_CURVE('',#2372,#2371,#76,.T.);
#3041=EDGE_CURVE('',#2372,#2185,#1331,.T.);
#3042=EDGE_CURVE('',#2372,#2373,#1332,.T.);
#3043=EDGE_CURVE('',#2373,#2186,#1333,.T.);
#3044=EDGE_CURVE('',#2374,#2373,#77,.T.);
#3045=EDGE_CURVE('',#2374,#2187,#1334,.T.);
#3046=EDGE_CURVE('',#2374,#2375,#1335,.T.);
#3047=EDGE_CURVE('',#2375,#2188,#1336,.T.);
#3048=EDGE_CURVE('',#2375,#2171,#1337,.T.);
#3049=EDGE_CURVE('',#2189,#2376,#1338,.T.);
#3050=EDGE_CURVE('',#2376,#2180,#1339,.T.);
#3051=EDGE_CURVE('',#2368,#2376,#78,.T.);
#3052=EDGE_CURVE('',#2377,#2377,#79,.T.);
#3053=EDGE_CURVE('',#2378,#2378,#80,.T.);
#3054=EDGE_CURVE('',#2379,#2379,#81,.T.);
#3055=EDGE_CURVE('',#2380,#2380,#82,.T.);
#3056=EDGE_CURVE('',#2381,#2382,#83,.T.);
#3057=EDGE_CURVE('',#2382,#2383,#1340,.T.);
#3058=EDGE_CURVE('',#2383,#2175,#84,.T.);
#3059=EDGE_CURVE('',#2178,#2381,#1341,.T.);
#3060=EDGE_CURVE('',#2380,#2194,#1342,.T.);
#3061=EDGE_CURVE('',#2377,#2200,#1343,.T.);
#3062=EDGE_CURVE('',#2379,#2191,#1344,.T.);
#3063=EDGE_CURVE('',#2378,#2197,#1345,.T.);
#3064=EDGE_CURVE('',#2383,#2154,#1346,.T.);
#3065=EDGE_CURVE('',#2169,#2382,#1347,.T.);
#3066=EDGE_CURVE('',#2381,#2165,#1348,.T.);
#3067=ORIENTED_EDGE('',*,*,#2384,.T.);
#3068=ORIENTED_EDGE('',*,*,#2385,.F.);
#3069=ORIENTED_EDGE('',*,*,#2386,.F.);
#3070=ORIENTED_EDGE('',*,*,#2387,.F.);
#3071=ORIENTED_EDGE('',*,*,#2388,.T.);
#3072=ORIENTED_EDGE('',*,*,#2389,.F.);
#3073=ORIENTED_EDGE('',*,*,#2390,.F.);
#3074=ORIENTED_EDGE('',*,*,#2391,.F.);
#3075=ORIENTED_EDGE('',*,*,#2392,.F.);
#3076=ORIENTED_EDGE('',*,*,#2393,.F.);
#3077=ORIENTED_EDGE('',*,*,#2394,.F.);
#3078=ORIENTED_EDGE('',*,*,#2395,.F.);
#3079=ORIENTED_EDGE('',*,*,#2396,.F.);
#3080=ORIENTED_EDGE('',*,*,#2397,.F.);
#3081=ORIENTED_EDGE('',*,*,#2398,.F.);
#3082=ORIENTED_EDGE('',*,*,#2399,.F.);
#3083=ORIENTED_EDGE('',*,*,#2400,.F.);
#3084=ORIENTED_EDGE('',*,*,#2401,.F.);
#3085=ORIENTED_EDGE('',*,*,#2402,.F.);
#3086=ORIENTED_EDGE('',*,*,#2403,.F.);
#3087=ORIENTED_EDGE('',*,*,#2404,.F.);
#3088=ORIENTED_EDGE('',*,*,#2405,.F.);
#3089=ORIENTED_EDGE('',*,*,#2406,.F.);
#3090=ORIENTED_EDGE('',*,*,#2407,.F.);
#3091=ORIENTED_EDGE('',*,*,#2408,.F.);
#3092=ORIENTED_EDGE('',*,*,#2409,.F.);
#3093=ORIENTED_EDGE('',*,*,#2410,.F.);
#3094=ORIENTED_EDGE('',*,*,#2411,.F.);
#3095=ORIENTED_EDGE('',*,*,#2412,.T.);
#3096=ORIENTED_EDGE('',*,*,#2413,.F.);
#3097=ORIENTED_EDGE('',*,*,#2414,.F.);
#3098=ORIENTED_EDGE('',*,*,#2415,.F.);
#3099=ORIENTED_EDGE('',*,*,#2416,.T.);
#3100=ORIENTED_EDGE('',*,*,#2417,.F.);
#3101=ORIENTED_EDGE('',*,*,#2418,.F.);
#3102=ORIENTED_EDGE('',*,*,#2419,.F.);
#3103=ORIENTED_EDGE('',*,*,#2420,.T.);
#3104=ORIENTED_EDGE('',*,*,#2421,.F.);
#3105=ORIENTED_EDGE('',*,*,#2422,.F.);
#3106=ORIENTED_EDGE('',*,*,#2423,.F.);
#3107=ORIENTED_EDGE('',*,*,#2424,.T.);
#3108=ORIENTED_EDGE('',*,*,#2425,.F.);
#3109=ORIENTED_EDGE('',*,*,#2426,.F.);
#3110=ORIENTED_EDGE('',*,*,#2427,.F.);
#3111=ORIENTED_EDGE('',*,*,#2384,.F.);
#3112=ORIENTED_EDGE('',*,*,#2428,.F.);
#3113=ORIENTED_EDGE('',*,*,#2429,.F.);
#3114=ORIENTED_EDGE('',*,*,#2430,.F.);
#3115=ORIENTED_EDGE('',*,*,#2388,.F.);
#3116=ORIENTED_EDGE('',*,*,#2431,.F.);
#3117=ORIENTED_EDGE('',*,*,#2432,.F.);
#3118=ORIENTED_EDGE('',*,*,#2433,.F.);
#3119=ORIENTED_EDGE('',*,*,#2391,.T.);
#3120=ORIENTED_EDGE('',*,*,#2434,.F.);
#3121=ORIENTED_EDGE('',*,*,#2435,.F.);
#3122=ORIENTED_EDGE('',*,*,#2436,.F.);
#3123=ORIENTED_EDGE('',*,*,#2395,.T.);
#3124=ORIENTED_EDGE('',*,*,#2437,.F.);
#3125=ORIENTED_EDGE('',*,*,#2438,.F.);
#3126=ORIENTED_EDGE('',*,*,#2439,.F.);
#3127=ORIENTED_EDGE('',*,*,#2396,.T.);
#3128=ORIENTED_EDGE('',*,*,#2439,.T.);
#3129=ORIENTED_EDGE('',*,*,#2440,.F.);
#3130=ORIENTED_EDGE('',*,*,#2441,.F.);
#3131=ORIENTED_EDGE('',*,*,#2400,.T.);
#3132=ORIENTED_EDGE('',*,*,#2442,.F.);
#3133=ORIENTED_EDGE('',*,*,#2443,.F.);
#3134=ORIENTED_EDGE('',*,*,#2444,.F.);
#3135=ORIENTED_EDGE('',*,*,#2403,.T.);
#3136=ORIENTED_EDGE('',*,*,#2445,.F.);
#3137=ORIENTED_EDGE('',*,*,#2446,.F.);
#3138=ORIENTED_EDGE('',*,*,#2447,.F.);
#3139=ORIENTED_EDGE('',*,*,#2404,.T.);
#3140=ORIENTED_EDGE('',*,*,#2447,.T.);
#3141=ORIENTED_EDGE('',*,*,#2448,.F.);
#3142=ORIENTED_EDGE('',*,*,#2449,.F.);
#3143=ORIENTED_EDGE('',*,*,#2405,.T.);
#3144=ORIENTED_EDGE('',*,*,#2449,.T.);
#3145=ORIENTED_EDGE('',*,*,#2450,.F.);
#3146=ORIENTED_EDGE('',*,*,#2451,.F.);
#3147=ORIENTED_EDGE('',*,*,#2409,.T.);
#3148=ORIENTED_EDGE('',*,*,#2452,.F.);
#3149=ORIENTED_EDGE('',*,*,#2453,.F.);
#3150=ORIENTED_EDGE('',*,*,#2454,.F.);
#3151=ORIENTED_EDGE('',*,*,#2412,.F.);
#3152=ORIENTED_EDGE('',*,*,#2455,.F.);
#3153=ORIENTED_EDGE('',*,*,#2456,.F.);
#3154=ORIENTED_EDGE('',*,*,#2457,.F.);
#3155=ORIENTED_EDGE('',*,*,#2416,.F.);
#3156=ORIENTED_EDGE('',*,*,#2458,.F.);
#3157=ORIENTED_EDGE('',*,*,#2459,.F.);
#3158=ORIENTED_EDGE('',*,*,#2460,.F.);
#3159=ORIENTED_EDGE('',*,*,#2420,.F.);
#3160=ORIENTED_EDGE('',*,*,#2461,.F.);
#3161=ORIENTED_EDGE('',*,*,#2462,.F.);
#3162=ORIENTED_EDGE('',*,*,#2463,.T.);
#3163=ORIENTED_EDGE('',*,*,#2424,.F.);
#3164=ORIENTED_EDGE('',*,*,#2464,.F.);
#3165=ORIENTED_EDGE('',*,*,#2465,.F.);
#3166=ORIENTED_EDGE('',*,*,#2466,.T.);
#3167=ORIENTED_EDGE('',*,*,#2467,.T.);
#3168=ORIENTED_EDGE('',*,*,#2468,.F.);
#3169=ORIENTED_EDGE('',*,*,#2469,.F.);
#3170=ORIENTED_EDGE('',*,*,#2470,.F.);
#3171=ORIENTED_EDGE('',*,*,#2471,.T.);
#3172=ORIENTED_EDGE('',*,*,#2472,.F.);
#3173=ORIENTED_EDGE('',*,*,#2473,.F.);
#3174=ORIENTED_EDGE('',*,*,#2474,.F.);
#3175=ORIENTED_EDGE('',*,*,#2475,.T.);
#3176=ORIENTED_EDGE('',*,*,#2476,.F.);
#3177=ORIENTED_EDGE('',*,*,#2477,.F.);
#3178=ORIENTED_EDGE('',*,*,#2478,.F.);
#3179=ORIENTED_EDGE('',*,*,#2479,.F.);
#3180=ORIENTED_EDGE('',*,*,#2480,.F.);
#3181=ORIENTED_EDGE('',*,*,#2481,.F.);
#3182=ORIENTED_EDGE('',*,*,#2482,.F.);
#3183=ORIENTED_EDGE('',*,*,#2483,.F.);
#3184=ORIENTED_EDGE('',*,*,#2484,.F.);
#3185=ORIENTED_EDGE('',*,*,#2485,.F.);
#3186=ORIENTED_EDGE('',*,*,#2486,.F.);
#3187=ORIENTED_EDGE('',*,*,#2487,.F.);
#3188=ORIENTED_EDGE('',*,*,#2488,.F.);
#3189=ORIENTED_EDGE('',*,*,#2489,.F.);
#3190=ORIENTED_EDGE('',*,*,#2490,.F.);
#3191=ORIENTED_EDGE('',*,*,#2491,.F.);
#3192=ORIENTED_EDGE('',*,*,#2492,.F.);
#3193=ORIENTED_EDGE('',*,*,#2493,.F.);
#3194=ORIENTED_EDGE('',*,*,#2494,.F.);
#3195=ORIENTED_EDGE('',*,*,#2495,.F.);
#3196=ORIENTED_EDGE('',*,*,#2496,.F.);
#3197=ORIENTED_EDGE('',*,*,#2497,.F.);
#3198=ORIENTED_EDGE('',*,*,#2498,.F.);
#3199=ORIENTED_EDGE('',*,*,#2499,.T.);
#3200=ORIENTED_EDGE('',*,*,#2500,.F.);
#3201=ORIENTED_EDGE('',*,*,#2501,.F.);
#3202=ORIENTED_EDGE('',*,*,#2502,.F.);
#3203=ORIENTED_EDGE('',*,*,#2503,.T.);
#3204=ORIENTED_EDGE('',*,*,#2504,.F.);
#3205=ORIENTED_EDGE('',*,*,#2505,.F.);
#3206=ORIENTED_EDGE('',*,*,#2506,.F.);
#3207=ORIENTED_EDGE('',*,*,#2507,.T.);
#3208=ORIENTED_EDGE('',*,*,#2508,.F.);
#3209=ORIENTED_EDGE('',*,*,#2509,.F.);
#3210=ORIENTED_EDGE('',*,*,#2510,.F.);
#3211=ORIENTED_EDGE('',*,*,#2467,.F.);
#3212=ORIENTED_EDGE('',*,*,#2511,.F.);
#3213=ORIENTED_EDGE('',*,*,#2512,.F.);
#3214=ORIENTED_EDGE('',*,*,#2513,.T.);
#3215=ORIENTED_EDGE('',*,*,#2471,.F.);
#3216=ORIENTED_EDGE('',*,*,#2514,.F.);
#3217=ORIENTED_EDGE('',*,*,#2515,.F.);
#3218=ORIENTED_EDGE('',*,*,#2516,.F.);
#3219=ORIENTED_EDGE('',*,*,#2475,.F.);
#3220=ORIENTED_EDGE('',*,*,#2517,.F.);
#3221=ORIENTED_EDGE('',*,*,#2518,.F.);
#3222=ORIENTED_EDGE('',*,*,#2519,.F.);
#3223=ORIENTED_EDGE('',*,*,#2478,.T.);
#3224=ORIENTED_EDGE('',*,*,#2520,.F.);
#3225=ORIENTED_EDGE('',*,*,#2521,.F.);
#3226=ORIENTED_EDGE('',*,*,#2522,.F.);
#3227=ORIENTED_EDGE('',*,*,#2482,.T.);
#3228=ORIENTED_EDGE('',*,*,#2523,.F.);
#3229=ORIENTED_EDGE('',*,*,#2524,.F.);
#3230=ORIENTED_EDGE('',*,*,#2525,.F.);
#3231=ORIENTED_EDGE('',*,*,#2483,.T.);
#3232=ORIENTED_EDGE('',*,*,#2525,.T.);
#3233=ORIENTED_EDGE('',*,*,#2526,.F.);
#3234=ORIENTED_EDGE('',*,*,#2527,.F.);
#3235=ORIENTED_EDGE('',*,*,#2487,.T.);
#3236=ORIENTED_EDGE('',*,*,#2528,.F.);
#3237=ORIENTED_EDGE('',*,*,#2529,.F.);
#3238=ORIENTED_EDGE('',*,*,#2530,.F.);
#3239=ORIENTED_EDGE('',*,*,#2490,.T.);
#3240=ORIENTED_EDGE('',*,*,#2531,.F.);
#3241=ORIENTED_EDGE('',*,*,#2532,.F.);
#3242=ORIENTED_EDGE('',*,*,#2533,.F.);
#3243=ORIENTED_EDGE('',*,*,#2491,.T.);
#3244=ORIENTED_EDGE('',*,*,#2533,.T.);
#3245=ORIENTED_EDGE('',*,*,#2534,.F.);
#3246=ORIENTED_EDGE('',*,*,#2535,.F.);
#3247=ORIENTED_EDGE('',*,*,#2492,.T.);
#3248=ORIENTED_EDGE('',*,*,#2535,.T.);
#3249=ORIENTED_EDGE('',*,*,#2536,.F.);
#3250=ORIENTED_EDGE('',*,*,#2537,.F.);
#3251=ORIENTED_EDGE('',*,*,#2496,.T.);
#3252=ORIENTED_EDGE('',*,*,#2538,.F.);
#3253=ORIENTED_EDGE('',*,*,#2539,.F.);
#3254=ORIENTED_EDGE('',*,*,#2540,.F.);
#3255=ORIENTED_EDGE('',*,*,#2499,.F.);
#3256=ORIENTED_EDGE('',*,*,#2541,.F.);
#3257=ORIENTED_EDGE('',*,*,#2542,.F.);
#3258=ORIENTED_EDGE('',*,*,#2543,.F.);
#3259=ORIENTED_EDGE('',*,*,#2503,.F.);
#3260=ORIENTED_EDGE('',*,*,#2544,.F.);
#3261=ORIENTED_EDGE('',*,*,#2545,.F.);
#3262=ORIENTED_EDGE('',*,*,#2546,.F.);
#3263=ORIENTED_EDGE('',*,*,#2507,.F.);
#3264=ORIENTED_EDGE('',*,*,#2547,.F.);
#3265=ORIENTED_EDGE('',*,*,#2548,.F.);
#3266=ORIENTED_EDGE('',*,*,#2549,.T.);
#3267=ORIENTED_EDGE('',*,*,#2407,.T.);
#3268=ORIENTED_EDGE('',*,*,#2550,.T.);
#3269=ORIENTED_EDGE('',*,*,#2551,.T.);
#3270=ORIENTED_EDGE('',*,*,#2552,.F.);
#3271=ORIENTED_EDGE('',*,*,#2406,.T.);
#3272=ORIENTED_EDGE('',*,*,#2451,.T.);
#3273=ORIENTED_EDGE('',*,*,#2553,.F.);
#3274=ORIENTED_EDGE('',*,*,#2554,.T.);
#3275=ORIENTED_EDGE('',*,*,#2555,.T.);
#3276=ORIENTED_EDGE('',*,*,#2550,.F.);
#3277=ORIENTED_EDGE('',*,*,#2401,.T.);
#3278=ORIENTED_EDGE('',*,*,#2444,.T.);
#3279=ORIENTED_EDGE('',*,*,#2556,.F.);
#3280=ORIENTED_EDGE('',*,*,#2557,.T.);
#3281=ORIENTED_EDGE('',*,*,#2558,.T.);
#3282=ORIENTED_EDGE('',*,*,#2559,.F.);
#3283=ORIENTED_EDGE('',*,*,#2398,.T.);
#3284=ORIENTED_EDGE('',*,*,#2560,.T.);
#3285=ORIENTED_EDGE('',*,*,#2561,.T.);
#3286=ORIENTED_EDGE('',*,*,#2562,.F.);
#3287=ORIENTED_EDGE('',*,*,#2393,.T.);
#3288=ORIENTED_EDGE('',*,*,#2563,.T.);
#3289=ORIENTED_EDGE('',*,*,#2564,.T.);
#3290=ORIENTED_EDGE('',*,*,#2565,.F.);
#3291=ORIENTED_EDGE('',*,*,#2397,.T.);
#3292=ORIENTED_EDGE('',*,*,#2441,.T.);
#3293=ORIENTED_EDGE('',*,*,#2566,.F.);
#3294=ORIENTED_EDGE('',*,*,#2437,.T.);
#3295=ORIENTED_EDGE('',*,*,#2394,.T.);
#3296=ORIENTED_EDGE('',*,*,#2565,.T.);
#3297=ORIENTED_EDGE('',*,*,#2567,.T.);
#3298=ORIENTED_EDGE('',*,*,#2560,.F.);
#3299=ORIENTED_EDGE('',*,*,#2392,.T.);
#3300=ORIENTED_EDGE('',*,*,#2436,.T.);
#3301=ORIENTED_EDGE('',*,*,#2568,.F.);
#3302=ORIENTED_EDGE('',*,*,#2569,.T.);
#3303=ORIENTED_EDGE('',*,*,#2570,.T.);
#3304=ORIENTED_EDGE('',*,*,#2563,.F.);
#3305=ORIENTED_EDGE('',*,*,#2389,.T.);
#3306=ORIENTED_EDGE('',*,*,#2433,.T.);
#3307=ORIENTED_EDGE('',*,*,#2571,.F.);
#3308=ORIENTED_EDGE('',*,*,#2572,.T.);
#3309=ORIENTED_EDGE('',*,*,#2573,.T.);
#3310=ORIENTED_EDGE('',*,*,#2574,.F.);
#3311=ORIENTED_EDGE('',*,*,#2431,.T.);
#3312=ORIENTED_EDGE('',*,*,#2387,.T.);
#3313=ORIENTED_EDGE('',*,*,#2575,.T.);
#3314=ORIENTED_EDGE('',*,*,#2576,.T.);
#3315=ORIENTED_EDGE('',*,*,#2577,.F.);
#3316=ORIENTED_EDGE('',*,*,#2578,.F.);
#3317=ORIENTED_EDGE('',*,*,#2473,.T.);
#3318=ORIENTED_EDGE('',*,*,#2579,.T.);
#3319=ORIENTED_EDGE('',*,*,#2580,.T.);
#3320=ORIENTED_EDGE('',*,*,#2581,.F.);
#3321=ORIENTED_EDGE('',*,*,#2472,.T.);
#3322=ORIENTED_EDGE('',*,*,#2516,.T.);
#3323=ORIENTED_EDGE('',*,*,#2582,.F.);
#3324=ORIENTED_EDGE('',*,*,#2583,.T.);
#3325=ORIENTED_EDGE('',*,*,#2584,.T.);
#3326=ORIENTED_EDGE('',*,*,#2579,.F.);
#3327=ORIENTED_EDGE('',*,*,#2469,.T.);
#3328=ORIENTED_EDGE('',*,*,#2585,.T.);
#3329=ORIENTED_EDGE('',*,*,#2586,.T.);
#3330=ORIENTED_EDGE('',*,*,#2587,.F.);
#3331=ORIENTED_EDGE('',*,*,#2468,.T.);
#3332=ORIENTED_EDGE('',*,*,#2588,.T.);
#3333=ORIENTED_EDGE('',*,*,#2589,.T.);
#3334=ORIENTED_EDGE('',*,*,#2585,.F.);
#3335=ORIENTED_EDGE('',*,*,#2510,.T.);
#3336=ORIENTED_EDGE('',*,*,#2590,.T.);
#3337=ORIENTED_EDGE('',*,*,#2591,.T.);
#3338=ORIENTED_EDGE('',*,*,#2592,.F.);
#3339=ORIENTED_EDGE('',*,*,#2509,.T.);
#3340=ORIENTED_EDGE('',*,*,#2593,.T.);
#3341=ORIENTED_EDGE('',*,*,#2594,.T.);
#3342=ORIENTED_EDGE('',*,*,#2590,.F.);
#3343=ORIENTED_EDGE('',*,*,#2508,.T.);
#3344=ORIENTED_EDGE('',*,*,#2595,.T.);
#3345=ORIENTED_EDGE('',*,*,#2596,.T.);
#3346=ORIENTED_EDGE('',*,*,#2593,.F.);
#3347=ORIENTED_EDGE('',*,*,#2506,.T.);
#3348=ORIENTED_EDGE('',*,*,#2597,.T.);
#3349=ORIENTED_EDGE('',*,*,#2598,.T.);
#3350=ORIENTED_EDGE('',*,*,#2599,.F.);
#3351=ORIENTED_EDGE('',*,*,#2505,.T.);
#3352=ORIENTED_EDGE('',*,*,#2600,.T.);
#3353=ORIENTED_EDGE('',*,*,#2601,.T.);
#3354=ORIENTED_EDGE('',*,*,#2597,.F.);
#3355=ORIENTED_EDGE('',*,*,#2504,.T.);
#3356=ORIENTED_EDGE('',*,*,#2546,.T.);
#3357=ORIENTED_EDGE('',*,*,#2602,.F.);
#3358=ORIENTED_EDGE('',*,*,#2603,.T.);
#3359=ORIENTED_EDGE('',*,*,#2604,.T.);
#3360=ORIENTED_EDGE('',*,*,#2600,.F.);
#3361=ORIENTED_EDGE('',*,*,#2501,.T.);
#3362=ORIENTED_EDGE('',*,*,#2605,.T.);
#3363=ORIENTED_EDGE('',*,*,#2606,.T.);
#3364=ORIENTED_EDGE('',*,*,#2607,.F.);
#3365=ORIENTED_EDGE('',*,*,#2500,.T.);
#3366=ORIENTED_EDGE('',*,*,#2543,.T.);
#3367=ORIENTED_EDGE('',*,*,#2608,.F.);
#3368=ORIENTED_EDGE('',*,*,#2609,.T.);
#3369=ORIENTED_EDGE('',*,*,#2610,.T.);
#3370=ORIENTED_EDGE('',*,*,#2605,.F.);
#3371=ORIENTED_EDGE('',*,*,#2497,.T.);
#3372=ORIENTED_EDGE('',*,*,#2540,.T.);
#3373=ORIENTED_EDGE('',*,*,#2611,.F.);
#3374=ORIENTED_EDGE('',*,*,#2612,.T.);
#3375=ORIENTED_EDGE('',*,*,#2613,.T.);
#3376=ORIENTED_EDGE('',*,*,#2614,.F.);
#3377=ORIENTED_EDGE('',*,*,#2524,.T.);
#3378=ORIENTED_EDGE('',*,*,#2615,.T.);
#3379=ORIENTED_EDGE('',*,*,#2526,.T.);
#3380=ORIENTED_EDGE('',*,*,#2440,.T.);
#3381=ORIENTED_EDGE('',*,*,#2438,.T.);
#3382=ORIENTED_EDGE('',*,*,#2566,.T.);
#3383=ORIENTED_EDGE('',*,*,#2443,.T.);
#3384=ORIENTED_EDGE('',*,*,#2616,.T.);
#3385=ORIENTED_EDGE('',*,*,#2617,.T.);
#3386=ORIENTED_EDGE('',*,*,#2568,.T.);
#3387=ORIENTED_EDGE('',*,*,#2435,.T.);
#3388=ORIENTED_EDGE('',*,*,#2618,.T.);
#3389=ORIENTED_EDGE('',*,*,#2611,.T.);
#3390=ORIENTED_EDGE('',*,*,#2539,.T.);
#3391=ORIENTED_EDGE('',*,*,#2619,.T.);
#3392=ORIENTED_EDGE('',*,*,#2620,.T.);
#3393=ORIENTED_EDGE('',*,*,#2621,.T.);
#3394=ORIENTED_EDGE('',*,*,#2622,.T.);
#3395=ORIENTED_EDGE('',*,*,#2623,.T.);
#3396=ORIENTED_EDGE('',*,*,#2536,.T.);
#3397=ORIENTED_EDGE('',*,*,#2534,.T.);
#3398=ORIENTED_EDGE('',*,*,#2532,.T.);
#3399=ORIENTED_EDGE('',*,*,#2624,.T.);
#3400=ORIENTED_EDGE('',*,*,#2625,.T.);
#3401=ORIENTED_EDGE('',*,*,#2556,.T.);
#3402=ORIENTED_EDGE('',*,*,#2626,.T.);
#3403=ORIENTED_EDGE('',*,*,#2627,.T.);
#3404=ORIENTED_EDGE('',*,*,#2628,.T.);
#3405=ORIENTED_EDGE('',*,*,#2629,.T.);
#3406=ORIENTED_EDGE('',*,*,#2630,.T.);
#3407=ORIENTED_EDGE('',*,*,#2631,.T.);
#3408=ORIENTED_EDGE('',*,*,#2632,.T.);
#3409=ORIENTED_EDGE('',*,*,#2633,.T.);
#3410=ORIENTED_EDGE('',*,*,#2634,.T.);
#3411=ORIENTED_EDGE('',*,*,#2635,.T.);
#3412=ORIENTED_EDGE('',*,*,#2636,.T.);
#3413=ORIENTED_EDGE('',*,*,#2637,.T.);
#3414=ORIENTED_EDGE('',*,*,#2453,.T.);
#3415=ORIENTED_EDGE('',*,*,#2638,.T.);
#3416=ORIENTED_EDGE('',*,*,#2639,.T.);
#3417=ORIENTED_EDGE('',*,*,#2640,.T.);
#3418=ORIENTED_EDGE('',*,*,#2641,.T.);
#3419=ORIENTED_EDGE('',*,*,#2553,.T.);
#3420=ORIENTED_EDGE('',*,*,#2450,.T.);
#3421=ORIENTED_EDGE('',*,*,#2448,.T.);
#3422=ORIENTED_EDGE('',*,*,#2446,.T.);
#3423=ORIENTED_EDGE('',*,*,#2642,.T.);
#3424=ORIENTED_EDGE('',*,*,#2643,.T.);
#3425=ORIENTED_EDGE('',*,*,#2644,.T.);
#3426=ORIENTED_EDGE('',*,*,#2529,.T.);
#3427=ORIENTED_EDGE('',*,*,#2645,.T.);
#3428=ORIENTED_EDGE('',*,*,#2646,.T.);
#3429=ORIENTED_EDGE('',*,*,#2647,.T.);
#3430=ORIENTED_EDGE('',*,*,#2521,.T.);
#3431=ORIENTED_EDGE('',*,*,#2648,.T.);
#3432=ORIENTED_EDGE('',*,*,#2649,.T.);
#3433=ORIENTED_EDGE('',*,*,#2650,.T.);
#3434=ORIENTED_EDGE('',*,*,#2651,.T.);
#3435=ORIENTED_EDGE('',*,*,#2652,.T.);
#3436=ORIENTED_EDGE('',*,*,#2653,.T.);
#3437=ORIENTED_EDGE('',*,*,#2654,.T.);
#3438=ORIENTED_EDGE('',*,*,#2655,.T.);
#3439=ORIENTED_EDGE('',*,*,#2656,.T.);
#3440=ORIENTED_EDGE('',*,*,#2657,.T.);
#3441=ORIENTED_EDGE('',*,*,#2658,.T.);
#3442=ORIENTED_EDGE('',*,*,#2659,.T.);
#3443=ORIENTED_EDGE('',*,*,#2660,.T.);
#3444=ORIENTED_EDGE('',*,*,#2661,.T.);
#3445=ORIENTED_EDGE('',*,*,#2538,.T.);
#3446=ORIENTED_EDGE('',*,*,#2495,.T.);
#3447=ORIENTED_EDGE('',*,*,#2662,.T.);
#3448=ORIENTED_EDGE('',*,*,#2663,.T.);
#3449=ORIENTED_EDGE('',*,*,#2664,.F.);
#3450=ORIENTED_EDGE('',*,*,#2619,.F.);
#3451=ORIENTED_EDGE('',*,*,#2665,.T.);
#3452=ORIENTED_EDGE('',*,*,#2666,.T.);
#3453=ORIENTED_EDGE('',*,*,#2667,.T.);
#3454=ORIENTED_EDGE('',*,*,#2668,.T.);
#3455=ORIENTED_EDGE('',*,*,#2669,.T.);
#3456=ORIENTED_EDGE('',*,*,#2670,.T.);
#3457=ORIENTED_EDGE('',*,*,#2671,.F.);
#3458=ORIENTED_EDGE('',*,*,#2672,.T.);
#3459=ORIENTED_EDGE('',*,*,#2673,.T.);
#3460=ORIENTED_EDGE('',*,*,#2674,.T.);
#3461=ORIENTED_EDGE('',*,*,#2669,.F.);
#3462=ORIENTED_EDGE('',*,*,#2675,.T.);
#3463=ORIENTED_EDGE('',*,*,#2671,.T.);
#3464=ORIENTED_EDGE('',*,*,#2676,.T.);
#3465=ORIENTED_EDGE('',*,*,#2677,.F.);
#3466=ORIENTED_EDGE('',*,*,#2678,.T.);
#3467=ORIENTED_EDGE('',*,*,#2679,.T.);
#3468=ORIENTED_EDGE('',*,*,#2680,.T.);
#3469=ORIENTED_EDGE('',*,*,#2673,.F.);
#3470=ORIENTED_EDGE('',*,*,#2681,.T.);
#3471=ORIENTED_EDGE('',*,*,#2677,.T.);
#3472=ORIENTED_EDGE('',*,*,#2682,.T.);
#3473=ORIENTED_EDGE('',*,*,#2683,.F.);
#3474=ORIENTED_EDGE('',*,*,#2684,.T.);
#3475=ORIENTED_EDGE('',*,*,#2667,.F.);
#3476=ORIENTED_EDGE('',*,*,#2685,.F.);
#3477=ORIENTED_EDGE('',*,*,#2686,.T.);
#3478=ORIENTED_EDGE('',*,*,#2687,.T.);
#3479=ORIENTED_EDGE('',*,*,#2688,.T.);
#3480=ORIENTED_EDGE('',*,*,#2689,.T.);
#3481=ORIENTED_EDGE('',*,*,#2679,.F.);
#3482=ORIENTED_EDGE('',*,*,#2690,.T.);
#3483=ORIENTED_EDGE('',*,*,#2683,.T.);
#3484=ORIENTED_EDGE('',*,*,#2691,.T.);
#3485=ORIENTED_EDGE('',*,*,#2665,.F.);
#3486=ORIENTED_EDGE('',*,*,#2692,.T.);
#3487=ORIENTED_EDGE('',*,*,#2690,.F.);
#3488=ORIENTED_EDGE('',*,*,#2693,.F.);
#3489=ORIENTED_EDGE('',*,*,#2694,.F.);
#3490=ORIENTED_EDGE('',*,*,#2695,.T.);
#3491=ORIENTED_EDGE('',*,*,#2681,.F.);
#3492=ORIENTED_EDGE('',*,*,#2696,.F.);
#3493=ORIENTED_EDGE('',*,*,#2697,.F.);
#3494=ORIENTED_EDGE('',*,*,#2693,.T.);
#3495=ORIENTED_EDGE('',*,*,#2675,.F.);
#3496=ORIENTED_EDGE('',*,*,#2698,.F.);
#3497=ORIENTED_EDGE('',*,*,#2699,.F.);
#3498=ORIENTED_EDGE('',*,*,#2696,.T.);
#3499=ORIENTED_EDGE('',*,*,#2672,.F.);
#3500=ORIENTED_EDGE('',*,*,#2700,.F.);
#3501=ORIENTED_EDGE('',*,*,#2701,.F.);
#3502=ORIENTED_EDGE('',*,*,#2698,.T.);
#3503=ORIENTED_EDGE('',*,*,#2685,.T.);
#3504=ORIENTED_EDGE('',*,*,#2666,.F.);
#3505=ORIENTED_EDGE('',*,*,#2691,.F.);
#3506=ORIENTED_EDGE('',*,*,#2682,.F.);
#3507=ORIENTED_EDGE('',*,*,#2676,.F.);
#3508=ORIENTED_EDGE('',*,*,#2670,.F.);
#3509=ORIENTED_EDGE('',*,*,#2674,.F.);
#3510=ORIENTED_EDGE('',*,*,#2680,.F.);
#3511=ORIENTED_EDGE('',*,*,#2689,.F.);
#3512=ORIENTED_EDGE('',*,*,#2702,.T.);
#3513=ORIENTED_EDGE('',*,*,#2703,.T.);
#3514=ORIENTED_EDGE('',*,*,#2704,.T.);
#3515=ORIENTED_EDGE('',*,*,#2705,.T.);
#3516=ORIENTED_EDGE('',*,*,#2706,.T.);
#3517=ORIENTED_EDGE('',*,*,#2707,.T.);
#3518=ORIENTED_EDGE('',*,*,#2708,.T.);
#3519=ORIENTED_EDGE('',*,*,#2709,.T.);
#3520=ORIENTED_EDGE('',*,*,#2710,.T.);
#3521=ORIENTED_EDGE('',*,*,#2711,.T.);
#3522=ORIENTED_EDGE('',*,*,#2712,.T.);
#3523=ORIENTED_EDGE('',*,*,#2688,.F.);
#3524=ORIENTED_EDGE('',*,*,#2713,.F.);
#3525=ORIENTED_EDGE('',*,*,#2714,.T.);
#3526=ORIENTED_EDGE('',*,*,#2702,.F.);
#3527=ORIENTED_EDGE('',*,*,#2715,.F.);
#3528=ORIENTED_EDGE('',*,*,#2716,.F.);
#3529=ORIENTED_EDGE('',*,*,#2717,.F.);
#3530=ORIENTED_EDGE('',*,*,#2718,.T.);
#3531=ORIENTED_EDGE('',*,*,#2715,.T.);
#3532=ORIENTED_EDGE('',*,*,#2718,.F.);
#3533=ORIENTED_EDGE('',*,*,#2719,.F.);
#3534=ORIENTED_EDGE('',*,*,#2720,.F.);
#3535=ORIENTED_EDGE('',*,*,#2721,.F.);
#3536=ORIENTED_EDGE('',*,*,#2722,.T.);
#3537=ORIENTED_EDGE('',*,*,#2719,.T.);
#3538=ORIENTED_EDGE('',*,*,#2722,.F.);
#3539=ORIENTED_EDGE('',*,*,#2723,.F.);
#3540=ORIENTED_EDGE('',*,*,#2724,.F.);
#3541=ORIENTED_EDGE('',*,*,#2725,.F.);
#3542=ORIENTED_EDGE('',*,*,#2726,.T.);
#3543=ORIENTED_EDGE('',*,*,#2723,.T.);
#3544=ORIENTED_EDGE('',*,*,#2726,.F.);
#3545=ORIENTED_EDGE('',*,*,#2727,.F.);
#3546=ORIENTED_EDGE('',*,*,#2728,.F.);
#3547=ORIENTED_EDGE('',*,*,#2729,.F.);
#3548=ORIENTED_EDGE('',*,*,#2730,.T.);
#3549=ORIENTED_EDGE('',*,*,#2727,.T.);
#3550=ORIENTED_EDGE('',*,*,#2730,.F.);
#3551=ORIENTED_EDGE('',*,*,#2731,.F.);
#3552=ORIENTED_EDGE('',*,*,#2732,.T.);
#3553=ORIENTED_EDGE('',*,*,#2733,.T.);
#3554=ORIENTED_EDGE('',*,*,#2734,.F.);
#3555=ORIENTED_EDGE('',*,*,#2502,.T.);
#3556=ORIENTED_EDGE('',*,*,#2607,.T.);
#3557=ORIENTED_EDGE('',*,*,#2735,.T.);
#3558=ORIENTED_EDGE('',*,*,#2732,.F.);
#3559=ORIENTED_EDGE('',*,*,#2736,.F.);
#3560=ORIENTED_EDGE('',*,*,#2544,.T.);
#3561=ORIENTED_EDGE('',*,*,#2737,.F.);
#3562=ORIENTED_EDGE('',*,*,#2738,.T.);
#3563=ORIENTED_EDGE('',*,*,#2739,.T.);
#3564=ORIENTED_EDGE('',*,*,#2609,.F.);
#3565=ORIENTED_EDGE('',*,*,#2740,.F.);
#3566=ORIENTED_EDGE('',*,*,#2734,.T.);
#3567=ORIENTED_EDGE('',*,*,#2741,.T.);
#3568=ORIENTED_EDGE('',*,*,#2738,.F.);
#3569=ORIENTED_EDGE('',*,*,#2741,.F.);
#3570=ORIENTED_EDGE('',*,*,#2733,.F.);
#3571=ORIENTED_EDGE('',*,*,#2735,.F.);
#3572=ORIENTED_EDGE('',*,*,#2606,.F.);
#3573=ORIENTED_EDGE('',*,*,#2610,.F.);
#3574=ORIENTED_EDGE('',*,*,#2739,.F.);
#3575=ORIENTED_EDGE('',*,*,#2742,.F.);
#3576=ORIENTED_EDGE('',*,*,#2426,.T.);
#3577=ORIENTED_EDGE('',*,*,#2743,.T.);
#3578=ORIENTED_EDGE('',*,*,#2744,.T.);
#3579=ORIENTED_EDGE('',*,*,#2745,.F.);
#3580=ORIENTED_EDGE('',*,*,#2425,.T.);
#3581=ORIENTED_EDGE('',*,*,#2746,.T.);
#3582=ORIENTED_EDGE('',*,*,#2747,.T.);
#3583=ORIENTED_EDGE('',*,*,#2743,.F.);
#3584=ORIENTED_EDGE('',*,*,#2748,.F.);
#3585=ORIENTED_EDGE('',*,*,#2749,.T.);
#3586=ORIENTED_EDGE('',*,*,#2750,.T.);
#3587=ORIENTED_EDGE('',*,*,#2746,.F.);
#3588=ORIENTED_EDGE('',*,*,#2466,.F.);
#3589=ORIENTED_EDGE('',*,*,#2751,.F.);
#3590=ORIENTED_EDGE('',*,*,#2752,.T.);
#3591=ORIENTED_EDGE('',*,*,#2753,.T.);
#3592=ORIENTED_EDGE('',*,*,#2749,.F.);
#3593=ORIENTED_EDGE('',*,*,#2754,.F.);
#3594=ORIENTED_EDGE('',*,*,#2755,.T.);
#3595=ORIENTED_EDGE('',*,*,#2756,.T.);
#3596=ORIENTED_EDGE('',*,*,#2752,.F.);
#3597=ORIENTED_EDGE('',*,*,#2427,.T.);
#3598=ORIENTED_EDGE('',*,*,#2745,.T.);
#3599=ORIENTED_EDGE('',*,*,#2757,.T.);
#3600=ORIENTED_EDGE('',*,*,#2755,.F.);
#3601=ORIENTED_EDGE('',*,*,#2758,.F.);
#3602=ORIENTED_EDGE('',*,*,#2428,.T.);
#3603=ORIENTED_EDGE('',*,*,#2757,.F.);
#3604=ORIENTED_EDGE('',*,*,#2744,.F.);
#3605=ORIENTED_EDGE('',*,*,#2747,.F.);
#3606=ORIENTED_EDGE('',*,*,#2750,.F.);
#3607=ORIENTED_EDGE('',*,*,#2753,.F.);
#3608=ORIENTED_EDGE('',*,*,#2756,.F.);
#3609=ORIENTED_EDGE('',*,*,#2759,.F.);
#3610=ORIENTED_EDGE('',*,*,#2626,.F.);
#3611=ORIENTED_EDGE('',*,*,#2760,.T.);
#3612=ORIENTED_EDGE('',*,*,#2761,.T.);
#3613=ORIENTED_EDGE('',*,*,#2762,.F.);
#3614=ORIENTED_EDGE('',*,*,#2631,.F.);
#3615=ORIENTED_EDGE('',*,*,#2763,.T.);
#3616=ORIENTED_EDGE('',*,*,#2764,.T.);
#3617=ORIENTED_EDGE('',*,*,#2760,.F.);
#3618=ORIENTED_EDGE('',*,*,#2630,.F.);
#3619=ORIENTED_EDGE('',*,*,#2765,.T.);
#3620=ORIENTED_EDGE('',*,*,#2766,.T.);
#3621=ORIENTED_EDGE('',*,*,#2763,.F.);
#3622=ORIENTED_EDGE('',*,*,#2629,.F.);
#3623=ORIENTED_EDGE('',*,*,#2767,.T.);
#3624=ORIENTED_EDGE('',*,*,#2768,.T.);
#3625=ORIENTED_EDGE('',*,*,#2765,.F.);
#3626=ORIENTED_EDGE('',*,*,#2628,.F.);
#3627=ORIENTED_EDGE('',*,*,#2769,.T.);
#3628=ORIENTED_EDGE('',*,*,#2770,.T.);
#3629=ORIENTED_EDGE('',*,*,#2767,.F.);
#3630=ORIENTED_EDGE('',*,*,#2627,.F.);
#3631=ORIENTED_EDGE('',*,*,#2762,.T.);
#3632=ORIENTED_EDGE('',*,*,#2771,.T.);
#3633=ORIENTED_EDGE('',*,*,#2769,.F.);
#3634=ORIENTED_EDGE('',*,*,#2771,.F.);
#3635=ORIENTED_EDGE('',*,*,#2761,.F.);
#3636=ORIENTED_EDGE('',*,*,#2764,.F.);
#3637=ORIENTED_EDGE('',*,*,#2766,.F.);
#3638=ORIENTED_EDGE('',*,*,#2768,.F.);
#3639=ORIENTED_EDGE('',*,*,#2770,.F.);
#3640=ORIENTED_EDGE('',*,*,#2772,.F.);
#3641=ORIENTED_EDGE('',*,*,#2650,.F.);
#3642=ORIENTED_EDGE('',*,*,#2773,.T.);
#3643=ORIENTED_EDGE('',*,*,#2774,.T.);
#3644=ORIENTED_EDGE('',*,*,#2775,.F.);
#3645=ORIENTED_EDGE('',*,*,#2655,.F.);
#3646=ORIENTED_EDGE('',*,*,#2776,.T.);
#3647=ORIENTED_EDGE('',*,*,#2777,.T.);
#3648=ORIENTED_EDGE('',*,*,#2773,.F.);
#3649=ORIENTED_EDGE('',*,*,#2654,.F.);
#3650=ORIENTED_EDGE('',*,*,#2778,.T.);
#3651=ORIENTED_EDGE('',*,*,#2779,.T.);
#3652=ORIENTED_EDGE('',*,*,#2776,.F.);
#3653=ORIENTED_EDGE('',*,*,#2653,.F.);
#3654=ORIENTED_EDGE('',*,*,#2780,.T.);
#3655=ORIENTED_EDGE('',*,*,#2781,.T.);
#3656=ORIENTED_EDGE('',*,*,#2778,.F.);
#3657=ORIENTED_EDGE('',*,*,#2652,.F.);
#3658=ORIENTED_EDGE('',*,*,#2782,.T.);
#3659=ORIENTED_EDGE('',*,*,#2783,.T.);
#3660=ORIENTED_EDGE('',*,*,#2780,.F.);
#3661=ORIENTED_EDGE('',*,*,#2651,.F.);
#3662=ORIENTED_EDGE('',*,*,#2775,.T.);
#3663=ORIENTED_EDGE('',*,*,#2784,.T.);
#3664=ORIENTED_EDGE('',*,*,#2782,.F.);
#3665=ORIENTED_EDGE('',*,*,#2784,.F.);
#3666=ORIENTED_EDGE('',*,*,#2774,.F.);
#3667=ORIENTED_EDGE('',*,*,#2777,.F.);
#3668=ORIENTED_EDGE('',*,*,#2779,.F.);
#3669=ORIENTED_EDGE('',*,*,#2781,.F.);
#3670=ORIENTED_EDGE('',*,*,#2783,.F.);
#3671=ORIENTED_EDGE('',*,*,#2785,.F.);
#3672=ORIENTED_EDGE('',*,*,#2418,.T.);
#3673=ORIENTED_EDGE('',*,*,#2786,.T.);
#3674=ORIENTED_EDGE('',*,*,#2787,.T.);
#3675=ORIENTED_EDGE('',*,*,#2788,.F.);
#3676=ORIENTED_EDGE('',*,*,#2460,.T.);
#3677=ORIENTED_EDGE('',*,*,#2789,.F.);
#3678=ORIENTED_EDGE('',*,*,#2790,.T.);
#3679=ORIENTED_EDGE('',*,*,#2791,.T.);
#3680=ORIENTED_EDGE('',*,*,#2786,.F.);
#3681=ORIENTED_EDGE('',*,*,#2417,.T.);
#3682=ORIENTED_EDGE('',*,*,#2792,.F.);
#3683=ORIENTED_EDGE('',*,*,#2793,.T.);
#3684=ORIENTED_EDGE('',*,*,#2794,.T.);
#3685=ORIENTED_EDGE('',*,*,#2790,.F.);
#3686=ORIENTED_EDGE('',*,*,#2795,.F.);
#3687=ORIENTED_EDGE('',*,*,#2796,.T.);
#3688=ORIENTED_EDGE('',*,*,#2797,.T.);
#3689=ORIENTED_EDGE('',*,*,#2793,.F.);
#3690=ORIENTED_EDGE('',*,*,#2798,.F.);
#3691=ORIENTED_EDGE('',*,*,#2461,.T.);
#3692=ORIENTED_EDGE('',*,*,#2799,.T.);
#3693=ORIENTED_EDGE('',*,*,#2800,.T.);
#3694=ORIENTED_EDGE('',*,*,#2796,.F.);
#3695=ORIENTED_EDGE('',*,*,#2419,.T.);
#3696=ORIENTED_EDGE('',*,*,#2788,.T.);
#3697=ORIENTED_EDGE('',*,*,#2801,.T.);
#3698=ORIENTED_EDGE('',*,*,#2799,.F.);
#3699=ORIENTED_EDGE('',*,*,#2801,.F.);
#3700=ORIENTED_EDGE('',*,*,#2787,.F.);
#3701=ORIENTED_EDGE('',*,*,#2791,.F.);
#3702=ORIENTED_EDGE('',*,*,#2794,.F.);
#3703=ORIENTED_EDGE('',*,*,#2797,.F.);
#3704=ORIENTED_EDGE('',*,*,#2800,.F.);
#3705=ORIENTED_EDGE('',*,*,#2802,.F.);
#3706=ORIENTED_EDGE('',*,*,#2639,.F.);
#3707=ORIENTED_EDGE('',*,*,#2803,.T.);
#3708=ORIENTED_EDGE('',*,*,#2804,.T.);
#3709=ORIENTED_EDGE('',*,*,#2805,.F.);
#3710=ORIENTED_EDGE('',*,*,#2408,.T.);
#3711=ORIENTED_EDGE('',*,*,#2552,.T.);
#3712=ORIENTED_EDGE('',*,*,#2806,.T.);
#3713=ORIENTED_EDGE('',*,*,#2803,.F.);
#3714=ORIENTED_EDGE('',*,*,#2638,.F.);
#3715=ORIENTED_EDGE('',*,*,#2452,.T.);
#3716=ORIENTED_EDGE('',*,*,#2641,.F.);
#3717=ORIENTED_EDGE('',*,*,#2807,.T.);
#3718=ORIENTED_EDGE('',*,*,#2808,.T.);
#3719=ORIENTED_EDGE('',*,*,#2554,.F.);
#3720=ORIENTED_EDGE('',*,*,#2640,.F.);
#3721=ORIENTED_EDGE('',*,*,#2805,.T.);
#3722=ORIENTED_EDGE('',*,*,#2809,.T.);
#3723=ORIENTED_EDGE('',*,*,#2807,.F.);
#3724=ORIENTED_EDGE('',*,*,#2809,.F.);
#3725=ORIENTED_EDGE('',*,*,#2804,.F.);
#3726=ORIENTED_EDGE('',*,*,#2806,.F.);
#3727=ORIENTED_EDGE('',*,*,#2551,.F.);
#3728=ORIENTED_EDGE('',*,*,#2555,.F.);
#3729=ORIENTED_EDGE('',*,*,#2808,.F.);
#3730=ORIENTED_EDGE('',*,*,#2810,.F.);
#3731=ORIENTED_EDGE('',*,*,#2811,.F.);
#3732=ORIENTED_EDGE('',*,*,#2812,.T.);
#3733=ORIENTED_EDGE('',*,*,#2813,.T.);
#3734=ORIENTED_EDGE('',*,*,#2583,.F.);
#3735=ORIENTED_EDGE('',*,*,#2814,.F.);
#3736=ORIENTED_EDGE('',*,*,#2815,.T.);
#3737=ORIENTED_EDGE('',*,*,#2816,.T.);
#3738=ORIENTED_EDGE('',*,*,#2812,.F.);
#3739=ORIENTED_EDGE('',*,*,#2817,.F.);
#3740=ORIENTED_EDGE('',*,*,#2818,.T.);
#3741=ORIENTED_EDGE('',*,*,#2819,.T.);
#3742=ORIENTED_EDGE('',*,*,#2815,.F.);
#3743=ORIENTED_EDGE('',*,*,#2474,.T.);
#3744=ORIENTED_EDGE('',*,*,#2581,.T.);
#3745=ORIENTED_EDGE('',*,*,#2820,.T.);
#3746=ORIENTED_EDGE('',*,*,#2818,.F.);
#3747=ORIENTED_EDGE('',*,*,#2821,.F.);
#3748=ORIENTED_EDGE('',*,*,#2517,.T.);
#3749=ORIENTED_EDGE('',*,*,#2584,.F.);
#3750=ORIENTED_EDGE('',*,*,#2813,.F.);
#3751=ORIENTED_EDGE('',*,*,#2816,.F.);
#3752=ORIENTED_EDGE('',*,*,#2819,.F.);
#3753=ORIENTED_EDGE('',*,*,#2820,.F.);
#3754=ORIENTED_EDGE('',*,*,#2580,.F.);
#3755=ORIENTED_EDGE('',*,*,#2822,.F.);
#3756=ORIENTED_EDGE('',*,*,#2823,.F.);
#3757=ORIENTED_EDGE('',*,*,#2824,.T.);
#3758=ORIENTED_EDGE('',*,*,#2825,.T.);
#3759=ORIENTED_EDGE('',*,*,#2826,.F.);
#3760=ORIENTED_EDGE('',*,*,#2827,.F.);
#3761=ORIENTED_EDGE('',*,*,#2511,.T.);
#3762=ORIENTED_EDGE('',*,*,#2592,.T.);
#3763=ORIENTED_EDGE('',*,*,#2828,.T.);
#3764=ORIENTED_EDGE('',*,*,#2824,.F.);
#3765=ORIENTED_EDGE('',*,*,#2829,.F.);
#3766=ORIENTED_EDGE('',*,*,#2826,.T.);
#3767=ORIENTED_EDGE('',*,*,#2830,.T.);
#3768=ORIENTED_EDGE('',*,*,#2595,.F.);
#3769=ORIENTED_EDGE('',*,*,#2549,.F.);
#3770=ORIENTED_EDGE('',*,*,#2830,.F.);
#3771=ORIENTED_EDGE('',*,*,#2825,.F.);
#3772=ORIENTED_EDGE('',*,*,#2828,.F.);
#3773=ORIENTED_EDGE('',*,*,#2591,.F.);
#3774=ORIENTED_EDGE('',*,*,#2594,.F.);
#3775=ORIENTED_EDGE('',*,*,#2596,.F.);
#3776=ORIENTED_EDGE('',*,*,#2831,.F.);
#3777=ORIENTED_EDGE('',*,*,#2422,.T.);
#3778=ORIENTED_EDGE('',*,*,#2832,.T.);
#3779=ORIENTED_EDGE('',*,*,#2833,.T.);
#3780=ORIENTED_EDGE('',*,*,#2834,.F.);
#3781=ORIENTED_EDGE('',*,*,#2421,.T.);
#3782=ORIENTED_EDGE('',*,*,#2835,.T.);
#3783=ORIENTED_EDGE('',*,*,#2836,.T.);
#3784=ORIENTED_EDGE('',*,*,#2832,.F.);
#3785=ORIENTED_EDGE('',*,*,#2837,.F.);
#3786=ORIENTED_EDGE('',*,*,#2838,.T.);
#3787=ORIENTED_EDGE('',*,*,#2839,.T.);
#3788=ORIENTED_EDGE('',*,*,#2835,.F.);
#3789=ORIENTED_EDGE('',*,*,#2463,.F.);
#3790=ORIENTED_EDGE('',*,*,#2840,.F.);
#3791=ORIENTED_EDGE('',*,*,#2841,.T.);
#3792=ORIENTED_EDGE('',*,*,#2842,.T.);
#3793=ORIENTED_EDGE('',*,*,#2838,.F.);
#3794=ORIENTED_EDGE('',*,*,#2843,.F.);
#3795=ORIENTED_EDGE('',*,*,#2464,.T.);
#3796=ORIENTED_EDGE('',*,*,#2844,.T.);
#3797=ORIENTED_EDGE('',*,*,#2845,.T.);
#3798=ORIENTED_EDGE('',*,*,#2841,.F.);
#3799=ORIENTED_EDGE('',*,*,#2423,.T.);
#3800=ORIENTED_EDGE('',*,*,#2834,.T.);
#3801=ORIENTED_EDGE('',*,*,#2846,.T.);
#3802=ORIENTED_EDGE('',*,*,#2844,.F.);
#3803=ORIENTED_EDGE('',*,*,#2846,.F.);
#3804=ORIENTED_EDGE('',*,*,#2833,.F.);
#3805=ORIENTED_EDGE('',*,*,#2836,.F.);
#3806=ORIENTED_EDGE('',*,*,#2839,.F.);
#3807=ORIENTED_EDGE('',*,*,#2842,.F.);
#3808=ORIENTED_EDGE('',*,*,#2845,.F.);
#3809=ORIENTED_EDGE('',*,*,#2847,.F.);
#3810=ORIENTED_EDGE('',*,*,#2848,.F.);
#3811=ORIENTED_EDGE('',*,*,#2849,.T.);
#3812=ORIENTED_EDGE('',*,*,#2850,.T.);
#3813=ORIENTED_EDGE('',*,*,#2851,.F.);
#3814=ORIENTED_EDGE('',*,*,#2852,.F.);
#3815=ORIENTED_EDGE('',*,*,#2547,.T.);
#3816=ORIENTED_EDGE('',*,*,#2599,.T.);
#3817=ORIENTED_EDGE('',*,*,#2853,.T.);
#3818=ORIENTED_EDGE('',*,*,#2849,.F.);
#3819=ORIENTED_EDGE('',*,*,#2854,.F.);
#3820=ORIENTED_EDGE('',*,*,#2851,.T.);
#3821=ORIENTED_EDGE('',*,*,#2855,.T.);
#3822=ORIENTED_EDGE('',*,*,#2603,.F.);
#3823=ORIENTED_EDGE('',*,*,#2855,.F.);
#3824=ORIENTED_EDGE('',*,*,#2850,.F.);
#3825=ORIENTED_EDGE('',*,*,#2853,.F.);
#3826=ORIENTED_EDGE('',*,*,#2598,.F.);
#3827=ORIENTED_EDGE('',*,*,#2601,.F.);
#3828=ORIENTED_EDGE('',*,*,#2604,.F.);
#3829=ORIENTED_EDGE('',*,*,#2856,.F.);
#3830=ORIENTED_EDGE('',*,*,#2498,.T.);
#3831=ORIENTED_EDGE('',*,*,#2614,.T.);
#3832=ORIENTED_EDGE('',*,*,#2857,.T.);
#3833=ORIENTED_EDGE('',*,*,#2858,.F.);
#3834=ORIENTED_EDGE('',*,*,#2859,.F.);
#3835=ORIENTED_EDGE('',*,*,#2541,.T.);
#3836=ORIENTED_EDGE('',*,*,#2390,.T.);
#3837=ORIENTED_EDGE('',*,*,#2574,.T.);
#3838=ORIENTED_EDGE('',*,*,#2860,.T.);
#3839=ORIENTED_EDGE('',*,*,#2612,.F.);
#3840=ORIENTED_EDGE('',*,*,#2618,.F.);
#3841=ORIENTED_EDGE('',*,*,#2434,.T.);
#3842=ORIENTED_EDGE('',*,*,#2861,.F.);
#3843=ORIENTED_EDGE('',*,*,#2862,.T.);
#3844=ORIENTED_EDGE('',*,*,#2863,.T.);
#3845=ORIENTED_EDGE('',*,*,#2572,.F.);
#3846=ORIENTED_EDGE('',*,*,#2864,.F.);
#3847=ORIENTED_EDGE('',*,*,#2858,.T.);
#3848=ORIENTED_EDGE('',*,*,#2865,.T.);
#3849=ORIENTED_EDGE('',*,*,#2862,.F.);
#3850=ORIENTED_EDGE('',*,*,#2865,.F.);
#3851=ORIENTED_EDGE('',*,*,#2857,.F.);
#3852=ORIENTED_EDGE('',*,*,#2613,.F.);
#3853=ORIENTED_EDGE('',*,*,#2860,.F.);
#3854=ORIENTED_EDGE('',*,*,#2573,.F.);
#3855=ORIENTED_EDGE('',*,*,#2863,.F.);
#3856=ORIENTED_EDGE('',*,*,#2866,.F.);
#3857=ORIENTED_EDGE('',*,*,#2632,.F.);
#3858=ORIENTED_EDGE('',*,*,#2867,.T.);
#3859=ORIENTED_EDGE('',*,*,#2868,.T.);
#3860=ORIENTED_EDGE('',*,*,#2869,.F.);
#3861=ORIENTED_EDGE('',*,*,#2637,.F.);
#3862=ORIENTED_EDGE('',*,*,#2870,.T.);
#3863=ORIENTED_EDGE('',*,*,#2871,.T.);
#3864=ORIENTED_EDGE('',*,*,#2867,.F.);
#3865=ORIENTED_EDGE('',*,*,#2636,.F.);
#3866=ORIENTED_EDGE('',*,*,#2872,.T.);
#3867=ORIENTED_EDGE('',*,*,#2873,.T.);
#3868=ORIENTED_EDGE('',*,*,#2870,.F.);
#3869=ORIENTED_EDGE('',*,*,#2635,.F.);
#3870=ORIENTED_EDGE('',*,*,#2874,.T.);
#3871=ORIENTED_EDGE('',*,*,#2875,.T.);
#3872=ORIENTED_EDGE('',*,*,#2872,.F.);
#3873=ORIENTED_EDGE('',*,*,#2634,.F.);
#3874=ORIENTED_EDGE('',*,*,#2876,.T.);
#3875=ORIENTED_EDGE('',*,*,#2877,.T.);
#3876=ORIENTED_EDGE('',*,*,#2874,.F.);
#3877=ORIENTED_EDGE('',*,*,#2633,.F.);
#3878=ORIENTED_EDGE('',*,*,#2869,.T.);
#3879=ORIENTED_EDGE('',*,*,#2878,.T.);
#3880=ORIENTED_EDGE('',*,*,#2876,.F.);
#3881=ORIENTED_EDGE('',*,*,#2878,.F.);
#3882=ORIENTED_EDGE('',*,*,#2868,.F.);
#3883=ORIENTED_EDGE('',*,*,#2871,.F.);
#3884=ORIENTED_EDGE('',*,*,#2873,.F.);
#3885=ORIENTED_EDGE('',*,*,#2875,.F.);
#3886=ORIENTED_EDGE('',*,*,#2877,.F.);
#3887=ORIENTED_EDGE('',*,*,#2879,.F.);
#3888=ORIENTED_EDGE('',*,*,#2530,.T.);
#3889=ORIENTED_EDGE('',*,*,#2644,.F.);
#3890=ORIENTED_EDGE('',*,*,#2880,.T.);
#3891=ORIENTED_EDGE('',*,*,#2881,.T.);
#3892=ORIENTED_EDGE('',*,*,#2882,.F.);
#3893=ORIENTED_EDGE('',*,*,#2488,.T.);
#3894=ORIENTED_EDGE('',*,*,#2643,.F.);
#3895=ORIENTED_EDGE('',*,*,#2883,.T.);
#3896=ORIENTED_EDGE('',*,*,#2884,.T.);
#3897=ORIENTED_EDGE('',*,*,#2880,.F.);
#3898=ORIENTED_EDGE('',*,*,#2402,.T.);
#3899=ORIENTED_EDGE('',*,*,#2559,.T.);
#3900=ORIENTED_EDGE('',*,*,#2885,.T.);
#3901=ORIENTED_EDGE('',*,*,#2883,.F.);
#3902=ORIENTED_EDGE('',*,*,#2642,.F.);
#3903=ORIENTED_EDGE('',*,*,#2445,.T.);
#3904=ORIENTED_EDGE('',*,*,#2625,.F.);
#3905=ORIENTED_EDGE('',*,*,#2886,.T.);
#3906=ORIENTED_EDGE('',*,*,#2887,.T.);
#3907=ORIENTED_EDGE('',*,*,#2557,.F.);
#3908=ORIENTED_EDGE('',*,*,#2489,.T.);
#3909=ORIENTED_EDGE('',*,*,#2882,.T.);
#3910=ORIENTED_EDGE('',*,*,#2888,.T.);
#3911=ORIENTED_EDGE('',*,*,#2886,.F.);
#3912=ORIENTED_EDGE('',*,*,#2624,.F.);
#3913=ORIENTED_EDGE('',*,*,#2531,.T.);
#3914=ORIENTED_EDGE('',*,*,#2888,.F.);
#3915=ORIENTED_EDGE('',*,*,#2881,.F.);
#3916=ORIENTED_EDGE('',*,*,#2884,.F.);
#3917=ORIENTED_EDGE('',*,*,#2885,.F.);
#3918=ORIENTED_EDGE('',*,*,#2558,.F.);
#3919=ORIENTED_EDGE('',*,*,#2887,.F.);
#3920=ORIENTED_EDGE('',*,*,#2889,.F.);
#3921=ORIENTED_EDGE('',*,*,#2481,.T.);
#3922=ORIENTED_EDGE('',*,*,#2890,.T.);
#3923=ORIENTED_EDGE('',*,*,#2891,.T.);
#3924=ORIENTED_EDGE('',*,*,#2892,.F.);
#3925=ORIENTED_EDGE('',*,*,#2484,.T.);
#3926=ORIENTED_EDGE('',*,*,#2527,.T.);
#3927=ORIENTED_EDGE('',*,*,#2615,.F.);
#3928=ORIENTED_EDGE('',*,*,#2523,.T.);
#3929=ORIENTED_EDGE('',*,*,#2480,.T.);
#3930=ORIENTED_EDGE('',*,*,#2893,.T.);
#3931=ORIENTED_EDGE('',*,*,#2894,.T.);
#3932=ORIENTED_EDGE('',*,*,#2890,.F.);
#3933=ORIENTED_EDGE('',*,*,#2522,.T.);
#3934=ORIENTED_EDGE('',*,*,#2647,.F.);
#3935=ORIENTED_EDGE('',*,*,#2895,.T.);
#3936=ORIENTED_EDGE('',*,*,#2896,.T.);
#3937=ORIENTED_EDGE('',*,*,#2893,.F.);
#3938=ORIENTED_EDGE('',*,*,#2479,.T.);
#3939=ORIENTED_EDGE('',*,*,#2646,.F.);
#3940=ORIENTED_EDGE('',*,*,#2897,.T.);
#3941=ORIENTED_EDGE('',*,*,#2898,.T.);
#3942=ORIENTED_EDGE('',*,*,#2895,.F.);
#3943=ORIENTED_EDGE('',*,*,#2486,.T.);
#3944=ORIENTED_EDGE('',*,*,#2899,.T.);
#3945=ORIENTED_EDGE('',*,*,#2900,.T.);
#3946=ORIENTED_EDGE('',*,*,#2897,.F.);
#3947=ORIENTED_EDGE('',*,*,#2645,.F.);
#3948=ORIENTED_EDGE('',*,*,#2528,.T.);
#3949=ORIENTED_EDGE('',*,*,#2485,.T.);
#3950=ORIENTED_EDGE('',*,*,#2892,.T.);
#3951=ORIENTED_EDGE('',*,*,#2901,.T.);
#3952=ORIENTED_EDGE('',*,*,#2899,.F.);
#3953=ORIENTED_EDGE('',*,*,#2901,.F.);
#3954=ORIENTED_EDGE('',*,*,#2891,.F.);
#3955=ORIENTED_EDGE('',*,*,#2894,.F.);
#3956=ORIENTED_EDGE('',*,*,#2896,.F.);
#3957=ORIENTED_EDGE('',*,*,#2898,.F.);
#3958=ORIENTED_EDGE('',*,*,#2900,.F.);
#3959=ORIENTED_EDGE('',*,*,#2902,.F.);
#3960=ORIENTED_EDGE('',*,*,#2457,.T.);
#3961=ORIENTED_EDGE('',*,*,#2903,.F.);
#3962=ORIENTED_EDGE('',*,*,#2904,.T.);
#3963=ORIENTED_EDGE('',*,*,#2905,.T.);
#3964=ORIENTED_EDGE('',*,*,#2906,.F.);
#3965=ORIENTED_EDGE('',*,*,#2413,.T.);
#3966=ORIENTED_EDGE('',*,*,#2907,.F.);
#3967=ORIENTED_EDGE('',*,*,#2908,.T.);
#3968=ORIENTED_EDGE('',*,*,#2909,.T.);
#3969=ORIENTED_EDGE('',*,*,#2904,.F.);
#3970=ORIENTED_EDGE('',*,*,#2910,.F.);
#3971=ORIENTED_EDGE('',*,*,#2911,.T.);
#3972=ORIENTED_EDGE('',*,*,#2912,.T.);
#3973=ORIENTED_EDGE('',*,*,#2908,.F.);
#3974=ORIENTED_EDGE('',*,*,#2913,.F.);
#3975=ORIENTED_EDGE('',*,*,#2914,.T.);
#3976=ORIENTED_EDGE('',*,*,#2915,.T.);
#3977=ORIENTED_EDGE('',*,*,#2911,.F.);
#3978=ORIENTED_EDGE('',*,*,#2415,.T.);
#3979=ORIENTED_EDGE('',*,*,#2916,.T.);
#3980=ORIENTED_EDGE('',*,*,#2917,.T.);
#3981=ORIENTED_EDGE('',*,*,#2914,.F.);
#3982=ORIENTED_EDGE('',*,*,#2918,.F.);
#3983=ORIENTED_EDGE('',*,*,#2458,.T.);
#3984=ORIENTED_EDGE('',*,*,#2414,.T.);
#3985=ORIENTED_EDGE('',*,*,#2906,.T.);
#3986=ORIENTED_EDGE('',*,*,#2919,.T.);
#3987=ORIENTED_EDGE('',*,*,#2916,.F.);
#3988=ORIENTED_EDGE('',*,*,#2919,.F.);
#3989=ORIENTED_EDGE('',*,*,#2905,.F.);
#3990=ORIENTED_EDGE('',*,*,#2909,.F.);
#3991=ORIENTED_EDGE('',*,*,#2912,.F.);
#3992=ORIENTED_EDGE('',*,*,#2915,.F.);
#3993=ORIENTED_EDGE('',*,*,#2917,.F.);
#3994=ORIENTED_EDGE('',*,*,#2920,.F.);
#3995=ORIENTED_EDGE('',*,*,#2656,.F.);
#3996=ORIENTED_EDGE('',*,*,#2921,.T.);
#3997=ORIENTED_EDGE('',*,*,#2922,.T.);
#3998=ORIENTED_EDGE('',*,*,#2923,.F.);
#3999=ORIENTED_EDGE('',*,*,#2661,.F.);
#4000=ORIENTED_EDGE('',*,*,#2924,.T.);
#4001=ORIENTED_EDGE('',*,*,#2925,.T.);
#4002=ORIENTED_EDGE('',*,*,#2921,.F.);
#4003=ORIENTED_EDGE('',*,*,#2660,.F.);
#4004=ORIENTED_EDGE('',*,*,#2926,.T.);
#4005=ORIENTED_EDGE('',*,*,#2927,.T.);
#4006=ORIENTED_EDGE('',*,*,#2924,.F.);
#4007=ORIENTED_EDGE('',*,*,#2659,.F.);
#4008=ORIENTED_EDGE('',*,*,#2928,.T.);
#4009=ORIENTED_EDGE('',*,*,#2929,.T.);
#4010=ORIENTED_EDGE('',*,*,#2926,.F.);
#4011=ORIENTED_EDGE('',*,*,#2658,.F.);
#4012=ORIENTED_EDGE('',*,*,#2930,.T.);
#4013=ORIENTED_EDGE('',*,*,#2931,.T.);
#4014=ORIENTED_EDGE('',*,*,#2928,.F.);
#4015=ORIENTED_EDGE('',*,*,#2657,.F.);
#4016=ORIENTED_EDGE('',*,*,#2923,.T.);
#4017=ORIENTED_EDGE('',*,*,#2932,.T.);
#4018=ORIENTED_EDGE('',*,*,#2930,.F.);
#4019=ORIENTED_EDGE('',*,*,#2932,.F.);
#4020=ORIENTED_EDGE('',*,*,#2922,.F.);
#4021=ORIENTED_EDGE('',*,*,#2925,.F.);
#4022=ORIENTED_EDGE('',*,*,#2927,.F.);
#4023=ORIENTED_EDGE('',*,*,#2929,.F.);
#4024=ORIENTED_EDGE('',*,*,#2931,.F.);
#4025=ORIENTED_EDGE('',*,*,#2933,.F.);
#4026=ORIENTED_EDGE('',*,*,#2519,.T.);
#4027=ORIENTED_EDGE('',*,*,#2934,.F.);
#4028=ORIENTED_EDGE('',*,*,#2935,.T.);
#4029=ORIENTED_EDGE('',*,*,#2936,.T.);
#4030=ORIENTED_EDGE('',*,*,#2937,.F.);
#4031=ORIENTED_EDGE('',*,*,#2476,.T.);
#4032=ORIENTED_EDGE('',*,*,#2938,.F.);
#4033=ORIENTED_EDGE('',*,*,#2939,.T.);
#4034=ORIENTED_EDGE('',*,*,#2940,.T.);
#4035=ORIENTED_EDGE('',*,*,#2935,.F.);
#4036=ORIENTED_EDGE('',*,*,#2941,.F.);
#4037=ORIENTED_EDGE('',*,*,#2942,.T.);
#4038=ORIENTED_EDGE('',*,*,#2943,.T.);
#4039=ORIENTED_EDGE('',*,*,#2939,.F.);
#4040=ORIENTED_EDGE('',*,*,#2411,.T.);
#4041=ORIENTED_EDGE('',*,*,#2944,.T.);
#4042=ORIENTED_EDGE('',*,*,#2945,.T.);
#4043=ORIENTED_EDGE('',*,*,#2942,.F.);
#4044=ORIENTED_EDGE('',*,*,#2946,.F.);
#4045=ORIENTED_EDGE('',*,*,#2455,.T.);
#4046=ORIENTED_EDGE('',*,*,#2454,.T.);
#4047=ORIENTED_EDGE('',*,*,#2649,.F.);
#4048=ORIENTED_EDGE('',*,*,#2947,.T.);
#4049=ORIENTED_EDGE('',*,*,#2948,.T.);
#4050=ORIENTED_EDGE('',*,*,#2944,.F.);
#4051=ORIENTED_EDGE('',*,*,#2410,.T.);
#4052=ORIENTED_EDGE('',*,*,#2477,.T.);
#4053=ORIENTED_EDGE('',*,*,#2937,.T.);
#4054=ORIENTED_EDGE('',*,*,#2949,.T.);
#4055=ORIENTED_EDGE('',*,*,#2947,.F.);
#4056=ORIENTED_EDGE('',*,*,#2648,.F.);
#4057=ORIENTED_EDGE('',*,*,#2520,.T.);
#4058=ORIENTED_EDGE('',*,*,#2949,.F.);
#4059=ORIENTED_EDGE('',*,*,#2936,.F.);
#4060=ORIENTED_EDGE('',*,*,#2940,.F.);
#4061=ORIENTED_EDGE('',*,*,#2943,.F.);
#4062=ORIENTED_EDGE('',*,*,#2945,.F.);
#4063=ORIENTED_EDGE('',*,*,#2948,.F.);
#4064=ORIENTED_EDGE('',*,*,#2950,.F.);
#4065=ORIENTED_EDGE('',*,*,#2951,.F.);
#4066=ORIENTED_EDGE('',*,*,#2952,.T.);
#4067=ORIENTED_EDGE('',*,*,#2953,.T.);
#4068=ORIENTED_EDGE('',*,*,#2954,.F.);
#4069=ORIENTED_EDGE('',*,*,#2955,.F.);
#4070=ORIENTED_EDGE('',*,*,#2956,.T.);
#4071=ORIENTED_EDGE('',*,*,#2957,.T.);
#4072=ORIENTED_EDGE('',*,*,#2952,.F.);
#4073=ORIENTED_EDGE('',*,*,#2470,.T.);
#4074=ORIENTED_EDGE('',*,*,#2587,.T.);
#4075=ORIENTED_EDGE('',*,*,#2958,.T.);
#4076=ORIENTED_EDGE('',*,*,#2956,.F.);
#4077=ORIENTED_EDGE('',*,*,#2959,.F.);
#4078=ORIENTED_EDGE('',*,*,#2514,.T.);
#4079=ORIENTED_EDGE('',*,*,#2960,.F.);
#4080=ORIENTED_EDGE('',*,*,#2954,.T.);
#4081=ORIENTED_EDGE('',*,*,#2961,.T.);
#4082=ORIENTED_EDGE('',*,*,#2588,.F.);
#4083=ORIENTED_EDGE('',*,*,#2513,.F.);
#4084=ORIENTED_EDGE('',*,*,#2961,.F.);
#4085=ORIENTED_EDGE('',*,*,#2953,.F.);
#4086=ORIENTED_EDGE('',*,*,#2957,.F.);
#4087=ORIENTED_EDGE('',*,*,#2958,.F.);
#4088=ORIENTED_EDGE('',*,*,#2586,.F.);
#4089=ORIENTED_EDGE('',*,*,#2589,.F.);
#4090=ORIENTED_EDGE('',*,*,#2962,.F.);
#4091=ORIENTED_EDGE('',*,*,#2617,.F.);
#4092=ORIENTED_EDGE('',*,*,#2963,.T.);
#4093=ORIENTED_EDGE('',*,*,#2964,.T.);
#4094=ORIENTED_EDGE('',*,*,#2569,.F.);
#4095=ORIENTED_EDGE('',*,*,#2399,.T.);
#4096=ORIENTED_EDGE('',*,*,#2562,.T.);
#4097=ORIENTED_EDGE('',*,*,#2965,.T.);
#4098=ORIENTED_EDGE('',*,*,#2963,.F.);
#4099=ORIENTED_EDGE('',*,*,#2616,.F.);
#4100=ORIENTED_EDGE('',*,*,#2442,.T.);
#4101=ORIENTED_EDGE('',*,*,#2570,.F.);
#4102=ORIENTED_EDGE('',*,*,#2964,.F.);
#4103=ORIENTED_EDGE('',*,*,#2965,.F.);
#4104=ORIENTED_EDGE('',*,*,#2561,.F.);
#4105=ORIENTED_EDGE('',*,*,#2567,.F.);
#4106=ORIENTED_EDGE('',*,*,#2564,.F.);
#4107=ORIENTED_EDGE('',*,*,#2966,.F.);
#4108=ORIENTED_EDGE('',*,*,#2537,.T.);
#4109=ORIENTED_EDGE('',*,*,#2623,.F.);
#4110=ORIENTED_EDGE('',*,*,#2967,.T.);
#4111=ORIENTED_EDGE('',*,*,#2968,.T.);
#4112=ORIENTED_EDGE('',*,*,#2969,.F.);
#4113=ORIENTED_EDGE('',*,*,#2493,.T.);
#4114=ORIENTED_EDGE('',*,*,#2622,.F.);
#4115=ORIENTED_EDGE('',*,*,#2970,.T.);
#4116=ORIENTED_EDGE('',*,*,#2971,.T.);
#4117=ORIENTED_EDGE('',*,*,#2967,.F.);
#4118=ORIENTED_EDGE('',*,*,#2621,.F.);
#4119=ORIENTED_EDGE('',*,*,#2972,.T.);
#4120=ORIENTED_EDGE('',*,*,#2973,.T.);
#4121=ORIENTED_EDGE('',*,*,#2970,.F.);
#4122=ORIENTED_EDGE('',*,*,#2620,.F.);
#4123=ORIENTED_EDGE('',*,*,#2664,.T.);
#4124=ORIENTED_EDGE('',*,*,#2974,.T.);
#4125=ORIENTED_EDGE('',*,*,#2972,.F.);
#4126=ORIENTED_EDGE('',*,*,#2494,.T.);
#4127=ORIENTED_EDGE('',*,*,#2969,.T.);
#4128=ORIENTED_EDGE('',*,*,#2975,.T.);
#4129=ORIENTED_EDGE('',*,*,#2662,.F.);
#4130=ORIENTED_EDGE('',*,*,#2975,.F.);
#4131=ORIENTED_EDGE('',*,*,#2968,.F.);
#4132=ORIENTED_EDGE('',*,*,#2971,.F.);
#4133=ORIENTED_EDGE('',*,*,#2973,.F.);
#4134=ORIENTED_EDGE('',*,*,#2974,.F.);
#4135=ORIENTED_EDGE('',*,*,#2663,.F.);
#4136=ORIENTED_EDGE('',*,*,#2976,.F.);
#4137=ORIENTED_EDGE('',*,*,#2386,.T.);
#4138=ORIENTED_EDGE('',*,*,#2977,.T.);
#4139=ORIENTED_EDGE('',*,*,#2978,.T.);
#4140=ORIENTED_EDGE('',*,*,#2575,.F.);
#4141=ORIENTED_EDGE('',*,*,#2430,.T.);
#4142=ORIENTED_EDGE('',*,*,#2979,.F.);
#4143=ORIENTED_EDGE('',*,*,#2980,.T.);
#4144=ORIENTED_EDGE('',*,*,#2981,.T.);
#4145=ORIENTED_EDGE('',*,*,#2977,.F.);
#4146=ORIENTED_EDGE('',*,*,#2385,.T.);
#4147=ORIENTED_EDGE('',*,*,#2982,.F.);
#4148=ORIENTED_EDGE('',*,*,#2983,.T.);
#4149=ORIENTED_EDGE('',*,*,#2984,.T.);
#4150=ORIENTED_EDGE('',*,*,#2980,.F.);
#4151=ORIENTED_EDGE('',*,*,#2985,.F.);
#4152=ORIENTED_EDGE('',*,*,#2986,.T.);
#4153=ORIENTED_EDGE('',*,*,#2987,.T.);
#4154=ORIENTED_EDGE('',*,*,#2983,.F.);
#4155=ORIENTED_EDGE('',*,*,#2988,.F.);
#4156=ORIENTED_EDGE('',*,*,#2577,.T.);
#4157=ORIENTED_EDGE('',*,*,#2989,.T.);
#4158=ORIENTED_EDGE('',*,*,#2986,.F.);
#4159=ORIENTED_EDGE('',*,*,#2989,.F.);
#4160=ORIENTED_EDGE('',*,*,#2576,.F.);
#4161=ORIENTED_EDGE('',*,*,#2978,.F.);
#4162=ORIENTED_EDGE('',*,*,#2981,.F.);
#4163=ORIENTED_EDGE('',*,*,#2984,.F.);
#4164=ORIENTED_EDGE('',*,*,#2987,.F.);
#4165=ORIENTED_EDGE('',*,*,#2990,.F.);
#4166=ORIENTED_EDGE('',*,*,#2759,.T.);
#4167=ORIENTED_EDGE('',*,*,#2991,.T.);
#4168=ORIENTED_EDGE('',*,*,#2992,.F.);
#4169=ORIENTED_EDGE('',*,*,#2991,.F.);
#4170=ORIENTED_EDGE('',*,*,#2810,.T.);
#4171=ORIENTED_EDGE('',*,*,#2993,.T.);
#4172=ORIENTED_EDGE('',*,*,#2994,.F.);
#4173=ORIENTED_EDGE('',*,*,#2993,.F.);
#4174=ORIENTED_EDGE('',*,*,#2856,.T.);
#4175=ORIENTED_EDGE('',*,*,#2995,.T.);
#4176=ORIENTED_EDGE('',*,*,#2996,.F.);
#4177=ORIENTED_EDGE('',*,*,#2995,.F.);
#4178=ORIENTED_EDGE('',*,*,#2902,.T.);
#4179=ORIENTED_EDGE('',*,*,#2997,.T.);
#4180=ORIENTED_EDGE('',*,*,#2998,.F.);
#4181=ORIENTED_EDGE('',*,*,#2997,.F.);
#4182=ORIENTED_EDGE('',*,*,#2866,.T.);
#4183=ORIENTED_EDGE('',*,*,#2999,.T.);
#4184=ORIENTED_EDGE('',*,*,#3000,.F.);
#4185=ORIENTED_EDGE('',*,*,#2999,.F.);
#4186=ORIENTED_EDGE('',*,*,#2879,.T.);
#4187=ORIENTED_EDGE('',*,*,#3001,.T.);
#4188=ORIENTED_EDGE('',*,*,#3002,.F.);
#4189=ORIENTED_EDGE('',*,*,#3001,.F.);
#4190=ORIENTED_EDGE('',*,*,#2772,.T.);
#4191=ORIENTED_EDGE('',*,*,#3003,.T.);
#4192=ORIENTED_EDGE('',*,*,#3004,.F.);
#4193=ORIENTED_EDGE('',*,*,#3003,.F.);
#4194=ORIENTED_EDGE('',*,*,#2831,.T.);
#4195=ORIENTED_EDGE('',*,*,#3005,.T.);
#4196=ORIENTED_EDGE('',*,*,#3006,.F.);
#4197=ORIENTED_EDGE('',*,*,#3005,.F.);
#4198=ORIENTED_EDGE('',*,*,#2920,.T.);
#4199=ORIENTED_EDGE('',*,*,#3007,.T.);
#4200=ORIENTED_EDGE('',*,*,#3008,.F.);
#4201=ORIENTED_EDGE('',*,*,#3007,.F.);
#4202=ORIENTED_EDGE('',*,*,#2990,.T.);
#4203=ORIENTED_EDGE('',*,*,#3009,.T.);
#4204=ORIENTED_EDGE('',*,*,#3010,.F.);
#4205=ORIENTED_EDGE('',*,*,#3009,.F.);
#4206=ORIENTED_EDGE('',*,*,#2847,.T.);
#4207=ORIENTED_EDGE('',*,*,#3011,.T.);
#4208=ORIENTED_EDGE('',*,*,#3012,.F.);
#4209=ORIENTED_EDGE('',*,*,#3011,.F.);
#4210=ORIENTED_EDGE('',*,*,#2933,.T.);
#4211=ORIENTED_EDGE('',*,*,#3013,.T.);
#4212=ORIENTED_EDGE('',*,*,#3014,.F.);
#4213=ORIENTED_EDGE('',*,*,#3013,.F.);
#4214=ORIENTED_EDGE('',*,*,#2785,.T.);
#4215=ORIENTED_EDGE('',*,*,#3015,.T.);
#4216=ORIENTED_EDGE('',*,*,#3016,.F.);
#4217=ORIENTED_EDGE('',*,*,#3015,.F.);
#4218=ORIENTED_EDGE('',*,*,#2822,.T.);
#4219=ORIENTED_EDGE('',*,*,#3017,.T.);
#4220=ORIENTED_EDGE('',*,*,#3018,.F.);
#4221=ORIENTED_EDGE('',*,*,#3017,.F.);
#4222=ORIENTED_EDGE('',*,*,#2742,.T.);
#4223=ORIENTED_EDGE('',*,*,#3019,.T.);
#4224=ORIENTED_EDGE('',*,*,#3020,.F.);
#4225=ORIENTED_EDGE('',*,*,#3019,.F.);
#4226=ORIENTED_EDGE('',*,*,#2889,.T.);
#4227=ORIENTED_EDGE('',*,*,#3021,.T.);
#4228=ORIENTED_EDGE('',*,*,#3022,.F.);
#4229=ORIENTED_EDGE('',*,*,#3021,.F.);
#4230=ORIENTED_EDGE('',*,*,#2976,.T.);
#4231=ORIENTED_EDGE('',*,*,#3023,.T.);
#4232=ORIENTED_EDGE('',*,*,#3024,.F.);
#4233=ORIENTED_EDGE('',*,*,#3023,.F.);
#4234=ORIENTED_EDGE('',*,*,#2962,.T.);
#4235=ORIENTED_EDGE('',*,*,#3025,.T.);
#4236=ORIENTED_EDGE('',*,*,#3026,.F.);
#4237=ORIENTED_EDGE('',*,*,#3025,.F.);
#4238=ORIENTED_EDGE('',*,*,#2950,.T.);
#4239=ORIENTED_EDGE('',*,*,#3027,.T.);
#4240=ORIENTED_EDGE('',*,*,#3028,.F.);
#4241=ORIENTED_EDGE('',*,*,#3027,.F.);
#4242=ORIENTED_EDGE('',*,*,#2966,.T.);
#4243=ORIENTED_EDGE('',*,*,#3029,.T.);
#4244=ORIENTED_EDGE('',*,*,#3030,.F.);
#4245=ORIENTED_EDGE('',*,*,#3029,.F.);
#4246=ORIENTED_EDGE('',*,*,#2802,.T.);
#4247=ORIENTED_EDGE('',*,*,#3031,.T.);
#4248=ORIENTED_EDGE('',*,*,#3032,.F.);
#4249=ORIENTED_EDGE('',*,*,#3031,.F.);
#4250=ORIENTED_EDGE('',*,*,#3033,.T.);
#4251=ORIENTED_EDGE('',*,*,#3034,.T.);
#4252=ORIENTED_EDGE('',*,*,#2705,.F.);
#4253=ORIENTED_EDGE('',*,*,#3035,.F.);
#4254=ORIENTED_EDGE('',*,*,#3036,.F.);
#4255=ORIENTED_EDGE('',*,*,#3037,.T.);
#4256=ORIENTED_EDGE('',*,*,#2706,.F.);
#4257=ORIENTED_EDGE('',*,*,#3034,.F.);
#4258=ORIENTED_EDGE('',*,*,#3038,.T.);
#4259=ORIENTED_EDGE('',*,*,#3039,.T.);
#4260=ORIENTED_EDGE('',*,*,#2707,.F.);
#4261=ORIENTED_EDGE('',*,*,#3037,.F.);
#4262=ORIENTED_EDGE('',*,*,#3040,.F.);
#4263=ORIENTED_EDGE('',*,*,#3041,.T.);
#4264=ORIENTED_EDGE('',*,*,#2708,.F.);
#4265=ORIENTED_EDGE('',*,*,#3039,.F.);
#4266=ORIENTED_EDGE('',*,*,#3042,.T.);
#4267=ORIENTED_EDGE('',*,*,#3043,.T.);
#4268=ORIENTED_EDGE('',*,*,#2709,.F.);
#4269=ORIENTED_EDGE('',*,*,#3041,.F.);
#4270=ORIENTED_EDGE('',*,*,#3044,.F.);
#4271=ORIENTED_EDGE('',*,*,#3045,.T.);
#4272=ORIENTED_EDGE('',*,*,#2710,.F.);
#4273=ORIENTED_EDGE('',*,*,#3043,.F.);
#4274=ORIENTED_EDGE('',*,*,#3046,.T.);
#4275=ORIENTED_EDGE('',*,*,#3047,.T.);
#4276=ORIENTED_EDGE('',*,*,#2711,.F.);
#4277=ORIENTED_EDGE('',*,*,#3045,.F.);
#4278=ORIENTED_EDGE('',*,*,#2686,.F.);
#4279=ORIENTED_EDGE('',*,*,#2712,.F.);
#4280=ORIENTED_EDGE('',*,*,#3047,.F.);
#4281=ORIENTED_EDGE('',*,*,#3048,.T.);
#4282=ORIENTED_EDGE('',*,*,#3049,.T.);
#4283=ORIENTED_EDGE('',*,*,#3050,.T.);
#4284=ORIENTED_EDGE('',*,*,#2703,.F.);
#4285=ORIENTED_EDGE('',*,*,#2714,.F.);
#4286=ORIENTED_EDGE('',*,*,#3051,.F.);
#4287=ORIENTED_EDGE('',*,*,#3035,.T.);
#4288=ORIENTED_EDGE('',*,*,#2704,.F.);
#4289=ORIENTED_EDGE('',*,*,#3050,.F.);
#4290=ORIENTED_EDGE('',*,*,#2687,.F.);
#4291=ORIENTED_EDGE('',*,*,#3048,.F.);
#4292=ORIENTED_EDGE('',*,*,#3046,.F.);
#4293=ORIENTED_EDGE('',*,*,#3044,.T.);
#4294=ORIENTED_EDGE('',*,*,#3042,.F.);
#4295=ORIENTED_EDGE('',*,*,#3040,.T.);
#4296=ORIENTED_EDGE('',*,*,#3038,.F.);
#4297=ORIENTED_EDGE('',*,*,#3036,.T.);
#4298=ORIENTED_EDGE('',*,*,#3033,.F.);
#4299=ORIENTED_EDGE('',*,*,#3051,.T.);
#4300=ORIENTED_EDGE('',*,*,#3049,.F.);
#4301=ORIENTED_EDGE('',*,*,#2713,.T.);
#4302=ORIENTED_EDGE('',*,*,#3052,.F.);
#4303=ORIENTED_EDGE('',*,*,#3053,.F.);
#4304=ORIENTED_EDGE('',*,*,#3054,.F.);
#4305=ORIENTED_EDGE('',*,*,#3055,.F.);
#4306=ORIENTED_EDGE('',*,*,#2456,.T.);
#4307=ORIENTED_EDGE('',*,*,#2946,.T.);
#4308=ORIENTED_EDGE('',*,*,#2941,.T.);
#4309=ORIENTED_EDGE('',*,*,#2938,.T.);
#4310=ORIENTED_EDGE('',*,*,#2934,.T.);
#4311=ORIENTED_EDGE('',*,*,#2518,.T.);
#4312=ORIENTED_EDGE('',*,*,#2821,.T.);
#4313=ORIENTED_EDGE('',*,*,#2817,.T.);
#4314=ORIENTED_EDGE('',*,*,#2814,.T.);
#4315=ORIENTED_EDGE('',*,*,#2811,.T.);
#4316=ORIENTED_EDGE('',*,*,#2582,.T.);
#4317=ORIENTED_EDGE('',*,*,#2515,.T.);
#4318=ORIENTED_EDGE('',*,*,#2959,.T.);
#4319=ORIENTED_EDGE('',*,*,#2955,.T.);
#4320=ORIENTED_EDGE('',*,*,#2951,.T.);
#4321=ORIENTED_EDGE('',*,*,#2960,.T.);
#4322=ORIENTED_EDGE('',*,*,#2512,.T.);
#4323=ORIENTED_EDGE('',*,*,#2827,.T.);
#4324=ORIENTED_EDGE('',*,*,#2823,.T.);
#4325=ORIENTED_EDGE('',*,*,#2829,.T.);
#4326=ORIENTED_EDGE('',*,*,#2548,.T.);
#4327=ORIENTED_EDGE('',*,*,#2852,.T.);
#4328=ORIENTED_EDGE('',*,*,#2848,.T.);
#4329=ORIENTED_EDGE('',*,*,#2854,.T.);
#4330=ORIENTED_EDGE('',*,*,#2602,.T.);
#4331=ORIENTED_EDGE('',*,*,#2545,.T.);
#4332=ORIENTED_EDGE('',*,*,#2736,.T.);
#4333=ORIENTED_EDGE('',*,*,#2731,.T.);
#4334=ORIENTED_EDGE('',*,*,#2740,.T.);
#4335=ORIENTED_EDGE('',*,*,#2737,.T.);
#4336=ORIENTED_EDGE('',*,*,#2608,.T.);
#4337=ORIENTED_EDGE('',*,*,#2542,.T.);
#4338=ORIENTED_EDGE('',*,*,#2859,.T.);
#4339=ORIENTED_EDGE('',*,*,#2864,.T.);
#4340=ORIENTED_EDGE('',*,*,#2861,.T.);
#4341=ORIENTED_EDGE('',*,*,#2571,.T.);
#4342=ORIENTED_EDGE('',*,*,#2432,.T.);
#4343=ORIENTED_EDGE('',*,*,#2578,.T.);
#4344=ORIENTED_EDGE('',*,*,#2988,.T.);
#4345=ORIENTED_EDGE('',*,*,#2985,.T.);
#4346=ORIENTED_EDGE('',*,*,#2982,.T.);
#4347=ORIENTED_EDGE('',*,*,#2979,.T.);
#4348=ORIENTED_EDGE('',*,*,#2429,.T.);
#4349=ORIENTED_EDGE('',*,*,#2758,.T.);
#4350=ORIENTED_EDGE('',*,*,#2754,.T.);
#4351=ORIENTED_EDGE('',*,*,#2751,.T.);
#4352=ORIENTED_EDGE('',*,*,#2748,.T.);
#4353=ORIENTED_EDGE('',*,*,#2465,.T.);
#4354=ORIENTED_EDGE('',*,*,#2843,.T.);
#4355=ORIENTED_EDGE('',*,*,#2840,.T.);
#4356=ORIENTED_EDGE('',*,*,#2837,.T.);
#4357=ORIENTED_EDGE('',*,*,#2462,.T.);
#4358=ORIENTED_EDGE('',*,*,#2798,.T.);
#4359=ORIENTED_EDGE('',*,*,#2795,.T.);
#4360=ORIENTED_EDGE('',*,*,#2792,.T.);
#4361=ORIENTED_EDGE('',*,*,#2789,.T.);
#4362=ORIENTED_EDGE('',*,*,#2459,.T.);
#4363=ORIENTED_EDGE('',*,*,#2918,.T.);
#4364=ORIENTED_EDGE('',*,*,#2913,.T.);
#4365=ORIENTED_EDGE('',*,*,#2910,.T.);
#4366=ORIENTED_EDGE('',*,*,#2907,.T.);
#4367=ORIENTED_EDGE('',*,*,#2903,.T.);
#4368=ORIENTED_EDGE('',*,*,#3056,.T.);
#4369=ORIENTED_EDGE('',*,*,#3057,.T.);
#4370=ORIENTED_EDGE('',*,*,#3058,.T.);
#4371=ORIENTED_EDGE('',*,*,#2694,.T.);
#4372=ORIENTED_EDGE('',*,*,#2697,.T.);
#4373=ORIENTED_EDGE('',*,*,#2699,.T.);
#4374=ORIENTED_EDGE('',*,*,#2701,.T.);
#4375=ORIENTED_EDGE('',*,*,#3059,.T.);
#4376=ORIENTED_EDGE('',*,*,#2992,.T.);
#4377=ORIENTED_EDGE('',*,*,#2994,.T.);
#4378=ORIENTED_EDGE('',*,*,#2996,.T.);
#4379=ORIENTED_EDGE('',*,*,#2998,.T.);
#4380=ORIENTED_EDGE('',*,*,#3000,.T.);
#4381=ORIENTED_EDGE('',*,*,#3002,.T.);
#4382=ORIENTED_EDGE('',*,*,#3004,.T.);
#4383=ORIENTED_EDGE('',*,*,#3006,.T.);
#4384=ORIENTED_EDGE('',*,*,#3008,.T.);
#4385=ORIENTED_EDGE('',*,*,#3010,.T.);
#4386=ORIENTED_EDGE('',*,*,#3012,.T.);
#4387=ORIENTED_EDGE('',*,*,#3014,.T.);
#4388=ORIENTED_EDGE('',*,*,#3016,.T.);
#4389=ORIENTED_EDGE('',*,*,#3018,.T.);
#4390=ORIENTED_EDGE('',*,*,#3020,.T.);
#4391=ORIENTED_EDGE('',*,*,#3022,.T.);
#4392=ORIENTED_EDGE('',*,*,#3024,.T.);
#4393=ORIENTED_EDGE('',*,*,#3026,.T.);
#4394=ORIENTED_EDGE('',*,*,#3028,.T.);
#4395=ORIENTED_EDGE('',*,*,#3030,.T.);
#4396=ORIENTED_EDGE('',*,*,#3032,.T.);
#4397=ORIENTED_EDGE('',*,*,#2729,.T.);
#4398=ORIENTED_EDGE('',*,*,#2725,.T.);
#4399=ORIENTED_EDGE('',*,*,#2721,.T.);
#4400=ORIENTED_EDGE('',*,*,#2717,.T.);
#4401=ORIENTED_EDGE('',*,*,#3055,.T.);
#4402=ORIENTED_EDGE('',*,*,#3060,.T.);
#4403=ORIENTED_EDGE('',*,*,#2720,.T.);
#4404=ORIENTED_EDGE('',*,*,#3060,.F.);
#4405=ORIENTED_EDGE('',*,*,#3052,.T.);
#4406=ORIENTED_EDGE('',*,*,#3061,.T.);
#4407=ORIENTED_EDGE('',*,*,#2728,.T.);
#4408=ORIENTED_EDGE('',*,*,#3061,.F.);
#4409=ORIENTED_EDGE('',*,*,#3054,.T.);
#4410=ORIENTED_EDGE('',*,*,#3062,.T.);
#4411=ORIENTED_EDGE('',*,*,#2716,.T.);
#4412=ORIENTED_EDGE('',*,*,#3062,.F.);
#4413=ORIENTED_EDGE('',*,*,#3053,.T.);
#4414=ORIENTED_EDGE('',*,*,#3063,.T.);
#4415=ORIENTED_EDGE('',*,*,#2724,.T.);
#4416=ORIENTED_EDGE('',*,*,#3063,.F.);
#4417=ORIENTED_EDGE('',*,*,#2692,.F.);
#4418=ORIENTED_EDGE('',*,*,#3064,.F.);
#4419=ORIENTED_EDGE('',*,*,#3057,.F.);
#4420=ORIENTED_EDGE('',*,*,#3065,.F.);
#4421=ORIENTED_EDGE('',*,*,#2668,.F.);
#4422=ORIENTED_EDGE('',*,*,#2695,.F.);
#4423=ORIENTED_EDGE('',*,*,#3058,.F.);
#4424=ORIENTED_EDGE('',*,*,#3064,.T.);
#4425=ORIENTED_EDGE('',*,*,#2678,.F.);
#4426=ORIENTED_EDGE('',*,*,#3066,.F.);
#4427=ORIENTED_EDGE('',*,*,#3059,.F.);
#4428=ORIENTED_EDGE('',*,*,#2700,.T.);
#4429=ORIENTED_EDGE('',*,*,#2684,.F.);
#4430=ORIENTED_EDGE('',*,*,#3065,.T.);
#4431=ORIENTED_EDGE('',*,*,#3056,.F.);
#4432=ORIENTED_EDGE('',*,*,#3066,.T.);
#4433=PLANE('',#4890);
#4434=PLANE('',#4891);
#4435=PLANE('',#4892);
#4436=PLANE('',#4893);
#4437=PLANE('',#4894);
#4438=PLANE('',#4895);
#4439=PLANE('',#4896);
#4440=PLANE('',#4897);
#4441=PLANE('',#4898);
#4442=PLANE('',#4899);
#4443=PLANE('',#4900);
#4444=PLANE('',#4901);
#4445=PLANE('',#4902);
#4446=PLANE('',#4903);
#4447=PLANE('',#4904);
#4448=PLANE('',#4905);
#4449=PLANE('',#4906);
#4450=PLANE('',#4907);
#4451=PLANE('',#4908);
#4452=PLANE('',#4909);
#4453=PLANE('',#4910);
#4454=PLANE('',#4911);
#4455=PLANE('',#4912);
#4456=PLANE('',#4913);
#4457=PLANE('',#4914);
#4458=PLANE('',#4915);
#4459=PLANE('',#4916);
#4460=PLANE('',#4917);
#4461=PLANE('',#4918);
#4462=PLANE('',#4919);
#4463=PLANE('',#4920);
#4464=PLANE('',#4921);
#4465=PLANE('',#4922);
#4466=PLANE('',#4923);
#4467=PLANE('',#4924);
#4468=PLANE('',#4925);
#4469=PLANE('',#4926);
#4470=PLANE('',#4927);
#4471=PLANE('',#4928);
#4472=PLANE('',#4929);
#4473=PLANE('',#4930);
#4474=PLANE('',#4931);
#4475=PLANE('',#4932);
#4476=PLANE('',#4933);
#4477=PLANE('',#4934);
#4478=PLANE('',#4935);
#4479=PLANE('',#4936);
#4480=PLANE('',#4937);
#4481=PLANE('',#4938);
#4482=PLANE('',#4939);
#4483=PLANE('',#4940);
#4484=PLANE('',#4941);
#4485=PLANE('',#4942);
#4486=PLANE('',#4943);
#4487=PLANE('',#4944);
#4488=PLANE('',#4945);
#4489=PLANE('',#4946);
#4490=PLANE('',#4947);
#4491=PLANE('',#4950);
#4492=PLANE('',#4953);
#4493=PLANE('',#4958);
#4494=PLANE('',#4959);
#4495=PLANE('',#4964);
#4496=PLANE('',#4969);
#4497=PLANE('',#4974);
#4498=PLANE('',#4979);
#4499=PLANE('',#4980);
#4500=PLANE('',#4981);
#4501=PLANE('',#4982);
#4502=PLANE('',#4983);
#4503=PLANE('',#4985);
#4504=PLANE('',#4986);
#4505=PLANE('',#4987);
#4506=PLANE('',#4988);
#4507=PLANE('',#4989);
#4508=PLANE('',#4990);
#4509=PLANE('',#4991);
#4510=PLANE('',#4993);
#4511=PLANE('',#4994);
#4512=PLANE('',#4995);
#4513=PLANE('',#4996);
#4514=PLANE('',#4997);
#4515=PLANE('',#4998);
#4516=PLANE('',#4999);
#4517=PLANE('',#5001);
#4518=PLANE('',#5002);
#4519=PLANE('',#5003);
#4520=PLANE('',#5004);
#4521=PLANE('',#5005);
#4522=PLANE('',#5006);
#4523=PLANE('',#5007);
#4524=PLANE('',#5009);
#4525=PLANE('',#5010);
#4526=PLANE('',#5011);
#4527=PLANE('',#5012);
#4528=PLANE('',#5013);
#4529=PLANE('',#5014);
#4530=PLANE('',#5015);
#4531=PLANE('',#5017);
#4532=PLANE('',#5018);
#4533=PLANE('',#5019);
#4534=PLANE('',#5020);
#4535=PLANE('',#5021);
#4536=PLANE('',#5023);
#4537=PLANE('',#5024);
#4538=PLANE('',#5025);
#4539=PLANE('',#5026);
#4540=PLANE('',#5027);
#4541=PLANE('',#5029);
#4542=PLANE('',#5030);
#4543=PLANE('',#5031);
#4544=PLANE('',#5032);
#4545=PLANE('',#5034);
#4546=PLANE('',#5035);
#4547=PLANE('',#5036);
#4548=PLANE('',#5037);
#4549=PLANE('',#5038);
#4550=PLANE('',#5039);
#4551=PLANE('',#5040);
#4552=PLANE('',#5042);
#4553=PLANE('',#5043);
#4554=PLANE('',#5044);
#4555=PLANE('',#5045);
#4556=PLANE('',#5047);
#4557=PLANE('',#5048);
#4558=PLANE('',#5049);
#4559=PLANE('',#5050);
#4560=PLANE('',#5051);
#4561=PLANE('',#5053);
#4562=PLANE('',#5054);
#4563=PLANE('',#5055);
#4564=PLANE('',#5056);
#4565=PLANE('',#5057);
#4566=PLANE('',#5058);
#4567=PLANE('',#5059);
#4568=PLANE('',#5061);
#4569=PLANE('',#5062);
#4570=PLANE('',#5063);
#4571=PLANE('',#5064);
#4572=PLANE('',#5065);
#4573=PLANE('',#5066);
#4574=PLANE('',#5068);
#4575=PLANE('',#5069);
#4576=PLANE('',#5070);
#4577=PLANE('',#5071);
#4578=PLANE('',#5072);
#4579=PLANE('',#5073);
#4580=PLANE('',#5074);
#4581=PLANE('',#5076);
#4582=PLANE('',#5077);
#4583=PLANE('',#5078);
#4584=PLANE('',#5079);
#4585=PLANE('',#5080);
#4586=PLANE('',#5081);
#4587=PLANE('',#5082);
#4588=PLANE('',#5084);
#4589=PLANE('',#5085);
#4590=PLANE('',#5086);
#4591=PLANE('',#5087);
#4592=PLANE('',#5088);
#4593=PLANE('',#5089);
#4594=PLANE('',#5090);
#4595=PLANE('',#5092);
#4596=PLANE('',#5093);
#4597=PLANE('',#5094);
#4598=PLANE('',#5095);
#4599=PLANE('',#5096);
#4600=PLANE('',#5097);
#4601=PLANE('',#5098);
#4602=PLANE('',#5100);
#4603=PLANE('',#5101);
#4604=PLANE('',#5102);
#4605=PLANE('',#5103);
#4606=PLANE('',#5104);
#4607=PLANE('',#5106);
#4608=PLANE('',#5107);
#4609=PLANE('',#5108);
#4610=PLANE('',#5110);
#4611=PLANE('',#5111);
#4612=PLANE('',#5112);
#4613=PLANE('',#5113);
#4614=PLANE('',#5114);
#4615=PLANE('',#5115);
#4616=PLANE('',#5117);
#4617=PLANE('',#5118);
#4618=PLANE('',#5119);
#4619=PLANE('',#5120);
#4620=PLANE('',#5121);
#4621=PLANE('',#5122);
#4622=PLANE('',#5166);
#4623=PLANE('',#5169);
#4624=PLANE('',#5172);
#4625=PLANE('',#5175);
#4626=PLANE('',#5176);
#4627=PLANE('',#5177);
#4628=PLANE('',#5180);
#4629=PLANE('',#5185);
#4630=PLANE('',#5192);
#4631=PLANE('',#5194);
#4632=ADVANCED_FACE('',(#217),#4433,.T.);
#4633=ADVANCED_FACE('',(#218),#4434,.T.);
#4634=ADVANCED_FACE('',(#219),#4435,.T.);
#4635=ADVANCED_FACE('',(#220),#4436,.T.);
#4636=ADVANCED_FACE('',(#221),#4437,.T.);
#4637=ADVANCED_FACE('',(#222),#4438,.T.);
#4638=ADVANCED_FACE('',(#223),#4439,.T.);
#4639=ADVANCED_FACE('',(#224),#4440,.T.);
#4640=ADVANCED_FACE('',(#225),#4441,.T.);
#4641=ADVANCED_FACE('',(#226),#4442,.T.);
#4642=ADVANCED_FACE('',(#227),#4443,.T.);
#4643=ADVANCED_FACE('',(#228),#4444,.T.);
#4644=ADVANCED_FACE('',(#229),#4445,.T.);
#4645=ADVANCED_FACE('',(#230),#4446,.T.);
#4646=ADVANCED_FACE('',(#231),#4447,.T.);
#4647=ADVANCED_FACE('',(#232),#4448,.T.);
#4648=ADVANCED_FACE('',(#233),#4449,.T.);
#4649=ADVANCED_FACE('',(#234),#4450,.T.);
#4650=ADVANCED_FACE('',(#235),#4451,.T.);
#4651=ADVANCED_FACE('',(#236),#4452,.T.);
#4652=ADVANCED_FACE('',(#237),#4453,.T.);
#4653=ADVANCED_FACE('',(#238),#4454,.T.);
#4654=ADVANCED_FACE('',(#239),#4455,.T.);
#4655=ADVANCED_FACE('',(#240),#4456,.T.);
#4656=ADVANCED_FACE('',(#241),#4457,.T.);
#4657=ADVANCED_FACE('',(#242),#4458,.T.);
#4658=ADVANCED_FACE('',(#243),#4459,.T.);
#4659=ADVANCED_FACE('',(#244),#4460,.T.);
#4660=ADVANCED_FACE('',(#245),#4461,.T.);
#4661=ADVANCED_FACE('',(#246),#4462,.T.);
#4662=ADVANCED_FACE('',(#247),#4463,.F.);
#4663=ADVANCED_FACE('',(#248),#4464,.F.);
#4664=ADVANCED_FACE('',(#249),#4465,.F.);
#4665=ADVANCED_FACE('',(#250),#4466,.F.);
#4666=ADVANCED_FACE('',(#251),#4467,.F.);
#4667=ADVANCED_FACE('',(#252),#4468,.F.);
#4668=ADVANCED_FACE('',(#253),#4469,.F.);
#4669=ADVANCED_FACE('',(#254),#4470,.F.);
#4670=ADVANCED_FACE('',(#255),#4471,.F.);
#4671=ADVANCED_FACE('',(#256),#4472,.F.);
#4672=ADVANCED_FACE('',(#257),#4473,.F.);
#4673=ADVANCED_FACE('',(#258),#4474,.F.);
#4674=ADVANCED_FACE('',(#259),#4475,.F.);
#4675=ADVANCED_FACE('',(#260),#4476,.F.);
#4676=ADVANCED_FACE('',(#261),#4477,.F.);
#4677=ADVANCED_FACE('',(#262),#4478,.F.);
#4678=ADVANCED_FACE('',(#263),#4479,.F.);
#4679=ADVANCED_FACE('',(#264),#4480,.F.);
#4680=ADVANCED_FACE('',(#265),#4481,.F.);
#4681=ADVANCED_FACE('',(#266),#4482,.F.);
#4682=ADVANCED_FACE('',(#267),#4483,.F.);
#4683=ADVANCED_FACE('',(#268),#4484,.F.);
#4684=ADVANCED_FACE('',(#269),#4485,.T.);
#4685=ADVANCED_FACE('',(#270),#4486,.T.);
#4686=ADVANCED_FACE('',(#271,#158,#159),#4487,.T.);
#4687=ADVANCED_FACE('',(#272,#160,#161),#4488,.T.);
#4688=ADVANCED_FACE('',(#273),#4489,.F.);
#4689=ADVANCED_FACE('',(#274),#150,.T.);
#4690=ADVANCED_FACE('',(#275),#151,.T.);
#4691=ADVANCED_FACE('',(#276),#152,.T.);
#4692=ADVANCED_FACE('',(#277),#153,.T.);
#4693=ADVANCED_FACE('',(#278),#154,.T.);
#4694=ADVANCED_FACE('',(#279),#155,.T.);
#4695=ADVANCED_FACE('',(#280),#156,.T.);
#4696=ADVANCED_FACE('',(#281),#157,.T.);
#4697=ADVANCED_FACE('',(#282),#4490,.T.);
#4698=ADVANCED_FACE('',(#283),#85,.T.);
#4699=ADVANCED_FACE('',(#284),#4491,.T.);
#4700=ADVANCED_FACE('',(#285),#86,.T.);
#4701=ADVANCED_FACE('',(#286),#4492,.T.);
#4702=ADVANCED_FACE('',(#287),#4493,.F.);
#4703=ADVANCED_FACE('',(#288,#162),#4494,.F.);
#4704=ADVANCED_FACE('',(#289),#87,.F.);
#4705=ADVANCED_FACE('',(#290,#163),#4495,.F.);
#4706=ADVANCED_FACE('',(#291),#88,.F.);
#4707=ADVANCED_FACE('',(#292,#164),#4496,.F.);
#4708=ADVANCED_FACE('',(#293),#89,.F.);
#4709=ADVANCED_FACE('',(#294,#165),#4497,.F.);
#4710=ADVANCED_FACE('',(#295),#90,.F.);
#4711=ADVANCED_FACE('',(#296),#4498,.F.);
#4712=ADVANCED_FACE('',(#297),#4499,.F.);
#4713=ADVANCED_FACE('',(#298),#4500,.F.);
#4714=ADVANCED_FACE('',(#299),#4501,.F.);
#4715=ADVANCED_FACE('',(#300,#166),#4502,.T.);
#4716=ADVANCED_FACE('',(#301),#4503,.F.);
#4717=ADVANCED_FACE('',(#302),#4504,.F.);
#4718=ADVANCED_FACE('',(#303),#4505,.F.);
#4719=ADVANCED_FACE('',(#304),#4506,.F.);
#4720=ADVANCED_FACE('',(#305),#4507,.F.);
#4721=ADVANCED_FACE('',(#306),#4508,.F.);
#4722=ADVANCED_FACE('',(#307,#167),#4509,.T.);
#4723=ADVANCED_FACE('',(#308),#4510,.F.);
#4724=ADVANCED_FACE('',(#309),#4511,.F.);
#4725=ADVANCED_FACE('',(#310),#4512,.F.);
#4726=ADVANCED_FACE('',(#311),#4513,.F.);
#4727=ADVANCED_FACE('',(#312),#4514,.F.);
#4728=ADVANCED_FACE('',(#313),#4515,.F.);
#4729=ADVANCED_FACE('',(#314,#168),#4516,.T.);
#4730=ADVANCED_FACE('',(#315),#4517,.F.);
#4731=ADVANCED_FACE('',(#316),#4518,.F.);
#4732=ADVANCED_FACE('',(#317),#4519,.F.);
#4733=ADVANCED_FACE('',(#318),#4520,.F.);
#4734=ADVANCED_FACE('',(#319),#4521,.F.);
#4735=ADVANCED_FACE('',(#320),#4522,.F.);
#4736=ADVANCED_FACE('',(#321,#169),#4523,.T.);
#4737=ADVANCED_FACE('',(#322),#4524,.F.);
#4738=ADVANCED_FACE('',(#323),#4525,.F.);
#4739=ADVANCED_FACE('',(#324),#4526,.F.);
#4740=ADVANCED_FACE('',(#325),#4527,.F.);
#4741=ADVANCED_FACE('',(#326),#4528,.F.);
#4742=ADVANCED_FACE('',(#327),#4529,.F.);
#4743=ADVANCED_FACE('',(#328,#170),#4530,.T.);
#4744=ADVANCED_FACE('',(#329),#4531,.F.);
#4745=ADVANCED_FACE('',(#330),#4532,.F.);
#4746=ADVANCED_FACE('',(#331),#4533,.F.);
#4747=ADVANCED_FACE('',(#332),#4534,.F.);
#4748=ADVANCED_FACE('',(#333,#171),#4535,.T.);
#4749=ADVANCED_FACE('',(#334),#4536,.F.);
#4750=ADVANCED_FACE('',(#335),#4537,.F.);
#4751=ADVANCED_FACE('',(#336),#4538,.F.);
#4752=ADVANCED_FACE('',(#337),#4539,.F.);
#4753=ADVANCED_FACE('',(#338,#172),#4540,.T.);
#4754=ADVANCED_FACE('',(#339),#4541,.F.);
#4755=ADVANCED_FACE('',(#340),#4542,.F.);
#4756=ADVANCED_FACE('',(#341),#4543,.F.);
#4757=ADVANCED_FACE('',(#342,#173),#4544,.T.);
#4758=ADVANCED_FACE('',(#343),#4545,.F.);
#4759=ADVANCED_FACE('',(#344),#4546,.F.);
#4760=ADVANCED_FACE('',(#345),#4547,.F.);
#4761=ADVANCED_FACE('',(#346),#4548,.F.);
#4762=ADVANCED_FACE('',(#347),#4549,.F.);
#4763=ADVANCED_FACE('',(#348),#4550,.F.);
#4764=ADVANCED_FACE('',(#349,#174),#4551,.T.);
#4765=ADVANCED_FACE('',(#350),#4552,.F.);
#4766=ADVANCED_FACE('',(#351),#4553,.F.);
#4767=ADVANCED_FACE('',(#352),#4554,.F.);
#4768=ADVANCED_FACE('',(#353,#175),#4555,.T.);
#4769=ADVANCED_FACE('',(#354),#4556,.F.);
#4770=ADVANCED_FACE('',(#355),#4557,.F.);
#4771=ADVANCED_FACE('',(#356),#4558,.F.);
#4772=ADVANCED_FACE('',(#357),#4559,.F.);
#4773=ADVANCED_FACE('',(#358,#176),#4560,.T.);
#4774=ADVANCED_FACE('',(#359),#4561,.F.);
#4775=ADVANCED_FACE('',(#360),#4562,.F.);
#4776=ADVANCED_FACE('',(#361),#4563,.F.);
#4777=ADVANCED_FACE('',(#362),#4564,.F.);
#4778=ADVANCED_FACE('',(#363),#4565,.F.);
#4779=ADVANCED_FACE('',(#364),#4566,.F.);
#4780=ADVANCED_FACE('',(#365,#177),#4567,.T.);
#4781=ADVANCED_FACE('',(#366),#4568,.F.);
#4782=ADVANCED_FACE('',(#367),#4569,.F.);
#4783=ADVANCED_FACE('',(#368),#4570,.F.);
#4784=ADVANCED_FACE('',(#369),#4571,.F.);
#4785=ADVANCED_FACE('',(#370),#4572,.F.);
#4786=ADVANCED_FACE('',(#371,#178),#4573,.T.);
#4787=ADVANCED_FACE('',(#372),#4574,.F.);
#4788=ADVANCED_FACE('',(#373),#4575,.F.);
#4789=ADVANCED_FACE('',(#374),#4576,.F.);
#4790=ADVANCED_FACE('',(#375),#4577,.F.);
#4791=ADVANCED_FACE('',(#376),#4578,.F.);
#4792=ADVANCED_FACE('',(#377),#4579,.F.);
#4793=ADVANCED_FACE('',(#378,#179),#4580,.T.);
#4794=ADVANCED_FACE('',(#379),#4581,.F.);
#4795=ADVANCED_FACE('',(#380),#4582,.F.);
#4796=ADVANCED_FACE('',(#381),#4583,.F.);
#4797=ADVANCED_FACE('',(#382),#4584,.F.);
#4798=ADVANCED_FACE('',(#383),#4585,.F.);
#4799=ADVANCED_FACE('',(#384),#4586,.F.);
#4800=ADVANCED_FACE('',(#385,#180),#4587,.T.);
#4801=ADVANCED_FACE('',(#386),#4588,.F.);
#4802=ADVANCED_FACE('',(#387),#4589,.F.);
#4803=ADVANCED_FACE('',(#388),#4590,.F.);
#4804=ADVANCED_FACE('',(#389),#4591,.F.);
#4805=ADVANCED_FACE('',(#390),#4592,.F.);
#4806=ADVANCED_FACE('',(#391),#4593,.F.);
#4807=ADVANCED_FACE('',(#392,#181),#4594,.T.);
#4808=ADVANCED_FACE('',(#393),#4595,.F.);
#4809=ADVANCED_FACE('',(#394),#4596,.F.);
#4810=ADVANCED_FACE('',(#395),#4597,.F.);
#4811=ADVANCED_FACE('',(#396),#4598,.F.);
#4812=ADVANCED_FACE('',(#397),#4599,.F.);
#4813=ADVANCED_FACE('',(#398),#4600,.F.);
#4814=ADVANCED_FACE('',(#399,#182),#4601,.T.);
#4815=ADVANCED_FACE('',(#400),#4602,.F.);
#4816=ADVANCED_FACE('',(#401),#4603,.F.);
#4817=ADVANCED_FACE('',(#402),#4604,.F.);
#4818=ADVANCED_FACE('',(#403),#4605,.F.);
#4819=ADVANCED_FACE('',(#404,#183),#4606,.T.);
#4820=ADVANCED_FACE('',(#405),#4607,.F.);
#4821=ADVANCED_FACE('',(#406),#4608,.F.);
#4822=ADVANCED_FACE('',(#407,#184),#4609,.T.);
#4823=ADVANCED_FACE('',(#408),#4610,.F.);
#4824=ADVANCED_FACE('',(#409),#4611,.F.);
#4825=ADVANCED_FACE('',(#410),#4612,.F.);
#4826=ADVANCED_FACE('',(#411),#4613,.F.);
#4827=ADVANCED_FACE('',(#412),#4614,.F.);
#4828=ADVANCED_FACE('',(#413,#185),#4615,.T.);
#4829=ADVANCED_FACE('',(#414),#4616,.F.);
#4830=ADVANCED_FACE('',(#415),#4617,.F.);
#4831=ADVANCED_FACE('',(#416),#4618,.F.);
#4832=ADVANCED_FACE('',(#417),#4619,.F.);
#4833=ADVANCED_FACE('',(#418),#4620,.F.);
#4834=ADVANCED_FACE('',(#419,#186),#4621,.T.);
#4835=ADVANCED_FACE('',(#420),#91,.F.);
#4836=ADVANCED_FACE('',(#421),#92,.F.);
#4837=ADVANCED_FACE('',(#422),#93,.F.);
#4838=ADVANCED_FACE('',(#423),#94,.F.);
#4839=ADVANCED_FACE('',(#424),#95,.F.);
#4840=ADVANCED_FACE('',(#425),#96,.F.);
#4841=ADVANCED_FACE('',(#426),#97,.F.);
#4842=ADVANCED_FACE('',(#427),#98,.F.);
#4843=ADVANCED_FACE('',(#428),#99,.F.);
#4844=ADVANCED_FACE('',(#429),#100,.F.);
#4845=ADVANCED_FACE('',(#430),#101,.F.);
#4846=ADVANCED_FACE('',(#431),#102,.F.);
#4847=ADVANCED_FACE('',(#432),#103,.F.);
#4848=ADVANCED_FACE('',(#433),#104,.F.);
#4849=ADVANCED_FACE('',(#434),#105,.F.);
#4850=ADVANCED_FACE('',(#435),#106,.F.);
#4851=ADVANCED_FACE('',(#436),#107,.F.);
#4852=ADVANCED_FACE('',(#437),#108,.F.);
#4853=ADVANCED_FACE('',(#438),#109,.F.);
#4854=ADVANCED_FACE('',(#439),#110,.F.);
#4855=ADVANCED_FACE('',(#440),#111,.F.);
#4856=ADVANCED_FACE('',(#441),#4622,.F.);
#4857=ADVANCED_FACE('',(#442),#112,.F.);
#4858=ADVANCED_FACE('',(#443),#4623,.F.);
#4859=ADVANCED_FACE('',(#444),#113,.F.);
#4860=ADVANCED_FACE('',(#445),#4624,.F.);
#4861=ADVANCED_FACE('',(#446),#114,.F.);
#4862=ADVANCED_FACE('',(#447),#4625,.F.);
#4863=ADVANCED_FACE('',(#448),#4626,.F.);
#4864=ADVANCED_FACE('',(#449),#4627,.F.);
#4865=ADVANCED_FACE('',(#450),#115,.F.);
#4866=ADVANCED_FACE('',(#451,#187,#188,#189,#190,#191),#4628,.T.);
#4867=ADVANCED_FACE('',(#452,#192,#193,#194,#195,#196,#197,#198,#199,#200,
#201,#202,#203,#204,#205,#206,#207,#208,#209,#210,#211,#212,#213,#214,#215,
#216),#4629,.F.);
#4868=ADVANCED_FACE('',(#453),#116,.F.);
#4869=ADVANCED_FACE('',(#454),#117,.F.);
#4870=ADVANCED_FACE('',(#455),#118,.F.);
#4871=ADVANCED_FACE('',(#456),#119,.F.);
#4872=ADVANCED_FACE('',(#457),#4630,.T.);
#4873=ADVANCED_FACE('',(#458),#120,.T.);
#4874=ADVANCED_FACE('',(#459),#4631,.T.);
#4875=ADVANCED_FACE('',(#460),#121,.T.);
#4876=CLOSED_SHELL('',(#4632,#4633,#4634,#4635,#4636,#4637,#4638,#4639,
#4640,#4641,#4642,#4643,#4644,#4645,#4646,#4647,#4648,#4649,#4650,#4651,
#4652,#4653,#4654,#4655,#4656,#4657,#4658,#4659,#4660,#4661,#4662,#4663,
#4664,#4665,#4666,#4667,#4668,#4669,#4670,#4671,#4672,#4673,#4674,#4675,
#4676,#4677,#4678,#4679,#4680,#4681,#4682,#4683,#4684,#4685,#4686,#4687,
#4688,#4689,#4690,#4691,#4692,#4693,#4694,#4695,#4696,#4697,#4698,#4699,
#4700,#4701,#4702,#4703,#4704,#4705,#4706,#4707,#4708,#4709,#4710,#4711,
#4712,#4713,#4714,#4715,#4716,#4717,#4718,#4719,#4720,#4721,#4722,#4723,
#4724,#4725,#4726,#4727,#4728,#4729,#4730,#4731,#4732,#4733,#4734,#4735,
#4736,#4737,#4738,#4739,#4740,#4741,#4742,#4743,#4744,#4745,#4746,#4747,
#4748,#4749,#4750,#4751,#4752,#4753,#4754,#4755,#4756,#4757,#4758,#4759,
#4760,#4761,#4762,#4763,#4764,#4765,#4766,#4767,#4768,#4769,#4770,#4771,
#4772,#4773,#4774,#4775,#4776,#4777,#4778,#4779,#4780,#4781,#4782,#4783,
#4784,#4785,#4786,#4787,#4788,#4789,#4790,#4791,#4792,#4793,#4794,#4795,
#4796,#4797,#4798,#4799,#4800,#4801,#4802,#4803,#4804,#4805,#4806,#4807,
#4808,#4809,#4810,#4811,#4812,#4813,#4814,#4815,#4816,#4817,#4818,#4819,
#4820,#4821,#4822,#4823,#4824,#4825,#4826,#4827,#4828,#4829,#4830,#4831,
#4832,#4833,#4834,#4835,#4836,#4837,#4838,#4839,#4840,#4841,#4842,#4843,
#4844,#4845,#4846,#4847,#4848,#4849,#4850,#4851,#4852,#4853,#4854,#4855,
#4856,#4857,#4858,#4859,#4860,#4861,#4862,#4863,#4864,#4865,#4866,#4867,
#4868,#4869,#4870,#4871,#4872,#4873,#4874,#4875));
#4877=DERIVED_UNIT_ELEMENT(#4879,1.);
#4878=DERIVED_UNIT_ELEMENT(#8166,-3.);
#4879=(
MASS_UNIT()
NAMED_UNIT(*)
SI_UNIT(.KILO.,.GRAM.)
);
#4880=DERIVED_UNIT((#4877,#4878));
#4881=MEASURE_REPRESENTATION_ITEM('density measure',
POSITIVE_RATIO_MEASURE(7850.),#4880);
#4882=PROPERTY_DEFINITION_REPRESENTATION(#4887,#4884);
#4883=PROPERTY_DEFINITION_REPRESENTATION(#4888,#4885);
#4884=REPRESENTATION('material name',(#4886),#8163);
#4885=REPRESENTATION('density',(#4881),#8163);
#4886=DESCRIPTIVE_REPRESENTATION_ITEM('Steel','Steel');
#4887=PROPERTY_DEFINITION('material property','material name',#8173);
#4888=PROPERTY_DEFINITION('material property','density of part',#8173);
#4889=AXIS2_PLACEMENT_3D('',#6395,#5196,#5197);
#4890=AXIS2_PLACEMENT_3D('',#6396,#5198,#5199);
#4891=AXIS2_PLACEMENT_3D('',#6485,#5244,#5245);
#4892=AXIS2_PLACEMENT_3D('',#6491,#5249,#5250);
#4893=AXIS2_PLACEMENT_3D('',#6497,#5254,#5255);
#4894=AXIS2_PLACEMENT_3D('',#6503,#5259,#5260);
#4895=AXIS2_PLACEMENT_3D('',#6509,#5264,#5265);
#4896=AXIS2_PLACEMENT_3D('',#6513,#5268,#5269);
#4897=AXIS2_PLACEMENT_3D('',#6519,#5273,#5274);
#4898=AXIS2_PLACEMENT_3D('',#6525,#5278,#5279);
#4899=AXIS2_PLACEMENT_3D('',#6529,#5282,#5283);
#4900=AXIS2_PLACEMENT_3D('',#6533,#5286,#5287);
#4901=AXIS2_PLACEMENT_3D('',#6539,#5291,#5292);
#4902=AXIS2_PLACEMENT_3D('',#6545,#5296,#5297);
#4903=AXIS2_PLACEMENT_3D('',#6551,#5301,#5302);
#4904=AXIS2_PLACEMENT_3D('',#6557,#5306,#5307);
#4905=AXIS2_PLACEMENT_3D('',#6563,#5311,#5312);
#4906=AXIS2_PLACEMENT_3D('',#6652,#5357,#5358);
#4907=AXIS2_PLACEMENT_3D('',#6658,#5362,#5363);
#4908=AXIS2_PLACEMENT_3D('',#6664,#5367,#5368);
#4909=AXIS2_PLACEMENT_3D('',#6670,#5372,#5373);
#4910=AXIS2_PLACEMENT_3D('',#6676,#5377,#5378);
#4911=AXIS2_PLACEMENT_3D('',#6682,#5382,#5383);
#4912=AXIS2_PLACEMENT_3D('',#6686,#5386,#5387);
#4913=AXIS2_PLACEMENT_3D('',#6692,#5391,#5392);
#4914=AXIS2_PLACEMENT_3D('',#6698,#5396,#5397);
#4915=AXIS2_PLACEMENT_3D('',#6702,#5400,#5401);
#4916=AXIS2_PLACEMENT_3D('',#6706,#5404,#5405);
#4917=AXIS2_PLACEMENT_3D('',#6712,#5409,#5410);
#4918=AXIS2_PLACEMENT_3D('',#6718,#5414,#5415);
#4919=AXIS2_PLACEMENT_3D('',#6724,#5419,#5420);
#4920=AXIS2_PLACEMENT_3D('',#6730,#5424,#5425);
#4921=AXIS2_PLACEMENT_3D('',#6736,#5429,#5430);
#4922=AXIS2_PLACEMENT_3D('',#6742,#5434,#5435);
#4923=AXIS2_PLACEMENT_3D('',#6750,#5440,#5441);
#4924=AXIS2_PLACEMENT_3D('',#6756,#5445,#5446);
#4925=AXIS2_PLACEMENT_3D('',#6762,#5450,#5451);
#4926=AXIS2_PLACEMENT_3D('',#6765,#5454,#5455);
#4927=AXIS2_PLACEMENT_3D('',#6771,#5459,#5460);
#4928=AXIS2_PLACEMENT_3D('',#6779,#5465,#5466);
#4929=AXIS2_PLACEMENT_3D('',#6787,#5471,#5472);
#4930=AXIS2_PLACEMENT_3D('',#6793,#5476,#5477);
#4931=AXIS2_PLACEMENT_3D('',#6799,#5481,#5482);
#4932=AXIS2_PLACEMENT_3D('',#6805,#5486,#5487);
#4933=AXIS2_PLACEMENT_3D('',#6809,#5490,#5491);
#4934=AXIS2_PLACEMENT_3D('',#6815,#5495,#5496);
#4935=AXIS2_PLACEMENT_3D('',#6819,#5499,#5500);
#4936=AXIS2_PLACEMENT_3D('',#6823,#5503,#5504);
#4937=AXIS2_PLACEMENT_3D('',#6829,#5508,#5509);
#4938=AXIS2_PLACEMENT_3D('',#6833,#5512,#5513);
#4939=AXIS2_PLACEMENT_3D('',#6839,#5517,#5518);
#4940=AXIS2_PLACEMENT_3D('',#6845,#5522,#5523);
#4941=AXIS2_PLACEMENT_3D('',#6851,#5527,#5528);
#4942=AXIS2_PLACEMENT_3D('',#6859,#5533,#5534);
#4943=AXIS2_PLACEMENT_3D('',#6861,#5536,#5537);
#4944=AXIS2_PLACEMENT_3D('',#6862,#5538,#5539);
#4945=AXIS2_PLACEMENT_3D('',#6903,#5562,#5563);
#4946=AXIS2_PLACEMENT_3D('',#6948,#5588,#5589);
#4947=AXIS2_PLACEMENT_3D('',#7398,#5593,#5594);
#4948=AXIS2_PLACEMENT_3D('',#7404,#5598,#5599);
#4949=AXIS2_PLACEMENT_3D('',#7407,#5601,#5602);
#4950=AXIS2_PLACEMENT_3D('',#7408,#5603,#5604);
#4951=AXIS2_PLACEMENT_3D('',#7412,#5607,#5608);
#4952=AXIS2_PLACEMENT_3D('',#7415,#5610,#5611);
#4953=AXIS2_PLACEMENT_3D('',#7416,#5612,#5613);
#4954=AXIS2_PLACEMENT_3D('',#7422,#5616,#5617);
#4955=AXIS2_PLACEMENT_3D('',#7426,#5619,#5620);
#4956=AXIS2_PLACEMENT_3D('',#7430,#5622,#5623);
#4957=AXIS2_PLACEMENT_3D('',#7434,#5625,#5626);
#4958=AXIS2_PLACEMENT_3D('',#7438,#5629,#5630);
#4959=AXIS2_PLACEMENT_3D('',#7442,#5633,#5634);
#4960=AXIS2_PLACEMENT_3D('',#7444,#5635,#5636);
#4961=AXIS2_PLACEMENT_3D('',#7446,#5637,#5638);
#4962=AXIS2_PLACEMENT_3D('',#7447,#5639,#5640);
#4963=AXIS2_PLACEMENT_3D('',#7449,#5641,#5642);
#4964=AXIS2_PLACEMENT_3D('',#7451,#5644,#5645);
#4965=AXIS2_PLACEMENT_3D('',#7453,#5646,#5647);
#4966=AXIS2_PLACEMENT_3D('',#7455,#5648,#5649);
#4967=AXIS2_PLACEMENT_3D('',#7456,#5650,#5651);
#4968=AXIS2_PLACEMENT_3D('',#7458,#5652,#5653);
#4969=AXIS2_PLACEMENT_3D('',#7460,#5655,#5656);
#4970=AXIS2_PLACEMENT_3D('',#7462,#5657,#5658);
#4971=AXIS2_PLACEMENT_3D('',#7464,#5659,#5660);
#4972=AXIS2_PLACEMENT_3D('',#7465,#5661,#5662);
#4973=AXIS2_PLACEMENT_3D('',#7467,#5663,#5664);
#4974=AXIS2_PLACEMENT_3D('',#7469,#5666,#5667);
#4975=AXIS2_PLACEMENT_3D('',#7471,#5668,#5669);
#4976=AXIS2_PLACEMENT_3D('',#7473,#5670,#5671);
#4977=AXIS2_PLACEMENT_3D('',#7474,#5672,#5673);
#4978=AXIS2_PLACEMENT_3D('',#7476,#5674,#5675);
#4979=AXIS2_PLACEMENT_3D('',#7478,#5677,#5678);
#4980=AXIS2_PLACEMENT_3D('',#7487,#5683,#5684);
#4981=AXIS2_PLACEMENT_3D('',#7490,#5687,#5688);
#4982=AXIS2_PLACEMENT_3D('',#7496,#5692,#5693);
#4983=AXIS2_PLACEMENT_3D('',#7499,#5696,#5697);
#4984=AXIS2_PLACEMENT_3D('',#7501,#5698,#5699);
#4985=AXIS2_PLACEMENT_3D('',#7502,#5700,#5701);
#4986=AXIS2_PLACEMENT_3D('',#7508,#5705,#5706);
#4987=AXIS2_PLACEMENT_3D('',#7512,#5709,#5710);
#4988=AXIS2_PLACEMENT_3D('',#7518,#5714,#5715);
#4989=AXIS2_PLACEMENT_3D('',#7524,#5719,#5720);
#4990=AXIS2_PLACEMENT_3D('',#7530,#5724,#5725);
#4991=AXIS2_PLACEMENT_3D('',#7533,#5728,#5729);
#4992=AXIS2_PLACEMENT_3D('',#7535,#5730,#5731);
#4993=AXIS2_PLACEMENT_3D('',#7536,#5732,#5733);
#4994=AXIS2_PLACEMENT_3D('',#7542,#5737,#5738);
#4995=AXIS2_PLACEMENT_3D('',#7546,#5741,#5742);
#4996=AXIS2_PLACEMENT_3D('',#7550,#5745,#5746);
#4997=AXIS2_PLACEMENT_3D('',#7554,#5749,#5750);
#4998=AXIS2_PLACEMENT_3D('',#7558,#5753,#5754);
#4999=AXIS2_PLACEMENT_3D('',#7560,#5756,#5757);
#5000=AXIS2_PLACEMENT_3D('',#7562,#5758,#5759);
#5001=AXIS2_PLACEMENT_3D('',#7563,#5760,#5761);
#5002=AXIS2_PLACEMENT_3D('',#7569,#5765,#5766);
#5003=AXIS2_PLACEMENT_3D('',#7573,#5769,#5770);
#5004=AXIS2_PLACEMENT_3D('',#7577,#5773,#5774);
#5005=AXIS2_PLACEMENT_3D('',#7581,#5777,#5778);
#5006=AXIS2_PLACEMENT_3D('',#7585,#5781,#5782);
#5007=AXIS2_PLACEMENT_3D('',#7587,#5784,#5785);
#5008=AXIS2_PLACEMENT_3D('',#7589,#5786,#5787);
#5009=AXIS2_PLACEMENT_3D('',#7590,#5788,#5789);
#5010=AXIS2_PLACEMENT_3D('',#7596,#5793,#5794);
#5011=AXIS2_PLACEMENT_3D('',#7602,#5798,#5799);
#5012=AXIS2_PLACEMENT_3D('',#7608,#5803,#5804);
#5013=AXIS2_PLACEMENT_3D('',#7614,#5808,#5809);
#5014=AXIS2_PLACEMENT_3D('',#7619,#5813,#5814);
#5015=AXIS2_PLACEMENT_3D('',#7621,#5816,#5817);
#5016=AXIS2_PLACEMENT_3D('',#7623,#5818,#5819);
#5017=AXIS2_PLACEMENT_3D('',#7624,#5820,#5821);
#5018=AXIS2_PLACEMENT_3D('',#7630,#5825,#5826);
#5019=AXIS2_PLACEMENT_3D('',#7632,#5828,#5829);
#5020=AXIS2_PLACEMENT_3D('',#7636,#5832,#5833);
#5021=AXIS2_PLACEMENT_3D('',#7638,#5835,#5836);
#5022=AXIS2_PLACEMENT_3D('',#7640,#5837,#5838);
#5023=AXIS2_PLACEMENT_3D('',#7641,#5839,#5840);
#5024=AXIS2_PLACEMENT_3D('',#7647,#5844,#5845);
#5025=AXIS2_PLACEMENT_3D('',#7653,#5849,#5850);
#5026=AXIS2_PLACEMENT_3D('',#7659,#5854,#5855);
#5027=AXIS2_PLACEMENT_3D('',#7662,#5858,#5859);
#5028=AXIS2_PLACEMENT_3D('',#7664,#5860,#5861);
#5029=AXIS2_PLACEMENT_3D('',#7665,#5862,#5863);
#5030=AXIS2_PLACEMENT_3D('',#7674,#5868,#5869);
#5031=AXIS2_PLACEMENT_3D('',#7677,#5872,#5873);
#5032=AXIS2_PLACEMENT_3D('',#7680,#5876,#5877);
#5033=AXIS2_PLACEMENT_3D('',#7682,#5878,#5879);
#5034=AXIS2_PLACEMENT_3D('',#7683,#5880,#5881);
#5035=AXIS2_PLACEMENT_3D('',#7689,#5885,#5886);
#5036=AXIS2_PLACEMENT_3D('',#7693,#5889,#5890);
#5037=AXIS2_PLACEMENT_3D('',#7699,#5894,#5895);
#5038=AXIS2_PLACEMENT_3D('',#7705,#5899,#5900);
#5039=AXIS2_PLACEMENT_3D('',#7710,#5904,#5905);
#5040=AXIS2_PLACEMENT_3D('',#7712,#5907,#5908);
#5041=AXIS2_PLACEMENT_3D('',#7714,#5909,#5910);
#5042=AXIS2_PLACEMENT_3D('',#7715,#5911,#5912);
#5043=AXIS2_PLACEMENT_3D('',#7724,#5917,#5918);
#5044=AXIS2_PLACEMENT_3D('',#7727,#5921,#5922);
#5045=AXIS2_PLACEMENT_3D('',#7730,#5925,#5926);
#5046=AXIS2_PLACEMENT_3D('',#7732,#5927,#5928);
#5047=AXIS2_PLACEMENT_3D('',#7733,#5929,#5930);
#5048=AXIS2_PLACEMENT_3D('',#7739,#5934,#5935);
#5049=AXIS2_PLACEMENT_3D('',#7741,#5937,#5938);
#5050=AXIS2_PLACEMENT_3D('',#7747,#5942,#5943);
#5051=AXIS2_PLACEMENT_3D('',#7750,#5946,#5947);
#5052=AXIS2_PLACEMENT_3D('',#7752,#5948,#5949);
#5053=AXIS2_PLACEMENT_3D('',#7753,#5950,#5951);
#5054=AXIS2_PLACEMENT_3D('',#7759,#5955,#5956);
#5055=AXIS2_PLACEMENT_3D('',#7763,#5959,#5960);
#5056=AXIS2_PLACEMENT_3D('',#7767,#5963,#5964);
#5057=AXIS2_PLACEMENT_3D('',#7771,#5967,#5968);
#5058=AXIS2_PLACEMENT_3D('',#7775,#5971,#5972);
#5059=AXIS2_PLACEMENT_3D('',#7777,#5974,#5975);
#5060=AXIS2_PLACEMENT_3D('',#7779,#5976,#5977);
#5061=AXIS2_PLACEMENT_3D('',#7780,#5978,#5979);
#5062=AXIS2_PLACEMENT_3D('',#7786,#5983,#5984);
#5063=AXIS2_PLACEMENT_3D('',#7790,#5987,#5988);
#5064=AXIS2_PLACEMENT_3D('',#7792,#5990,#5991);
#5065=AXIS2_PLACEMENT_3D('',#7796,#5994,#5995);
#5066=AXIS2_PLACEMENT_3D('',#7798,#5997,#5998);
#5067=AXIS2_PLACEMENT_3D('',#7800,#5999,#6000);
#5068=AXIS2_PLACEMENT_3D('',#7801,#6001,#6002);
#5069=AXIS2_PLACEMENT_3D('',#7807,#6006,#6007);
#5070=AXIS2_PLACEMENT_3D('',#7811,#6010,#6011);
#5071=AXIS2_PLACEMENT_3D('',#7815,#6014,#6015);
#5072=AXIS2_PLACEMENT_3D('',#7819,#6018,#6019);
#5073=AXIS2_PLACEMENT_3D('',#7823,#6022,#6023);
#5074=AXIS2_PLACEMENT_3D('',#7825,#6025,#6026);
#5075=AXIS2_PLACEMENT_3D('',#7827,#6027,#6028);
#5076=AXIS2_PLACEMENT_3D('',#7828,#6029,#6030);
#5077=AXIS2_PLACEMENT_3D('',#7836,#6035,#6036);
#5078=AXIS2_PLACEMENT_3D('',#7842,#6040,#6041);
#5079=AXIS2_PLACEMENT_3D('',#7848,#6045,#6046);
#5080=AXIS2_PLACEMENT_3D('',#7854,#6050,#6051);
#5081=AXIS2_PLACEMENT_3D('',#7859,#6055,#6056);
#5082=AXIS2_PLACEMENT_3D('',#7861,#6058,#6059);
#5083=AXIS2_PLACEMENT_3D('',#7863,#6060,#6061);
#5084=AXIS2_PLACEMENT_3D('',#7864,#6062,#6063);
#5085=AXIS2_PLACEMENT_3D('',#7870,#6067,#6068);
#5086=AXIS2_PLACEMENT_3D('',#7874,#6071,#6072);
#5087=AXIS2_PLACEMENT_3D('',#7878,#6075,#6076);
#5088=AXIS2_PLACEMENT_3D('',#7882,#6079,#6080);
#5089=AXIS2_PLACEMENT_3D('',#7886,#6083,#6084);
#5090=AXIS2_PLACEMENT_3D('',#7888,#6086,#6087);
#5091=AXIS2_PLACEMENT_3D('',#7890,#6088,#6089);
#5092=AXIS2_PLACEMENT_3D('',#7891,#6090,#6091);
#5093=AXIS2_PLACEMENT_3D('',#7899,#6096,#6097);
#5094=AXIS2_PLACEMENT_3D('',#7905,#6101,#6102);
#5095=AXIS2_PLACEMENT_3D('',#7911,#6106,#6107);
#5096=AXIS2_PLACEMENT_3D('',#7916,#6111,#6112);
#5097=AXIS2_PLACEMENT_3D('',#7920,#6115,#6116);
#5098=AXIS2_PLACEMENT_3D('',#7922,#6118,#6119);
#5099=AXIS2_PLACEMENT_3D('',#7924,#6120,#6121);
#5100=AXIS2_PLACEMENT_3D('',#7925,#6122,#6123);
#5101=AXIS2_PLACEMENT_3D('',#7934,#6128,#6129);
#5102=AXIS2_PLACEMENT_3D('',#7940,#6133,#6134);
#5103=AXIS2_PLACEMENT_3D('',#7943,#6137,#6138);
#5104=AXIS2_PLACEMENT_3D('',#7946,#6141,#6142);
#5105=AXIS2_PLACEMENT_3D('',#7948,#6143,#6144);
#5106=AXIS2_PLACEMENT_3D('',#7949,#6145,#6146);
#5107=AXIS2_PLACEMENT_3D('',#7953,#6149,#6150);
#5108=AXIS2_PLACEMENT_3D('',#7955,#6152,#6153);
#5109=AXIS2_PLACEMENT_3D('',#7957,#6154,#6155);
#5110=AXIS2_PLACEMENT_3D('',#7958,#6156,#6157);
#5111=AXIS2_PLACEMENT_3D('',#7964,#6161,#6162);
#5112=AXIS2_PLACEMENT_3D('',#7968,#6165,#6166);
#5113=AXIS2_PLACEMENT_3D('',#7972,#6169,#6170);
#5114=AXIS2_PLACEMENT_3D('',#7974,#6172,#6173);
#5115=AXIS2_PLACEMENT_3D('',#7976,#6175,#6176);
#5116=AXIS2_PLACEMENT_3D('',#7978,#6177,#6178);
#5117=AXIS2_PLACEMENT_3D('',#7979,#6179,#6180);
#5118=AXIS2_PLACEMENT_3D('',#7983,#6183,#6184);
#5119=AXIS2_PLACEMENT_3D('',#7989,#6188,#6189);
#5120=AXIS2_PLACEMENT_3D('',#7995,#6193,#6194);
#5121=AXIS2_PLACEMENT_3D('',#8001,#6198,#6199);
#5122=AXIS2_PLACEMENT_3D('',#8004,#6202,#6203);
#5123=AXIS2_PLACEMENT_3D('',#8006,#6204,#6205);
#5124=AXIS2_PLACEMENT_3D('',#8007,#6206,#6207);
#5125=AXIS2_PLACEMENT_3D('',#8010,#6209,#6210);
#5126=AXIS2_PLACEMENT_3D('',#8011,#6211,#6212);
#5127=AXIS2_PLACEMENT_3D('',#8014,#6214,#6215);
#5128=AXIS2_PLACEMENT_3D('',#8015,#6216,#6217);
#5129=AXIS2_PLACEMENT_3D('',#8018,#6219,#6220);
#5130=AXIS2_PLACEMENT_3D('',#8019,#6221,#6222);
#5131=AXIS2_PLACEMENT_3D('',#8022,#6224,#6225);
#5132=AXIS2_PLACEMENT_3D('',#8023,#6226,#6227);
#5133=AXIS2_PLACEMENT_3D('',#8026,#6229,#6230);
#5134=AXIS2_PLACEMENT_3D('',#8027,#6231,#6232);
#5135=AXIS2_PLACEMENT_3D('',#8030,#6234,#6235);
#5136=AXIS2_PLACEMENT_3D('',#8031,#6236,#6237);
#5137=AXIS2_PLACEMENT_3D('',#8034,#6239,#6240);
#5138=AXIS2_PLACEMENT_3D('',#8035,#6241,#6242);
#5139=AXIS2_PLACEMENT_3D('',#8038,#6244,#6245);
#5140=AXIS2_PLACEMENT_3D('',#8039,#6246,#6247);
#5141=AXIS2_PLACEMENT_3D('',#8042,#6249,#6250);
#5142=AXIS2_PLACEMENT_3D('',#8043,#6251,#6252);
#5143=AXIS2_PLACEMENT_3D('',#8046,#6254,#6255);
#5144=AXIS2_PLACEMENT_3D('',#8047,#6256,#6257);
#5145=AXIS2_PLACEMENT_3D('',#8050,#6259,#6260);
#5146=AXIS2_PLACEMENT_3D('',#8051,#6261,#6262);
#5147=AXIS2_PLACEMENT_3D('',#8054,#6264,#6265);
#5148=AXIS2_PLACEMENT_3D('',#8055,#6266,#6267);
#5149=AXIS2_PLACEMENT_3D('',#8058,#6269,#6270);
#5150=AXIS2_PLACEMENT_3D('',#8059,#6271,#6272);
#5151=AXIS2_PLACEMENT_3D('',#8062,#6274,#6275);
#5152=AXIS2_PLACEMENT_3D('',#8063,#6276,#6277);
#5153=AXIS2_PLACEMENT_3D('',#8066,#6279,#6280);
#5154=AXIS2_PLACEMENT_3D('',#8067,#6281,#6282);
#5155=AXIS2_PLACEMENT_3D('',#8070,#6284,#6285);
#5156=AXIS2_PLACEMENT_3D('',#8071,#6286,#6287);
#5157=AXIS2_PLACEMENT_3D('',#8074,#6289,#6290);
#5158=AXIS2_PLACEMENT_3D('',#8075,#6291,#6292);
#5159=AXIS2_PLACEMENT_3D('',#8078,#6294,#6295);
#5160=AXIS2_PLACEMENT_3D('',#8079,#6296,#6297);
#5161=AXIS2_PLACEMENT_3D('',#8082,#6299,#6300);
#5162=AXIS2_PLACEMENT_3D('',#8083,#6301,#6302);
#5163=AXIS2_PLACEMENT_3D('',#8086,#6304,#6305);
#5164=AXIS2_PLACEMENT_3D('',#8087,#6306,#6307);
#5165=AXIS2_PLACEMENT_3D('',#8090,#6309,#6310);
#5166=AXIS2_PLACEMENT_3D('',#8091,#6311,#6312);
#5167=AXIS2_PLACEMENT_3D('',#8097,#6316,#6317);
#5168=AXIS2_PLACEMENT_3D('',#8099,#6318,#6319);
#5169=AXIS2_PLACEMENT_3D('',#8101,#6321,#6322);
#5170=AXIS2_PLACEMENT_3D('',#8105,#6325,#6326);
#5171=AXIS2_PLACEMENT_3D('',#8107,#6327,#6328);
#5172=AXIS2_PLACEMENT_3D('',#8109,#6330,#6331);
#5173=AXIS2_PLACEMENT_3D('',#8113,#6334,#6335);
#5174=AXIS2_PLACEMENT_3D('',#8115,#6336,#6337);
#5175=AXIS2_PLACEMENT_3D('',#8117,#6339,#6340);
#5176=AXIS2_PLACEMENT_3D('',#8121,#6343,#6344);
#5177=AXIS2_PLACEMENT_3D('',#8123,#6346,#6347);
#5178=AXIS2_PLACEMENT_3D('',#8127,#6350,#6351);
#5179=AXIS2_PLACEMENT_3D('',#8128,#6352,#6353);
#5180=AXIS2_PLACEMENT_3D('',#8129,#6354,#6355);
#5181=AXIS2_PLACEMENT_3D('',#8131,#6356,#6357);
#5182=AXIS2_PLACEMENT_3D('',#8133,#6358,#6359);
#5183=AXIS2_PLACEMENT_3D('',#8135,#6360,#6361);
#5184=AXIS2_PLACEMENT_3D('',#8137,#6362,#6363);
#5185=AXIS2_PLACEMENT_3D('',#8138,#6364,#6365);
#5186=AXIS2_PLACEMENT_3D('',#8141,#6366,#6367);
#5187=AXIS2_PLACEMENT_3D('',#8144,#6369,#6370);
#5188=AXIS2_PLACEMENT_3D('',#8146,#6372,#6373);
#5189=AXIS2_PLACEMENT_3D('',#8148,#6375,#6376);
#5190=AXIS2_PLACEMENT_3D('',#8150,#6378,#6379);
#5191=AXIS2_PLACEMENT_3D('',#8152,#6381,#6382);
#5192=AXIS2_PLACEMENT_3D('',#8154,#6384,#6385);
#5193=AXIS2_PLACEMENT_3D('',#8157,#6388,#6389);
#5194=AXIS2_PLACEMENT_3D('',#8158,#6390,#6391);
#5195=AXIS2_PLACEMENT_3D('',#8160,#6393,#6394);
#5196=DIRECTION('axis',(0.,0.,1.));
#5197=DIRECTION('refdir',(1.,0.,0.));
#5198=DIRECTION('center_axis',(0.,0.,1.));
#5199=DIRECTION('ref_axis',(1.,0.,0.));
#5200=DIRECTION('',(0.866025403784439,-0.5,0.));
#5201=DIRECTION('',(-0.866025403784439,-0.5,0.));
#5202=DIRECTION('',(-0.866025403784438,0.5,0.));
#5203=DIRECTION('',(3.49629579342466E-16,1.,0.));
#5204=DIRECTION('',(0.866025403784439,-0.5,0.));
#5205=DIRECTION('',(-5.24444369013699E-16,-1.,0.));
#5206=DIRECTION('',(-0.866025403784439,-0.5,0.));
#5207=DIRECTION('',(0.866025403784439,-0.5,0.));
#5208=DIRECTION('',(0.866025403784439,0.499999999999999,0.));
#5209=DIRECTION('',(0.866025403784438,-0.500000000000001,0.));
#5210=DIRECTION('',(-6.99259158684932E-16,-1.,0.));
#5211=DIRECTION('',(0.866025403784439,-0.5,0.));
#5212=DIRECTION('',(-0.866025403784439,-0.5,0.));
#5213=DIRECTION('',(-6.99259158684932E-16,-1.,0.));
#5214=DIRECTION('',(-0.866025403784439,-0.5,0.));
#5215=DIRECTION('',(-0.866025403784438,0.5,0.));
#5216=DIRECTION('',(-0.866025403784439,-0.5,0.));
#5217=DIRECTION('',(0.866025403784438,-0.500000000000001,0.));
#5218=DIRECTION('',(-5.24444369013699E-16,-1.,0.));
#5219=DIRECTION('',(0.866025403784439,0.5,0.));
#5220=DIRECTION('',(0.,-1.,0.));
#5221=DIRECTION('',(-0.866025403784439,-0.5,0.));
#5222=DIRECTION('',(-6.99259158684933E-16,-1.,0.));
#5223=DIRECTION('',(-0.866025403784439,-0.5,0.));
#5224=DIRECTION('',(-0.866025403784438,0.5,0.));
#5225=DIRECTION('',(-0.866025403784439,-0.5,0.));
#5226=DIRECTION('',(0.866025403784438,-0.500000000000001,0.));
#5227=DIRECTION('',(-5.244443690137E-16,-1.,0.));
#5228=DIRECTION('',(-0.866025403784439,-0.5,0.));
#5229=DIRECTION('',(3.49629579342466E-16,1.,0.));
#5230=DIRECTION('',(0.866025403784439,0.499999999999999,0.));
#5231=DIRECTION('',(0.866025403784438,-0.500000000000001,0.));
#5232=DIRECTION('',(-0.866025403784439,-0.5,0.));
#5233=DIRECTION('',(-0.866025403784438,0.5,0.));
#5234=DIRECTION('',(0.,1.,0.));
#5235=DIRECTION('',(0.866025403784439,0.5,0.));
#5236=DIRECTION('',(-1.92296268638356E-16,-1.,0.));
#5237=DIRECTION('',(-0.866025403784438,0.5,0.));
#5238=DIRECTION('',(0.,1.,0.));
#5239=DIRECTION('',(0.866025403784439,0.5,0.));
#5240=DIRECTION('',(-1.92296268638356E-16,-1.,0.));
#5241=DIRECTION('',(-0.866025403784438,0.5,0.));
#5242=DIRECTION('',(0.,1.,0.));
#5243=DIRECTION('',(0.866025403784439,0.5,0.));
#5244=DIRECTION('center_axis',(0.5,0.866025403784439,0.));
#5245=DIRECTION('ref_axis',(0.,0.,-1.));
#5246=DIRECTION('',(0.,0.,-1.));
#5247=DIRECTION('',(-0.866025403784439,0.5,0.));
#5248=DIRECTION('',(0.,0.,1.));
#5249=DIRECTION('center_axis',(0.5,0.866025403784439,0.));
#5250=DIRECTION('ref_axis',(0.,0.,-1.));
#5251=DIRECTION('',(0.,0.,-1.));
#5252=DIRECTION('',(-0.866025403784439,0.5,0.));
#5253=DIRECTION('',(0.,0.,1.));
#5254=DIRECTION('center_axis',(-0.5,-0.866025403784439,0.));
#5255=DIRECTION('ref_axis',(0.,0.,-1.));
#5256=DIRECTION('',(0.,0.,-1.));
#5257=DIRECTION('',(0.866025403784439,-0.5,0.));
#5258=DIRECTION('',(0.,0.,1.));
#5259=DIRECTION('center_axis',(-0.5,-0.866025403784439,0.));
#5260=DIRECTION('ref_axis',(0.,0.,-1.));
#5261=DIRECTION('',(0.,0.,-1.));
#5262=DIRECTION('',(0.866025403784439,-0.5,0.));
#5263=DIRECTION('',(0.,0.,1.));
#5264=DIRECTION('center_axis',(-0.5,0.866025403784439,0.));
#5265=DIRECTION('ref_axis',(0.,0.,1.));
#5266=DIRECTION('',(-0.866025403784439,-0.5,0.));
#5267=DIRECTION('',(0.,0.,1.));
#5268=DIRECTION('center_axis',(-0.5,0.866025403784439,0.));
#5269=DIRECTION('ref_axis',(0.,0.,1.));
#5270=DIRECTION('',(0.,0.,-1.));
#5271=DIRECTION('',(-0.866025403784439,-0.5,0.));
#5272=DIRECTION('',(0.,0.,1.));
#5273=DIRECTION('center_axis',(0.5,-0.866025403784439,0.));
#5274=DIRECTION('ref_axis',(0.,0.,-1.));
#5275=DIRECTION('',(0.,0.,-1.));
#5276=DIRECTION('',(0.866025403784439,0.5,0.));
#5277=DIRECTION('',(0.,0.,1.));
#5278=DIRECTION('center_axis',(-1.,0.,0.));
#5279=DIRECTION('ref_axis',(0.,0.,1.));
#5280=DIRECTION('',(0.,-1.,0.));
#5281=DIRECTION('',(0.,0.,1.));
#5282=DIRECTION('center_axis',(-0.5,0.866025403784439,0.));
#5283=DIRECTION('ref_axis',(0.,0.,1.));
#5284=DIRECTION('',(-0.866025403784439,-0.5,0.));
#5285=DIRECTION('',(0.,0.,1.));
#5286=DIRECTION('center_axis',(-0.5,0.866025403784439,0.));
#5287=DIRECTION('ref_axis',(0.,0.,1.));
#5288=DIRECTION('',(0.,0.,-1.));
#5289=DIRECTION('',(-0.866025403784439,-0.5,0.));
#5290=DIRECTION('',(0.,0.,1.));
#5291=DIRECTION('center_axis',(0.5,-0.866025403784439,0.));
#5292=DIRECTION('ref_axis',(0.,0.,-1.));
#5293=DIRECTION('',(0.,0.,-1.));
#5294=DIRECTION('',(0.866025403784439,0.5,0.));
#5295=DIRECTION('',(0.,0.,1.));
#5296=DIRECTION('center_axis',(0.5,-0.866025403784439,0.));
#5297=DIRECTION('ref_axis',(0.,0.,-1.));
#5298=DIRECTION('',(0.,0.,-1.));
#5299=DIRECTION('',(0.866025403784439,0.5,0.));
#5300=DIRECTION('',(0.,0.,1.));
#5301=DIRECTION('center_axis',(1.,-1.92296268638356E-16,0.));
#5302=DIRECTION('ref_axis',(0.,0.,-1.));
#5303=DIRECTION('',(0.,0.,-1.));
#5304=DIRECTION('',(1.92296268638356E-16,1.,0.));
#5305=DIRECTION('',(0.,0.,-1.));
#5306=DIRECTION('center_axis',(1.,-1.92296268638356E-16,0.));
#5307=DIRECTION('ref_axis',(0.,0.,-1.));
#5308=DIRECTION('',(0.,0.,-1.));
#5309=DIRECTION('',(1.92296268638356E-16,1.,0.));
#5310=DIRECTION('',(0.,0.,-1.));
#5311=DIRECTION('center_axis',(0.,0.,1.));
#5312=DIRECTION('ref_axis',(1.,0.,0.));
#5313=DIRECTION('',(9.61481343191781E-17,1.,0.));
#5314=DIRECTION('',(0.866025403784438,-0.500000000000001,0.));
#5315=DIRECTION('',(-6.99259158684933E-16,-1.,0.));
#5316=DIRECTION('',(-0.866025403784438,-0.5,0.));
#5317=DIRECTION('',(-0.866025403784439,0.5,0.));
#5318=DIRECTION('',(0.866025403784439,0.499999999999999,0.));
#5319=DIRECTION('',(0.866025403784438,-0.500000000000001,0.));
#5320=DIRECTION('',(-6.99259158684933E-16,-1.,0.));
#5321=DIRECTION('',(-0.866025403784439,0.5,0.));
#5322=DIRECTION('',(5.24444369013699E-16,1.,0.));
#5323=DIRECTION('',(0.866025403784439,0.499999999999999,0.));
#5324=DIRECTION('',(-0.866025403784439,0.5,0.));
#5325=DIRECTION('',(-0.866025403784438,-0.5,0.));
#5326=DIRECTION('',(-0.866025403784438,0.5,0.));
#5327=DIRECTION('',(0.,1.,0.));
#5328=DIRECTION('',(-0.866025403784439,0.5,0.));
#5329=DIRECTION('',(0.866025403784439,0.5,0.));
#5330=DIRECTION('',(0.,1.,0.));
#5331=DIRECTION('',(0.866025403784439,0.499999999999999,0.));
#5332=DIRECTION('',(0.866025403784438,-0.500000000000001,0.));
#5333=DIRECTION('',(0.866025403784439,0.5,0.));
#5334=DIRECTION('',(-0.866025403784438,0.5,0.));
#5335=DIRECTION('',(5.24444369013699E-16,1.,0.));
#5336=DIRECTION('',(-0.866025403784439,-0.5,0.));
#5337=DIRECTION('',(-2.69549976727372E-16,1.,0.));
#5338=DIRECTION('',(0.866025403784439,0.5,0.));
#5339=DIRECTION('',(0.,1.,0.));
#5340=DIRECTION('',(0.866025403784439,0.499999999999999,0.));
#5341=DIRECTION('',(0.866025403784438,-0.500000000000001,0.));
#5342=DIRECTION('',(0.866025403784439,0.5,0.));
#5343=DIRECTION('',(-0.866025403784438,0.5,0.));
#5344=DIRECTION('',(5.24444369013699E-16,1.,0.));
#5345=DIRECTION('',(0.866025403784439,0.499999999999999,0.));
#5346=DIRECTION('',(-6.99259158684932E-16,-1.,0.));
#5347=DIRECTION('',(-0.866025403784438,-0.5,0.));
#5348=DIRECTION('',(-0.866025403784438,0.5,0.));
#5349=DIRECTION('',(0.866025403784439,0.499999999999999,0.));
#5350=DIRECTION('',(0.866025403784438,-0.500000000000001,0.));
#5351=DIRECTION('',(-6.99259158684932E-16,-1.,0.));
#5352=DIRECTION('',(-0.866025403784439,-0.5,0.));
#5353=DIRECTION('',(9.61481343191781E-17,1.,0.));
#5354=DIRECTION('',(0.866025403784438,-0.500000000000001,0.));
#5355=DIRECTION('',(-6.99259158684932E-16,-1.,0.));
#5356=DIRECTION('',(-0.866025403784439,-0.5,0.));
#5357=DIRECTION('center_axis',(-1.,9.61481343191781E-17,0.));
#5358=DIRECTION('ref_axis',(0.,0.,1.));
#5359=DIRECTION('',(0.,0.,-1.));
#5360=DIRECTION('',(-9.61481343191781E-17,-1.,0.));
#5361=DIRECTION('',(0.,0.,-1.));
#5362=DIRECTION('center_axis',(-0.5,-0.866025403784439,0.));
#5363=DIRECTION('ref_axis',(0.,0.,1.));
#5364=DIRECTION('',(0.,0.,-1.));
#5365=DIRECTION('',(0.866025403784439,-0.5,0.));
#5366=DIRECTION('',(0.,0.,1.));
#5367=DIRECTION('center_axis',(-0.5,-0.866025403784439,0.));
#5368=DIRECTION('ref_axis',(0.,0.,1.));
#5369=DIRECTION('',(0.,0.,-1.));
#5370=DIRECTION('',(0.866025403784439,-0.5,0.));
#5371=DIRECTION('',(0.,0.,1.));
#5372=DIRECTION('center_axis',(0.5,0.866025403784439,0.));
#5373=DIRECTION('ref_axis',(0.,0.,1.));
#5374=DIRECTION('',(0.,0.,-1.));
#5375=DIRECTION('',(-0.866025403784439,0.5,0.));
#5376=DIRECTION('',(0.,0.,1.));
#5377=DIRECTION('center_axis',(0.5,0.866025403784439,0.));
#5378=DIRECTION('ref_axis',(0.,0.,1.));
#5379=DIRECTION('',(0.,0.,-1.));
#5380=DIRECTION('',(-0.866025403784439,0.5,0.));
#5381=DIRECTION('',(0.,0.,1.));
#5382=DIRECTION('center_axis',(0.5,-0.866025403784439,0.));
#5383=DIRECTION('ref_axis',(0.,0.,-1.));
#5384=DIRECTION('',(0.866025403784439,0.5,0.));
#5385=DIRECTION('',(0.,0.,1.));
#5386=DIRECTION('center_axis',(0.5,-0.866025403784439,0.));
#5387=DIRECTION('ref_axis',(0.,0.,-1.));
#5388=DIRECTION('',(0.,0.,-1.));
#5389=DIRECTION('',(0.866025403784439,0.5,0.));
#5390=DIRECTION('',(0.,0.,1.));
#5391=DIRECTION('center_axis',(-0.5,0.866025403784439,0.));
#5392=DIRECTION('ref_axis',(0.,0.,1.));
#5393=DIRECTION('',(0.,0.,-1.));
#5394=DIRECTION('',(-0.866025403784439,-0.5,0.));
#5395=DIRECTION('',(0.,0.,1.));
#5396=DIRECTION('center_axis',(1.,2.69549976727372E-16,0.));
#5397=DIRECTION('ref_axis',(0.,0.,-1.));
#5398=DIRECTION('',(-2.69549976727372E-16,1.,0.));
#5399=DIRECTION('',(0.,0.,1.));
#5400=DIRECTION('center_axis',(0.5,-0.866025403784439,0.));
#5401=DIRECTION('ref_axis',(0.,0.,-1.));
#5402=DIRECTION('',(0.866025403784439,0.5,0.));
#5403=DIRECTION('',(0.,0.,1.));
#5404=DIRECTION('center_axis',(0.5,-0.866025403784439,0.));
#5405=DIRECTION('ref_axis',(0.,0.,-1.));
#5406=DIRECTION('',(0.,0.,-1.));
#5407=DIRECTION('',(0.866025403784438,0.5,0.));
#5408=DIRECTION('',(0.,0.,1.));
#5409=DIRECTION('center_axis',(-0.499999999999999,0.866025403784439,0.));
#5410=DIRECTION('ref_axis',(0.,0.,1.));
#5411=DIRECTION('',(0.,0.,-1.));
#5412=DIRECTION('',(-0.866025403784439,-0.499999999999999,0.));
#5413=DIRECTION('',(0.,0.,1.));
#5414=DIRECTION('center_axis',(-0.499999999999999,0.866025403784439,0.));
#5415=DIRECTION('ref_axis',(0.,0.,1.));
#5416=DIRECTION('',(0.,0.,-1.));
#5417=DIRECTION('',(-0.866025403784439,-0.499999999999999,0.));
#5418=DIRECTION('',(0.,0.,1.));
#5419=DIRECTION('center_axis',(-1.,9.61481343191781E-17,0.));
#5420=DIRECTION('ref_axis',(0.,0.,1.));
#5421=DIRECTION('',(0.,0.,-1.));
#5422=DIRECTION('',(-9.61481343191781E-17,-1.,0.));
#5423=DIRECTION('',(0.,0.,-1.));
#5424=DIRECTION('center_axis',(-0.5,0.866025403784439,0.));
#5425=DIRECTION('ref_axis',(0.866025403784439,0.5,0.));
#5426=DIRECTION('',(0.,0.,-1.));
#5427=DIRECTION('',(0.866025403784439,0.5,0.));
#5428=DIRECTION('',(0.,0.,-1.));
#5429=DIRECTION('center_axis',(-1.,6.99259158684933E-16,0.));
#5430=DIRECTION('ref_axis',(6.99259158684933E-16,1.,0.));
#5431=DIRECTION('',(6.99259158684933E-16,1.,0.));
#5432=DIRECTION('',(0.,0.,-1.));
#5433=DIRECTION('',(6.99259158684933E-16,1.,0.));
#5434=DIRECTION('center_axis',(-0.500000000000001,-0.866025403784438,0.));
#5435=DIRECTION('ref_axis',(-0.866025403784438,0.500000000000001,0.));
#5436=DIRECTION('',(-0.866025403784438,0.500000000000001,0.));
#5437=DIRECTION('',(0.,0.,-1.));
#5438=DIRECTION('',(-0.866025403784438,0.500000000000001,0.));
#5439=DIRECTION('',(0.,0.,-1.));
#5440=DIRECTION('center_axis',(-0.5,0.866025403784439,0.));
#5441=DIRECTION('ref_axis',(0.866025403784439,0.5,0.));
#5442=DIRECTION('',(0.,0.,-1.));
#5443=DIRECTION('',(0.866025403784439,0.5,0.));
#5444=DIRECTION('',(0.,0.,-1.));
#5445=DIRECTION('center_axis',(-0.500000000000001,-0.866025403784438,0.));
#5446=DIRECTION('ref_axis',(-0.866025403784438,0.500000000000001,0.));
#5447=DIRECTION('',(0.,0.,-1.));
#5448=DIRECTION('',(-0.866025403784438,0.500000000000001,0.));
#5449=DIRECTION('',(0.,0.,-1.));
#5450=DIRECTION('center_axis',(-1.,6.99259158684932E-16,0.));
#5451=DIRECTION('ref_axis',(6.99259158684932E-16,1.,0.));
#5452=DIRECTION('',(6.99259158684932E-16,1.,0.));
#5453=DIRECTION('',(6.99259158684932E-16,1.,0.));
#5454=DIRECTION('center_axis',(0.499999999999999,-0.866025403784439,0.));
#5455=DIRECTION('ref_axis',(-0.866025403784439,-0.499999999999999,0.));
#5456=DIRECTION('',(-0.866025403784439,-0.499999999999999,0.));
#5457=DIRECTION('',(0.,0.,-1.));
#5458=DIRECTION('',(-0.866025403784439,-0.499999999999999,0.));
#5459=DIRECTION('center_axis',(-1.,5.24444369013699E-16,0.));
#5460=DIRECTION('ref_axis',(5.24444369013699E-16,1.,0.));
#5461=DIRECTION('',(5.24444369013699E-16,1.,0.));
#5462=DIRECTION('',(0.,0.,-1.));
#5463=DIRECTION('',(5.24444369013699E-16,1.,0.));
#5464=DIRECTION('',(0.,0.,-1.));
#5465=DIRECTION('center_axis',(1.,-3.49629579342466E-16,0.));
#5466=DIRECTION('ref_axis',(-3.49629579342466E-16,-1.,0.));
#5467=DIRECTION('',(0.,0.,-1.));
#5468=DIRECTION('',(-3.49629579342466E-16,-1.,0.));
#5469=DIRECTION('',(0.,0.,-1.));
#5470=DIRECTION('',(-3.49629579342466E-16,-1.,0.));
#5471=DIRECTION('center_axis',(-0.500000000000001,-0.866025403784438,0.));
#5472=DIRECTION('ref_axis',(-0.866025403784438,0.500000000000001,0.));
#5473=DIRECTION('',(0.,0.,-1.));
#5474=DIRECTION('',(-0.866025403784438,0.500000000000001,0.));
#5475=DIRECTION('',(0.,0.,-1.));
#5476=DIRECTION('center_axis',(0.499999999999999,-0.866025403784439,0.));
#5477=DIRECTION('ref_axis',(-0.866025403784439,-0.499999999999999,0.));
#5478=DIRECTION('',(-0.866025403784439,-0.499999999999999,0.));
#5479=DIRECTION('',(0.,0.,-1.));
#5480=DIRECTION('',(-0.866025403784439,-0.499999999999999,0.));
#5481=DIRECTION('center_axis',(-1.,6.99259158684933E-16,0.));
#5482=DIRECTION('ref_axis',(6.99259158684933E-16,1.,0.));
#5483=DIRECTION('',(0.,0.,-1.));
#5484=DIRECTION('',(6.99259158684933E-16,1.,0.));
#5485=DIRECTION('',(0.,0.,-1.));
#5486=DIRECTION('center_axis',(-0.500000000000001,-0.866025403784438,0.));
#5487=DIRECTION('ref_axis',(-0.866025403784438,0.500000000000001,0.));
#5488=DIRECTION('',(0.,0.,-1.));
#5489=DIRECTION('',(-0.866025403784438,0.500000000000001,0.));
#5490=DIRECTION('center_axis',(-0.5,0.866025403784439,0.));
#5491=DIRECTION('ref_axis',(0.866025403784439,0.5,0.));
#5492=DIRECTION('',(0.,0.,-1.));
#5493=DIRECTION('',(0.866025403784439,0.5,0.));
#5494=DIRECTION('',(0.,0.,-1.));
#5495=DIRECTION('center_axis',(-1.,6.99259158684932E-16,0.));
#5496=DIRECTION('ref_axis',(6.99259158684932E-16,1.,0.));
#5497=DIRECTION('',(0.,0.,-1.));
#5498=DIRECTION('',(6.99259158684932E-16,1.,0.));
#5499=DIRECTION('center_axis',(-0.500000000000001,-0.866025403784438,0.));
#5500=DIRECTION('ref_axis',(-0.866025403784438,0.500000000000001,0.));
#5501=DIRECTION('',(0.,0.,-1.));
#5502=DIRECTION('',(-0.866025403784438,0.500000000000001,0.));
#5503=DIRECTION('center_axis',(-0.5,0.866025403784439,0.));
#5504=DIRECTION('ref_axis',(0.866025403784439,0.5,0.));
#5505=DIRECTION('',(0.,0.,-1.));
#5506=DIRECTION('',(0.866025403784439,0.5,0.));
#5507=DIRECTION('',(0.,0.,-1.));
#5508=DIRECTION('center_axis',(-1.,6.99259158684932E-16,0.));
#5509=DIRECTION('ref_axis',(6.99259158684932E-16,1.,0.));
#5510=DIRECTION('',(0.,0.,-1.));
#5511=DIRECTION('',(6.99259158684932E-16,1.,0.));
#5512=DIRECTION('center_axis',(-0.500000000000001,-0.866025403784438,0.));
#5513=DIRECTION('ref_axis',(-0.866025403784438,0.500000000000001,0.));
#5514=DIRECTION('',(-0.866025403784438,0.500000000000001,0.));
#5515=DIRECTION('',(0.,0.,-1.));
#5516=DIRECTION('',(-0.866025403784438,0.500000000000001,0.));
#5517=DIRECTION('center_axis',(-0.5,0.866025403784439,0.));
#5518=DIRECTION('ref_axis',(0.866025403784438,0.5,0.));
#5519=DIRECTION('',(0.,0.,-1.));
#5520=DIRECTION('',(0.866025403784439,0.5,0.));
#5521=DIRECTION('',(0.,0.,-1.));
#5522=DIRECTION('center_axis',(-1.,6.99259158684932E-16,0.));
#5523=DIRECTION('ref_axis',(6.99259158684932E-16,1.,0.));
#5524=DIRECTION('',(6.99259158684932E-16,1.,0.));
#5525=DIRECTION('',(0.,0.,-1.));
#5526=DIRECTION('',(6.99259158684932E-16,1.,0.));
#5527=DIRECTION('center_axis',(0.5,0.866025403784439,0.));
#5528=DIRECTION('ref_axis',(0.866025403784438,-0.5,0.));
#5529=DIRECTION('',(0.866025403784438,-0.5,0.));
#5530=DIRECTION('',(0.,0.,-1.));
#5531=DIRECTION('',(0.866025403784439,-0.5,0.));
#5532=DIRECTION('',(0.,0.,-1.));
#5533=DIRECTION('center_axis',(0.,0.,1.));
#5534=DIRECTION('ref_axis',(1.,0.,0.));
#5535=DIRECTION('',(0.,-1.,0.));
#5536=DIRECTION('center_axis',(0.,0.,1.));
#5537=DIRECTION('ref_axis',(1.,0.,0.));
#5538=DIRECTION('center_axis',(0.,0.,1.));
#5539=DIRECTION('ref_axis',(1.,0.,0.));
#5540=DIRECTION('',(0.866025403784438,-0.5,0.));
#5541=DIRECTION('',(-3.49629579342466E-16,-1.,0.));
#5542=DIRECTION('',(0.866025403784439,0.5,0.));
#5543=DIRECTION('',(-0.866025403784438,0.500000000000001,0.));
#5544=DIRECTION('',(6.99259158684932E-16,1.,0.));
#5545=DIRECTION('',(0.866025403784439,0.5,0.));
#5546=DIRECTION('',(0.866025403784438,-0.5,0.));
#5547=DIRECTION('',(0.,-1.,0.));
#5548=DIRECTION('',(-5.24444369013699E-16,-1.,0.));
#5549=DIRECTION('',(-0.866025403784439,-0.499999999999999,0.));
#5550=DIRECTION('',(0.,-1.,0.));
#5551=DIRECTION('',(-0.866025403784439,-0.499999999999999,0.));
#5552=DIRECTION('',(-0.866025403784438,0.500000000000001,0.));
#5553=DIRECTION('',(6.99259158684932E-16,1.,0.));
#5554=DIRECTION('',(0.866025403784439,0.5,0.));
#5555=DIRECTION('',(0.866025403784438,-0.5,0.));
#5556=DIRECTION('',(-5.24444369013699E-16,-1.,0.));
#5557=DIRECTION('',(-0.866025403784439,-0.499999999999999,0.));
#5558=DIRECTION('',(-0.866025403784438,0.500000000000001,0.));
#5559=DIRECTION('',(5.24444369013699E-16,1.,0.));
#5560=DIRECTION('',(0.866025403784439,0.5,0.));
#5561=DIRECTION('',(0.866025403784438,-0.5,0.));
#5562=DIRECTION('center_axis',(0.,0.,1.));
#5563=DIRECTION('ref_axis',(1.,0.,0.));
#5564=DIRECTION('',(0.866025403784438,-0.5,0.));
#5565=DIRECTION('',(-3.49629579342466E-16,-1.,0.));
#5566=DIRECTION('',(-0.866025403784439,-0.499999999999999,0.));
#5567=DIRECTION('',(-0.866025403784438,0.500000000000001,0.));
#5568=DIRECTION('',(5.24444369013699E-16,1.,0.));
#5569=DIRECTION('',(0.866025403784439,0.5,0.));
#5570=DIRECTION('',(0.866025403784438,-0.5,0.));
#5571=DIRECTION('',(-0.866025403784438,0.500000000000001,0.));
#5572=DIRECTION('',(6.99259158684933E-16,1.,0.));
#5573=DIRECTION('',(0.866025403784438,0.5,0.));
#5574=DIRECTION('',(-0.866025403784439,-0.499999999999999,0.));
#5575=DIRECTION('',(-0.866025403784438,0.500000000000001,0.));
#5576=DIRECTION('',(-5.24444369013699E-16,-1.,0.));
#5577=DIRECTION('',(-0.866025403784439,-0.499999999999999,0.));
#5578=DIRECTION('',(-0.866025403784438,0.500000000000001,0.));
#5579=DIRECTION('',(5.244443690137E-16,1.,0.));
#5580=DIRECTION('',(0.866025403784439,0.5,0.));
#5581=DIRECTION('',(0.866025403784438,-0.5,0.));
#5582=DIRECTION('',(-3.49629579342466E-16,-1.,0.));
#5583=DIRECTION('',(-0.866025403784439,-0.499999999999999,0.));
#5584=DIRECTION('',(-0.866025403784438,0.500000000000001,0.));
#5585=DIRECTION('',(6.99259158684932E-16,1.,0.));
#5586=DIRECTION('',(0.866025403784439,0.5,0.));
#5587=DIRECTION('',(0.866025403784438,-0.5,0.));
#5588=DIRECTION('center_axis',(-0.500000000000001,-0.866025403784438,0.));
#5589=DIRECTION('ref_axis',(-0.866025403784438,0.500000000000001,0.));
#5590=DIRECTION('',(0.,0.,-1.));
#5591=DIRECTION('',(-0.866025403784438,0.500000000000001,0.));
#5592=DIRECTION('',(0.,0.,-1.));
#5593=DIRECTION('center_axis',(-1.,-7.73413792435509E-15,0.));
#5594=DIRECTION('ref_axis',(7.73413792435509E-15,-1.,0.));
#5595=DIRECTION('',(0.,0.,1.));
#5596=DIRECTION('',(-7.73413792435509E-15,1.,0.));
#5597=DIRECTION('',(0.,0.,1.));
#5598=DIRECTION('center_axis',(0.,0.,1.));
#5599=DIRECTION('ref_axis',(-2.36604898217599E-15,1.,0.));
#5600=DIRECTION('',(0.,0.,1.));
#5601=DIRECTION('center_axis',(0.,0.,-1.));
#5602=DIRECTION('ref_axis',(-2.36604898217599E-15,1.,0.));
#5603=DIRECTION('center_axis',(0.,1.,0.));
#5604=DIRECTION('ref_axis',(-1.,0.,0.));
#5605=DIRECTION('',(0.,0.,1.));
#5606=DIRECTION('',(1.,0.,0.));
#5607=DIRECTION('center_axis',(0.,0.,1.));
#5608=DIRECTION('ref_axis',(1.,1.82003767859696E-16,0.));
#5609=DIRECTION('',(0.,0.,1.));
#5610=DIRECTION('center_axis',(0.,0.,-1.));
#5611=DIRECTION('ref_axis',(1.,1.82003767859696E-16,0.));
#5612=DIRECTION('center_axis',(0.,0.,1.));
#5613=DIRECTION('ref_axis',(1.,0.,0.));
#5614=DIRECTION('',(1.,7.77155943529721E-15,0.));
#5615=DIRECTION('',(0.,1.,0.));
#5616=DIRECTION('center_axis',(0.,0.,-1.));
#5617=DIRECTION('ref_axis',(-2.61228946970617E-15,1.,0.));
#5618=DIRECTION('',(1.,0.,0.));
#5619=DIRECTION('center_axis',(0.,0.,-1.));
#5620=DIRECTION('ref_axis',(1.,-2.17690789142186E-16,0.));
#5621=DIRECTION('',(0.,-1.,0.));
#5622=DIRECTION('center_axis',(0.,0.,-1.));
#5623=DIRECTION('ref_axis',(-6.9661052525504E-15,-1.,0.));
#5624=DIRECTION('',(-1.,0.,0.));
#5625=DIRECTION('center_axis',(0.,0.,-1.));
#5626=DIRECTION('ref_axis',(-1.,-2.39459868056402E-15,0.));
#5627=DIRECTION('',(0.,1.,0.));
#5628=DIRECTION('',(-1.,-7.77156377799591E-15,0.));
#5629=DIRECTION('center_axis',(-7.77155943529721E-15,1.,0.));
#5630=DIRECTION('ref_axis',(-1.,-7.77155943529721E-15,0.));
#5631=DIRECTION('',(-1.,-7.77155943529721E-15,0.));
#5632=DIRECTION('',(0.,0.,1.));
#5633=DIRECTION('center_axis',(0.,0.,1.));
#5634=DIRECTION('ref_axis',(-1.,0.,0.));
#5635=DIRECTION('center_axis',(0.,0.,1.));
#5636=DIRECTION('ref_axis',(-1.,0.,0.));
#5637=DIRECTION('center_axis',(0.,0.,-1.));
#5638=DIRECTION('ref_axis',(1.,0.,0.));
#5639=DIRECTION('center_axis',(0.,0.,1.));
#5640=DIRECTION('ref_axis',(-1.,0.,0.));
#5641=DIRECTION('center_axis',(0.,0.,1.));
#5642=DIRECTION('ref_axis',(-1.,0.,0.));
#5643=DIRECTION('',(0.,0.,1.));
#5644=DIRECTION('center_axis',(0.,0.,1.));
#5645=DIRECTION('ref_axis',(-1.,0.,0.));
#5646=DIRECTION('center_axis',(0.,0.,1.));
#5647=DIRECTION('ref_axis',(-1.,0.,0.));
#5648=DIRECTION('center_axis',(0.,0.,-1.));
#5649=DIRECTION('ref_axis',(1.,0.,0.));
#5650=DIRECTION('center_axis',(0.,0.,1.));
#5651=DIRECTION('ref_axis',(-1.,0.,0.));
#5652=DIRECTION('center_axis',(0.,0.,1.));
#5653=DIRECTION('ref_axis',(-1.,0.,0.));
#5654=DIRECTION('',(0.,0.,1.));
#5655=DIRECTION('center_axis',(0.,0.,1.));
#5656=DIRECTION('ref_axis',(-1.,0.,0.));
#5657=DIRECTION('center_axis',(0.,0.,1.));
#5658=DIRECTION('ref_axis',(-1.,0.,0.));
#5659=DIRECTION('center_axis',(0.,0.,-1.));
#5660=DIRECTION('ref_axis',(1.,0.,0.));
#5661=DIRECTION('center_axis',(0.,0.,1.));
#5662=DIRECTION('ref_axis',(-1.,0.,0.));
#5663=DIRECTION('center_axis',(0.,0.,1.));
#5664=DIRECTION('ref_axis',(-1.,0.,0.));
#5665=DIRECTION('',(0.,0.,1.));
#5666=DIRECTION('center_axis',(0.,0.,1.));
#5667=DIRECTION('ref_axis',(-1.,0.,0.));
#5668=DIRECTION('center_axis',(0.,0.,1.));
#5669=DIRECTION('ref_axis',(-1.,0.,0.));
#5670=DIRECTION('center_axis',(0.,0.,-1.));
#5671=DIRECTION('ref_axis',(1.,0.,0.));
#5672=DIRECTION('center_axis',(0.,0.,1.));
#5673=DIRECTION('ref_axis',(-1.,0.,0.));
#5674=DIRECTION('center_axis',(0.,0.,1.));
#5675=DIRECTION('ref_axis',(-1.,0.,0.));
#5676=DIRECTION('',(0.,0.,1.));
#5677=DIRECTION('center_axis',(1.,0.,0.));
#5678=DIRECTION('ref_axis',(0.,-1.,0.));
#5679=DIRECTION('',(0.,-1.,0.));
#5680=DIRECTION('',(0.,0.,-1.));
#5681=DIRECTION('',(0.,-1.,0.));
#5682=DIRECTION('',(0.,0.,-1.));
#5683=DIRECTION('center_axis',(0.5,0.866025403784439,0.));
#5684=DIRECTION('ref_axis',(0.866025403784438,-0.5,0.));
#5685=DIRECTION('',(0.866025403784439,-0.5,0.));
#5686=DIRECTION('',(0.866025403784438,-0.5,0.));
#5687=DIRECTION('center_axis',(-0.5,-0.866025403784439,0.));
#5688=DIRECTION('ref_axis',(-0.866025403784438,0.5,0.));
#5689=DIRECTION('',(-0.866025403784438,0.5,0.));
#5690=DIRECTION('',(0.,0.,-1.));
#5691=DIRECTION('',(-0.866025403784439,0.5,0.));
#5692=DIRECTION('center_axis',(0.5,-0.866025403784439,0.));
#5693=DIRECTION('ref_axis',(-0.866025403784439,-0.5,0.));
#5694=DIRECTION('',(-0.866025403784439,-0.5,0.));
#5695=DIRECTION('',(-0.866025403784439,-0.5,0.));
#5696=DIRECTION('center_axis',(0.,0.,1.));
#5697=DIRECTION('ref_axis',(1.,0.,0.));
#5698=DIRECTION('center_axis',(0.,0.,1.));
#5699=DIRECTION('ref_axis',(1.,0.,0.));
#5700=DIRECTION('center_axis',(1.,0.,0.));
#5701=DIRECTION('ref_axis',(0.,-1.,0.));
#5702=DIRECTION('',(0.,0.,-1.));
#5703=DIRECTION('',(0.,-1.,0.));
#5704=DIRECTION('',(0.,0.,-1.));
#5705=DIRECTION('center_axis',(0.5,0.866025403784439,0.));
#5706=DIRECTION('ref_axis',(0.866025403784438,-0.5,0.));
#5707=DIRECTION('',(0.,0.,-1.));
#5708=DIRECTION('',(0.866025403784439,-0.5,0.));
#5709=DIRECTION('center_axis',(-0.5,0.866025403784439,0.));
#5710=DIRECTION('ref_axis',(0.866025403784439,0.5,0.));
#5711=DIRECTION('',(0.866025403784439,0.5,0.));
#5712=DIRECTION('',(0.,0.,-1.));
#5713=DIRECTION('',(0.866025403784439,0.5,0.));
#5714=DIRECTION('center_axis',(-1.,0.,0.));
#5715=DIRECTION('ref_axis',(0.,1.,0.));
#5716=DIRECTION('',(0.,1.,0.));
#5717=DIRECTION('',(0.,0.,-1.));
#5718=DIRECTION('',(0.,1.,0.));
#5719=DIRECTION('center_axis',(-0.500000000000001,-0.866025403784438,0.));
#5720=DIRECTION('ref_axis',(-0.866025403784438,0.500000000000001,0.));
#5721=DIRECTION('',(-0.866025403784438,0.500000000000001,0.));
#5722=DIRECTION('',(0.,0.,-1.));
#5723=DIRECTION('',(-0.866025403784438,0.500000000000001,0.));
#5724=DIRECTION('center_axis',(0.5,-0.866025403784439,0.));
#5725=DIRECTION('ref_axis',(-0.866025403784439,-0.5,0.));
#5726=DIRECTION('',(-0.866025403784439,-0.5,0.));
#5727=DIRECTION('',(-0.866025403784439,-0.5,0.));
#5728=DIRECTION('center_axis',(0.,0.,1.));
#5729=DIRECTION('ref_axis',(1.,0.,0.));
#5730=DIRECTION('center_axis',(0.,0.,1.));
#5731=DIRECTION('ref_axis',(1.,0.,0.));
#5732=DIRECTION('center_axis',(1.,0.,0.));
#5733=DIRECTION('ref_axis',(0.,-1.,0.));
#5734=DIRECTION('',(0.,0.,-1.));
#5735=DIRECTION('',(0.,-1.,0.));
#5736=DIRECTION('',(0.,0.,-1.));
#5737=DIRECTION('center_axis',(0.5,0.866025403784439,0.));
#5738=DIRECTION('ref_axis',(0.866025403784438,-0.5,0.));
#5739=DIRECTION('',(0.,0.,-1.));
#5740=DIRECTION('',(0.866025403784439,-0.5,0.));
#5741=DIRECTION('center_axis',(-0.5,0.866025403784439,0.));
#5742=DIRECTION('ref_axis',(0.866025403784439,0.5,0.));
#5743=DIRECTION('',(0.,0.,-1.));
#5744=DIRECTION('',(0.866025403784439,0.5,0.));
#5745=DIRECTION('center_axis',(-1.,6.99259158684932E-16,0.));
#5746=DIRECTION('ref_axis',(6.99259158684932E-16,1.,0.));
#5747=DIRECTION('',(0.,0.,-1.));
#5748=DIRECTION('',(6.99259158684932E-16,1.,0.));
#5749=DIRECTION('center_axis',(-0.500000000000001,-0.866025403784438,0.));
#5750=DIRECTION('ref_axis',(-0.866025403784438,0.500000000000001,0.));
#5751=DIRECTION('',(0.,0.,-1.));
#5752=DIRECTION('',(-0.866025403784438,0.500000000000001,0.));
#5753=DIRECTION('center_axis',(0.499999999999999,-0.866025403784439,0.));
#5754=DIRECTION('ref_axis',(-0.866025403784439,-0.499999999999999,0.));
#5755=DIRECTION('',(-0.866025403784439,-0.499999999999999,0.));
#5756=DIRECTION('center_axis',(0.,0.,1.));
#5757=DIRECTION('ref_axis',(1.,0.,0.));
#5758=DIRECTION('center_axis',(0.,0.,1.));
#5759=DIRECTION('ref_axis',(1.,0.,0.));
#5760=DIRECTION('center_axis',(1.,-5.24444369013699E-16,0.));
#5761=DIRECTION('ref_axis',(-5.24444369013699E-16,-1.,0.));
#5762=DIRECTION('',(0.,0.,-1.));
#5763=DIRECTION('',(-5.24444369013699E-16,-1.,0.));
#5764=DIRECTION('',(0.,0.,-1.));
#5765=DIRECTION('center_axis',(0.5,0.866025403784439,0.));
#5766=DIRECTION('ref_axis',(0.866025403784438,-0.5,0.));
#5767=DIRECTION('',(0.,0.,-1.));
#5768=DIRECTION('',(0.866025403784439,-0.5,0.));
#5769=DIRECTION('center_axis',(-0.5,0.866025403784439,0.));
#5770=DIRECTION('ref_axis',(0.866025403784439,0.5,0.));
#5771=DIRECTION('',(0.,0.,-1.));
#5772=DIRECTION('',(0.866025403784439,0.5,0.));
#5773=DIRECTION('center_axis',(-1.,5.244443690137E-16,0.));
#5774=DIRECTION('ref_axis',(5.244443690137E-16,1.,0.));
#5775=DIRECTION('',(0.,0.,-1.));
#5776=DIRECTION('',(5.244443690137E-16,1.,0.));
#5777=DIRECTION('center_axis',(-0.500000000000001,-0.866025403784438,0.));
#5778=DIRECTION('ref_axis',(-0.866025403784438,0.500000000000001,0.));
#5779=DIRECTION('',(0.,0.,-1.));
#5780=DIRECTION('',(-0.866025403784438,0.500000000000001,0.));
#5781=DIRECTION('center_axis',(0.5,-0.866025403784439,0.));
#5782=DIRECTION('ref_axis',(-0.866025403784439,-0.499999999999999,0.));
#5783=DIRECTION('',(-0.866025403784439,-0.499999999999999,0.));
#5784=DIRECTION('center_axis',(0.,0.,1.));
#5785=DIRECTION('ref_axis',(1.,0.,0.));
#5786=DIRECTION('center_axis',(0.,0.,1.));
#5787=DIRECTION('ref_axis',(1.,0.,0.));
#5788=DIRECTION('center_axis',(1.,0.,0.));
#5789=DIRECTION('ref_axis',(0.,-1.,0.));
#5790=DIRECTION('',(0.,0.,-1.));
#5791=DIRECTION('',(0.,-1.,0.));
#5792=DIRECTION('',(0.,0.,-1.));
#5793=DIRECTION('center_axis',(0.5,0.866025403784439,0.));
#5794=DIRECTION('ref_axis',(0.866025403784438,-0.5,0.));
#5795=DIRECTION('',(0.866025403784438,-0.5,0.));
#5796=DIRECTION('',(0.,0.,-1.));
#5797=DIRECTION('',(0.866025403784439,-0.5,0.));
#5798=DIRECTION('center_axis',(-0.5,0.866025403784439,0.));
#5799=DIRECTION('ref_axis',(0.866025403784438,0.5,0.));
#5800=DIRECTION('',(0.866025403784438,0.5,0.));
#5801=DIRECTION('',(0.,0.,-1.));
#5802=DIRECTION('',(0.866025403784439,0.5,0.));
#5803=DIRECTION('center_axis',(-1.,0.,0.));
#5804=DIRECTION('ref_axis',(0.,1.,0.));
#5805=DIRECTION('',(0.,1.,0.));
#5806=DIRECTION('',(0.,0.,-1.));
#5807=DIRECTION('',(0.,1.,0.));
#5808=DIRECTION('center_axis',(-0.500000000000001,-0.866025403784438,0.));
#5809=DIRECTION('ref_axis',(-0.866025403784438,0.500000000000001,0.));
#5810=DIRECTION('',(-0.866025403784438,0.500000000000001,0.));
#5811=DIRECTION('',(0.,0.,-1.));
#5812=DIRECTION('',(-0.866025403784438,0.500000000000001,0.));
#5813=DIRECTION('center_axis',(0.5,-0.866025403784439,0.));
#5814=DIRECTION('ref_axis',(-0.866025403784439,-0.5,0.));
#5815=DIRECTION('',(-0.866025403784439,-0.5,0.));
#5816=DIRECTION('center_axis',(0.,0.,1.));
#5817=DIRECTION('ref_axis',(1.,0.,0.));
#5818=DIRECTION('center_axis',(0.,0.,1.));
#5819=DIRECTION('ref_axis',(1.,0.,0.));
#5820=DIRECTION('center_axis',(1.,-3.49629579342466E-16,0.));
#5821=DIRECTION('ref_axis',(-3.49629579342466E-16,-1.,0.));
#5822=DIRECTION('',(0.,0.,-1.));
#5823=DIRECTION('',(-3.49629579342466E-16,-1.,0.));
#5824=DIRECTION('',(0.,0.,-1.));
#5825=DIRECTION('center_axis',(0.5,0.866025403784439,0.));
#5826=DIRECTION('ref_axis',(0.866025403784438,-0.5,0.));
#5827=DIRECTION('',(0.866025403784439,-0.5,0.));
#5828=DIRECTION('center_axis',(-0.500000000000001,-0.866025403784438,0.));
#5829=DIRECTION('ref_axis',(-0.866025403784438,0.500000000000001,0.));
#5830=DIRECTION('',(0.,0.,-1.));
#5831=DIRECTION('',(-0.866025403784438,0.500000000000001,0.));
#5832=DIRECTION('center_axis',(0.499999999999999,-0.866025403784439,0.));
#5833=DIRECTION('ref_axis',(-0.866025403784439,-0.499999999999999,0.));
#5834=DIRECTION('',(-0.866025403784439,-0.499999999999999,0.));
#5835=DIRECTION('center_axis',(0.,0.,1.));
#5836=DIRECTION('ref_axis',(1.,0.,0.));
#5837=DIRECTION('center_axis',(0.,0.,1.));
#5838=DIRECTION('ref_axis',(1.,0.,0.));
#5839=DIRECTION('center_axis',(1.,0.,0.));
#5840=DIRECTION('ref_axis',(0.,-1.,0.));
#5841=DIRECTION('',(0.,-1.,0.));
#5842=DIRECTION('',(0.,0.,-1.));
#5843=DIRECTION('',(0.,-1.,0.));
#5844=DIRECTION('center_axis',(0.5,0.866025403784439,0.));
#5845=DIRECTION('ref_axis',(0.866025403784438,-0.5,0.));
#5846=DIRECTION('',(0.866025403784438,-0.5,0.));
#5847=DIRECTION('',(0.,0.,-1.));
#5848=DIRECTION('',(0.866025403784439,-0.5,0.));
#5849=DIRECTION('center_axis',(-0.5,0.866025403784439,0.));
#5850=DIRECTION('ref_axis',(0.866025403784438,0.5,0.));
#5851=DIRECTION('',(0.866025403784438,0.5,0.));
#5852=DIRECTION('',(0.,0.,-1.));
#5853=DIRECTION('',(0.866025403784439,0.5,0.));
#5854=DIRECTION('center_axis',(-1.,6.99259158684933E-16,0.));
#5855=DIRECTION('ref_axis',(6.99259158684933E-16,1.,0.));
#5856=DIRECTION('',(6.99259158684933E-16,1.,0.));
#5857=DIRECTION('',(6.99259158684933E-16,1.,0.));
#5858=DIRECTION('center_axis',(0.,0.,1.));
#5859=DIRECTION('ref_axis',(1.,0.,0.));
#5860=DIRECTION('center_axis',(0.,0.,1.));
#5861=DIRECTION('ref_axis',(1.,0.,0.));
#5862=DIRECTION('center_axis',(1.,0.,0.));
#5863=DIRECTION('ref_axis',(0.,-1.,0.));
#5864=DIRECTION('',(0.,-1.,0.));
#5865=DIRECTION('',(0.,0.,-1.));
#5866=DIRECTION('',(0.,-1.,0.));
#5867=DIRECTION('',(0.,0.,-1.));
#5868=DIRECTION('center_axis',(0.5,0.866025403784439,0.));
#5869=DIRECTION('ref_axis',(0.866025403784438,-0.5,0.));
#5870=DIRECTION('',(0.866025403784438,-0.5,0.));
#5871=DIRECTION('',(0.866025403784439,-0.5,0.));
#5872=DIRECTION('center_axis',(0.499999999999999,-0.866025403784439,0.));
#5873=DIRECTION('ref_axis',(-0.866025403784439,-0.499999999999999,0.));
#5874=DIRECTION('',(-0.866025403784439,-0.499999999999999,0.));
#5875=DIRECTION('',(-0.866025403784439,-0.499999999999999,0.));
#5876=DIRECTION('center_axis',(0.,0.,1.));
#5877=DIRECTION('ref_axis',(1.,0.,0.));
#5878=DIRECTION('center_axis',(0.,0.,1.));
#5879=DIRECTION('ref_axis',(1.,0.,0.));
#5880=DIRECTION('center_axis',(1.,0.,0.));
#5881=DIRECTION('ref_axis',(0.,-1.,0.));
#5882=DIRECTION('',(0.,0.,-1.));
#5883=DIRECTION('',(0.,-1.,0.));
#5884=DIRECTION('',(0.,0.,-1.));
#5885=DIRECTION('center_axis',(0.5,0.866025403784439,0.));
#5886=DIRECTION('ref_axis',(0.866025403784438,-0.5,0.));
#5887=DIRECTION('',(0.,0.,-1.));
#5888=DIRECTION('',(0.866025403784439,-0.5,0.));
#5889=DIRECTION('center_axis',(-0.5,0.866025403784439,0.));
#5890=DIRECTION('ref_axis',(0.866025403784439,0.5,0.));
#5891=DIRECTION('',(0.866025403784439,0.5,0.));
#5892=DIRECTION('',(0.,0.,-1.));
#5893=DIRECTION('',(0.866025403784439,0.5,0.));
#5894=DIRECTION('center_axis',(-1.,0.,0.));
#5895=DIRECTION('ref_axis',(0.,1.,0.));
#5896=DIRECTION('',(0.,1.,0.));
#5897=DIRECTION('',(0.,0.,-1.));
#5898=DIRECTION('',(0.,1.,0.));
#5899=DIRECTION('center_axis',(-0.500000000000001,-0.866025403784438,0.));
#5900=DIRECTION('ref_axis',(-0.866025403784438,0.500000000000001,0.));
#5901=DIRECTION('',(-0.866025403784438,0.500000000000001,0.));
#5902=DIRECTION('',(0.,0.,-1.));
#5903=DIRECTION('',(-0.866025403784438,0.500000000000001,0.));
#5904=DIRECTION('center_axis',(0.5,-0.866025403784439,0.));
#5905=DIRECTION('ref_axis',(-0.866025403784439,-0.5,0.));
#5906=DIRECTION('',(-0.866025403784439,-0.5,0.));
#5907=DIRECTION('center_axis',(0.,0.,1.));
#5908=DIRECTION('ref_axis',(1.,0.,0.));
#5909=DIRECTION('center_axis',(0.,0.,1.));
#5910=DIRECTION('ref_axis',(1.,0.,0.));
#5911=DIRECTION('center_axis',(1.,0.,0.));
#5912=DIRECTION('ref_axis',(0.,-1.,0.));
#5913=DIRECTION('',(0.,-1.,0.));
#5914=DIRECTION('',(0.,0.,-1.));
#5915=DIRECTION('',(0.,-1.,0.));
#5916=DIRECTION('',(0.,0.,-1.));
#5917=DIRECTION('center_axis',(0.5,0.866025403784439,0.));
#5918=DIRECTION('ref_axis',(0.866025403784438,-0.5,0.));
#5919=DIRECTION('',(0.866025403784438,-0.5,0.));
#5920=DIRECTION('',(0.866025403784439,-0.5,0.));
#5921=DIRECTION('center_axis',(0.499999999999999,-0.866025403784439,0.));
#5922=DIRECTION('ref_axis',(-0.866025403784439,-0.499999999999999,0.));
#5923=DIRECTION('',(-0.866025403784439,-0.499999999999999,0.));
#5924=DIRECTION('',(-0.866025403784439,-0.499999999999999,0.));
#5925=DIRECTION('center_axis',(0.,0.,1.));
#5926=DIRECTION('ref_axis',(1.,0.,0.));
#5927=DIRECTION('center_axis',(0.,0.,1.));
#5928=DIRECTION('ref_axis',(1.,0.,0.));
#5929=DIRECTION('center_axis',(1.,-5.24444369013699E-16,0.));
#5930=DIRECTION('ref_axis',(-5.24444369013699E-16,-1.,0.));
#5931=DIRECTION('',(-5.24444369013699E-16,-1.,0.));
#5932=DIRECTION('',(0.,0.,-1.));
#5933=DIRECTION('',(-5.24444369013699E-16,-1.,0.));
#5934=DIRECTION('center_axis',(-0.5,0.866025403784439,0.));
#5935=DIRECTION('ref_axis',(0.866025403784439,0.5,0.));
#5936=DIRECTION('',(0.866025403784439,0.5,0.));
#5937=DIRECTION('center_axis',(-0.5,-0.866025403784439,0.));
#5938=DIRECTION('ref_axis',(-0.866025403784438,0.5,0.));
#5939=DIRECTION('',(-0.866025403784438,0.5,0.));
#5940=DIRECTION('',(0.,0.,-1.));
#5941=DIRECTION('',(-0.866025403784439,0.5,0.));
#5942=DIRECTION('center_axis',(0.5,-0.866025403784439,0.));
#5943=DIRECTION('ref_axis',(-0.866025403784439,-0.5,0.));
#5944=DIRECTION('',(-0.866025403784439,-0.5,0.));
#5945=DIRECTION('',(-0.866025403784439,-0.5,0.));
#5946=DIRECTION('center_axis',(0.,0.,1.));
#5947=DIRECTION('ref_axis',(1.,0.,0.));
#5948=DIRECTION('center_axis',(0.,0.,1.));
#5949=DIRECTION('ref_axis',(1.,0.,0.));
#5950=DIRECTION('center_axis',(1.,-5.24444369013699E-16,0.));
#5951=DIRECTION('ref_axis',(-5.24444369013699E-16,-1.,0.));
#5952=DIRECTION('',(0.,0.,-1.));
#5953=DIRECTION('',(-5.24444369013699E-16,-1.,0.));
#5954=DIRECTION('',(0.,0.,-1.));
#5955=DIRECTION('center_axis',(0.5,0.866025403784439,0.));
#5956=DIRECTION('ref_axis',(0.866025403784438,-0.5,0.));
#5957=DIRECTION('',(0.,0.,-1.));
#5958=DIRECTION('',(0.866025403784439,-0.5,0.));
#5959=DIRECTION('center_axis',(-0.5,0.866025403784439,0.));
#5960=DIRECTION('ref_axis',(0.866025403784439,0.5,0.));
#5961=DIRECTION('',(0.,0.,-1.));
#5962=DIRECTION('',(0.866025403784439,0.5,0.));
#5963=DIRECTION('center_axis',(-1.,5.24444369013699E-16,0.));
#5964=DIRECTION('ref_axis',(5.24444369013699E-16,1.,0.));
#5965=DIRECTION('',(0.,0.,-1.));
#5966=DIRECTION('',(5.24444369013699E-16,1.,0.));
#5967=DIRECTION('center_axis',(-0.500000000000001,-0.866025403784438,0.));
#5968=DIRECTION('ref_axis',(-0.866025403784438,0.500000000000001,0.));
#5969=DIRECTION('',(0.,0.,-1.));
#5970=DIRECTION('',(-0.866025403784438,0.500000000000001,0.));
#5971=DIRECTION('center_axis',(0.5,-0.866025403784439,0.));
#5972=DIRECTION('ref_axis',(-0.866025403784439,-0.499999999999999,0.));
#5973=DIRECTION('',(-0.866025403784439,-0.499999999999999,0.));
#5974=DIRECTION('center_axis',(0.,0.,1.));
#5975=DIRECTION('ref_axis',(1.,0.,0.));
#5976=DIRECTION('center_axis',(0.,0.,1.));
#5977=DIRECTION('ref_axis',(1.,0.,0.));
#5978=DIRECTION('center_axis',(0.5,0.866025403784439,0.));
#5979=DIRECTION('ref_axis',(0.866025403784438,-0.5,0.));
#5980=DIRECTION('',(0.,0.,-1.));
#5981=DIRECTION('',(0.866025403784439,-0.5,0.));
#5982=DIRECTION('',(0.,0.,-1.));
#5983=DIRECTION('center_axis',(-0.5,0.866025403784439,0.));
#5984=DIRECTION('ref_axis',(0.866025403784439,0.5,0.));
#5985=DIRECTION('',(0.,0.,-1.));
#5986=DIRECTION('',(0.866025403784439,0.5,0.));
#5987=DIRECTION('center_axis',(-1.,5.24444369013699E-16,0.));
#5988=DIRECTION('ref_axis',(5.24444369013699E-16,1.,0.));
#5989=DIRECTION('',(5.24444369013699E-16,1.,0.));
#5990=DIRECTION('center_axis',(0.499999999999999,-0.866025403784439,0.));
#5991=DIRECTION('ref_axis',(-0.866025403784439,-0.499999999999999,0.));
#5992=DIRECTION('',(0.,0.,-1.));
#5993=DIRECTION('',(-0.866025403784439,-0.499999999999999,0.));
#5994=DIRECTION('center_axis',(1.,-5.24444369013699E-16,0.));
#5995=DIRECTION('ref_axis',(-5.24444369013699E-16,-1.,0.));
#5996=DIRECTION('',(-5.24444369013699E-16,-1.,0.));
#5997=DIRECTION('center_axis',(0.,0.,1.));
#5998=DIRECTION('ref_axis',(1.,0.,0.));
#5999=DIRECTION('center_axis',(0.,0.,1.));
#6000=DIRECTION('ref_axis',(1.,0.,0.));
#6001=DIRECTION('center_axis',(1.,0.,0.));
#6002=DIRECTION('ref_axis',(0.,-1.,0.));
#6003=DIRECTION('',(0.,0.,-1.));
#6004=DIRECTION('',(0.,-1.,0.));
#6005=DIRECTION('',(0.,0.,-1.));
#6006=DIRECTION('center_axis',(0.5,0.866025403784439,0.));
#6007=DIRECTION('ref_axis',(0.866025403784438,-0.5,0.));
#6008=DIRECTION('',(0.,0.,-1.));
#6009=DIRECTION('',(0.866025403784439,-0.5,0.));
#6010=DIRECTION('center_axis',(-0.5,0.866025403784439,0.));
#6011=DIRECTION('ref_axis',(0.866025403784438,0.5,0.));
#6012=DIRECTION('',(0.,0.,-1.));
#6013=DIRECTION('',(0.866025403784439,0.5,0.));
#6014=DIRECTION('center_axis',(-1.,6.99259158684933E-16,0.));
#6015=DIRECTION('ref_axis',(6.99259158684933E-16,1.,0.));
#6016=DIRECTION('',(0.,0.,-1.));
#6017=DIRECTION('',(6.99259158684933E-16,1.,0.));
#6018=DIRECTION('center_axis',(-0.500000000000001,-0.866025403784438,0.));
#6019=DIRECTION('ref_axis',(-0.866025403784438,0.500000000000001,0.));
#6020=DIRECTION('',(0.,0.,-1.));
#6021=DIRECTION('',(-0.866025403784438,0.500000000000001,0.));
#6022=DIRECTION('center_axis',(0.499999999999999,-0.866025403784439,0.));
#6023=DIRECTION('ref_axis',(-0.866025403784439,-0.499999999999999,0.));
#6024=DIRECTION('',(-0.866025403784439,-0.499999999999999,0.));
#6025=DIRECTION('center_axis',(0.,0.,1.));
#6026=DIRECTION('ref_axis',(1.,0.,0.));
#6027=DIRECTION('center_axis',(0.,0.,1.));
#6028=DIRECTION('ref_axis',(1.,0.,0.));
#6029=DIRECTION('center_axis',(1.,-3.49629579342466E-16,0.));
#6030=DIRECTION('ref_axis',(-3.49629579342466E-16,-1.,0.));
#6031=DIRECTION('',(-3.49629579342466E-16,-1.,0.));
#6032=DIRECTION('',(0.,0.,-1.));
#6033=DIRECTION('',(-3.49629579342466E-16,-1.,0.));
#6034=DIRECTION('',(0.,0.,-1.));
#6035=DIRECTION('center_axis',(0.5,0.866025403784439,0.));
#6036=DIRECTION('ref_axis',(0.866025403784438,-0.5,0.));
#6037=DIRECTION('',(0.866025403784438,-0.5,0.));
#6038=DIRECTION('',(0.,0.,-1.));
#6039=DIRECTION('',(0.866025403784439,-0.5,0.));
#6040=DIRECTION('center_axis',(-0.5,0.866025403784439,0.));
#6041=DIRECTION('ref_axis',(0.866025403784439,0.5,0.));
#6042=DIRECTION('',(0.866025403784439,0.5,0.));
#6043=DIRECTION('',(0.,0.,-1.));
#6044=DIRECTION('',(0.866025403784439,0.5,0.));
#6045=DIRECTION('center_axis',(-1.,6.99259158684933E-16,0.));
#6046=DIRECTION('ref_axis',(6.99259158684933E-16,1.,0.));
#6047=DIRECTION('',(6.99259158684933E-16,1.,0.));
#6048=DIRECTION('',(0.,0.,-1.));
#6049=DIRECTION('',(6.99259158684933E-16,1.,0.));
#6050=DIRECTION('center_axis',(-0.500000000000001,-0.866025403784438,0.));
#6051=DIRECTION('ref_axis',(-0.866025403784438,0.500000000000001,0.));
#6052=DIRECTION('',(0.,0.,-1.));
#6053=DIRECTION('',(-0.866025403784438,0.500000000000001,0.));
#6054=DIRECTION('',(-0.866025403784438,0.500000000000001,0.));
#6055=DIRECTION('center_axis',(0.499999999999999,-0.866025403784439,0.));
#6056=DIRECTION('ref_axis',(-0.866025403784439,-0.499999999999999,0.));
#6057=DIRECTION('',(-0.866025403784439,-0.499999999999999,0.));
#6058=DIRECTION('center_axis',(0.,0.,1.));
#6059=DIRECTION('ref_axis',(1.,0.,0.));
#6060=DIRECTION('center_axis',(0.,0.,1.));
#6061=DIRECTION('ref_axis',(1.,0.,0.));
#6062=DIRECTION('center_axis',(1.,-3.49629579342466E-16,0.));
#6063=DIRECTION('ref_axis',(-3.49629579342466E-16,-1.,0.));
#6064=DIRECTION('',(0.,0.,-1.));
#6065=DIRECTION('',(-3.49629579342466E-16,-1.,0.));
#6066=DIRECTION('',(0.,0.,-1.));
#6067=DIRECTION('center_axis',(0.5,0.866025403784439,0.));
#6068=DIRECTION('ref_axis',(0.866025403784438,-0.5,0.));
#6069=DIRECTION('',(0.,0.,-1.));
#6070=DIRECTION('',(0.866025403784439,-0.5,0.));
#6071=DIRECTION('center_axis',(-0.5,0.866025403784439,0.));
#6072=DIRECTION('ref_axis',(0.866025403784439,0.5,0.));
#6073=DIRECTION('',(0.,0.,-1.));
#6074=DIRECTION('',(0.866025403784439,0.5,0.));
#6075=DIRECTION('center_axis',(-1.,6.99259158684932E-16,0.));
#6076=DIRECTION('ref_axis',(6.99259158684932E-16,1.,0.));
#6077=DIRECTION('',(0.,0.,-1.));
#6078=DIRECTION('',(6.99259158684932E-16,1.,0.));
#6079=DIRECTION('center_axis',(-0.500000000000001,-0.866025403784438,0.));
#6080=DIRECTION('ref_axis',(-0.866025403784438,0.500000000000001,0.));
#6081=DIRECTION('',(0.,0.,-1.));
#6082=DIRECTION('',(-0.866025403784438,0.500000000000001,0.));
#6083=DIRECTION('center_axis',(0.499999999999999,-0.866025403784439,0.));
#6084=DIRECTION('ref_axis',(-0.866025403784439,-0.499999999999999,0.));
#6085=DIRECTION('',(-0.866025403784439,-0.499999999999999,0.));
#6086=DIRECTION('center_axis',(0.,0.,1.));
#6087=DIRECTION('ref_axis',(1.,0.,0.));
#6088=DIRECTION('center_axis',(0.,0.,1.));
#6089=DIRECTION('ref_axis',(1.,0.,0.));
#6090=DIRECTION('center_axis',(1.,-5.24444369013699E-16,0.));
#6091=DIRECTION('ref_axis',(-5.24444369013699E-16,-1.,0.));
#6092=DIRECTION('',(-5.24444369013699E-16,-1.,0.));
#6093=DIRECTION('',(0.,0.,-1.));
#6094=DIRECTION('',(-5.24444369013699E-16,-1.,0.));
#6095=DIRECTION('',(0.,0.,-1.));
#6096=DIRECTION('center_axis',(0.5,0.866025403784439,0.));
#6097=DIRECTION('ref_axis',(0.866025403784438,-0.5,0.));
#6098=DIRECTION('',(0.866025403784438,-0.5,0.));
#6099=DIRECTION('',(0.,0.,-1.));
#6100=DIRECTION('',(0.866025403784439,-0.5,0.));
#6101=DIRECTION('center_axis',(-0.5,0.866025403784439,0.));
#6102=DIRECTION('ref_axis',(0.866025403784439,0.5,0.));
#6103=DIRECTION('',(0.866025403784439,0.5,0.));
#6104=DIRECTION('',(0.,0.,-1.));
#6105=DIRECTION('',(0.866025403784439,0.5,0.));
#6106=DIRECTION('center_axis',(-1.,5.244443690137E-16,0.));
#6107=DIRECTION('ref_axis',(5.244443690137E-16,1.,0.));
#6108=DIRECTION('',(0.,0.,-1.));
#6109=DIRECTION('',(5.244443690137E-16,1.,0.));
#6110=DIRECTION('',(5.244443690137E-16,1.,0.));
#6111=DIRECTION('center_axis',(-0.500000000000001,-0.866025403784438,0.));
#6112=DIRECTION('ref_axis',(-0.866025403784438,0.500000000000001,0.));
#6113=DIRECTION('',(0.,0.,-1.));
#6114=DIRECTION('',(-0.866025403784438,0.500000000000001,0.));
#6115=DIRECTION('center_axis',(0.5,-0.866025403784439,0.));
#6116=DIRECTION('ref_axis',(-0.866025403784439,-0.499999999999999,0.));
#6117=DIRECTION('',(-0.866025403784439,-0.499999999999999,0.));
#6118=DIRECTION('center_axis',(0.,0.,1.));
#6119=DIRECTION('ref_axis',(1.,0.,0.));
#6120=DIRECTION('center_axis',(0.,0.,1.));
#6121=DIRECTION('ref_axis',(1.,0.,0.));
#6122=DIRECTION('center_axis',(1.,0.,0.));
#6123=DIRECTION('ref_axis',(0.,-1.,0.));
#6124=DIRECTION('',(0.,-1.,0.));
#6125=DIRECTION('',(0.,0.,-1.));
#6126=DIRECTION('',(0.,-1.,0.));
#6127=DIRECTION('',(0.,0.,-1.));
#6128=DIRECTION('center_axis',(0.5,0.866025403784439,0.));
#6129=DIRECTION('ref_axis',(0.866025403784438,-0.5,0.));
#6130=DIRECTION('',(0.866025403784438,-0.5,0.));
#6131=DIRECTION('',(0.,0.,-1.));
#6132=DIRECTION('',(0.866025403784439,-0.5,0.));
#6133=DIRECTION('center_axis',(-0.5,0.866025403784439,0.));
#6134=DIRECTION('ref_axis',(0.866025403784438,0.5,0.));
#6135=DIRECTION('',(0.866025403784439,0.5,0.));
#6136=DIRECTION('',(0.866025403784438,0.5,0.));
#6137=DIRECTION('center_axis',(0.499999999999999,-0.866025403784439,0.));
#6138=DIRECTION('ref_axis',(-0.866025403784439,-0.499999999999999,0.));
#6139=DIRECTION('',(-0.866025403784439,-0.499999999999999,0.));
#6140=DIRECTION('',(-0.866025403784439,-0.499999999999999,0.));
#6141=DIRECTION('center_axis',(0.,0.,1.));
#6142=DIRECTION('ref_axis',(1.,0.,0.));
#6143=DIRECTION('center_axis',(0.,0.,1.));
#6144=DIRECTION('ref_axis',(1.,0.,0.));
#6145=DIRECTION('center_axis',(1.,-3.49629579342466E-16,0.));
#6146=DIRECTION('ref_axis',(-3.49629579342466E-16,-1.,0.));
#6147=DIRECTION('',(0.,0.,-1.));
#6148=DIRECTION('',(-3.49629579342466E-16,-1.,0.));
#6149=DIRECTION('center_axis',(0.5,0.866025403784439,0.));
#6150=DIRECTION('ref_axis',(0.866025403784438,-0.5,0.));
#6151=DIRECTION('',(0.866025403784439,-0.5,0.));
#6152=DIRECTION('center_axis',(0.,0.,1.));
#6153=DIRECTION('ref_axis',(1.,0.,0.));
#6154=DIRECTION('center_axis',(0.,0.,1.));
#6155=DIRECTION('ref_axis',(1.,0.,0.));
#6156=DIRECTION('center_axis',(1.,0.,0.));
#6157=DIRECTION('ref_axis',(0.,-1.,0.));
#6158=DIRECTION('',(0.,0.,-1.));
#6159=DIRECTION('',(0.,-1.,0.));
#6160=DIRECTION('',(0.,0.,-1.));
#6161=DIRECTION('center_axis',(0.5,0.866025403784439,0.));
#6162=DIRECTION('ref_axis',(0.866025403784438,-0.5,0.));
#6163=DIRECTION('',(0.,0.,-1.));
#6164=DIRECTION('',(0.866025403784439,-0.5,0.));
#6165=DIRECTION('center_axis',(-0.5,0.866025403784439,0.));
#6166=DIRECTION('ref_axis',(0.866025403784439,0.5,0.));
#6167=DIRECTION('',(0.,0.,-1.));
#6168=DIRECTION('',(0.866025403784439,0.5,0.));
#6169=DIRECTION('center_axis',(-1.,6.99259158684932E-16,0.));
#6170=DIRECTION('ref_axis',(6.99259158684932E-16,1.,0.));
#6171=DIRECTION('',(6.99259158684932E-16,1.,0.));
#6172=DIRECTION('center_axis',(0.499999999999999,-0.866025403784439,0.));
#6173=DIRECTION('ref_axis',(-0.866025403784439,-0.499999999999999,0.));
#6174=DIRECTION('',(-0.866025403784439,-0.499999999999999,0.));
#6175=DIRECTION('center_axis',(0.,0.,1.));
#6176=DIRECTION('ref_axis',(1.,0.,0.));
#6177=DIRECTION('center_axis',(0.,0.,1.));
#6178=DIRECTION('ref_axis',(1.,0.,0.));
#6179=DIRECTION('center_axis',(0.5,0.866025403784439,0.));
#6180=DIRECTION('ref_axis',(0.866025403784438,-0.5,0.));
#6181=DIRECTION('',(0.,0.,-1.));
#6182=DIRECTION('',(0.866025403784439,-0.5,0.));
#6183=DIRECTION('center_axis',(-0.5,0.866025403784439,0.));
#6184=DIRECTION('ref_axis',(0.866025403784439,0.5,0.));
#6185=DIRECTION('',(0.866025403784439,0.5,0.));
#6186=DIRECTION('',(0.,0.,-1.));
#6187=DIRECTION('',(0.866025403784439,0.5,0.));
#6188=DIRECTION('center_axis',(-1.,6.99259158684932E-16,0.));
#6189=DIRECTION('ref_axis',(6.99259158684932E-16,1.,0.));
#6190=DIRECTION('',(6.99259158684932E-16,1.,0.));
#6191=DIRECTION('',(0.,0.,-1.));
#6192=DIRECTION('',(6.99259158684932E-16,1.,0.));
#6193=DIRECTION('center_axis',(-0.5,-0.866025403784439,0.));
#6194=DIRECTION('ref_axis',(-0.866025403784438,0.5,0.));
#6195=DIRECTION('',(-0.866025403784438,0.5,0.));
#6196=DIRECTION('',(0.,0.,-1.));
#6197=DIRECTION('',(-0.866025403784439,0.5,0.));
#6198=DIRECTION('center_axis',(0.5,-0.866025403784439,0.));
#6199=DIRECTION('ref_axis',(-0.866025403784439,-0.5,0.));
#6200=DIRECTION('',(-0.866025403784439,-0.5,0.));
#6201=DIRECTION('',(-0.866025403784439,-0.5,0.));
#6202=DIRECTION('center_axis',(0.,0.,1.));
#6203=DIRECTION('ref_axis',(1.,0.,0.));
#6204=DIRECTION('center_axis',(0.,0.,1.));
#6205=DIRECTION('ref_axis',(1.,0.,0.));
#6206=DIRECTION('center_axis',(0.,0.,-1.));
#6207=DIRECTION('ref_axis',(1.,0.,0.));
#6208=DIRECTION('',(0.,0.,-1.));
#6209=DIRECTION('center_axis',(0.,0.,1.));
#6210=DIRECTION('ref_axis',(1.,0.,0.));
#6211=DIRECTION('center_axis',(0.,0.,-1.));
#6212=DIRECTION('ref_axis',(1.,0.,0.));
#6213=DIRECTION('',(0.,0.,-1.));
#6214=DIRECTION('center_axis',(0.,0.,1.));
#6215=DIRECTION('ref_axis',(1.,0.,0.));
#6216=DIRECTION('center_axis',(0.,0.,-1.));
#6217=DIRECTION('ref_axis',(1.,0.,0.));
#6218=DIRECTION('',(0.,0.,-1.));
#6219=DIRECTION('center_axis',(0.,0.,1.));
#6220=DIRECTION('ref_axis',(1.,0.,0.));
#6221=DIRECTION('center_axis',(0.,0.,-1.));
#6222=DIRECTION('ref_axis',(1.,0.,0.));
#6223=DIRECTION('',(0.,0.,-1.));
#6224=DIRECTION('center_axis',(0.,0.,1.));
#6225=DIRECTION('ref_axis',(1.,0.,0.));
#6226=DIRECTION('center_axis',(0.,0.,-1.));
#6227=DIRECTION('ref_axis',(1.,0.,0.));
#6228=DIRECTION('',(0.,0.,-1.));
#6229=DIRECTION('center_axis',(0.,0.,1.));
#6230=DIRECTION('ref_axis',(1.,0.,0.));
#6231=DIRECTION('center_axis',(0.,0.,-1.));
#6232=DIRECTION('ref_axis',(1.,0.,0.));
#6233=DIRECTION('',(0.,0.,-1.));
#6234=DIRECTION('center_axis',(0.,0.,1.));
#6235=DIRECTION('ref_axis',(1.,0.,0.));
#6236=DIRECTION('center_axis',(0.,0.,-1.));
#6237=DIRECTION('ref_axis',(1.,0.,0.));
#6238=DIRECTION('',(0.,0.,-1.));
#6239=DIRECTION('center_axis',(0.,0.,1.));
#6240=DIRECTION('ref_axis',(1.,0.,0.));
#6241=DIRECTION('center_axis',(0.,0.,-1.));
#6242=DIRECTION('ref_axis',(1.,0.,0.));
#6243=DIRECTION('',(0.,0.,-1.));
#6244=DIRECTION('center_axis',(0.,0.,1.));
#6245=DIRECTION('ref_axis',(1.,0.,0.));
#6246=DIRECTION('center_axis',(0.,0.,-1.));
#6247=DIRECTION('ref_axis',(1.,0.,0.));
#6248=DIRECTION('',(0.,0.,-1.));
#6249=DIRECTION('center_axis',(0.,0.,1.));
#6250=DIRECTION('ref_axis',(1.,0.,0.));
#6251=DIRECTION('center_axis',(0.,0.,-1.));
#6252=DIRECTION('ref_axis',(1.,0.,0.));
#6253=DIRECTION('',(0.,0.,-1.));
#6254=DIRECTION('center_axis',(0.,0.,1.));
#6255=DIRECTION('ref_axis',(1.,0.,0.));
#6256=DIRECTION('center_axis',(0.,0.,-1.));
#6257=DIRECTION('ref_axis',(1.,0.,0.));
#6258=DIRECTION('',(0.,0.,-1.));
#6259=DIRECTION('center_axis',(0.,0.,1.));
#6260=DIRECTION('ref_axis',(1.,0.,0.));
#6261=DIRECTION('center_axis',(0.,0.,-1.));
#6262=DIRECTION('ref_axis',(1.,0.,0.));
#6263=DIRECTION('',(0.,0.,-1.));
#6264=DIRECTION('center_axis',(0.,0.,1.));
#6265=DIRECTION('ref_axis',(1.,0.,0.));
#6266=DIRECTION('center_axis',(0.,0.,-1.));
#6267=DIRECTION('ref_axis',(1.,0.,0.));
#6268=DIRECTION('',(0.,0.,-1.));
#6269=DIRECTION('center_axis',(0.,0.,1.));
#6270=DIRECTION('ref_axis',(1.,0.,0.));
#6271=DIRECTION('center_axis',(0.,0.,-1.));
#6272=DIRECTION('ref_axis',(1.,0.,0.));
#6273=DIRECTION('',(0.,0.,-1.));
#6274=DIRECTION('center_axis',(0.,0.,1.));
#6275=DIRECTION('ref_axis',(1.,0.,0.));
#6276=DIRECTION('center_axis',(0.,0.,-1.));
#6277=DIRECTION('ref_axis',(1.,0.,0.));
#6278=DIRECTION('',(0.,0.,-1.));
#6279=DIRECTION('center_axis',(0.,0.,1.));
#6280=DIRECTION('ref_axis',(1.,0.,0.));
#6281=DIRECTION('center_axis',(0.,0.,-1.));
#6282=DIRECTION('ref_axis',(1.,0.,0.));
#6283=DIRECTION('',(0.,0.,-1.));
#6284=DIRECTION('center_axis',(0.,0.,1.));
#6285=DIRECTION('ref_axis',(1.,0.,0.));
#6286=DIRECTION('center_axis',(0.,0.,-1.));
#6287=DIRECTION('ref_axis',(1.,0.,0.));
#6288=DIRECTION('',(0.,0.,-1.));
#6289=DIRECTION('center_axis',(0.,0.,1.));
#6290=DIRECTION('ref_axis',(1.,0.,0.));
#6291=DIRECTION('center_axis',(0.,0.,-1.));
#6292=DIRECTION('ref_axis',(1.,0.,0.));
#6293=DIRECTION('',(0.,0.,-1.));
#6294=DIRECTION('center_axis',(0.,0.,1.));
#6295=DIRECTION('ref_axis',(1.,0.,0.));
#6296=DIRECTION('center_axis',(0.,0.,-1.));
#6297=DIRECTION('ref_axis',(1.,0.,0.));
#6298=DIRECTION('',(0.,0.,-1.));
#6299=DIRECTION('center_axis',(0.,0.,1.));
#6300=DIRECTION('ref_axis',(1.,0.,0.));
#6301=DIRECTION('center_axis',(0.,0.,-1.));
#6302=DIRECTION('ref_axis',(1.,0.,0.));
#6303=DIRECTION('',(0.,0.,-1.));
#6304=DIRECTION('center_axis',(0.,0.,1.));
#6305=DIRECTION('ref_axis',(1.,0.,0.));
#6306=DIRECTION('center_axis',(0.,0.,-1.));
#6307=DIRECTION('ref_axis',(1.,0.,0.));
#6308=DIRECTION('',(0.,0.,-1.));
#6309=DIRECTION('center_axis',(0.,0.,1.));
#6310=DIRECTION('ref_axis',(1.,0.,0.));
#6311=DIRECTION('center_axis',(0.,1.,0.));
#6312=DIRECTION('ref_axis',(-1.,0.,0.));
#6313=DIRECTION('',(1.,0.,0.));
#6314=DIRECTION('',(0.,0.,1.));
#6315=DIRECTION('',(0.,0.,1.));
#6316=DIRECTION('center_axis',(0.,0.,1.));
#6317=DIRECTION('ref_axis',(1.,-2.17690789142186E-16,0.));
#6318=DIRECTION('center_axis',(0.,0.,1.));
#6319=DIRECTION('ref_axis',(1.,-2.17690789142186E-16,0.));
#6320=DIRECTION('',(0.,0.,1.));
#6321=DIRECTION('center_axis',(1.,0.,0.));
#6322=DIRECTION('ref_axis',(0.,1.,0.));
#6323=DIRECTION('',(0.,-1.,0.));
#6324=DIRECTION('',(0.,0.,1.));
#6325=DIRECTION('center_axis',(0.,0.,1.));
#6326=DIRECTION('ref_axis',(-6.9661052525504E-15,-1.,0.));
#6327=DIRECTION('center_axis',(0.,0.,1.));
#6328=DIRECTION('ref_axis',(-6.9661052525504E-15,-1.,0.));
#6329=DIRECTION('',(0.,0.,1.));
#6330=DIRECTION('center_axis',(0.,-1.,0.));
#6331=DIRECTION('ref_axis',(1.,0.,0.));
#6332=DIRECTION('',(-1.,0.,0.));
#6333=DIRECTION('',(0.,0.,1.));
#6334=DIRECTION('center_axis',(0.,0.,1.));
#6335=DIRECTION('ref_axis',(-1.,-2.39459868056402E-15,0.));
#6336=DIRECTION('center_axis',(0.,0.,1.));
#6337=DIRECTION('ref_axis',(-1.,-2.39459868056402E-15,0.));
#6338=DIRECTION('',(0.,0.,1.));
#6339=DIRECTION('center_axis',(-1.,0.,0.));
#6340=DIRECTION('ref_axis',(0.,-1.,0.));
#6341=DIRECTION('',(0.,1.,0.));
#6342=DIRECTION('',(0.,0.,1.));
#6343=DIRECTION('center_axis',(7.77156377799591E-15,-1.,0.));
#6344=DIRECTION('ref_axis',(1.,7.77156377799591E-15,0.));
#6345=DIRECTION('',(-1.,-7.77156377799591E-15,0.));
#6346=DIRECTION('center_axis',(-1.,0.,0.));
#6347=DIRECTION('ref_axis',(0.,-1.,0.));
#6348=DIRECTION('',(0.,1.,0.));
#6349=DIRECTION('',(0.,0.,1.));
#6350=DIRECTION('center_axis',(0.,0.,1.));
#6351=DIRECTION('ref_axis',(-2.61228946970617E-15,1.,0.));
#6352=DIRECTION('center_axis',(0.,0.,1.));
#6353=DIRECTION('ref_axis',(-2.61228946970617E-15,1.,0.));
#6354=DIRECTION('center_axis',(0.,0.,1.));
#6355=DIRECTION('ref_axis',(1.,0.,0.));
#6356=DIRECTION('center_axis',(0.,0.,1.));
#6357=DIRECTION('ref_axis',(1.,0.,0.));
#6358=DIRECTION('center_axis',(0.,0.,1.));
#6359=DIRECTION('ref_axis',(1.,0.,0.));
#6360=DIRECTION('center_axis',(0.,0.,1.));
#6361=DIRECTION('ref_axis',(1.,0.,0.));
#6362=DIRECTION('center_axis',(0.,0.,1.));
#6363=DIRECTION('ref_axis',(1.,0.,0.));
#6364=DIRECTION('center_axis',(0.,0.,1.));
#6365=DIRECTION('ref_axis',(1.,0.,0.));
#6366=DIRECTION('center_axis',(0.,0.,-1.));
#6367=DIRECTION('ref_axis',(-1.82003767859696E-16,-1.,0.));
#6368=DIRECTION('',(-1.,0.,0.));
#6369=DIRECTION('center_axis',(0.,0.,-1.));
#6370=DIRECTION('ref_axis',(-1.,0.,0.));
#6371=DIRECTION('',(2.24539488126436E-15,-1.,0.));
#6372=DIRECTION('center_axis',(0.,0.,1.));
#6373=DIRECTION('ref_axis',(1.,0.,0.));
#6374=DIRECTION('',(0.,0.,-1.));
#6375=DIRECTION('center_axis',(0.,0.,1.));
#6376=DIRECTION('ref_axis',(1.,0.,0.));
#6377=DIRECTION('',(0.,0.,-1.));
#6378=DIRECTION('center_axis',(0.,0.,1.));
#6379=DIRECTION('ref_axis',(1.,0.,0.));
#6380=DIRECTION('',(0.,0.,-1.));
#6381=DIRECTION('center_axis',(0.,0.,1.));
#6382=DIRECTION('ref_axis',(1.,0.,0.));
#6383=DIRECTION('',(0.,0.,-1.));
#6384=DIRECTION('center_axis',(0.,-1.,0.));
#6385=DIRECTION('ref_axis',(1.,0.,0.));
#6386=DIRECTION('',(0.,0.,1.));
#6387=DIRECTION('',(0.,0.,-1.));
#6388=DIRECTION('center_axis',(0.,0.,1.));
#6389=DIRECTION('ref_axis',(-1.,0.,0.));
#6390=DIRECTION('center_axis',(1.,2.24539488126436E-15,0.));
#6391=DIRECTION('ref_axis',(-2.24539488126436E-15,1.,0.));
#6392=DIRECTION('',(0.,0.,1.));
#6393=DIRECTION('center_axis',(0.,0.,1.));
#6394=DIRECTION('ref_axis',(-1.82003767859696E-16,-1.,0.));
#6395=CARTESIAN_POINT('',(0.,0.,0.));
#6396=CARTESIAN_POINT('Origin',(-1.00000022351741,-3.99680288865056E-14,
-1.));
#6397=CARTESIAN_POINT('',(-18.5897459621556,-12.3612159321677,-1.));
#6398=CARTESIAN_POINT('',(-10.4294919243112,-17.0725407975729,-1.));
#6399=CARTESIAN_POINT('',(-20.,-11.5470053837925,-1.));
#6400=CARTESIAN_POINT('',(-10.,-16.8245735194571,-1.));
#6401=CARTESIAN_POINT('',(-4.35737306489685,-13.5668013395386,-1.));
#6402=CARTESIAN_POINT('',(-7.25,-18.4122867597285,-1.));
#6403=CARTESIAN_POINT('',(-10.2676271027412,-16.670058939647,-1.));
#6404=CARTESIAN_POINT('',(-7.25,-18.9082213159603,-1.));
#6405=CARTESIAN_POINT('',(-7.25,-9.20614337986428,-1.));
#6406=CARTESIAN_POINT('',(-2.75,-21.5062975273136,-1.));
#6407=CARTESIAN_POINT('',(-20.,-11.5470053837925,-1.));
#6408=CARTESIAN_POINT('',(-2.75,-18.4122867597285,-1.));
#6409=CARTESIAN_POINT('',(-2.75,-10.7938566201358,-1.));
#6410=CARTESIAN_POINT('',(-1.42949192431123,-17.6498910667625,-1.));
#6411=CARTESIAN_POINT('',(1.89262693510315,-15.7318648489997,-1.));
#6412=CARTESIAN_POINT('',(-9.58974596215562,-12.9385662013574,-1.));
#6413=CARTESIAN_POINT('',(-14.2679491924311,-10.237604307034,-1.));
#6414=CARTESIAN_POINT('',(-10.,-13.1754264805429,-1.));
#6415=CARTESIAN_POINT('',(-2.39743657435794,-8.7860844402173,-1.));
#6416=CARTESIAN_POINT('',(-12.75,-11.5877132402715,-1.));
#6417=CARTESIAN_POINT('',(-9.47756359328013,-13.4770552805971,-1.));
#6418=CARTESIAN_POINT('',(-12.75,-11.1139926819003,-1.));
#6419=CARTESIAN_POINT('',(-12.75,-5.79385662013575,-1.));
#6420=CARTESIAN_POINT('',(-14.2679491924311,-10.237604307034,-1.));
#6421=CARTESIAN_POINT('',(-14.2679491924311,-10.237604307034,-1.));
#6422=CARTESIAN_POINT('',(-12.75,-9.36121593216774,-1.));
#6423=CARTESIAN_POINT('',(16.,7.23760430703401,-1.));
#6424=CARTESIAN_POINT('',(-12.75,-8.41228675972853,-1.));
#6425=CARTESIAN_POINT('',(-12.75,-5.79385662013575,-1.));
#6426=CARTESIAN_POINT('',(-10.,-6.82457351945706,-1.));
#6427=CARTESIAN_POINT('',(-6.52243657435794,-4.81680133953862,-1.));
#6428=CARTESIAN_POINT('',(-9.17820323027551,-7.29903810567666,-1.));
#6429=CARTESIAN_POINT('',(-8.10256359328012,-7.92005893964698,-1.));
#6430=CARTESIAN_POINT('',(-1.01794919243113,-2.58771324027147,-1.));
#6431=CARTESIAN_POINT('',(16.,7.23760430703401,-1.));
#6432=CARTESIAN_POINT('',(-2.75,-1.58771324027147,-1.));
#6433=CARTESIAN_POINT('',(-1.06250008381902,-2.56199177113603,-1.));
#6434=CARTESIAN_POINT('',(-2.75,0.412286759728533,-1.));
#6435=CARTESIAN_POINT('',(-2.75,-0.793856620135754,-1.));
#6436=CARTESIAN_POINT('',(-16.,-7.23760430703401,-1.));
#6437=CARTESIAN_POINT('',(-16.,-7.23760430703401,-1.));
#6438=CARTESIAN_POINT('',(-16.,9.23760430703402,-1.));
#6439=CARTESIAN_POINT('',(-16.,9.23760430703402,-1.));
#6440=CARTESIAN_POINT('',(-12.75,11.1139926819003,-1.));
#6441=CARTESIAN_POINT('',(2.32751101378326E-15,18.475208614068,-1.));
#6442=CARTESIAN_POINT('',(-12.75,11.5877132402715,-1.));
#6443=CARTESIAN_POINT('',(-12.75,4.20614337986425,-1.));
#6444=CARTESIAN_POINT('',(-10.,13.1754264805429,-1.));
#6445=CARTESIAN_POINT('',(-10.8525635932801,12.6831986604614,-1.));
#6446=CARTESIAN_POINT('',(-9.58974596215562,12.9385662013574,-1.));
#6447=CARTESIAN_POINT('',(-3.77243657435792,9.57994106035302,-1.));
#6448=CARTESIAN_POINT('',(-1.42949192431123,17.6498910667625,-1.));
#6449=CARTESIAN_POINT('',(2.32751101378326E-15,18.475208614068,-1.));
#6450=CARTESIAN_POINT('',(-2.75,18.4122867597285,-1.));
#6451=CARTESIAN_POINT('',(3.26762693510318,14.938008228864,-1.));
#6452=CARTESIAN_POINT('',(-2.75,21.5062975273136,-1.));
#6453=CARTESIAN_POINT('',(-2.75000000000001,9.20614337986425,-1.));
#6454=CARTESIAN_POINT('',(-7.25,18.9082213159602,-1.));
#6455=CARTESIAN_POINT('',(1.83880688453542E-15,23.094010767585,-1.));
#6456=CARTESIAN_POINT('',(-7.25,18.4122867597285,-1.));
#6457=CARTESIAN_POINT('',(-7.25,10.7938566201357,-1.));
#6458=CARTESIAN_POINT('',(-10.,16.8245735194571,-1.));
#6459=CARTESIAN_POINT('',(-8.89262710274123,17.4639155597827,-1.));
#6460=CARTESIAN_POINT('',(-10.4294919243112,17.0725407975729,-1.));
#6461=CARTESIAN_POINT('',(-2.98237306489683,12.7729447194029,-1.));
#6462=CARTESIAN_POINT('',(-18.5897459621556,12.3612159321677,-1.));
#6463=CARTESIAN_POINT('',(1.83880688453542E-15,23.094010767585,-1.));
#6464=CARTESIAN_POINT('',(-17.25,11.5877132402715,-1.));
#6465=CARTESIAN_POINT('',(-10.0224365743579,7.41487755089192,-1.));
#6466=CARTESIAN_POINT('',(-17.25,8.41228675972853,-1.));
#6467=CARTESIAN_POINT('',(-17.25,5.79385662013572,-1.));
#6468=CARTESIAN_POINT('',(-20.,6.82457351945706,-1.));
#6469=CARTESIAN_POINT('',(-12.9775635932801,10.8789790692438,-1.));
#6470=CARTESIAN_POINT('',(-20.,3.17542648054294,-1.));
#6471=CARTESIAN_POINT('',(-20.,11.5470053837925,-1.));
#6472=CARTESIAN_POINT('',(-17.25,1.58771324027147,-1.));
#6473=CARTESIAN_POINT('',(-12.187500083819,-1.33512244910808,-1.));
#6474=CARTESIAN_POINT('',(-17.25,-1.58771324027147,-1.));
#6475=CARTESIAN_POINT('',(-17.25,0.793856620135715,-1.));
#6476=CARTESIAN_POINT('',(-20.,-3.17542648054294,-1.));
#6477=CARTESIAN_POINT('',(-10.812500083819,2.1289790692438,-1.));
#6478=CARTESIAN_POINT('',(-20.,-6.82457351945706,-1.));
#6479=CARTESIAN_POINT('',(-20.,11.5470053837925,-1.));
#6480=CARTESIAN_POINT('',(-17.25,-8.41228675972853,-1.));
#6481=CARTESIAN_POINT('',(-14.3525635932801,-10.0851224491081,-1.));
#6482=CARTESIAN_POINT('',(-17.25,-11.5877132402715,-1.));
#6483=CARTESIAN_POINT('',(-17.25,-4.20614337986428,-1.));
#6484=CARTESIAN_POINT('',(-8.64743657435794,-6.62102093075621,-1.));
#6485=CARTESIAN_POINT('Origin',(-14.5096189432334,-14.7168783648703,0.));
#6486=CARTESIAN_POINT('',(-18.5897459621556,-12.3612159321677,0.));
#6487=CARTESIAN_POINT('',(-18.5897459621556,-12.3612159321677,0.));
#6488=CARTESIAN_POINT('',(-10.4294919243112,-17.0725407975729,0.));
#6489=CARTESIAN_POINT('',(-12.6298095554357,-15.8021868209405,0.));
#6490=CARTESIAN_POINT('',(-10.4294919243112,-17.0725407975729,0.));
#6491=CARTESIAN_POINT('Origin',(-5.,-20.2072594216369,0.));
#6492=CARTESIAN_POINT('',(-7.25,-18.9082213159603,0.));
#6493=CARTESIAN_POINT('',(-7.25,-18.9082213159603,0.));
#6494=CARTESIAN_POINT('',(-2.75,-21.5062975273136,0.));
#6495=CARTESIAN_POINT('',(-7.87500008381902,-18.5473773493238,0.));
#6496=CARTESIAN_POINT('',(-2.75,-21.5062975273136,0.));
#6497=CARTESIAN_POINT('Origin',(-5.50961894323342,-15.2942286340599,0.));
#6498=CARTESIAN_POINT('',(-1.42949192431123,-17.6498910667625,0.));
#6499=CARTESIAN_POINT('',(-1.42949192431123,-17.6498910667625,0.));
#6500=CARTESIAN_POINT('',(-9.58974596215562,-12.9385662013574,0.));
#6501=CARTESIAN_POINT('',(-7.12980955543573,-14.3588111479664,0.));
#6502=CARTESIAN_POINT('',(-9.58974596215562,-12.9385662013574,0.));
#6503=CARTESIAN_POINT('Origin',(-13.5089745962156,-10.6757984944672,0.));
#6504=CARTESIAN_POINT('',(-12.75,-11.1139926819003,0.));
#6505=CARTESIAN_POINT('',(-12.75,-11.1139926819003,0.));
#6506=CARTESIAN_POINT('',(-14.2679491924311,-10.237604307034,0.));
#6507=CARTESIAN_POINT('',(-11.1294873819268,-12.04959607817,0.));
#6508=CARTESIAN_POINT('',(-14.2679491924311,-10.237604307034,0.));
#6509=CARTESIAN_POINT('Origin',(-13.5089745962156,-9.79941011960088,0.));
#6510=CARTESIAN_POINT('',(-12.75,-9.36121593216774,0.));
#6511=CARTESIAN_POINT('',(-6.69647468003461,-5.86621145913949,0.));
#6512=CARTESIAN_POINT('',(-12.75,-9.36121593216773,0.));
#6513=CARTESIAN_POINT('Origin',(-5.09807621135332,-4.94337567297407,0.));
#6514=CARTESIAN_POINT('',(-9.17820323027551,-7.29903810567666,0.));
#6515=CARTESIAN_POINT('',(-9.17820323027551,-7.29903810567666,0.));
#6516=CARTESIAN_POINT('',(-1.01794919243113,-2.58771324027147,0.));
#6517=CARTESIAN_POINT('',(-2.49102548760348,-3.43819423582609,0.));
#6518=CARTESIAN_POINT('',(-1.01794919243112,-2.58771324027147,0.));
#6519=CARTESIAN_POINT('Origin',(-9.375,-3.41265877365274,0.));
#6520=CARTESIAN_POINT('',(-2.75,0.412286759728533,0.));
#6521=CARTESIAN_POINT('',(-2.75,0.412286759728535,0.));
#6522=CARTESIAN_POINT('',(-16.,-7.23760430703401,0.));
#6523=CARTESIAN_POINT('',(-5.49551278571126,-1.17283578616542,0.));
#6524=CARTESIAN_POINT('',(-16.,-7.23760430703401,0.));
#6525=CARTESIAN_POINT('Origin',(-16.,1.,0.));
#6526=CARTESIAN_POINT('',(-16.,9.23760430703402,0.));
#6527=CARTESIAN_POINT('',(-16.,0.499999999999982,0.));
#6528=CARTESIAN_POINT('',(-16.,9.23760430703402,0.));
#6529=CARTESIAN_POINT('Origin',(-14.375,10.1757984944672,0.));
#6530=CARTESIAN_POINT('',(-12.75,11.1139926819003,0.));
#6531=CARTESIAN_POINT('',(-11.562500083819,11.79959607817,0.));
#6532=CARTESIAN_POINT('',(-12.75,11.1139926819003,0.));
#6533=CARTESIAN_POINT('Origin',(-5.50961894323343,15.2942286340599,0.));
#6534=CARTESIAN_POINT('',(-9.58974596215562,12.9385662013574,0.));
#6535=CARTESIAN_POINT('',(-9.58974596215562,12.9385662013574,0.));
#6536=CARTESIAN_POINT('',(-1.42949192431123,17.6498910667625,0.));
#6537=CARTESIAN_POINT('',(-7.12980955543575,14.3588111479664,0.));
#6538=CARTESIAN_POINT('',(-1.42949192431123,17.6498910667625,0.));
#6539=CARTESIAN_POINT('Origin',(-5.,20.2072594216369,0.));
#6540=CARTESIAN_POINT('',(-2.75,21.5062975273136,0.));
#6541=CARTESIAN_POINT('',(-2.75,21.5062975273136,0.));
#6542=CARTESIAN_POINT('',(-7.25,18.9082213159602,0.));
#6543=CARTESIAN_POINT('',(-7.87500008381904,18.5473773493238,0.));
#6544=CARTESIAN_POINT('',(-7.25,18.9082213159602,0.));
#6545=CARTESIAN_POINT('Origin',(-14.5096189432334,14.7168783648703,0.));
#6546=CARTESIAN_POINT('',(-10.4294919243112,17.0725407975729,0.));
#6547=CARTESIAN_POINT('',(-10.4294919243112,17.0725407975729,0.));
#6548=CARTESIAN_POINT('',(-18.5897459621556,12.3612159321677,0.));
#6549=CARTESIAN_POINT('',(-12.6298095554358,15.8021868209405,0.));
#6550=CARTESIAN_POINT('',(-18.5897459621556,12.3612159321677,0.));
#6551=CARTESIAN_POINT('Origin',(-20.,5.,0.));
#6552=CARTESIAN_POINT('',(-20.,6.82457351945706,0.));
#6553=CARTESIAN_POINT('',(-20.,6.82457351945706,0.));
#6554=CARTESIAN_POINT('',(-20.,3.17542648054294,0.));
#6555=CARTESIAN_POINT('',(-20.,2.49999999999998,0.));
#6556=CARTESIAN_POINT('',(-20.,3.17542648054294,0.));
#6557=CARTESIAN_POINT('Origin',(-20.,-5.,0.));
#6558=CARTESIAN_POINT('',(-20.,-3.17542648054294,0.));
#6559=CARTESIAN_POINT('',(-20.,-3.17542648054294,0.));
#6560=CARTESIAN_POINT('',(-20.,-6.82457351945706,0.));
#6561=CARTESIAN_POINT('',(-20.,-2.50000000000002,0.));
#6562=CARTESIAN_POINT('',(-20.,-6.82457351945706,0.));
#6563=CARTESIAN_POINT('Origin',(-1.00000022351741,-3.99680288865056E-14,
-1.));
#6564=CARTESIAN_POINT('',(20.,3.17542648054294,-1.));
#6565=CARTESIAN_POINT('',(20.,6.82457351945706,-1.));
#6566=CARTESIAN_POINT('',(20.,-11.5470053837925,-1.));
#6567=CARTESIAN_POINT('',(17.25,8.41228675972853,-1.));
#6568=CARTESIAN_POINT('',(13.6025634256421,10.5181352477862,-1.));
#6569=CARTESIAN_POINT('',(17.25,11.5877132402715,-1.));
#6570=CARTESIAN_POINT('',(17.25,4.20614337986424,-1.));
#6571=CARTESIAN_POINT('',(18.5897459621556,12.3612159321677,-1.));
#6572=CARTESIAN_POINT('',(7.89743640671987,6.18800813207809,-1.));
#6573=CARTESIAN_POINT('',(10.4294919243112,17.0725407975729,-1.));
#6574=CARTESIAN_POINT('',(20.,11.5470053837925,-1.));
#6575=CARTESIAN_POINT('',(10.,16.8245735194571,-1.));
#6576=CARTESIAN_POINT('',(3.60737289725877,13.1337885408605,-1.));
#6577=CARTESIAN_POINT('',(7.25,18.4122867597285,-1.));
#6578=CARTESIAN_POINT('',(9.51762693510318,17.1030717383251,-1.));
#6579=CARTESIAN_POINT('',(7.25,18.9082213159602,-1.));
#6580=CARTESIAN_POINT('',(7.24999999999999,9.20614337986424,-1.));
#6581=CARTESIAN_POINT('',(2.75,21.5062975273136,-1.));
#6582=CARTESIAN_POINT('',(20.,11.5470053837925,-1.));
#6583=CARTESIAN_POINT('',(2.75,18.4122867597285,-1.));
#6584=CARTESIAN_POINT('',(2.74999999999999,10.7938566201357,-1.));
#6585=CARTESIAN_POINT('',(1.42949192431123,17.6498910667625,-1.));
#6586=CARTESIAN_POINT('',(-2.64262710274123,15.2988520503216,-1.));
#6587=CARTESIAN_POINT('',(9.58974596215563,12.9385662013574,-1.));
#6588=CARTESIAN_POINT('',(14.2679491924311,10.237604307034,-1.));
#6589=CARTESIAN_POINT('',(10.,13.1754264805429,-1.));
#6590=CARTESIAN_POINT('',(1.64743640671986,8.35307164153919,-1.));
#6591=CARTESIAN_POINT('',(12.75,11.5877132402715,-1.));
#6592=CARTESIAN_POINT('',(8.72756342564208,13.9100680792752,-1.));
#6593=CARTESIAN_POINT('',(12.75,11.1139926819003,-1.));
#6594=CARTESIAN_POINT('',(12.75,5.79385662013572,-1.));
#6595=CARTESIAN_POINT('',(14.2679491924311,10.237604307034,-1.));
#6596=CARTESIAN_POINT('',(14.2679491924311,10.237604307034,-1.));
#6597=CARTESIAN_POINT('',(12.75,9.36121593216773,-1.));
#6598=CARTESIAN_POINT('',(-16.,-7.23760430703401,-1.));
#6599=CARTESIAN_POINT('',(12.75,8.41228675972853,-1.));
#6600=CARTESIAN_POINT('',(12.75,5.79385662013572,-1.));
#6601=CARTESIAN_POINT('',(10.,6.82457351945706,-1.));
#6602=CARTESIAN_POINT('',(5.77243640671986,4.38378854086051,-1.));
#6603=CARTESIAN_POINT('',(9.17820323027551,7.29903810567666,-1.));
#6604=CARTESIAN_POINT('',(7.35256342564208,8.35307173832507,-1.));
#6605=CARTESIAN_POINT('',(1.01794919243112,2.58771324027147,-1.));
#6606=CARTESIAN_POINT('',(-16.,-7.23760430703401,-1.));
#6607=CARTESIAN_POINT('',(2.75,1.58771324027147,-1.));
#6608=CARTESIAN_POINT('',(0.31249991618098,2.99500456981412,-1.));
#6609=CARTESIAN_POINT('',(2.75,-0.41228675972853,-1.));
#6610=CARTESIAN_POINT('',(2.75,0.793856620135714,-1.));
#6611=CARTESIAN_POINT('',(16.,7.23760430703401,-1.));
#6612=CARTESIAN_POINT('',(16.,7.23760430703401,-1.));
#6613=CARTESIAN_POINT('',(16.,-9.23760430703401,-1.));
#6614=CARTESIAN_POINT('',(16.,-9.23760430703401,-1.));
#6615=CARTESIAN_POINT('',(12.75,-11.1139926819003,-1.));
#6616=CARTESIAN_POINT('',(4.85153367132951E-15,-18.475208614068,-1.));
#6617=CARTESIAN_POINT('',(12.75,-11.5877132402715,-1.));
#6618=CARTESIAN_POINT('',(12.75,-4.20614337986428,-1.));
#6619=CARTESIAN_POINT('',(10.,-13.1754264805429,-1.));
#6620=CARTESIAN_POINT('',(10.102563425642,-13.1162114591395,-1.));
#6621=CARTESIAN_POINT('',(9.58974596215562,-12.9385662013574,-1.));
#6622=CARTESIAN_POINT('',(3.02243640671988,-9.14692826167493,-1.));
#6623=CARTESIAN_POINT('',(1.42949192431123,-17.6498910667625,-1.));
#6624=CARTESIAN_POINT('',(4.85153367132951E-15,-18.475208614068,-1.));
#6625=CARTESIAN_POINT('',(2.75,-18.4122867597285,-1.));
#6626=CARTESIAN_POINT('',(-4.01762710274121,-14.5049954301859,-1.));
#6627=CARTESIAN_POINT('',(2.75,-21.5062975273136,-1.));
#6628=CARTESIAN_POINT('',(2.75,-9.20614337986428,-1.));
#6629=CARTESIAN_POINT('',(7.25,-18.9082213159602,-1.));
#6630=CARTESIAN_POINT('',(-1.08073272553355E-14,-23.094010767585,-1.));
#6631=CARTESIAN_POINT('',(7.25,-18.4122867597285,-1.));
#6632=CARTESIAN_POINT('',(7.25000000000001,-10.7938566201358,-1.));
#6633=CARTESIAN_POINT('',(10.,-16.8245735194571,-1.));
#6634=CARTESIAN_POINT('',(8.14262693510316,-17.8969283584608,-1.));
#6635=CARTESIAN_POINT('',(10.4294919243112,-17.0725407975729,-1.));
#6636=CARTESIAN_POINT('',(2.23237289725879,-12.3399319207248,-1.));
#6637=CARTESIAN_POINT('',(18.5897459621556,-12.3612159321677,-1.));
#6638=CARTESIAN_POINT('',(-1.08073272553355E-14,-23.094010767585,-1.));
#6639=CARTESIAN_POINT('',(17.25,-11.5877132402715,-1.));
#6640=CARTESIAN_POINT('',(9.27243640671989,-6.98186475221383,-1.));
#6641=CARTESIAN_POINT('',(17.25,-8.41228675972853,-1.));
#6642=CARTESIAN_POINT('',(17.25,-5.79385662013576,-1.));
#6643=CARTESIAN_POINT('',(20.,-6.82457351945706,-1.));
#6644=CARTESIAN_POINT('',(12.2275634256421,-11.3119918679219,-1.));
#6645=CARTESIAN_POINT('',(20.,-3.17542648054294,-1.));
#6646=CARTESIAN_POINT('',(20.,-11.5470053837925,-1.));
#6647=CARTESIAN_POINT('',(17.25,-1.58771324027147,-1.));
#6648=CARTESIAN_POINT('',(11.437499916181,1.76813524778617,-1.));
#6649=CARTESIAN_POINT('',(17.25,1.58771324027147,-1.));
#6650=CARTESIAN_POINT('',(17.25,-0.793856620135761,-1.));
#6651=CARTESIAN_POINT('',(10.062499916181,-2.56199186792191,-1.));
#6652=CARTESIAN_POINT('Origin',(20.,5.,0.));
#6653=CARTESIAN_POINT('',(20.,3.17542648054294,0.));
#6654=CARTESIAN_POINT('',(20.,3.17542648054294,0.));
#6655=CARTESIAN_POINT('',(20.,6.82457351945706,0.));
#6656=CARTESIAN_POINT('',(20.,2.49999999999998,0.));
#6657=CARTESIAN_POINT('',(20.,6.82457351945706,0.));
#6658=CARTESIAN_POINT('Origin',(14.5096189432334,14.7168783648703,0.));
#6659=CARTESIAN_POINT('',(18.5897459621556,12.3612159321677,0.));
#6660=CARTESIAN_POINT('',(18.5897459621556,12.3612159321677,0.));
#6661=CARTESIAN_POINT('',(10.4294919243112,17.0725407975729,0.));
#6662=CARTESIAN_POINT('',(11.8798093877977,16.2351996196186,0.));
#6663=CARTESIAN_POINT('',(10.4294919243112,17.0725407975729,0.));
#6664=CARTESIAN_POINT('Origin',(5.,20.2072594216369,0.));
#6665=CARTESIAN_POINT('',(7.25,18.9082213159602,0.));
#6666=CARTESIAN_POINT('',(7.25,18.9082213159602,0.));
#6667=CARTESIAN_POINT('',(2.75,21.5062975273136,0.));
#6668=CARTESIAN_POINT('',(7.12499991618098,18.9803901480019,0.));
#6669=CARTESIAN_POINT('',(2.75,21.5062975273136,0.));
#6670=CARTESIAN_POINT('Origin',(5.50961894323343,15.29422863406,0.));
#6671=CARTESIAN_POINT('',(1.42949192431123,17.6498910667625,0.));
#6672=CARTESIAN_POINT('',(1.42949192431123,17.6498910667625,0.));
#6673=CARTESIAN_POINT('',(9.58974596215563,12.9385662013574,0.));
#6674=CARTESIAN_POINT('',(6.37980938779769,14.7918239466445,0.));
#6675=CARTESIAN_POINT('',(9.58974596215563,12.9385662013574,0.));
#6676=CARTESIAN_POINT('Origin',(13.5089745962156,10.6757984944672,0.));
#6677=CARTESIAN_POINT('',(12.75,11.1139926819003,0.));
#6678=CARTESIAN_POINT('',(12.75,11.1139926819003,0.));
#6679=CARTESIAN_POINT('',(14.2679491924311,10.237604307034,0.));
#6680=CARTESIAN_POINT('',(10.3794872142888,12.4826088768481,0.));
#6681=CARTESIAN_POINT('',(14.2679491924311,10.237604307034,0.));
#6682=CARTESIAN_POINT('Origin',(13.5089745962156,9.79941011960088,0.));
#6683=CARTESIAN_POINT('',(12.75,9.36121593216773,0.));
#6684=CARTESIAN_POINT('',(5.94647451239652,5.43319866046139,0.));
#6685=CARTESIAN_POINT('',(12.75,9.36121593216774,0.));
#6686=CARTESIAN_POINT('Origin',(5.09807621135331,4.94337567297407,0.));
#6687=CARTESIAN_POINT('',(9.17820323027551,7.29903810567666,0.));
#6688=CARTESIAN_POINT('',(9.1782032302755,7.29903810567666,0.));
#6689=CARTESIAN_POINT('',(1.01794919243112,2.58771324027147,0.));
#6690=CARTESIAN_POINT('',(1.74102531996539,3.00518143714798,0.));
#6691=CARTESIAN_POINT('',(1.01794919243112,2.58771324027147,0.));
#6692=CARTESIAN_POINT('Origin',(9.375,3.41265877365274,0.));
#6693=CARTESIAN_POINT('',(2.75,-0.41228675972853,0.));
#6694=CARTESIAN_POINT('',(2.75,-0.41228675972853,0.));
#6695=CARTESIAN_POINT('',(16.,7.23760430703401,0.));
#6696=CARTESIAN_POINT('',(4.74551261807318,0.739822987487315,0.));
#6697=CARTESIAN_POINT('',(16.,7.23760430703401,0.));
#6698=CARTESIAN_POINT('Origin',(16.,-1.,0.));
#6699=CARTESIAN_POINT('',(16.,-9.23760430703401,0.));
#6700=CARTESIAN_POINT('',(16.,-0.500000000000018,0.));
#6701=CARTESIAN_POINT('',(16.,-9.23760430703401,0.));
#6702=CARTESIAN_POINT('Origin',(14.375,-10.1757984944672,0.));
#6703=CARTESIAN_POINT('',(12.75,-11.1139926819003,0.));
#6704=CARTESIAN_POINT('',(10.812499916181,-12.2326088768481,0.));
#6705=CARTESIAN_POINT('',(12.75,-11.1139926819003,0.));
#6706=CARTESIAN_POINT('Origin',(5.50961894323343,-15.2942286340599,0.));
#6707=CARTESIAN_POINT('',(9.58974596215562,-12.9385662013574,0.));
#6708=CARTESIAN_POINT('',(9.58974596215562,-12.9385662013574,0.));
#6709=CARTESIAN_POINT('',(1.42949192431123,-17.6498910667625,0.));
#6710=CARTESIAN_POINT('',(6.37980938779768,-14.7918239466445,0.));
#6711=CARTESIAN_POINT('',(1.42949192431123,-17.6498910667625,0.));
#6712=CARTESIAN_POINT('Origin',(5.,-20.2072594216369,0.));
#6713=CARTESIAN_POINT('',(2.75,-21.5062975273136,0.));
#6714=CARTESIAN_POINT('',(2.75,-21.5062975273136,0.));
#6715=CARTESIAN_POINT('',(7.25,-18.9082213159602,0.));
#6716=CARTESIAN_POINT('',(7.12499991618095,-18.9803901480019,0.));
#6717=CARTESIAN_POINT('',(7.25,-18.9082213159602,0.));
#6718=CARTESIAN_POINT('Origin',(14.5096189432334,-14.7168783648703,0.));
#6719=CARTESIAN_POINT('',(10.4294919243112,-17.0725407975729,0.));
#6720=CARTESIAN_POINT('',(10.4294919243112,-17.0725407975729,0.));
#6721=CARTESIAN_POINT('',(18.5897459621556,-12.3612159321677,0.));
#6722=CARTESIAN_POINT('',(11.8798093877977,-16.2351996196186,0.));
#6723=CARTESIAN_POINT('',(18.5897459621556,-12.3612159321677,0.));
#6724=CARTESIAN_POINT('Origin',(20.,-5.,0.));
#6725=CARTESIAN_POINT('',(20.,-6.82457351945706,0.));
#6726=CARTESIAN_POINT('',(20.,-6.82457351945706,0.));
#6727=CARTESIAN_POINT('',(20.,-3.17542648054294,0.));
#6728=CARTESIAN_POINT('',(20.,-2.50000000000002,0.));
#6729=CARTESIAN_POINT('',(20.,-3.17542648054294,0.));
#6730=CARTESIAN_POINT('Origin',(-12.75,11.5877132402715,0.));
#6731=CARTESIAN_POINT('',(-12.75,11.5877132402715,-3.));
#6732=CARTESIAN_POINT('',(-12.75,11.5877132402715,0.));
#6733=CARTESIAN_POINT('',(-10.,13.1754264805429,-3.));
#6734=CARTESIAN_POINT('',(-10.,13.1754264805429,-3.));
#6735=CARTESIAN_POINT('',(-10.,13.1754264805429,0.));
#6736=CARTESIAN_POINT('Origin',(-12.75,8.41228675972853,0.));
#6737=CARTESIAN_POINT('',(-12.75,8.41228675972853,0.));
#6738=CARTESIAN_POINT('',(-12.75,4.20614337986425,0.));
#6739=CARTESIAN_POINT('',(-12.75,8.41228675972853,-3.));
#6740=CARTESIAN_POINT('',(-12.75,8.41228675972853,0.));
#6741=CARTESIAN_POINT('',(-12.75,11.5877132402715,-3.));
#6742=CARTESIAN_POINT('Origin',(-2.22044604925031E-15,-3.17542648054294,
0.));
#6743=CARTESIAN_POINT('',(-2.22044604925031E-15,-3.17542648054294,0.));
#6744=CARTESIAN_POINT('',(-1.06250008381902,-2.56199177113603,0.));
#6745=CARTESIAN_POINT('',(-2.22044604925031E-15,-3.17542648054294,-3.));
#6746=CARTESIAN_POINT('',(-2.22044604925031E-15,-3.17542648054294,0.));
#6747=CARTESIAN_POINT('',(-2.75,-1.58771324027147,-3.));
#6748=CARTESIAN_POINT('',(-2.75,-1.58771324027147,-3.));
#6749=CARTESIAN_POINT('',(-2.75,-1.58771324027147,0.));
#6750=CARTESIAN_POINT('Origin',(-12.75,-8.41228675972853,0.));
#6751=CARTESIAN_POINT('',(-12.75,-8.41228675972853,-3.));
#6752=CARTESIAN_POINT('',(-12.75,-8.41228675972853,0.));
#6753=CARTESIAN_POINT('',(-10.,-6.82457351945706,-3.));
#6754=CARTESIAN_POINT('',(-10.,-6.82457351945706,-3.));
#6755=CARTESIAN_POINT('',(-10.,-6.82457351945706,0.));
#6756=CARTESIAN_POINT('Origin',(-10.,-13.1754264805429,0.));
#6757=CARTESIAN_POINT('',(-10.,-13.1754264805429,-3.));
#6758=CARTESIAN_POINT('',(-10.,-13.1754264805429,0.));
#6759=CARTESIAN_POINT('',(-12.75,-11.5877132402715,-3.));
#6760=CARTESIAN_POINT('',(-12.75,-11.5877132402715,-3.));
#6761=CARTESIAN_POINT('',(-12.75,-11.5877132402715,0.));
#6762=CARTESIAN_POINT('Origin',(-12.75,-11.5877132402715,0.));
#6763=CARTESIAN_POINT('',(-12.75,-5.79385662013575,0.));
#6764=CARTESIAN_POINT('',(-12.75,-8.41228675972853,-3.));
#6765=CARTESIAN_POINT('Origin',(-7.25,-11.5877132402715,0.));
#6766=CARTESIAN_POINT('',(-7.25,-11.5877132402715,0.));
#6767=CARTESIAN_POINT('',(-2.39743657435794,-8.7860844402173,0.));
#6768=CARTESIAN_POINT('',(-7.25,-11.5877132402715,-3.));
#6769=CARTESIAN_POINT('',(-7.25,-11.5877132402715,0.));
#6770=CARTESIAN_POINT('',(-10.,-13.1754264805429,-3.));
#6771=CARTESIAN_POINT('Origin',(-2.75,-21.5877132402715,0.));
#6772=CARTESIAN_POINT('',(-2.75,-21.5877132402715,0.));
#6773=CARTESIAN_POINT('',(-2.75,-10.7938566201358,0.));
#6774=CARTESIAN_POINT('',(-2.75,-21.5877132402715,-3.));
#6775=CARTESIAN_POINT('',(-2.75,-21.5877132402715,0.));
#6776=CARTESIAN_POINT('',(-2.75,-18.4122867597285,-3.));
#6777=CARTESIAN_POINT('',(-2.75,-18.4122867597285,-3.));
#6778=CARTESIAN_POINT('',(-2.75,-18.4122867597285,0.));
#6779=CARTESIAN_POINT('Origin',(-7.25,-18.4122867597285,0.));
#6780=CARTESIAN_POINT('',(-7.25,-18.4122867597285,-3.));
#6781=CARTESIAN_POINT('',(-7.25,-18.4122867597285,0.));
#6782=CARTESIAN_POINT('',(-7.25,-21.5877132402715,-3.));
#6783=CARTESIAN_POINT('',(-7.25,-21.5877132402715,-3.));
#6784=CARTESIAN_POINT('',(-7.25,-21.5877132402715,0.));
#6785=CARTESIAN_POINT('',(-7.25,-21.5877132402715,0.));
#6786=CARTESIAN_POINT('',(-7.25,-9.20614337986428,0.));
#6787=CARTESIAN_POINT('Origin',(10.,16.8245735194571,0.));
#6788=CARTESIAN_POINT('',(10.,16.8245735194571,-3.));
#6789=CARTESIAN_POINT('',(10.,16.8245735194571,0.));
#6790=CARTESIAN_POINT('',(7.25,18.4122867597285,-3.));
#6791=CARTESIAN_POINT('',(7.25,18.4122867597285,-3.));
#6792=CARTESIAN_POINT('',(7.25,18.4122867597285,0.));
#6793=CARTESIAN_POINT('Origin',(12.75,18.4122867597285,0.));
#6794=CARTESIAN_POINT('',(12.75,18.4122867597285,0.));
#6795=CARTESIAN_POINT('',(3.60737289725877,13.1337885408605,0.));
#6796=CARTESIAN_POINT('',(12.75,18.4122867597285,-3.));
#6797=CARTESIAN_POINT('',(12.75,18.4122867597285,0.));
#6798=CARTESIAN_POINT('',(10.,16.8245735194571,-3.));
#6799=CARTESIAN_POINT('Origin',(17.25,8.41228675972853,0.));
#6800=CARTESIAN_POINT('',(17.25,8.41228675972853,-3.));
#6801=CARTESIAN_POINT('',(17.25,8.41228675972853,0.));
#6802=CARTESIAN_POINT('',(17.25,11.5877132402715,-3.));
#6803=CARTESIAN_POINT('',(17.25,11.5877132402715,-3.));
#6804=CARTESIAN_POINT('',(17.25,11.5877132402715,0.));
#6805=CARTESIAN_POINT('Origin',(20.,6.82457351945706,0.));
#6806=CARTESIAN_POINT('',(20.,6.82457351945706,-3.));
#6807=CARTESIAN_POINT('',(20.,6.82457351945706,0.));
#6808=CARTESIAN_POINT('',(17.25,8.41228675972853,-3.));
#6809=CARTESIAN_POINT('Origin',(17.25,1.58771324027147,0.));
#6810=CARTESIAN_POINT('',(17.25,1.58771324027147,-3.));
#6811=CARTESIAN_POINT('',(17.25,1.58771324027147,0.));
#6812=CARTESIAN_POINT('',(20.,3.17542648054294,-3.));
#6813=CARTESIAN_POINT('',(20.,3.17542648054294,-3.));
#6814=CARTESIAN_POINT('',(20.,3.17542648054294,0.));
#6815=CARTESIAN_POINT('Origin',(17.25,-1.58771324027147,0.));
#6816=CARTESIAN_POINT('',(17.25,-1.58771324027147,-3.));
#6817=CARTESIAN_POINT('',(17.25,-1.58771324027147,0.));
#6818=CARTESIAN_POINT('',(17.25,1.58771324027147,-3.));
#6819=CARTESIAN_POINT('Origin',(20.,-3.17542648054294,0.));
#6820=CARTESIAN_POINT('',(20.,-3.17542648054294,-3.));
#6821=CARTESIAN_POINT('',(20.,-3.17542648054294,0.));
#6822=CARTESIAN_POINT('',(17.25,-1.58771324027147,-3.));
#6823=CARTESIAN_POINT('Origin',(17.25,-8.41228675972853,0.));
#6824=CARTESIAN_POINT('',(17.25,-8.41228675972853,-3.));
#6825=CARTESIAN_POINT('',(17.25,-8.41228675972853,0.));
#6826=CARTESIAN_POINT('',(20.,-6.82457351945706,-3.));
#6827=CARTESIAN_POINT('',(20.,-6.82457351945706,-3.));
#6828=CARTESIAN_POINT('',(20.,-6.82457351945706,0.));
#6829=CARTESIAN_POINT('Origin',(17.25,-11.5877132402715,0.));
#6830=CARTESIAN_POINT('',(17.25,-11.5877132402715,-3.));
#6831=CARTESIAN_POINT('',(17.25,-11.5877132402715,0.));
#6832=CARTESIAN_POINT('',(17.25,-8.41228675972853,-3.));
#6833=CARTESIAN_POINT('Origin',(20.,-13.1754264805429,0.));
#6834=CARTESIAN_POINT('',(20.,-13.1754264805429,0.));
#6835=CARTESIAN_POINT('',(9.27243640671989,-6.98186475221383,0.));
#6836=CARTESIAN_POINT('',(20.,-13.1754264805429,-3.));
#6837=CARTESIAN_POINT('',(20.,-13.1754264805429,0.));
#6838=CARTESIAN_POINT('',(17.25,-11.5877132402715,-3.));
#6839=CARTESIAN_POINT('Origin',(7.25,-18.4122867597285,0.));
#6840=CARTESIAN_POINT('',(7.25,-18.4122867597285,-3.));
#6841=CARTESIAN_POINT('',(7.25,-18.4122867597285,0.));
#6842=CARTESIAN_POINT('',(10.,-16.8245735194571,-3.));
#6843=CARTESIAN_POINT('',(10.,-16.8245735194571,-3.));
#6844=CARTESIAN_POINT('',(10.,-16.8245735194571,0.));
#6845=CARTESIAN_POINT('Origin',(7.25,-21.5877132402715,0.));
#6846=CARTESIAN_POINT('',(7.25,-21.5877132402715,0.));
#6847=CARTESIAN_POINT('',(7.25000000000001,-10.7938566201358,0.));
#6848=CARTESIAN_POINT('',(7.25,-21.5877132402715,-3.));
#6849=CARTESIAN_POINT('',(7.25,-21.5877132402715,0.));
#6850=CARTESIAN_POINT('',(7.25,-18.4122867597285,-3.));
#6851=CARTESIAN_POINT('Origin',(1.66533453693773E-15,-16.8245735194571,
0.));
#6852=CARTESIAN_POINT('',(8.32667268468867E-16,-16.8245735194571,0.));
#6853=CARTESIAN_POINT('',(-4.01762710274122,-14.5049954301859,0.));
#6854=CARTESIAN_POINT('',(8.32667268468867E-16,-16.8245735194571,-3.));
#6855=CARTESIAN_POINT('',(8.32667268468867E-16,-16.8245735194571,0.));
#6856=CARTESIAN_POINT('',(2.75,-18.4122867597285,-3.));
#6857=CARTESIAN_POINT('',(2.75,-18.4122867597285,-3.));
#6858=CARTESIAN_POINT('',(2.75,-18.4122867597285,0.));
#6859=CARTESIAN_POINT('Origin',(-1.00000022351741,-3.99680288865056E-14,
0.));
#6860=CARTESIAN_POINT('',(12.75,5.79385662013572,0.));
#6861=CARTESIAN_POINT('Origin',(-1.00000022351741,-3.99680288865056E-14,
0.));
#6862=CARTESIAN_POINT('Origin',(-1.00000022351741,-3.99680288865056E-14,
0.));
#6863=CARTESIAN_POINT('',(-7.25,-8.41228675972853,0.));
#6864=CARTESIAN_POINT('',(-8.10256359328012,-7.92005893964698,0.));
#6865=CARTESIAN_POINT('',(-7.25,-4.20614337986428,0.));
#6866=CARTESIAN_POINT('',(1.89262693510316,-15.7318648489997,0.));
#6867=CARTESIAN_POINT('',(7.25,-11.5877132402715,0.));
#6868=CARTESIAN_POINT('',(3.02243640671988,-9.14692826167493,0.));
#6869=CARTESIAN_POINT('',(7.25,-8.41228675972853,0.));
#6870=CARTESIAN_POINT('',(7.25,-5.79385662013576,0.));
#6871=CARTESIAN_POINT('',(10.,-6.82457351945706,0.));
#6872=CARTESIAN_POINT('',(5.97756342564206,-9.14692835846081,0.));
#6873=CARTESIAN_POINT('',(12.75,-8.41228675972853,0.));
#6874=CARTESIAN_POINT('',(4.39743640671988,-3.58993192072478,0.));
#6875=CARTESIAN_POINT('',(12.75,-4.20614337986428,0.));
#6876=CARTESIAN_POINT('',(2.75,-1.58771324027147,0.));
#6877=CARTESIAN_POINT('',(2.75,0.793856620135714,0.));
#6878=CARTESIAN_POINT('',(1.68749991618096,-2.20114794967839,0.));
#6879=CARTESIAN_POINT('',(12.75,1.58771324027147,0.));
#6880=CARTESIAN_POINT('',(12.75,-1.58771324027147,0.));
#6881=CARTESIAN_POINT('',(12.75,0.793856620135715,0.));
#6882=CARTESIAN_POINT('',(10.,-3.17542648054294,0.));
#6883=CARTESIAN_POINT('',(7.93749991618096,-4.36621145913949,0.));
#6884=CARTESIAN_POINT('',(7.25,-1.58771324027147,0.));
#6885=CARTESIAN_POINT('',(5.18749991618098,-0.396928261674931,0.));
#6886=CARTESIAN_POINT('',(7.25,1.58771324027147,0.));
#6887=CARTESIAN_POINT('',(7.25,-0.793856620135758,0.));
#6888=CARTESIAN_POINT('',(10.,3.17542648054294,0.));
#6889=CARTESIAN_POINT('',(3.81249991618096,-0.396928358460811,0.));
#6890=CARTESIAN_POINT('',(6.56249991618098,5.16006807927522,0.));
#6891=CARTESIAN_POINT('',(2.75,-8.41228675972853,0.));
#6892=CARTESIAN_POINT('',(2.75,-11.5877132402715,0.));
#6893=CARTESIAN_POINT('',(2.75,-4.20614337986429,0.));
#6894=CARTESIAN_POINT('',(-2.22044604925031E-15,-13.1754264805429,0.));
#6895=CARTESIAN_POINT('',(3.85256342564205,-10.9511479496784,0.));
#6896=CARTESIAN_POINT('',(-2.75,-11.5877132402715,0.));
#6897=CARTESIAN_POINT('',(-3.22756359328012,-11.311991771136,0.));
#6898=CARTESIAN_POINT('',(-2.75,-8.41228675972853,0.));
#6899=CARTESIAN_POINT('',(-2.75,-5.79385662013575,0.));
#6900=CARTESIAN_POINT('',(8.32667268468867E-16,-6.82457351945706,0.));
#6901=CARTESIAN_POINT('',(-0.272436574357943,-6.98186484899972,0.));
#6902=CARTESIAN_POINT('',(-1.85256359328012,-5.75499543018588,0.));
#6903=CARTESIAN_POINT('Origin',(-1.00000022351741,-3.99680288865056E-14,
0.));
#6904=CARTESIAN_POINT('',(-7.25,11.5877132402715,0.));
#6905=CARTESIAN_POINT('',(-3.77243657435792,9.57994106035302,0.));
#6906=CARTESIAN_POINT('',(-7.25,8.41228675972853,0.));
#6907=CARTESIAN_POINT('',(-7.25,5.79385662013572,0.));
#6908=CARTESIAN_POINT('',(-10.,6.82457351945706,0.));
#6909=CARTESIAN_POINT('',(-6.72756359328013,8.7139155597827,0.));
#6910=CARTESIAN_POINT('',(-5.14743657435793,4.02294471940287,0.));
#6911=CARTESIAN_POINT('',(-2.75,1.58771324027147,0.));
#6912=CARTESIAN_POINT('',(-2.75,-0.793856620135754,0.));
#6913=CARTESIAN_POINT('',(8.32667268468867E-16,3.17542648054294,0.));
#6914=CARTESIAN_POINT('',(-2.43750008381904,1.76813515100029,0.));
#6915=CARTESIAN_POINT('',(0.31249991618098,2.99500456981412,0.));
#6916=CARTESIAN_POINT('',(7.25,8.41228675972853,0.));
#6917=CARTESIAN_POINT('',(7.35256342564208,8.35307173832507,0.));
#6918=CARTESIAN_POINT('',(7.25,11.5877132402715,0.));
#6919=CARTESIAN_POINT('',(7.25,4.20614337986424,0.));
#6920=CARTESIAN_POINT('',(1.64743640671986,8.35307164153919,0.));
#6921=CARTESIAN_POINT('',(-2.22044604925031E-15,16.8245735194571,0.));
#6922=CARTESIAN_POINT('',(-2.64262710274123,15.2988520503216,0.));
#6923=CARTESIAN_POINT('',(3.26762693510318,14.938008228864,0.));
#6924=CARTESIAN_POINT('',(2.75,11.5877132402715,0.));
#6925=CARTESIAN_POINT('',(2.75,8.41228675972853,0.));
#6926=CARTESIAN_POINT('',(2.75,5.79385662013571,0.));
#6927=CARTESIAN_POINT('',(-2.22044604925031E-15,6.82457351945706,0.));
#6928=CARTESIAN_POINT('',(-0.477563593280136,6.54885205032161,0.));
#6929=CARTESIAN_POINT('',(-2.75,8.41228675972853,0.));
#6930=CARTESIAN_POINT('',(1.10256342564208,6.18800822886397,0.));
#6931=CARTESIAN_POINT('',(-2.75,11.5877132402715,0.));
#6932=CARTESIAN_POINT('',(-2.75,4.20614337986425,0.));
#6933=CARTESIAN_POINT('',(8.32667268468867E-16,13.1754264805429,0.));
#6934=CARTESIAN_POINT('',(-4.60256359328014,10.5181351510003,0.));
#6935=CARTESIAN_POINT('',(2.47756342564208,11.7450045698141,0.));
#6936=CARTESIAN_POINT('',(-7.25,1.58771324027147,0.));
#6937=CARTESIAN_POINT('',(-7.25,-1.58771324027147,0.));
#6938=CARTESIAN_POINT('',(-7.25,0.793856620135716,0.));
#6939=CARTESIAN_POINT('',(-10.,-3.17542648054294,0.));
#6940=CARTESIAN_POINT('',(-4.56250008381904,-0.0360844402173,0.));
#6941=CARTESIAN_POINT('',(-12.75,-1.58771324027147,0.));
#6942=CARTESIAN_POINT('',(-7.31250008381903,-4.72705528059713,0.));
#6943=CARTESIAN_POINT('',(-12.75,1.58771324027147,0.));
#6944=CARTESIAN_POINT('',(-12.75,-0.79385662013575,0.));
#6945=CARTESIAN_POINT('',(-10.,3.17542648054294,0.));
#6946=CARTESIAN_POINT('',(-8.68750008381904,3.93319866046138,0.));
#6947=CARTESIAN_POINT('',(-5.93750008381902,0.829941060353021,0.));
#6948=CARTESIAN_POINT('Origin',(10.,-13.1754264805429,0.));
#6949=CARTESIAN_POINT('',(10.,-13.1754264805429,-3.));
#6950=CARTESIAN_POINT('',(10.,-13.1754264805429,0.));
#6951=CARTESIAN_POINT('',(7.25,-11.5877132402715,-3.));
#6952=CARTESIAN_POINT('',(7.25,-11.5877132402715,-3.));
#6953=CARTESIAN_POINT('',(7.25,-11.5877132402715,0.));
#6954=CARTESIAN_POINT('Ctrl Pts',(-28.5,-17.8,2.));
#6955=CARTESIAN_POINT('Ctrl Pts',(-28.5,-19.4007162568291,2.));
#6956=CARTESIAN_POINT('Ctrl Pts',(-27.9500693161183,-21.7991336778002,2.));
#6957=CARTESIAN_POINT('Ctrl Pts',(-25.8079489115997,-25.2103323054192,2.));
#6958=CARTESIAN_POINT('Ctrl Pts',(-22.602029767383,-27.7696333034585,2.));
#6959=CARTESIAN_POINT('Ctrl Pts',(-19.4007162568291,-28.5,2.));
#6960=CARTESIAN_POINT('Ctrl Pts',(-17.8,-28.5,2.));
#6961=CARTESIAN_POINT('Ctrl Pts',(-28.7020305089104,-17.8,2.));
#6962=CARTESIAN_POINT('Ctrl Pts',(-28.7020305089104,-19.4308564795466,2.));
#6963=CARTESIAN_POINT('Ctrl Pts',(-28.1416386781275,-21.8746718053106,2.));
#6964=CARTESIAN_POINT('Ctrl Pts',(-25.9591069909633,-25.3501565638723,2.));
#6965=CARTESIAN_POINT('Ctrl Pts',(-22.6926945200878,-27.9578088955741,2.));
#6966=CARTESIAN_POINT('Ctrl Pts',(-19.4308564795466,-28.7020305089104,2.));
#6967=CARTESIAN_POINT('Ctrl Pts',(-17.8,-28.7020305089104,2.));
#6968=CARTESIAN_POINT('Ctrl Pts',(-29.1420947136137,-17.8,1.67033974466448));
#6969=CARTESIAN_POINT('Ctrl Pts',(-29.1420947136137,-19.4970518233304,1.67033974466448));
#6970=CARTESIAN_POINT('Ctrl Pts',(-28.559422527172,-22.0390201630864,1.67033974466448));
#6971=CARTESIAN_POINT('Ctrl Pts',(-26.2886396749873,-25.6553275908071,1.67033974466448));
#6972=CARTESIAN_POINT('Ctrl Pts',(-22.8902076712637,-28.3681150383749,1.67033974466448));
#6973=CARTESIAN_POINT('Ctrl Pts',(-19.4970518233304,-29.1420947136137,1.67033974466448));
#6974=CARTESIAN_POINT('Ctrl Pts',(-17.8,-29.1420947136137,1.67033974466448));
#6975=CARTESIAN_POINT('Ctrl Pts',(-29.8263213693242,-17.8,-0.460679780900723));
#6976=CARTESIAN_POINT('Ctrl Pts',(-29.8263213693242,-19.5989704128301,-0.460679780900723));
#6977=CARTESIAN_POINT('Ctrl Pts',(-29.2080720767679,-22.2949041346999,-0.460679780900723));
#6978=CARTESIAN_POINT('Ctrl Pts',(-26.8004926514559,-26.1287006278835,-0.460679780900723));
#6979=CARTESIAN_POINT('Ctrl Pts',(-23.1972586833766,-29.0052956731888,-0.460679780900723));
#6980=CARTESIAN_POINT('Ctrl Pts',(-19.5989704128301,-29.8263213693242,-0.460679780900723));
#6981=CARTESIAN_POINT('Ctrl Pts',(-17.8,-29.8263213693242,-0.460679780900723));
#6982=CARTESIAN_POINT('Ctrl Pts',(-30.,-17.8,-2.78781694653735));
#6983=CARTESIAN_POINT('Ctrl Pts',(-30.,-19.6258596758108,-2.78781694653735));
#6984=CARTESIAN_POINT('Ctrl Pts',(-29.3736688290807,-22.3595008847925,-2.78781694653735));
#6985=CARTESIAN_POINT('Ctrl Pts',(-26.9309405196926,-26.249991596569,-2.78781694653735));
#6986=CARTESIAN_POINT('Ctrl Pts',(-23.2752478804684,-29.1678212332113,-2.78781694653735));
#6987=CARTESIAN_POINT('Ctrl Pts',(-19.6258596758108,-30.,-2.78781694653735));
#6988=CARTESIAN_POINT('Ctrl Pts',(-17.8,-30.,-2.78781694653735));
#6989=CARTESIAN_POINT('Ctrl Pts',(-30.,-17.8,-4.));
#6990=CARTESIAN_POINT('Ctrl Pts',(-30.,-19.6251157320855,-4.));
#6991=CARTESIAN_POINT('Ctrl Pts',(-29.3729762295928,-22.3597598943142,-4.));
#6992=CARTESIAN_POINT('Ctrl Pts',(-26.9305585721044,-26.2491639370201,-4.));
#6993=CARTESIAN_POINT('Ctrl Pts',(-23.275211510474,-29.1672454488031,-4.));
#6994=CARTESIAN_POINT('Ctrl Pts',(-19.6251157320855,-30.,-4.));
#6995=CARTESIAN_POINT('Ctrl Pts',(-17.8,-30.,-4.));
#6996=CARTESIAN_POINT('',(-17.8,-30.,-4.));
#6997=CARTESIAN_POINT('',(-17.8,-28.5,2.));
#6998=CARTESIAN_POINT('Ctrl Pts',(-17.8,-30.,-4.));
#6999=CARTESIAN_POINT('Ctrl Pts',(-17.8,-30.,-2.78781694653735));
#7000=CARTESIAN_POINT('Ctrl Pts',(-17.8,-29.8263213693242,-0.460679780900723));
#7001=CARTESIAN_POINT('Ctrl Pts',(-17.8,-29.1420947136137,1.67033974466448));
#7002=CARTESIAN_POINT('Ctrl Pts',(-17.8,-28.7020305089104,2.));
#7003=CARTESIAN_POINT('Ctrl Pts',(-17.8,-28.5,2.));
#7004=CARTESIAN_POINT('',(-28.5,-17.8,2.));
#7005=CARTESIAN_POINT('Ctrl Pts',(-17.8,-28.5,2.));
#7006=CARTESIAN_POINT('Ctrl Pts',(-19.4007162568291,-28.5,2.));
#7007=CARTESIAN_POINT('Ctrl Pts',(-22.602029767383,-27.7696333034585,2.));
#7008=CARTESIAN_POINT('Ctrl Pts',(-25.8079489115997,-25.2103323054192,2.));
#7009=CARTESIAN_POINT('Ctrl Pts',(-27.9500693161183,-21.7991336778002,2.));
#7010=CARTESIAN_POINT('Ctrl Pts',(-28.5,-19.4007162568291,2.));
#7011=CARTESIAN_POINT('Ctrl Pts',(-28.5,-17.8,2.));
#7012=CARTESIAN_POINT('',(-30.,-17.8,-4.));
#7013=CARTESIAN_POINT('Ctrl Pts',(-28.5,-17.8,2.));
#7014=CARTESIAN_POINT('Ctrl Pts',(-28.7020305089104,-17.8,2.));
#7015=CARTESIAN_POINT('Ctrl Pts',(-29.1420947136137,-17.8,1.67033974466448));
#7016=CARTESIAN_POINT('Ctrl Pts',(-29.8263213693242,-17.8,-0.460679780900723));
#7017=CARTESIAN_POINT('Ctrl Pts',(-30.,-17.8,-2.78781694653735));
#7018=CARTESIAN_POINT('Ctrl Pts',(-30.,-17.8,-4.));
#7019=CARTESIAN_POINT('Ctrl Pts',(-30.,-17.8,-4.));
#7020=CARTESIAN_POINT('Ctrl Pts',(-30.,-19.6251157320855,-4.));
#7021=CARTESIAN_POINT('Ctrl Pts',(-29.3729762295928,-22.3597598943142,-4.));
#7022=CARTESIAN_POINT('Ctrl Pts',(-26.9305585721044,-26.2491639370201,-4.));
#7023=CARTESIAN_POINT('Ctrl Pts',(-23.275211510474,-29.1672454488031,-4.));
#7024=CARTESIAN_POINT('Ctrl Pts',(-19.6251157320855,-30.,-4.));
#7025=CARTESIAN_POINT('Ctrl Pts',(-17.8,-30.,-4.));
#7026=CARTESIAN_POINT('Ctrl Pts',(28.5000004470348,17.8,2.));
#7027=CARTESIAN_POINT('Ctrl Pts',(28.5000004470348,19.4007163237053,2.));
#7028=CARTESIAN_POINT('Ctrl Pts',(27.7696337199902,22.6020299680117,2.));
#7029=CARTESIAN_POINT('Ctrl Pts',(25.2103326150205,25.8079492461699,2.));
#7030=CARTESIAN_POINT('Ctrl Pts',(21.7991338448858,27.9500697401876,2.));
#7031=CARTESIAN_POINT('Ctrl Pts',(19.4007163237053,28.5000004470348,2.));
#7032=CARTESIAN_POINT('Ctrl Pts',(17.7999999999999,28.5000004470348,2.));
#7033=CARTESIAN_POINT('Ctrl Pts',(28.7020309559452,17.8,2.));
#7034=CARTESIAN_POINT('Ctrl Pts',(28.7020309559452,19.4308565464228,2.));
#7035=CARTESIAN_POINT('Ctrl Pts',(27.9578093121069,22.6926947207174,2.));
#7036=CARTESIAN_POINT('Ctrl Pts',(25.3501568734744,25.9591073255341,2.));
#7037=CARTESIAN_POINT('Ctrl Pts',(21.874671972397,28.1416391021978,2.));
#7038=CARTESIAN_POINT('Ctrl Pts',(19.4308565464228,28.7020309559453,2.));
#7039=CARTESIAN_POINT('Ctrl Pts',(17.7999999999999,28.7020309559453,2.));
#7040=CARTESIAN_POINT('Ctrl Pts',(29.1420951606464,17.8,1.6703397446726));
#7041=CARTESIAN_POINT('Ctrl Pts',(29.1420951606464,19.4970518902066,1.6703397446726));
#7042=CARTESIAN_POINT('Ctrl Pts',(28.3681154549023,22.8902078718893,1.6703397446726));
#7043=CARTESIAN_POINT('Ctrl Pts',(25.6553279004054,26.2886400095545,1.6703397446726));
#7044=CARTESIAN_POINT('Ctrl Pts',(22.0390203301695,28.5594229512373,1.6703397446726));
#7045=CARTESIAN_POINT('Ctrl Pts',(19.4970518902066,29.1420951606465,1.6703397446726));
#7046=CARTESIAN_POINT('Ctrl Pts',(17.7999999999999,29.1420951606465,1.6703397446726));
#7047=CARTESIAN_POINT('Ctrl Pts',(29.8263218163543,17.8,-0.460679780887095));
#7048=CARTESIAN_POINT('Ctrl Pts',(29.8263218163543,19.5989704797063,-0.460679780887095));
#7049=CARTESIAN_POINT('Ctrl Pts',(29.00529608972,23.1972588840053,-0.460679780887095));
#7050=CARTESIAN_POINT('Ctrl Pts',(26.1287009374843,26.8004929860248,-0.460679780887095));
#7051=CARTESIAN_POINT('Ctrl Pts',(22.2949043017855,29.2080725008364,-0.460679780887095));
#7052=CARTESIAN_POINT('Ctrl Pts',(19.5989704797063,29.8263218163544,-0.460679780887095));
#7053=CARTESIAN_POINT('Ctrl Pts',(17.7999999999999,29.8263218163544,-0.460679780887095));
#7054=CARTESIAN_POINT('Ctrl Pts',(30.0000004470348,17.8,-2.78781694653735));
#7055=CARTESIAN_POINT('Ctrl Pts',(30.0000004470348,19.6258597426871,-2.78781694653735));
#7056=CARTESIAN_POINT('Ctrl Pts',(29.1678216497357,23.275248081091,-2.78781694653735));
#7057=CARTESIAN_POINT('Ctrl Pts',(26.2499919061649,26.9309408542583,-2.78781694653735));
#7058=CARTESIAN_POINT('Ctrl Pts',(22.3595010518735,29.3736692531434,-2.78781694653735));
#7059=CARTESIAN_POINT('Ctrl Pts',(19.625859742687,30.0000004470348,-2.78781694653735));
#7060=CARTESIAN_POINT('Ctrl Pts',(17.7999999999999,30.0000004470348,-2.78781694653735));
#7061=CARTESIAN_POINT('Ctrl Pts',(30.0000004470348,17.8,-4.));
#7062=CARTESIAN_POINT('Ctrl Pts',(30.0000004470348,19.6251157989617,-4.));
#7063=CARTESIAN_POINT('Ctrl Pts',(29.1672458653363,23.2752117111034,-4.));
#7064=CARTESIAN_POINT('Ctrl Pts',(26.2491642466221,26.9305589066754,-4.));
#7065=CARTESIAN_POINT('Ctrl Pts',(22.3597600614007,29.3729766536635,-4.));
#7066=CARTESIAN_POINT('Ctrl Pts',(19.6251157989617,30.0000004470348,-4.));
#7067=CARTESIAN_POINT('Ctrl Pts',(17.7999999999999,30.0000004470348,-4.));
#7068=CARTESIAN_POINT('',(17.7999999999999,30.0000004470348,-4.));
#7069=CARTESIAN_POINT('',(17.7999999999999,28.5000004470348,2.));
#7070=CARTESIAN_POINT('Ctrl Pts',(17.7999999999999,30.0000004470348,-4.));
#7071=CARTESIAN_POINT('Ctrl Pts',(17.7999999999999,30.0000004470348,-2.78781694653735));
#7072=CARTESIAN_POINT('Ctrl Pts',(17.7999999999999,29.8263218163544,-0.460679780887095));
#7073=CARTESIAN_POINT('Ctrl Pts',(17.7999999999999,29.1420951606465,1.6703397446726));
#7074=CARTESIAN_POINT('Ctrl Pts',(17.7999999999999,28.7020309559453,2.));
#7075=CARTESIAN_POINT('Ctrl Pts',(17.7999999999999,28.5000004470348,2.));
#7076=CARTESIAN_POINT('',(28.5000004470348,17.8,2.));
#7077=CARTESIAN_POINT('Ctrl Pts',(17.7999999999999,28.5000004470348,2.));
#7078=CARTESIAN_POINT('Ctrl Pts',(19.4007163237053,28.5000004470348,2.));
#7079=CARTESIAN_POINT('Ctrl Pts',(21.7991338448858,27.9500697401876,2.));
#7080=CARTESIAN_POINT('Ctrl Pts',(25.2103326150205,25.8079492461699,2.));
#7081=CARTESIAN_POINT('Ctrl Pts',(27.7696337199902,22.6020299680117,2.));
#7082=CARTESIAN_POINT('Ctrl Pts',(28.5000004470348,19.4007163237053,2.));
#7083=CARTESIAN_POINT('Ctrl Pts',(28.5000004470348,17.8,2.));
#7084=CARTESIAN_POINT('',(30.0000004470348,17.8,-4.));
#7085=CARTESIAN_POINT('Ctrl Pts',(30.0000004470348,17.8,-4.));
#7086=CARTESIAN_POINT('Ctrl Pts',(30.0000004470348,17.8,-2.78781694653735));
#7087=CARTESIAN_POINT('Ctrl Pts',(29.826345895929,17.8,-0.459484008682216));
#7088=CARTESIAN_POINT('Ctrl Pts',(29.1420708485479,17.8,1.66850791968631));
#7089=CARTESIAN_POINT('Ctrl Pts',(28.7020309559452,17.8,2.));
#7090=CARTESIAN_POINT('Ctrl Pts',(28.5000004470348,17.8,2.));
#7091=CARTESIAN_POINT('Ctrl Pts',(30.0000004470348,17.8,-4.));
#7092=CARTESIAN_POINT('Ctrl Pts',(30.0000004470348,19.6251157989617,-4.));
#7093=CARTESIAN_POINT('Ctrl Pts',(29.1672458653363,23.2752117111034,-4.));
#7094=CARTESIAN_POINT('Ctrl Pts',(26.2491642466221,26.9305589066754,-4.));
#7095=CARTESIAN_POINT('Ctrl Pts',(22.3597600614007,29.3729766536635,-4.));
#7096=CARTESIAN_POINT('Ctrl Pts',(19.6251157989617,30.0000004470348,-4.));
#7097=CARTESIAN_POINT('Ctrl Pts',(17.7999999999999,30.0000004470348,-4.));
#7098=CARTESIAN_POINT('Ctrl Pts',(17.7999999999999,28.5000004470348,2.));
#7099=CARTESIAN_POINT('Ctrl Pts',(5.93333333333328,28.5000004470348,2.));
#7100=CARTESIAN_POINT('Ctrl Pts',(-5.93333333333336,28.5000004470348,2.));
#7101=CARTESIAN_POINT('Ctrl Pts',(-17.8,28.5000004470348,2.));
#7102=CARTESIAN_POINT('Ctrl Pts',(17.7999999999999,28.7020309559453,2.));
#7103=CARTESIAN_POINT('Ctrl Pts',(5.93333333333329,28.7020309559453,2.));
#7104=CARTESIAN_POINT('Ctrl Pts',(-5.93333333333337,28.7020309559453,2.));
#7105=CARTESIAN_POINT('Ctrl Pts',(-17.8,28.7020309559453,2.));
#7106=CARTESIAN_POINT('Ctrl Pts',(17.7999999999999,29.142070848548,1.66850791968631));
#7107=CARTESIAN_POINT('Ctrl Pts',(5.93333333333327,29.142070848548,1.66850791968631));
#7108=CARTESIAN_POINT('Ctrl Pts',(-5.93333333333335,29.142070848548,1.66850791968631));
#7109=CARTESIAN_POINT('Ctrl Pts',(-17.8,29.142070848548,1.66850791968631));
#7110=CARTESIAN_POINT('Ctrl Pts',(17.7999999999999,29.8263458959291,-0.459484008682216));
#7111=CARTESIAN_POINT('Ctrl Pts',(5.93333333333329,29.8263458959291,-0.459484008682216));
#7112=CARTESIAN_POINT('Ctrl Pts',(-5.93333333333338,29.8263458959291,-0.459484008682216));
#7113=CARTESIAN_POINT('Ctrl Pts',(-17.8,29.8263458959291,-0.459484008682216));
#7114=CARTESIAN_POINT('Ctrl Pts',(17.7999999999999,30.0000004470348,-2.78781694653735));
#7115=CARTESIAN_POINT('Ctrl Pts',(5.93333333333327,30.0000004470348,-2.78781694653735));
#7116=CARTESIAN_POINT('Ctrl Pts',(-5.93333333333335,30.0000004470348,-2.78781694653735));
#7117=CARTESIAN_POINT('Ctrl Pts',(-17.8,30.0000004470348,-2.78781694653735));
#7118=CARTESIAN_POINT('Ctrl Pts',(17.7999999999999,30.0000004470348,-4.));
#7119=CARTESIAN_POINT('Ctrl Pts',(5.93333333333328,30.0000004470348,-4.));
#7120=CARTESIAN_POINT('Ctrl Pts',(-5.93333333333336,30.0000004470348,-4.));
#7121=CARTESIAN_POINT('Ctrl Pts',(-17.8,30.0000004470348,-4.));
#7122=CARTESIAN_POINT('',(-17.8,30.0000004470348,-4.));
#7123=CARTESIAN_POINT('',(-17.8,28.5000004470348,2.));
#7124=CARTESIAN_POINT('Ctrl Pts',(-17.8,30.0000004470348,-4.));
#7125=CARTESIAN_POINT('Ctrl Pts',(-17.8,30.0000004470348,-2.78781694653735));
#7126=CARTESIAN_POINT('Ctrl Pts',(-17.8,29.8263458959291,-0.459484008682216));
#7127=CARTESIAN_POINT('Ctrl Pts',(-17.8,29.142070848548,1.66850791968631));
#7128=CARTESIAN_POINT('Ctrl Pts',(-17.8,28.7020309559453,2.));
#7129=CARTESIAN_POINT('Ctrl Pts',(-17.8,28.5000004470348,2.));
#7130=CARTESIAN_POINT('Ctrl Pts',(-17.8,28.5000004470348,2.));
#7131=CARTESIAN_POINT('Ctrl Pts',(-5.93333333333336,28.5000004470348,2.));
#7132=CARTESIAN_POINT('Ctrl Pts',(5.93333333333328,28.5000004470348,2.));
#7133=CARTESIAN_POINT('Ctrl Pts',(17.7999999999999,28.5000004470348,2.));
#7134=CARTESIAN_POINT('Ctrl Pts',(17.7999999999999,30.0000004470348,-4.));
#7135=CARTESIAN_POINT('Ctrl Pts',(5.93333333333328,30.0000004470348,-4.));
#7136=CARTESIAN_POINT('Ctrl Pts',(-5.93333333333336,30.0000004470348,-4.));
#7137=CARTESIAN_POINT('Ctrl Pts',(-17.8,30.0000004470348,-4.));
#7138=CARTESIAN_POINT('Ctrl Pts',(28.5000004470348,-17.8,2.));
#7139=CARTESIAN_POINT('Ctrl Pts',(28.5000004470348,-5.93333333333334,2.));
#7140=CARTESIAN_POINT('Ctrl Pts',(28.5000004470348,5.93333333333333,2.));
#7141=CARTESIAN_POINT('Ctrl Pts',(28.5000004470348,17.8,2.));
#7142=CARTESIAN_POINT('Ctrl Pts',(28.7020309559453,-17.8,2.));
#7143=CARTESIAN_POINT('Ctrl Pts',(28.7020309559453,-5.93333333333334,2.));
#7144=CARTESIAN_POINT('Ctrl Pts',(28.7020309559452,5.93333333333334,2.));
#7145=CARTESIAN_POINT('Ctrl Pts',(28.7020309559452,17.8,2.));
#7146=CARTESIAN_POINT('Ctrl Pts',(29.142070848548,-17.8,1.66850791968631));
#7147=CARTESIAN_POINT('Ctrl Pts',(29.142070848548,-5.93333333333333,1.66850791968631));
#7148=CARTESIAN_POINT('Ctrl Pts',(29.142070848548,5.93333333333332,1.66850791968631));
#7149=CARTESIAN_POINT('Ctrl Pts',(29.1420708485479,17.8,1.66850791968631));
#7150=CARTESIAN_POINT('Ctrl Pts',(29.8263458959291,-17.8,-0.459484008682216));
#7151=CARTESIAN_POINT('Ctrl Pts',(29.8263458959291,-5.93333333333335,-0.459484008682216));
#7152=CARTESIAN_POINT('Ctrl Pts',(29.826345895929,5.93333333333335,-0.459484008682216));
#7153=CARTESIAN_POINT('Ctrl Pts',(29.826345895929,17.8,-0.459484008682216));
#7154=CARTESIAN_POINT('Ctrl Pts',(30.0000004470348,-17.8,-2.78781694653735));
#7155=CARTESIAN_POINT('Ctrl Pts',(30.0000004470348,-5.93333333333332,-2.78781694653735));
#7156=CARTESIAN_POINT('Ctrl Pts',(30.0000004470348,5.93333333333332,-2.78781694653735));
#7157=CARTESIAN_POINT('Ctrl Pts',(30.0000004470348,17.8,-2.78781694653735));
#7158=CARTESIAN_POINT('Ctrl Pts',(30.0000004470348,-17.8,-4.));
#7159=CARTESIAN_POINT('Ctrl Pts',(30.0000004470348,-5.93333333333333,-4.));
#7160=CARTESIAN_POINT('Ctrl Pts',(30.0000004470348,5.93333333333333,-4.));
#7161=CARTESIAN_POINT('Ctrl Pts',(30.0000004470348,17.8,-4.));
#7162=CARTESIAN_POINT('',(28.5000004470348,-17.8,2.));
#7163=CARTESIAN_POINT('Ctrl Pts',(28.5000004470348,17.8,2.));
#7164=CARTESIAN_POINT('Ctrl Pts',(28.5000004470348,5.93333333333333,2.));
#7165=CARTESIAN_POINT('Ctrl Pts',(28.5000004470348,-5.93333333333334,2.));
#7166=CARTESIAN_POINT('Ctrl Pts',(28.5000004470348,-17.8,2.));
#7167=CARTESIAN_POINT('',(30.0000004470348,-17.8,-4.));
#7168=CARTESIAN_POINT('Ctrl Pts',(30.0000004470348,-17.8,-4.));
#7169=CARTESIAN_POINT('Ctrl Pts',(30.0000004470348,-17.8,-2.78781694653735));
#7170=CARTESIAN_POINT('Ctrl Pts',(29.8263218163544,-17.8,-0.460679780887094));
#7171=CARTESIAN_POINT('Ctrl Pts',(29.1420951606465,-17.8,1.6703397446726));
#7172=CARTESIAN_POINT('Ctrl Pts',(28.7020309559453,-17.8,2.));
#7173=CARTESIAN_POINT('Ctrl Pts',(28.5000004470348,-17.8,2.));
#7174=CARTESIAN_POINT('Ctrl Pts',(30.0000004470348,-17.8,-4.));
#7175=CARTESIAN_POINT('Ctrl Pts',(30.0000004470348,-5.93333333333333,-4.));
#7176=CARTESIAN_POINT('Ctrl Pts',(30.0000004470348,5.93333333333333,-4.));
#7177=CARTESIAN_POINT('Ctrl Pts',(30.0000004470348,17.8,-4.));
#7178=CARTESIAN_POINT('Ctrl Pts',(-17.8,28.5000004470348,2.));
#7179=CARTESIAN_POINT('Ctrl Pts',(-19.4007163237054,28.5000004470348,2.));
#7180=CARTESIAN_POINT('Ctrl Pts',(-22.6020299680118,27.7696337199902,2.));
#7181=CARTESIAN_POINT('Ctrl Pts',(-25.8079492461701,25.2103326150205,2.));
#7182=CARTESIAN_POINT('Ctrl Pts',(-27.9500697401878,21.7991338448857,2.));
#7183=CARTESIAN_POINT('Ctrl Pts',(-28.5000004470351,19.4007163237051,2.));
#7184=CARTESIAN_POINT('Ctrl Pts',(-28.5000004470351,17.7999999999997,2.));
#7185=CARTESIAN_POINT('Ctrl Pts',(-17.8,28.7020309559453,2.));
#7186=CARTESIAN_POINT('Ctrl Pts',(-19.4308565464229,28.7020309559453,2.));
#7187=CARTESIAN_POINT('Ctrl Pts',(-22.6926947207175,27.957809312107,2.));
#7188=CARTESIAN_POINT('Ctrl Pts',(-25.9591073255343,25.3501568734744,2.));
#7189=CARTESIAN_POINT('Ctrl Pts',(-28.1416391021981,21.8746719723969,2.));
#7190=CARTESIAN_POINT('Ctrl Pts',(-28.7020309559456,19.4308565464226,2.));
#7191=CARTESIAN_POINT('Ctrl Pts',(-28.7020309559456,17.7999999999997,2.));
#7192=CARTESIAN_POINT('Ctrl Pts',(-17.8,29.1420951606465,1.6703397446726));
#7193=CARTESIAN_POINT('Ctrl Pts',(-19.4970518902067,29.1420951606465,1.6703397446726));
#7194=CARTESIAN_POINT('Ctrl Pts',(-22.8902078718894,28.3681154549024,1.6703397446726));
#7195=CARTESIAN_POINT('Ctrl Pts',(-26.2886400095547,25.6553279004054,1.6703397446726));
#7196=CARTESIAN_POINT('Ctrl Pts',(-28.5594229512376,22.0390203301694,1.6703397446726));
#7197=CARTESIAN_POINT('Ctrl Pts',(-29.1420951606468,19.4970518902064,1.6703397446726));
#7198=CARTESIAN_POINT('Ctrl Pts',(-29.1420951606468,17.7999999999997,1.6703397446726));
#7199=CARTESIAN_POINT('Ctrl Pts',(-17.8,29.8263218163544,-0.460679780887094));
#7200=CARTESIAN_POINT('Ctrl Pts',(-19.5989704797064,29.8263218163544,-0.460679780887094));
#7201=CARTESIAN_POINT('Ctrl Pts',(-23.1972588840055,29.00529608972,-0.460679780887094));
#7202=CARTESIAN_POINT('Ctrl Pts',(-26.800492986025,26.1287009374843,-0.460679780887094));
#7203=CARTESIAN_POINT('Ctrl Pts',(-29.2080725008366,22.2949043017854,-0.460679780887094));
#7204=CARTESIAN_POINT('Ctrl Pts',(-29.8263218163546,19.5989704797061,-0.460679780887094));
#7205=CARTESIAN_POINT('Ctrl Pts',(-29.8263218163546,17.7999999999997,-0.460679780887094));
#7206=CARTESIAN_POINT('Ctrl Pts',(-17.8,30.0000004470348,-2.78781694653735));
#7207=CARTESIAN_POINT('Ctrl Pts',(-19.6258597426871,30.0000004470348,-2.78781694653735));
#7208=CARTESIAN_POINT('Ctrl Pts',(-23.2752480810912,29.1678216497357,-2.78781694653735));
#7209=CARTESIAN_POINT('Ctrl Pts',(-26.9309408542586,26.2499919061649,-2.78781694653735));
#7210=CARTESIAN_POINT('Ctrl Pts',(-29.3736692531437,22.3595010518734,-2.78781694653735));
#7211=CARTESIAN_POINT('Ctrl Pts',(-30.0000004470351,19.6258597426868,-2.78781694653735));
#7212=CARTESIAN_POINT('Ctrl Pts',(-30.0000004470351,17.7999999999997,-2.78781694653735));
#7213=CARTESIAN_POINT('Ctrl Pts',(-17.8,30.0000004470348,-4.));
#7214=CARTESIAN_POINT('Ctrl Pts',(-19.6251157989618,30.0000004470348,-4.));
#7215=CARTESIAN_POINT('Ctrl Pts',(-23.2752117111036,29.1672458653364,-4.));
#7216=CARTESIAN_POINT('Ctrl Pts',(-26.9305589066756,26.2491642466221,-4.));
#7217=CARTESIAN_POINT('Ctrl Pts',(-29.3729766536638,22.3597600614006,-4.));
#7218=CARTESIAN_POINT('Ctrl Pts',(-30.0000004470351,19.6251157989615,-4.));
#7219=CARTESIAN_POINT('Ctrl Pts',(-30.0000004470351,17.7999999999997,-4.));
#7220=CARTESIAN_POINT('',(-30.0000004470351,17.7999999999997,-4.));
#7221=CARTESIAN_POINT('',(-28.5000004470351,17.7999999999997,2.));
#7222=CARTESIAN_POINT('Ctrl Pts',(-30.0000004470351,17.7999999999997,-4.));
#7223=CARTESIAN_POINT('Ctrl Pts',(-30.0000004470351,17.7999999999997,-2.78781694653735));
#7224=CARTESIAN_POINT('Ctrl Pts',(-29.8263218163546,17.7999999999997,-0.460679780887094));
#7225=CARTESIAN_POINT('Ctrl Pts',(-29.1420951606468,17.7999999999997,1.6703397446726));
#7226=CARTESIAN_POINT('Ctrl Pts',(-28.7020309559456,17.7999999999997,2.));
#7227=CARTESIAN_POINT('Ctrl Pts',(-28.5000004470351,17.7999999999997,2.));
#7228=CARTESIAN_POINT('Ctrl Pts',(-28.5000004470351,17.7999999999997,2.));
#7229=CARTESIAN_POINT('Ctrl Pts',(-28.5000004470351,19.4007163237051,2.));
#7230=CARTESIAN_POINT('Ctrl Pts',(-27.9500697401878,21.7991338448857,2.));
#7231=CARTESIAN_POINT('Ctrl Pts',(-25.8079492461701,25.2103326150205,2.));
#7232=CARTESIAN_POINT('Ctrl Pts',(-22.6020299680118,27.7696337199902,2.));
#7233=CARTESIAN_POINT('Ctrl Pts',(-19.4007163237054,28.5000004470348,2.));
#7234=CARTESIAN_POINT('Ctrl Pts',(-17.8,28.5000004470348,2.));
#7235=CARTESIAN_POINT('Ctrl Pts',(-17.8,30.0000004470348,-4.));
#7236=CARTESIAN_POINT('Ctrl Pts',(-19.6251157989618,30.0000004470348,-4.));
#7237=CARTESIAN_POINT('Ctrl Pts',(-23.2752117111036,29.1672458653364,-4.));
#7238=CARTESIAN_POINT('Ctrl Pts',(-26.9305589066756,26.2491642466221,-4.));
#7239=CARTESIAN_POINT('Ctrl Pts',(-29.3729766536638,22.3597600614006,-4.));
#7240=CARTESIAN_POINT('Ctrl Pts',(-30.0000004470351,19.6251157989615,-4.));
#7241=CARTESIAN_POINT('Ctrl Pts',(-30.0000004470351,17.7999999999997,-4.));
#7242=CARTESIAN_POINT('Ctrl Pts',(17.8,-28.5000004470348,2.));
#7243=CARTESIAN_POINT('Ctrl Pts',(19.4007163237053,-28.5000004470348,2.));
#7244=CARTESIAN_POINT('Ctrl Pts',(21.7991338448859,-27.9500697401876,2.));
#7245=CARTESIAN_POINT('Ctrl Pts',(25.2103326150206,-25.8079492461698,2.));
#7246=CARTESIAN_POINT('Ctrl Pts',(27.7696337199902,-22.6020299680117,2.));
#7247=CARTESIAN_POINT('Ctrl Pts',(28.5000004470348,-19.4007163237053,2.));
#7248=CARTESIAN_POINT('Ctrl Pts',(28.5000004470348,-17.8,2.));
#7249=CARTESIAN_POINT('Ctrl Pts',(17.8,-28.7020309559453,2.));
#7250=CARTESIAN_POINT('Ctrl Pts',(19.4308565464228,-28.7020309559453,2.));
#7251=CARTESIAN_POINT('Ctrl Pts',(21.8746719723971,-28.1416391021978,2.));
#7252=CARTESIAN_POINT('Ctrl Pts',(25.3501568734745,-25.9591073255341,2.));
#7253=CARTESIAN_POINT('Ctrl Pts',(27.957809312107,-22.6926947207174,2.));
#7254=CARTESIAN_POINT('Ctrl Pts',(28.7020309559453,-19.4308565464228,2.));
#7255=CARTESIAN_POINT('Ctrl Pts',(28.7020309559453,-17.8,2.));
#7256=CARTESIAN_POINT('Ctrl Pts',(17.8,-29.1420951606465,1.6703397446726));
#7257=CARTESIAN_POINT('Ctrl Pts',(19.4970518902066,-29.1420951606465,1.6703397446726));
#7258=CARTESIAN_POINT('Ctrl Pts',(22.0390203301696,-28.5594229512374,1.6703397446726));
#7259=CARTESIAN_POINT('Ctrl Pts',(25.6553279004054,-26.2886400095545,1.6703397446726));
#7260=CARTESIAN_POINT('Ctrl Pts',(28.3681154549024,-22.8902078718893,1.6703397446726));
#7261=CARTESIAN_POINT('Ctrl Pts',(29.1420951606465,-19.4970518902066,1.6703397446726));
#7262=CARTESIAN_POINT('Ctrl Pts',(29.1420951606465,-17.8,1.6703397446726));
#7263=CARTESIAN_POINT('Ctrl Pts',(17.8,-29.8263218163544,-0.460679780887094));
#7264=CARTESIAN_POINT('Ctrl Pts',(19.5989704797063,-29.8263218163544,-0.460679780887094));
#7265=CARTESIAN_POINT('Ctrl Pts',(22.2949043017856,-29.2080725008364,-0.460679780887094));
#7266=CARTESIAN_POINT('Ctrl Pts',(26.1287009374844,-26.8004929860248,-0.460679780887094));
#7267=CARTESIAN_POINT('Ctrl Pts',(29.00529608972,-23.1972588840053,-0.460679780887095));
#7268=CARTESIAN_POINT('Ctrl Pts',(29.8263218163544,-19.5989704797063,-0.460679780887094));
#7269=CARTESIAN_POINT('Ctrl Pts',(29.8263218163544,-17.8,-0.460679780887094));
#7270=CARTESIAN_POINT('Ctrl Pts',(17.8,-30.0000004470348,-2.78781694653735));
#7271=CARTESIAN_POINT('Ctrl Pts',(19.6258597426871,-30.0000004470348,-2.78781694653735));
#7272=CARTESIAN_POINT('Ctrl Pts',(22.3595010518736,-29.3736692531435,-2.78781694653735));
#7273=CARTESIAN_POINT('Ctrl Pts',(26.249991906165,-26.9309408542583,-2.78781694653735));
#7274=CARTESIAN_POINT('Ctrl Pts',(29.1678216497358,-23.2752480810911,-2.78781694653735));
#7275=CARTESIAN_POINT('Ctrl Pts',(30.0000004470348,-19.6258597426871,-2.78781694653735));
#7276=CARTESIAN_POINT('Ctrl Pts',(30.0000004470348,-17.8,-2.78781694653735));
#7277=CARTESIAN_POINT('Ctrl Pts',(17.8,-30.0000004470348,-4.));
#7278=CARTESIAN_POINT('Ctrl Pts',(19.6251157989618,-30.0000004470348,-4.));
#7279=CARTESIAN_POINT('Ctrl Pts',(22.3597600614008,-29.3729766536635,-4.));
#7280=CARTESIAN_POINT('Ctrl Pts',(26.2491642466222,-26.9305589066754,-4.));
#7281=CARTESIAN_POINT('Ctrl Pts',(29.1672458653364,-23.2752117111034,-4.));
#7282=CARTESIAN_POINT('Ctrl Pts',(30.0000004470348,-19.6251157989618,-4.));
#7283=CARTESIAN_POINT('Ctrl Pts',(30.0000004470348,-17.8,-4.));
#7284=CARTESIAN_POINT('',(17.8,-28.5000004470348,2.));
#7285=CARTESIAN_POINT('Ctrl Pts',(28.5000004470348,-17.8,2.));
#7286=CARTESIAN_POINT('Ctrl Pts',(28.5000004470348,-19.4007163237053,2.));
#7287=CARTESIAN_POINT('Ctrl Pts',(27.7696337199902,-22.6020299680117,2.));
#7288=CARTESIAN_POINT('Ctrl Pts',(25.2103326150206,-25.8079492461698,2.));
#7289=CARTESIAN_POINT('Ctrl Pts',(21.7991338448859,-27.9500697401876,2.));
#7290=CARTESIAN_POINT('Ctrl Pts',(19.4007163237053,-28.5000004470348,2.));
#7291=CARTESIAN_POINT('Ctrl Pts',(17.8,-28.5000004470348,2.));
#7292=CARTESIAN_POINT('',(17.8,-30.0000004470348,-4.));
#7293=CARTESIAN_POINT('Ctrl Pts',(17.8,-30.0000004470348,-4.));
#7294=CARTESIAN_POINT('Ctrl Pts',(17.8,-30.0000004470348,-2.78781694653735));
#7295=CARTESIAN_POINT('Ctrl Pts',(17.8,-29.8263458959291,-0.459484008682216));
#7296=CARTESIAN_POINT('Ctrl Pts',(17.8,-29.142070848548,1.66850791968631));
#7297=CARTESIAN_POINT('Ctrl Pts',(17.8,-28.7020309559453,2.));
#7298=CARTESIAN_POINT('Ctrl Pts',(17.8,-28.5000004470348,2.));
#7299=CARTESIAN_POINT('Ctrl Pts',(17.8,-30.0000004470348,-4.));
#7300=CARTESIAN_POINT('Ctrl Pts',(19.6251157989618,-30.0000004470348,-4.));
#7301=CARTESIAN_POINT('Ctrl Pts',(22.3597600614008,-29.3729766536635,-4.));
#7302=CARTESIAN_POINT('Ctrl Pts',(26.2491642466222,-26.9305589066754,-4.));
#7303=CARTESIAN_POINT('Ctrl Pts',(29.1672458653364,-23.2752117111034,-4.));
#7304=CARTESIAN_POINT('Ctrl Pts',(30.0000004470348,-19.6251157989618,-4.));
#7305=CARTESIAN_POINT('Ctrl Pts',(30.0000004470348,-17.8,-4.));
#7306=CARTESIAN_POINT('Ctrl Pts',(-28.5000000000003,17.7999999999997,2.));
#7307=CARTESIAN_POINT('Ctrl Pts',(-28.5000000000002,5.93333333333314,2.));
#7308=CARTESIAN_POINT('Ctrl Pts',(-28.5000000000001,-5.93333333333343,2.));
#7309=CARTESIAN_POINT('Ctrl Pts',(-28.5,-17.8,2.));
#7310=CARTESIAN_POINT('Ctrl Pts',(-28.7020305089107,17.7999999999997,2.));
#7311=CARTESIAN_POINT('Ctrl Pts',(-28.7020305089106,5.93333333333315,2.));
#7312=CARTESIAN_POINT('Ctrl Pts',(-28.7020305089105,-5.93333333333343,2.));
#7313=CARTESIAN_POINT('Ctrl Pts',(-28.7020305089104,-17.8,2.));
#7314=CARTESIAN_POINT('Ctrl Pts',(-29.1420704015151,17.7999999999997,1.66850791968161));
#7315=CARTESIAN_POINT('Ctrl Pts',(-29.142070401515,5.93333333333312,1.66850791968161));
#7316=CARTESIAN_POINT('Ctrl Pts',(-29.1420704015149,-5.93333333333342,1.66850791968161));
#7317=CARTESIAN_POINT('Ctrl Pts',(-29.1420704015148,-17.8,1.66850791968161));
#7318=CARTESIAN_POINT('Ctrl Pts',(-29.8263454488983,17.7999999999997,-0.45948400869339));
#7319=CARTESIAN_POINT('Ctrl Pts',(-29.8263454488982,5.93333333333314,-0.45948400869339));
#7320=CARTESIAN_POINT('Ctrl Pts',(-29.8263454488981,-5.93333333333345,-0.45948400869339));
#7321=CARTESIAN_POINT('Ctrl Pts',(-29.826345448898,-17.8,-0.45948400869339));
#7322=CARTESIAN_POINT('Ctrl Pts',(-30.0000000000003,17.7999999999997,-2.78781694653735));
#7323=CARTESIAN_POINT('Ctrl Pts',(-30.0000000000002,5.93333333333312,-2.78781694653735));
#7324=CARTESIAN_POINT('Ctrl Pts',(-30.0000000000001,-5.93333333333343,-2.78781694653735));
#7325=CARTESIAN_POINT('Ctrl Pts',(-30.,-17.8,-2.78781694653735));
#7326=CARTESIAN_POINT('Ctrl Pts',(-30.0000000000003,17.7999999999997,-4.));
#7327=CARTESIAN_POINT('Ctrl Pts',(-30.0000000000002,5.93333333333313,-4.));
#7328=CARTESIAN_POINT('Ctrl Pts',(-30.0000000000001,-5.93333333333344,-4.));
#7329=CARTESIAN_POINT('Ctrl Pts',(-30.,-17.8,-4.));
#7330=CARTESIAN_POINT('',(-28.4999999999966,-4.89999999999997,2.));
#7331=CARTESIAN_POINT('Ctrl Pts',(-28.5000000000001,-4.89999999999997,2.));
#7332=CARTESIAN_POINT('Ctrl Pts',(-28.5000000000001,-9.19999999999998,2.));
#7333=CARTESIAN_POINT('Ctrl Pts',(-28.5,-13.5,2.));
#7334=CARTESIAN_POINT('Ctrl Pts',(-28.5,-17.8,2.));
#7335=CARTESIAN_POINT('',(-29.61803398875,-4.89999999999998,0.));
#7336=CARTESIAN_POINT('Ctrl Pts',(-28.5000000000001,-4.89999999999998,2.));
#7337=CARTESIAN_POINT('Ctrl Pts',(-28.7020305089105,-4.89999999999998,2.));
#7338=CARTESIAN_POINT('Ctrl Pts',(-28.9220504552127,-4.89999999999998,1.83425395984081));
#7339=CARTESIAN_POINT('Ctrl Pts',(-29.1298140065614,-4.89999999999998,1.44738209285049));
#7340=CARTESIAN_POINT('Ctrl Pts',(-29.3100760656329,-4.89999999999998,1.11172014017503));
#7341=CARTESIAN_POINT('Ctrl Pts',(-29.4811117161411,-4.89999999999999,0.609598373666833));
#7342=CARTESIAN_POINT('Ctrl Pts',(-29.6179960787834,-4.89999999999999,0.000969390883716614));
#7343=CARTESIAN_POINT('',(-29.6180339887501,4.90000000000002,0.));
#7344=CARTESIAN_POINT('Ctrl Pts',(-29.61803398875,-4.89999999999998,0.));
#7345=CARTESIAN_POINT('Ctrl Pts',(-29.61803398875,-4.06266658471029,0.));
#7346=CARTESIAN_POINT('Ctrl Pts',(-29.61803398875,-3.22533316942059,1.62462456464428E-16));
#7347=CARTESIAN_POINT('Ctrl Pts',(-29.61803398875,0.0413334972460735,1.62462456464428E-16));
#7348=CARTESIAN_POINT('Ctrl Pts',(-29.6180339887501,2.47066674862305,0.));
#7349=CARTESIAN_POINT('Ctrl Pts',(-29.6180339887501,4.90000000000002,0.));
#7350=CARTESIAN_POINT('',(-28.5000000000002,4.90000000000003,2.));
#7351=CARTESIAN_POINT('Ctrl Pts',(-29.6179960787835,4.90000000000002,0.000969390883716614));
#7352=CARTESIAN_POINT('Ctrl Pts',(-29.4811117161412,4.90000000000002,0.609598373666833));
#7353=CARTESIAN_POINT('Ctrl Pts',(-29.310076065633,4.90000000000002,1.11172014017503));
#7354=CARTESIAN_POINT('Ctrl Pts',(-29.1298140065615,4.90000000000002,1.44738209285049));
#7355=CARTESIAN_POINT('Ctrl Pts',(-28.9220504552128,4.90000000000002,1.83425395984081));
#7356=CARTESIAN_POINT('Ctrl Pts',(-28.7020305089106,4.90000000000003,2.));
#7357=CARTESIAN_POINT('Ctrl Pts',(-28.5000000000002,4.90000000000003,2.));
#7358=CARTESIAN_POINT('Ctrl Pts',(-28.5000000000002,4.90000000000003,2.));
#7359=CARTESIAN_POINT('Ctrl Pts',(-28.5000000000002,9.19999999999992,2.));
#7360=CARTESIAN_POINT('Ctrl Pts',(-28.5000000000002,13.4999999999998,2.));
#7361=CARTESIAN_POINT('Ctrl Pts',(-28.5000000000003,17.7999999999997,2.));
#7362=CARTESIAN_POINT('Ctrl Pts',(-30.0000000000003,17.7999999999997,-4.));
#7363=CARTESIAN_POINT('Ctrl Pts',(-30.0000000000002,5.93333333333313,-4.));
#7364=CARTESIAN_POINT('Ctrl Pts',(-30.0000000000001,-5.93333333333344,-4.));
#7365=CARTESIAN_POINT('Ctrl Pts',(-30.,-17.8,-4.));
#7366=CARTESIAN_POINT('Ctrl Pts',(-17.8,-28.5000004470348,2.));
#7367=CARTESIAN_POINT('Ctrl Pts',(-5.93333333333334,-28.5000004470348,2.));
#7368=CARTESIAN_POINT('Ctrl Pts',(5.93333333333333,-28.5000004470348,2.));
#7369=CARTESIAN_POINT('Ctrl Pts',(17.8,-28.5000004470348,2.));
#7370=CARTESIAN_POINT('Ctrl Pts',(-17.8,-28.7020309559453,2.));
#7371=CARTESIAN_POINT('Ctrl Pts',(-5.93333333333334,-28.7020309559453,2.));
#7372=CARTESIAN_POINT('Ctrl Pts',(5.93333333333334,-28.7020309559453,2.));
#7373=CARTESIAN_POINT('Ctrl Pts',(17.8,-28.7020309559453,2.));
#7374=CARTESIAN_POINT('Ctrl Pts',(-17.8,-29.142070848548,1.66850791968631));
#7375=CARTESIAN_POINT('Ctrl Pts',(-5.93333333333333,-29.142070848548,1.66850791968631));
#7376=CARTESIAN_POINT('Ctrl Pts',(5.93333333333332,-29.142070848548,1.66850791968631));
#7377=CARTESIAN_POINT('Ctrl Pts',(17.8,-29.142070848548,1.66850791968631));
#7378=CARTESIAN_POINT('Ctrl Pts',(-17.8,-29.8263458959291,-0.459484008682216));
#7379=CARTESIAN_POINT('Ctrl Pts',(-5.93333333333335,-29.8263458959291,-0.459484008682216));
#7380=CARTESIAN_POINT('Ctrl Pts',(5.93333333333334,-29.8263458959291,-0.459484008682216));
#7381=CARTESIAN_POINT('Ctrl Pts',(17.8,-29.8263458959291,-0.459484008682216));
#7382=CARTESIAN_POINT('Ctrl Pts',(-17.8,-30.0000004470348,-2.78781694653735));
#7383=CARTESIAN_POINT('Ctrl Pts',(-5.93333333333333,-30.0000004470348,-2.78781694653735));
#7384=CARTESIAN_POINT('Ctrl Pts',(5.93333333333332,-30.0000004470348,-2.78781694653735));
#7385=CARTESIAN_POINT('Ctrl Pts',(17.8,-30.0000004470348,-2.78781694653735));
#7386=CARTESIAN_POINT('Ctrl Pts',(-17.8,-30.0000004470348,-4.));
#7387=CARTESIAN_POINT('Ctrl Pts',(-5.93333333333334,-30.0000004470348,-4.));
#7388=CARTESIAN_POINT('Ctrl Pts',(5.93333333333333,-30.0000004470348,-4.));
#7389=CARTESIAN_POINT('Ctrl Pts',(17.8,-30.0000004470348,-4.));
#7390=CARTESIAN_POINT('Ctrl Pts',(17.8,-28.5000004470348,2.));
#7391=CARTESIAN_POINT('Ctrl Pts',(5.93333333333333,-28.5000004470348,2.));
#7392=CARTESIAN_POINT('Ctrl Pts',(-5.93333333333334,-28.5000004470348,2.));
#7393=CARTESIAN_POINT('Ctrl Pts',(-17.8,-28.5000004470348,2.));
#7394=CARTESIAN_POINT('Ctrl Pts',(-17.8,-30.0000004470348,-4.));
#7395=CARTESIAN_POINT('Ctrl Pts',(-5.93333333333334,-30.0000004470348,-4.));
#7396=CARTESIAN_POINT('Ctrl Pts',(5.93333333333333,-30.0000004470348,-4.));
#7397=CARTESIAN_POINT('Ctrl Pts',(17.8,-30.0000004470348,-4.));
#7398=CARTESIAN_POINT('Origin',(-30.0000000000003,17.7999999999997,0.));
#7399=CARTESIAN_POINT('',(-30.0000004470351,17.7999999999997,-6.));
#7400=CARTESIAN_POINT('',(-30.0000004470351,17.7999999999997,0.));
#7401=CARTESIAN_POINT('',(-30.,-17.8,-6.));
#7402=CARTESIAN_POINT('',(-30.,-17.8,-6.));
#7403=CARTESIAN_POINT('',(-30.,-17.8,0.));
#7404=CARTESIAN_POINT('Origin',(-17.8,17.7999999999997,0.));
#7405=CARTESIAN_POINT('',(-17.8,30.0000004470348,-6.));
#7406=CARTESIAN_POINT('',(-17.8,30.0000004470348,0.));
#7407=CARTESIAN_POINT('Origin',(-17.8,17.7999999999997,-6.));
#7408=CARTESIAN_POINT('Origin',(17.7999999999999,30.0000004470348,0.));
#7409=CARTESIAN_POINT('',(17.7999999999999,30.0000004470348,-6.));
#7410=CARTESIAN_POINT('',(17.7999999999999,30.0000004470348,0.));
#7411=CARTESIAN_POINT('',(-17.8,30.0000004470348,-6.));
#7412=CARTESIAN_POINT('Origin',(17.7999999999999,17.8,0.));
#7413=CARTESIAN_POINT('',(30.0000004470348,17.8,-6.));
#7414=CARTESIAN_POINT('',(30.0000004470348,17.8,0.));
#7415=CARTESIAN_POINT('Origin',(17.7999999999999,17.8,-6.));
#7416=CARTESIAN_POINT('Origin',(-1.37667655053519E-13,0.,2.));
#7417=CARTESIAN_POINT('',(-28.,4.90000000000003,2.));
#7418=CARTESIAN_POINT('',(-14.0000000000001,4.90000000000014,2.));
#7419=CARTESIAN_POINT('',(-28.0000000000003,17.8,2.));
#7420=CARTESIAN_POINT('',(-28.,8.9,2.));
#7421=CARTESIAN_POINT('',(-17.8,28.,2.));
#7422=CARTESIAN_POINT('Origin',(-17.8,17.7999999999997,2.));
#7423=CARTESIAN_POINT('',(17.8,28.0000000000001,2.));
#7424=CARTESIAN_POINT('',(8.89999999999993,28.,2.));
#7425=CARTESIAN_POINT('',(28.,17.8,2.));
#7426=CARTESIAN_POINT('Origin',(17.7999999999999,17.8,2.));
#7427=CARTESIAN_POINT('',(27.9999999999995,-17.8,2.));
#7428=CARTESIAN_POINT('',(28.,-8.9,2.));
#7429=CARTESIAN_POINT('',(17.8,-28.,2.));
#7430=CARTESIAN_POINT('Origin',(17.8000000000001,-17.8000000000006,2.));
#7431=CARTESIAN_POINT('',(-17.8,-28.0000000000002,2.));
#7432=CARTESIAN_POINT('',(-8.90000000000007,-28.,2.));
#7433=CARTESIAN_POINT('',(-28.,-17.8,2.));
#7434=CARTESIAN_POINT('Origin',(-17.7999999999998,-17.8,2.));
#7435=CARTESIAN_POINT('',(-28.,-4.89999999999997,2.));
#7436=CARTESIAN_POINT('',(-28.,-2.44999999999999,2.));
#7437=CARTESIAN_POINT('',(-14.9999996647239,-4.89999999999987,2.));
#7438=CARTESIAN_POINT('Origin',(-28.,4.90000000000003,0.));
#7439=CARTESIAN_POINT('',(-28.,4.90000000000003,0.));
#7440=CARTESIAN_POINT('',(-28.,4.90000000000003,0.));
#7441=CARTESIAN_POINT('',(-28.,4.90000000000003,0.));
#7442=CARTESIAN_POINT('Origin',(-21.500000320375,-21.500000320375,-3.));
#7443=CARTESIAN_POINT('',(-19.500000320375,-21.500000320375,-3.));
#7444=CARTESIAN_POINT('Origin',(-21.500000320375,-21.500000320375,-3.));
#7445=CARTESIAN_POINT('',(-22.95,-21.5,-3.));
#7446=CARTESIAN_POINT('Origin',(-21.5,-21.5,-3.));
#7447=CARTESIAN_POINT('Origin',(-21.500000320375,-21.500000320375,-4.5));
#7448=CARTESIAN_POINT('',(-19.500000320375,-21.500000320375,-6.));
#7449=CARTESIAN_POINT('Origin',(-21.500000320375,-21.500000320375,-6.));
#7450=CARTESIAN_POINT('',(-19.500000320375,-21.500000320375,-4.5));
#7451=CARTESIAN_POINT('Origin',(21.500000320375,21.500000320375,-3.));
#7452=CARTESIAN_POINT('',(23.500000320375,21.500000320375,-3.));
#7453=CARTESIAN_POINT('Origin',(21.500000320375,21.500000320375,-3.));
#7454=CARTESIAN_POINT('',(20.05,21.5,-3.));
#7455=CARTESIAN_POINT('Origin',(21.5,21.5,-3.));
#7456=CARTESIAN_POINT('Origin',(21.500000320375,21.500000320375,-4.5));
#7457=CARTESIAN_POINT('',(23.500000320375,21.500000320375,-6.));
#7458=CARTESIAN_POINT('Origin',(21.500000320375,21.500000320375,-6.));
#7459=CARTESIAN_POINT('',(23.500000320375,21.500000320375,-4.5));
#7460=CARTESIAN_POINT('Origin',(-21.500000320375,21.500000320375,-3.));
#7461=CARTESIAN_POINT('',(-19.500000320375,21.500000320375,-3.));
#7462=CARTESIAN_POINT('Origin',(-21.500000320375,21.500000320375,-3.));
#7463=CARTESIAN_POINT('',(-22.95,21.5,-3.));
#7464=CARTESIAN_POINT('Origin',(-21.5,21.5,-3.));
#7465=CARTESIAN_POINT('Origin',(-21.500000320375,21.500000320375,-4.5));
#7466=CARTESIAN_POINT('',(-19.500000320375,21.500000320375,-6.));
#7467=CARTESIAN_POINT('Origin',(-21.500000320375,21.500000320375,-6.));
#7468=CARTESIAN_POINT('',(-19.500000320375,21.500000320375,-4.5));
#7469=CARTESIAN_POINT('Origin',(21.500000320375,-21.500000320375,-3.));
#7470=CARTESIAN_POINT('',(23.500000320375,-21.500000320375,-3.));
#7471=CARTESIAN_POINT('Origin',(21.500000320375,-21.500000320375,-3.));
#7472=CARTESIAN_POINT('',(20.05,-21.5,-3.));
#7473=CARTESIAN_POINT('Origin',(21.5,-21.5,-3.));
#7474=CARTESIAN_POINT('Origin',(21.500000320375,-21.500000320375,-4.5));
#7475=CARTESIAN_POINT('',(23.500000320375,-21.500000320375,-6.));
#7476=CARTESIAN_POINT('Origin',(21.500000320375,-21.500000320375,-6.));
#7477=CARTESIAN_POINT('',(23.500000320375,-21.500000320375,-4.5));
#7478=CARTESIAN_POINT('Origin',(12.75,-18.4122867597285,0.));
#7479=CARTESIAN_POINT('',(12.75,-18.4122867597285,0.));
#7480=CARTESIAN_POINT('',(12.75,-21.5877132402715,0.));
#7481=CARTESIAN_POINT('',(12.75,-9.20614337986428,0.));
#7482=CARTESIAN_POINT('',(12.75,-18.4122867597285,-3.));
#7483=CARTESIAN_POINT('',(12.75,-18.4122867597285,0.));
#7484=CARTESIAN_POINT('',(12.75,-21.5877132402715,-3.));
#7485=CARTESIAN_POINT('',(12.75,-21.5877132402715,-3.));
#7486=CARTESIAN_POINT('',(12.75,-21.5877132402715,0.));
#7487=CARTESIAN_POINT('Origin',(10.,-16.8245735194571,0.));
#7488=CARTESIAN_POINT('',(12.75,-18.4122867597285,-3.));
#7489=CARTESIAN_POINT('',(2.23237289725878,-12.3399319207248,0.));
#7490=CARTESIAN_POINT('Origin',(10.,-23.1754264805429,0.));
#7491=CARTESIAN_POINT('',(10.,-23.1754264805429,0.));
#7492=CARTESIAN_POINT('',(0.857372897258783,-17.8969282616749,0.));
#7493=CARTESIAN_POINT('',(10.,-23.1754264805429,-3.));
#7494=CARTESIAN_POINT('',(10.,-23.1754264805429,0.));
#7495=CARTESIAN_POINT('',(7.25,-21.5877132402715,-3.));
#7496=CARTESIAN_POINT('Origin',(12.75,-21.5877132402715,0.));
#7497=CARTESIAN_POINT('',(12.2676269351032,-21.8662114591395,0.));
#7498=CARTESIAN_POINT('',(10.,-23.1754264805429,-3.));
#7499=CARTESIAN_POINT('Origin',(10.,-20.,-3.));
#7500=CARTESIAN_POINT('',(8.25,-20.,-3.));
#7501=CARTESIAN_POINT('Origin',(10.,-20.,-3.));
#7502=CARTESIAN_POINT('Origin',(-17.25,-8.41228675972853,0.));
#7503=CARTESIAN_POINT('',(-17.25,-8.41228675972853,-3.));
#7504=CARTESIAN_POINT('',(-17.25,-8.41228675972853,0.));
#7505=CARTESIAN_POINT('',(-17.25,-11.5877132402715,-3.));
#7506=CARTESIAN_POINT('',(-17.25,-11.5877132402715,-3.));
#7507=CARTESIAN_POINT('',(-17.25,-11.5877132402715,0.));
#7508=CARTESIAN_POINT('Origin',(-20.,-6.82457351945706,0.));
#7509=CARTESIAN_POINT('',(-20.,-6.82457351945706,-3.));
#7510=CARTESIAN_POINT('',(-20.,-6.82457351945706,0.));
#7511=CARTESIAN_POINT('',(-17.25,-8.41228675972853,-3.));
#7512=CARTESIAN_POINT('Origin',(-22.75,-8.41228675972853,0.));
#7513=CARTESIAN_POINT('',(-22.75,-8.41228675972853,0.));
#7514=CARTESIAN_POINT('',(-12.7724365743579,-2.65173783007752,0.));
#7515=CARTESIAN_POINT('',(-22.75,-8.41228675972853,-3.));
#7516=CARTESIAN_POINT('',(-22.75,-8.41228675972853,0.));
#7517=CARTESIAN_POINT('',(-20.,-6.82457351945706,-3.));
#7518=CARTESIAN_POINT('Origin',(-22.75,-11.5877132402715,0.));
#7519=CARTESIAN_POINT('',(-22.75,-11.5877132402715,0.));
#7520=CARTESIAN_POINT('',(-22.75,-5.79385662013575,0.));
#7521=CARTESIAN_POINT('',(-22.75,-11.5877132402715,-3.));
#7522=CARTESIAN_POINT('',(-22.75,-11.5877132402715,0.));
#7523=CARTESIAN_POINT('',(-22.75,-8.41228675972853,-3.));
#7524=CARTESIAN_POINT('Origin',(-20.,-13.1754264805429,0.));
#7525=CARTESIAN_POINT('',(-20.,-13.1754264805429,0.));
#7526=CARTESIAN_POINT('',(-15.7275635932801,-15.6421187900582,0.));
#7527=CARTESIAN_POINT('',(-20.,-13.1754264805429,-3.));
#7528=CARTESIAN_POINT('',(-20.,-13.1754264805429,0.));
#7529=CARTESIAN_POINT('',(-22.75,-11.5877132402715,-3.));
#7530=CARTESIAN_POINT('Origin',(-17.25,-11.5877132402715,0.));
#7531=CARTESIAN_POINT('',(-20.,-13.1754264805429,-3.));
#7532=CARTESIAN_POINT('',(-8.64743657435794,-6.62102093075621,0.));
#7533=CARTESIAN_POINT('Origin',(-20.,-10.,-3.));
#7534=CARTESIAN_POINT('',(-21.75,-10.,-3.));
#7535=CARTESIAN_POINT('Origin',(-20.,-10.,-3.));
#7536=CARTESIAN_POINT('Origin',(12.75,1.58771324027147,0.));
#7537=CARTESIAN_POINT('',(12.75,1.58771324027147,-3.));
#7538=CARTESIAN_POINT('',(12.75,1.58771324027147,0.));
#7539=CARTESIAN_POINT('',(12.75,-1.58771324027147,-3.));
#7540=CARTESIAN_POINT('',(12.75,-1.58771324027147,-3.));
#7541=CARTESIAN_POINT('',(12.75,-1.58771324027147,0.));
#7542=CARTESIAN_POINT('Origin',(10.,3.17542648054294,0.));
#7543=CARTESIAN_POINT('',(10.,3.17542648054294,-3.));
#7544=CARTESIAN_POINT('',(10.,3.17542648054294,0.));
#7545=CARTESIAN_POINT('',(12.75,1.58771324027147,-3.));
#7546=CARTESIAN_POINT('Origin',(7.25,1.58771324027147,0.));
#7547=CARTESIAN_POINT('',(7.25,1.58771324027147,-3.));
#7548=CARTESIAN_POINT('',(7.25,1.58771324027147,0.));
#7549=CARTESIAN_POINT('',(10.,3.17542648054294,-3.));
#7550=CARTESIAN_POINT('Origin',(7.25,-1.58771324027147,0.));
#7551=CARTESIAN_POINT('',(7.25,-1.58771324027147,-3.));
#7552=CARTESIAN_POINT('',(7.25,-1.58771324027147,0.));
#7553=CARTESIAN_POINT('',(7.25,1.58771324027147,-3.));
#7554=CARTESIAN_POINT('Origin',(10.,-3.17542648054294,0.));
#7555=CARTESIAN_POINT('',(10.,-3.17542648054294,-3.));
#7556=CARTESIAN_POINT('',(10.,-3.17542648054294,0.));
#7557=CARTESIAN_POINT('',(7.25,-1.58771324027147,-3.));
#7558=CARTESIAN_POINT('Origin',(12.75,-1.58771324027147,0.));
#7559=CARTESIAN_POINT('',(10.,-3.17542648054294,-3.));
#7560=CARTESIAN_POINT('Origin',(10.,5.55111512312578E-16,-3.));
#7561=CARTESIAN_POINT('',(8.25,-2.14313189850787E-16,-3.));
#7562=CARTESIAN_POINT('Origin',(10.,0.,-3.));
#7563=CARTESIAN_POINT('Origin',(2.75,11.5877132402715,0.));
#7564=CARTESIAN_POINT('',(2.75,11.5877132402715,-3.));
#7565=CARTESIAN_POINT('',(2.75,11.5877132402715,0.));
#7566=CARTESIAN_POINT('',(2.75,8.41228675972853,-3.));
#7567=CARTESIAN_POINT('',(2.75,8.41228675972853,-3.));
#7568=CARTESIAN_POINT('',(2.75,8.41228675972853,0.));
#7569=CARTESIAN_POINT('Origin',(1.66533453693773E-15,13.1754264805429,0.));
#7570=CARTESIAN_POINT('',(8.32667268468867E-16,13.1754264805429,-3.));
#7571=CARTESIAN_POINT('',(8.32667268468867E-16,13.1754264805429,0.));
#7572=CARTESIAN_POINT('',(2.75,11.5877132402715,-3.));
#7573=CARTESIAN_POINT('Origin',(-2.75,11.5877132402715,0.));
#7574=CARTESIAN_POINT('',(-2.75,11.5877132402715,-3.));
#7575=CARTESIAN_POINT('',(-2.75,11.5877132402715,0.));
#7576=CARTESIAN_POINT('',(8.32667268468867E-16,13.1754264805429,-3.));
#7577=CARTESIAN_POINT('Origin',(-2.75,8.41228675972853,0.));
#7578=CARTESIAN_POINT('',(-2.75,8.41228675972853,-3.));
#7579=CARTESIAN_POINT('',(-2.75,8.41228675972853,0.));
#7580=CARTESIAN_POINT('',(-2.75,11.5877132402715,-3.));
#7581=CARTESIAN_POINT('Origin',(-2.22044604925031E-15,6.82457351945706,
0.));
#7582=CARTESIAN_POINT('',(-2.22044604925031E-15,6.82457351945706,-3.));
#7583=CARTESIAN_POINT('',(-2.22044604925031E-15,6.82457351945706,0.));
#7584=CARTESIAN_POINT('',(-2.75,8.41228675972853,-3.));
#7585=CARTESIAN_POINT('Origin',(2.75,8.41228675972853,0.));
#7586=CARTESIAN_POINT('',(-2.22044604925031E-15,6.82457351945706,-3.));
#7587=CARTESIAN_POINT('Origin',(-5.55111512312578E-16,10.,-3.));
#7588=CARTESIAN_POINT('',(-1.75,10.,-3.));
#7589=CARTESIAN_POINT('Origin',(0.,10.,-3.));
#7590=CARTESIAN_POINT('Origin',(-17.25,11.5877132402715,0.));
#7591=CARTESIAN_POINT('',(-17.25,11.5877132402715,-3.));
#7592=CARTESIAN_POINT('',(-17.25,11.5877132402715,0.));
#7593=CARTESIAN_POINT('',(-17.25,8.41228675972853,-3.));
#7594=CARTESIAN_POINT('',(-17.25,8.41228675972853,-3.));
#7595=CARTESIAN_POINT('',(-17.25,8.41228675972853,0.));
#7596=CARTESIAN_POINT('Origin',(-20.,13.1754264805429,0.));
#7597=CARTESIAN_POINT('',(-20.,13.1754264805429,0.));
#7598=CARTESIAN_POINT('',(-10.0224365743579,7.41487755089192,0.));
#7599=CARTESIAN_POINT('',(-20.,13.1754264805429,-3.));
#7600=CARTESIAN_POINT('',(-20.,13.1754264805429,0.));
#7601=CARTESIAN_POINT('',(-17.25,11.5877132402715,-3.));
#7602=CARTESIAN_POINT('Origin',(-22.75,11.5877132402715,0.));
#7603=CARTESIAN_POINT('',(-22.75,11.5877132402715,0.));
#7604=CARTESIAN_POINT('',(-17.1025635932801,14.8482621699225,0.));
#7605=CARTESIAN_POINT('',(-22.75,11.5877132402715,-3.));
#7606=CARTESIAN_POINT('',(-22.75,11.5877132402715,0.));
#7607=CARTESIAN_POINT('',(-20.,13.1754264805429,-3.));
#7608=CARTESIAN_POINT('Origin',(-22.75,8.41228675972853,0.));
#7609=CARTESIAN_POINT('',(-22.75,8.41228675972853,0.));
#7610=CARTESIAN_POINT('',(-22.75,4.20614337986425,0.));
#7611=CARTESIAN_POINT('',(-22.75,8.41228675972853,-3.));
#7612=CARTESIAN_POINT('',(-22.75,8.41228675972853,0.));
#7613=CARTESIAN_POINT('',(-22.75,11.5877132402715,-3.));
#7614=CARTESIAN_POINT('Origin',(-20.,6.82457351945706,0.));
#7615=CARTESIAN_POINT('',(-11.3974365743579,1.85788120994177,0.));
#7616=CARTESIAN_POINT('',(-20.,6.82457351945706,-3.));
#7617=CARTESIAN_POINT('',(-20.,6.82457351945706,0.));
#7618=CARTESIAN_POINT('',(-22.75,8.41228675972853,-3.));
#7619=CARTESIAN_POINT('Origin',(-17.25,8.41228675972853,0.));
#7620=CARTESIAN_POINT('',(-20.,6.82457351945706,-3.));
#7621=CARTESIAN_POINT('Origin',(-20.,10.,-3.));
#7622=CARTESIAN_POINT('',(-21.75,10.,-3.));
#7623=CARTESIAN_POINT('Origin',(-20.,10.,-3.));
#7624=CARTESIAN_POINT('Origin',(-7.25,11.5877132402715,0.));
#7625=CARTESIAN_POINT('',(-7.25,11.5877132402715,-3.));
#7626=CARTESIAN_POINT('',(-7.25,11.5877132402715,0.));
#7627=CARTESIAN_POINT('',(-7.25,8.41228675972853,-3.));
#7628=CARTESIAN_POINT('',(-7.25,8.41228675972853,-3.));
#7629=CARTESIAN_POINT('',(-7.25,8.41228675972853,0.));
#7630=CARTESIAN_POINT('Origin',(-10.,13.1754264805429,0.));
#7631=CARTESIAN_POINT('',(-7.25,11.5877132402715,-3.));
#7632=CARTESIAN_POINT('Origin',(-10.,6.82457351945706,0.));
#7633=CARTESIAN_POINT('',(-10.,6.82457351945706,-3.));
#7634=CARTESIAN_POINT('',(-10.,6.82457351945706,0.));
#7635=CARTESIAN_POINT('',(-12.75,8.41228675972853,-3.));
#7636=CARTESIAN_POINT('Origin',(-7.25,8.41228675972853,0.));
#7637=CARTESIAN_POINT('',(-10.,6.82457351945706,-3.));
#7638=CARTESIAN_POINT('Origin',(-10.,10.,-3.));
#7639=CARTESIAN_POINT('',(-11.75,10.,-3.));
#7640=CARTESIAN_POINT('Origin',(-10.,10.,-3.));
#7641=CARTESIAN_POINT('Origin',(12.75,21.5877132402715,0.));
#7642=CARTESIAN_POINT('',(12.75,21.5877132402715,0.));
#7643=CARTESIAN_POINT('',(12.75,10.7938566201357,0.));
#7644=CARTESIAN_POINT('',(12.75,21.5877132402715,-3.));
#7645=CARTESIAN_POINT('',(12.75,21.5877132402715,0.));
#7646=CARTESIAN_POINT('',(12.75,18.4122867597285,-3.));
#7647=CARTESIAN_POINT('Origin',(10.,23.1754264805429,0.));
#7648=CARTESIAN_POINT('',(10.,23.1754264805429,0.));
#7649=CARTESIAN_POINT('',(10.8926269351032,22.6600680792752,0.));
#7650=CARTESIAN_POINT('',(10.,23.1754264805429,-3.));
#7651=CARTESIAN_POINT('',(10.,23.1754264805429,0.));
#7652=CARTESIAN_POINT('',(12.75,21.5877132402715,-3.));
#7653=CARTESIAN_POINT('Origin',(7.25,21.5877132402715,0.));
#7654=CARTESIAN_POINT('',(7.25,21.5877132402715,0.));
#7655=CARTESIAN_POINT('',(-0.517627102741233,17.1030716415392,0.));
#7656=CARTESIAN_POINT('',(7.25,21.5877132402715,-3.));
#7657=CARTESIAN_POINT('',(7.25,21.5877132402715,0.));
#7658=CARTESIAN_POINT('',(10.,23.1754264805429,-3.));
#7659=CARTESIAN_POINT('Origin',(7.25,18.4122867597285,0.));
#7660=CARTESIAN_POINT('',(7.25,21.5877132402715,-3.));
#7661=CARTESIAN_POINT('',(7.24999999999999,9.20614337986424,0.));
#7662=CARTESIAN_POINT('Origin',(10.,20.,-3.));
#7663=CARTESIAN_POINT('',(8.25,20.,-3.));
#7664=CARTESIAN_POINT('Origin',(10.,20.,-3.));
#7665=CARTESIAN_POINT('Origin',(22.75,1.58771324027147,0.));
#7666=CARTESIAN_POINT('',(22.75,1.58771324027147,0.));
#7667=CARTESIAN_POINT('',(22.75,-1.58771324027147,0.));
#7668=CARTESIAN_POINT('',(22.75,0.793856620135715,0.));
#7669=CARTESIAN_POINT('',(22.75,1.58771324027147,-3.));
#7670=CARTESIAN_POINT('',(22.75,1.58771324027147,0.));
#7671=CARTESIAN_POINT('',(22.75,-1.58771324027147,-3.));
#7672=CARTESIAN_POINT('',(22.75,-1.58771324027147,-3.));
#7673=CARTESIAN_POINT('',(22.75,-1.58771324027147,0.));
#7674=CARTESIAN_POINT('Origin',(20.,3.17542648054294,0.));
#7675=CARTESIAN_POINT('',(12.812499916181,7.32513158873631,0.));
#7676=CARTESIAN_POINT('',(22.75,1.58771324027147,-3.));
#7677=CARTESIAN_POINT('Origin',(22.75,-1.58771324027147,0.));
#7678=CARTESIAN_POINT('',(14.187499916181,-6.53127496860058,0.));
#7679=CARTESIAN_POINT('',(20.,-3.17542648054294,-3.));
#7680=CARTESIAN_POINT('Origin',(20.,5.55111512312578E-16,-3.));
#7681=CARTESIAN_POINT('',(18.25,-2.14313189850787E-16,-3.));
#7682=CARTESIAN_POINT('Origin',(20.,0.,-3.));
#7683=CARTESIAN_POINT('Origin',(-17.25,1.58771324027147,0.));
#7684=CARTESIAN_POINT('',(-17.25,1.58771324027147,-3.));
#7685=CARTESIAN_POINT('',(-17.25,1.58771324027147,0.));
#7686=CARTESIAN_POINT('',(-17.25,-1.58771324027147,-3.));
#7687=CARTESIAN_POINT('',(-17.25,-1.58771324027147,-3.));
#7688=CARTESIAN_POINT('',(-17.25,-1.58771324027147,0.));
#7689=CARTESIAN_POINT('Origin',(-20.,3.17542648054294,0.));
#7690=CARTESIAN_POINT('',(-20.,3.17542648054294,-3.));
#7691=CARTESIAN_POINT('',(-20.,3.17542648054294,0.));
#7692=CARTESIAN_POINT('',(-17.25,1.58771324027147,-3.));
#7693=CARTESIAN_POINT('Origin',(-22.75,1.58771324027147,0.));
#7694=CARTESIAN_POINT('',(-22.75,1.58771324027147,0.));
#7695=CARTESIAN_POINT('',(-14.937500083819,6.09826216992248,0.));
#7696=CARTESIAN_POINT('',(-22.75,1.58771324027147,-3.));
#7697=CARTESIAN_POINT('',(-22.75,1.58771324027147,0.));
#7698=CARTESIAN_POINT('',(-20.,3.17542648054294,-3.));
#7699=CARTESIAN_POINT('Origin',(-22.75,-1.58771324027147,0.));
#7700=CARTESIAN_POINT('',(-22.75,-1.58771324027147,0.));
#7701=CARTESIAN_POINT('',(-22.75,-0.793856620135755,0.));
#7702=CARTESIAN_POINT('',(-22.75,-1.58771324027147,-3.));
#7703=CARTESIAN_POINT('',(-22.75,-1.58771324027147,0.));
#7704=CARTESIAN_POINT('',(-22.75,1.58771324027147,-3.));
#7705=CARTESIAN_POINT('Origin',(-20.,-3.17542648054294,0.));
#7706=CARTESIAN_POINT('',(-13.562500083819,-6.89211879005823,0.));
#7707=CARTESIAN_POINT('',(-20.,-3.17542648054294,-3.));
#7708=CARTESIAN_POINT('',(-20.,-3.17542648054294,0.));
#7709=CARTESIAN_POINT('',(-22.75,-1.58771324027147,-3.));
#7710=CARTESIAN_POINT('Origin',(-17.25,-1.58771324027147,0.));
#7711=CARTESIAN_POINT('',(-20.,-3.17542648054294,-3.));
#7712=CARTESIAN_POINT('Origin',(-20.,5.55111512312578E-16,-3.));
#7713=CARTESIAN_POINT('',(-21.75,-2.14313189850787E-16,-3.));
#7714=CARTESIAN_POINT('Origin',(-20.,0.,-3.));
#7715=CARTESIAN_POINT('Origin',(22.75,-8.41228675972853,0.));
#7716=CARTESIAN_POINT('',(22.75,-8.41228675972853,0.));
#7717=CARTESIAN_POINT('',(22.75,-11.5877132402715,0.));
#7718=CARTESIAN_POINT('',(22.75,-4.20614337986428,0.));
#7719=CARTESIAN_POINT('',(22.75,-8.41228675972853,-3.));
#7720=CARTESIAN_POINT('',(22.75,-8.41228675972853,0.));
#7721=CARTESIAN_POINT('',(22.75,-11.5877132402715,-3.));
#7722=CARTESIAN_POINT('',(22.75,-11.5877132402715,-3.));
#7723=CARTESIAN_POINT('',(22.75,-11.5877132402715,0.));
#7724=CARTESIAN_POINT('Origin',(20.,-6.82457351945706,0.));
#7725=CARTESIAN_POINT('',(10.6474364067199,-1.42486841126368,0.));
#7726=CARTESIAN_POINT('',(22.75,-8.41228675972853,-3.));
#7727=CARTESIAN_POINT('Origin',(22.75,-11.5877132402715,0.));
#7728=CARTESIAN_POINT('',(16.352563425642,-15.2812749686006,0.));
#7729=CARTESIAN_POINT('',(20.,-13.1754264805429,-3.));
#7730=CARTESIAN_POINT('Origin',(20.,-10.,-3.));
#7731=CARTESIAN_POINT('',(18.25,-10.,-3.));
#7732=CARTESIAN_POINT('Origin',(20.,-10.,-3.));
#7733=CARTESIAN_POINT('Origin',(2.75,-18.4122867597285,0.));
#7734=CARTESIAN_POINT('',(2.75,-21.5877132402715,-3.));
#7735=CARTESIAN_POINT('',(2.75,-21.5877132402715,-3.));
#7736=CARTESIAN_POINT('',(2.75,-21.5877132402715,0.));
#7737=CARTESIAN_POINT('',(2.75,-21.5877132402715,0.));
#7738=CARTESIAN_POINT('',(2.75,-9.20614337986428,0.));
#7739=CARTESIAN_POINT('Origin',(-2.75,-18.4122867597285,0.));
#7740=CARTESIAN_POINT('',(8.32667268468867E-16,-16.8245735194571,-3.));
#7741=CARTESIAN_POINT('Origin',(-2.22044604925031E-15,-23.1754264805429,
0.));
#7742=CARTESIAN_POINT('',(-2.22044604925031E-15,-23.1754264805429,0.));
#7743=CARTESIAN_POINT('',(-5.39262710274122,-20.061991771136,0.));
#7744=CARTESIAN_POINT('',(-2.22044604925031E-15,-23.1754264805429,-3.));
#7745=CARTESIAN_POINT('',(-2.22044604925031E-15,-23.1754264805429,0.));
#7746=CARTESIAN_POINT('',(-2.75,-21.5877132402715,-3.));
#7747=CARTESIAN_POINT('Origin',(2.75,-21.5877132402715,0.));
#7748=CARTESIAN_POINT('',(6.01762693510315,-19.7011479496784,0.));
#7749=CARTESIAN_POINT('',(-2.22044604925031E-15,-23.1754264805429,-3.));
#7750=CARTESIAN_POINT('Origin',(-5.55111512312578E-16,-20.,-3.));
#7751=CARTESIAN_POINT('',(-1.75,-20.,-3.));
#7752=CARTESIAN_POINT('Origin',(0.,-20.,-3.));
#7753=CARTESIAN_POINT('Origin',(2.75,-8.41228675972853,0.));
#7754=CARTESIAN_POINT('',(2.75,-8.41228675972853,-3.));
#7755=CARTESIAN_POINT('',(2.75,-8.41228675972853,0.));
#7756=CARTESIAN_POINT('',(2.75,-11.5877132402715,-3.));
#7757=CARTESIAN_POINT('',(2.75,-11.5877132402715,-3.));
#7758=CARTESIAN_POINT('',(2.75,-11.5877132402715,0.));
#7759=CARTESIAN_POINT('Origin',(1.66533453693773E-15,-6.82457351945706,
0.));
#7760=CARTESIAN_POINT('',(8.32667268468867E-16,-6.82457351945706,-3.));
#7761=CARTESIAN_POINT('',(8.32667268468867E-16,-6.82457351945706,0.));
#7762=CARTESIAN_POINT('',(2.75,-8.41228675972853,-3.));
#7763=CARTESIAN_POINT('Origin',(-2.75,-8.41228675972853,0.));
#7764=CARTESIAN_POINT('',(-2.75,-8.41228675972853,-3.));
#7765=CARTESIAN_POINT('',(-2.75,-8.41228675972853,0.));
#7766=CARTESIAN_POINT('',(8.32667268468867E-16,-6.82457351945706,-3.));
#7767=CARTESIAN_POINT('Origin',(-2.75,-11.5877132402715,0.));
#7768=CARTESIAN_POINT('',(-2.75,-11.5877132402715,-3.));
#7769=CARTESIAN_POINT('',(-2.75,-11.5877132402715,0.));
#7770=CARTESIAN_POINT('',(-2.75,-8.41228675972853,-3.));
#7771=CARTESIAN_POINT('Origin',(-2.22044604925031E-15,-13.1754264805429,
0.));
#7772=CARTESIAN_POINT('',(-2.22044604925031E-15,-13.1754264805429,-3.));
#7773=CARTESIAN_POINT('',(-2.22044604925031E-15,-13.1754264805429,0.));
#7774=CARTESIAN_POINT('',(-2.75,-11.5877132402715,-3.));
#7775=CARTESIAN_POINT('Origin',(2.75,-11.5877132402715,0.));
#7776=CARTESIAN_POINT('',(-2.22044604925031E-15,-13.1754264805429,-3.));
#7777=CARTESIAN_POINT('Origin',(-5.55111512312578E-16,-10.,-3.));
#7778=CARTESIAN_POINT('',(-1.75,-10.,-3.));
#7779=CARTESIAN_POINT('Origin',(0.,-10.,-3.));
#7780=CARTESIAN_POINT('Origin',(1.66533453693773E-15,3.17542648054294,0.));
#7781=CARTESIAN_POINT('',(8.32667268468867E-16,3.17542648054294,-3.));
#7782=CARTESIAN_POINT('',(8.32667268468867E-16,3.17542648054294,0.));
#7783=CARTESIAN_POINT('',(2.75,1.58771324027147,-3.));
#7784=CARTESIAN_POINT('',(2.75,1.58771324027147,-3.));
#7785=CARTESIAN_POINT('',(2.75,1.58771324027147,0.));
#7786=CARTESIAN_POINT('Origin',(-2.75,1.58771324027147,0.));
#7787=CARTESIAN_POINT('',(-2.75,1.58771324027147,-3.));
#7788=CARTESIAN_POINT('',(-2.75,1.58771324027147,0.));
#7789=CARTESIAN_POINT('',(8.32667268468867E-16,3.17542648054294,-3.));
#7790=CARTESIAN_POINT('Origin',(-2.75,-1.58771324027147,0.));
#7791=CARTESIAN_POINT('',(-2.75,1.58771324027147,-3.));
#7792=CARTESIAN_POINT('Origin',(2.75,-1.58771324027147,0.));
#7793=CARTESIAN_POINT('',(2.75,-1.58771324027147,-3.));
#7794=CARTESIAN_POINT('',(2.75,-1.58771324027147,0.));
#7795=CARTESIAN_POINT('',(-2.22044604925031E-15,-3.17542648054294,-3.));
#7796=CARTESIAN_POINT('Origin',(2.75,1.58771324027147,0.));
#7797=CARTESIAN_POINT('',(2.75,-1.58771324027147,-3.));
#7798=CARTESIAN_POINT('Origin',(-5.55111512312578E-16,0.,-3.));
#7799=CARTESIAN_POINT('',(-1.75,-2.14313189850787E-16,-3.));
#7800=CARTESIAN_POINT('Origin',(0.,0.,-3.));
#7801=CARTESIAN_POINT('Origin',(12.75,11.5877132402715,0.));
#7802=CARTESIAN_POINT('',(12.75,11.5877132402715,-3.));
#7803=CARTESIAN_POINT('',(12.75,11.5877132402715,0.));
#7804=CARTESIAN_POINT('',(12.75,8.41228675972853,-3.));
#7805=CARTESIAN_POINT('',(12.75,8.41228675972853,-3.));
#7806=CARTESIAN_POINT('',(12.75,8.41228675972853,0.));
#7807=CARTESIAN_POINT('Origin',(10.,13.1754264805429,0.));
#7808=CARTESIAN_POINT('',(10.,13.1754264805429,-3.));
#7809=CARTESIAN_POINT('',(10.,13.1754264805429,0.));
#7810=CARTESIAN_POINT('',(12.75,11.5877132402715,-3.));
#7811=CARTESIAN_POINT('Origin',(7.25,11.5877132402715,0.));
#7812=CARTESIAN_POINT('',(7.25,11.5877132402715,-3.));
#7813=CARTESIAN_POINT('',(7.25,11.5877132402715,0.));
#7814=CARTESIAN_POINT('',(10.,13.1754264805429,-3.));
#7815=CARTESIAN_POINT('Origin',(7.25,8.41228675972853,0.));
#7816=CARTESIAN_POINT('',(7.25,8.41228675972853,-3.));
#7817=CARTESIAN_POINT('',(7.25,8.41228675972853,0.));
#7818=CARTESIAN_POINT('',(7.25,11.5877132402715,-3.));
#7819=CARTESIAN_POINT('Origin',(10.,6.82457351945706,0.));
#7820=CARTESIAN_POINT('',(10.,6.82457351945706,-3.));
#7821=CARTESIAN_POINT('',(10.,6.82457351945706,0.));
#7822=CARTESIAN_POINT('',(7.25,8.41228675972853,-3.));
#7823=CARTESIAN_POINT('Origin',(12.75,8.41228675972853,0.));
#7824=CARTESIAN_POINT('',(10.,6.82457351945706,-3.));
#7825=CARTESIAN_POINT('Origin',(10.,10.,-3.));
#7826=CARTESIAN_POINT('',(8.25,10.,-3.));
#7827=CARTESIAN_POINT('Origin',(10.,10.,-3.));
#7828=CARTESIAN_POINT('Origin',(-7.25,21.5877132402715,0.));
#7829=CARTESIAN_POINT('',(-7.25,21.5877132402715,0.));
#7830=CARTESIAN_POINT('',(-7.25,10.7938566201357,0.));
#7831=CARTESIAN_POINT('',(-7.25,21.5877132402715,-3.));
#7832=CARTESIAN_POINT('',(-7.25,21.5877132402715,0.));
#7833=CARTESIAN_POINT('',(-7.25,18.4122867597285,-3.));
#7834=CARTESIAN_POINT('',(-7.25,18.4122867597285,-3.));
#7835=CARTESIAN_POINT('',(-7.25,18.4122867597285,0.));
#7836=CARTESIAN_POINT('Origin',(-10.,23.1754264805429,0.));
#7837=CARTESIAN_POINT('',(-10.,23.1754264805429,0.));
#7838=CARTESIAN_POINT('',(-1.60737306489683,18.329941060353,0.));
#7839=CARTESIAN_POINT('',(-10.,23.1754264805429,-3.));
#7840=CARTESIAN_POINT('',(-10.,23.1754264805429,0.));
#7841=CARTESIAN_POINT('',(-7.25,21.5877132402715,-3.));
#7842=CARTESIAN_POINT('Origin',(-12.75,21.5877132402715,0.));
#7843=CARTESIAN_POINT('',(-12.75,21.5877132402715,0.));
#7844=CARTESIAN_POINT('',(-13.0176271027412,21.4331986604614,0.));
#7845=CARTESIAN_POINT('',(-12.75,21.5877132402715,-3.));
#7846=CARTESIAN_POINT('',(-12.75,21.5877132402715,0.));
#7847=CARTESIAN_POINT('',(-10.,23.1754264805429,-3.));
#7848=CARTESIAN_POINT('Origin',(-12.75,18.4122867597285,0.));
#7849=CARTESIAN_POINT('',(-12.75,18.4122867597285,0.));
#7850=CARTESIAN_POINT('',(-12.75,9.20614337986425,0.));
#7851=CARTESIAN_POINT('',(-12.75,18.4122867597285,-3.));
#7852=CARTESIAN_POINT('',(-12.75,18.4122867597285,0.));
#7853=CARTESIAN_POINT('',(-12.75,21.5877132402715,-3.));
#7854=CARTESIAN_POINT('Origin',(-10.,16.8245735194571,0.));
#7855=CARTESIAN_POINT('',(-10.,16.8245735194571,-3.));
#7856=CARTESIAN_POINT('',(-10.,16.8245735194571,0.));
#7857=CARTESIAN_POINT('',(-12.75,18.4122867597285,-3.));
#7858=CARTESIAN_POINT('',(-2.98237306489683,12.7729447194029,0.));
#7859=CARTESIAN_POINT('Origin',(-7.25,18.4122867597285,0.));
#7860=CARTESIAN_POINT('',(-10.,16.8245735194571,-3.));
#7861=CARTESIAN_POINT('Origin',(-10.,20.,-3.));
#7862=CARTESIAN_POINT('',(-11.75,20.,-3.));
#7863=CARTESIAN_POINT('Origin',(-10.,20.,-3.));
#7864=CARTESIAN_POINT('Origin',(-7.25,1.58771324027147,0.));
#7865=CARTESIAN_POINT('',(-7.25,1.58771324027147,-3.));
#7866=CARTESIAN_POINT('',(-7.25,1.58771324027147,0.));
#7867=CARTESIAN_POINT('',(-7.25,-1.58771324027147,-3.));
#7868=CARTESIAN_POINT('',(-7.25,-1.58771324027147,-3.));
#7869=CARTESIAN_POINT('',(-7.25,-1.58771324027147,0.));
#7870=CARTESIAN_POINT('Origin',(-10.,3.17542648054294,0.));
#7871=CARTESIAN_POINT('',(-10.,3.17542648054294,-3.));
#7872=CARTESIAN_POINT('',(-10.,3.17542648054294,0.));
#7873=CARTESIAN_POINT('',(-7.25,1.58771324027147,-3.));
#7874=CARTESIAN_POINT('Origin',(-12.75,1.58771324027147,0.));
#7875=CARTESIAN_POINT('',(-12.75,1.58771324027147,-3.));
#7876=CARTESIAN_POINT('',(-12.75,1.58771324027147,0.));
#7877=CARTESIAN_POINT('',(-10.,3.17542648054294,-3.));
#7878=CARTESIAN_POINT('Origin',(-12.75,-1.58771324027147,0.));
#7879=CARTESIAN_POINT('',(-12.75,-1.58771324027147,-3.));
#7880=CARTESIAN_POINT('',(-12.75,-1.58771324027147,0.));
#7881=CARTESIAN_POINT('',(-12.75,1.58771324027147,-3.));
#7882=CARTESIAN_POINT('Origin',(-10.,-3.17542648054294,0.));
#7883=CARTESIAN_POINT('',(-10.,-3.17542648054294,-3.));
#7884=CARTESIAN_POINT('',(-10.,-3.17542648054294,0.));
#7885=CARTESIAN_POINT('',(-12.75,-1.58771324027147,-3.));
#7886=CARTESIAN_POINT('Origin',(-7.25,-1.58771324027147,0.));
#7887=CARTESIAN_POINT('',(-10.,-3.17542648054294,-3.));
#7888=CARTESIAN_POINT('Origin',(-10.,5.55111512312578E-16,-3.));
#7889=CARTESIAN_POINT('',(-11.75,-2.14313189850787E-16,-3.));
#7890=CARTESIAN_POINT('Origin',(-10.,0.,-3.));
#7891=CARTESIAN_POINT('Origin',(2.75,21.5877132402715,0.));
#7892=CARTESIAN_POINT('',(2.75,21.5877132402715,0.));
#7893=CARTESIAN_POINT('',(2.74999999999999,10.7938566201357,0.));
#7894=CARTESIAN_POINT('',(2.75,21.5877132402715,-3.));
#7895=CARTESIAN_POINT('',(2.75,21.5877132402715,0.));
#7896=CARTESIAN_POINT('',(2.75,18.4122867597285,-3.));
#7897=CARTESIAN_POINT('',(2.75,18.4122867597285,-3.));
#7898=CARTESIAN_POINT('',(2.75,18.4122867597285,0.));
#7899=CARTESIAN_POINT('Origin',(1.66533453693773E-15,23.1754264805429,0.));
#7900=CARTESIAN_POINT('',(8.32667268468867E-16,23.1754264805429,0.));
#7901=CARTESIAN_POINT('',(4.64262693510318,20.4950045698141,0.));
#7902=CARTESIAN_POINT('',(8.32667268468867E-16,23.1754264805429,-3.));
#7903=CARTESIAN_POINT('',(8.32667268468867E-16,23.1754264805429,0.));
#7904=CARTESIAN_POINT('',(2.75,21.5877132402715,-3.));
#7905=CARTESIAN_POINT('Origin',(-2.75,21.5877132402715,0.));
#7906=CARTESIAN_POINT('',(-2.75,21.5877132402715,0.));
#7907=CARTESIAN_POINT('',(-6.76762710274123,19.2681351510003,0.));
#7908=CARTESIAN_POINT('',(-2.75,21.5877132402715,-3.));
#7909=CARTESIAN_POINT('',(-2.75,21.5877132402715,0.));
#7910=CARTESIAN_POINT('',(8.32667268468867E-16,23.1754264805429,-3.));
#7911=CARTESIAN_POINT('Origin',(-2.75,18.4122867597285,0.));
#7912=CARTESIAN_POINT('',(-2.75,18.4122867597285,-3.));
#7913=CARTESIAN_POINT('',(-2.75,18.4122867597285,0.));
#7914=CARTESIAN_POINT('',(-2.75,21.5877132402715,-3.));
#7915=CARTESIAN_POINT('',(-2.75000000000001,9.20614337986425,0.));
#7916=CARTESIAN_POINT('Origin',(-2.22044604925031E-15,16.8245735194571,
0.));
#7917=CARTESIAN_POINT('',(-2.22044604925031E-15,16.8245735194571,-3.));
#7918=CARTESIAN_POINT('',(-2.22044604925031E-15,16.8245735194571,0.));
#7919=CARTESIAN_POINT('',(-2.75,18.4122867597285,-3.));
#7920=CARTESIAN_POINT('Origin',(2.75,18.4122867597285,0.));
#7921=CARTESIAN_POINT('',(-2.22044604925031E-15,16.8245735194571,-3.));
#7922=CARTESIAN_POINT('Origin',(-5.55111512312578E-16,20.,-3.));
#7923=CARTESIAN_POINT('',(-1.75,20.,-3.));
#7924=CARTESIAN_POINT('Origin',(0.,20.,-3.));
#7925=CARTESIAN_POINT('Origin',(22.75,11.5877132402715,0.));
#7926=CARTESIAN_POINT('',(22.75,11.5877132402715,0.));
#7927=CARTESIAN_POINT('',(22.75,8.41228675972853,0.));
#7928=CARTESIAN_POINT('',(22.75,5.79385662013572,0.));
#7929=CARTESIAN_POINT('',(22.75,11.5877132402715,-3.));
#7930=CARTESIAN_POINT('',(22.75,11.5877132402715,0.));
#7931=CARTESIAN_POINT('',(22.75,8.41228675972853,-3.));
#7932=CARTESIAN_POINT('',(22.75,8.41228675972853,-3.));
#7933=CARTESIAN_POINT('',(22.75,8.41228675972853,0.));
#7934=CARTESIAN_POINT('Origin',(20.,13.1754264805429,0.));
#7935=CARTESIAN_POINT('',(20.,13.1754264805429,0.));
#7936=CARTESIAN_POINT('',(14.9775634256421,16.0751315887363,0.));
#7937=CARTESIAN_POINT('',(20.,13.1754264805429,-3.));
#7938=CARTESIAN_POINT('',(20.,13.1754264805429,0.));
#7939=CARTESIAN_POINT('',(22.75,11.5877132402715,-3.));
#7940=CARTESIAN_POINT('Origin',(17.25,11.5877132402715,0.));
#7941=CARTESIAN_POINT('',(20.,13.1754264805429,-3.));
#7942=CARTESIAN_POINT('',(7.89743640671987,6.18800813207809,0.));
#7943=CARTESIAN_POINT('Origin',(22.75,8.41228675972853,0.));
#7944=CARTESIAN_POINT('',(12.0224364067199,2.21872503139942,0.));
#7945=CARTESIAN_POINT('',(20.,6.82457351945706,-3.));
#7946=CARTESIAN_POINT('Origin',(20.,10.,-3.));
#7947=CARTESIAN_POINT('',(18.25,10.,-3.));
#7948=CARTESIAN_POINT('Origin',(20.,10.,-3.));
#7949=CARTESIAN_POINT('Origin',(-7.25,-8.41228675972853,0.));
#7950=CARTESIAN_POINT('',(-7.25,-8.41228675972853,-3.));
#7951=CARTESIAN_POINT('',(-7.25,-8.41228675972853,0.));
#7952=CARTESIAN_POINT('',(-7.25,-11.5877132402715,-3.));
#7953=CARTESIAN_POINT('Origin',(-10.,-6.82457351945706,0.));
#7954=CARTESIAN_POINT('',(-7.25,-8.41228675972853,-3.));
#7955=CARTESIAN_POINT('Origin',(-10.,-10.,-3.));
#7956=CARTESIAN_POINT('',(-11.75,-10.,-3.));
#7957=CARTESIAN_POINT('Origin',(-10.,-10.,-3.));
#7958=CARTESIAN_POINT('Origin',(12.75,-8.41228675972853,0.));
#7959=CARTESIAN_POINT('',(12.75,-8.41228675972853,-3.));
#7960=CARTESIAN_POINT('',(12.75,-8.41228675972853,0.));
#7961=CARTESIAN_POINT('',(12.75,-11.5877132402715,-3.));
#7962=CARTESIAN_POINT('',(12.75,-11.5877132402715,-3.));
#7963=CARTESIAN_POINT('',(12.75,-11.5877132402715,0.));
#7964=CARTESIAN_POINT('Origin',(10.,-6.82457351945706,0.));
#7965=CARTESIAN_POINT('',(10.,-6.82457351945706,-3.));
#7966=CARTESIAN_POINT('',(10.,-6.82457351945706,0.));
#7967=CARTESIAN_POINT('',(12.75,-8.41228675972853,-3.));
#7968=CARTESIAN_POINT('Origin',(7.25,-8.41228675972853,0.));
#7969=CARTESIAN_POINT('',(7.25,-8.41228675972853,-3.));
#7970=CARTESIAN_POINT('',(7.25,-8.41228675972853,0.));
#7971=CARTESIAN_POINT('',(10.,-6.82457351945706,-3.));
#7972=CARTESIAN_POINT('Origin',(7.25,-11.5877132402715,0.));
#7973=CARTESIAN_POINT('',(7.25,-8.41228675972853,-3.));
#7974=CARTESIAN_POINT('Origin',(12.75,-11.5877132402715,0.));
#7975=CARTESIAN_POINT('',(10.,-13.1754264805429,-3.));
#7976=CARTESIAN_POINT('Origin',(10.,-10.,-3.));
#7977=CARTESIAN_POINT('',(8.25,-10.,-3.));
#7978=CARTESIAN_POINT('Origin',(10.,-10.,-3.));
#7979=CARTESIAN_POINT('Origin',(-10.,-16.8245735194571,0.));
#7980=CARTESIAN_POINT('',(-10.,-16.8245735194571,-3.));
#7981=CARTESIAN_POINT('',(-10.,-16.8245735194571,0.));
#7982=CARTESIAN_POINT('',(-7.25,-18.4122867597285,-3.));
#7983=CARTESIAN_POINT('Origin',(-12.75,-18.4122867597285,0.));
#7984=CARTESIAN_POINT('',(-12.75,-18.4122867597285,0.));
#7985=CARTESIAN_POINT('',(-4.35737306489685,-13.5668013395386,0.));
#7986=CARTESIAN_POINT('',(-12.75,-18.4122867597285,-3.));
#7987=CARTESIAN_POINT('',(-12.75,-18.4122867597285,0.));
#7988=CARTESIAN_POINT('',(-10.,-16.8245735194571,-3.));
#7989=CARTESIAN_POINT('Origin',(-12.75,-21.5877132402715,0.));
#7990=CARTESIAN_POINT('',(-12.75,-21.5877132402715,0.));
#7991=CARTESIAN_POINT('',(-12.75,-10.7938566201358,0.));
#7992=CARTESIAN_POINT('',(-12.75,-21.5877132402715,-3.));
#7993=CARTESIAN_POINT('',(-12.75,-21.5877132402715,0.));
#7994=CARTESIAN_POINT('',(-12.75,-18.4122867597285,-3.));
#7995=CARTESIAN_POINT('Origin',(-10.,-23.1754264805429,0.));
#7996=CARTESIAN_POINT('',(-10.,-23.1754264805429,0.));
#7997=CARTESIAN_POINT('',(-11.6426271027412,-22.2270552805971,0.));
#7998=CARTESIAN_POINT('',(-10.,-23.1754264805429,-3.));
#7999=CARTESIAN_POINT('',(-10.,-23.1754264805429,0.));
#8000=CARTESIAN_POINT('',(-12.75,-21.5877132402715,-3.));
#8001=CARTESIAN_POINT('Origin',(-7.25,-21.5877132402715,0.));
#8002=CARTESIAN_POINT('',(-0.232373064896846,-17.5360844402173,0.));
#8003=CARTESIAN_POINT('',(-10.,-23.1754264805429,-3.));
#8004=CARTESIAN_POINT('Origin',(-10.,-20.,-3.));
#8005=CARTESIAN_POINT('',(-11.75,-20.,-3.));
#8006=CARTESIAN_POINT('Origin',(-10.,-20.,-3.));
#8007=CARTESIAN_POINT('Origin',(-20.,-10.,0.));
#8008=CARTESIAN_POINT('',(-21.75,-10.,-6.));
#8009=CARTESIAN_POINT('',(-21.75,-10.,0.));
#8010=CARTESIAN_POINT('Origin',(-20.,-10.,-6.));
#8011=CARTESIAN_POINT('Origin',(-10.,10.,0.));
#8012=CARTESIAN_POINT('',(-11.75,10.,-6.));
#8013=CARTESIAN_POINT('',(-11.75,10.,0.));
#8014=CARTESIAN_POINT('Origin',(-10.,10.,-6.));
#8015=CARTESIAN_POINT('Origin',(20.,-10.,0.));
#8016=CARTESIAN_POINT('',(18.25,-10.,-6.));
#8017=CARTESIAN_POINT('',(18.25,-10.,0.));
#8018=CARTESIAN_POINT('Origin',(20.,-10.,-6.));
#8019=CARTESIAN_POINT('Origin',(10.,10.,0.));
#8020=CARTESIAN_POINT('',(8.25,10.,-6.));
#8021=CARTESIAN_POINT('',(8.25,10.,0.));
#8022=CARTESIAN_POINT('Origin',(10.,10.,-6.));
#8023=CARTESIAN_POINT('Origin',(0.,-20.,0.));
#8024=CARTESIAN_POINT('',(-1.75,-20.,-6.));
#8025=CARTESIAN_POINT('',(-1.75,-20.,0.));
#8026=CARTESIAN_POINT('Origin',(0.,-20.,-6.));
#8027=CARTESIAN_POINT('Origin',(0.,-10.,0.));
#8028=CARTESIAN_POINT('',(-1.75,-10.,-6.));
#8029=CARTESIAN_POINT('',(-1.75,-10.,0.));
#8030=CARTESIAN_POINT('Origin',(0.,-10.,-6.));
#8031=CARTESIAN_POINT('Origin',(10.,0.,0.));
#8032=CARTESIAN_POINT('',(8.25,-2.14313189850787E-16,-6.));
#8033=CARTESIAN_POINT('',(8.25,2.14313189850787E-16,0.));
#8034=CARTESIAN_POINT('Origin',(10.,0.,-6.));
#8035=CARTESIAN_POINT('Origin',(20.,0.,0.));
#8036=CARTESIAN_POINT('',(18.25,-2.14313189850787E-16,-6.));
#8037=CARTESIAN_POINT('',(18.25,2.14313189850787E-16,0.));
#8038=CARTESIAN_POINT('Origin',(20.,0.,-6.));
#8039=CARTESIAN_POINT('Origin',(-10.,20.,0.));
#8040=CARTESIAN_POINT('',(-11.75,20.,-6.));
#8041=CARTESIAN_POINT('',(-11.75,20.,0.));
#8042=CARTESIAN_POINT('Origin',(-10.,20.,-6.));
#8043=CARTESIAN_POINT('Origin',(-10.,-20.,0.));
#8044=CARTESIAN_POINT('',(-11.75,-20.,-6.));
#8045=CARTESIAN_POINT('',(-11.75,-20.,0.));
#8046=CARTESIAN_POINT('Origin',(-10.,-20.,-6.));
#8047=CARTESIAN_POINT('Origin',(-20.,0.,0.));
#8048=CARTESIAN_POINT('',(-21.75,-2.14313189850787E-16,-6.));
#8049=CARTESIAN_POINT('',(-21.75,2.14313189850787E-16,0.));
#8050=CARTESIAN_POINT('Origin',(-20.,0.,-6.));
#8051=CARTESIAN_POINT('Origin',(-10.,0.,0.));
#8052=CARTESIAN_POINT('',(-11.75,-2.14313189850787E-16,-6.));
#8053=CARTESIAN_POINT('',(-11.75,2.14313189850787E-16,0.));
#8054=CARTESIAN_POINT('Origin',(-10.,0.,-6.));
#8055=CARTESIAN_POINT('Origin',(0.,10.,0.));
#8056=CARTESIAN_POINT('',(-1.75,10.,-6.));
#8057=CARTESIAN_POINT('',(-1.75,10.,0.));
#8058=CARTESIAN_POINT('Origin',(0.,10.,-6.));
#8059=CARTESIAN_POINT('Origin',(10.,20.,0.));
#8060=CARTESIAN_POINT('',(8.25,20.,-6.));
#8061=CARTESIAN_POINT('',(8.25,20.,0.));
#8062=CARTESIAN_POINT('Origin',(10.,20.,-6.));
#8063=CARTESIAN_POINT('Origin',(10.,-20.,0.));
#8064=CARTESIAN_POINT('',(8.25,-20.,-6.));
#8065=CARTESIAN_POINT('',(8.25,-20.,0.));
#8066=CARTESIAN_POINT('Origin',(10.,-20.,-6.));
#8067=CARTESIAN_POINT('Origin',(0.,0.,0.));
#8068=CARTESIAN_POINT('',(-1.75,-2.14313189850787E-16,-6.));
#8069=CARTESIAN_POINT('',(-1.75,2.14313189850787E-16,0.));
#8070=CARTESIAN_POINT('Origin',(0.,0.,-6.));
#8071=CARTESIAN_POINT('Origin',(10.,-10.,0.));
#8072=CARTESIAN_POINT('',(8.25,-10.,-6.));
#8073=CARTESIAN_POINT('',(8.25,-10.,0.));
#8074=CARTESIAN_POINT('Origin',(10.,-10.,-6.));
#8075=CARTESIAN_POINT('Origin',(20.,10.,0.));
#8076=CARTESIAN_POINT('',(18.25,10.,-6.));
#8077=CARTESIAN_POINT('',(18.25,10.,0.));
#8078=CARTESIAN_POINT('Origin',(20.,10.,-6.));
#8079=CARTESIAN_POINT('Origin',(0.,20.,0.));
#8080=CARTESIAN_POINT('',(-1.75,20.,-6.));
#8081=CARTESIAN_POINT('',(-1.75,20.,0.));
#8082=CARTESIAN_POINT('Origin',(0.,20.,-6.));
#8083=CARTESIAN_POINT('Origin',(-10.,-10.,0.));
#8084=CARTESIAN_POINT('',(-11.75,-10.,-6.));
#8085=CARTESIAN_POINT('',(-11.75,-10.,0.));
#8086=CARTESIAN_POINT('Origin',(-10.,-10.,-6.));
#8087=CARTESIAN_POINT('Origin',(-20.,10.,0.));
#8088=CARTESIAN_POINT('',(-21.75,10.,-6.));
#8089=CARTESIAN_POINT('',(-21.75,10.,0.));
#8090=CARTESIAN_POINT('Origin',(-20.,10.,-6.));
#8091=CARTESIAN_POINT('Origin',(17.8,28.,0.));
#8092=CARTESIAN_POINT('',(-17.8,28.,0.));
#8093=CARTESIAN_POINT('',(17.8,28.0000000000001,0.));
#8094=CARTESIAN_POINT('',(-17.8,28.,0.));
#8095=CARTESIAN_POINT('',(17.8,28.0000000000001,0.));
#8096=CARTESIAN_POINT('',(-17.8,28.,0.));
#8097=CARTESIAN_POINT('Origin',(17.7999999999999,17.8,0.));
#8098=CARTESIAN_POINT('',(28.,17.8,0.));
#8099=CARTESIAN_POINT('Origin',(17.7999999999999,17.8,0.));
#8100=CARTESIAN_POINT('',(28.,17.8,0.));
#8101=CARTESIAN_POINT('Origin',(28.,-17.8,0.));
#8102=CARTESIAN_POINT('',(27.9999999999995,-17.8,0.));
#8103=CARTESIAN_POINT('',(28.,17.8,0.));
#8104=CARTESIAN_POINT('',(27.9999999999995,-17.8,0.));
#8105=CARTESIAN_POINT('Origin',(17.8000000000001,-17.8000000000006,0.));
#8106=CARTESIAN_POINT('',(17.8,-28.,0.));
#8107=CARTESIAN_POINT('Origin',(17.8000000000001,-17.8000000000006,0.));
#8108=CARTESIAN_POINT('',(17.8,-28.,0.));
#8109=CARTESIAN_POINT('Origin',(-17.8,-28.,0.));
#8110=CARTESIAN_POINT('',(-17.8,-28.0000000000002,0.));
#8111=CARTESIAN_POINT('',(17.8,-28.,0.));
#8112=CARTESIAN_POINT('',(-17.8,-28.0000000000002,0.));
#8113=CARTESIAN_POINT('Origin',(-17.7999999999998,-17.8,0.));
#8114=CARTESIAN_POINT('',(-28.,-17.8,0.));
#8115=CARTESIAN_POINT('Origin',(-17.7999999999998,-17.8,0.));
#8116=CARTESIAN_POINT('',(-28.,-17.8,0.));
#8117=CARTESIAN_POINT('Origin',(-28.,-4.89999999999997,0.));
#8118=CARTESIAN_POINT('',(-28.,-4.89999999999997,0.));
#8119=CARTESIAN_POINT('',(-28.,-17.8,0.));
#8120=CARTESIAN_POINT('',(-28.,-4.89999999999997,0.));
#8121=CARTESIAN_POINT('Origin',(-29.9999993294477,-4.89999999999999,0.));
#8122=CARTESIAN_POINT('',(-28.,-4.89999999999997,0.));
#8123=CARTESIAN_POINT('Origin',(-28.,17.8,0.));
#8124=CARTESIAN_POINT('',(-28.0000000000003,17.8,0.));
#8125=CARTESIAN_POINT('',(-28.,4.90000000000003,0.));
#8126=CARTESIAN_POINT('',(-28.0000000000003,17.8,0.));
#8127=CARTESIAN_POINT('Origin',(-17.8,17.7999999999997,0.));
#8128=CARTESIAN_POINT('Origin',(-17.8,17.7999999999997,0.));
#8129=CARTESIAN_POINT('Origin',(-1.00000022351741,-3.99680288865056E-14,
0.));
#8130=CARTESIAN_POINT('',(20.05,-21.5,0.));
#8131=CARTESIAN_POINT('Origin',(21.5,-21.5,0.));
#8132=CARTESIAN_POINT('',(-22.95,21.5,0.));
#8133=CARTESIAN_POINT('Origin',(-21.5,21.5,0.));
#8134=CARTESIAN_POINT('',(-22.95,-21.5,0.));
#8135=CARTESIAN_POINT('Origin',(-21.5,-21.5,0.));
#8136=CARTESIAN_POINT('',(20.05,21.5,0.));
#8137=CARTESIAN_POINT('Origin',(21.5,21.5,0.));
#8138=CARTESIAN_POINT('Origin',(-1.37667655053519E-13,0.,-6.));
#8139=CARTESIAN_POINT('',(30.0000004470348,-17.8,-6.));
#8140=CARTESIAN_POINT('',(17.8,-30.0000004470348,-6.));
#8141=CARTESIAN_POINT('Origin',(17.8,-17.8,-6.));
#8142=CARTESIAN_POINT('',(-17.8,-30.,-6.));
#8143=CARTESIAN_POINT('',(17.8,-30.0000004470348,-6.));
#8144=CARTESIAN_POINT('Origin',(-17.8,-17.8,-6.));
#8145=CARTESIAN_POINT('',(30.0000004470348,17.8,-6.));
#8146=CARTESIAN_POINT('Origin',(21.5,21.5,0.));
#8147=CARTESIAN_POINT('',(20.05,21.5,0.));
#8148=CARTESIAN_POINT('Origin',(21.5,-21.5,0.));
#8149=CARTESIAN_POINT('',(20.05,-21.5,0.));
#8150=CARTESIAN_POINT('Origin',(-21.5,-21.5,0.));
#8151=CARTESIAN_POINT('',(-22.95,-21.5,0.));
#8152=CARTESIAN_POINT('Origin',(-21.5,21.5,0.));
#8153=CARTESIAN_POINT('',(-22.95,21.5,0.));
#8154=CARTESIAN_POINT('Origin',(-17.8,-30.0000004470348,0.));
#8155=CARTESIAN_POINT('',(-17.8,-30.,0.));
#8156=CARTESIAN_POINT('',(17.8,-30.0000004470348,0.));
#8157=CARTESIAN_POINT('Origin',(-17.8,-17.8,0.));
#8158=CARTESIAN_POINT('Origin',(30.0000004470348,-17.8,0.));
#8159=CARTESIAN_POINT('',(30.0000004470348,-17.8,0.));
#8160=CARTESIAN_POINT('Origin',(17.8,-17.8,0.));
#8161=UNCERTAINTY_MEASURE_WITH_UNIT(LENGTH_MEASURE(0.01),#8165,
'DISTANCE_ACCURACY_VALUE',
'Maximum model space distance between geometric entities at asserted c
onnectivities');
#8162=UNCERTAINTY_MEASURE_WITH_UNIT(LENGTH_MEASURE(0.01),#8165,
'DISTANCE_ACCURACY_VALUE',
'Maximum model space distance between geometric entities at asserted c
onnectivities');
#8163=(
GEOMETRIC_REPRESENTATION_CONTEXT(3)
GLOBAL_UNCERTAINTY_ASSIGNED_CONTEXT((#8161))
GLOBAL_UNIT_ASSIGNED_CONTEXT((#8165,#8167,#8168))
REPRESENTATION_CONTEXT('','3D')
);
#8164=(
GEOMETRIC_REPRESENTATION_CONTEXT(3)
GLOBAL_UNCERTAINTY_ASSIGNED_CONTEXT((#8162))
GLOBAL_UNIT_ASSIGNED_CONTEXT((#8165,#8167,#8168))
REPRESENTATION_CONTEXT('','3D')
);
#8165=(
LENGTH_UNIT()
NAMED_UNIT(*)
SI_UNIT(.MILLI.,.METRE.)
);
#8166=(
LENGTH_UNIT()
NAMED_UNIT(*)
SI_UNIT($,.METRE.)
);
#8167=(
NAMED_UNIT(*)
PLANE_ANGLE_UNIT()
SI_UNIT($,.RADIAN.)
);
#8168=(
NAMED_UNIT(*)
SI_UNIT($,.STERADIAN.)
SOLID_ANGLE_UNIT()
);
#8169=SHAPE_DEFINITION_REPRESENTATION(#8170,#8171);
#8170=PRODUCT_DEFINITION_SHAPE('',$,#8173);
#8171=SHAPE_REPRESENTATION('',(#4889),#8163);
#8172=PRODUCT_DEFINITION_CONTEXT('part definition',#8177,'design');
#8173=PRODUCT_DEFINITION('2026-04-27-23-03-04-809','C1 Lidar Mount',#8174,
#8172);
#8174=PRODUCT_DEFINITION_FORMATION('',$,#8179);
#8175=PRODUCT_RELATED_PRODUCT_CATEGORY('C1 Lidar Mount',
'C1 Lidar Mount',(#8179));
#8176=APPLICATION_PROTOCOL_DEFINITION('international standard',
'automotive_design',2009,#8177);
#8177=APPLICATION_CONTEXT(
'Core Data for Automotive Mechanical Design Process');
#8178=PRODUCT_CONTEXT('part definition',#8177,'mechanical');
#8179=PRODUCT('2026-04-27-23-03-04-809','C1 Lidar Mount',$,(#8178));
#8180=PRESENTATION_STYLE_ASSIGNMENT((#8184));
#8181=PRESENTATION_STYLE_ASSIGNMENT((#8185));
#8182=PRESENTATION_STYLE_ASSIGNMENT((#8186));
#8183=PRESENTATION_STYLE_ASSIGNMENT((#8187));
#8184=SURFACE_STYLE_USAGE(.BOTH.,#8188);
#8185=SURFACE_STYLE_USAGE(.BOTH.,#8189);
#8186=SURFACE_STYLE_USAGE(.BOTH.,#8190);
#8187=SURFACE_STYLE_USAGE(.BOTH.,#8191);
#8188=SURFACE_SIDE_STYLE('',(#8192));
#8189=SURFACE_SIDE_STYLE('',(#8193));
#8190=SURFACE_SIDE_STYLE('',(#8194));
#8191=SURFACE_SIDE_STYLE('',(#8195));
#8192=SURFACE_STYLE_FILL_AREA(#8196);
#8193=SURFACE_STYLE_FILL_AREA(#8197);
#8194=SURFACE_STYLE_FILL_AREA(#8198);
#8195=SURFACE_STYLE_FILL_AREA(#8199);
#8196=FILL_AREA_STYLE('Steel - Satin',(#8200));
#8197=FILL_AREA_STYLE('Opaque(156,116,41)',(#8201));
#8198=FILL_AREA_STYLE('Opaque(171,152,82)',(#8202));
#8199=FILL_AREA_STYLE('Plastic - Matte (Blue)',(#8203));
#8200=FILL_AREA_STYLE_COLOUR('Steel - Satin',#8204);
#8201=FILL_AREA_STYLE_COLOUR('Opaque(156,116,41)',#8205);
#8202=FILL_AREA_STYLE_COLOUR('Opaque(171,152,82)',#8206);
#8203=FILL_AREA_STYLE_COLOUR('Plastic - Matte (Blue)',#8207);
#8204=COLOUR_RGB('Steel - Satin',0.627450980392157,0.627450980392157,0.627450980392157);
#8205=COLOUR_RGB('Opaque(156,116,41)',0.611764705882353,0.454901960784314,
0.16078431372549);
#8206=COLOUR_RGB('Opaque(171,152,82)',0.670588235294118,0.596078431372549,
0.32156862745098);
#8207=COLOUR_RGB('Plastic - Matte (Blue)',0.192156862745098,0.345098039215686,
0.596078431372549);
ENDSEC;
END-ISO-10303-21;
