ISO-10303-21;
HEADER;
/* Generated by software containing ST-Developer
 * from STEP Tools, Inc. (www.steptools.com) 
 */

FILE_DESCRIPTION(
/* description */ (''),
/* implementation_level */ '2;1');

FILE_NAME(
/* name */ 'Camera Mount.step',
/* time_stamp */ '2026-05-29T14:06:20+01:00',
/* author */ (''),
/* organization */ (''),
/* preprocessor_version */ 'ST-DEVELOPER v20.1',
/* originating_system */ 'Autodesk Translation Framework v15.8.0.0',
/* authorisation */ '');

FILE_SCHEMA (('AUTOMOTIVE_DESIGN { 1 0 10303 214 3 1 1 }'));
ENDSEC;

DATA;
#10=MECHANICAL_DESIGN_GEOMETRIC_PRESENTATION_REPRESENTATION('',(#13),#3707);
#11=SHAPE_REPRESENTATION_RELATIONSHIP('SRR','None',#3714,#12);
#12=ADVANCED_BREP_SHAPE_REPRESENTATION('',(#14),#3706);
#13=STYLED_ITEM('',(#3723),#14);
#14=MANIFOLD_SOLID_BREP('UGREEN Camera Mount',#1968);
#15=FACE_BOUND('',#682,.T.);
#16=FACE_BOUND('',#683,.T.);
#17=FACE_BOUND('',#684,.T.);
#18=FACE_BOUND('',#685,.T.);
#19=FACE_BOUND('',#686,.T.);
#20=FACE_BOUND('',#687,.T.);
#21=FACE_BOUND('',#688,.T.);
#22=FACE_BOUND('',#689,.T.);
#23=FACE_BOUND('',#690,.T.);
#24=FACE_BOUND('',#695,.T.);
#25=FACE_BOUND('',#696,.T.);
#26=FACE_BOUND('',#697,.T.);
#27=FACE_BOUND('',#698,.T.);
#28=FACE_BOUND('',#699,.T.);
#29=FACE_BOUND('',#700,.T.);
#30=FACE_BOUND('',#701,.T.);
#31=FACE_BOUND('',#702,.T.);
#32=FACE_BOUND('',#703,.T.);
#33=FACE_BOUND('',#711,.T.);
#34=FACE_BOUND('',#714,.T.);
#35=FACE_BOUND('',#722,.T.);
#36=FACE_BOUND('',#730,.T.);
#37=FACE_BOUND('',#738,.T.);
#38=FACE_BOUND('',#746,.T.);
#39=FACE_BOUND('',#754,.T.);
#40=FACE_BOUND('',#762,.T.);
#41=FACE_BOUND('',#770,.T.);
#42=FACE_BOUND('',#778,.T.);
#43=CYLINDRICAL_SURFACE('',#1986,4.);
#44=CYLINDRICAL_SURFACE('',#1988,4.);
#45=CYLINDRICAL_SURFACE('',#1991,4.);
#46=CYLINDRICAL_SURFACE('',#1995,4.);
#47=CYLINDRICAL_SURFACE('',#1998,4.);
#48=CYLINDRICAL_SURFACE('',#2001,4.);
#49=CYLINDRICAL_SURFACE('',#2018,4.);
#50=CYLINDRICAL_SURFACE('',#2022,4.);
#51=CYLINDRICAL_SURFACE('',#2026,1.75);
#52=CYLINDRICAL_SURFACE('',#2030,6.15);
#53=CYLINDRICAL_SURFACE('',#2098,1.75);
#54=CYLINDRICAL_SURFACE('',#2099,1.75);
#55=CYLINDRICAL_SURFACE('',#2100,0.9);
#56=CYLINDRICAL_SURFACE('',#2101,1.75);
#57=CYLINDRICAL_SURFACE('',#2102,1.75);
#58=CYLINDRICAL_SURFACE('',#2103,1.75);
#59=CYLINDRICAL_SURFACE('',#2104,1.75);
#60=CYLINDRICAL_SURFACE('',#2105,1.75);
#61=CYLINDRICAL_SURFACE('',#2106,1.75);
#62=CIRCLE('',#1984,4.);
#63=CIRCLE('',#1985,4.);
#64=CIRCLE('',#1987,4.);
#65=CIRCLE('',#1989,4.);
#66=CIRCLE('',#1992,4.);
#67=CIRCLE('',#1993,4.);
#68=CIRCLE('',#1996,4.);
#69=CIRCLE('',#1999,4.);
#70=CIRCLE('',#2002,4.);
#71=CIRCLE('',#2003,4.);
#72=CIRCLE('',#2005,4.);
#73=CIRCLE('',#2006,4.);
#74=CIRCLE('',#2007,1.75);
#75=CIRCLE('',#2008,1.75);
#76=CIRCLE('',#2009,1.75);
#77=CIRCLE('',#2010,1.75);
#78=CIRCLE('',#2011,1.75);
#79=CIRCLE('',#2012,1.75);
#80=CIRCLE('',#2013,1.75);
#81=CIRCLE('',#2014,1.75);
#82=CIRCLE('',#2015,1.75);
#83=CIRCLE('',#2020,6.15);
#84=CIRCLE('',#2027,1.75);
#85=CIRCLE('',#2029,0.9);
#86=CIRCLE('',#2031,6.15);
#87=CIRCLE('',#2033,0.9);
#88=CIRCLE('',#2041,1.75);
#89=CIRCLE('',#2049,1.75);
#90=CIRCLE('',#2057,1.75);
#91=CIRCLE('',#2065,1.75);
#92=CIRCLE('',#2073,1.75);
#93=CIRCLE('',#2081,1.75);
#94=CIRCLE('',#2089,1.75);
#95=CIRCLE('',#2097,1.75);
#96=LINE('',#2610,#285);
#97=LINE('',#2612,#286);
#98=LINE('',#2613,#287);
#99=LINE('',#2674,#288);
#100=LINE('',#2678,#289);
#101=LINE('',#2679,#290);
#102=LINE('',#2692,#291);
#103=LINE('',#2695,#292);
#104=LINE('',#2960,#293);
#105=LINE('',#2964,#294);
#106=LINE('',#2965,#295);
#107=LINE('',#3280,#296);
#108=LINE('',#3282,#297);
#109=LINE('',#3286,#298);
#110=LINE('',#3290,#299);
#111=LINE('',#3291,#300);
#112=LINE('',#3294,#301);
#113=LINE('',#3298,#302);
#114=LINE('',#3299,#303);
#115=LINE('',#3302,#304);
#116=LINE('',#3306,#305);
#117=LINE('',#3307,#306);
#118=LINE('',#3312,#307);
#119=LINE('',#3315,#308);
#120=LINE('',#3317,#309);
#121=LINE('',#3320,#310);
#122=LINE('',#3341,#311);
#123=LINE('',#3343,#312);
#124=LINE('',#3347,#313);
#125=LINE('',#3348,#314);
#126=LINE('',#3349,#315);
#127=LINE('',#3354,#316);
#128=LINE('',#3356,#317);
#129=LINE('',#3358,#318);
#130=LINE('',#3360,#319);
#131=LINE('',#3362,#320);
#132=LINE('',#3363,#321);
#133=LINE('',#3366,#322);
#134=LINE('',#3368,#323);
#135=LINE('',#3370,#324);
#136=LINE('',#3372,#325);
#137=LINE('',#3374,#326);
#138=LINE('',#3375,#327);
#139=LINE('',#3378,#328);
#140=LINE('',#3380,#329);
#141=LINE('',#3382,#330);
#142=LINE('',#3384,#331);
#143=LINE('',#3386,#332);
#144=LINE('',#3387,#333);
#145=LINE('',#3390,#334);
#146=LINE('',#3392,#335);
#147=LINE('',#3394,#336);
#148=LINE('',#3396,#337);
#149=LINE('',#3398,#338);
#150=LINE('',#3399,#339);
#151=LINE('',#3402,#340);
#152=LINE('',#3404,#341);
#153=LINE('',#3406,#342);
#154=LINE('',#3408,#343);
#155=LINE('',#3410,#344);
#156=LINE('',#3411,#345);
#157=LINE('',#3414,#346);
#158=LINE('',#3416,#347);
#159=LINE('',#3418,#348);
#160=LINE('',#3420,#349);
#161=LINE('',#3422,#350);
#162=LINE('',#3423,#351);
#163=LINE('',#3426,#352);
#164=LINE('',#3428,#353);
#165=LINE('',#3430,#354);
#166=LINE('',#3432,#355);
#167=LINE('',#3434,#356);
#168=LINE('',#3435,#357);
#169=LINE('',#3438,#358);
#170=LINE('',#3440,#359);
#171=LINE('',#3442,#360);
#172=LINE('',#3444,#361);
#173=LINE('',#3446,#362);
#174=LINE('',#3447,#363);
#175=LINE('',#3449,#364);
#176=LINE('',#3451,#365);
#177=LINE('',#3452,#366);
#178=LINE('',#3458,#367);
#179=LINE('',#3465,#368);
#180=LINE('',#3472,#369);
#181=LINE('',#3474,#370);
#182=LINE('',#3475,#371);
#183=LINE('',#3478,#372);
#184=LINE('',#3479,#373);
#185=LINE('',#3482,#374);
#186=LINE('',#3483,#375);
#187=LINE('',#3486,#376);
#188=LINE('',#3487,#377);
#189=LINE('',#3490,#378);
#190=LINE('',#3491,#379);
#191=LINE('',#3493,#380);
#192=LINE('',#3499,#381);
#193=LINE('',#3501,#382);
#194=LINE('',#3502,#383);
#195=LINE('',#3505,#384);
#196=LINE('',#3506,#385);
#197=LINE('',#3509,#386);
#198=LINE('',#3510,#387);
#199=LINE('',#3513,#388);
#200=LINE('',#3514,#389);
#201=LINE('',#3517,#390);
#202=LINE('',#3518,#391);
#203=LINE('',#3520,#392);
#204=LINE('',#3526,#393);
#205=LINE('',#3528,#394);
#206=LINE('',#3529,#395);
#207=LINE('',#3532,#396);
#208=LINE('',#3533,#397);
#209=LINE('',#3536,#398);
#210=LINE('',#3537,#399);
#211=LINE('',#3540,#400);
#212=LINE('',#3541,#401);
#213=LINE('',#3544,#402);
#214=LINE('',#3545,#403);
#215=LINE('',#3547,#404);
#216=LINE('',#3553,#405);
#217=LINE('',#3555,#406);
#218=LINE('',#3556,#407);
#219=LINE('',#3559,#408);
#220=LINE('',#3560,#409);
#221=LINE('',#3563,#410);
#222=LINE('',#3564,#411);
#223=LINE('',#3567,#412);
#224=LINE('',#3568,#413);
#225=LINE('',#3571,#414);
#226=LINE('',#3572,#415);
#227=LINE('',#3574,#416);
#228=LINE('',#3580,#417);
#229=LINE('',#3582,#418);
#230=LINE('',#3583,#419);
#231=LINE('',#3586,#420);
#232=LINE('',#3587,#421);
#233=LINE('',#3590,#422);
#234=LINE('',#3591,#423);
#235=LINE('',#3594,#424);
#236=LINE('',#3595,#425);
#237=LINE('',#3598,#426);
#238=LINE('',#3599,#427);
#239=LINE('',#3601,#428);
#240=LINE('',#3607,#429);
#241=LINE('',#3609,#430);
#242=LINE('',#3610,#431);
#243=LINE('',#3613,#432);
#244=LINE('',#3614,#433);
#245=LINE('',#3617,#434);
#246=LINE('',#3618,#435);
#247=LINE('',#3621,#436);
#248=LINE('',#3622,#437);
#249=LINE('',#3625,#438);
#250=LINE('',#3626,#439);
#251=LINE('',#3628,#440);
#252=LINE('',#3634,#441);
#253=LINE('',#3636,#442);
#254=LINE('',#3637,#443);
#255=LINE('',#3640,#444);
#256=LINE('',#3641,#445);
#257=LINE('',#3644,#446);
#258=LINE('',#3645,#447);
#259=LINE('',#3648,#448);
#260=LINE('',#3649,#449);
#261=LINE('',#3652,#450);
#262=LINE('',#3653,#451);
#263=LINE('',#3655,#452);
#264=LINE('',#3661,#453);
#265=LINE('',#3663,#454);
#266=LINE('',#3664,#455);
#267=LINE('',#3667,#456);
#268=LINE('',#3668,#457);
#269=LINE('',#3671,#458);
#270=LINE('',#3672,#459);
#271=LINE('',#3675,#460);
#272=LINE('',#3676,#461);
#273=LINE('',#3679,#462);
#274=LINE('',#3680,#463);
#275=LINE('',#3682,#464);
#276=LINE('',#3687,#465);
#277=LINE('',#3689,#466);
#278=LINE('',#3691,#467);
#279=LINE('',#3693,#468);
#280=LINE('',#3695,#469);
#281=LINE('',#3697,#470);
#282=LINE('',#3699,#471);
#283=LINE('',#3701,#472);
#284=LINE('',#3703,#473);
#285=VECTOR('',#2111,10.);
#286=VECTOR('',#2112,10.);
#287=VECTOR('',#2113,10.);
#288=VECTOR('',#2118,10.);
#289=VECTOR('',#2121,10.);
#290=VECTOR('',#2122,10.);
#291=VECTOR('',#2125,10.);
#292=VECTOR('',#2128,10.);
#293=VECTOR('',#2131,4.);
#294=VECTOR('',#2136,4.);
#295=VECTOR('',#2137,10.);
#296=VECTOR('',#2140,10.);
#297=VECTOR('',#2141,10.);
#298=VECTOR('',#2144,10.);
#299=VECTOR('',#2149,10.);
#300=VECTOR('',#2150,10.);
#301=VECTOR('',#2153,10.);
#302=VECTOR('',#2158,10.);
#303=VECTOR('',#2159,10.);
#304=VECTOR('',#2162,10.);
#305=VECTOR('',#2167,10.);
#306=VECTOR('',#2168,10.);
#307=VECTOR('',#2173,10.);
#308=VECTOR('',#2176,10.);
#309=VECTOR('',#2179,10.);
#310=VECTOR('',#2182,10.);
#311=VECTOR('',#2205,10.);
#312=VECTOR('',#2208,10.);
#313=VECTOR('',#2213,10.);
#314=VECTOR('',#2214,10.);
#315=VECTOR('',#2215,10.);
#316=VECTOR('',#2218,10.);
#317=VECTOR('',#2219,10.);
#318=VECTOR('',#2220,10.);
#319=VECTOR('',#2221,10.);
#320=VECTOR('',#2222,10.);
#321=VECTOR('',#2223,10.);
#322=VECTOR('',#2224,10.);
#323=VECTOR('',#2225,10.);
#324=VECTOR('',#2226,10.);
#325=VECTOR('',#2227,10.);
#326=VECTOR('',#2228,10.);
#327=VECTOR('',#2229,10.);
#328=VECTOR('',#2230,10.);
#329=VECTOR('',#2231,10.);
#330=VECTOR('',#2232,10.);
#331=VECTOR('',#2233,10.);
#332=VECTOR('',#2234,10.);
#333=VECTOR('',#2235,10.);
#334=VECTOR('',#2236,10.);
#335=VECTOR('',#2237,10.);
#336=VECTOR('',#2238,10.);
#337=VECTOR('',#2239,10.);
#338=VECTOR('',#2240,10.);
#339=VECTOR('',#2241,10.);
#340=VECTOR('',#2242,10.);
#341=VECTOR('',#2243,10.);
#342=VECTOR('',#2244,10.);
#343=VECTOR('',#2245,10.);
#344=VECTOR('',#2246,10.);
#345=VECTOR('',#2247,10.);
#346=VECTOR('',#2248,10.);
#347=VECTOR('',#2249,10.);
#348=VECTOR('',#2250,10.);
#349=VECTOR('',#2251,10.);
#350=VECTOR('',#2252,10.);
#351=VECTOR('',#2253,10.);
#352=VECTOR('',#2254,10.);
#353=VECTOR('',#2255,10.);
#354=VECTOR('',#2256,10.);
#355=VECTOR('',#2257,10.);
#356=VECTOR('',#2258,10.);
#357=VECTOR('',#2259,10.);
#358=VECTOR('',#2260,10.);
#359=VECTOR('',#2261,10.);
#360=VECTOR('',#2262,10.);
#361=VECTOR('',#2263,10.);
#362=VECTOR('',#2264,10.);
#363=VECTOR('',#2265,10.);
#364=VECTOR('',#2268,10.);
#365=VECTOR('',#2271,10.);
#366=VECTOR('',#2272,10.);
#367=VECTOR('',#2281,1.75);
#368=VECTOR('',#2290,6.15);
#369=VECTOR('',#2299,10.);
#370=VECTOR('',#2300,10.);
#371=VECTOR('',#2301,10.);
#372=VECTOR('',#2304,10.);
#373=VECTOR('',#2305,10.);
#374=VECTOR('',#2308,10.);
#375=VECTOR('',#2309,10.);
#376=VECTOR('',#2312,10.);
#377=VECTOR('',#2313,10.);
#378=VECTOR('',#2316,10.);
#379=VECTOR('',#2317,10.);
#380=VECTOR('',#2320,10.);
#381=VECTOR('',#2327,10.);
#382=VECTOR('',#2328,10.);
#383=VECTOR('',#2329,10.);
#384=VECTOR('',#2332,10.);
#385=VECTOR('',#2333,10.);
#386=VECTOR('',#2336,10.);
#387=VECTOR('',#2337,10.);
#388=VECTOR('',#2340,10.);
#389=VECTOR('',#2341,10.);
#390=VECTOR('',#2344,10.);
#391=VECTOR('',#2345,10.);
#392=VECTOR('',#2348,10.);
#393=VECTOR('',#2355,10.);
#394=VECTOR('',#2356,10.);
#395=VECTOR('',#2357,10.);
#396=VECTOR('',#2360,10.);
#397=VECTOR('',#2361,10.);
#398=VECTOR('',#2364,10.);
#399=VECTOR('',#2365,10.);
#400=VECTOR('',#2368,10.);
#401=VECTOR('',#2369,10.);
#402=VECTOR('',#2372,10.);
#403=VECTOR('',#2373,10.);
#404=VECTOR('',#2376,10.);
#405=VECTOR('',#2383,10.);
#406=VECTOR('',#2384,10.);
#407=VECTOR('',#2385,10.);
#408=VECTOR('',#2388,10.);
#409=VECTOR('',#2389,10.);
#410=VECTOR('',#2392,10.);
#411=VECTOR('',#2393,10.);
#412=VECTOR('',#2396,10.);
#413=VECTOR('',#2397,10.);
#414=VECTOR('',#2400,10.);
#415=VECTOR('',#2401,10.);
#416=VECTOR('',#2404,10.);
#417=VECTOR('',#2411,10.);
#418=VECTOR('',#2412,10.);
#419=VECTOR('',#2413,10.);
#420=VECTOR('',#2416,10.);
#421=VECTOR('',#2417,10.);
#422=VECTOR('',#2420,10.);
#423=VECTOR('',#2421,10.);
#424=VECTOR('',#2424,10.);
#425=VECTOR('',#2425,10.);
#426=VECTOR('',#2428,10.);
#427=VECTOR('',#2429,10.);
#428=VECTOR('',#2432,10.);
#429=VECTOR('',#2439,10.);
#430=VECTOR('',#2440,10.);
#431=VECTOR('',#2441,10.);
#432=VECTOR('',#2444,10.);
#433=VECTOR('',#2445,10.);
#434=VECTOR('',#2448,10.);
#435=VECTOR('',#2449,10.);
#436=VECTOR('',#2452,10.);
#437=VECTOR('',#2453,10.);
#438=VECTOR('',#2456,10.);
#439=VECTOR('',#2457,10.);
#440=VECTOR('',#2460,10.);
#441=VECTOR('',#2467,10.);
#442=VECTOR('',#2468,10.);
#443=VECTOR('',#2469,10.);
#444=VECTOR('',#2472,10.);
#445=VECTOR('',#2473,10.);
#446=VECTOR('',#2476,10.);
#447=VECTOR('',#2477,10.);
#448=VECTOR('',#2480,10.);
#449=VECTOR('',#2481,10.);
#450=VECTOR('',#2484,10.);
#451=VECTOR('',#2485,10.);
#452=VECTOR('',#2488,10.);
#453=VECTOR('',#2495,10.);
#454=VECTOR('',#2496,10.);
#455=VECTOR('',#2497,10.);
#456=VECTOR('',#2500,10.);
#457=VECTOR('',#2501,10.);
#458=VECTOR('',#2504,10.);
#459=VECTOR('',#2505,10.);
#460=VECTOR('',#2508,10.);
#461=VECTOR('',#2509,10.);
#462=VECTOR('',#2512,10.);
#463=VECTOR('',#2513,10.);
#464=VECTOR('',#2516,10.);
#465=VECTOR('',#2523,1.75);
#466=VECTOR('',#2526,1.75);
#467=VECTOR('',#2529,0.9);
#468=VECTOR('',#2532,1.75);
#469=VECTOR('',#2535,1.75);
#470=VECTOR('',#2538,1.75);
#471=VECTOR('',#2541,1.75);
#472=VECTOR('',#2544,1.75);
#473=VECTOR('',#2547,1.75);
#474=PLANE('',#1982);
#475=PLANE('',#1983);
#476=PLANE('',#1990);
#477=PLANE('',#1994);
#478=PLANE('',#1997);
#479=PLANE('',#2000);
#480=PLANE('',#2004);
#481=PLANE('',#2016);
#482=PLANE('',#2017);
#483=PLANE('',#2019);
#484=PLANE('',#2021);
#485=PLANE('',#2023);
#486=PLANE('',#2024);
#487=PLANE('',#2025);
#488=PLANE('',#2028);
#489=PLANE('',#2032);
#490=PLANE('',#2034);
#491=PLANE('',#2035);
#492=PLANE('',#2036);
#493=PLANE('',#2037);
#494=PLANE('',#2038);
#495=PLANE('',#2039);
#496=PLANE('',#2040);
#497=PLANE('',#2042);
#498=PLANE('',#2043);
#499=PLANE('',#2044);
#500=PLANE('',#2045);
#501=PLANE('',#2046);
#502=PLANE('',#2047);
#503=PLANE('',#2048);
#504=PLANE('',#2050);
#505=PLANE('',#2051);
#506=PLANE('',#2052);
#507=PLANE('',#2053);
#508=PLANE('',#2054);
#509=PLANE('',#2055);
#510=PLANE('',#2056);
#511=PLANE('',#2058);
#512=PLANE('',#2059);
#513=PLANE('',#2060);
#514=PLANE('',#2061);
#515=PLANE('',#2062);
#516=PLANE('',#2063);
#517=PLANE('',#2064);
#518=PLANE('',#2066);
#519=PLANE('',#2067);
#520=PLANE('',#2068);
#521=PLANE('',#2069);
#522=PLANE('',#2070);
#523=PLANE('',#2071);
#524=PLANE('',#2072);
#525=PLANE('',#2074);
#526=PLANE('',#2075);
#527=PLANE('',#2076);
#528=PLANE('',#2077);
#529=PLANE('',#2078);
#530=PLANE('',#2079);
#531=PLANE('',#2080);
#532=PLANE('',#2082);
#533=PLANE('',#2083);
#534=PLANE('',#2084);
#535=PLANE('',#2085);
#536=PLANE('',#2086);
#537=PLANE('',#2087);
#538=PLANE('',#2088);
#539=PLANE('',#2090);
#540=PLANE('',#2091);
#541=PLANE('',#2092);
#542=PLANE('',#2093);
#543=PLANE('',#2094);
#544=PLANE('',#2095);
#545=PLANE('',#2096);
#546=FACE_OUTER_BOUND('',#653,.T.);
#547=FACE_OUTER_BOUND('',#654,.T.);
#548=FACE_OUTER_BOUND('',#655,.T.);
#549=FACE_OUTER_BOUND('',#656,.T.);
#550=FACE_OUTER_BOUND('',#657,.T.);
#551=FACE_OUTER_BOUND('',#658,.T.);
#552=FACE_OUTER_BOUND('',#659,.T.);
#553=FACE_OUTER_BOUND('',#660,.T.);
#554=FACE_OUTER_BOUND('',#661,.T.);
#555=FACE_OUTER_BOUND('',#662,.T.);
#556=FACE_OUTER_BOUND('',#663,.T.);
#557=FACE_OUTER_BOUND('',#664,.T.);
#558=FACE_OUTER_BOUND('',#665,.T.);
#559=FACE_OUTER_BOUND('',#666,.T.);
#560=FACE_OUTER_BOUND('',#667,.T.);
#561=FACE_OUTER_BOUND('',#668,.T.);
#562=FACE_OUTER_BOUND('',#669,.T.);
#563=FACE_OUTER_BOUND('',#670,.T.);
#564=FACE_OUTER_BOUND('',#671,.T.);
#565=FACE_OUTER_BOUND('',#672,.T.);
#566=FACE_OUTER_BOUND('',#673,.T.);
#567=FACE_OUTER_BOUND('',#674,.T.);
#568=FACE_OUTER_BOUND('',#675,.T.);
#569=FACE_OUTER_BOUND('',#676,.T.);
#570=FACE_OUTER_BOUND('',#677,.T.);
#571=FACE_OUTER_BOUND('',#678,.T.);
#572=FACE_OUTER_BOUND('',#679,.T.);
#573=FACE_OUTER_BOUND('',#680,.T.);
#574=FACE_OUTER_BOUND('',#681,.T.);
#575=FACE_OUTER_BOUND('',#691,.T.);
#576=FACE_OUTER_BOUND('',#692,.T.);
#577=FACE_OUTER_BOUND('',#693,.T.);
#578=FACE_OUTER_BOUND('',#694,.T.);
#579=FACE_OUTER_BOUND('',#704,.T.);
#580=FACE_OUTER_BOUND('',#705,.T.);
#581=FACE_OUTER_BOUND('',#706,.T.);
#582=FACE_OUTER_BOUND('',#707,.T.);
#583=FACE_OUTER_BOUND('',#708,.T.);
#584=FACE_OUTER_BOUND('',#709,.T.);
#585=FACE_OUTER_BOUND('',#710,.T.);
#586=FACE_OUTER_BOUND('',#712,.T.);
#587=FACE_OUTER_BOUND('',#713,.T.);
#588=FACE_OUTER_BOUND('',#715,.T.);
#589=FACE_OUTER_BOUND('',#716,.T.);
#590=FACE_OUTER_BOUND('',#717,.T.);
#591=FACE_OUTER_BOUND('',#718,.T.);
#592=FACE_OUTER_BOUND('',#719,.T.);
#593=FACE_OUTER_BOUND('',#720,.T.);
#594=FACE_OUTER_BOUND('',#721,.T.);
#595=FACE_OUTER_BOUND('',#723,.T.);
#596=FACE_OUTER_BOUND('',#724,.T.);
#597=FACE_OUTER_BOUND('',#725,.T.);
#598=FACE_OUTER_BOUND('',#726,.T.);
#599=FACE_OUTER_BOUND('',#727,.T.);
#600=FACE_OUTER_BOUND('',#728,.T.);
#601=FACE_OUTER_BOUND('',#729,.T.);
#602=FACE_OUTER_BOUND('',#731,.T.);
#603=FACE_OUTER_BOUND('',#732,.T.);
#604=FACE_OUTER_BOUND('',#733,.T.);
#605=FACE_OUTER_BOUND('',#734,.T.);
#606=FACE_OUTER_BOUND('',#735,.T.);
#607=FACE_OUTER_BOUND('',#736,.T.);
#608=FACE_OUTER_BOUND('',#737,.T.);
#609=FACE_OUTER_BOUND('',#739,.T.);
#610=FACE_OUTER_BOUND('',#740,.T.);
#611=FACE_OUTER_BOUND('',#741,.T.);
#612=FACE_OUTER_BOUND('',#742,.T.);
#613=FACE_OUTER_BOUND('',#743,.T.);
#614=FACE_OUTER_BOUND('',#744,.T.);
#615=FACE_OUTER_BOUND('',#745,.T.);
#616=FACE_OUTER_BOUND('',#747,.T.);
#617=FACE_OUTER_BOUND('',#748,.T.);
#618=FACE_OUTER_BOUND('',#749,.T.);
#619=FACE_OUTER_BOUND('',#750,.T.);
#620=FACE_OUTER_BOUND('',#751,.T.);
#621=FACE_OUTER_BOUND('',#752,.T.);
#622=FACE_OUTER_BOUND('',#753,.T.);
#623=FACE_OUTER_BOUND('',#755,.T.);
#624=FACE_OUTER_BOUND('',#756,.T.);
#625=FACE_OUTER_BOUND('',#757,.T.);
#626=FACE_OUTER_BOUND('',#758,.T.);
#627=FACE_OUTER_BOUND('',#759,.T.);
#628=FACE_OUTER_BOUND('',#760,.T.);
#629=FACE_OUTER_BOUND('',#761,.T.);
#630=FACE_OUTER_BOUND('',#763,.T.);
#631=FACE_OUTER_BOUND('',#764,.T.);
#632=FACE_OUTER_BOUND('',#765,.T.);
#633=FACE_OUTER_BOUND('',#766,.T.);
#634=FACE_OUTER_BOUND('',#767,.T.);
#635=FACE_OUTER_BOUND('',#768,.T.);
#636=FACE_OUTER_BOUND('',#769,.T.);
#637=FACE_OUTER_BOUND('',#771,.T.);
#638=FACE_OUTER_BOUND('',#772,.T.);
#639=FACE_OUTER_BOUND('',#773,.T.);
#640=FACE_OUTER_BOUND('',#774,.T.);
#641=FACE_OUTER_BOUND('',#775,.T.);
#642=FACE_OUTER_BOUND('',#776,.T.);
#643=FACE_OUTER_BOUND('',#777,.T.);
#644=FACE_OUTER_BOUND('',#779,.T.);
#645=FACE_OUTER_BOUND('',#780,.T.);
#646=FACE_OUTER_BOUND('',#781,.T.);
#647=FACE_OUTER_BOUND('',#782,.T.);
#648=FACE_OUTER_BOUND('',#783,.T.);
#649=FACE_OUTER_BOUND('',#784,.T.);
#650=FACE_OUTER_BOUND('',#785,.T.);
#651=FACE_OUTER_BOUND('',#786,.T.);
#652=FACE_OUTER_BOUND('',#787,.T.);
#653=EDGE_LOOP('',(#1295,#1296,#1297,#1298));
#654=EDGE_LOOP('',(#1299,#1300,#1301,#1302,#1303,#1304));
#655=EDGE_LOOP('',(#1305,#1306,#1307,#1308));
#656=EDGE_LOOP('',(#1309,#1310,#1311,#1312,#1313,#1314));
#657=EDGE_LOOP('',(#1315,#1316,#1317,#1318,#1319,#1320,#1321));
#658=EDGE_LOOP('',(#1322,#1323,#1324,#1325));
#659=EDGE_LOOP('',(#1326,#1327,#1328,#1329));
#660=EDGE_LOOP('',(#1330,#1331,#1332,#1333));
#661=EDGE_LOOP('',(#1334,#1335,#1336,#1337));
#662=EDGE_LOOP('',(#1338,#1339,#1340,#1341,#1342));
#663=EDGE_LOOP('',(#1343,#1344,#1345,#1346));
#664=EDGE_LOOP('',(#1347,#1348,#1349,#1350,#1351));
#665=EDGE_LOOP('',(#1352,#1353,#1354,#1355,#1356));
#666=EDGE_LOOP('',(#1357,#1358,#1359,#1360));
#667=EDGE_LOOP('',(#1361,#1362,#1363,#1364));
#668=EDGE_LOOP('',(#1365,#1366,#1367,#1368));
#669=EDGE_LOOP('',(#1369,#1370,#1371,#1372));
#670=EDGE_LOOP('',(#1373,#1374,#1375,#1376));
#671=EDGE_LOOP('',(#1377,#1378,#1379,#1380));
#672=EDGE_LOOP('',(#1381,#1382,#1383,#1384));
#673=EDGE_LOOP('',(#1385,#1386,#1387,#1388));
#674=EDGE_LOOP('',(#1389,#1390,#1391,#1392,#1393,#1394));
#675=EDGE_LOOP('',(#1395,#1396,#1397,#1398));
#676=EDGE_LOOP('',(#1399,#1400,#1401,#1402));
#677=EDGE_LOOP('',(#1403,#1404,#1405,#1406));
#678=EDGE_LOOP('',(#1407,#1408,#1409,#1410));
#679=EDGE_LOOP('',(#1411,#1412,#1413,#1414));
#680=EDGE_LOOP('',(#1415,#1416,#1417,#1418,#1419,#1420,#1421));
#681=EDGE_LOOP('',(#1422,#1423,#1424,#1425,#1426,#1427,#1428,#1429,#1430,
#1431,#1432,#1433,#1434,#1435));
#682=EDGE_LOOP('',(#1436));
#683=EDGE_LOOP('',(#1437));
#684=EDGE_LOOP('',(#1438));
#685=EDGE_LOOP('',(#1439));
#686=EDGE_LOOP('',(#1440));
#687=EDGE_LOOP('',(#1441));
#688=EDGE_LOOP('',(#1442));
#689=EDGE_LOOP('',(#1443));
#690=EDGE_LOOP('',(#1444));
#691=EDGE_LOOP('',(#1445,#1446,#1447,#1448));
#692=EDGE_LOOP('',(#1449,#1450,#1451,#1452,#1453,#1454));
#693=EDGE_LOOP('',(#1455,#1456,#1457,#1458,#1459));
#694=EDGE_LOOP('',(#1460,#1461,#1462,#1463,#1464,#1465,#1466,#1467,#1468,
#1469,#1470,#1471,#1472,#1473));
#695=EDGE_LOOP('',(#1474));
#696=EDGE_LOOP('',(#1475,#1476,#1477,#1478,#1479,#1480));
#697=EDGE_LOOP('',(#1481,#1482,#1483,#1484,#1485,#1486));
#698=EDGE_LOOP('',(#1487,#1488,#1489,#1490,#1491,#1492));
#699=EDGE_LOOP('',(#1493,#1494,#1495,#1496,#1497,#1498));
#700=EDGE_LOOP('',(#1499,#1500,#1501,#1502,#1503,#1504));
#701=EDGE_LOOP('',(#1505,#1506,#1507,#1508,#1509,#1510));
#702=EDGE_LOOP('',(#1511,#1512,#1513,#1514,#1515,#1516));
#703=EDGE_LOOP('',(#1517,#1518,#1519,#1520,#1521,#1522));
#704=EDGE_LOOP('',(#1523,#1524,#1525,#1526,#1527,#1528));
#705=EDGE_LOOP('',(#1529,#1530,#1531,#1532,#1533,#1534));
#706=EDGE_LOOP('',(#1535,#1536,#1537,#1538));
#707=EDGE_LOOP('',(#1539,#1540,#1541,#1542,#1543));
#708=EDGE_LOOP('',(#1544,#1545,#1546,#1547,#1548));
#709=EDGE_LOOP('',(#1549,#1550,#1551,#1552));
#710=EDGE_LOOP('',(#1553));
#711=EDGE_LOOP('',(#1554));
#712=EDGE_LOOP('',(#1555,#1556,#1557,#1558));
#713=EDGE_LOOP('',(#1559));
#714=EDGE_LOOP('',(#1560));
#715=EDGE_LOOP('',(#1561,#1562,#1563,#1564));
#716=EDGE_LOOP('',(#1565,#1566,#1567,#1568));
#717=EDGE_LOOP('',(#1569,#1570,#1571,#1572));
#718=EDGE_LOOP('',(#1573,#1574,#1575,#1576));
#719=EDGE_LOOP('',(#1577,#1578,#1579,#1580));
#720=EDGE_LOOP('',(#1581,#1582,#1583,#1584));
#721=EDGE_LOOP('',(#1585,#1586,#1587,#1588,#1589,#1590));
#722=EDGE_LOOP('',(#1591));
#723=EDGE_LOOP('',(#1592,#1593,#1594,#1595));
#724=EDGE_LOOP('',(#1596,#1597,#1598,#1599));
#725=EDGE_LOOP('',(#1600,#1601,#1602,#1603));
#726=EDGE_LOOP('',(#1604,#1605,#1606,#1607));
#727=EDGE_LOOP('',(#1608,#1609,#1610,#1611));
#728=EDGE_LOOP('',(#1612,#1613,#1614,#1615));
#729=EDGE_LOOP('',(#1616,#1617,#1618,#1619,#1620,#1621));
#730=EDGE_LOOP('',(#1622));
#731=EDGE_LOOP('',(#1623,#1624,#1625,#1626));
#732=EDGE_LOOP('',(#1627,#1628,#1629,#1630));
#733=EDGE_LOOP('',(#1631,#1632,#1633,#1634));
#734=EDGE_LOOP('',(#1635,#1636,#1637,#1638));
#735=EDGE_LOOP('',(#1639,#1640,#1641,#1642));
#736=EDGE_LOOP('',(#1643,#1644,#1645,#1646));
#737=EDGE_LOOP('',(#1647,#1648,#1649,#1650,#1651,#1652));
#738=EDGE_LOOP('',(#1653));
#739=EDGE_LOOP('',(#1654,#1655,#1656,#1657));
#740=EDGE_LOOP('',(#1658,#1659,#1660,#1661));
#741=EDGE_LOOP('',(#1662,#1663,#1664,#1665));
#742=EDGE_LOOP('',(#1666,#1667,#1668,#1669));
#743=EDGE_LOOP('',(#1670,#1671,#1672,#1673));
#744=EDGE_LOOP('',(#1674,#1675,#1676,#1677));
#745=EDGE_LOOP('',(#1678,#1679,#1680,#1681,#1682,#1683));
#746=EDGE_LOOP('',(#1684));
#747=EDGE_LOOP('',(#1685,#1686,#1687,#1688));
#748=EDGE_LOOP('',(#1689,#1690,#1691,#1692));
#749=EDGE_LOOP('',(#1693,#1694,#1695,#1696));
#750=EDGE_LOOP('',(#1697,#1698,#1699,#1700));
#751=EDGE_LOOP('',(#1701,#1702,#1703,#1704));
#752=EDGE_LOOP('',(#1705,#1706,#1707,#1708));
#753=EDGE_LOOP('',(#1709,#1710,#1711,#1712,#1713,#1714));
#754=EDGE_LOOP('',(#1715));
#755=EDGE_LOOP('',(#1716,#1717,#1718,#1719));
#756=EDGE_LOOP('',(#1720,#1721,#1722,#1723));
#757=EDGE_LOOP('',(#1724,#1725,#1726,#1727));
#758=EDGE_LOOP('',(#1728,#1729,#1730,#1731));
#759=EDGE_LOOP('',(#1732,#1733,#1734,#1735));
#760=EDGE_LOOP('',(#1736,#1737,#1738,#1739));
#761=EDGE_LOOP('',(#1740,#1741,#1742,#1743,#1744,#1745));
#762=EDGE_LOOP('',(#1746));
#763=EDGE_LOOP('',(#1747,#1748,#1749,#1750));
#764=EDGE_LOOP('',(#1751,#1752,#1753,#1754));
#765=EDGE_LOOP('',(#1755,#1756,#1757,#1758));
#766=EDGE_LOOP('',(#1759,#1760,#1761,#1762));
#767=EDGE_LOOP('',(#1763,#1764,#1765,#1766));
#768=EDGE_LOOP('',(#1767,#1768,#1769,#1770));
#769=EDGE_LOOP('',(#1771,#1772,#1773,#1774,#1775,#1776));
#770=EDGE_LOOP('',(#1777));
#771=EDGE_LOOP('',(#1778,#1779,#1780,#1781));
#772=EDGE_LOOP('',(#1782,#1783,#1784,#1785));
#773=EDGE_LOOP('',(#1786,#1787,#1788,#1789));
#774=EDGE_LOOP('',(#1790,#1791,#1792,#1793));
#775=EDGE_LOOP('',(#1794,#1795,#1796,#1797));
#776=EDGE_LOOP('',(#1798,#1799,#1800,#1801));
#777=EDGE_LOOP('',(#1802,#1803,#1804,#1805,#1806,#1807));
#778=EDGE_LOOP('',(#1808));
#779=EDGE_LOOP('',(#1809,#1810,#1811,#1812));
#780=EDGE_LOOP('',(#1813,#1814,#1815,#1816));
#781=EDGE_LOOP('',(#1817,#1818,#1819,#1820));
#782=EDGE_LOOP('',(#1821,#1822,#1823,#1824));
#783=EDGE_LOOP('',(#1825,#1826,#1827,#1828));
#784=EDGE_LOOP('',(#1829,#1830,#1831,#1832));
#785=EDGE_LOOP('',(#1833,#1834,#1835,#1836));
#786=EDGE_LOOP('',(#1837,#1838,#1839,#1840));
#787=EDGE_LOOP('',(#1841,#1842,#1843,#1844));
#788=B_SPLINE_CURVE_WITH_KNOTS('',3,(#2571,#2572,#2573,#2574,#2575,#2576,
#2577),.UNSPECIFIED.,.F.,.F.,(4,3,4),(0.,0.104987098288397,0.183727422004695),
 .UNSPECIFIED.);
#789=B_SPLINE_CURVE_WITH_KNOTS('',3,(#2579,#2580,#2581,#2582),
 .UNSPECIFIED.,.F.,.F.,(4,4),(-0.6,0.100000000000052),.UNSPECIFIED.);
#790=B_SPLINE_CURVE_WITH_KNOTS('',3,(#2584,#2585,#2586,#2587,#2588,#2589,
#2590,#2591,#2592,#2593),.UNSPECIFIED.,.F.,.F.,(4,2,2,2,4),(-0.208965826215187,
-0.143274442580871,-0.0726064773779381,0.,0.000722229394816264),
 .UNSPECIFIED.);
#791=B_SPLINE_CURVE_WITH_KNOTS('',3,(#2594,#2595,#2596,#2597),
 .UNSPECIFIED.,.F.,.F.,(4,4),(-0.003159159014591,0.6),.UNSPECIFIED.);
#792=B_SPLINE_CURVE_WITH_KNOTS('',3,(#2600,#2601,#2602,#2603),
 .UNSPECIFIED.,.F.,.F.,(4,4),(0.151297843455147,0.183313596398141),
 .UNSPECIFIED.);
#793=B_SPLINE_CURVE_WITH_KNOTS('',3,(#2605,#2606,#2607,#2608),
 .UNSPECIFIED.,.F.,.F.,(4,4),(0.215232306731402,0.219925230834175),
 .UNSPECIFIED.);
#794=B_SPLINE_CURVE_WITH_KNOTS('',3,(#2640,#2641,#2642,#2643,#2644,#2645,
#2646,#2647,#2648,#2649),.UNSPECIFIED.,.F.,.F.,(4,3,3,4),(-1.38777878078145E-17,
0.0521901563551376,0.104380312710275,0.182665547242982),.UNSPECIFIED.);
#795=B_SPLINE_CURVE_WITH_KNOTS('',3,(#2651,#2652,#2653,#2654),
 .UNSPECIFIED.,.F.,.F.,(4,4),(-0.6,0.00315915611565792),.UNSPECIFIED.);
#796=B_SPLINE_CURVE_WITH_KNOTS('',3,(#2656,#2657,#2658,#2659,#2660,#2661,
#2662,#2663,#2664,#2665),.UNSPECIFIED.,.F.,.F.,(4,2,2,2,4),(-0.20857324358705,
-0.207854853969789,-0.135634364189532,-0.06534211715077,0.),
 .UNSPECIFIED.);
#797=B_SPLINE_CURVE_WITH_KNOTS('',3,(#2666,#2667,#2668,#2669),
 .UNSPECIFIED.,.F.,.F.,(4,4),(-0.100000000000052,0.6),.UNSPECIFIED.);
#798=B_SPLINE_CURVE_WITH_KNOTS('',3,(#2682,#2683,#2684,#2685),
 .UNSPECIFIED.,.F.,.F.,(4,4),(-0.0637040052400684,0.186952372480512),
 .UNSPECIFIED.);
#799=B_SPLINE_CURVE_WITH_KNOTS('',3,(#2687,#2688,#2689,#2690),
 .UNSPECIFIED.,.F.,.F.,(4,4),(-0.447832396928933,-0.186951657096063),
 .UNSPECIFIED.);
#800=B_SPLINE_CURVE_WITH_KNOTS('',3,(#2721,#2722,#2723,#2724,#2725,#2726),
 .UNSPECIFIED.,.F.,.F.,(4,1,1,4),(0.,0.285714285714286,0.571428571428571,
1.),.UNSPECIFIED.);
#801=B_SPLINE_CURVE_WITH_KNOTS('',3,(#2728,#2729,#2730,#2731),
 .UNSPECIFIED.,.F.,.F.,(4,4),(0.432038981823561,1.31811607165282),
 .UNSPECIFIED.);
#802=B_SPLINE_CURVE_WITH_KNOTS('',3,(#2733,#2734,#2735,#2736,#2737,#2738),
 .UNSPECIFIED.,.F.,.F.,(4,1,1,4),(-1.,-0.571428571428571,-0.285714285714286,
0.),.UNSPECIFIED.);
#803=B_SPLINE_CURVE_WITH_KNOTS('',3,(#2739,#2740,#2741,#2742),
 .UNSPECIFIED.,.F.,.F.,(4,4),(-1.31811607165282,-0.432038981823561),
 .UNSPECIFIED.);
#804=B_SPLINE_CURVE_WITH_KNOTS('',3,(#2769,#2770,#2771,#2772,#2773,#2774),
 .UNSPECIFIED.,.F.,.F.,(4,1,1,4),(-1.,-0.571428571428571,-0.285714285714286,
0.),.UNSPECIFIED.);
#805=B_SPLINE_CURVE_WITH_KNOTS('',3,(#2775,#2776,#2777,#2778),
 .UNSPECIFIED.,.F.,.F.,(4,4),(-1.11270166537926,1.11270170263216),
 .UNSPECIFIED.);
#806=B_SPLINE_CURVE_WITH_KNOTS('',3,(#2779,#2780,#2781,#2782),
 .UNSPECIFIED.,.F.,.F.,(4,4),(-1.11270170263216,1.11270166537926),
 .UNSPECIFIED.);
#807=B_SPLINE_CURVE_WITH_KNOTS('',3,(#2809,#2810,#2811,#2812,#2813,#2814),
 .UNSPECIFIED.,.F.,.F.,(4,1,1,4),(0.,0.285714285714286,0.571428571428571,
1.),.UNSPECIFIED.);
#808=B_SPLINE_CURVE_WITH_KNOTS('',3,(#2815,#2816,#2817,#2818),
 .UNSPECIFIED.,.F.,.F.,(4,4),(0.432038896915228,1.31811607165282),
 .UNSPECIFIED.);
#809=B_SPLINE_CURVE_WITH_KNOTS('',3,(#2819,#2820,#2821,#2822),
 .UNSPECIFIED.,.F.,.F.,(4,4),(-1.31811607165282,-0.432038896915228),
 .UNSPECIFIED.);
#810=B_SPLINE_CURVE_WITH_KNOTS('',3,(#2848,#2849,#2850,#2851,#2852,#2853),
 .UNSPECIFIED.,.F.,.F.,(4,1,1,4),(-0.972947060046864,-0.571428571428571,
-0.285714285714286,0.),.UNSPECIFIED.);
#811=B_SPLINE_CURVE_WITH_KNOTS('',3,(#2854,#2855,#2856,#2857),
 .UNSPECIFIED.,.F.,.F.,(4,4),(0.422451277794953,0.43203898182354),
 .UNSPECIFIED.);
#812=B_SPLINE_CURVE_WITH_KNOTS('',3,(#2883,#2884,#2885,#2886),
 .UNSPECIFIED.,.F.,.F.,(4,4),(-0.186952402524165,0.0637039751983536),
 .UNSPECIFIED.);
#813=B_SPLINE_CURVE_WITH_KNOTS('',3,(#2887,#2888,#2889,#2890),
 .UNSPECIFIED.,.F.,.F.,(4,4),(0.186951687137777,0.447832396928933),
 .UNSPECIFIED.);
#814=B_SPLINE_CURVE_WITH_KNOTS('',3,(#2916,#2917,#2918,#2919),
 .UNSPECIFIED.,.F.,.F.,(4,4),(0.,0.00613169729183996),.UNSPECIFIED.);
#815=B_SPLINE_CURVE_WITH_KNOTS('',3,(#2920,#2921,#2922,#2923),
 .UNSPECIFIED.,.F.,.F.,(4,4),(-0.432038896915229,-0.422451277794953),
 .UNSPECIFIED.);
#816=B_SPLINE_CURVE_WITH_KNOTS('',3,(#2924,#2925,#2926,#2927,#2928,#2929),
 .UNSPECIFIED.,.F.,.F.,(4,1,1,4),(0.,0.285714285714286,0.571428571428571,
0.97294729218441),.UNSPECIFIED.);
#817=B_SPLINE_CURVE_WITH_KNOTS('',3,(#2954,#2955,#2956,#2957),
 .UNSPECIFIED.,.F.,.F.,(4,4),(0.,0.0283225326416587),.UNSPECIFIED.);
#818=B_SPLINE_CURVE_WITH_KNOTS('',3,(#2992,#2993,#2994,#2995,#2996,#2997),
 .UNSPECIFIED.,.F.,.F.,(4,1,1,4),(-1.,-0.571428571428571,-0.285714285714286,
0.),.UNSPECIFIED.);
#819=B_SPLINE_CURVE_WITH_KNOTS('',3,(#2999,#3000,#3001,#3002),
 .UNSPECIFIED.,.F.,.F.,(4,4),(0.0999999999999999,1.4),.UNSPECIFIED.);
#820=B_SPLINE_CURVE_WITH_KNOTS('',3,(#3004,#3005,#3006,#3007,#3008,#3009),
 .UNSPECIFIED.,.F.,.F.,(4,1,1,4),(0.,0.285714285714286,0.571428571428571,
1.),.UNSPECIFIED.);
#821=B_SPLINE_CURVE_WITH_KNOTS('',3,(#3010,#3011,#3012,#3013),
 .UNSPECIFIED.,.F.,.F.,(4,4),(-1.4,-0.0999999999999999),.UNSPECIFIED.);
#822=B_SPLINE_CURVE_WITH_KNOTS('',3,(#3045,#3046,#3047,#3048,#3049),
 .UNSPECIFIED.,.F.,.F.,(4,1,4),(-0.785398163397449,-0.112199737628207,0.785398163397448),
 .UNSPECIFIED.);
#823=B_SPLINE_CURVE_WITH_KNOTS('',3,(#3051,#3052,#3053,#3054,#3055,#3056),
 .UNSPECIFIED.,.F.,.F.,(4,1,1,4),(0.,0.285714285714286,0.571428571428571,
1.),.UNSPECIFIED.);
#824=B_SPLINE_CURVE_WITH_KNOTS('',3,(#3057,#3058,#3059,#3060,#3061),
 .UNSPECIFIED.,.F.,.F.,(4,1,4),(-0.785398163397448,0.112199737628207,0.785398163397449),
 .UNSPECIFIED.);
#825=B_SPLINE_CURVE_WITH_KNOTS('',3,(#3088,#3089,#3090,#3091,#3092,#3093,
#3094,#3095,#3096,#3097),.UNSPECIFIED.,.F.,.F.,(4,2,2,2,4),(0.,0.0385282340505146,
0.0780462760759005,0.117429641300621,0.161141738483985),.UNSPECIFIED.);
#826=B_SPLINE_CURVE_WITH_KNOTS('',3,(#3098,#3099,#3100,#3101),
 .UNSPECIFIED.,.F.,.F.,(4,4),(-5.75046607085892,-5.49778714378214),
 .UNSPECIFIED.);
#827=B_SPLINE_CURVE_WITH_KNOTS('',3,(#3102,#3103,#3104,#3105),
 .UNSPECIFIED.,.F.,.F.,(4,4),(5.49778714378214,5.83762405323626),
 .UNSPECIFIED.);
#828=B_SPLINE_CURVE_WITH_KNOTS('',3,(#3131,#3132,#3133,#3134),
 .UNSPECIFIED.,.F.,.F.,(4,4),(-2.1,2.1),.UNSPECIFIED.);
#829=B_SPLINE_CURVE_WITH_KNOTS('',3,(#3136,#3137,#3138,#3139,#3140,#3141),
 .UNSPECIFIED.,.F.,.F.,(4,1,1,4),(0.,0.285714285714286,0.571428571428571,
1.),.UNSPECIFIED.);
#830=B_SPLINE_CURVE_WITH_KNOTS('',3,(#3142,#3143,#3144,#3145),
 .UNSPECIFIED.,.F.,.F.,(4,4),(-2.1,2.1),.UNSPECIFIED.);
#831=B_SPLINE_CURVE_WITH_KNOTS('',3,(#3177,#3178,#3179,#3180,#3181),
 .UNSPECIFIED.,.F.,.F.,(4,1,4),(-0.785398163397448,-0.112199737628206,0.785398163397449),
 .UNSPECIFIED.);
#832=B_SPLINE_CURVE_WITH_KNOTS('',3,(#3183,#3184,#3185,#3186,#3187,#3188),
 .UNSPECIFIED.,.F.,.F.,(4,1,1,4),(0.,0.285714285714286,0.571428571428571,
1.),.UNSPECIFIED.);
#833=B_SPLINE_CURVE_WITH_KNOTS('',3,(#3189,#3190,#3191,#3192,#3193),
 .UNSPECIFIED.,.F.,.F.,(4,1,4),(-0.785398163397449,0.112199737628206,0.785398163397448),
 .UNSPECIFIED.);
#834=B_SPLINE_CURVE_WITH_KNOTS('',3,(#3219,#3220,#3221,#3222),
 .UNSPECIFIED.,.F.,.F.,(4,4),(-1.4,-0.1),.UNSPECIFIED.);
#835=B_SPLINE_CURVE_WITH_KNOTS('',3,(#3224,#3225,#3226,#3227,#3228,#3229),
 .UNSPECIFIED.,.F.,.F.,(4,1,1,4),(0.,0.285714285714286,0.571428571428571,
1.),.UNSPECIFIED.);
#836=B_SPLINE_CURVE_WITH_KNOTS('',3,(#3230,#3231,#3232,#3233),
 .UNSPECIFIED.,.F.,.F.,(4,4),(0.1,1.4),.UNSPECIFIED.);
#837=B_SPLINE_CURVE_WITH_KNOTS('',3,(#3260,#3261,#3262,#3263,#3264,#3265,
#3266,#3267,#3268,#3269),.UNSPECIFIED.,.F.,.F.,(4,2,2,2,4),(0.,0.0432106764602907,
0.0843612485431246,0.123078306425519,0.161565125476887),.UNSPECIFIED.);
#838=B_SPLINE_CURVE_WITH_KNOTS('',3,(#3270,#3271,#3272,#3273),
 .UNSPECIFIED.,.F.,.F.,(4,4),(0.445561253943325,0.785398163397448),
 .UNSPECIFIED.);
#839=B_SPLINE_CURVE_WITH_KNOTS('',3,(#3274,#3275,#3276,#3277),
 .UNSPECIFIED.,.F.,.F.,(4,4),(-0.785398163397448,-0.532719236320663),
 .UNSPECIFIED.);
#840=VERTEX_POINT('',#2569);
#841=VERTEX_POINT('',#2570);
#842=VERTEX_POINT('',#2578);
#843=VERTEX_POINT('',#2583);
#844=VERTEX_POINT('',#2599);
#845=VERTEX_POINT('',#2604);
#846=VERTEX_POINT('',#2609);
#847=VERTEX_POINT('',#2611);
#848=VERTEX_POINT('',#2638);
#849=VERTEX_POINT('',#2639);
#850=VERTEX_POINT('',#2650);
#851=VERTEX_POINT('',#2655);
#852=VERTEX_POINT('',#2671);
#853=VERTEX_POINT('',#2673);
#854=VERTEX_POINT('',#2675);
#855=VERTEX_POINT('',#2677);
#856=VERTEX_POINT('',#2681);
#857=VERTEX_POINT('',#2686);
#858=VERTEX_POINT('',#2691);
#859=VERTEX_POINT('',#2693);
#860=VERTEX_POINT('',#2720);
#861=VERTEX_POINT('',#2727);
#862=VERTEX_POINT('',#2732);
#863=VERTEX_POINT('',#2767);
#864=VERTEX_POINT('',#2768);
#865=VERTEX_POINT('',#2807);
#866=VERTEX_POINT('',#2808);
#867=VERTEX_POINT('',#2847);
#868=VERTEX_POINT('',#2882);
#869=VERTEX_POINT('',#2915);
#870=VERTEX_POINT('',#2959);
#871=VERTEX_POINT('',#2963);
#872=VERTEX_POINT('',#2990);
#873=VERTEX_POINT('',#2991);
#874=VERTEX_POINT('',#2998);
#875=VERTEX_POINT('',#3003);
#876=VERTEX_POINT('',#3044);
#877=VERTEX_POINT('',#3050);
#878=VERTEX_POINT('',#3086);
#879=VERTEX_POINT('',#3087);
#880=VERTEX_POINT('',#3130);
#881=VERTEX_POINT('',#3135);
#882=VERTEX_POINT('',#3176);
#883=VERTEX_POINT('',#3182);
#884=VERTEX_POINT('',#3218);
#885=VERTEX_POINT('',#3223);
#886=VERTEX_POINT('',#3258);
#887=VERTEX_POINT('',#3259);
#888=VERTEX_POINT('',#3279);
#889=VERTEX_POINT('',#3281);
#890=VERTEX_POINT('',#3283);
#891=VERTEX_POINT('',#3285);
#892=VERTEX_POINT('',#3289);
#893=VERTEX_POINT('',#3293);
#894=VERTEX_POINT('',#3297);
#895=VERTEX_POINT('',#3301);
#896=VERTEX_POINT('',#3305);
#897=VERTEX_POINT('',#3309);
#898=VERTEX_POINT('',#3311);
#899=VERTEX_POINT('',#3313);
#900=VERTEX_POINT('',#3318);
#901=VERTEX_POINT('',#3322);
#902=VERTEX_POINT('',#3324);
#903=VERTEX_POINT('',#3326);
#904=VERTEX_POINT('',#3328);
#905=VERTEX_POINT('',#3330);
#906=VERTEX_POINT('',#3332);
#907=VERTEX_POINT('',#3334);
#908=VERTEX_POINT('',#3336);
#909=VERTEX_POINT('',#3338);
#910=VERTEX_POINT('',#3346);
#911=VERTEX_POINT('',#3350);
#912=VERTEX_POINT('',#3352);
#913=VERTEX_POINT('',#3353);
#914=VERTEX_POINT('',#3355);
#915=VERTEX_POINT('',#3357);
#916=VERTEX_POINT('',#3359);
#917=VERTEX_POINT('',#3361);
#918=VERTEX_POINT('',#3364);
#919=VERTEX_POINT('',#3365);
#920=VERTEX_POINT('',#3367);
#921=VERTEX_POINT('',#3369);
#922=VERTEX_POINT('',#3371);
#923=VERTEX_POINT('',#3373);
#924=VERTEX_POINT('',#3376);
#925=VERTEX_POINT('',#3377);
#926=VERTEX_POINT('',#3379);
#927=VERTEX_POINT('',#3381);
#928=VERTEX_POINT('',#3383);
#929=VERTEX_POINT('',#3385);
#930=VERTEX_POINT('',#3388);
#931=VERTEX_POINT('',#3389);
#932=VERTEX_POINT('',#3391);
#933=VERTEX_POINT('',#3393);
#934=VERTEX_POINT('',#3395);
#935=VERTEX_POINT('',#3397);
#936=VERTEX_POINT('',#3400);
#937=VERTEX_POINT('',#3401);
#938=VERTEX_POINT('',#3403);
#939=VERTEX_POINT('',#3405);
#940=VERTEX_POINT('',#3407);
#941=VERTEX_POINT('',#3409);
#942=VERTEX_POINT('',#3412);
#943=VERTEX_POINT('',#3413);
#944=VERTEX_POINT('',#3415);
#945=VERTEX_POINT('',#3417);
#946=VERTEX_POINT('',#3419);
#947=VERTEX_POINT('',#3421);
#948=VERTEX_POINT('',#3424);
#949=VERTEX_POINT('',#3425);
#950=VERTEX_POINT('',#3427);
#951=VERTEX_POINT('',#3429);
#952=VERTEX_POINT('',#3431);
#953=VERTEX_POINT('',#3433);
#954=VERTEX_POINT('',#3436);
#955=VERTEX_POINT('',#3437);
#956=VERTEX_POINT('',#3439);
#957=VERTEX_POINT('',#3441);
#958=VERTEX_POINT('',#3443);
#959=VERTEX_POINT('',#3445);
#960=VERTEX_POINT('',#3457);
#961=VERTEX_POINT('',#3461);
#962=VERTEX_POINT('',#3464);
#963=VERTEX_POINT('',#3468);
#964=VERTEX_POINT('',#3471);
#965=VERTEX_POINT('',#3473);
#966=VERTEX_POINT('',#3477);
#967=VERTEX_POINT('',#3481);
#968=VERTEX_POINT('',#3485);
#969=VERTEX_POINT('',#3489);
#970=VERTEX_POINT('',#3495);
#971=VERTEX_POINT('',#3498);
#972=VERTEX_POINT('',#3500);
#973=VERTEX_POINT('',#3504);
#974=VERTEX_POINT('',#3508);
#975=VERTEX_POINT('',#3512);
#976=VERTEX_POINT('',#3516);
#977=VERTEX_POINT('',#3522);
#978=VERTEX_POINT('',#3525);
#979=VERTEX_POINT('',#3527);
#980=VERTEX_POINT('',#3531);
#981=VERTEX_POINT('',#3535);
#982=VERTEX_POINT('',#3539);
#983=VERTEX_POINT('',#3543);
#984=VERTEX_POINT('',#3549);
#985=VERTEX_POINT('',#3552);
#986=VERTEX_POINT('',#3554);
#987=VERTEX_POINT('',#3558);
#988=VERTEX_POINT('',#3562);
#989=VERTEX_POINT('',#3566);
#990=VERTEX_POINT('',#3570);
#991=VERTEX_POINT('',#3576);
#992=VERTEX_POINT('',#3579);
#993=VERTEX_POINT('',#3581);
#994=VERTEX_POINT('',#3585);
#995=VERTEX_POINT('',#3589);
#996=VERTEX_POINT('',#3593);
#997=VERTEX_POINT('',#3597);
#998=VERTEX_POINT('',#3603);
#999=VERTEX_POINT('',#3606);
#1000=VERTEX_POINT('',#3608);
#1001=VERTEX_POINT('',#3612);
#1002=VERTEX_POINT('',#3616);
#1003=VERTEX_POINT('',#3620);
#1004=VERTEX_POINT('',#3624);
#1005=VERTEX_POINT('',#3630);
#1006=VERTEX_POINT('',#3633);
#1007=VERTEX_POINT('',#3635);
#1008=VERTEX_POINT('',#3639);
#1009=VERTEX_POINT('',#3643);
#1010=VERTEX_POINT('',#3647);
#1011=VERTEX_POINT('',#3651);
#1012=VERTEX_POINT('',#3657);
#1013=VERTEX_POINT('',#3660);
#1014=VERTEX_POINT('',#3662);
#1015=VERTEX_POINT('',#3666);
#1016=VERTEX_POINT('',#3670);
#1017=VERTEX_POINT('',#3674);
#1018=VERTEX_POINT('',#3678);
#1019=VERTEX_POINT('',#3684);
#1020=EDGE_CURVE('',#840,#841,#788,.T.);
#1021=EDGE_CURVE('',#841,#842,#789,.T.);
#1022=EDGE_CURVE('',#842,#843,#790,.F.);
#1023=EDGE_CURVE('',#843,#840,#791,.T.);
#1024=EDGE_CURVE('',#844,#843,#792,.F.);
#1025=EDGE_CURVE('',#845,#844,#793,.F.);
#1026=EDGE_CURVE('',#845,#846,#96,.T.);
#1027=EDGE_CURVE('',#846,#847,#97,.T.);
#1028=EDGE_CURVE('',#840,#847,#98,.T.);
#1029=EDGE_CURVE('',#848,#849,#794,.T.);
#1030=EDGE_CURVE('',#849,#850,#795,.T.);
#1031=EDGE_CURVE('',#850,#851,#796,.F.);
#1032=EDGE_CURVE('',#851,#848,#797,.T.);
#1033=EDGE_CURVE('',#852,#848,#62,.T.);
#1034=EDGE_CURVE('',#852,#853,#99,.T.);
#1035=EDGE_CURVE('',#854,#853,#63,.T.);
#1036=EDGE_CURVE('',#854,#855,#100,.T.);
#1037=EDGE_CURVE('',#855,#849,#101,.T.);
#1038=EDGE_CURVE('',#851,#856,#798,.T.);
#1039=EDGE_CURVE('',#857,#856,#799,.T.);
#1040=EDGE_CURVE('',#857,#858,#102,.T.);
#1041=EDGE_CURVE('',#858,#859,#64,.T.);
#1042=EDGE_CURVE('',#859,#852,#103,.T.);
#1043=EDGE_CURVE('',#845,#860,#800,.T.);
#1044=EDGE_CURVE('',#860,#861,#801,.T.);
#1045=EDGE_CURVE('',#861,#862,#802,.T.);
#1046=EDGE_CURVE('',#862,#845,#803,.T.);
#1047=EDGE_CURVE('',#863,#864,#804,.T.);
#1048=EDGE_CURVE('',#864,#862,#805,.T.);
#1049=EDGE_CURVE('',#861,#863,#806,.T.);
#1050=EDGE_CURVE('',#865,#866,#807,.T.);
#1051=EDGE_CURVE('',#866,#864,#808,.T.);
#1052=EDGE_CURVE('',#863,#865,#809,.T.);
#1053=EDGE_CURVE('',#844,#867,#810,.T.);
#1054=EDGE_CURVE('',#867,#860,#811,.T.);
#1055=EDGE_CURVE('',#868,#842,#812,.T.);
#1056=EDGE_CURVE('',#868,#867,#813,.T.);
#1057=EDGE_CURVE('',#869,#866,#814,.F.);
#1058=EDGE_CURVE('',#865,#857,#815,.T.);
#1059=EDGE_CURVE('',#857,#869,#816,.T.);
#1060=EDGE_CURVE('',#850,#869,#817,.F.);
#1061=EDGE_CURVE('',#863,#870,#104,.T.);
#1062=EDGE_CURVE('',#858,#870,#65,.F.);
#1063=EDGE_CURVE('',#871,#861,#105,.T.);
#1064=EDGE_CURVE('',#870,#871,#106,.T.);
#1065=EDGE_CURVE('',#872,#873,#818,.T.);
#1066=EDGE_CURVE('',#873,#874,#819,.T.);
#1067=EDGE_CURVE('',#874,#875,#820,.T.);
#1068=EDGE_CURVE('',#875,#872,#821,.T.);
#1069=EDGE_CURVE('',#874,#876,#822,.T.);
#1070=EDGE_CURVE('',#876,#877,#823,.T.);
#1071=EDGE_CURVE('',#877,#875,#824,.T.);
#1072=EDGE_CURVE('',#878,#879,#825,.F.);
#1073=EDGE_CURVE('',#879,#873,#826,.T.);
#1074=EDGE_CURVE('',#872,#878,#827,.T.);
#1075=EDGE_CURVE('',#876,#880,#828,.T.);
#1076=EDGE_CURVE('',#880,#881,#829,.T.);
#1077=EDGE_CURVE('',#881,#877,#830,.T.);
#1078=EDGE_CURVE('',#880,#882,#831,.T.);
#1079=EDGE_CURVE('',#882,#883,#832,.T.);
#1080=EDGE_CURVE('',#883,#881,#833,.T.);
#1081=EDGE_CURVE('',#882,#884,#834,.T.);
#1082=EDGE_CURVE('',#884,#885,#835,.T.);
#1083=EDGE_CURVE('',#885,#883,#836,.T.);
#1084=EDGE_CURVE('',#886,#887,#837,.F.);
#1085=EDGE_CURVE('',#887,#885,#838,.T.);
#1086=EDGE_CURVE('',#884,#886,#839,.T.);
#1087=EDGE_CURVE('',#888,#886,#107,.T.);
#1088=EDGE_CURVE('',#884,#889,#108,.T.);
#1089=EDGE_CURVE('',#889,#890,#66,.T.);
#1090=EDGE_CURVE('',#890,#891,#109,.T.);
#1091=EDGE_CURVE('',#891,#888,#67,.T.);
#1092=EDGE_CURVE('',#892,#882,#110,.T.);
#1093=EDGE_CURVE('',#892,#889,#111,.T.);
#1094=EDGE_CURVE('',#880,#893,#112,.T.);
#1095=EDGE_CURVE('',#893,#892,#68,.T.);
#1096=EDGE_CURVE('',#894,#876,#113,.T.);
#1097=EDGE_CURVE('',#893,#894,#114,.T.);
#1098=EDGE_CURVE('',#874,#895,#115,.T.);
#1099=EDGE_CURVE('',#895,#894,#69,.T.);
#1100=EDGE_CURVE('',#896,#873,#116,.T.);
#1101=EDGE_CURVE('',#895,#896,#117,.T.);
#1102=EDGE_CURVE('',#841,#897,#70,.T.);
#1103=EDGE_CURVE('',#897,#898,#118,.T.);
#1104=EDGE_CURVE('',#898,#899,#71,.T.);
#1105=EDGE_CURVE('',#899,#867,#119,.T.);
#1106=EDGE_CURVE('',#898,#890,#120,.T.);
#1107=EDGE_CURVE('',#900,#896,#72,.T.);
#1108=EDGE_CURVE('',#900,#859,#121,.T.);
#1109=EDGE_CURVE('',#899,#871,#73,.T.);
#1110=EDGE_CURVE('',#901,#901,#74,.T.);
#1111=EDGE_CURVE('',#902,#902,#75,.T.);
#1112=EDGE_CURVE('',#903,#903,#76,.T.);
#1113=EDGE_CURVE('',#904,#904,#77,.T.);
#1114=EDGE_CURVE('',#905,#905,#78,.T.);
#1115=EDGE_CURVE('',#906,#906,#79,.T.);
#1116=EDGE_CURVE('',#907,#907,#80,.T.);
#1117=EDGE_CURVE('',#908,#908,#81,.T.);
#1118=EDGE_CURVE('',#909,#909,#82,.T.);
#1119=EDGE_CURVE('',#891,#897,#122,.T.);
#1120=EDGE_CURVE('',#847,#888,#123,.T.);
#1121=EDGE_CURVE('',#910,#866,#124,.T.);
#1122=EDGE_CURVE('',#910,#878,#125,.T.);
#1123=EDGE_CURVE('',#887,#846,#126,.T.);
#1124=EDGE_CURVE('',#911,#911,#83,.T.);
#1125=EDGE_CURVE('',#912,#913,#127,.T.);
#1126=EDGE_CURVE('',#913,#914,#128,.T.);
#1127=EDGE_CURVE('',#914,#915,#129,.T.);
#1128=EDGE_CURVE('',#915,#916,#130,.T.);
#1129=EDGE_CURVE('',#916,#917,#131,.T.);
#1130=EDGE_CURVE('',#917,#912,#132,.T.);
#1131=EDGE_CURVE('',#918,#919,#133,.T.);
#1132=EDGE_CURVE('',#919,#920,#134,.T.);
#1133=EDGE_CURVE('',#920,#921,#135,.T.);
#1134=EDGE_CURVE('',#921,#922,#136,.T.);
#1135=EDGE_CURVE('',#922,#923,#137,.T.);
#1136=EDGE_CURVE('',#923,#918,#138,.T.);
#1137=EDGE_CURVE('',#924,#925,#139,.T.);
#1138=EDGE_CURVE('',#925,#926,#140,.T.);
#1139=EDGE_CURVE('',#926,#927,#141,.T.);
#1140=EDGE_CURVE('',#927,#928,#142,.T.);
#1141=EDGE_CURVE('',#928,#929,#143,.T.);
#1142=EDGE_CURVE('',#929,#924,#144,.T.);
#1143=EDGE_CURVE('',#930,#931,#145,.T.);
#1144=EDGE_CURVE('',#931,#932,#146,.T.);
#1145=EDGE_CURVE('',#932,#933,#147,.T.);
#1146=EDGE_CURVE('',#933,#934,#148,.T.);
#1147=EDGE_CURVE('',#934,#935,#149,.T.);
#1148=EDGE_CURVE('',#935,#930,#150,.T.);
#1149=EDGE_CURVE('',#936,#937,#151,.T.);
#1150=EDGE_CURVE('',#937,#938,#152,.T.);
#1151=EDGE_CURVE('',#938,#939,#153,.T.);
#1152=EDGE_CURVE('',#939,#940,#154,.T.);
#1153=EDGE_CURVE('',#940,#941,#155,.T.);
#1154=EDGE_CURVE('',#941,#936,#156,.T.);
#1155=EDGE_CURVE('',#942,#943,#157,.T.);
#1156=EDGE_CURVE('',#943,#944,#158,.T.);
#1157=EDGE_CURVE('',#944,#945,#159,.T.);
#1158=EDGE_CURVE('',#945,#946,#160,.T.);
#1159=EDGE_CURVE('',#946,#947,#161,.T.);
#1160=EDGE_CURVE('',#947,#942,#162,.T.);
#1161=EDGE_CURVE('',#948,#949,#163,.T.);
#1162=EDGE_CURVE('',#949,#950,#164,.T.);
#1163=EDGE_CURVE('',#950,#951,#165,.T.);
#1164=EDGE_CURVE('',#951,#952,#166,.T.);
#1165=EDGE_CURVE('',#952,#953,#167,.T.);
#1166=EDGE_CURVE('',#953,#948,#168,.T.);
#1167=EDGE_CURVE('',#954,#955,#169,.T.);
#1168=EDGE_CURVE('',#955,#956,#170,.T.);
#1169=EDGE_CURVE('',#956,#957,#171,.T.);
#1170=EDGE_CURVE('',#957,#958,#172,.T.);
#1171=EDGE_CURVE('',#958,#959,#173,.T.);
#1172=EDGE_CURVE('',#959,#954,#174,.T.);
#1173=EDGE_CURVE('',#910,#855,#175,.T.);
#1174=EDGE_CURVE('',#879,#854,#176,.T.);
#1175=EDGE_CURVE('',#853,#900,#177,.T.);
#1176=EDGE_CURVE('',#909,#960,#178,.T.);
#1177=EDGE_CURVE('',#960,#960,#84,.T.);
#1178=EDGE_CURVE('',#961,#961,#85,.T.);
#1179=EDGE_CURVE('',#911,#962,#179,.T.);
#1180=EDGE_CURVE('',#962,#962,#86,.T.);
#1181=EDGE_CURVE('',#963,#963,#87,.T.);
#1182=EDGE_CURVE('',#954,#964,#180,.T.);
#1183=EDGE_CURVE('',#964,#965,#181,.T.);
#1184=EDGE_CURVE('',#955,#965,#182,.T.);
#1185=EDGE_CURVE('',#959,#966,#183,.T.);
#1186=EDGE_CURVE('',#966,#964,#184,.T.);
#1187=EDGE_CURVE('',#958,#967,#185,.T.);
#1188=EDGE_CURVE('',#967,#966,#186,.T.);
#1189=EDGE_CURVE('',#957,#968,#187,.T.);
#1190=EDGE_CURVE('',#968,#967,#188,.T.);
#1191=EDGE_CURVE('',#956,#969,#189,.T.);
#1192=EDGE_CURVE('',#969,#968,#190,.T.);
#1193=EDGE_CURVE('',#965,#969,#191,.T.);
#1194=EDGE_CURVE('',#970,#970,#88,.T.);
#1195=EDGE_CURVE('',#948,#971,#192,.T.);
#1196=EDGE_CURVE('',#971,#972,#193,.T.);
#1197=EDGE_CURVE('',#949,#972,#194,.T.);
#1198=EDGE_CURVE('',#953,#973,#195,.T.);
#1199=EDGE_CURVE('',#973,#971,#196,.T.);
#1200=EDGE_CURVE('',#952,#974,#197,.T.);
#1201=EDGE_CURVE('',#974,#973,#198,.T.);
#1202=EDGE_CURVE('',#951,#975,#199,.T.);
#1203=EDGE_CURVE('',#975,#974,#200,.T.);
#1204=EDGE_CURVE('',#950,#976,#201,.T.);
#1205=EDGE_CURVE('',#976,#975,#202,.T.);
#1206=EDGE_CURVE('',#972,#976,#203,.T.);
#1207=EDGE_CURVE('',#977,#977,#89,.T.);
#1208=EDGE_CURVE('',#942,#978,#204,.T.);
#1209=EDGE_CURVE('',#978,#979,#205,.T.);
#1210=EDGE_CURVE('',#943,#979,#206,.T.);
#1211=EDGE_CURVE('',#947,#980,#207,.T.);
#1212=EDGE_CURVE('',#980,#978,#208,.T.);
#1213=EDGE_CURVE('',#946,#981,#209,.T.);
#1214=EDGE_CURVE('',#981,#980,#210,.T.);
#1215=EDGE_CURVE('',#945,#982,#211,.T.);
#1216=EDGE_CURVE('',#982,#981,#212,.T.);
#1217=EDGE_CURVE('',#944,#983,#213,.T.);
#1218=EDGE_CURVE('',#983,#982,#214,.T.);
#1219=EDGE_CURVE('',#979,#983,#215,.T.);
#1220=EDGE_CURVE('',#984,#984,#90,.T.);
#1221=EDGE_CURVE('',#936,#985,#216,.T.);
#1222=EDGE_CURVE('',#985,#986,#217,.T.);
#1223=EDGE_CURVE('',#937,#986,#218,.T.);
#1224=EDGE_CURVE('',#941,#987,#219,.T.);
#1225=EDGE_CURVE('',#987,#985,#220,.T.);
#1226=EDGE_CURVE('',#940,#988,#221,.T.);
#1227=EDGE_CURVE('',#988,#987,#222,.T.);
#1228=EDGE_CURVE('',#939,#989,#223,.T.);
#1229=EDGE_CURVE('',#989,#988,#224,.T.);
#1230=EDGE_CURVE('',#938,#990,#225,.T.);
#1231=EDGE_CURVE('',#990,#989,#226,.T.);
#1232=EDGE_CURVE('',#986,#990,#227,.T.);
#1233=EDGE_CURVE('',#991,#991,#91,.T.);
#1234=EDGE_CURVE('',#930,#992,#228,.T.);
#1235=EDGE_CURVE('',#992,#993,#229,.T.);
#1236=EDGE_CURVE('',#931,#993,#230,.T.);
#1237=EDGE_CURVE('',#935,#994,#231,.T.);
#1238=EDGE_CURVE('',#994,#992,#232,.T.);
#1239=EDGE_CURVE('',#934,#995,#233,.T.);
#1240=EDGE_CURVE('',#995,#994,#234,.T.);
#1241=EDGE_CURVE('',#933,#996,#235,.T.);
#1242=EDGE_CURVE('',#996,#995,#236,.T.);
#1243=EDGE_CURVE('',#932,#997,#237,.T.);
#1244=EDGE_CURVE('',#997,#996,#238,.T.);
#1245=EDGE_CURVE('',#993,#997,#239,.T.);
#1246=EDGE_CURVE('',#998,#998,#92,.T.);
#1247=EDGE_CURVE('',#924,#999,#240,.T.);
#1248=EDGE_CURVE('',#999,#1000,#241,.T.);
#1249=EDGE_CURVE('',#925,#1000,#242,.T.);
#1250=EDGE_CURVE('',#929,#1001,#243,.T.);
#1251=EDGE_CURVE('',#1001,#999,#244,.T.);
#1252=EDGE_CURVE('',#928,#1002,#245,.T.);
#1253=EDGE_CURVE('',#1002,#1001,#246,.T.);
#1254=EDGE_CURVE('',#927,#1003,#247,.T.);
#1255=EDGE_CURVE('',#1003,#1002,#248,.T.);
#1256=EDGE_CURVE('',#926,#1004,#249,.T.);
#1257=EDGE_CURVE('',#1004,#1003,#250,.T.);
#1258=EDGE_CURVE('',#1000,#1004,#251,.T.);
#1259=EDGE_CURVE('',#1005,#1005,#93,.T.);
#1260=EDGE_CURVE('',#918,#1006,#252,.T.);
#1261=EDGE_CURVE('',#1006,#1007,#253,.T.);
#1262=EDGE_CURVE('',#919,#1007,#254,.T.);
#1263=EDGE_CURVE('',#923,#1008,#255,.T.);
#1264=EDGE_CURVE('',#1008,#1006,#256,.T.);
#1265=EDGE_CURVE('',#922,#1009,#257,.T.);
#1266=EDGE_CURVE('',#1009,#1008,#258,.T.);
#1267=EDGE_CURVE('',#921,#1010,#259,.T.);
#1268=EDGE_CURVE('',#1010,#1009,#260,.T.);
#1269=EDGE_CURVE('',#920,#1011,#261,.T.);
#1270=EDGE_CURVE('',#1011,#1010,#262,.T.);
#1271=EDGE_CURVE('',#1007,#1011,#263,.T.);
#1272=EDGE_CURVE('',#1012,#1012,#94,.T.);
#1273=EDGE_CURVE('',#912,#1013,#264,.T.);
#1274=EDGE_CURVE('',#1013,#1014,#265,.T.);
#1275=EDGE_CURVE('',#913,#1014,#266,.T.);
#1276=EDGE_CURVE('',#917,#1015,#267,.T.);
#1277=EDGE_CURVE('',#1015,#1013,#268,.T.);
#1278=EDGE_CURVE('',#916,#1016,#269,.T.);
#1279=EDGE_CURVE('',#1016,#1015,#270,.T.);
#1280=EDGE_CURVE('',#915,#1017,#271,.T.);
#1281=EDGE_CURVE('',#1017,#1016,#272,.T.);
#1282=EDGE_CURVE('',#914,#1018,#273,.T.);
#1283=EDGE_CURVE('',#1018,#1017,#274,.T.);
#1284=EDGE_CURVE('',#1014,#1018,#275,.T.);
#1285=EDGE_CURVE('',#1019,#1019,#95,.T.);
#1286=EDGE_CURVE('',#998,#901,#276,.T.);
#1287=EDGE_CURVE('',#977,#902,#277,.T.);
#1288=EDGE_CURVE('',#963,#961,#278,.T.);
#1289=EDGE_CURVE('',#1019,#903,#279,.T.);
#1290=EDGE_CURVE('',#1012,#904,#280,.T.);
#1291=EDGE_CURVE('',#970,#905,#281,.T.);
#1292=EDGE_CURVE('',#1005,#906,#282,.T.);
#1293=EDGE_CURVE('',#991,#907,#283,.T.);
#1294=EDGE_CURVE('',#984,#908,#284,.T.);
#1295=ORIENTED_EDGE('',*,*,#1020,.T.);
#1296=ORIENTED_EDGE('',*,*,#1021,.T.);
#1297=ORIENTED_EDGE('',*,*,#1022,.T.);
#1298=ORIENTED_EDGE('',*,*,#1023,.T.);
#1299=ORIENTED_EDGE('',*,*,#1023,.F.);
#1300=ORIENTED_EDGE('',*,*,#1024,.F.);
#1301=ORIENTED_EDGE('',*,*,#1025,.F.);
#1302=ORIENTED_EDGE('',*,*,#1026,.T.);
#1303=ORIENTED_EDGE('',*,*,#1027,.T.);
#1304=ORIENTED_EDGE('',*,*,#1028,.F.);
#1305=ORIENTED_EDGE('',*,*,#1029,.T.);
#1306=ORIENTED_EDGE('',*,*,#1030,.T.);
#1307=ORIENTED_EDGE('',*,*,#1031,.T.);
#1308=ORIENTED_EDGE('',*,*,#1032,.T.);
#1309=ORIENTED_EDGE('',*,*,#1029,.F.);
#1310=ORIENTED_EDGE('',*,*,#1033,.F.);
#1311=ORIENTED_EDGE('',*,*,#1034,.T.);
#1312=ORIENTED_EDGE('',*,*,#1035,.F.);
#1313=ORIENTED_EDGE('',*,*,#1036,.T.);
#1314=ORIENTED_EDGE('',*,*,#1037,.T.);
#1315=ORIENTED_EDGE('',*,*,#1032,.F.);
#1316=ORIENTED_EDGE('',*,*,#1038,.T.);
#1317=ORIENTED_EDGE('',*,*,#1039,.F.);
#1318=ORIENTED_EDGE('',*,*,#1040,.T.);
#1319=ORIENTED_EDGE('',*,*,#1041,.T.);
#1320=ORIENTED_EDGE('',*,*,#1042,.T.);
#1321=ORIENTED_EDGE('',*,*,#1033,.T.);
#1322=ORIENTED_EDGE('',*,*,#1043,.T.);
#1323=ORIENTED_EDGE('',*,*,#1044,.T.);
#1324=ORIENTED_EDGE('',*,*,#1045,.T.);
#1325=ORIENTED_EDGE('',*,*,#1046,.T.);
#1326=ORIENTED_EDGE('',*,*,#1047,.T.);
#1327=ORIENTED_EDGE('',*,*,#1048,.T.);
#1328=ORIENTED_EDGE('',*,*,#1045,.F.);
#1329=ORIENTED_EDGE('',*,*,#1049,.T.);
#1330=ORIENTED_EDGE('',*,*,#1050,.T.);
#1331=ORIENTED_EDGE('',*,*,#1051,.T.);
#1332=ORIENTED_EDGE('',*,*,#1047,.F.);
#1333=ORIENTED_EDGE('',*,*,#1052,.T.);
#1334=ORIENTED_EDGE('',*,*,#1025,.T.);
#1335=ORIENTED_EDGE('',*,*,#1053,.T.);
#1336=ORIENTED_EDGE('',*,*,#1054,.T.);
#1337=ORIENTED_EDGE('',*,*,#1043,.F.);
#1338=ORIENTED_EDGE('',*,*,#1024,.T.);
#1339=ORIENTED_EDGE('',*,*,#1022,.F.);
#1340=ORIENTED_EDGE('',*,*,#1055,.F.);
#1341=ORIENTED_EDGE('',*,*,#1056,.T.);
#1342=ORIENTED_EDGE('',*,*,#1053,.F.);
#1343=ORIENTED_EDGE('',*,*,#1057,.T.);
#1344=ORIENTED_EDGE('',*,*,#1050,.F.);
#1345=ORIENTED_EDGE('',*,*,#1058,.T.);
#1346=ORIENTED_EDGE('',*,*,#1059,.T.);
#1347=ORIENTED_EDGE('',*,*,#1060,.T.);
#1348=ORIENTED_EDGE('',*,*,#1059,.F.);
#1349=ORIENTED_EDGE('',*,*,#1039,.T.);
#1350=ORIENTED_EDGE('',*,*,#1038,.F.);
#1351=ORIENTED_EDGE('',*,*,#1031,.F.);
#1352=ORIENTED_EDGE('',*,*,#1058,.F.);
#1353=ORIENTED_EDGE('',*,*,#1052,.F.);
#1354=ORIENTED_EDGE('',*,*,#1061,.T.);
#1355=ORIENTED_EDGE('',*,*,#1062,.F.);
#1356=ORIENTED_EDGE('',*,*,#1040,.F.);
#1357=ORIENTED_EDGE('',*,*,#1049,.F.);
#1358=ORIENTED_EDGE('',*,*,#1063,.F.);
#1359=ORIENTED_EDGE('',*,*,#1064,.F.);
#1360=ORIENTED_EDGE('',*,*,#1061,.F.);
#1361=ORIENTED_EDGE('',*,*,#1065,.T.);
#1362=ORIENTED_EDGE('',*,*,#1066,.T.);
#1363=ORIENTED_EDGE('',*,*,#1067,.T.);
#1364=ORIENTED_EDGE('',*,*,#1068,.T.);
#1365=ORIENTED_EDGE('',*,*,#1067,.F.);
#1366=ORIENTED_EDGE('',*,*,#1069,.T.);
#1367=ORIENTED_EDGE('',*,*,#1070,.T.);
#1368=ORIENTED_EDGE('',*,*,#1071,.T.);
#1369=ORIENTED_EDGE('',*,*,#1072,.T.);
#1370=ORIENTED_EDGE('',*,*,#1073,.T.);
#1371=ORIENTED_EDGE('',*,*,#1065,.F.);
#1372=ORIENTED_EDGE('',*,*,#1074,.T.);
#1373=ORIENTED_EDGE('',*,*,#1070,.F.);
#1374=ORIENTED_EDGE('',*,*,#1075,.T.);
#1375=ORIENTED_EDGE('',*,*,#1076,.T.);
#1376=ORIENTED_EDGE('',*,*,#1077,.T.);
#1377=ORIENTED_EDGE('',*,*,#1076,.F.);
#1378=ORIENTED_EDGE('',*,*,#1078,.T.);
#1379=ORIENTED_EDGE('',*,*,#1079,.T.);
#1380=ORIENTED_EDGE('',*,*,#1080,.T.);
#1381=ORIENTED_EDGE('',*,*,#1079,.F.);
#1382=ORIENTED_EDGE('',*,*,#1081,.T.);
#1383=ORIENTED_EDGE('',*,*,#1082,.T.);
#1384=ORIENTED_EDGE('',*,*,#1083,.T.);
#1385=ORIENTED_EDGE('',*,*,#1084,.T.);
#1386=ORIENTED_EDGE('',*,*,#1085,.T.);
#1387=ORIENTED_EDGE('',*,*,#1082,.F.);
#1388=ORIENTED_EDGE('',*,*,#1086,.T.);
#1389=ORIENTED_EDGE('',*,*,#1087,.T.);
#1390=ORIENTED_EDGE('',*,*,#1086,.F.);
#1391=ORIENTED_EDGE('',*,*,#1088,.T.);
#1392=ORIENTED_EDGE('',*,*,#1089,.T.);
#1393=ORIENTED_EDGE('',*,*,#1090,.T.);
#1394=ORIENTED_EDGE('',*,*,#1091,.T.);
#1395=ORIENTED_EDGE('',*,*,#1081,.F.);
#1396=ORIENTED_EDGE('',*,*,#1092,.F.);
#1397=ORIENTED_EDGE('',*,*,#1093,.T.);
#1398=ORIENTED_EDGE('',*,*,#1088,.F.);
#1399=ORIENTED_EDGE('',*,*,#1078,.F.);
#1400=ORIENTED_EDGE('',*,*,#1094,.T.);
#1401=ORIENTED_EDGE('',*,*,#1095,.T.);
#1402=ORIENTED_EDGE('',*,*,#1092,.T.);
#1403=ORIENTED_EDGE('',*,*,#1075,.F.);
#1404=ORIENTED_EDGE('',*,*,#1096,.F.);
#1405=ORIENTED_EDGE('',*,*,#1097,.F.);
#1406=ORIENTED_EDGE('',*,*,#1094,.F.);
#1407=ORIENTED_EDGE('',*,*,#1069,.F.);
#1408=ORIENTED_EDGE('',*,*,#1098,.T.);
#1409=ORIENTED_EDGE('',*,*,#1099,.T.);
#1410=ORIENTED_EDGE('',*,*,#1096,.T.);
#1411=ORIENTED_EDGE('',*,*,#1066,.F.);
#1412=ORIENTED_EDGE('',*,*,#1100,.F.);
#1413=ORIENTED_EDGE('',*,*,#1101,.F.);
#1414=ORIENTED_EDGE('',*,*,#1098,.F.);
#1415=ORIENTED_EDGE('',*,*,#1021,.F.);
#1416=ORIENTED_EDGE('',*,*,#1102,.T.);
#1417=ORIENTED_EDGE('',*,*,#1103,.T.);
#1418=ORIENTED_EDGE('',*,*,#1104,.T.);
#1419=ORIENTED_EDGE('',*,*,#1105,.T.);
#1420=ORIENTED_EDGE('',*,*,#1056,.F.);
#1421=ORIENTED_EDGE('',*,*,#1055,.T.);
#1422=ORIENTED_EDGE('',*,*,#1104,.F.);
#1423=ORIENTED_EDGE('',*,*,#1106,.T.);
#1424=ORIENTED_EDGE('',*,*,#1089,.F.);
#1425=ORIENTED_EDGE('',*,*,#1093,.F.);
#1426=ORIENTED_EDGE('',*,*,#1095,.F.);
#1427=ORIENTED_EDGE('',*,*,#1097,.T.);
#1428=ORIENTED_EDGE('',*,*,#1099,.F.);
#1429=ORIENTED_EDGE('',*,*,#1101,.T.);
#1430=ORIENTED_EDGE('',*,*,#1107,.F.);
#1431=ORIENTED_EDGE('',*,*,#1108,.T.);
#1432=ORIENTED_EDGE('',*,*,#1041,.F.);
#1433=ORIENTED_EDGE('',*,*,#1062,.T.);
#1434=ORIENTED_EDGE('',*,*,#1064,.T.);
#1435=ORIENTED_EDGE('',*,*,#1109,.F.);
#1436=ORIENTED_EDGE('',*,*,#1110,.T.);
#1437=ORIENTED_EDGE('',*,*,#1111,.T.);
#1438=ORIENTED_EDGE('',*,*,#1112,.T.);
#1439=ORIENTED_EDGE('',*,*,#1113,.T.);
#1440=ORIENTED_EDGE('',*,*,#1114,.T.);
#1441=ORIENTED_EDGE('',*,*,#1115,.T.);
#1442=ORIENTED_EDGE('',*,*,#1116,.T.);
#1443=ORIENTED_EDGE('',*,*,#1117,.T.);
#1444=ORIENTED_EDGE('',*,*,#1118,.T.);
#1445=ORIENTED_EDGE('',*,*,#1103,.F.);
#1446=ORIENTED_EDGE('',*,*,#1119,.F.);
#1447=ORIENTED_EDGE('',*,*,#1090,.F.);
#1448=ORIENTED_EDGE('',*,*,#1106,.F.);
#1449=ORIENTED_EDGE('',*,*,#1020,.F.);
#1450=ORIENTED_EDGE('',*,*,#1028,.T.);
#1451=ORIENTED_EDGE('',*,*,#1120,.T.);
#1452=ORIENTED_EDGE('',*,*,#1091,.F.);
#1453=ORIENTED_EDGE('',*,*,#1119,.T.);
#1454=ORIENTED_EDGE('',*,*,#1102,.F.);
#1455=ORIENTED_EDGE('',*,*,#1054,.F.);
#1456=ORIENTED_EDGE('',*,*,#1105,.F.);
#1457=ORIENTED_EDGE('',*,*,#1109,.T.);
#1458=ORIENTED_EDGE('',*,*,#1063,.T.);
#1459=ORIENTED_EDGE('',*,*,#1044,.F.);
#1460=ORIENTED_EDGE('',*,*,#1051,.F.);
#1461=ORIENTED_EDGE('',*,*,#1121,.F.);
#1462=ORIENTED_EDGE('',*,*,#1122,.T.);
#1463=ORIENTED_EDGE('',*,*,#1074,.F.);
#1464=ORIENTED_EDGE('',*,*,#1068,.F.);
#1465=ORIENTED_EDGE('',*,*,#1071,.F.);
#1466=ORIENTED_EDGE('',*,*,#1077,.F.);
#1467=ORIENTED_EDGE('',*,*,#1080,.F.);
#1468=ORIENTED_EDGE('',*,*,#1083,.F.);
#1469=ORIENTED_EDGE('',*,*,#1085,.F.);
#1470=ORIENTED_EDGE('',*,*,#1123,.T.);
#1471=ORIENTED_EDGE('',*,*,#1026,.F.);
#1472=ORIENTED_EDGE('',*,*,#1046,.F.);
#1473=ORIENTED_EDGE('',*,*,#1048,.F.);
#1474=ORIENTED_EDGE('',*,*,#1124,.T.);
#1475=ORIENTED_EDGE('',*,*,#1125,.T.);
#1476=ORIENTED_EDGE('',*,*,#1126,.T.);
#1477=ORIENTED_EDGE('',*,*,#1127,.T.);
#1478=ORIENTED_EDGE('',*,*,#1128,.T.);
#1479=ORIENTED_EDGE('',*,*,#1129,.T.);
#1480=ORIENTED_EDGE('',*,*,#1130,.T.);
#1481=ORIENTED_EDGE('',*,*,#1131,.T.);
#1482=ORIENTED_EDGE('',*,*,#1132,.T.);
#1483=ORIENTED_EDGE('',*,*,#1133,.T.);
#1484=ORIENTED_EDGE('',*,*,#1134,.T.);
#1485=ORIENTED_EDGE('',*,*,#1135,.T.);
#1486=ORIENTED_EDGE('',*,*,#1136,.T.);
#1487=ORIENTED_EDGE('',*,*,#1137,.T.);
#1488=ORIENTED_EDGE('',*,*,#1138,.T.);
#1489=ORIENTED_EDGE('',*,*,#1139,.T.);
#1490=ORIENTED_EDGE('',*,*,#1140,.T.);
#1491=ORIENTED_EDGE('',*,*,#1141,.T.);
#1492=ORIENTED_EDGE('',*,*,#1142,.T.);
#1493=ORIENTED_EDGE('',*,*,#1143,.T.);
#1494=ORIENTED_EDGE('',*,*,#1144,.T.);
#1495=ORIENTED_EDGE('',*,*,#1145,.T.);
#1496=ORIENTED_EDGE('',*,*,#1146,.T.);
#1497=ORIENTED_EDGE('',*,*,#1147,.T.);
#1498=ORIENTED_EDGE('',*,*,#1148,.T.);
#1499=ORIENTED_EDGE('',*,*,#1149,.T.);
#1500=ORIENTED_EDGE('',*,*,#1150,.T.);
#1501=ORIENTED_EDGE('',*,*,#1151,.T.);
#1502=ORIENTED_EDGE('',*,*,#1152,.T.);
#1503=ORIENTED_EDGE('',*,*,#1153,.T.);
#1504=ORIENTED_EDGE('',*,*,#1154,.T.);
#1505=ORIENTED_EDGE('',*,*,#1155,.T.);
#1506=ORIENTED_EDGE('',*,*,#1156,.T.);
#1507=ORIENTED_EDGE('',*,*,#1157,.T.);
#1508=ORIENTED_EDGE('',*,*,#1158,.T.);
#1509=ORIENTED_EDGE('',*,*,#1159,.T.);
#1510=ORIENTED_EDGE('',*,*,#1160,.T.);
#1511=ORIENTED_EDGE('',*,*,#1161,.T.);
#1512=ORIENTED_EDGE('',*,*,#1162,.T.);
#1513=ORIENTED_EDGE('',*,*,#1163,.T.);
#1514=ORIENTED_EDGE('',*,*,#1164,.T.);
#1515=ORIENTED_EDGE('',*,*,#1165,.T.);
#1516=ORIENTED_EDGE('',*,*,#1166,.T.);
#1517=ORIENTED_EDGE('',*,*,#1167,.T.);
#1518=ORIENTED_EDGE('',*,*,#1168,.T.);
#1519=ORIENTED_EDGE('',*,*,#1169,.T.);
#1520=ORIENTED_EDGE('',*,*,#1170,.T.);
#1521=ORIENTED_EDGE('',*,*,#1171,.T.);
#1522=ORIENTED_EDGE('',*,*,#1172,.T.);
#1523=ORIENTED_EDGE('',*,*,#1030,.F.);
#1524=ORIENTED_EDGE('',*,*,#1037,.F.);
#1525=ORIENTED_EDGE('',*,*,#1173,.F.);
#1526=ORIENTED_EDGE('',*,*,#1121,.T.);
#1527=ORIENTED_EDGE('',*,*,#1057,.F.);
#1528=ORIENTED_EDGE('',*,*,#1060,.F.);
#1529=ORIENTED_EDGE('',*,*,#1174,.T.);
#1530=ORIENTED_EDGE('',*,*,#1035,.T.);
#1531=ORIENTED_EDGE('',*,*,#1175,.T.);
#1532=ORIENTED_EDGE('',*,*,#1107,.T.);
#1533=ORIENTED_EDGE('',*,*,#1100,.T.);
#1534=ORIENTED_EDGE('',*,*,#1073,.F.);
#1535=ORIENTED_EDGE('',*,*,#1042,.F.);
#1536=ORIENTED_EDGE('',*,*,#1108,.F.);
#1537=ORIENTED_EDGE('',*,*,#1175,.F.);
#1538=ORIENTED_EDGE('',*,*,#1034,.F.);
#1539=ORIENTED_EDGE('',*,*,#1087,.F.);
#1540=ORIENTED_EDGE('',*,*,#1120,.F.);
#1541=ORIENTED_EDGE('',*,*,#1027,.F.);
#1542=ORIENTED_EDGE('',*,*,#1123,.F.);
#1543=ORIENTED_EDGE('',*,*,#1084,.F.);
#1544=ORIENTED_EDGE('',*,*,#1174,.F.);
#1545=ORIENTED_EDGE('',*,*,#1072,.F.);
#1546=ORIENTED_EDGE('',*,*,#1122,.F.);
#1547=ORIENTED_EDGE('',*,*,#1173,.T.);
#1548=ORIENTED_EDGE('',*,*,#1036,.F.);
#1549=ORIENTED_EDGE('',*,*,#1118,.F.);
#1550=ORIENTED_EDGE('',*,*,#1176,.T.);
#1551=ORIENTED_EDGE('',*,*,#1177,.T.);
#1552=ORIENTED_EDGE('',*,*,#1176,.F.);
#1553=ORIENTED_EDGE('',*,*,#1177,.F.);
#1554=ORIENTED_EDGE('',*,*,#1178,.F.);
#1555=ORIENTED_EDGE('',*,*,#1124,.F.);
#1556=ORIENTED_EDGE('',*,*,#1179,.T.);
#1557=ORIENTED_EDGE('',*,*,#1180,.T.);
#1558=ORIENTED_EDGE('',*,*,#1179,.F.);
#1559=ORIENTED_EDGE('',*,*,#1180,.F.);
#1560=ORIENTED_EDGE('',*,*,#1181,.F.);
#1561=ORIENTED_EDGE('',*,*,#1167,.F.);
#1562=ORIENTED_EDGE('',*,*,#1182,.T.);
#1563=ORIENTED_EDGE('',*,*,#1183,.T.);
#1564=ORIENTED_EDGE('',*,*,#1184,.F.);
#1565=ORIENTED_EDGE('',*,*,#1172,.F.);
#1566=ORIENTED_EDGE('',*,*,#1185,.T.);
#1567=ORIENTED_EDGE('',*,*,#1186,.T.);
#1568=ORIENTED_EDGE('',*,*,#1182,.F.);
#1569=ORIENTED_EDGE('',*,*,#1171,.F.);
#1570=ORIENTED_EDGE('',*,*,#1187,.T.);
#1571=ORIENTED_EDGE('',*,*,#1188,.T.);
#1572=ORIENTED_EDGE('',*,*,#1185,.F.);
#1573=ORIENTED_EDGE('',*,*,#1170,.F.);
#1574=ORIENTED_EDGE('',*,*,#1189,.T.);
#1575=ORIENTED_EDGE('',*,*,#1190,.T.);
#1576=ORIENTED_EDGE('',*,*,#1187,.F.);
#1577=ORIENTED_EDGE('',*,*,#1169,.F.);
#1578=ORIENTED_EDGE('',*,*,#1191,.T.);
#1579=ORIENTED_EDGE('',*,*,#1192,.T.);
#1580=ORIENTED_EDGE('',*,*,#1189,.F.);
#1581=ORIENTED_EDGE('',*,*,#1168,.F.);
#1582=ORIENTED_EDGE('',*,*,#1184,.T.);
#1583=ORIENTED_EDGE('',*,*,#1193,.T.);
#1584=ORIENTED_EDGE('',*,*,#1191,.F.);
#1585=ORIENTED_EDGE('',*,*,#1193,.F.);
#1586=ORIENTED_EDGE('',*,*,#1183,.F.);
#1587=ORIENTED_EDGE('',*,*,#1186,.F.);
#1588=ORIENTED_EDGE('',*,*,#1188,.F.);
#1589=ORIENTED_EDGE('',*,*,#1190,.F.);
#1590=ORIENTED_EDGE('',*,*,#1192,.F.);
#1591=ORIENTED_EDGE('',*,*,#1194,.F.);
#1592=ORIENTED_EDGE('',*,*,#1161,.F.);
#1593=ORIENTED_EDGE('',*,*,#1195,.T.);
#1594=ORIENTED_EDGE('',*,*,#1196,.T.);
#1595=ORIENTED_EDGE('',*,*,#1197,.F.);
#1596=ORIENTED_EDGE('',*,*,#1166,.F.);
#1597=ORIENTED_EDGE('',*,*,#1198,.T.);
#1598=ORIENTED_EDGE('',*,*,#1199,.T.);
#1599=ORIENTED_EDGE('',*,*,#1195,.F.);
#1600=ORIENTED_EDGE('',*,*,#1165,.F.);
#1601=ORIENTED_EDGE('',*,*,#1200,.T.);
#1602=ORIENTED_EDGE('',*,*,#1201,.T.);
#1603=ORIENTED_EDGE('',*,*,#1198,.F.);
#1604=ORIENTED_EDGE('',*,*,#1164,.F.);
#1605=ORIENTED_EDGE('',*,*,#1202,.T.);
#1606=ORIENTED_EDGE('',*,*,#1203,.T.);
#1607=ORIENTED_EDGE('',*,*,#1200,.F.);
#1608=ORIENTED_EDGE('',*,*,#1163,.F.);
#1609=ORIENTED_EDGE('',*,*,#1204,.T.);
#1610=ORIENTED_EDGE('',*,*,#1205,.T.);
#1611=ORIENTED_EDGE('',*,*,#1202,.F.);
#1612=ORIENTED_EDGE('',*,*,#1162,.F.);
#1613=ORIENTED_EDGE('',*,*,#1197,.T.);
#1614=ORIENTED_EDGE('',*,*,#1206,.T.);
#1615=ORIENTED_EDGE('',*,*,#1204,.F.);
#1616=ORIENTED_EDGE('',*,*,#1206,.F.);
#1617=ORIENTED_EDGE('',*,*,#1196,.F.);
#1618=ORIENTED_EDGE('',*,*,#1199,.F.);
#1619=ORIENTED_EDGE('',*,*,#1201,.F.);
#1620=ORIENTED_EDGE('',*,*,#1203,.F.);
#1621=ORIENTED_EDGE('',*,*,#1205,.F.);
#1622=ORIENTED_EDGE('',*,*,#1207,.F.);
#1623=ORIENTED_EDGE('',*,*,#1155,.F.);
#1624=ORIENTED_EDGE('',*,*,#1208,.T.);
#1625=ORIENTED_EDGE('',*,*,#1209,.T.);
#1626=ORIENTED_EDGE('',*,*,#1210,.F.);
#1627=ORIENTED_EDGE('',*,*,#1160,.F.);
#1628=ORIENTED_EDGE('',*,*,#1211,.T.);
#1629=ORIENTED_EDGE('',*,*,#1212,.T.);
#1630=ORIENTED_EDGE('',*,*,#1208,.F.);
#1631=ORIENTED_EDGE('',*,*,#1159,.F.);
#1632=ORIENTED_EDGE('',*,*,#1213,.T.);
#1633=ORIENTED_EDGE('',*,*,#1214,.T.);
#1634=ORIENTED_EDGE('',*,*,#1211,.F.);
#1635=ORIENTED_EDGE('',*,*,#1158,.F.);
#1636=ORIENTED_EDGE('',*,*,#1215,.T.);
#1637=ORIENTED_EDGE('',*,*,#1216,.T.);
#1638=ORIENTED_EDGE('',*,*,#1213,.F.);
#1639=ORIENTED_EDGE('',*,*,#1157,.F.);
#1640=ORIENTED_EDGE('',*,*,#1217,.T.);
#1641=ORIENTED_EDGE('',*,*,#1218,.T.);
#1642=ORIENTED_EDGE('',*,*,#1215,.F.);
#1643=ORIENTED_EDGE('',*,*,#1156,.F.);
#1644=ORIENTED_EDGE('',*,*,#1210,.T.);
#1645=ORIENTED_EDGE('',*,*,#1219,.T.);
#1646=ORIENTED_EDGE('',*,*,#1217,.F.);
#1647=ORIENTED_EDGE('',*,*,#1219,.F.);
#1648=ORIENTED_EDGE('',*,*,#1209,.F.);
#1649=ORIENTED_EDGE('',*,*,#1212,.F.);
#1650=ORIENTED_EDGE('',*,*,#1214,.F.);
#1651=ORIENTED_EDGE('',*,*,#1216,.F.);
#1652=ORIENTED_EDGE('',*,*,#1218,.F.);
#1653=ORIENTED_EDGE('',*,*,#1220,.F.);
#1654=ORIENTED_EDGE('',*,*,#1149,.F.);
#1655=ORIENTED_EDGE('',*,*,#1221,.T.);
#1656=ORIENTED_EDGE('',*,*,#1222,.T.);
#1657=ORIENTED_EDGE('',*,*,#1223,.F.);
#1658=ORIENTED_EDGE('',*,*,#1154,.F.);
#1659=ORIENTED_EDGE('',*,*,#1224,.T.);
#1660=ORIENTED_EDGE('',*,*,#1225,.T.);
#1661=ORIENTED_EDGE('',*,*,#1221,.F.);
#1662=ORIENTED_EDGE('',*,*,#1153,.F.);
#1663=ORIENTED_EDGE('',*,*,#1226,.T.);
#1664=ORIENTED_EDGE('',*,*,#1227,.T.);
#1665=ORIENTED_EDGE('',*,*,#1224,.F.);
#1666=ORIENTED_EDGE('',*,*,#1152,.F.);
#1667=ORIENTED_EDGE('',*,*,#1228,.T.);
#1668=ORIENTED_EDGE('',*,*,#1229,.T.);
#1669=ORIENTED_EDGE('',*,*,#1226,.F.);
#1670=ORIENTED_EDGE('',*,*,#1151,.F.);
#1671=ORIENTED_EDGE('',*,*,#1230,.T.);
#1672=ORIENTED_EDGE('',*,*,#1231,.T.);
#1673=ORIENTED_EDGE('',*,*,#1228,.F.);
#1674=ORIENTED_EDGE('',*,*,#1150,.F.);
#1675=ORIENTED_EDGE('',*,*,#1223,.T.);
#1676=ORIENTED_EDGE('',*,*,#1232,.T.);
#1677=ORIENTED_EDGE('',*,*,#1230,.F.);
#1678=ORIENTED_EDGE('',*,*,#1232,.F.);
#1679=ORIENTED_EDGE('',*,*,#1222,.F.);
#1680=ORIENTED_EDGE('',*,*,#1225,.F.);
#1681=ORIENTED_EDGE('',*,*,#1227,.F.);
#1682=ORIENTED_EDGE('',*,*,#1229,.F.);
#1683=ORIENTED_EDGE('',*,*,#1231,.F.);
#1684=ORIENTED_EDGE('',*,*,#1233,.F.);
#1685=ORIENTED_EDGE('',*,*,#1143,.F.);
#1686=ORIENTED_EDGE('',*,*,#1234,.T.);
#1687=ORIENTED_EDGE('',*,*,#1235,.T.);
#1688=ORIENTED_EDGE('',*,*,#1236,.F.);
#1689=ORIENTED_EDGE('',*,*,#1148,.F.);
#1690=ORIENTED_EDGE('',*,*,#1237,.T.);
#1691=ORIENTED_EDGE('',*,*,#1238,.T.);
#1692=ORIENTED_EDGE('',*,*,#1234,.F.);
#1693=ORIENTED_EDGE('',*,*,#1147,.F.);
#1694=ORIENTED_EDGE('',*,*,#1239,.T.);
#1695=ORIENTED_EDGE('',*,*,#1240,.T.);
#1696=ORIENTED_EDGE('',*,*,#1237,.F.);
#1697=ORIENTED_EDGE('',*,*,#1146,.F.);
#1698=ORIENTED_EDGE('',*,*,#1241,.T.);
#1699=ORIENTED_EDGE('',*,*,#1242,.T.);
#1700=ORIENTED_EDGE('',*,*,#1239,.F.);
#1701=ORIENTED_EDGE('',*,*,#1145,.F.);
#1702=ORIENTED_EDGE('',*,*,#1243,.T.);
#1703=ORIENTED_EDGE('',*,*,#1244,.T.);
#1704=ORIENTED_EDGE('',*,*,#1241,.F.);
#1705=ORIENTED_EDGE('',*,*,#1144,.F.);
#1706=ORIENTED_EDGE('',*,*,#1236,.T.);
#1707=ORIENTED_EDGE('',*,*,#1245,.T.);
#1708=ORIENTED_EDGE('',*,*,#1243,.F.);
#1709=ORIENTED_EDGE('',*,*,#1245,.F.);
#1710=ORIENTED_EDGE('',*,*,#1235,.F.);
#1711=ORIENTED_EDGE('',*,*,#1238,.F.);
#1712=ORIENTED_EDGE('',*,*,#1240,.F.);
#1713=ORIENTED_EDGE('',*,*,#1242,.F.);
#1714=ORIENTED_EDGE('',*,*,#1244,.F.);
#1715=ORIENTED_EDGE('',*,*,#1246,.F.);
#1716=ORIENTED_EDGE('',*,*,#1137,.F.);
#1717=ORIENTED_EDGE('',*,*,#1247,.T.);
#1718=ORIENTED_EDGE('',*,*,#1248,.T.);
#1719=ORIENTED_EDGE('',*,*,#1249,.F.);
#1720=ORIENTED_EDGE('',*,*,#1142,.F.);
#1721=ORIENTED_EDGE('',*,*,#1250,.T.);
#1722=ORIENTED_EDGE('',*,*,#1251,.T.);
#1723=ORIENTED_EDGE('',*,*,#1247,.F.);
#1724=ORIENTED_EDGE('',*,*,#1141,.F.);
#1725=ORIENTED_EDGE('',*,*,#1252,.T.);
#1726=ORIENTED_EDGE('',*,*,#1253,.T.);
#1727=ORIENTED_EDGE('',*,*,#1250,.F.);
#1728=ORIENTED_EDGE('',*,*,#1140,.F.);
#1729=ORIENTED_EDGE('',*,*,#1254,.T.);
#1730=ORIENTED_EDGE('',*,*,#1255,.T.);
#1731=ORIENTED_EDGE('',*,*,#1252,.F.);
#1732=ORIENTED_EDGE('',*,*,#1139,.F.);
#1733=ORIENTED_EDGE('',*,*,#1256,.T.);
#1734=ORIENTED_EDGE('',*,*,#1257,.T.);
#1735=ORIENTED_EDGE('',*,*,#1254,.F.);
#1736=ORIENTED_EDGE('',*,*,#1138,.F.);
#1737=ORIENTED_EDGE('',*,*,#1249,.T.);
#1738=ORIENTED_EDGE('',*,*,#1258,.T.);
#1739=ORIENTED_EDGE('',*,*,#1256,.F.);
#1740=ORIENTED_EDGE('',*,*,#1258,.F.);
#1741=ORIENTED_EDGE('',*,*,#1248,.F.);
#1742=ORIENTED_EDGE('',*,*,#1251,.F.);
#1743=ORIENTED_EDGE('',*,*,#1253,.F.);
#1744=ORIENTED_EDGE('',*,*,#1255,.F.);
#1745=ORIENTED_EDGE('',*,*,#1257,.F.);
#1746=ORIENTED_EDGE('',*,*,#1259,.F.);
#1747=ORIENTED_EDGE('',*,*,#1131,.F.);
#1748=ORIENTED_EDGE('',*,*,#1260,.T.);
#1749=ORIENTED_EDGE('',*,*,#1261,.T.);
#1750=ORIENTED_EDGE('',*,*,#1262,.F.);
#1751=ORIENTED_EDGE('',*,*,#1136,.F.);
#1752=ORIENTED_EDGE('',*,*,#1263,.T.);
#1753=ORIENTED_EDGE('',*,*,#1264,.T.);
#1754=ORIENTED_EDGE('',*,*,#1260,.F.);
#1755=ORIENTED_EDGE('',*,*,#1135,.F.);
#1756=ORIENTED_EDGE('',*,*,#1265,.T.);
#1757=ORIENTED_EDGE('',*,*,#1266,.T.);
#1758=ORIENTED_EDGE('',*,*,#1263,.F.);
#1759=ORIENTED_EDGE('',*,*,#1134,.F.);
#1760=ORIENTED_EDGE('',*,*,#1267,.T.);
#1761=ORIENTED_EDGE('',*,*,#1268,.T.);
#1762=ORIENTED_EDGE('',*,*,#1265,.F.);
#1763=ORIENTED_EDGE('',*,*,#1133,.F.);
#1764=ORIENTED_EDGE('',*,*,#1269,.T.);
#1765=ORIENTED_EDGE('',*,*,#1270,.T.);
#1766=ORIENTED_EDGE('',*,*,#1267,.F.);
#1767=ORIENTED_EDGE('',*,*,#1132,.F.);
#1768=ORIENTED_EDGE('',*,*,#1262,.T.);
#1769=ORIENTED_EDGE('',*,*,#1271,.T.);
#1770=ORIENTED_EDGE('',*,*,#1269,.F.);
#1771=ORIENTED_EDGE('',*,*,#1271,.F.);
#1772=ORIENTED_EDGE('',*,*,#1261,.F.);
#1773=ORIENTED_EDGE('',*,*,#1264,.F.);
#1774=ORIENTED_EDGE('',*,*,#1266,.F.);
#1775=ORIENTED_EDGE('',*,*,#1268,.F.);
#1776=ORIENTED_EDGE('',*,*,#1270,.F.);
#1777=ORIENTED_EDGE('',*,*,#1272,.F.);
#1778=ORIENTED_EDGE('',*,*,#1125,.F.);
#1779=ORIENTED_EDGE('',*,*,#1273,.T.);
#1780=ORIENTED_EDGE('',*,*,#1274,.T.);
#1781=ORIENTED_EDGE('',*,*,#1275,.F.);
#1782=ORIENTED_EDGE('',*,*,#1130,.F.);
#1783=ORIENTED_EDGE('',*,*,#1276,.T.);
#1784=ORIENTED_EDGE('',*,*,#1277,.T.);
#1785=ORIENTED_EDGE('',*,*,#1273,.F.);
#1786=ORIENTED_EDGE('',*,*,#1129,.F.);
#1787=ORIENTED_EDGE('',*,*,#1278,.T.);
#1788=ORIENTED_EDGE('',*,*,#1279,.T.);
#1789=ORIENTED_EDGE('',*,*,#1276,.F.);
#1790=ORIENTED_EDGE('',*,*,#1128,.F.);
#1791=ORIENTED_EDGE('',*,*,#1280,.T.);
#1792=ORIENTED_EDGE('',*,*,#1281,.T.);
#1793=ORIENTED_EDGE('',*,*,#1278,.F.);
#1794=ORIENTED_EDGE('',*,*,#1127,.F.);
#1795=ORIENTED_EDGE('',*,*,#1282,.T.);
#1796=ORIENTED_EDGE('',*,*,#1283,.T.);
#1797=ORIENTED_EDGE('',*,*,#1280,.F.);
#1798=ORIENTED_EDGE('',*,*,#1126,.F.);
#1799=ORIENTED_EDGE('',*,*,#1275,.T.);
#1800=ORIENTED_EDGE('',*,*,#1284,.T.);
#1801=ORIENTED_EDGE('',*,*,#1282,.F.);
#1802=ORIENTED_EDGE('',*,*,#1284,.F.);
#1803=ORIENTED_EDGE('',*,*,#1274,.F.);
#1804=ORIENTED_EDGE('',*,*,#1277,.F.);
#1805=ORIENTED_EDGE('',*,*,#1279,.F.);
#1806=ORIENTED_EDGE('',*,*,#1281,.F.);
#1807=ORIENTED_EDGE('',*,*,#1283,.F.);
#1808=ORIENTED_EDGE('',*,*,#1285,.F.);
#1809=ORIENTED_EDGE('',*,*,#1246,.T.);
#1810=ORIENTED_EDGE('',*,*,#1286,.T.);
#1811=ORIENTED_EDGE('',*,*,#1110,.F.);
#1812=ORIENTED_EDGE('',*,*,#1286,.F.);
#1813=ORIENTED_EDGE('',*,*,#1207,.T.);
#1814=ORIENTED_EDGE('',*,*,#1287,.T.);
#1815=ORIENTED_EDGE('',*,*,#1111,.F.);
#1816=ORIENTED_EDGE('',*,*,#1287,.F.);
#1817=ORIENTED_EDGE('',*,*,#1181,.T.);
#1818=ORIENTED_EDGE('',*,*,#1288,.T.);
#1819=ORIENTED_EDGE('',*,*,#1178,.T.);
#1820=ORIENTED_EDGE('',*,*,#1288,.F.);
#1821=ORIENTED_EDGE('',*,*,#1285,.T.);
#1822=ORIENTED_EDGE('',*,*,#1289,.T.);
#1823=ORIENTED_EDGE('',*,*,#1112,.F.);
#1824=ORIENTED_EDGE('',*,*,#1289,.F.);
#1825=ORIENTED_EDGE('',*,*,#1272,.T.);
#1826=ORIENTED_EDGE('',*,*,#1290,.T.);
#1827=ORIENTED_EDGE('',*,*,#1113,.F.);
#1828=ORIENTED_EDGE('',*,*,#1290,.F.);
#1829=ORIENTED_EDGE('',*,*,#1194,.T.);
#1830=ORIENTED_EDGE('',*,*,#1291,.T.);
#1831=ORIENTED_EDGE('',*,*,#1114,.F.);
#1832=ORIENTED_EDGE('',*,*,#1291,.F.);
#1833=ORIENTED_EDGE('',*,*,#1259,.T.);
#1834=ORIENTED_EDGE('',*,*,#1292,.T.);
#1835=ORIENTED_EDGE('',*,*,#1115,.F.);
#1836=ORIENTED_EDGE('',*,*,#1292,.F.);
#1837=ORIENTED_EDGE('',*,*,#1233,.T.);
#1838=ORIENTED_EDGE('',*,*,#1293,.T.);
#1839=ORIENTED_EDGE('',*,*,#1116,.F.);
#1840=ORIENTED_EDGE('',*,*,#1293,.F.);
#1841=ORIENTED_EDGE('',*,*,#1220,.T.);
#1842=ORIENTED_EDGE('',*,*,#1294,.T.);
#1843=ORIENTED_EDGE('',*,*,#1117,.F.);
#1844=ORIENTED_EDGE('',*,*,#1294,.F.);
#1845=B_SPLINE_SURFACE_WITH_KNOTS('',3,3,((#2549,#2550,#2551,#2552),(#2553,
#2554,#2555,#2556),(#2557,#2558,#2559,#2560),(#2561,#2562,#2563,#2564),
(#2565,#2566,#2567,#2568)),.UNSPECIFIED.,.F.,.F.,.F.,(4,1,4),(4,4),(0.,
0.571428571428571,1.),(-0.6,0.100000000000052),.UNSPECIFIED.);
#1846=B_SPLINE_SURFACE_WITH_KNOTS('',3,3,((#2614,#2615,#2616,#2617),(#2618,
#2619,#2620,#2621),(#2622,#2623,#2624,#2625),(#2626,#2627,#2628,#2629),
(#2630,#2631,#2632,#2633),(#2634,#2635,#2636,#2637)),.UNSPECIFIED.,.F.,
 .F.,.F.,(4,1,1,4),(4,4),(0.,0.285714285714286,0.571428571428571,1.),(-0.6,
0.100000000000052),.UNSPECIFIED.);
#1847=B_SPLINE_SURFACE_WITH_KNOTS('',3,3,((#2696,#2697,#2698,#2699),(#2700,
#2701,#2702,#2703),(#2704,#2705,#2706,#2707),(#2708,#2709,#2710,#2711),
(#2712,#2713,#2714,#2715),(#2716,#2717,#2718,#2719)),.UNSPECIFIED.,.F.,
 .F.,.F.,(4,1,1,4),(4,4),(0.,0.285714285714286,0.571428571428571,1.),(0.432038981823561,
1.31811607165282),.UNSPECIFIED.);
#1848=B_SPLINE_SURFACE_WITH_KNOTS('',3,3,((#2743,#2744,#2745,#2746),(#2747,
#2748,#2749,#2750),(#2751,#2752,#2753,#2754),(#2755,#2756,#2757,#2758),
(#2759,#2760,#2761,#2762),(#2763,#2764,#2765,#2766)),.UNSPECIFIED.,.F.,
 .F.,.F.,(4,1,1,4),(4,4),(0.,0.285714285714286,0.571428571428571,1.),(-1.11270170263216,
1.11270166537926),.UNSPECIFIED.);
#1849=B_SPLINE_SURFACE_WITH_KNOTS('',3,3,((#2783,#2784,#2785,#2786),(#2787,
#2788,#2789,#2790),(#2791,#2792,#2793,#2794),(#2795,#2796,#2797,#2798),
(#2799,#2800,#2801,#2802),(#2803,#2804,#2805,#2806)),.UNSPECIFIED.,.F.,
 .F.,.F.,(4,1,1,4),(4,4),(0.,0.285714285714286,0.571428571428571,1.),(0.432038896915228,
1.31811607165282),.UNSPECIFIED.);
#1850=B_SPLINE_SURFACE_WITH_KNOTS('',3,3,((#2823,#2824,#2825,#2826),(#2827,
#2828,#2829,#2830),(#2831,#2832,#2833,#2834),(#2835,#2836,#2837,#2838),
(#2839,#2840,#2841,#2842),(#2843,#2844,#2845,#2846)),.UNSPECIFIED.,.F.,
 .F.,.F.,(4,1,1,4),(4,4),(0.,0.285714285714286,0.571428571428571,1.),(-0.43203898182354,
-0.422451277794953),.UNSPECIFIED.);
#1851=B_SPLINE_SURFACE_WITH_KNOTS('',3,3,((#2858,#2859,#2860,#2861),(#2862,
#2863,#2864,#2865),(#2866,#2867,#2868,#2869),(#2870,#2871,#2872,#2873),
(#2874,#2875,#2876,#2877),(#2878,#2879,#2880,#2881)),.UNSPECIFIED.,.F.,
 .F.,.F.,(4,1,1,4),(4,4),(0.,0.277972755415317,0.555945510830633,0.972904643953608),
(-0.447832396928933,0.0637039751983536),.UNSPECIFIED.);
#1852=B_SPLINE_SURFACE_WITH_KNOTS('',3,3,((#2891,#2892,#2893,#2894),(#2895,
#2896,#2897,#2898),(#2899,#2900,#2901,#2902),(#2903,#2904,#2905,#2906),
(#2907,#2908,#2909,#2910),(#2911,#2912,#2913,#2914)),.UNSPECIFIED.,.F.,
 .F.,.F.,(4,1,1,4),(4,4),(0.,0.285714285714286,0.571428571428571,1.),(0.422451277794953,
0.432038896915229),.UNSPECIFIED.);
#1853=B_SPLINE_SURFACE_WITH_KNOTS('',3,3,((#2930,#2931,#2932,#2933),(#2934,
#2935,#2936,#2937),(#2938,#2939,#2940,#2941),(#2942,#2943,#2944,#2945),
(#2946,#2947,#2948,#2949),(#2950,#2951,#2952,#2953)),.UNSPECIFIED.,.F.,
 .F.,.F.,(4,1,1,4),(4,4),(0.,0.41695923290881,0.694932054848016,0.972904876787223),
(-0.0637040052400684,0.447832396928933),.UNSPECIFIED.);
#1854=B_SPLINE_SURFACE_WITH_KNOTS('',3,3,((#2966,#2967,#2968,#2969),(#2970,
#2971,#2972,#2973),(#2974,#2975,#2976,#2977),(#2978,#2979,#2980,#2981),
(#2982,#2983,#2984,#2985),(#2986,#2987,#2988,#2989)),.UNSPECIFIED.,.F.,
 .F.,.F.,(4,1,1,4),(4,4),(0.,0.285714285714286,0.571428571428571,1.),(-1.4,
-0.0999999999999999),.UNSPECIFIED.);
#1855=B_SPLINE_SURFACE_WITH_KNOTS('',3,3,((#3014,#3015,#3016,#3017,#3018),
(#3019,#3020,#3021,#3022,#3023),(#3024,#3025,#3026,#3027,#3028),(#3029,
#3030,#3031,#3032,#3033),(#3034,#3035,#3036,#3037,#3038),(#3039,#3040,#3041,
#3042,#3043)),.UNSPECIFIED.,.F.,.F.,.F.,(4,1,1,4),(4,1,4),(0.,0.285714285714286,
0.571428571428571,1.),(-0.785398163397448,0.112199737628207,0.785398163397449),
 .UNSPECIFIED.);
#1856=B_SPLINE_SURFACE_WITH_KNOTS('',3,3,((#3062,#3063,#3064,#3065),(#3066,
#3067,#3068,#3069),(#3070,#3071,#3072,#3073),(#3074,#3075,#3076,#3077),
(#3078,#3079,#3080,#3081),(#3082,#3083,#3084,#3085)),.UNSPECIFIED.,.F.,
 .F.,.F.,(4,1,1,4),(4,4),(0.,0.285714285714286,0.571428571428571,1.),(5.49778714378214,
5.83762405323626),.UNSPECIFIED.);
#1857=B_SPLINE_SURFACE_WITH_KNOTS('',3,3,((#3106,#3107,#3108,#3109),(#3110,
#3111,#3112,#3113),(#3114,#3115,#3116,#3117),(#3118,#3119,#3120,#3121),
(#3122,#3123,#3124,#3125),(#3126,#3127,#3128,#3129)),.UNSPECIFIED.,.F.,
 .F.,.F.,(4,1,1,4),(4,4),(0.,0.285714285714286,0.571428571428571,1.),(-2.1,
2.1),.UNSPECIFIED.);
#1858=B_SPLINE_SURFACE_WITH_KNOTS('',3,3,((#3146,#3147,#3148,#3149,#3150),
(#3151,#3152,#3153,#3154,#3155),(#3156,#3157,#3158,#3159,#3160),(#3161,
#3162,#3163,#3164,#3165),(#3166,#3167,#3168,#3169,#3170),(#3171,#3172,#3173,
#3174,#3175)),.UNSPECIFIED.,.F.,.F.,.F.,(4,1,1,4),(4,1,4),(0.,0.285714285714286,
0.571428571428571,1.),(-0.785398163397449,0.112199737628206,0.785398163397448),
 .UNSPECIFIED.);
#1859=B_SPLINE_SURFACE_WITH_KNOTS('',3,3,((#3194,#3195,#3196,#3197),(#3198,
#3199,#3200,#3201),(#3202,#3203,#3204,#3205),(#3206,#3207,#3208,#3209),
(#3210,#3211,#3212,#3213),(#3214,#3215,#3216,#3217)),.UNSPECIFIED.,.F.,
 .F.,.F.,(4,1,1,4),(4,4),(0.,0.285714285714286,0.571428571428571,1.),(0.1,
1.4),.UNSPECIFIED.);
#1860=B_SPLINE_SURFACE_WITH_KNOTS('',3,3,((#3234,#3235,#3236,#3237),(#3238,
#3239,#3240,#3241),(#3242,#3243,#3244,#3245),(#3246,#3247,#3248,#3249),
(#3250,#3251,#3252,#3253),(#3254,#3255,#3256,#3257)),.UNSPECIFIED.,.F.,
 .F.,.F.,(4,1,1,4),(4,4),(0.,0.285714285714286,0.571428571428571,1.),(0.445561253943325,
0.785398163397448),.UNSPECIFIED.);
#1861=ADVANCED_FACE('',(#546),#1845,.T.);
#1862=ADVANCED_FACE('',(#547),#474,.T.);
#1863=ADVANCED_FACE('',(#548),#1846,.T.);
#1864=ADVANCED_FACE('',(#549),#475,.T.);
#1865=ADVANCED_FACE('',(#550),#43,.T.);
#1866=ADVANCED_FACE('',(#551),#1847,.T.);
#1867=ADVANCED_FACE('',(#552),#1848,.T.);
#1868=ADVANCED_FACE('',(#553),#1849,.T.);
#1869=ADVANCED_FACE('',(#554),#1850,.T.);
#1870=ADVANCED_FACE('',(#555),#1851,.T.);
#1871=ADVANCED_FACE('',(#556),#1852,.T.);
#1872=ADVANCED_FACE('',(#557),#1853,.T.);
#1873=ADVANCED_FACE('',(#558),#44,.F.);
#1874=ADVANCED_FACE('',(#559),#476,.T.);
#1875=ADVANCED_FACE('',(#560),#1854,.T.);
#1876=ADVANCED_FACE('',(#561),#1855,.T.);
#1877=ADVANCED_FACE('',(#562),#1856,.T.);
#1878=ADVANCED_FACE('',(#563),#1857,.T.);
#1879=ADVANCED_FACE('',(#564),#1858,.T.);
#1880=ADVANCED_FACE('',(#565),#1859,.T.);
#1881=ADVANCED_FACE('',(#566),#1860,.T.);
#1882=ADVANCED_FACE('',(#567),#45,.T.);
#1883=ADVANCED_FACE('',(#568),#477,.T.);
#1884=ADVANCED_FACE('',(#569),#46,.T.);
#1885=ADVANCED_FACE('',(#570),#478,.T.);
#1886=ADVANCED_FACE('',(#571),#47,.T.);
#1887=ADVANCED_FACE('',(#572),#479,.T.);
#1888=ADVANCED_FACE('',(#573),#48,.T.);
#1889=ADVANCED_FACE('',(#574,#15,#16,#17,#18,#19,#20,#21,#22,#23),#480,
 .T.);
#1890=ADVANCED_FACE('',(#575),#481,.T.);
#1891=ADVANCED_FACE('',(#576),#482,.T.);
#1892=ADVANCED_FACE('',(#577),#49,.F.);
#1893=ADVANCED_FACE('',(#578,#24,#25,#26,#27,#28,#29,#30,#31,#32),#483,
 .T.);
#1894=ADVANCED_FACE('',(#579),#484,.T.);
#1895=ADVANCED_FACE('',(#580),#50,.T.);
#1896=ADVANCED_FACE('',(#581),#485,.T.);
#1897=ADVANCED_FACE('',(#582),#486,.T.);
#1898=ADVANCED_FACE('',(#583),#487,.T.);
#1899=ADVANCED_FACE('',(#584),#51,.F.);
#1900=ADVANCED_FACE('',(#585,#33),#488,.T.);
#1901=ADVANCED_FACE('',(#586),#52,.F.);
#1902=ADVANCED_FACE('',(#587,#34),#489,.T.);
#1903=ADVANCED_FACE('',(#588),#490,.F.);
#1904=ADVANCED_FACE('',(#589),#491,.F.);
#1905=ADVANCED_FACE('',(#590),#492,.F.);
#1906=ADVANCED_FACE('',(#591),#493,.F.);
#1907=ADVANCED_FACE('',(#592),#494,.F.);
#1908=ADVANCED_FACE('',(#593),#495,.F.);
#1909=ADVANCED_FACE('',(#594,#35),#496,.T.);
#1910=ADVANCED_FACE('',(#595),#497,.F.);
#1911=ADVANCED_FACE('',(#596),#498,.F.);
#1912=ADVANCED_FACE('',(#597),#499,.F.);
#1913=ADVANCED_FACE('',(#598),#500,.F.);
#1914=ADVANCED_FACE('',(#599),#501,.F.);
#1915=ADVANCED_FACE('',(#600),#502,.F.);
#1916=ADVANCED_FACE('',(#601,#36),#503,.T.);
#1917=ADVANCED_FACE('',(#602),#504,.F.);
#1918=ADVANCED_FACE('',(#603),#505,.F.);
#1919=ADVANCED_FACE('',(#604),#506,.F.);
#1920=ADVANCED_FACE('',(#605),#507,.F.);
#1921=ADVANCED_FACE('',(#606),#508,.F.);
#1922=ADVANCED_FACE('',(#607),#509,.F.);
#1923=ADVANCED_FACE('',(#608,#37),#510,.T.);
#1924=ADVANCED_FACE('',(#609),#511,.F.);
#1925=ADVANCED_FACE('',(#610),#512,.F.);
#1926=ADVANCED_FACE('',(#611),#513,.F.);
#1927=ADVANCED_FACE('',(#612),#514,.F.);
#1928=ADVANCED_FACE('',(#613),#515,.F.);
#1929=ADVANCED_FACE('',(#614),#516,.F.);
#1930=ADVANCED_FACE('',(#615,#38),#517,.T.);
#1931=ADVANCED_FACE('',(#616),#518,.F.);
#1932=ADVANCED_FACE('',(#617),#519,.F.);
#1933=ADVANCED_FACE('',(#618),#520,.F.);
#1934=ADVANCED_FACE('',(#619),#521,.F.);
#1935=ADVANCED_FACE('',(#620),#522,.F.);
#1936=ADVANCED_FACE('',(#621),#523,.F.);
#1937=ADVANCED_FACE('',(#622,#39),#524,.T.);
#1938=ADVANCED_FACE('',(#623),#525,.F.);
#1939=ADVANCED_FACE('',(#624),#526,.F.);
#1940=ADVANCED_FACE('',(#625),#527,.F.);
#1941=ADVANCED_FACE('',(#626),#528,.F.);
#1942=ADVANCED_FACE('',(#627),#529,.F.);
#1943=ADVANCED_FACE('',(#628),#530,.F.);
#1944=ADVANCED_FACE('',(#629,#40),#531,.T.);
#1945=ADVANCED_FACE('',(#630),#532,.F.);
#1946=ADVANCED_FACE('',(#631),#533,.F.);
#1947=ADVANCED_FACE('',(#632),#534,.F.);
#1948=ADVANCED_FACE('',(#633),#535,.F.);
#1949=ADVANCED_FACE('',(#634),#536,.F.);
#1950=ADVANCED_FACE('',(#635),#537,.F.);
#1951=ADVANCED_FACE('',(#636,#41),#538,.T.);
#1952=ADVANCED_FACE('',(#637),#539,.F.);
#1953=ADVANCED_FACE('',(#638),#540,.F.);
#1954=ADVANCED_FACE('',(#639),#541,.F.);
#1955=ADVANCED_FACE('',(#640),#542,.F.);
#1956=ADVANCED_FACE('',(#641),#543,.F.);
#1957=ADVANCED_FACE('',(#642),#544,.F.);
#1958=ADVANCED_FACE('',(#643,#42),#545,.T.);
#1959=ADVANCED_FACE('',(#644),#53,.F.);
#1960=ADVANCED_FACE('',(#645),#54,.F.);
#1961=ADVANCED_FACE('',(#646),#55,.F.);
#1962=ADVANCED_FACE('',(#647),#56,.F.);
#1963=ADVANCED_FACE('',(#648),#57,.F.);
#1964=ADVANCED_FACE('',(#649),#58,.F.);
#1965=ADVANCED_FACE('',(#650),#59,.F.);
#1966=ADVANCED_FACE('',(#651),#60,.F.);
#1967=ADVANCED_FACE('',(#652),#61,.F.);
#1968=CLOSED_SHELL('',(#1861,#1862,#1863,#1864,#1865,#1866,#1867,#1868,
#1869,#1870,#1871,#1872,#1873,#1874,#1875,#1876,#1877,#1878,#1879,#1880,
#1881,#1882,#1883,#1884,#1885,#1886,#1887,#1888,#1889,#1890,#1891,#1892,
#1893,#1894,#1895,#1896,#1897,#1898,#1899,#1900,#1901,#1902,#1903,#1904,
#1905,#1906,#1907,#1908,#1909,#1910,#1911,#1912,#1913,#1914,#1915,#1916,
#1917,#1918,#1919,#1920,#1921,#1922,#1923,#1924,#1925,#1926,#1927,#1928,
#1929,#1930,#1931,#1932,#1933,#1934,#1935,#1936,#1937,#1938,#1939,#1940,
#1941,#1942,#1943,#1944,#1945,#1946,#1947,#1948,#1949,#1950,#1951,#1952,
#1953,#1954,#1955,#1956,#1957,#1958,#1959,#1960,#1961,#1962,#1963,#1964,
#1965,#1966,#1967));
#1969=DERIVED_UNIT_ELEMENT(#1971,1.);
#1970=DERIVED_UNIT_ELEMENT(#3709,-3.);
#1971=(
MASS_UNIT()
NAMED_UNIT(*)
SI_UNIT(.KILO.,.GRAM.)
);
#1972=DERIVED_UNIT((#1969,#1970));
#1973=MEASURE_REPRESENTATION_ITEM('density measure',
POSITIVE_RATIO_MEASURE(7850.),#1972);
#1974=PROPERTY_DEFINITION_REPRESENTATION(#1979,#1976);
#1975=PROPERTY_DEFINITION_REPRESENTATION(#1980,#1977);
#1976=REPRESENTATION('material name',(#1978),#3706);
#1977=REPRESENTATION('density',(#1973),#3706);
#1978=DESCRIPTIVE_REPRESENTATION_ITEM('Steel','Steel');
#1979=PROPERTY_DEFINITION('material property','material name',#3716);
#1980=PROPERTY_DEFINITION('material property','density of part',#3716);
#1981=AXIS2_PLACEMENT_3D('',#2548,#2107,#2108);
#1982=AXIS2_PLACEMENT_3D('',#2598,#2109,#2110);
#1983=AXIS2_PLACEMENT_3D('',#2670,#2114,#2115);
#1984=AXIS2_PLACEMENT_3D('',#2672,#2116,#2117);
#1985=AXIS2_PLACEMENT_3D('',#2676,#2119,#2120);
#1986=AXIS2_PLACEMENT_3D('',#2680,#2123,#2124);
#1987=AXIS2_PLACEMENT_3D('',#2694,#2126,#2127);
#1988=AXIS2_PLACEMENT_3D('',#2958,#2129,#2130);
#1989=AXIS2_PLACEMENT_3D('',#2961,#2132,#2133);
#1990=AXIS2_PLACEMENT_3D('',#2962,#2134,#2135);
#1991=AXIS2_PLACEMENT_3D('',#3278,#2138,#2139);
#1992=AXIS2_PLACEMENT_3D('',#3284,#2142,#2143);
#1993=AXIS2_PLACEMENT_3D('',#3287,#2145,#2146);
#1994=AXIS2_PLACEMENT_3D('',#3288,#2147,#2148);
#1995=AXIS2_PLACEMENT_3D('',#3292,#2151,#2152);
#1996=AXIS2_PLACEMENT_3D('',#3295,#2154,#2155);
#1997=AXIS2_PLACEMENT_3D('',#3296,#2156,#2157);
#1998=AXIS2_PLACEMENT_3D('',#3300,#2160,#2161);
#1999=AXIS2_PLACEMENT_3D('',#3303,#2163,#2164);
#2000=AXIS2_PLACEMENT_3D('',#3304,#2165,#2166);
#2001=AXIS2_PLACEMENT_3D('',#3308,#2169,#2170);
#2002=AXIS2_PLACEMENT_3D('',#3310,#2171,#2172);
#2003=AXIS2_PLACEMENT_3D('',#3314,#2174,#2175);
#2004=AXIS2_PLACEMENT_3D('',#3316,#2177,#2178);
#2005=AXIS2_PLACEMENT_3D('',#3319,#2180,#2181);
#2006=AXIS2_PLACEMENT_3D('',#3321,#2183,#2184);
#2007=AXIS2_PLACEMENT_3D('',#3323,#2185,#2186);
#2008=AXIS2_PLACEMENT_3D('',#3325,#2187,#2188);
#2009=AXIS2_PLACEMENT_3D('',#3327,#2189,#2190);
#2010=AXIS2_PLACEMENT_3D('',#3329,#2191,#2192);
#2011=AXIS2_PLACEMENT_3D('',#3331,#2193,#2194);
#2012=AXIS2_PLACEMENT_3D('',#3333,#2195,#2196);
#2013=AXIS2_PLACEMENT_3D('',#3335,#2197,#2198);
#2014=AXIS2_PLACEMENT_3D('',#3337,#2199,#2200);
#2015=AXIS2_PLACEMENT_3D('',#3339,#2201,#2202);
#2016=AXIS2_PLACEMENT_3D('',#3340,#2203,#2204);
#2017=AXIS2_PLACEMENT_3D('',#3342,#2206,#2207);
#2018=AXIS2_PLACEMENT_3D('',#3344,#2209,#2210);
#2019=AXIS2_PLACEMENT_3D('',#3345,#2211,#2212);
#2020=AXIS2_PLACEMENT_3D('',#3351,#2216,#2217);
#2021=AXIS2_PLACEMENT_3D('',#3448,#2266,#2267);
#2022=AXIS2_PLACEMENT_3D('',#3450,#2269,#2270);
#2023=AXIS2_PLACEMENT_3D('',#3453,#2273,#2274);
#2024=AXIS2_PLACEMENT_3D('',#3454,#2275,#2276);
#2025=AXIS2_PLACEMENT_3D('',#3455,#2277,#2278);
#2026=AXIS2_PLACEMENT_3D('',#3456,#2279,#2280);
#2027=AXIS2_PLACEMENT_3D('',#3459,#2282,#2283);
#2028=AXIS2_PLACEMENT_3D('',#3460,#2284,#2285);
#2029=AXIS2_PLACEMENT_3D('',#3462,#2286,#2287);
#2030=AXIS2_PLACEMENT_3D('',#3463,#2288,#2289);
#2031=AXIS2_PLACEMENT_3D('',#3466,#2291,#2292);
#2032=AXIS2_PLACEMENT_3D('',#3467,#2293,#2294);
#2033=AXIS2_PLACEMENT_3D('',#3469,#2295,#2296);
#2034=AXIS2_PLACEMENT_3D('',#3470,#2297,#2298);
#2035=AXIS2_PLACEMENT_3D('',#3476,#2302,#2303);
#2036=AXIS2_PLACEMENT_3D('',#3480,#2306,#2307);
#2037=AXIS2_PLACEMENT_3D('',#3484,#2310,#2311);
#2038=AXIS2_PLACEMENT_3D('',#3488,#2314,#2315);
#2039=AXIS2_PLACEMENT_3D('',#3492,#2318,#2319);
#2040=AXIS2_PLACEMENT_3D('',#3494,#2321,#2322);
#2041=AXIS2_PLACEMENT_3D('',#3496,#2323,#2324);
#2042=AXIS2_PLACEMENT_3D('',#3497,#2325,#2326);
#2043=AXIS2_PLACEMENT_3D('',#3503,#2330,#2331);
#2044=AXIS2_PLACEMENT_3D('',#3507,#2334,#2335);
#2045=AXIS2_PLACEMENT_3D('',#3511,#2338,#2339);
#2046=AXIS2_PLACEMENT_3D('',#3515,#2342,#2343);
#2047=AXIS2_PLACEMENT_3D('',#3519,#2346,#2347);
#2048=AXIS2_PLACEMENT_3D('',#3521,#2349,#2350);
#2049=AXIS2_PLACEMENT_3D('',#3523,#2351,#2352);
#2050=AXIS2_PLACEMENT_3D('',#3524,#2353,#2354);
#2051=AXIS2_PLACEMENT_3D('',#3530,#2358,#2359);
#2052=AXIS2_PLACEMENT_3D('',#3534,#2362,#2363);
#2053=AXIS2_PLACEMENT_3D('',#3538,#2366,#2367);
#2054=AXIS2_PLACEMENT_3D('',#3542,#2370,#2371);
#2055=AXIS2_PLACEMENT_3D('',#3546,#2374,#2375);
#2056=AXIS2_PLACEMENT_3D('',#3548,#2377,#2378);
#2057=AXIS2_PLACEMENT_3D('',#3550,#2379,#2380);
#2058=AXIS2_PLACEMENT_3D('',#3551,#2381,#2382);
#2059=AXIS2_PLACEMENT_3D('',#3557,#2386,#2387);
#2060=AXIS2_PLACEMENT_3D('',#3561,#2390,#2391);
#2061=AXIS2_PLACEMENT_3D('',#3565,#2394,#2395);
#2062=AXIS2_PLACEMENT_3D('',#3569,#2398,#2399);
#2063=AXIS2_PLACEMENT_3D('',#3573,#2402,#2403);
#2064=AXIS2_PLACEMENT_3D('',#3575,#2405,#2406);
#2065=AXIS2_PLACEMENT_3D('',#3577,#2407,#2408);
#2066=AXIS2_PLACEMENT_3D('',#3578,#2409,#2410);
#2067=AXIS2_PLACEMENT_3D('',#3584,#2414,#2415);
#2068=AXIS2_PLACEMENT_3D('',#3588,#2418,#2419);
#2069=AXIS2_PLACEMENT_3D('',#3592,#2422,#2423);
#2070=AXIS2_PLACEMENT_3D('',#3596,#2426,#2427);
#2071=AXIS2_PLACEMENT_3D('',#3600,#2430,#2431);
#2072=AXIS2_PLACEMENT_3D('',#3602,#2433,#2434);
#2073=AXIS2_PLACEMENT_3D('',#3604,#2435,#2436);
#2074=AXIS2_PLACEMENT_3D('',#3605,#2437,#2438);
#2075=AXIS2_PLACEMENT_3D('',#3611,#2442,#2443);
#2076=AXIS2_PLACEMENT_3D('',#3615,#2446,#2447);
#2077=AXIS2_PLACEMENT_3D('',#3619,#2450,#2451);
#2078=AXIS2_PLACEMENT_3D('',#3623,#2454,#2455);
#2079=AXIS2_PLACEMENT_3D('',#3627,#2458,#2459);
#2080=AXIS2_PLACEMENT_3D('',#3629,#2461,#2462);
#2081=AXIS2_PLACEMENT_3D('',#3631,#2463,#2464);
#2082=AXIS2_PLACEMENT_3D('',#3632,#2465,#2466);
#2083=AXIS2_PLACEMENT_3D('',#3638,#2470,#2471);
#2084=AXIS2_PLACEMENT_3D('',#3642,#2474,#2475);
#2085=AXIS2_PLACEMENT_3D('',#3646,#2478,#2479);
#2086=AXIS2_PLACEMENT_3D('',#3650,#2482,#2483);
#2087=AXIS2_PLACEMENT_3D('',#3654,#2486,#2487);
#2088=AXIS2_PLACEMENT_3D('',#3656,#2489,#2490);
#2089=AXIS2_PLACEMENT_3D('',#3658,#2491,#2492);
#2090=AXIS2_PLACEMENT_3D('',#3659,#2493,#2494);
#2091=AXIS2_PLACEMENT_3D('',#3665,#2498,#2499);
#2092=AXIS2_PLACEMENT_3D('',#3669,#2502,#2503);
#2093=AXIS2_PLACEMENT_3D('',#3673,#2506,#2507);
#2094=AXIS2_PLACEMENT_3D('',#3677,#2510,#2511);
#2095=AXIS2_PLACEMENT_3D('',#3681,#2514,#2515);
#2096=AXIS2_PLACEMENT_3D('',#3683,#2517,#2518);
#2097=AXIS2_PLACEMENT_3D('',#3685,#2519,#2520);
#2098=AXIS2_PLACEMENT_3D('',#3686,#2521,#2522);
#2099=AXIS2_PLACEMENT_3D('',#3688,#2524,#2525);
#2100=AXIS2_PLACEMENT_3D('',#3690,#2527,#2528);
#2101=AXIS2_PLACEMENT_3D('',#3692,#2530,#2531);
#2102=AXIS2_PLACEMENT_3D('',#3694,#2533,#2534);
#2103=AXIS2_PLACEMENT_3D('',#3696,#2536,#2537);
#2104=AXIS2_PLACEMENT_3D('',#3698,#2539,#2540);
#2105=AXIS2_PLACEMENT_3D('',#3700,#2542,#2543);
#2106=AXIS2_PLACEMENT_3D('',#3702,#2545,#2546);
#2107=DIRECTION('axis',(0.,0.,1.));
#2108=DIRECTION('refdir',(1.,0.,0.));
#2109=DIRECTION('center_axis',(0.999999999999999,0.,4.96705373128255E-8));
#2110=DIRECTION('ref_axis',(4.96705373128255E-8,0.,-0.999999999999999));
#2111=DIRECTION('',(4.96705373128255E-8,0.,-0.999999999999999));
#2112=DIRECTION('',(0.,1.,0.));
#2113=DIRECTION('',(4.96705373128255E-8,0.,-0.999999999999999));
#2114=DIRECTION('center_axis',(0.,1.,0.));
#2115=DIRECTION('ref_axis',(0.,0.,1.));
#2116=DIRECTION('center_axis',(0.,-1.,0.));
#2117=DIRECTION('ref_axis',(-0.433012701892219,0.,0.901387818865997));
#2118=DIRECTION('',(1.,0.,0.));
#2119=DIRECTION('center_axis',(0.,-1.,0.));
#2120=DIRECTION('ref_axis',(0.707106781186547,0.,0.707106781186548));
#2121=DIRECTION('',(-1.,0.,0.));
#2122=DIRECTION('',(-7.45058059692381E-8,0.,0.999999999999997));
#2123=DIRECTION('center_axis',(0.,1.,0.));
#2124=DIRECTION('ref_axis',(-0.433012701892219,0.,0.901387818865997));
#2125=DIRECTION('',(0.,-1.,0.));
#2126=DIRECTION('center_axis',(0.,1.,0.));
#2127=DIRECTION('ref_axis',(-0.433012701892219,0.,0.901387818865997));
#2128=DIRECTION('',(0.,1.,0.));
#2129=DIRECTION('center_axis',(0.,1.,0.));
#2130=DIRECTION('ref_axis',(0.968245836551854,0.,-0.25));
#2131=DIRECTION('',(0.,-1.,0.));
#2132=DIRECTION('center_axis',(0.,-1.,0.));
#2133=DIRECTION('ref_axis',(0.968245836551854,0.,-0.25));
#2134=DIRECTION('center_axis',(0.,0.,1.));
#2135=DIRECTION('ref_axis',(0.,-1.,0.));
#2136=DIRECTION('',(0.,1.,0.));
#2137=DIRECTION('',(-1.,0.,0.));
#2138=DIRECTION('center_axis',(0.,1.,0.));
#2139=DIRECTION('ref_axis',(-0.707106781186548,0.,0.707106781186547));
#2140=DIRECTION('',(0.,-1.,0.));
#2141=DIRECTION('',(0.,-1.,0.));
#2142=DIRECTION('center_axis',(0.,1.,0.));
#2143=DIRECTION('ref_axis',(-0.707106781186548,0.,0.707106781186547));
#2144=DIRECTION('',(0.,1.,0.));
#2145=DIRECTION('center_axis',(0.,-1.,0.));
#2146=DIRECTION('ref_axis',(-0.707106781186548,0.,0.707106781186547));
#2147=DIRECTION('center_axis',(-1.,0.,0.));
#2148=DIRECTION('ref_axis',(0.,0.,1.));
#2149=DIRECTION('',(0.,1.,0.));
#2150=DIRECTION('',(0.,0.,1.));
#2151=DIRECTION('center_axis',(0.,-1.,0.));
#2152=DIRECTION('ref_axis',(-0.707106781186547,0.,-0.707106781186548));
#2153=DIRECTION('',(0.,-1.,0.));
#2154=DIRECTION('center_axis',(0.,1.,0.));
#2155=DIRECTION('ref_axis',(-0.707106781186547,0.,-0.707106781186548));
#2156=DIRECTION('center_axis',(0.,0.,-1.));
#2157=DIRECTION('ref_axis',(0.,1.,0.));
#2158=DIRECTION('',(0.,1.,0.));
#2159=DIRECTION('',(1.,0.,0.));
#2160=DIRECTION('center_axis',(0.,1.,0.));
#2161=DIRECTION('ref_axis',(0.707106781186547,0.,-0.707106781186548));
#2162=DIRECTION('',(0.,-1.,0.));
#2163=DIRECTION('center_axis',(0.,1.,0.));
#2164=DIRECTION('ref_axis',(0.707106781186547,0.,-0.707106781186548));
#2165=DIRECTION('center_axis',(1.,0.,0.));
#2166=DIRECTION('ref_axis',(0.,0.,-1.));
#2167=DIRECTION('',(0.,1.,0.));
#2168=DIRECTION('',(0.,0.,1.));
#2169=DIRECTION('center_axis',(0.,-1.,0.));
#2170=DIRECTION('ref_axis',(0.433012701892219,0.,0.901387818865997));
#2171=DIRECTION('center_axis',(0.,-1.,0.));
#2172=DIRECTION('ref_axis',(0.433012701892219,0.,0.901387818865997));
#2173=DIRECTION('',(0.,-1.,0.));
#2174=DIRECTION('center_axis',(0.,1.,0.));
#2175=DIRECTION('ref_axis',(0.433012701892219,0.,0.901387818865997));
#2176=DIRECTION('',(0.,1.,0.));
#2177=DIRECTION('center_axis',(0.,-1.,0.));
#2178=DIRECTION('ref_axis',(0.,0.,-1.));
#2179=DIRECTION('',(-1.,0.,0.));
#2180=DIRECTION('center_axis',(0.,1.,0.));
#2181=DIRECTION('ref_axis',(0.707106781186547,0.,0.707106781186548));
#2182=DIRECTION('',(-1.,0.,0.));
#2183=DIRECTION('center_axis',(0.,-1.,0.));
#2184=DIRECTION('ref_axis',(-0.968245836551854,0.,-0.25));
#2185=DIRECTION('center_axis',(0.,1.,0.));
#2186=DIRECTION('ref_axis',(1.,0.,0.));
#2187=DIRECTION('center_axis',(0.,1.,0.));
#2188=DIRECTION('ref_axis',(1.,0.,0.));
#2189=DIRECTION('center_axis',(0.,1.,0.));
#2190=DIRECTION('ref_axis',(1.,0.,0.));
#2191=DIRECTION('center_axis',(0.,1.,0.));
#2192=DIRECTION('ref_axis',(1.,0.,0.));
#2193=DIRECTION('center_axis',(0.,1.,0.));
#2194=DIRECTION('ref_axis',(1.,0.,0.));
#2195=DIRECTION('center_axis',(0.,1.,0.));
#2196=DIRECTION('ref_axis',(1.,0.,0.));
#2197=DIRECTION('center_axis',(0.,1.,0.));
#2198=DIRECTION('ref_axis',(1.,0.,0.));
#2199=DIRECTION('center_axis',(0.,1.,0.));
#2200=DIRECTION('ref_axis',(1.,0.,0.));
#2201=DIRECTION('center_axis',(0.,1.,0.));
#2202=DIRECTION('ref_axis',(1.,0.,0.));
#2203=DIRECTION('center_axis',(0.,0.,1.));
#2204=DIRECTION('ref_axis',(1.,0.,0.));
#2205=DIRECTION('',(1.,0.,0.));
#2206=DIRECTION('center_axis',(0.,1.,0.));
#2207=DIRECTION('ref_axis',(0.,0.,1.));
#2208=DIRECTION('',(-1.,0.,0.));
#2209=DIRECTION('center_axis',(0.,-1.,0.));
#2210=DIRECTION('ref_axis',(-0.968245836551854,0.,-0.25));
#2211=DIRECTION('center_axis',(0.,1.,0.));
#2212=DIRECTION('ref_axis',(0.,0.,1.));
#2213=DIRECTION('',(-7.45058059692381E-8,0.,0.999999999999997));
#2214=DIRECTION('',(1.,0.,0.));
#2215=DIRECTION('',(1.,0.,0.));
#2216=DIRECTION('center_axis',(0.,-1.,0.));
#2217=DIRECTION('ref_axis',(1.,0.,0.));
#2218=DIRECTION('',(-1.,0.,-6.99259158684933E-16));
#2219=DIRECTION('',(-0.499999999999999,0.,-0.866025403784439));
#2220=DIRECTION('',(0.500000000000001,0.,-0.866025403784438));
#2221=DIRECTION('',(1.,0.,6.99259158684933E-16));
#2222=DIRECTION('',(0.499999999999999,0.,0.866025403784439));
#2223=DIRECTION('',(-0.500000000000001,0.,0.866025403784438));
#2224=DIRECTION('',(-1.,0.,-6.99259158684933E-16));
#2225=DIRECTION('',(-0.499999999999999,0.,-0.866025403784439));
#2226=DIRECTION('',(0.500000000000001,0.,-0.866025403784438));
#2227=DIRECTION('',(1.,0.,6.99259158684933E-16));
#2228=DIRECTION('',(0.499999999999999,0.,0.866025403784439));
#2229=DIRECTION('',(-0.500000000000001,0.,0.866025403784438));
#2230=DIRECTION('',(-1.,0.,-3.49629579342467E-16));
#2231=DIRECTION('',(-0.499999999999999,0.,-0.866025403784439));
#2232=DIRECTION('',(0.500000000000001,0.,-0.866025403784438));
#2233=DIRECTION('',(1.,0.,6.99259158684933E-16));
#2234=DIRECTION('',(0.499999999999999,0.,0.866025403784439));
#2235=DIRECTION('',(-0.500000000000001,0.,0.866025403784438));
#2236=DIRECTION('',(-1.,0.,-6.99259158684933E-16));
#2237=DIRECTION('',(-0.499999999999999,0.,-0.866025403784439));
#2238=DIRECTION('',(0.500000000000001,0.,-0.866025403784438));
#2239=DIRECTION('',(1.,0.,6.99259158684933E-16));
#2240=DIRECTION('',(0.499999999999999,0.,0.866025403784439));
#2241=DIRECTION('',(-0.500000000000001,0.,0.866025403784438));
#2242=DIRECTION('',(-1.,0.,-3.49629579342467E-16));
#2243=DIRECTION('',(-0.499999999999999,0.,-0.866025403784439));
#2244=DIRECTION('',(0.500000000000001,0.,-0.866025403784438));
#2245=DIRECTION('',(1.,0.,6.99259158684933E-16));
#2246=DIRECTION('',(0.499999999999999,0.,0.866025403784439));
#2247=DIRECTION('',(-0.500000000000001,0.,0.866025403784438));
#2248=DIRECTION('',(-1.,0.,-6.99259158684933E-16));
#2249=DIRECTION('',(-0.499999999999999,0.,-0.866025403784439));
#2250=DIRECTION('',(0.500000000000001,0.,-0.866025403784438));
#2251=DIRECTION('',(1.,0.,6.99259158684933E-16));
#2252=DIRECTION('',(0.499999999999999,0.,0.866025403784439));
#2253=DIRECTION('',(-0.500000000000001,0.,0.866025403784438));
#2254=DIRECTION('',(-1.,0.,-3.49629579342467E-16));
#2255=DIRECTION('',(-0.499999999999999,0.,-0.866025403784439));
#2256=DIRECTION('',(0.500000000000001,0.,-0.866025403784438));
#2257=DIRECTION('',(1.,0.,6.99259158684933E-16));
#2258=DIRECTION('',(0.499999999999999,0.,0.866025403784439));
#2259=DIRECTION('',(-0.500000000000001,0.,0.866025403784438));
#2260=DIRECTION('',(-1.,0.,-3.49629579342467E-16));
#2261=DIRECTION('',(-0.499999999999999,0.,-0.866025403784439));
#2262=DIRECTION('',(0.500000000000001,0.,-0.866025403784438));
#2263=DIRECTION('',(1.,0.,6.99259158684933E-16));
#2264=DIRECTION('',(0.499999999999999,0.,0.866025403784439));
#2265=DIRECTION('',(-0.500000000000001,0.,0.866025403784438));
#2266=DIRECTION('center_axis',(-0.999999999999997,0.,-7.45058059692381E-8));
#2267=DIRECTION('ref_axis',(-7.45058059692381E-8,0.,0.999999999999997));
#2268=DIRECTION('',(0.,1.,0.));
#2269=DIRECTION('center_axis',(0.,-1.,0.));
#2270=DIRECTION('ref_axis',(0.707106781186547,0.,0.707106781186548));
#2271=DIRECTION('',(0.,1.,0.));
#2272=DIRECTION('',(0.,-1.,0.));
#2273=DIRECTION('center_axis',(0.,0.,1.));
#2274=DIRECTION('ref_axis',(1.,0.,0.));
#2275=DIRECTION('center_axis',(0.,0.,-1.));
#2276=DIRECTION('ref_axis',(-1.,0.,0.));
#2277=DIRECTION('center_axis',(0.,0.,-1.));
#2278=DIRECTION('ref_axis',(-1.,0.,0.));
#2279=DIRECTION('center_axis',(0.,1.,0.));
#2280=DIRECTION('ref_axis',(1.,0.,0.));
#2281=DIRECTION('',(0.,1.,0.));
#2282=DIRECTION('center_axis',(0.,1.,0.));
#2283=DIRECTION('ref_axis',(1.,0.,0.));
#2284=DIRECTION('center_axis',(0.,-1.,0.));
#2285=DIRECTION('ref_axis',(1.,0.,0.));
#2286=DIRECTION('center_axis',(0.,-1.,0.));
#2287=DIRECTION('ref_axis',(1.,0.,0.));
#2288=DIRECTION('center_axis',(0.,-1.,0.));
#2289=DIRECTION('ref_axis',(1.,0.,0.));
#2290=DIRECTION('',(0.,-1.,0.));
#2291=DIRECTION('center_axis',(0.,-1.,0.));
#2292=DIRECTION('ref_axis',(1.,0.,0.));
#2293=DIRECTION('center_axis',(0.,1.,0.));
#2294=DIRECTION('ref_axis',(1.,0.,0.));
#2295=DIRECTION('center_axis',(0.,1.,0.));
#2296=DIRECTION('ref_axis',(1.,0.,0.));
#2297=DIRECTION('center_axis',(-3.49629579342467E-16,0.,1.));
#2298=DIRECTION('ref_axis',(-1.,0.,-3.49629579342467E-16));
#2299=DIRECTION('',(0.,-1.,0.));
#2300=DIRECTION('',(-1.,0.,-3.49629579342467E-16));
#2301=DIRECTION('',(0.,-1.,0.));
#2302=DIRECTION('center_axis',(0.866025403784438,0.,0.500000000000001));
#2303=DIRECTION('ref_axis',(-0.500000000000001,0.,0.866025403784438));
#2304=DIRECTION('',(0.,-1.,0.));
#2305=DIRECTION('',(-0.500000000000001,0.,0.866025403784438));
#2306=DIRECTION('center_axis',(0.866025403784439,0.,-0.499999999999999));
#2307=DIRECTION('ref_axis',(0.499999999999999,0.,0.866025403784439));
#2308=DIRECTION('',(0.,-1.,0.));
#2309=DIRECTION('',(0.499999999999999,0.,0.866025403784439));
#2310=DIRECTION('center_axis',(6.99259158684933E-16,0.,-1.));
#2311=DIRECTION('ref_axis',(1.,0.,6.99259158684933E-16));
#2312=DIRECTION('',(0.,-1.,0.));
#2313=DIRECTION('',(1.,0.,6.99259158684933E-16));
#2314=DIRECTION('center_axis',(-0.866025403784438,0.,-0.500000000000001));
#2315=DIRECTION('ref_axis',(0.500000000000001,0.,-0.866025403784438));
#2316=DIRECTION('',(0.,-1.,0.));
#2317=DIRECTION('',(0.500000000000001,0.,-0.866025403784438));
#2318=DIRECTION('center_axis',(-0.866025403784439,0.,0.499999999999999));
#2319=DIRECTION('ref_axis',(-0.499999999999999,0.,-0.866025403784439));
#2320=DIRECTION('',(-0.499999999999999,0.,-0.866025403784439));
#2321=DIRECTION('center_axis',(0.,1.,0.));
#2322=DIRECTION('ref_axis',(1.,0.,0.));
#2323=DIRECTION('center_axis',(0.,1.,0.));
#2324=DIRECTION('ref_axis',(1.,0.,0.));
#2325=DIRECTION('center_axis',(-3.49629579342467E-16,0.,1.));
#2326=DIRECTION('ref_axis',(-1.,0.,-3.49629579342467E-16));
#2327=DIRECTION('',(0.,-1.,0.));
#2328=DIRECTION('',(-1.,0.,-3.49629579342467E-16));
#2329=DIRECTION('',(0.,-1.,0.));
#2330=DIRECTION('center_axis',(0.866025403784438,0.,0.500000000000001));
#2331=DIRECTION('ref_axis',(-0.500000000000001,0.,0.866025403784438));
#2332=DIRECTION('',(0.,-1.,0.));
#2333=DIRECTION('',(-0.500000000000001,0.,0.866025403784438));
#2334=DIRECTION('center_axis',(0.866025403784439,0.,-0.499999999999999));
#2335=DIRECTION('ref_axis',(0.499999999999999,0.,0.866025403784439));
#2336=DIRECTION('',(0.,-1.,0.));
#2337=DIRECTION('',(0.499999999999999,0.,0.866025403784439));
#2338=DIRECTION('center_axis',(6.99259158684933E-16,0.,-1.));
#2339=DIRECTION('ref_axis',(1.,0.,6.99259158684933E-16));
#2340=DIRECTION('',(0.,-1.,0.));
#2341=DIRECTION('',(1.,0.,6.99259158684933E-16));
#2342=DIRECTION('center_axis',(-0.866025403784438,0.,-0.500000000000001));
#2343=DIRECTION('ref_axis',(0.500000000000001,0.,-0.866025403784438));
#2344=DIRECTION('',(0.,-1.,0.));
#2345=DIRECTION('',(0.500000000000001,0.,-0.866025403784438));
#2346=DIRECTION('center_axis',(-0.866025403784439,0.,0.499999999999999));
#2347=DIRECTION('ref_axis',(-0.499999999999999,0.,-0.866025403784439));
#2348=DIRECTION('',(-0.499999999999999,0.,-0.866025403784439));
#2349=DIRECTION('center_axis',(0.,1.,0.));
#2350=DIRECTION('ref_axis',(1.,0.,0.));
#2351=DIRECTION('center_axis',(0.,1.,0.));
#2352=DIRECTION('ref_axis',(1.,0.,0.));
#2353=DIRECTION('center_axis',(-6.99259158684933E-16,0.,1.));
#2354=DIRECTION('ref_axis',(-1.,0.,-6.99259158684933E-16));
#2355=DIRECTION('',(0.,-1.,0.));
#2356=DIRECTION('',(-1.,0.,-6.99259158684933E-16));
#2357=DIRECTION('',(0.,-1.,0.));
#2358=DIRECTION('center_axis',(0.866025403784438,0.,0.500000000000001));
#2359=DIRECTION('ref_axis',(-0.500000000000001,0.,0.866025403784438));
#2360=DIRECTION('',(0.,-1.,0.));
#2361=DIRECTION('',(-0.500000000000001,0.,0.866025403784438));
#2362=DIRECTION('center_axis',(0.866025403784439,0.,-0.499999999999999));
#2363=DIRECTION('ref_axis',(0.499999999999999,0.,0.866025403784439));
#2364=DIRECTION('',(0.,-1.,0.));
#2365=DIRECTION('',(0.499999999999999,0.,0.866025403784439));
#2366=DIRECTION('center_axis',(6.99259158684933E-16,0.,-1.));
#2367=DIRECTION('ref_axis',(1.,0.,6.99259158684933E-16));
#2368=DIRECTION('',(0.,-1.,0.));
#2369=DIRECTION('',(1.,0.,6.99259158684933E-16));
#2370=DIRECTION('center_axis',(-0.866025403784438,0.,-0.500000000000001));
#2371=DIRECTION('ref_axis',(0.500000000000001,0.,-0.866025403784438));
#2372=DIRECTION('',(0.,-1.,0.));
#2373=DIRECTION('',(0.500000000000001,0.,-0.866025403784438));
#2374=DIRECTION('center_axis',(-0.866025403784439,0.,0.499999999999999));
#2375=DIRECTION('ref_axis',(-0.499999999999999,0.,-0.866025403784439));
#2376=DIRECTION('',(-0.499999999999999,0.,-0.866025403784439));
#2377=DIRECTION('center_axis',(0.,1.,0.));
#2378=DIRECTION('ref_axis',(1.,0.,0.));
#2379=DIRECTION('center_axis',(0.,1.,0.));
#2380=DIRECTION('ref_axis',(1.,0.,0.));
#2381=DIRECTION('center_axis',(-3.49629579342467E-16,0.,1.));
#2382=DIRECTION('ref_axis',(-1.,0.,-3.49629579342467E-16));
#2383=DIRECTION('',(0.,-1.,0.));
#2384=DIRECTION('',(-1.,0.,-3.49629579342467E-16));
#2385=DIRECTION('',(0.,-1.,0.));
#2386=DIRECTION('center_axis',(0.866025403784438,0.,0.500000000000001));
#2387=DIRECTION('ref_axis',(-0.500000000000001,0.,0.866025403784438));
#2388=DIRECTION('',(0.,-1.,0.));
#2389=DIRECTION('',(-0.500000000000001,0.,0.866025403784438));
#2390=DIRECTION('center_axis',(0.866025403784439,0.,-0.499999999999999));
#2391=DIRECTION('ref_axis',(0.499999999999999,0.,0.866025403784439));
#2392=DIRECTION('',(0.,-1.,0.));
#2393=DIRECTION('',(0.499999999999999,0.,0.866025403784439));
#2394=DIRECTION('center_axis',(6.99259158684933E-16,0.,-1.));
#2395=DIRECTION('ref_axis',(1.,0.,6.99259158684933E-16));
#2396=DIRECTION('',(0.,-1.,0.));
#2397=DIRECTION('',(1.,0.,6.99259158684933E-16));
#2398=DIRECTION('center_axis',(-0.866025403784438,0.,-0.500000000000001));
#2399=DIRECTION('ref_axis',(0.500000000000001,0.,-0.866025403784438));
#2400=DIRECTION('',(0.,-1.,0.));
#2401=DIRECTION('',(0.500000000000001,0.,-0.866025403784438));
#2402=DIRECTION('center_axis',(-0.866025403784439,0.,0.499999999999999));
#2403=DIRECTION('ref_axis',(-0.499999999999999,0.,-0.866025403784439));
#2404=DIRECTION('',(-0.499999999999999,0.,-0.866025403784439));
#2405=DIRECTION('center_axis',(0.,1.,0.));
#2406=DIRECTION('ref_axis',(1.,0.,0.));
#2407=DIRECTION('center_axis',(0.,1.,0.));
#2408=DIRECTION('ref_axis',(1.,0.,0.));
#2409=DIRECTION('center_axis',(-6.99259158684933E-16,0.,1.));
#2410=DIRECTION('ref_axis',(-1.,0.,-6.99259158684933E-16));
#2411=DIRECTION('',(0.,-1.,0.));
#2412=DIRECTION('',(-1.,0.,-6.99259158684933E-16));
#2413=DIRECTION('',(0.,-1.,0.));
#2414=DIRECTION('center_axis',(0.866025403784438,0.,0.500000000000001));
#2415=DIRECTION('ref_axis',(-0.500000000000001,0.,0.866025403784438));
#2416=DIRECTION('',(0.,-1.,0.));
#2417=DIRECTION('',(-0.500000000000001,0.,0.866025403784438));
#2418=DIRECTION('center_axis',(0.866025403784439,0.,-0.499999999999999));
#2419=DIRECTION('ref_axis',(0.499999999999999,0.,0.866025403784439));
#2420=DIRECTION('',(0.,-1.,0.));
#2421=DIRECTION('',(0.499999999999999,0.,0.866025403784439));
#2422=DIRECTION('center_axis',(6.99259158684933E-16,0.,-1.));
#2423=DIRECTION('ref_axis',(1.,0.,6.99259158684933E-16));
#2424=DIRECTION('',(0.,-1.,0.));
#2425=DIRECTION('',(1.,0.,6.99259158684933E-16));
#2426=DIRECTION('center_axis',(-0.866025403784438,0.,-0.500000000000001));
#2427=DIRECTION('ref_axis',(0.500000000000001,0.,-0.866025403784438));
#2428=DIRECTION('',(0.,-1.,0.));
#2429=DIRECTION('',(0.500000000000001,0.,-0.866025403784438));
#2430=DIRECTION('center_axis',(-0.866025403784439,0.,0.499999999999999));
#2431=DIRECTION('ref_axis',(-0.499999999999999,0.,-0.866025403784439));
#2432=DIRECTION('',(-0.499999999999999,0.,-0.866025403784439));
#2433=DIRECTION('center_axis',(0.,1.,0.));
#2434=DIRECTION('ref_axis',(1.,0.,0.));
#2435=DIRECTION('center_axis',(0.,1.,0.));
#2436=DIRECTION('ref_axis',(1.,0.,0.));
#2437=DIRECTION('center_axis',(-3.49629579342467E-16,0.,1.));
#2438=DIRECTION('ref_axis',(-1.,0.,-3.49629579342467E-16));
#2439=DIRECTION('',(0.,-1.,0.));
#2440=DIRECTION('',(-1.,0.,-3.49629579342467E-16));
#2441=DIRECTION('',(0.,-1.,0.));
#2442=DIRECTION('center_axis',(0.866025403784438,0.,0.500000000000001));
#2443=DIRECTION('ref_axis',(-0.500000000000001,0.,0.866025403784438));
#2444=DIRECTION('',(0.,-1.,0.));
#2445=DIRECTION('',(-0.500000000000001,0.,0.866025403784438));
#2446=DIRECTION('center_axis',(0.866025403784439,0.,-0.499999999999999));
#2447=DIRECTION('ref_axis',(0.499999999999999,0.,0.866025403784439));
#2448=DIRECTION('',(0.,-1.,0.));
#2449=DIRECTION('',(0.499999999999999,0.,0.866025403784439));
#2450=DIRECTION('center_axis',(6.99259158684933E-16,0.,-1.));
#2451=DIRECTION('ref_axis',(1.,0.,6.99259158684933E-16));
#2452=DIRECTION('',(0.,-1.,0.));
#2453=DIRECTION('',(1.,0.,6.99259158684933E-16));
#2454=DIRECTION('center_axis',(-0.866025403784438,0.,-0.500000000000001));
#2455=DIRECTION('ref_axis',(0.500000000000001,0.,-0.866025403784438));
#2456=DIRECTION('',(0.,-1.,0.));
#2457=DIRECTION('',(0.500000000000001,0.,-0.866025403784438));
#2458=DIRECTION('center_axis',(-0.866025403784439,0.,0.499999999999999));
#2459=DIRECTION('ref_axis',(-0.499999999999999,0.,-0.866025403784439));
#2460=DIRECTION('',(-0.499999999999999,0.,-0.866025403784439));
#2461=DIRECTION('center_axis',(0.,1.,0.));
#2462=DIRECTION('ref_axis',(1.,0.,0.));
#2463=DIRECTION('center_axis',(0.,1.,0.));
#2464=DIRECTION('ref_axis',(1.,0.,0.));
#2465=DIRECTION('center_axis',(-6.99259158684933E-16,0.,1.));
#2466=DIRECTION('ref_axis',(-1.,0.,-6.99259158684933E-16));
#2467=DIRECTION('',(0.,-1.,0.));
#2468=DIRECTION('',(-1.,0.,-6.99259158684933E-16));
#2469=DIRECTION('',(0.,-1.,0.));
#2470=DIRECTION('center_axis',(0.866025403784438,0.,0.500000000000001));
#2471=DIRECTION('ref_axis',(-0.500000000000001,0.,0.866025403784438));
#2472=DIRECTION('',(0.,-1.,0.));
#2473=DIRECTION('',(-0.500000000000001,0.,0.866025403784438));
#2474=DIRECTION('center_axis',(0.866025403784439,0.,-0.499999999999999));
#2475=DIRECTION('ref_axis',(0.499999999999999,0.,0.866025403784439));
#2476=DIRECTION('',(0.,-1.,0.));
#2477=DIRECTION('',(0.499999999999999,0.,0.866025403784439));
#2478=DIRECTION('center_axis',(6.99259158684933E-16,0.,-1.));
#2479=DIRECTION('ref_axis',(1.,0.,6.99259158684933E-16));
#2480=DIRECTION('',(0.,-1.,0.));
#2481=DIRECTION('',(1.,0.,6.99259158684933E-16));
#2482=DIRECTION('center_axis',(-0.866025403784438,0.,-0.500000000000001));
#2483=DIRECTION('ref_axis',(0.500000000000001,0.,-0.866025403784438));
#2484=DIRECTION('',(0.,-1.,0.));
#2485=DIRECTION('',(0.500000000000001,0.,-0.866025403784438));
#2486=DIRECTION('center_axis',(-0.866025403784439,0.,0.499999999999999));
#2487=DIRECTION('ref_axis',(-0.499999999999999,0.,-0.866025403784439));
#2488=DIRECTION('',(-0.499999999999999,0.,-0.866025403784439));
#2489=DIRECTION('center_axis',(0.,1.,0.));
#2490=DIRECTION('ref_axis',(1.,0.,0.));
#2491=DIRECTION('center_axis',(0.,1.,0.));
#2492=DIRECTION('ref_axis',(1.,0.,0.));
#2493=DIRECTION('center_axis',(-6.99259158684933E-16,0.,1.));
#2494=DIRECTION('ref_axis',(-1.,0.,-6.99259158684933E-16));
#2495=DIRECTION('',(0.,-1.,0.));
#2496=DIRECTION('',(-1.,0.,-6.99259158684933E-16));
#2497=DIRECTION('',(0.,-1.,0.));
#2498=DIRECTION('center_axis',(0.866025403784438,0.,0.500000000000001));
#2499=DIRECTION('ref_axis',(-0.500000000000001,0.,0.866025403784438));
#2500=DIRECTION('',(0.,-1.,0.));
#2501=DIRECTION('',(-0.500000000000001,0.,0.866025403784438));
#2502=DIRECTION('center_axis',(0.866025403784439,0.,-0.499999999999999));
#2503=DIRECTION('ref_axis',(0.499999999999999,0.,0.866025403784439));
#2504=DIRECTION('',(0.,-1.,0.));
#2505=DIRECTION('',(0.499999999999999,0.,0.866025403784439));
#2506=DIRECTION('center_axis',(6.99259158684933E-16,0.,-1.));
#2507=DIRECTION('ref_axis',(1.,0.,6.99259158684933E-16));
#2508=DIRECTION('',(0.,-1.,0.));
#2509=DIRECTION('',(1.,0.,6.99259158684933E-16));
#2510=DIRECTION('center_axis',(-0.866025403784438,0.,-0.500000000000001));
#2511=DIRECTION('ref_axis',(0.500000000000001,0.,-0.866025403784438));
#2512=DIRECTION('',(0.,-1.,0.));
#2513=DIRECTION('',(0.500000000000001,0.,-0.866025403784438));
#2514=DIRECTION('center_axis',(-0.866025403784439,0.,0.499999999999999));
#2515=DIRECTION('ref_axis',(-0.499999999999999,0.,-0.866025403784439));
#2516=DIRECTION('',(-0.499999999999999,0.,-0.866025403784439));
#2517=DIRECTION('center_axis',(0.,1.,0.));
#2518=DIRECTION('ref_axis',(1.,0.,0.));
#2519=DIRECTION('center_axis',(0.,1.,0.));
#2520=DIRECTION('ref_axis',(1.,0.,0.));
#2521=DIRECTION('center_axis',(0.,-1.,0.));
#2522=DIRECTION('ref_axis',(1.,0.,0.));
#2523=DIRECTION('',(0.,-1.,0.));
#2524=DIRECTION('center_axis',(0.,-1.,0.));
#2525=DIRECTION('ref_axis',(1.,0.,0.));
#2526=DIRECTION('',(0.,-1.,0.));
#2527=DIRECTION('center_axis',(0.,-1.,0.));
#2528=DIRECTION('ref_axis',(1.,0.,0.));
#2529=DIRECTION('',(0.,-1.,0.));
#2530=DIRECTION('center_axis',(0.,-1.,0.));
#2531=DIRECTION('ref_axis',(1.,0.,0.));
#2532=DIRECTION('',(0.,-1.,0.));
#2533=DIRECTION('center_axis',(0.,-1.,0.));
#2534=DIRECTION('ref_axis',(1.,0.,0.));
#2535=DIRECTION('',(0.,-1.,0.));
#2536=DIRECTION('center_axis',(0.,-1.,0.));
#2537=DIRECTION('ref_axis',(1.,0.,0.));
#2538=DIRECTION('',(0.,-1.,0.));
#2539=DIRECTION('center_axis',(0.,-1.,0.));
#2540=DIRECTION('ref_axis',(1.,0.,0.));
#2541=DIRECTION('',(0.,-1.,0.));
#2542=DIRECTION('center_axis',(0.,-1.,0.));
#2543=DIRECTION('ref_axis',(1.,0.,0.));
#2544=DIRECTION('',(0.,-1.,0.));
#2545=DIRECTION('center_axis',(0.,-1.,0.));
#2546=DIRECTION('ref_axis',(1.,0.,0.));
#2547=DIRECTION('',(0.,-1.,0.));
#2548=CARTESIAN_POINT('',(0.,0.,0.));
#2549=CARTESIAN_POINT('Ctrl Pts',(-15.0000002841552,-10.05,1.22079901673196));
#2550=CARTESIAN_POINT('Ctrl Pts',(-15.0000002841552,-12.3833333333335,1.22079901673196));
#2551=CARTESIAN_POINT('Ctrl Pts',(-15.0000002841552,-14.716666666667,1.22079901673196));
#2552=CARTESIAN_POINT('Ctrl Pts',(-15.0000002841552,-17.0500000000005,1.22079901673196));
#2553=CARTESIAN_POINT('Ctrl Pts',(-15.0000003019583,-10.05,1.5792227709881));
#2554=CARTESIAN_POINT('Ctrl Pts',(-15.0000003019583,-12.3833333333335,1.5792227709881));
#2555=CARTESIAN_POINT('Ctrl Pts',(-15.0000003019583,-14.716666666667,1.5792227709881));
#2556=CARTESIAN_POINT('Ctrl Pts',(-15.0000003019583,-17.0500000000005,1.5792227709881));
#2557=CARTESIAN_POINT('Ctrl Pts',(-15.1893911962042,-10.05,2.2589115839274));
#2558=CARTESIAN_POINT('Ctrl Pts',(-15.1893911962042,-12.3833333333335,2.2589115839274));
#2559=CARTESIAN_POINT('Ctrl Pts',(-15.1893911962042,-14.716666666667,2.2589115839274));
#2560=CARTESIAN_POINT('Ctrl Pts',(-15.1893911962042,-17.0500000000005,2.2589115839274));
#2561=CARTESIAN_POINT('Ctrl Pts',(-15.6662112933778,-10.05,2.62491194881147));
#2562=CARTESIAN_POINT('Ctrl Pts',(-15.6662112933778,-12.3833333333335,2.62491194881147));
#2563=CARTESIAN_POINT('Ctrl Pts',(-15.6662112933778,-14.716666666667,2.62491194881147));
#2564=CARTESIAN_POINT('Ctrl Pts',(-15.6662112933778,-17.0500000000005,2.62491194881147));
#2565=CARTESIAN_POINT('Ctrl Pts',(-15.8730101574031,-10.05,2.70850163917453));
#2566=CARTESIAN_POINT('Ctrl Pts',(-15.8730101574031,-12.3833333333335,2.70850163917453));
#2567=CARTESIAN_POINT('Ctrl Pts',(-15.8730101574031,-14.716666666667,2.70850163917453));
#2568=CARTESIAN_POINT('Ctrl Pts',(-15.8730101574031,-17.0500000000005,2.70850163917453));
#2569=CARTESIAN_POINT('',(-15.0000002841552,-10.05,1.22079901673196));
#2570=CARTESIAN_POINT('',(-15.8730101574031,-10.05,2.70850163917453));
#2571=CARTESIAN_POINT('Ctrl Pts',(-15.0000002841552,-10.05,1.22079901673196));
#2572=CARTESIAN_POINT('Ctrl Pts',(-15.0000003019583,-10.05,1.5792227709881));
#2573=CARTESIAN_POINT('Ctrl Pts',(-15.1082236700988,-10.05,1.96761637838198));
#2574=CARTESIAN_POINT('Ctrl Pts',(-15.3103014718484,-10.05,2.25358110477824));
#2575=CARTESIAN_POINT('Ctrl Pts',(-15.4618598231606,-10.05,2.46805464957544));
#2576=CARTESIAN_POINT('Ctrl Pts',(-15.6662112933778,-10.05,2.62491194881147));
#2577=CARTESIAN_POINT('Ctrl Pts',(-15.8730101574031,-10.05,2.70850163917453));
#2578=CARTESIAN_POINT('',(-15.8730101574031,-17.0500000000005,2.70850163917453));
#2579=CARTESIAN_POINT('Ctrl Pts',(-15.8730101574031,-10.05,2.70850163917453));
#2580=CARTESIAN_POINT('Ctrl Pts',(-15.8730101574031,-12.3833333333335,2.70850163917453));
#2581=CARTESIAN_POINT('Ctrl Pts',(-15.8730101574031,-14.716666666667,2.70850163917453));
#2582=CARTESIAN_POINT('Ctrl Pts',(-15.8730101574031,-17.0500000000005,2.70850163917453));
#2583=CARTESIAN_POINT('',(-15.0000002841552,-16.0815915901459,1.22079901673196));
#2584=CARTESIAN_POINT('Ctrl Pts',(-15.0000002841552,-16.0815915901459,1.22079901673196));
#2585=CARTESIAN_POINT('Ctrl Pts',(-15.00000029481,-16.1193438756513,1.43530940019695));
#2586=CARTESIAN_POINT('Ctrl Pts',(-15.034181017902,-16.1874715204078,1.64329858367837));
#2587=CARTESIAN_POINT('Ctrl Pts',(-15.1673091064662,-16.3700747615293,2.03687874535563));
#2588=CARTESIAN_POINT('Ctrl Pts',(-15.2701243751987,-16.4869631784658,2.21776099701492));
#2589=CARTESIAN_POINT('Ctrl Pts',(-15.5321049689427,-16.7503463351814,2.51800567915837));
#2590=CARTESIAN_POINT('Ctrl Pts',(-15.6913953116134,-16.8963830263108,2.6340679231381));
#2591=CARTESIAN_POINT('Ctrl Pts',(-15.8694970599964,-17.047031780942,2.7070766008989));
#2592=CARTESIAN_POINT('Ctrl Pts',(-15.8712528160309,-17.048515780721,2.70779130828438));
#2593=CARTESIAN_POINT('Ctrl Pts',(-15.8730101574031,-17.0500000000005,2.70850163917453));
#2594=CARTESIAN_POINT('Ctrl Pts',(-15.0000002841552,-16.0815915901459,1.22079901673196));
#2595=CARTESIAN_POINT('Ctrl Pts',(-15.0000002841552,-14.0710610600973,1.22079901673196));
#2596=CARTESIAN_POINT('Ctrl Pts',(-15.0000002841552,-12.0605305300486,1.22079901673196));
#2597=CARTESIAN_POINT('Ctrl Pts',(-15.0000002841552,-10.05,1.22079901673196));
#2598=CARTESIAN_POINT('Origin',(-15.000000372529,-16.05,3.));
#2599=CARTESIAN_POINT('',(-15.0000002681778,-16.0507456730261,0.899131718817657));
#2600=CARTESIAN_POINT('Ctrl Pts',(-15.0000002841552,-16.0815915901459,1.22079901673196));
#2601=CARTESIAN_POINT('Ctrl Pts',(-15.0000002788855,-16.062919965315,1.11470590610911));
#2602=CARTESIAN_POINT('Ctrl Pts',(-15.0000002735344,-16.0533500413553,1.00697428498917));
#2603=CARTESIAN_POINT('Ctrl Pts',(-15.0000002681778,-16.0507456730261,0.899131718817656));
#2604=CARTESIAN_POINT('',(-15.0000002651275,-16.05,0.837722208292084));
#2605=CARTESIAN_POINT('Ctrl Pts',(-15.0000002681778,-16.0507456730261,0.899131718817656));
#2606=CARTESIAN_POINT('Ctrl Pts',(-15.0000002671613,-16.0502514625831,0.878667285349167));
#2607=CARTESIAN_POINT('Ctrl Pts',(-15.0000002661444,-16.05,0.858194890983359));
#2608=CARTESIAN_POINT('Ctrl Pts',(-15.0000002651275,-16.05,0.837722208292189));
#2609=CARTESIAN_POINT('',(-15.0000002235174,-16.05,0.));
#2610=CARTESIAN_POINT('',(-14.9999998509884,-16.05,-7.50000037252901));
#2611=CARTESIAN_POINT('',(-15.0000002235174,-10.05,0.));
#2612=CARTESIAN_POINT('',(-15.0000002235174,-16.05,0.));
#2613=CARTESIAN_POINT('',(-15.000000372529,-10.05,3.));
#2614=CARTESIAN_POINT('Ctrl Pts',(15.8730098962838,-10.05,2.70850168420721));
#2615=CARTESIAN_POINT('Ctrl Pts',(15.8730098962838,-12.3833333333335,2.70850168420721));
#2616=CARTESIAN_POINT('Ctrl Pts',(15.8730098962838,-14.716666666667,2.70850168420721));
#2617=CARTESIAN_POINT('Ctrl Pts',(15.8730098962838,-17.0500000000005,2.70850168420721));
#2618=CARTESIAN_POINT('Ctrl Pts',(15.7351439891452,-10.05,2.65277522967754));
#2619=CARTESIAN_POINT('Ctrl Pts',(15.7351439891452,-12.3833333333335,2.65277522967754));
#2620=CARTESIAN_POINT('Ctrl Pts',(15.7351439891452,-14.716666666667,2.65277522967754));
#2621=CARTESIAN_POINT('Ctrl Pts',(15.7351439891452,-17.0500000000005,2.65277522967754));
#2622=CARTESIAN_POINT('Ctrl Pts',(15.4636569800147,-10.05,2.47975805613328));
#2623=CARTESIAN_POINT('Ctrl Pts',(15.4636569800147,-12.3833333333335,2.47975805613328));
#2624=CARTESIAN_POINT('Ctrl Pts',(15.4636569800147,-14.716666666667,2.47975805613328));
#2625=CARTESIAN_POINT('Ctrl Pts',(15.4636569800147,-17.0500000000005,2.47975805613328));
#2626=CARTESIAN_POINT('Ctrl Pts',(15.0957815339652,-10.05,1.9663131684991));
#2627=CARTESIAN_POINT('Ctrl Pts',(15.0957815339652,-12.3833333333335,1.9663131684991));
#2628=CARTESIAN_POINT('Ctrl Pts',(15.0957815339652,-14.716666666667,1.9663131684991));
#2629=CARTESIAN_POINT('Ctrl Pts',(15.0957815339652,-17.0500000000005,1.9663131684991));
#2630=CARTESIAN_POINT('Ctrl Pts',(15.0000001125323,-10.05,1.48961688771354));
#2631=CARTESIAN_POINT('Ctrl Pts',(15.0000001125323,-12.3833333333335,1.48961688771354));
#2632=CARTESIAN_POINT('Ctrl Pts',(15.0000001125323,-14.716666666667,1.48961688771354));
#2633=CARTESIAN_POINT('Ctrl Pts',(15.0000001125323,-17.0500000000005,1.48961688771354));
#2634=CARTESIAN_POINT('Ctrl Pts',(15.0000001325608,-10.05,1.22079908799135));
#2635=CARTESIAN_POINT('Ctrl Pts',(15.0000001325608,-12.3833333333335,1.22079908799135));
#2636=CARTESIAN_POINT('Ctrl Pts',(15.0000001325608,-14.716666666667,1.22079908799135));
#2637=CARTESIAN_POINT('Ctrl Pts',(15.0000001325608,-17.0500000000005,1.22079908799135));
#2638=CARTESIAN_POINT('',(15.8730098962838,-10.05,2.70850168420721));
#2639=CARTESIAN_POINT('',(15.0000001325608,-10.05,1.22079908799135));
#2640=CARTESIAN_POINT('Ctrl Pts',(15.8730098962838,-10.05,2.70850168420721));
#2641=CARTESIAN_POINT('Ctrl Pts',(15.7351439891452,-10.05,2.65277522967754));
#2642=CARTESIAN_POINT('Ctrl Pts',(15.59940048458,-10.05,2.56626664290541));
#2643=CARTESIAN_POINT('Ctrl Pts',(15.4789750971474,-10.05,2.44966307985732));
#2644=CARTESIAN_POINT('Ctrl Pts',(15.3585497097148,-10.05,2.33305951680923));
#2645=CARTESIAN_POINT('Ctrl Pts',(15.253442439415,-10.05,2.18636097748517));
#2646=CARTESIAN_POINT('Ctrl Pts',(15.1750530498058,-10.05,2.02207044896505));
#2647=CARTESIAN_POINT('Ctrl Pts',(15.0574689653921,-10.05,1.77563465618488));
#2648=CARTESIAN_POINT('Ctrl Pts',(15.0000001125323,-10.05,1.48961688771354));
#2649=CARTESIAN_POINT('Ctrl Pts',(15.0000001325608,-10.05,1.22079908799135));
#2650=CARTESIAN_POINT('',(15.0000001325608,-16.0815915611566,1.22079908799135));
#2651=CARTESIAN_POINT('Ctrl Pts',(15.0000001325608,-10.05,1.22079908799135));
#2652=CARTESIAN_POINT('Ctrl Pts',(15.0000001325608,-12.0605305203855,1.22079908799135));
#2653=CARTESIAN_POINT('Ctrl Pts',(15.0000001325608,-14.0710610407711,1.22079908799135));
#2654=CARTESIAN_POINT('Ctrl Pts',(15.0000001325608,-16.0815915611566,1.22079908799135));
#2655=CARTESIAN_POINT('',(15.8730098962838,-17.0500000000005,2.70850168420721));
#2656=CARTESIAN_POINT('Ctrl Pts',(15.8730098962838,-17.0500000000005,2.70850168420721));
#2657=CARTESIAN_POINT('Ctrl Pts',(15.8712525550261,-17.0485157807195,2.70779135342474));
#2658=CARTESIAN_POINT('Ctrl Pts',(15.8694967991085,-17.0470317809407,2.70707664614818));
#2659=CARTESIAN_POINT('Ctrl Pts',(15.6913949908713,-16.8963829656842,2.63406795006665));
#2660=CARTESIAN_POINT('Ctrl Pts',(15.5321046008806,-16.7503462149058,2.51800565382997));
#2661=CARTESIAN_POINT('Ctrl Pts',(15.2701240308706,-16.4869630328569,2.21776089443659));
#2662=CARTESIAN_POINT('Ctrl Pts',(15.1673088053298,-16.3700746367732,2.03687865374236));
#2663=CARTESIAN_POINT('Ctrl Pts',(15.0341808031217,-16.1874714460317,1.64329854982407));
#2664=CARTESIAN_POINT('Ctrl Pts',(15.0000001165785,-16.1193438261797,1.43530941557104));
#2665=CARTESIAN_POINT('Ctrl Pts',(15.0000001325608,-16.0815915611566,1.22079908799135));
#2666=CARTESIAN_POINT('Ctrl Pts',(15.8730098962838,-17.0500000000005,2.70850168420721));
#2667=CARTESIAN_POINT('Ctrl Pts',(15.8730098962838,-14.716666666667,2.70850168420721));
#2668=CARTESIAN_POINT('Ctrl Pts',(15.8730098962838,-12.3833333333335,2.70850168420721));
#2669=CARTESIAN_POINT('Ctrl Pts',(15.8730098962838,-10.05,2.70850168420721));
#2670=CARTESIAN_POINT('Origin',(20.,-10.05,1.5));
#2671=CARTESIAN_POINT('',(17.372014652191,-10.05,3.));
#2672=CARTESIAN_POINT('Origin',(17.372014652191,-10.05,-1.));
#2673=CARTESIAN_POINT('',(21.,-10.05,3.));
#2674=CARTESIAN_POINT('',(25.,-10.05,3.));
#2675=CARTESIAN_POINT('',(24.8729833462074,-10.05,0.));
#2676=CARTESIAN_POINT('Origin',(21.,-10.05,-1.));
#2677=CARTESIAN_POINT('',(15.0000002235174,-10.05,0.));
#2678=CARTESIAN_POINT('',(25.,-10.05,0.));
#2679=CARTESIAN_POINT('',(15.,-10.05,3.));
#2680=CARTESIAN_POINT('Origin',(17.372014652191,-16.05,-1.));
#2681=CARTESIAN_POINT('',(15.000000058055,-17.05,2.22079908799135));
#2682=CARTESIAN_POINT('Ctrl Pts',(15.8730098962838,-17.05,2.70850168420721));
#2683=CARTESIAN_POINT('Ctrl Pts',(15.5631566966391,-17.05,2.58325665010667));
#2684=CARTESIAN_POINT('Ctrl Pts',(15.2695047416905,-17.05,2.4184226375544));
#2685=CARTESIAN_POINT('Ctrl Pts',(15.0004208619397,-17.05,2.22022777381024));
#2686=CARTESIAN_POINT('',(14.2495156529918,-17.05,1.5));
#2687=CARTESIAN_POINT('Ctrl Pts',(14.2495156529918,-17.05,1.5));
#2688=CARTESIAN_POINT('Ctrl Pts',(14.4669162695192,-17.05,1.77153328301283));
#2689=CARTESIAN_POINT('Ctrl Pts',(14.7203631137407,-17.05,2.01395036678869));
#2690=CARTESIAN_POINT('Ctrl Pts',(15.0004231658723,-17.05,2.22022947078029));
#2691=CARTESIAN_POINT('',(14.2495156529918,-22.050000089407,1.5));
#2692=CARTESIAN_POINT('',(14.2495156529918,-16.05,1.5));
#2693=CARTESIAN_POINT('',(17.372014652191,-22.05,3.));
#2694=CARTESIAN_POINT('Origin',(17.372014652191,-22.050000089407,-1.));
#2695=CARTESIAN_POINT('',(17.372014652191,-16.05,3.));
#2696=CARTESIAN_POINT('Ctrl Pts',(-15.0000002651275,-16.05,0.837722208292107));
#2697=CARTESIAN_POINT('Ctrl Pts',(-14.0659929641581,-16.05,-0.306198364107419));
#2698=CARTESIAN_POINT('Ctrl Pts',(-12.603812176037,-16.05,-1.));
#2699=CARTESIAN_POINT('Ctrl Pts',(-11.1270170263216,-16.05,-1.));
#2700=CARTESIAN_POINT('Ctrl Pts',(-14.8956721618291,-16.05,0.922905753835431));
#2701=CARTESIAN_POINT('Ctrl Pts',(-13.986743000503,-16.05,-0.190300497781244));
#2702=CARTESIAN_POINT('Ctrl Pts',(-12.5641601573101,-16.05,-0.865312994059706));
#2703=CARTESIAN_POINT('Ctrl Pts',(-11.1270170263216,-16.05,-0.865312994059706));
#2704=CARTESIAN_POINT('Ctrl Pts',(-14.6681801090841,-16.1052803028873,1.10865224996732));
#2705=CARTESIAN_POINT('Ctrl Pts',(-13.8143919826715,-16.1052803028873,0.0629796933822614));
#2706=CARTESIAN_POINT('Ctrl Pts',(-12.4769745295039,-16.1052803028873,-0.571622008689989));
#2707=CARTESIAN_POINT('Ctrl Pts',(-11.1270170263216,-16.1052803028873,-0.571622008689989));
#2708=CARTESIAN_POINT('Ctrl Pts',(-14.3153530397498,-16.4599064700507,1.39673436570945));
#2709=CARTESIAN_POINT('Ctrl Pts',(-13.546342112961,-16.4599064700507,0.454892242376199));
#2710=CARTESIAN_POINT('Ctrl Pts',(-12.3429300128488,-16.4599064700507,-0.116124208184397));
#2711=CARTESIAN_POINT('Ctrl Pts',(-11.1270170263216,-16.4599064700507,-0.116124208184397));
#2712=CARTESIAN_POINT('Ctrl Pts',(-14.2254036173663,-16.8479694910896,1.47017776663368));
#2713=CARTESIAN_POINT('Ctrl Pts',(-13.4789003389788,-16.8479694910896,0.555901768335977));
#2714=CARTESIAN_POINT('Ctrl Pts',(-12.3073422974679,-16.8479694910896,8.19785988934408E-17));
#2715=CARTESIAN_POINT('Ctrl Pts',(-11.1270170263216,-16.8479694910896,0.));
#2716=CARTESIAN_POINT('Ctrl Pts',(-14.2254036173663,-17.05,1.47017776663368));
#2717=CARTESIAN_POINT('Ctrl Pts',(-13.4781977765908,-17.05,0.555041308714064));
#2718=CARTESIAN_POINT('Ctrl Pts',(-12.308453146094,-17.05,8.19785988934411E-17));
#2719=CARTESIAN_POINT('Ctrl Pts',(-11.1270170263216,-17.05,0.));
#2720=CARTESIAN_POINT('',(-14.2254036173663,-17.05,1.47017776663368));
#2721=CARTESIAN_POINT('Ctrl Pts',(-15.0000002651275,-16.05,0.837722208292107));
#2722=CARTESIAN_POINT('Ctrl Pts',(-14.8956721618291,-16.05,0.922905753835431));
#2723=CARTESIAN_POINT('Ctrl Pts',(-14.6681801090841,-16.1052803028873,1.10865224996732));
#2724=CARTESIAN_POINT('Ctrl Pts',(-14.3153530397498,-16.4599064700507,1.39673436570945));
#2725=CARTESIAN_POINT('Ctrl Pts',(-14.2254036173663,-16.8479694910896,1.47017776663368));
#2726=CARTESIAN_POINT('Ctrl Pts',(-14.2254036173663,-17.05,1.47017776663368));
#2727=CARTESIAN_POINT('',(-11.1270170263216,-17.05,0.));
#2728=CARTESIAN_POINT('Ctrl Pts',(-14.2254036173663,-17.05,1.47017776663368));
#2729=CARTESIAN_POINT('Ctrl Pts',(-13.4781977765908,-17.05,0.555041308714064));
#2730=CARTESIAN_POINT('Ctrl Pts',(-12.308453146094,-17.05,8.19785988934411E-17));
#2731=CARTESIAN_POINT('Ctrl Pts',(-11.1270170263216,-17.05,0.));
#2732=CARTESIAN_POINT('',(-11.1270170263216,-16.05,-1.));
#2733=CARTESIAN_POINT('Ctrl Pts',(-11.1270170263216,-17.05,0.));
#2734=CARTESIAN_POINT('Ctrl Pts',(-11.1270170263216,-16.8479694910896,0.));
#2735=CARTESIAN_POINT('Ctrl Pts',(-11.1270170263216,-16.4599064700507,-0.116124208184397));
#2736=CARTESIAN_POINT('Ctrl Pts',(-11.1270170263216,-16.1052803028873,-0.571622008689989));
#2737=CARTESIAN_POINT('Ctrl Pts',(-11.1270170263216,-16.05,-0.865312994059706));
#2738=CARTESIAN_POINT('Ctrl Pts',(-11.1270170263216,-16.05,-1.));
#2739=CARTESIAN_POINT('Ctrl Pts',(-11.1270170263216,-16.05,-1.));
#2740=CARTESIAN_POINT('Ctrl Pts',(-12.603812176037,-16.05,-1.));
#2741=CARTESIAN_POINT('Ctrl Pts',(-14.0659929641581,-16.05,-0.306198364107419));
#2742=CARTESIAN_POINT('Ctrl Pts',(-15.0000002651275,-16.05,0.837722208292107));
#2743=CARTESIAN_POINT('Ctrl Pts',(-11.1270170263216,-16.05,-1.));
#2744=CARTESIAN_POINT('Ctrl Pts',(-3.70900579961688,-16.05,-1.));
#2745=CARTESIAN_POINT('Ctrl Pts',(3.70900542708785,-16.05,-1.));
#2746=CARTESIAN_POINT('Ctrl Pts',(11.1270166537926,-16.05,-1.));
#2747=CARTESIAN_POINT('Ctrl Pts',(-11.1270170263216,-16.05,-0.865312994059706));
#2748=CARTESIAN_POINT('Ctrl Pts',(-3.70900579961685,-16.05,-0.865312994059706));
#2749=CARTESIAN_POINT('Ctrl Pts',(3.70900542708782,-16.05,-0.865312994059706));
#2750=CARTESIAN_POINT('Ctrl Pts',(11.1270166537926,-16.05,-0.865312994059706));
#2751=CARTESIAN_POINT('Ctrl Pts',(-11.1270170263216,-16.1052963529617,-0.57160225250643));
#2752=CARTESIAN_POINT('Ctrl Pts',(-3.70900579961691,-16.1052963529617,-0.57160225250643));
#2753=CARTESIAN_POINT('Ctrl Pts',(3.70900542708789,-16.1052963529617,-0.57160225250643));
#2754=CARTESIAN_POINT('Ctrl Pts',(11.1270166537926,-16.1052963529617,-0.57160225250643));
#2755=CARTESIAN_POINT('Ctrl Pts',(-11.1270170263216,-16.4599524599646,-0.116050758993787));
#2756=CARTESIAN_POINT('Ctrl Pts',(-3.70900579961685,-16.4599524599646,-0.116050758993787));
#2757=CARTESIAN_POINT('Ctrl Pts',(3.70900542708781,-16.4599524599646,-0.116050758993787));
#2758=CARTESIAN_POINT('Ctrl Pts',(11.1270166537926,-16.4599524599646,-0.116050758993787));
#2759=CARTESIAN_POINT('Ctrl Pts',(-11.1270170263216,-16.8479694910896,0.));
#2760=CARTESIAN_POINT('Ctrl Pts',(-3.70900579961691,-16.8479694910896,0.));
#2761=CARTESIAN_POINT('Ctrl Pts',(3.70900542708788,-16.8479694910896,0.));
#2762=CARTESIAN_POINT('Ctrl Pts',(11.1270166537926,-16.8479694910896,0.));
#2763=CARTESIAN_POINT('Ctrl Pts',(-11.1270170263216,-17.05,0.));
#2764=CARTESIAN_POINT('Ctrl Pts',(-3.70900579961688,-17.05,0.));
#2765=CARTESIAN_POINT('Ctrl Pts',(3.70900542708785,-17.05,0.));
#2766=CARTESIAN_POINT('Ctrl Pts',(11.1270166537926,-17.05,0.));
#2767=CARTESIAN_POINT('',(11.1270166537926,-17.05,0.));
#2768=CARTESIAN_POINT('',(11.1270166537926,-16.05,-1.));
#2769=CARTESIAN_POINT('Ctrl Pts',(11.1270166537926,-17.05,0.));
#2770=CARTESIAN_POINT('Ctrl Pts',(11.1270166537926,-16.8479694910896,0.));
#2771=CARTESIAN_POINT('Ctrl Pts',(11.1270166537926,-16.4599524599646,-0.116050758993787));
#2772=CARTESIAN_POINT('Ctrl Pts',(11.1270166537926,-16.1052963529617,-0.57160225250643));
#2773=CARTESIAN_POINT('Ctrl Pts',(11.1270166537926,-16.05,-0.865312994059706));
#2774=CARTESIAN_POINT('Ctrl Pts',(11.1270166537926,-16.05,-1.));
#2775=CARTESIAN_POINT('Ctrl Pts',(11.1270166537926,-16.05,-1.));
#2776=CARTESIAN_POINT('Ctrl Pts',(3.70900542708785,-16.05,-1.));
#2777=CARTESIAN_POINT('Ctrl Pts',(-3.70900579961688,-16.05,-1.));
#2778=CARTESIAN_POINT('Ctrl Pts',(-11.1270170263216,-16.05,-1.));
#2779=CARTESIAN_POINT('Ctrl Pts',(-11.1270170263216,-17.05,0.));
#2780=CARTESIAN_POINT('Ctrl Pts',(-3.70900579961688,-17.05,0.));
#2781=CARTESIAN_POINT('Ctrl Pts',(3.70900542708785,-17.05,0.));
#2782=CARTESIAN_POINT('Ctrl Pts',(11.1270166537926,-17.05,0.));
#2783=CARTESIAN_POINT('Ctrl Pts',(14.2254034596402,-17.05,1.47017802971253));
#2784=CARTESIAN_POINT('Ctrl Pts',(13.4781976249664,-17.05,0.555041420655962));
#2785=CARTESIAN_POINT('Ctrl Pts',(12.308452886776,-17.05,8.197860674904E-17));
#2786=CARTESIAN_POINT('Ctrl Pts',(11.1270166537926,-17.05,0.));
#2787=CARTESIAN_POINT('Ctrl Pts',(14.2254034596402,-16.9153129940597,1.47017802971253));
#2788=CARTESIAN_POINT('Ctrl Pts',(13.4781508157694,-16.9153129940597,0.554984091326042));
#2789=CARTESIAN_POINT('Ctrl Pts',(12.3085268986196,-16.9153129940597,8.19517272151679E-17));
#2790=CARTESIAN_POINT('Ctrl Pts',(11.1270166537926,-16.9153129940597,0.));
#2791=CARTESIAN_POINT('Ctrl Pts',(14.2682233999123,-16.6216220086904,1.43521569852065));
#2792=CARTESIAN_POINT('Ctrl Pts',(13.5105987037297,-16.6216220086904,0.507318640938514));
#2793=CARTESIAN_POINT('Ctrl Pts',(12.3249265543007,-16.6216220086904,-0.0552803028869443));
#2794=CARTESIAN_POINT('Ctrl Pts',(11.1270166537926,-16.6216220086904,-0.0552803028869444));
#2795=CARTESIAN_POINT('Ctrl Pts',(14.5429156592486,-16.1661242081859,1.21093043128885));
#2796=CARTESIAN_POINT('Ctrl Pts',(13.7191863543212,-16.1661242081859,0.202072084751868));
#2797=CARTESIAN_POINT('Ctrl Pts',(12.4294471245562,-16.1661242081859,-0.409906470049717));
#2798=CARTESIAN_POINT('Ctrl Pts',(11.1270166537926,-16.1661242081859,-0.409906470049717));
#2799=CARTESIAN_POINT('Ctrl Pts',(14.8435079953055,-16.05,0.965497842168167));
#2800=CARTESIAN_POINT('Ctrl Pts',(13.9468127814323,-16.05,-0.132725136429704));
#2801=CARTESIAN_POINT('Ctrl Pts',(12.5448163636612,-16.05,-0.797969491089558));
#2802=CARTESIAN_POINT('Ctrl Pts',(11.1270166537926,-16.05,-0.797969491089559));
#2803=CARTESIAN_POINT('Ctrl Pts',(15.0000001611022,-16.05,0.837722537140668));
#2804=CARTESIAN_POINT('Ctrl Pts',(14.0659928677599,-16.05,-0.306198224180047));
#2805=CARTESIAN_POINT('Ctrl Pts',(12.6038119450219,-16.05,-1.));
#2806=CARTESIAN_POINT('Ctrl Pts',(11.1270166537926,-16.05,-1.));
#2807=CARTESIAN_POINT('',(14.2254034596402,-17.05,1.47017802971253));
#2808=CARTESIAN_POINT('',(15.0000001611022,-16.05,0.837722537140646));
#2809=CARTESIAN_POINT('Ctrl Pts',(14.2254034596402,-17.05,1.47017802971253));
#2810=CARTESIAN_POINT('Ctrl Pts',(14.2254034596402,-16.9153129940597,1.47017802971253));
#2811=CARTESIAN_POINT('Ctrl Pts',(14.2682233999123,-16.6216220086904,1.43521569852065));
#2812=CARTESIAN_POINT('Ctrl Pts',(14.5429156592486,-16.1661242081859,1.21093043128885));
#2813=CARTESIAN_POINT('Ctrl Pts',(14.8435079953055,-16.05,0.965497842168167));
#2814=CARTESIAN_POINT('Ctrl Pts',(15.0000001611022,-16.05,0.837722537140668));
#2815=CARTESIAN_POINT('Ctrl Pts',(15.0000001611022,-16.05,0.837722537140668));
#2816=CARTESIAN_POINT('Ctrl Pts',(14.0659928677599,-16.05,-0.306198224180047));
#2817=CARTESIAN_POINT('Ctrl Pts',(12.6038119450219,-16.05,-1.));
#2818=CARTESIAN_POINT('Ctrl Pts',(11.1270166537926,-16.05,-1.));
#2819=CARTESIAN_POINT('Ctrl Pts',(11.1270166537926,-17.05,0.));
#2820=CARTESIAN_POINT('Ctrl Pts',(12.308452886776,-17.05,8.197860674904E-17));
#2821=CARTESIAN_POINT('Ctrl Pts',(13.4781976249664,-17.05,0.555041420655962));
#2822=CARTESIAN_POINT('Ctrl Pts',(14.2254034596402,-17.05,1.47017802971253));
#2823=CARTESIAN_POINT('Ctrl Pts',(-14.2254036173663,-17.05,1.47017776663375));
#2824=CARTESIAN_POINT('Ctrl Pts',(-14.2334886796392,-17.05,1.48007990450078));
#2825=CARTESIAN_POINT('Ctrl Pts',(-14.2415262721637,-17.05,1.49002080125537));
#2826=CARTESIAN_POINT('Ctrl Pts',(-14.2495160255208,-17.05,1.5));
#2827=CARTESIAN_POINT('Ctrl Pts',(-14.2254036173663,-16.9153129940597,1.47017776663375));
#2828=CARTESIAN_POINT('Ctrl Pts',(-14.2334891861332,-16.9153129940597,1.48008052482666));
#2829=CARTESIAN_POINT('Ctrl Pts',(-14.2415257716403,-16.9153129940597,1.49002017610196));
#2830=CARTESIAN_POINT('Ctrl Pts',(-14.2495160255208,-16.9153129940597,1.5));
#2831=CARTESIAN_POINT('Ctrl Pts',(-14.26822341829,-16.6216222281213,1.43521554315978));
#2832=CARTESIAN_POINT('Ctrl Pts',(-14.2764212167597,-16.6216222281213,1.44525575409622));
#2833=CARTESIAN_POINT('Ctrl Pts',(-14.2845679001005,-16.6216222281213,1.45533157440398));
#2834=CARTESIAN_POINT('Ctrl Pts',(-14.2926690606896,-16.6216222281213,1.46544992073668));
#2835=CARTESIAN_POINT('Ctrl Pts',(-14.5429154157255,-16.1661249888264,1.21093045089632));
#2836=CARTESIAN_POINT('Ctrl Pts',(-14.5518284921728,-16.1661249888264,1.22184669480662));
#2837=CARTESIAN_POINT('Ctrl Pts',(-14.5606907722814,-16.1661249888264,1.23280756540333));
#2838=CARTESIAN_POINT('Ctrl Pts',(-14.5694987789564,-16.1661249888264,1.24380876221442));
#2839=CARTESIAN_POINT('Ctrl Pts',(-14.84350811018,-16.05,0.965497526607172));
#2840=CARTESIAN_POINT('Ctrl Pts',(-14.8532107065831,-16.05,0.977380730967255));
#2841=CARTESIAN_POINT('Ctrl Pts',(-14.8628425402958,-16.05,0.989293385683592));
#2842=CARTESIAN_POINT('Ctrl Pts',(-14.8724307598505,-16.05,1.00126906806903));
#2843=CARTESIAN_POINT('Ctrl Pts',(-15.0000002651275,-16.05,0.837722208292189));
#2844=CARTESIAN_POINT('Ctrl Pts',(-15.0101065929686,-16.05,0.850099880625972));
#2845=CARTESIAN_POINT('Ctrl Pts',(-15.0201535836242,-16.05,0.862526001569216));
#2846=CARTESIAN_POINT('Ctrl Pts',(-15.0301407753206,-16.05,0.874999999999999));
#2847=CARTESIAN_POINT('',(-14.2495160255208,-17.05,1.5));
#2848=CARTESIAN_POINT('Ctrl Pts',(-15.0000032348754,-16.0508342972287,0.899129343558592));
#2849=CARTESIAN_POINT('Ctrl Pts',(-14.8496350968534,-16.0590963925333,1.01952020522149));
#2850=CARTESIAN_POINT('Ctrl Pts',(-14.5620097212109,-16.1784475282899,1.24980480716707));
#2851=CARTESIAN_POINT('Ctrl Pts',(-14.2926690606896,-16.6216222281213,1.46544992073668));
#2852=CARTESIAN_POINT('Ctrl Pts',(-14.2495160255208,-16.9153129940597,1.5));
#2853=CARTESIAN_POINT('Ctrl Pts',(-14.2495160255208,-17.05,1.5));
#2854=CARTESIAN_POINT('Ctrl Pts',(-14.2495160255208,-17.05,1.5));
#2855=CARTESIAN_POINT('Ctrl Pts',(-14.2415262721637,-17.05,1.49002080125537));
#2856=CARTESIAN_POINT('Ctrl Pts',(-14.2334886796392,-17.05,1.48007990450078));
#2857=CARTESIAN_POINT('Ctrl Pts',(-14.2254036173663,-17.05,1.47017776663375));
#2858=CARTESIAN_POINT('Ctrl Pts',(-14.2495160255208,-17.05,1.5));
#2859=CARTESIAN_POINT('Ctrl Pts',(-14.6757963356269,-17.05,2.03242393667381));
#2860=CARTESIAN_POINT('Ctrl Pts',(-15.2406656658926,-17.05,2.45290313529839));
#2861=CARTESIAN_POINT('Ctrl Pts',(-15.8730101574031,-17.05,2.70850163917453));
#2862=CARTESIAN_POINT('Ctrl Pts',(-14.2495160255208,-16.9189623864405,1.5));
#2863=CARTESIAN_POINT('Ctrl Pts',(-14.6757735468311,-16.9189623864405,2.03239547347695));
#2864=CARTESIAN_POINT('Ctrl Pts',(-15.2406994708073,-16.9189623864405,2.45291679950473));
#2865=CARTESIAN_POINT('Ctrl Pts',(-15.8730101574031,-16.9189623864405,2.70850163917453));
#2866=CARTESIAN_POINT('Ctrl Pts',(-14.2903673654705,-16.6340933236187,1.46729275176699));
#2867=CARTESIAN_POINT('Ctrl Pts',(-14.7110299014547,-16.6340933236187,1.99270009081155));
#2868=CARTESIAN_POINT('Ctrl Pts',(-15.2686104054275,-16.6340933236187,2.40775361012524));
#2869=CARTESIAN_POINT('Ctrl Pts',(-15.8926214871222,-16.6340933236187,2.65998368570054));
#2870=CARTESIAN_POINT('Ctrl Pts',(-14.5516719190129,-16.1859936393647,1.25808167306896));
#2871=CARTESIAN_POINT('Ctrl Pts',(-14.936720251493,-16.1859936393647,1.73900688619399));
#2872=CARTESIAN_POINT('Ctrl Pts',(-15.4468839083626,-16.1859936393647,2.11876410457049));
#2873=CARTESIAN_POINT('Ctrl Pts',(-16.0180648572282,-16.1859936393647,2.34963983438649));
#2874=CARTESIAN_POINT('Ctrl Pts',(-14.8442731319794,-16.0584538944568,1.02381321290167));
#2875=CARTESIAN_POINT('Ctrl Pts',(-15.1891686854808,-16.0584538944568,1.45458762115627));
#2876=CARTESIAN_POINT('Ctrl Pts',(-15.6469143918464,-16.0584538944568,1.79532580160573));
#2877=CARTESIAN_POINT('Ctrl Pts',(-16.1585326820481,-16.0584538944568,2.00212584697157));
#2878=CARTESIAN_POINT('Ctrl Pts',(-15.0000002681778,-16.0507456730261,0.899131718817656));
#2879=CARTESIAN_POINT('Ctrl Pts',(-15.3238252513897,-16.0507456730261,1.30358899321566));
#2880=CARTESIAN_POINT('Ctrl Pts',(-15.7529297562277,-16.0507456730261,1.62300714650004));
#2881=CARTESIAN_POINT('Ctrl Pts',(-16.2332919486466,-16.0507456730261,1.81717323689745));
#2882=CARTESIAN_POINT('',(-15.0000003338257,-17.05,2.22079901673196));
#2883=CARTESIAN_POINT('Ctrl Pts',(-15.0004211376172,-17.05,2.22022770268471));
#2884=CARTESIAN_POINT('Ctrl Pts',(-15.2695050114517,-17.05,2.41842257447108));
#2885=CARTESIAN_POINT('Ctrl Pts',(-15.5631569615186,-17.05,2.5832565957645));
#2886=CARTESIAN_POINT('Ctrl Pts',(-15.8730101574031,-17.05,2.70850163917453));
#2887=CARTESIAN_POINT('Ctrl Pts',(-15.0004234415561,-17.05,2.22022939965943));
#2888=CARTESIAN_POINT('Ctrl Pts',(-14.7203634278342,-17.05,2.01395031105377));
#2889=CARTESIAN_POINT('Ctrl Pts',(-14.4669166170134,-17.05,1.77153325174442));
#2890=CARTESIAN_POINT('Ctrl Pts',(-14.2495160255208,-17.05,1.5));
#2891=CARTESIAN_POINT('Ctrl Pts',(14.2495156529918,-17.05,1.5));
#2892=CARTESIAN_POINT('Ctrl Pts',(14.2415259703916,-17.05,1.49002088963075));
#2893=CARTESIAN_POINT('Ctrl Pts',(14.2334884494713,-17.05,1.48008008057312));
#2894=CARTESIAN_POINT('Ctrl Pts',(14.2254034596402,-17.05,1.47017802971253));
#2895=CARTESIAN_POINT('Ctrl Pts',(14.2495156529918,-16.9153129940597,1.5));
#2896=CARTESIAN_POINT('Ctrl Pts',(14.2415254698727,-16.9153129940597,1.49002026448287));
#2897=CARTESIAN_POINT('Ctrl Pts',(14.2334889559608,-16.9153129940597,1.48008070089356));
#2898=CARTESIAN_POINT('Ctrl Pts',(14.2254034596402,-16.9153129940597,1.47017802971253));
#2899=CARTESIAN_POINT('Ctrl Pts',(14.2926686881615,-16.6216222281198,1.46544992073592));
#2900=CARTESIAN_POINT('Ctrl Pts',(14.284567599316,-16.6216222281198,1.45533166401088));
#2901=CARTESIAN_POINT('Ctrl Pts',(14.2764209885512,-16.6216222281198,1.44525593259036));
#2902=CARTESIAN_POINT('Ctrl Pts',(14.2682232635334,-16.6216222281198,1.43521580987356));
#2903=CARTESIAN_POINT('Ctrl Pts',(14.5694984064301,-16.166124988821,1.24380876221231));
#2904=CARTESIAN_POINT('Ctrl Pts',(14.5606904777584,-16.166124988821,1.23280766282736));
#2905=CARTESIAN_POINT('Ctrl Pts',(14.5518282766009,-16.166124988821,1.22184688892564));
#2906=CARTESIAN_POINT('Ctrl Pts',(14.5429152800143,-16.166124988821,1.21093074093236));
#2907=CARTESIAN_POINT('Ctrl Pts',(14.8724303873214,-16.05,1.00126906806903));
#2908=CARTESIAN_POINT('Ctrl Pts',(14.8628422526796,-16.05,0.989293491739743));
#2909=CARTESIAN_POINT('Ctrl Pts',(14.8532105047738,-16.05,0.977380942114906));
#2910=CARTESIAN_POINT('Ctrl Pts',(14.8435079953055,-16.05,0.965497842168167));
#2911=CARTESIAN_POINT('Ctrl Pts',(15.0301404027916,-16.05,0.875000000000001));
#2912=CARTESIAN_POINT('Ctrl Pts',(15.0201532995413,-16.05,0.862526112038433));
#2913=CARTESIAN_POINT('Ctrl Pts',(15.010106398391,-16.05,0.8501001007164));
#2914=CARTESIAN_POINT('Ctrl Pts',(15.0000001611022,-16.05,0.837722537140668));
#2915=CARTESIAN_POINT('',(15.0000001565269,-16.0507456601131,0.899131509947969));
#2916=CARTESIAN_POINT('Ctrl Pts',(15.0000001611022,-16.05,0.837722537140668));
#2917=CARTESIAN_POINT('Ctrl Pts',(15.0000001595808,-16.05,0.858141489612618));
#2918=CARTESIAN_POINT('Ctrl Pts',(14.9999844758139,-16.0502845657048,0.878631342553758));
#2919=CARTESIAN_POINT('Ctrl Pts',(14.9999554685182,-16.0508369033132,0.899167288624388));
#2920=CARTESIAN_POINT('Ctrl Pts',(14.2254034596402,-17.05,1.47017802971253));
#2921=CARTESIAN_POINT('Ctrl Pts',(14.2334884494713,-17.05,1.48008008057312));
#2922=CARTESIAN_POINT('Ctrl Pts',(14.2415259703916,-17.05,1.49002088963075));
#2923=CARTESIAN_POINT('Ctrl Pts',(14.2495156529918,-17.05,1.5));
#2924=CARTESIAN_POINT('Ctrl Pts',(14.2495156529918,-17.05,1.5));
#2925=CARTESIAN_POINT('Ctrl Pts',(14.2495156529918,-16.9153129940597,1.5));
#2926=CARTESIAN_POINT('Ctrl Pts',(14.2926686881615,-16.6216222281198,1.46544992073592));
#2927=CARTESIAN_POINT('Ctrl Pts',(14.5620094129471,-16.1784474225466,1.24980475571376));
#2928=CARTESIAN_POINT('Ctrl Pts',(14.8496349186361,-16.0590963119026,1.01952004964754));
#2929=CARTESIAN_POINT('Ctrl Pts',(15.000003123152,-16.0508342828985,0.899129134746996));
#2930=CARTESIAN_POINT('Ctrl Pts',(15.8730098962838,-17.05,2.70850168420721));
#2931=CARTESIAN_POINT('Ctrl Pts',(15.2406653599581,-17.05,2.45290318431688));
#2932=CARTESIAN_POINT('Ctrl Pts',(14.6757959881326,-17.05,2.03242396794222));
#2933=CARTESIAN_POINT('Ctrl Pts',(14.2495156529918,-17.05,1.5));
#2934=CARTESIAN_POINT('Ctrl Pts',(15.8730098962838,-16.8534435326212,2.70850168420721));
#2935=CARTESIAN_POINT('Ctrl Pts',(15.2401467788469,-16.8534435326212,2.45269356986384));
#2936=CARTESIAN_POINT('Ctrl Pts',(14.6761455775055,-16.8534435326212,2.03286060492904));
#2937=CARTESIAN_POINT('Ctrl Pts',(14.2495156529918,-16.8534435326212,1.5));
#2938=CARTESIAN_POINT('Ctrl Pts',(15.9138662190217,-16.4774851232739,2.60742412518883));
#2939=CARTESIAN_POINT('Ctrl Pts',(15.2988315117411,-16.4774851232739,2.35882239064257));
#2940=CARTESIAN_POINT('Ctrl Pts',(14.7492326554054,-16.4774851232739,1.94971028798849));
#2941=CARTESIAN_POINT('Ctrl Pts',(14.3346213381855,-16.4774851232739,1.43186091875809));
#2942=CARTESIAN_POINT('Ctrl Pts',(16.0761849870534,-16.1211286348906,2.20585140018464));
#2943=CARTESIAN_POINT('Ctrl Pts',(15.5293988519755,-16.1211286348906,1.98483626071841));
#2944=CARTESIAN_POINT('Ctrl Pts',(15.0413422710051,-16.1211286348906,1.62153518803014));
#2945=CARTESIAN_POINT('Ctrl Pts',(14.6727391385012,-16.1211286348906,1.16115002309213));
#2946=CARTESIAN_POINT('Ctrl Pts',(16.183452272586,-16.0558844304783,1.94047471776224));
#2947=CARTESIAN_POINT('Ctrl Pts',(15.6821289281385,-16.0558844304783,1.73783598612183));
#2948=CARTESIAN_POINT('Ctrl Pts',(15.2341375046552,-16.0558844304783,1.40435873972758));
#2949=CARTESIAN_POINT('Ctrl Pts',(14.8961820531434,-16.0558844304783,0.982252516079712));
#2950=CARTESIAN_POINT('Ctrl Pts',(16.2332917859889,-16.0507456601131,1.81717296126921));
#2951=CARTESIAN_POINT('Ctrl Pts',(15.7529296123571,-16.0507456601131,1.62300689525435));
#2952=CARTESIAN_POINT('Ctrl Pts',(15.3238251231418,-16.0507456601131,1.30358876361621));
#2953=CARTESIAN_POINT('Ctrl Pts',(15.0000001565269,-16.0507456601131,0.899131509947969));
#2954=CARTESIAN_POINT('Ctrl Pts',(15.0000001565269,-16.0507456601131,0.899131509947969));
#2955=CARTESIAN_POINT('Ctrl Pts',(15.000000149495,-16.0530249140973,0.993512434653984));
#2956=CARTESIAN_POINT('Ctrl Pts',(15.0000001412815,-16.0609921753074,1.10375230937414));
#2957=CARTESIAN_POINT('Ctrl Pts',(15.0000001325608,-16.0815915611566,1.22079908799135));
#2958=CARTESIAN_POINT('Origin',(11.1270166537926,-16.05,4.));
#2959=CARTESIAN_POINT('',(11.1270166537926,-22.050000089407,0.));
#2960=CARTESIAN_POINT('',(11.1270166537926,-16.05,0.));
#2961=CARTESIAN_POINT('Origin',(11.1270166537926,-22.050000089407,4.));
#2962=CARTESIAN_POINT('Origin',(0.,-16.05,0.));
#2963=CARTESIAN_POINT('',(-11.1270170263216,-22.050000089407,0.));
#2964=CARTESIAN_POINT('',(-11.1270170263216,-16.05,0.));
#2965=CARTESIAN_POINT('',(0.,-22.050000089407,0.));
#2966=CARTESIAN_POINT('Ctrl Pts',(25.,-17.05,-14.));
#2967=CARTESIAN_POINT('Ctrl Pts',(25.,-17.05,-9.66666666666667));
#2968=CARTESIAN_POINT('Ctrl Pts',(25.,-17.05,-5.33333333333333));
#2969=CARTESIAN_POINT('Ctrl Pts',(25.,-17.05,-0.999999999999999));
#2970=CARTESIAN_POINT('Ctrl Pts',(25.,-16.9153129940597,-14.));
#2971=CARTESIAN_POINT('Ctrl Pts',(25.,-16.9153129940597,-9.66666666666665));
#2972=CARTESIAN_POINT('Ctrl Pts',(25.,-16.9153129940597,-5.33333333333335));
#2973=CARTESIAN_POINT('Ctrl Pts',(25.,-16.9153129940597,-0.999999999999999));
#2974=CARTESIAN_POINT('Ctrl Pts',(24.944774965137,-16.6216930260303,-14.));
#2975=CARTESIAN_POINT('Ctrl Pts',(24.944774965137,-16.6216930260303,-9.66666666666669));
#2976=CARTESIAN_POINT('Ctrl Pts',(24.944774965137,-16.6216930260303,-5.33333333333331));
#2977=CARTESIAN_POINT('Ctrl Pts',(24.944774965137,-16.6216930260303,-0.999999999999999));
#2978=CARTESIAN_POINT('Ctrl Pts',(24.5902354637826,-16.1663494820009,-14.));
#2979=CARTESIAN_POINT('Ctrl Pts',(24.5902354637826,-16.1663494820009,-9.66666666666665));
#2980=CARTESIAN_POINT('Ctrl Pts',(24.5902354637826,-16.1663494820009,-5.33333333333336));
#2981=CARTESIAN_POINT('Ctrl Pts',(24.5902354637826,-16.1663494820009,-0.999999999999999));
#2982=CARTESIAN_POINT('Ctrl Pts',(24.2020305089104,-16.05,-14.));
#2983=CARTESIAN_POINT('Ctrl Pts',(24.2020305089104,-16.05,-9.66666666666668));
#2984=CARTESIAN_POINT('Ctrl Pts',(24.2020305089104,-16.05,-5.33333333333331));
#2985=CARTESIAN_POINT('Ctrl Pts',(24.2020305089104,-16.05,-0.999999999999999));
#2986=CARTESIAN_POINT('Ctrl Pts',(24.,-16.05,-14.));
#2987=CARTESIAN_POINT('Ctrl Pts',(24.,-16.05,-9.66666666666667));
#2988=CARTESIAN_POINT('Ctrl Pts',(24.,-16.05,-5.33333333333333));
#2989=CARTESIAN_POINT('Ctrl Pts',(24.,-16.05,-0.999999999999999));
#2990=CARTESIAN_POINT('',(24.,-16.05,-1.));
#2991=CARTESIAN_POINT('',(25.,-17.05,-1.));
#2992=CARTESIAN_POINT('Ctrl Pts',(24.,-16.05,-0.999999999999999));
#2993=CARTESIAN_POINT('Ctrl Pts',(24.2020305089104,-16.05,-0.999999999999999));
#2994=CARTESIAN_POINT('Ctrl Pts',(24.5902354637826,-16.1663494820009,-0.999999999999999));
#2995=CARTESIAN_POINT('Ctrl Pts',(24.944774965137,-16.6216930260303,-0.999999999999999));
#2996=CARTESIAN_POINT('Ctrl Pts',(25.,-16.9153129940597,-0.999999999999999));
#2997=CARTESIAN_POINT('Ctrl Pts',(25.,-17.05,-0.999999999999999));
#2998=CARTESIAN_POINT('',(25.,-17.05,-14.));
#2999=CARTESIAN_POINT('Ctrl Pts',(25.,-17.05,-0.999999999999999));
#3000=CARTESIAN_POINT('Ctrl Pts',(25.,-17.05,-5.33333333333333));
#3001=CARTESIAN_POINT('Ctrl Pts',(25.,-17.05,-9.66666666666667));
#3002=CARTESIAN_POINT('Ctrl Pts',(25.,-17.05,-14.));
#3003=CARTESIAN_POINT('',(24.,-16.05,-14.));
#3004=CARTESIAN_POINT('Ctrl Pts',(25.,-17.05,-14.));
#3005=CARTESIAN_POINT('Ctrl Pts',(25.,-16.9153129940597,-14.));
#3006=CARTESIAN_POINT('Ctrl Pts',(24.944774965137,-16.6216930260303,-14.));
#3007=CARTESIAN_POINT('Ctrl Pts',(24.5902354637826,-16.1663494820009,-14.));
#3008=CARTESIAN_POINT('Ctrl Pts',(24.2020305089104,-16.05,-14.));
#3009=CARTESIAN_POINT('Ctrl Pts',(24.,-16.05,-14.));
#3010=CARTESIAN_POINT('Ctrl Pts',(24.,-16.05,-14.));
#3011=CARTESIAN_POINT('Ctrl Pts',(24.,-16.05,-9.66666666666667));
#3012=CARTESIAN_POINT('Ctrl Pts',(24.,-16.05,-5.33333333333333));
#3013=CARTESIAN_POINT('Ctrl Pts',(24.,-16.05,-0.999999999999999));
#3014=CARTESIAN_POINT('Ctrl Pts',(21.,-17.05,-18.));
#3015=CARTESIAN_POINT('Ctrl Pts',(22.1967972013675,-17.05,-18.));
#3016=CARTESIAN_POINT('Ctrl Pts',(24.2691821087796,-17.05,-16.9958019761917));
#3017=CARTESIAN_POINT('Ctrl Pts',(25.,-17.05,-14.8975979010257));
#3018=CARTESIAN_POINT('Ctrl Pts',(25.,-17.05,-14.));
#3019=CARTESIAN_POINT('Ctrl Pts',(21.,-16.9153129940597,-18.));
#3020=CARTESIAN_POINT('Ctrl Pts',(22.1967222272261,-16.9153129940597,-18.));
#3021=CARTESIAN_POINT('Ctrl Pts',(24.2691687530128,-16.9153129940597,-16.995747564526));
#3022=CARTESIAN_POINT('Ctrl Pts',(25.,-16.9153129940597,-14.8975416704195));
#3023=CARTESIAN_POINT('Ctrl Pts',(25.,-16.9153129940597,-14.));
#3024=CARTESIAN_POINT('Ctrl Pts',(21.,-16.6216966778156,-17.9447777367001));
#3025=CARTESIAN_POINT('Ctrl Pts',(22.1801093441313,-16.6216966778156,-17.9447777367001));
#3026=CARTESIAN_POINT('Ctrl Pts',(24.224019736852,-16.6216966778156,-16.9543232014153));
#3027=CARTESIAN_POINT('Ctrl Pts',(24.9447777367001,-16.6216966778156,-14.8850820080985));
#3028=CARTESIAN_POINT('Ctrl Pts',(24.9447777367001,-16.6216966778156,-14.));
#3029=CARTESIAN_POINT('Ctrl Pts',(21.,-16.1663599420859,-17.5902420840538));
#3030=CARTESIAN_POINT('Ctrl Pts',(22.0742298032176,-16.1663599420859,-17.5902420840538));
#3031=CARTESIAN_POINT('Ctrl Pts',(23.9342944765366,-16.1663599420859,-16.6889367217866));
#3032=CARTESIAN_POINT('Ctrl Pts',(24.5902420840538,-16.1663599420859,-14.8056723524132));
#3033=CARTESIAN_POINT('Ctrl Pts',(24.5902420840538,-16.1663599420859,-14.));
#3034=CARTESIAN_POINT('Ctrl Pts',(21.,-16.05,-17.2020305089104));
#3035=CARTESIAN_POINT('Ctrl Pts',(21.9573605396636,-16.05,-17.2020305089104));
#3036=CARTESIAN_POINT('Ctrl Pts',(23.616883232974,-16.05,-16.39766538301));
#3037=CARTESIAN_POINT('Ctrl Pts',(24.2020305089104,-16.05,-14.7180204047477));
#3038=CARTESIAN_POINT('Ctrl Pts',(24.2020305089104,-16.05,-14.));
#3039=CARTESIAN_POINT('Ctrl Pts',(21.,-16.05,-17.));
#3040=CARTESIAN_POINT('Ctrl Pts',(21.8975979010257,-16.05,-17.));
#3041=CARTESIAN_POINT('Ctrl Pts',(23.4518865815847,-16.05,-16.2468514821438));
#3042=CARTESIAN_POINT('Ctrl Pts',(24.,-16.05,-14.6731984257692));
#3043=CARTESIAN_POINT('Ctrl Pts',(24.,-16.05,-14.));
#3044=CARTESIAN_POINT('',(21.,-17.05,-18.));
#3045=CARTESIAN_POINT('Ctrl Pts',(25.,-17.05,-14.));
#3046=CARTESIAN_POINT('Ctrl Pts',(25.,-17.05,-14.8975979010257));
#3047=CARTESIAN_POINT('Ctrl Pts',(24.2691821087796,-17.05,-16.9958019761917));
#3048=CARTESIAN_POINT('Ctrl Pts',(22.1967972013675,-17.05,-18.));
#3049=CARTESIAN_POINT('Ctrl Pts',(21.,-17.05,-18.));
#3050=CARTESIAN_POINT('',(21.,-16.05,-17.));
#3051=CARTESIAN_POINT('Ctrl Pts',(21.,-17.05,-18.));
#3052=CARTESIAN_POINT('Ctrl Pts',(21.,-16.9153129940597,-18.));
#3053=CARTESIAN_POINT('Ctrl Pts',(21.,-16.6216966778156,-17.9447777367001));
#3054=CARTESIAN_POINT('Ctrl Pts',(21.,-16.1663599420859,-17.5902420840538));
#3055=CARTESIAN_POINT('Ctrl Pts',(21.,-16.05,-17.2020305089104));
#3056=CARTESIAN_POINT('Ctrl Pts',(21.,-16.05,-17.));
#3057=CARTESIAN_POINT('Ctrl Pts',(21.,-16.05,-17.));
#3058=CARTESIAN_POINT('Ctrl Pts',(21.8975979010257,-16.05,-17.));
#3059=CARTESIAN_POINT('Ctrl Pts',(23.4518865815847,-16.05,-16.2468514821438));
#3060=CARTESIAN_POINT('Ctrl Pts',(24.,-16.05,-14.6731984257692));
#3061=CARTESIAN_POINT('Ctrl Pts',(24.,-16.05,-14.));
#3062=CARTESIAN_POINT('Ctrl Pts',(25.,-17.05,-1.));
#3063=CARTESIAN_POINT('Ctrl Pts',(25.,-17.05,-0.546884120727838));
#3064=CARTESIAN_POINT('Ctrl Pts',(24.9222747927523,-17.05,-0.0938684145288676));
#3065=CARTESIAN_POINT('Ctrl Pts',(24.7712361663283,-17.05,0.333333333333335));
#3066=CARTESIAN_POINT('Ctrl Pts',(25.,-16.9153129940597,-1.));
#3067=CARTESIAN_POINT('Ctrl Pts',(25.,-16.9153129940597,-0.546912506467711));
#3068=CARTESIAN_POINT('Ctrl Pts',(24.922265330839,-16.9153129940597,-0.0938416521966633));
#3069=CARTESIAN_POINT('Ctrl Pts',(24.7712361663283,-16.9153129940597,0.333333333333335));
#3070=CARTESIAN_POINT('Ctrl Pts',(24.9447486143954,-16.62165869138,-1.));
#3071=CARTESIAN_POINT('Ctrl Pts',(24.9447486143954,-16.62165869138,-0.553202261425467));
#3072=CARTESIAN_POINT('Ctrl Pts',(24.8680772399451,-16.62165869138,-0.106328742888023));
#3073=CARTESIAN_POINT('Ctrl Pts',(24.7191446604203,-16.62165869138,0.314916204798467));
#3074=CARTESIAN_POINT('Ctrl Pts',(24.5901704046448,-16.166246470939,-1.));
#3075=CARTESIAN_POINT('Ctrl Pts',(24.5901704046448,-16.166246470939,-0.593289003960655));
#3076=CARTESIAN_POINT('Ctrl Pts',(24.5204154503326,-16.166246470939,-0.186727336161791));
#3077=CARTESIAN_POINT('Ctrl Pts',(24.3848451183195,-16.166246470939,0.196723468214952));
#3078=CARTESIAN_POINT('Ctrl Pts',(24.2020305089104,-16.05,-1.));
#3079=CARTESIAN_POINT('Ctrl Pts',(24.2020305089104,-16.05,-0.637536533161627));
#3080=CARTESIAN_POINT('Ctrl Pts',(24.1397244708352,-16.05,-0.27439033080825));
#3081=CARTESIAN_POINT('Ctrl Pts',(24.0189033152224,-16.05,0.0673435029701495));
#3082=CARTESIAN_POINT('Ctrl Pts',(24.,-16.05,-1.));
#3083=CARTESIAN_POINT('Ctrl Pts',(24.,-16.05,-0.660163090545878));
#3084=CARTESIAN_POINT('Ctrl Pts',(23.9417060945642,-16.05,-0.32040131089665));
#3085=CARTESIAN_POINT('Ctrl Pts',(23.8284271247462,-16.05,2.22044604925031E-15));
#3086=CARTESIAN_POINT('',(23.8284271247462,-16.05,-1.11022302462516E-15));
#3087=CARTESIAN_POINT('',(24.8729833462074,-17.05,-2.77555756156289E-16));
#3088=CARTESIAN_POINT('Ctrl Pts',(24.8729833462074,-17.05,-4.16344228687543E-16));
#3089=CARTESIAN_POINT('Ctrl Pts',(24.8729833462074,-16.921572553165,-4.16388124034901E-16));
#3090=CARTESIAN_POINT('Ctrl Pts',(24.8474388772879,-16.7946056342661,1.21657724969518E-11));
#3091=CARTESIAN_POINT('Ctrl Pts',(24.7472985688594,-16.5544343773172,1.21657668485878E-11));
#3092=CARTESIAN_POINT('Ctrl Pts',(24.6726538784668,-16.4444742932498,-1.78995882029958E-11));
#3093=CARTESIAN_POINT('Ctrl Pts',(24.4853629965901,-16.2595032315452,-1.78995827904155E-11));
#3094=CARTESIAN_POINT('Ctrl Pts',(24.3748850087448,-16.1863480512343,2.03387520541896E-12));
#3095=CARTESIAN_POINT('Ctrl Pts',(24.1192623456398,-16.0784557255312,2.03387520541896E-12));
#3096=CARTESIAN_POINT('Ctrl Pts',(23.9745154341636,-16.05,1.97964393390494E-16));
#3097=CARTESIAN_POINT('Ctrl Pts',(23.8284271247462,-16.05,1.97337172084113E-16));
#3098=CARTESIAN_POINT('Ctrl Pts',(24.8729054004118,-17.05,-2.01002771581388E-5));
#3099=CARTESIAN_POINT('Ctrl Pts',(24.9570306438848,-17.05,-0.326244907158096));
#3100=CARTESIAN_POINT('Ctrl Pts',(25.,-17.05,-0.663094763897621));
#3101=CARTESIAN_POINT('Ctrl Pts',(25.,-17.05,-1.));
#3102=CARTESIAN_POINT('Ctrl Pts',(24.,-16.05,-1.));
#3103=CARTESIAN_POINT('Ctrl Pts',(24.,-16.05,-0.660163090545878));
#3104=CARTESIAN_POINT('Ctrl Pts',(23.9417060945642,-16.05,-0.32040131089665));
#3105=CARTESIAN_POINT('Ctrl Pts',(23.8284271247462,-16.05,2.22044604925031E-15));
#3106=CARTESIAN_POINT('Ctrl Pts',(-21.,-17.05,-18.));
#3107=CARTESIAN_POINT('Ctrl Pts',(-7.,-17.05,-18.));
#3108=CARTESIAN_POINT('Ctrl Pts',(7.,-17.05,-18.));
#3109=CARTESIAN_POINT('Ctrl Pts',(21.,-17.05,-18.));
#3110=CARTESIAN_POINT('Ctrl Pts',(-21.,-16.9153129940597,-18.));
#3111=CARTESIAN_POINT('Ctrl Pts',(-6.99999999999994,-16.9153129940597,-18.));
#3112=CARTESIAN_POINT('Ctrl Pts',(6.99999999999994,-16.9153129940597,-18.));
#3113=CARTESIAN_POINT('Ctrl Pts',(21.,-16.9153129940597,-18.));
#3114=CARTESIAN_POINT('Ctrl Pts',(-21.,-16.6216930260303,-17.944774965137));
#3115=CARTESIAN_POINT('Ctrl Pts',(-7.00000000000007,-16.6216930260303,-17.944774965137));
#3116=CARTESIAN_POINT('Ctrl Pts',(7.00000000000007,-16.6216930260303,-17.944774965137));
#3117=CARTESIAN_POINT('Ctrl Pts',(21.,-16.6216930260303,-17.944774965137));
#3118=CARTESIAN_POINT('Ctrl Pts',(-21.,-16.1663494820009,-17.5902354637826));
#3119=CARTESIAN_POINT('Ctrl Pts',(-6.99999999999994,-16.1663494820009,-17.5902354637826));
#3120=CARTESIAN_POINT('Ctrl Pts',(6.99999999999994,-16.1663494820009,-17.5902354637826));
#3121=CARTESIAN_POINT('Ctrl Pts',(21.,-16.1663494820009,-17.5902354637826));
#3122=CARTESIAN_POINT('Ctrl Pts',(-21.,-16.05,-17.2020305089104));
#3123=CARTESIAN_POINT('Ctrl Pts',(-7.00000000000006,-16.05,-17.2020305089104));
#3124=CARTESIAN_POINT('Ctrl Pts',(7.00000000000006,-16.05,-17.2020305089104));
#3125=CARTESIAN_POINT('Ctrl Pts',(21.,-16.05,-17.2020305089104));
#3126=CARTESIAN_POINT('Ctrl Pts',(-21.,-16.05,-17.));
#3127=CARTESIAN_POINT('Ctrl Pts',(-7.,-16.05,-17.));
#3128=CARTESIAN_POINT('Ctrl Pts',(7.,-16.05,-17.));
#3129=CARTESIAN_POINT('Ctrl Pts',(21.,-16.05,-17.));
#3130=CARTESIAN_POINT('',(-21.,-17.05,-18.));
#3131=CARTESIAN_POINT('Ctrl Pts',(21.,-17.05,-18.));
#3132=CARTESIAN_POINT('Ctrl Pts',(7.,-17.05,-18.));
#3133=CARTESIAN_POINT('Ctrl Pts',(-7.,-17.05,-18.));
#3134=CARTESIAN_POINT('Ctrl Pts',(-21.,-17.05,-18.));
#3135=CARTESIAN_POINT('',(-21.,-16.05,-17.));
#3136=CARTESIAN_POINT('Ctrl Pts',(-21.,-17.05,-18.));
#3137=CARTESIAN_POINT('Ctrl Pts',(-21.,-16.9153129940597,-18.));
#3138=CARTESIAN_POINT('Ctrl Pts',(-21.,-16.6216930260303,-17.944774965137));
#3139=CARTESIAN_POINT('Ctrl Pts',(-21.,-16.1663494820009,-17.5902354637826));
#3140=CARTESIAN_POINT('Ctrl Pts',(-21.,-16.05,-17.2020305089104));
#3141=CARTESIAN_POINT('Ctrl Pts',(-21.,-16.05,-17.));
#3142=CARTESIAN_POINT('Ctrl Pts',(-21.,-16.05,-17.));
#3143=CARTESIAN_POINT('Ctrl Pts',(-7.,-16.05,-17.));
#3144=CARTESIAN_POINT('Ctrl Pts',(7.,-16.05,-17.));
#3145=CARTESIAN_POINT('Ctrl Pts',(21.,-16.05,-17.));
#3146=CARTESIAN_POINT('Ctrl Pts',(-25.,-17.05,-14.));
#3147=CARTESIAN_POINT('Ctrl Pts',(-25.,-17.05,-15.1967972013675));
#3148=CARTESIAN_POINT('Ctrl Pts',(-23.9958019761917,-17.05,-17.2691821087796));
#3149=CARTESIAN_POINT('Ctrl Pts',(-21.8975979010257,-17.05,-18.));
#3150=CARTESIAN_POINT('Ctrl Pts',(-21.,-17.05,-18.));
#3151=CARTESIAN_POINT('Ctrl Pts',(-25.,-16.9153129940597,-14.));
#3152=CARTESIAN_POINT('Ctrl Pts',(-25.,-16.9153129940597,-15.1967222272261));
#3153=CARTESIAN_POINT('Ctrl Pts',(-23.995747564526,-16.9153129940597,-17.2691687530128));
#3154=CARTESIAN_POINT('Ctrl Pts',(-21.8975416704195,-16.9153129940597,-18.));
#3155=CARTESIAN_POINT('Ctrl Pts',(-21.,-16.9153129940597,-18.));
#3156=CARTESIAN_POINT('Ctrl Pts',(-24.9447777367001,-16.6216966778156,-14.));
#3157=CARTESIAN_POINT('Ctrl Pts',(-24.9447777367001,-16.6216966778156,-15.1801093441313));
#3158=CARTESIAN_POINT('Ctrl Pts',(-23.9543232014153,-16.6216966778156,-17.224019736852));
#3159=CARTESIAN_POINT('Ctrl Pts',(-21.8850820080985,-16.6216966778156,-17.9447777367001));
#3160=CARTESIAN_POINT('Ctrl Pts',(-21.,-16.6216966778156,-17.9447777367001));
#3161=CARTESIAN_POINT('Ctrl Pts',(-24.5902420840538,-16.1663599420859,-14.));
#3162=CARTESIAN_POINT('Ctrl Pts',(-24.5902420840538,-16.1663599420859,-15.0742298032176));
#3163=CARTESIAN_POINT('Ctrl Pts',(-23.6889367217865,-16.1663599420859,-16.9342944765366));
#3164=CARTESIAN_POINT('Ctrl Pts',(-21.8056723524132,-16.1663599420859,-17.5902420840538));
#3165=CARTESIAN_POINT('Ctrl Pts',(-21.,-16.1663599420859,-17.5902420840538));
#3166=CARTESIAN_POINT('Ctrl Pts',(-24.2020305089104,-16.05,-14.));
#3167=CARTESIAN_POINT('Ctrl Pts',(-24.2020305089104,-16.05,-14.9573605396636));
#3168=CARTESIAN_POINT('Ctrl Pts',(-23.39766538301,-16.05,-16.616883232974));
#3169=CARTESIAN_POINT('Ctrl Pts',(-21.7180204047477,-16.05,-17.2020305089104));
#3170=CARTESIAN_POINT('Ctrl Pts',(-21.,-16.05,-17.2020305089104));
#3171=CARTESIAN_POINT('Ctrl Pts',(-24.,-16.05,-14.));
#3172=CARTESIAN_POINT('Ctrl Pts',(-24.,-16.05,-14.8975979010257));
#3173=CARTESIAN_POINT('Ctrl Pts',(-23.2468514821438,-16.05,-16.4518865815847));
#3174=CARTESIAN_POINT('Ctrl Pts',(-21.6731984257692,-16.05,-17.));
#3175=CARTESIAN_POINT('Ctrl Pts',(-21.,-16.05,-17.));
#3176=CARTESIAN_POINT('',(-25.,-17.05,-14.));
#3177=CARTESIAN_POINT('Ctrl Pts',(-21.,-17.05,-18.));
#3178=CARTESIAN_POINT('Ctrl Pts',(-21.8975979010257,-17.05,-18.));
#3179=CARTESIAN_POINT('Ctrl Pts',(-23.9958019761917,-17.05,-17.2691821087796));
#3180=CARTESIAN_POINT('Ctrl Pts',(-25.,-17.05,-15.1967972013675));
#3181=CARTESIAN_POINT('Ctrl Pts',(-25.,-17.05,-14.));
#3182=CARTESIAN_POINT('',(-24.,-16.05,-14.));
#3183=CARTESIAN_POINT('Ctrl Pts',(-25.,-17.05,-14.));
#3184=CARTESIAN_POINT('Ctrl Pts',(-25.,-16.9153129940597,-14.));
#3185=CARTESIAN_POINT('Ctrl Pts',(-24.9447777367001,-16.6216966778156,-14.));
#3186=CARTESIAN_POINT('Ctrl Pts',(-24.5902420840538,-16.1663599420859,-14.));
#3187=CARTESIAN_POINT('Ctrl Pts',(-24.2020305089104,-16.05,-14.));
#3188=CARTESIAN_POINT('Ctrl Pts',(-24.,-16.05,-14.));
#3189=CARTESIAN_POINT('Ctrl Pts',(-24.,-16.05,-14.));
#3190=CARTESIAN_POINT('Ctrl Pts',(-24.,-16.05,-14.8975979010257));
#3191=CARTESIAN_POINT('Ctrl Pts',(-23.2468514821438,-16.05,-16.4518865815847));
#3192=CARTESIAN_POINT('Ctrl Pts',(-21.6731984257692,-16.05,-17.));
#3193=CARTESIAN_POINT('Ctrl Pts',(-21.,-16.05,-17.));
#3194=CARTESIAN_POINT('Ctrl Pts',(-25.,-17.05,-1.));
#3195=CARTESIAN_POINT('Ctrl Pts',(-25.,-17.05,-5.33333333333333));
#3196=CARTESIAN_POINT('Ctrl Pts',(-25.,-17.05,-9.66666666666667));
#3197=CARTESIAN_POINT('Ctrl Pts',(-25.,-17.05,-14.));
#3198=CARTESIAN_POINT('Ctrl Pts',(-25.,-16.9153129940597,-1.));
#3199=CARTESIAN_POINT('Ctrl Pts',(-25.,-16.9153129940597,-5.33333333333335));
#3200=CARTESIAN_POINT('Ctrl Pts',(-25.,-16.9153129940597,-9.66666666666665));
#3201=CARTESIAN_POINT('Ctrl Pts',(-25.,-16.9153129940597,-14.));
#3202=CARTESIAN_POINT('Ctrl Pts',(-24.944774965137,-16.6216930260303,-1.));
#3203=CARTESIAN_POINT('Ctrl Pts',(-24.944774965137,-16.6216930260303,-5.33333333333331));
#3204=CARTESIAN_POINT('Ctrl Pts',(-24.944774965137,-16.6216930260303,-9.66666666666669));
#3205=CARTESIAN_POINT('Ctrl Pts',(-24.944774965137,-16.6216930260303,-14.));
#3206=CARTESIAN_POINT('Ctrl Pts',(-24.5902354637826,-16.1663494820009,-1.));
#3207=CARTESIAN_POINT('Ctrl Pts',(-24.5902354637826,-16.1663494820009,-5.33333333333336));
#3208=CARTESIAN_POINT('Ctrl Pts',(-24.5902354637826,-16.1663494820009,-9.66666666666665));
#3209=CARTESIAN_POINT('Ctrl Pts',(-24.5902354637826,-16.1663494820009,-14.));
#3210=CARTESIAN_POINT('Ctrl Pts',(-24.2020305089104,-16.05,-1.));
#3211=CARTESIAN_POINT('Ctrl Pts',(-24.2020305089104,-16.05,-5.33333333333332));
#3212=CARTESIAN_POINT('Ctrl Pts',(-24.2020305089104,-16.05,-9.66666666666668));
#3213=CARTESIAN_POINT('Ctrl Pts',(-24.2020305089104,-16.05,-14.));
#3214=CARTESIAN_POINT('Ctrl Pts',(-24.,-16.05,-1.));
#3215=CARTESIAN_POINT('Ctrl Pts',(-24.,-16.05,-5.33333333333333));
#3216=CARTESIAN_POINT('Ctrl Pts',(-24.,-16.05,-9.66666666666667));
#3217=CARTESIAN_POINT('Ctrl Pts',(-24.,-16.05,-14.));
#3218=CARTESIAN_POINT('',(-25.,-17.05,-1.));
#3219=CARTESIAN_POINT('Ctrl Pts',(-25.,-17.05,-14.));
#3220=CARTESIAN_POINT('Ctrl Pts',(-25.,-17.05,-9.66666666666667));
#3221=CARTESIAN_POINT('Ctrl Pts',(-25.,-17.05,-5.33333333333333));
#3222=CARTESIAN_POINT('Ctrl Pts',(-25.,-17.05,-1.));
#3223=CARTESIAN_POINT('',(-24.,-16.05,-1.));
#3224=CARTESIAN_POINT('Ctrl Pts',(-25.,-17.05,-1.));
#3225=CARTESIAN_POINT('Ctrl Pts',(-25.,-16.9153129940597,-1.));
#3226=CARTESIAN_POINT('Ctrl Pts',(-24.944774965137,-16.6216930260303,-1.));
#3227=CARTESIAN_POINT('Ctrl Pts',(-24.5902354637826,-16.1663494820009,-1.));
#3228=CARTESIAN_POINT('Ctrl Pts',(-24.2020305089104,-16.05,-1.));
#3229=CARTESIAN_POINT('Ctrl Pts',(-24.,-16.05,-1.));
#3230=CARTESIAN_POINT('Ctrl Pts',(-24.,-16.05,-1.));
#3231=CARTESIAN_POINT('Ctrl Pts',(-24.,-16.05,-5.33333333333333));
#3232=CARTESIAN_POINT('Ctrl Pts',(-24.,-16.05,-9.66666666666667));
#3233=CARTESIAN_POINT('Ctrl Pts',(-24.,-16.05,-14.));
#3234=CARTESIAN_POINT('Ctrl Pts',(-24.7712361663283,-17.05,0.333333333333336));
#3235=CARTESIAN_POINT('Ctrl Pts',(-24.9222747927523,-17.05,-0.0938684145288664));
#3236=CARTESIAN_POINT('Ctrl Pts',(-25.,-17.05,-0.546884120727837));
#3237=CARTESIAN_POINT('Ctrl Pts',(-25.,-17.05,-1.));
#3238=CARTESIAN_POINT('Ctrl Pts',(-24.7712361663283,-16.9153129940597,0.333333333333336));
#3239=CARTESIAN_POINT('Ctrl Pts',(-24.922265330839,-16.9153129940597,-0.0938416521966617));
#3240=CARTESIAN_POINT('Ctrl Pts',(-25.,-16.9153129940597,-0.54691250646771));
#3241=CARTESIAN_POINT('Ctrl Pts',(-25.,-16.9153129940597,-1.));
#3242=CARTESIAN_POINT('Ctrl Pts',(-24.7191446604203,-16.62165869138,0.314916204798468));
#3243=CARTESIAN_POINT('Ctrl Pts',(-24.8680772399451,-16.62165869138,-0.106328742888022));
#3244=CARTESIAN_POINT('Ctrl Pts',(-24.9447486143954,-16.62165869138,-0.553202261425465));
#3245=CARTESIAN_POINT('Ctrl Pts',(-24.9447486143954,-16.62165869138,-1.));
#3246=CARTESIAN_POINT('Ctrl Pts',(-24.3848451183195,-16.166246470939,0.196723468214953));
#3247=CARTESIAN_POINT('Ctrl Pts',(-24.5204154503326,-16.166246470939,-0.186727336161789));
#3248=CARTESIAN_POINT('Ctrl Pts',(-24.5901704046449,-16.166246470939,-0.593289003960655));
#3249=CARTESIAN_POINT('Ctrl Pts',(-24.5901704046449,-16.166246470939,-1.));
#3250=CARTESIAN_POINT('Ctrl Pts',(-24.0189033152224,-16.05,0.0673435029701497));
#3251=CARTESIAN_POINT('Ctrl Pts',(-24.1397244708352,-16.05,-0.27439033080825));
#3252=CARTESIAN_POINT('Ctrl Pts',(-24.2020305089104,-16.05,-0.637536533161626));
#3253=CARTESIAN_POINT('Ctrl Pts',(-24.2020305089104,-16.05,-1.));
#3254=CARTESIAN_POINT('Ctrl Pts',(-23.8284271247462,-16.05,2.22044604925031E-15));
#3255=CARTESIAN_POINT('Ctrl Pts',(-23.9417060945642,-16.05,-0.320401310896649));
#3256=CARTESIAN_POINT('Ctrl Pts',(-24.,-16.05,-0.660163090545878));
#3257=CARTESIAN_POINT('Ctrl Pts',(-24.,-16.05,-1.));
#3258=CARTESIAN_POINT('',(-24.8729833462074,-17.05,0.));
#3259=CARTESIAN_POINT('',(-23.8284271247462,-16.05,0.));
#3260=CARTESIAN_POINT('Ctrl Pts',(-23.8284271247462,-16.05,1.41214469084339E-16));
#3261=CARTESIAN_POINT('Ctrl Pts',(-23.9724627129472,-16.05,1.41514410893446E-16));
#3262=CARTESIAN_POINT('Ctrl Pts',(-24.1152156984076,-16.0776616675579,3.98947325853495E-11));
#3263=CARTESIAN_POINT('Ctrl Pts',(-24.374686945774,-16.1854310329655,3.98947325853495E-11));
#3264=CARTESIAN_POINT('Ctrl Pts',(-24.4897502344735,-16.2619390689516,1.86138380653901E-12));
#3265=CARTESIAN_POINT('Ctrl Pts',(-24.6769040961308,-16.450601405989,1.86138927365009E-12));
#3266=CARTESIAN_POINT('Ctrl Pts',(-24.7491699692742,-16.5584433211746,7.095108545651E-13));
#3267=CARTESIAN_POINT('Ctrl Pts',(-24.8476274016583,-16.795539518799,7.095108545651E-13));
#3268=CARTESIAN_POINT('Ctrl Pts',(-24.8729833462074,-16.9220476016486,1.70130141812489E-16));
#3269=CARTESIAN_POINT('Ctrl Pts',(-24.8729833462074,-17.05,1.70114499016256E-16));
#3270=CARTESIAN_POINT('Ctrl Pts',(-23.8284271247462,-16.05,2.22044604925031E-15));
#3271=CARTESIAN_POINT('Ctrl Pts',(-23.9417060945642,-16.05,-0.320401310896649));
#3272=CARTESIAN_POINT('Ctrl Pts',(-24.,-16.05,-0.660163090545878));
#3273=CARTESIAN_POINT('Ctrl Pts',(-24.,-16.05,-1.));
#3274=CARTESIAN_POINT('Ctrl Pts',(-25.,-17.05,-1.));
#3275=CARTESIAN_POINT('Ctrl Pts',(-25.,-17.05,-0.66309476389762));
#3276=CARTESIAN_POINT('Ctrl Pts',(-24.9570306438848,-17.05,-0.326244907158096));
#3277=CARTESIAN_POINT('Ctrl Pts',(-24.8729054004118,-17.05,-2.01002771586939E-5));
#3278=CARTESIAN_POINT('Origin',(-21.,-17.5500000223517,-1.));
#3279=CARTESIAN_POINT('',(-24.8729833462074,-10.05,0.));
#3280=CARTESIAN_POINT('',(-24.8729833462074,-17.5500000223517,0.));
#3281=CARTESIAN_POINT('',(-25.,-22.050000089407,-1.));
#3282=CARTESIAN_POINT('',(-25.,-17.5500000223517,-1.));
#3283=CARTESIAN_POINT('',(-21.,-22.05,3.));
#3284=CARTESIAN_POINT('Origin',(-21.,-22.050000089407,-1.));
#3285=CARTESIAN_POINT('',(-21.,-10.05,3.));
#3286=CARTESIAN_POINT('',(-21.,-17.5500000223517,3.));
#3287=CARTESIAN_POINT('Origin',(-21.,-10.05,-1.));
#3288=CARTESIAN_POINT('Origin',(-25.,-19.0500000447035,-9.));
#3289=CARTESIAN_POINT('',(-25.,-22.050000089407,-14.));
#3290=CARTESIAN_POINT('',(-25.,-20.5500000670552,-14.));
#3291=CARTESIAN_POINT('',(-25.,-22.050000089407,0.));
#3292=CARTESIAN_POINT('Origin',(-21.,-20.5500000670552,-14.));
#3293=CARTESIAN_POINT('',(-21.,-22.050000089407,-18.));
#3294=CARTESIAN_POINT('',(-21.,-20.5500000670552,-18.));
#3295=CARTESIAN_POINT('Origin',(-21.,-22.050000089407,-14.));
#3296=CARTESIAN_POINT('Origin',(0.,-22.050000089407,-18.));
#3297=CARTESIAN_POINT('',(21.,-22.050000089407,-18.));
#3298=CARTESIAN_POINT('',(21.,-20.5500000670552,-18.));
#3299=CARTESIAN_POINT('',(0.,-22.050000089407,-18.));
#3300=CARTESIAN_POINT('Origin',(21.,-20.5500000670552,-14.));
#3301=CARTESIAN_POINT('',(25.,-22.05,-14.));
#3302=CARTESIAN_POINT('',(25.,-20.5500000670552,-14.));
#3303=CARTESIAN_POINT('Origin',(21.,-22.050000089407,-14.));
#3304=CARTESIAN_POINT('Origin',(25.,-19.0500000447035,-9.));
#3305=CARTESIAN_POINT('',(25.,-22.05,-1.));
#3306=CARTESIAN_POINT('',(25.,-17.5500000223517,-1.));
#3307=CARTESIAN_POINT('',(25.,-22.05,3.));
#3308=CARTESIAN_POINT('Origin',(-17.37201502472,-16.05,-1.));
#3309=CARTESIAN_POINT('',(-17.37201502472,-10.05,3.));
#3310=CARTESIAN_POINT('Origin',(-17.37201502472,-10.05,-1.));
#3311=CARTESIAN_POINT('',(-17.37201502472,-22.05,3.));
#3312=CARTESIAN_POINT('',(-17.37201502472,-16.05,3.));
#3313=CARTESIAN_POINT('',(-14.2495160255208,-22.050000089407,1.5));
#3314=CARTESIAN_POINT('Origin',(-17.37201502472,-22.050000089407,-1.));
#3315=CARTESIAN_POINT('',(-14.2495160255208,-16.05,1.5));
#3316=CARTESIAN_POINT('Origin',(0.,-22.050000089407,0.));
#3317=CARTESIAN_POINT('',(-25.000000372529,-22.05,3.));
#3318=CARTESIAN_POINT('',(21.,-22.05,3.));
#3319=CARTESIAN_POINT('Origin',(21.,-22.050000089407,-1.));
#3320=CARTESIAN_POINT('',(25.,-22.05,3.));
#3321=CARTESIAN_POINT('Origin',(-11.1270170263216,-22.050000089407,4.));
#3322=CARTESIAN_POINT('',(-11.75,-22.05,-14.));
#3323=CARTESIAN_POINT('Origin',(-10.,-22.050000089407,-14.));
#3324=CARTESIAN_POINT('',(8.25,-22.05,-4.));
#3325=CARTESIAN_POINT('Origin',(10.,-22.050000089407,-4.));
#3326=CARTESIAN_POINT('',(-21.75,-22.05,-14.));
#3327=CARTESIAN_POINT('Origin',(-20.,-22.050000089407,-14.));
#3328=CARTESIAN_POINT('',(8.25,-22.05,-14.));
#3329=CARTESIAN_POINT('Origin',(10.,-22.050000089407,-14.));
#3330=CARTESIAN_POINT('',(-11.75,-22.05,-4.));
#3331=CARTESIAN_POINT('Origin',(-10.,-22.050000089407,-4.));
#3332=CARTESIAN_POINT('',(18.25,-22.05,-4.));
#3333=CARTESIAN_POINT('Origin',(20.,-22.050000089407,-4.));
#3334=CARTESIAN_POINT('',(-21.75,-22.05,-4.));
#3335=CARTESIAN_POINT('Origin',(-20.,-22.050000089407,-4.));
#3336=CARTESIAN_POINT('',(18.25,-22.05,-14.));
#3337=CARTESIAN_POINT('Origin',(20.,-22.050000089407,-14.));
#3338=CARTESIAN_POINT('',(-1.75,-22.050000089407,-9.));
#3339=CARTESIAN_POINT('Origin',(0.,-22.050000089407,-9.));
#3340=CARTESIAN_POINT('Origin',(-25.000000372529,-16.05,3.));
#3341=CARTESIAN_POINT('',(-25.000000372529,-10.05,3.));
#3342=CARTESIAN_POINT('Origin',(-20.0000002980232,-10.05,1.5));
#3343=CARTESIAN_POINT('',(25.,-10.05,0.));
#3344=CARTESIAN_POINT('Origin',(-11.1270170263216,-16.05,4.));
#3345=CARTESIAN_POINT('Origin',(0.,-16.05,-18.));
#3346=CARTESIAN_POINT('',(15.0000002235174,-16.05,0.));
#3347=CARTESIAN_POINT('',(15.0000008940696,-16.05,-8.9999994412064));
#3348=CARTESIAN_POINT('',(0.,-16.05,0.));
#3349=CARTESIAN_POINT('',(0.,-16.05,0.));
#3350=CARTESIAN_POINT('',(-6.15,-16.05,-9.));
#3351=CARTESIAN_POINT('Origin',(0.,-16.05,-9.));
#3352=CARTESIAN_POINT('',(-18.4122867597285,-16.05,-11.25));
#3353=CARTESIAN_POINT('',(-21.5877132402715,-16.05,-11.25));
#3354=CARTESIAN_POINT('',(-9.20614337986427,-16.05,-11.25));
#3355=CARTESIAN_POINT('',(-23.1754264805429,-16.05,-14.));
#3356=CARTESIAN_POINT('',(-20.3506669541238,-16.05,-9.10737298107782));
#3357=CARTESIAN_POINT('',(-21.5877132402715,-16.05,-16.75));
#3358=CARTESIAN_POINT('',(-19.4124727666906,-16.05,-20.5176270189222));
#3359=CARTESIAN_POINT('',(-18.4122867597285,-16.05,-16.75));
#3360=CARTESIAN_POINT('',(-10.7938566201357,-16.05,-16.75));
#3361=CARTESIAN_POINT('',(-16.8245735194571,-16.05,-14.));
#3362=CARTESIAN_POINT('',(-16.3813838534451,-16.05,-13.2323729810778));
#3363=CARTESIAN_POINT('',(-13.8554764257405,-16.05,-19.1426270189222));
#3364=CARTESIAN_POINT('',(11.5877132402715,-16.05,-11.25));
#3365=CARTESIAN_POINT('',(8.41228675972853,-16.05,-11.25));
#3366=CARTESIAN_POINT('',(5.79385662013573,-16.05,-11.25));
#3367=CARTESIAN_POINT('',(6.82457351945706,-16.05,-14.));
#3368=CARTESIAN_POINT('',(5.89933304587623,-16.05,-15.6025635094611));
#3369=CARTESIAN_POINT('',(8.41228675972853,-16.05,-16.75));
#3370=CARTESIAN_POINT('',(6.83752723330937,-16.05,-14.0224364905389));
#3371=CARTESIAN_POINT('',(11.5877132402715,-16.05,-16.75));
#3372=CARTESIAN_POINT('',(4.20614337986427,-16.05,-16.75));
#3373=CARTESIAN_POINT('',(13.1754264805429,-16.05,-14.));
#3374=CARTESIAN_POINT('',(9.8686161465549,-16.05,-19.7275635094611));
#3375=CARTESIAN_POINT('',(12.3945235742595,-16.05,-12.6474364905389));
#3376=CARTESIAN_POINT('',(21.5877132402715,-16.05,-1.25));
#3377=CARTESIAN_POINT('',(18.4122867597285,-16.05,-1.25));
#3378=CARTESIAN_POINT('',(10.7938566201357,-16.05,-1.25));
#3379=CARTESIAN_POINT('',(16.8245735194571,-16.05,-4.));
#3380=CARTESIAN_POINT('',(12.4842695364151,-16.05,-11.5176270189222));
#3381=CARTESIAN_POINT('',(18.4122867597285,-16.05,-6.75));
#3382=CARTESIAN_POINT('',(17.7525907427705,-16.05,-5.6073729810778));
#3383=CARTESIAN_POINT('',(21.5877132402715,-16.05,-6.74999999999999));
#3384=CARTESIAN_POINT('',(9.20614337986426,-16.05,-6.75));
#3385=CARTESIAN_POINT('',(23.1754264805429,-16.05,-4.));
#3386=CARTESIAN_POINT('',(16.4535526370938,-16.05,-15.6426270189222));
#3387=CARTESIAN_POINT('',(23.3095870837206,-16.05,-4.23237298107779));
#3388=CARTESIAN_POINT('',(-8.41228675972853,-16.05,-11.25));
#3389=CARTESIAN_POINT('',(-11.5877132402715,-16.05,-11.25));
#3390=CARTESIAN_POINT('',(-4.20614337986427,-16.05,-11.25));
#3391=CARTESIAN_POINT('',(-13.1754264805429,-16.05,-14.));
#3392=CARTESIAN_POINT('',(-11.6006669541238,-16.05,-11.2724364905389));
#3393=CARTESIAN_POINT('',(-11.5877132402715,-16.05,-16.75));
#3394=CARTESIAN_POINT('',(-10.6624727666906,-16.05,-18.3525635094611));
#3395=CARTESIAN_POINT('',(-8.41228675972853,-16.05,-16.75));
#3396=CARTESIAN_POINT('',(-5.79385662013573,-16.05,-16.75));
#3397=CARTESIAN_POINT('',(-6.82457351945706,-16.05,-14.));
#3398=CARTESIAN_POINT('',(-7.6313838534451,-16.05,-15.3974364905389));
#3399=CARTESIAN_POINT('',(-5.10547642574049,-16.05,-16.9775635094611));
#3400=CARTESIAN_POINT('',(-18.4122867597285,-16.05,-1.25));
#3401=CARTESIAN_POINT('',(-21.5877132402715,-16.05,-1.25));
#3402=CARTESIAN_POINT('',(-9.20614337986427,-16.05,-1.25));
#3403=CARTESIAN_POINT('',(-23.1754264805429,-16.05,-4.));
#3404=CARTESIAN_POINT('',(-22.5157304635849,-16.05,-2.85737298107782));
#3405=CARTESIAN_POINT('',(-21.5877132402715,-16.05,-6.75));
#3406=CARTESIAN_POINT('',(-17.2474092572295,-16.05,-14.2676270189222));
#3407=CARTESIAN_POINT('',(-18.4122867597285,-16.05,-6.74999999999999));
#3408=CARTESIAN_POINT('',(-10.7938566201357,-16.05,-6.74999999999999));
#3409=CARTESIAN_POINT('',(-16.8245735194571,-16.05,-4.));
#3410=CARTESIAN_POINT('',(-18.5464473629062,-16.05,-6.98237298107781));
#3411=CARTESIAN_POINT('',(-11.6904129162794,-16.05,-12.8926270189222));
#3412=CARTESIAN_POINT('',(21.5877132402715,-16.05,-11.25));
#3413=CARTESIAN_POINT('',(18.4122867597285,-16.05,-11.25));
#3414=CARTESIAN_POINT('',(10.7938566201357,-16.05,-11.25));
#3415=CARTESIAN_POINT('',(16.8245735194571,-16.05,-14.));
#3416=CARTESIAN_POINT('',(14.6493330458762,-16.05,-17.7676270189222));
#3417=CARTESIAN_POINT('',(18.4122867597285,-16.05,-16.75));
#3418=CARTESIAN_POINT('',(15.5875272333094,-16.05,-11.8573729810778));
#3419=CARTESIAN_POINT('',(21.5877132402715,-16.05,-16.75));
#3420=CARTESIAN_POINT('',(9.20614337986427,-16.05,-16.75));
#3421=CARTESIAN_POINT('',(23.1754264805429,-16.05,-14.));
#3422=CARTESIAN_POINT('',(18.6186161465549,-16.05,-21.8926270189222));
#3423=CARTESIAN_POINT('',(21.1445235742595,-16.05,-10.4823729810778));
#3424=CARTESIAN_POINT('',(11.5877132402715,-16.05,-1.25));
#3425=CARTESIAN_POINT('',(8.41228675972853,-16.05,-1.25));
#3426=CARTESIAN_POINT('',(5.79385662013573,-16.05,-1.25));
#3427=CARTESIAN_POINT('',(6.82457351945706,-16.05,-4.));
#3428=CARTESIAN_POINT('',(3.73426953641514,-16.05,-9.3525635094611));
#3429=CARTESIAN_POINT('',(8.41228675972853,-16.05,-6.75));
#3430=CARTESIAN_POINT('',(9.00259074277047,-16.05,-7.7724364905389));
#3431=CARTESIAN_POINT('',(11.5877132402715,-16.05,-6.74999999999999));
#3432=CARTESIAN_POINT('',(4.20614337986426,-16.05,-6.75));
#3433=CARTESIAN_POINT('',(13.1754264805429,-16.05,-4.));
#3434=CARTESIAN_POINT('',(7.70355263709381,-16.05,-13.4775635094611));
#3435=CARTESIAN_POINT('',(14.5595870837206,-16.05,-6.39743649053889));
#3436=CARTESIAN_POINT('',(-8.41228675972853,-16.05,-1.25));
#3437=CARTESIAN_POINT('',(-11.5877132402715,-16.05,-1.25));
#3438=CARTESIAN_POINT('',(-4.20614337986427,-16.05,-1.25));
#3439=CARTESIAN_POINT('',(-13.1754264805429,-16.05,-4.));
#3440=CARTESIAN_POINT('',(-13.7657304635849,-16.05,-5.02243649053892));
#3441=CARTESIAN_POINT('',(-11.5877132402715,-16.05,-6.75));
#3442=CARTESIAN_POINT('',(-8.49740925722953,-16.05,-12.1025635094611));
#3443=CARTESIAN_POINT('',(-8.41228675972853,-16.05,-6.74999999999999));
#3444=CARTESIAN_POINT('',(-5.79385662013574,-16.05,-6.74999999999999));
#3445=CARTESIAN_POINT('',(-6.82457351945706,-16.05,-4.));
#3446=CARTESIAN_POINT('',(-9.7964473629062,-16.05,-9.1474364905389));
#3447=CARTESIAN_POINT('',(-2.94041291627939,-16.05,-10.7275635094611));
#3448=CARTESIAN_POINT('Origin',(15.0000002235174,-16.05,0.));
#3449=CARTESIAN_POINT('',(15.0000002235174,-16.05,0.));
#3450=CARTESIAN_POINT('Origin',(21.,-17.5500000223517,-1.));
#3451=CARTESIAN_POINT('',(24.8729833462074,-17.5500000223517,0.));
#3452=CARTESIAN_POINT('',(21.,-17.5500000223517,3.));
#3453=CARTESIAN_POINT('Origin',(15.,-16.05,3.));
#3454=CARTESIAN_POINT('Origin',(-15.0000002235174,-16.05,0.));
#3455=CARTESIAN_POINT('Origin',(25.,-16.05,0.));
#3456=CARTESIAN_POINT('Origin',(0.,-22.050000089407,-9.));
#3457=CARTESIAN_POINT('',(-1.75,-21.050000089407,-9.));
#3458=CARTESIAN_POINT('',(-1.75,-22.050000089407,-9.));
#3459=CARTESIAN_POINT('Origin',(0.,-21.050000089407,-9.));
#3460=CARTESIAN_POINT('Origin',(0.,-21.050000089407,-9.));
#3461=CARTESIAN_POINT('',(-0.9,-21.050000089407,-9.));
#3462=CARTESIAN_POINT('Origin',(0.,-21.050000089407,-9.));
#3463=CARTESIAN_POINT('Origin',(0.,-16.05,-9.));
#3464=CARTESIAN_POINT('',(-6.15,-19.05,-9.));
#3465=CARTESIAN_POINT('',(-6.15,-16.05,-9.));
#3466=CARTESIAN_POINT('Origin',(0.,-19.05,-9.));
#3467=CARTESIAN_POINT('Origin',(0.,-19.05,-9.));
#3468=CARTESIAN_POINT('',(-0.9,-19.05,-9.));
#3469=CARTESIAN_POINT('Origin',(0.,-19.05,-9.));
#3470=CARTESIAN_POINT('Origin',(-8.41228675972853,-16.05,-1.25));
#3471=CARTESIAN_POINT('',(-8.41228675972853,-19.05,-1.25));
#3472=CARTESIAN_POINT('',(-8.41228675972853,-16.05,-1.25));
#3473=CARTESIAN_POINT('',(-11.5877132402715,-19.05,-1.25));
#3474=CARTESIAN_POINT('',(-11.5877132402715,-19.05,-1.25));
#3475=CARTESIAN_POINT('',(-11.5877132402715,-16.05,-1.25));
#3476=CARTESIAN_POINT('Origin',(-6.82457351945706,-16.05,-4.));
#3477=CARTESIAN_POINT('',(-6.82457351945706,-19.05,-4.));
#3478=CARTESIAN_POINT('',(-6.82457351945706,-16.05,-4.));
#3479=CARTESIAN_POINT('',(-8.41228675972853,-19.05,-1.25));
#3480=CARTESIAN_POINT('Origin',(-8.41228675972853,-16.05,-6.74999999999999));
#3481=CARTESIAN_POINT('',(-8.41228675972853,-19.05,-6.74999999999999));
#3482=CARTESIAN_POINT('',(-8.41228675972853,-16.05,-6.74999999999999));
#3483=CARTESIAN_POINT('',(-6.82457351945706,-19.05,-4.));
#3484=CARTESIAN_POINT('Origin',(-11.5877132402715,-16.05,-6.75));
#3485=CARTESIAN_POINT('',(-11.5877132402715,-19.05,-6.75));
#3486=CARTESIAN_POINT('',(-11.5877132402715,-16.05,-6.75));
#3487=CARTESIAN_POINT('',(-8.41228675972853,-19.05,-6.74999999999999));
#3488=CARTESIAN_POINT('Origin',(-13.1754264805429,-16.05,-4.));
#3489=CARTESIAN_POINT('',(-13.1754264805429,-19.05,-4.));
#3490=CARTESIAN_POINT('',(-13.1754264805429,-16.05,-4.));
#3491=CARTESIAN_POINT('',(-11.5877132402715,-19.05,-6.75));
#3492=CARTESIAN_POINT('Origin',(-11.5877132402715,-16.05,-1.25));
#3493=CARTESIAN_POINT('',(-13.1754264805429,-19.05,-4.));
#3494=CARTESIAN_POINT('Origin',(-10.,-19.05,-4.));
#3495=CARTESIAN_POINT('',(-11.75,-19.05,-4.));
#3496=CARTESIAN_POINT('Origin',(-10.,-19.05,-4.));
#3497=CARTESIAN_POINT('Origin',(11.5877132402715,-16.05,-1.25));
#3498=CARTESIAN_POINT('',(11.5877132402715,-19.05,-1.25));
#3499=CARTESIAN_POINT('',(11.5877132402715,-16.05,-1.25));
#3500=CARTESIAN_POINT('',(8.41228675972853,-19.05,-1.25));
#3501=CARTESIAN_POINT('',(8.41228675972853,-19.05,-1.25));
#3502=CARTESIAN_POINT('',(8.41228675972853,-16.05,-1.25));
#3503=CARTESIAN_POINT('Origin',(13.1754264805429,-16.05,-4.));
#3504=CARTESIAN_POINT('',(13.1754264805429,-19.05,-4.));
#3505=CARTESIAN_POINT('',(13.1754264805429,-16.05,-4.));
#3506=CARTESIAN_POINT('',(11.5877132402715,-19.05,-1.25));
#3507=CARTESIAN_POINT('Origin',(11.5877132402715,-16.05,-6.74999999999999));
#3508=CARTESIAN_POINT('',(11.5877132402715,-19.05,-6.74999999999999));
#3509=CARTESIAN_POINT('',(11.5877132402715,-16.05,-6.74999999999999));
#3510=CARTESIAN_POINT('',(13.1754264805429,-19.05,-4.));
#3511=CARTESIAN_POINT('Origin',(8.41228675972853,-16.05,-6.75));
#3512=CARTESIAN_POINT('',(8.41228675972853,-19.05,-6.75));
#3513=CARTESIAN_POINT('',(8.41228675972853,-16.05,-6.75));
#3514=CARTESIAN_POINT('',(11.5877132402715,-19.05,-6.74999999999999));
#3515=CARTESIAN_POINT('Origin',(6.82457351945706,-16.05,-4.));
#3516=CARTESIAN_POINT('',(6.82457351945706,-19.05,-4.));
#3517=CARTESIAN_POINT('',(6.82457351945706,-16.05,-4.));
#3518=CARTESIAN_POINT('',(8.41228675972853,-19.05,-6.75));
#3519=CARTESIAN_POINT('Origin',(8.41228675972853,-16.05,-1.25));
#3520=CARTESIAN_POINT('',(6.82457351945706,-19.05,-4.));
#3521=CARTESIAN_POINT('Origin',(10.,-19.05,-4.));
#3522=CARTESIAN_POINT('',(8.25,-19.05,-4.));
#3523=CARTESIAN_POINT('Origin',(10.,-19.05,-4.));
#3524=CARTESIAN_POINT('Origin',(21.5877132402715,-16.05,-11.25));
#3525=CARTESIAN_POINT('',(21.5877132402715,-19.05,-11.25));
#3526=CARTESIAN_POINT('',(21.5877132402715,-16.05,-11.25));
#3527=CARTESIAN_POINT('',(18.4122867597285,-19.05,-11.25));
#3528=CARTESIAN_POINT('',(18.4122867597285,-19.05,-11.25));
#3529=CARTESIAN_POINT('',(18.4122867597285,-16.05,-11.25));
#3530=CARTESIAN_POINT('Origin',(23.1754264805429,-16.05,-14.));
#3531=CARTESIAN_POINT('',(23.1754264805429,-19.05,-14.));
#3532=CARTESIAN_POINT('',(23.1754264805429,-16.05,-14.));
#3533=CARTESIAN_POINT('',(21.5877132402715,-19.05,-11.25));
#3534=CARTESIAN_POINT('Origin',(21.5877132402715,-16.05,-16.75));
#3535=CARTESIAN_POINT('',(21.5877132402715,-19.05,-16.75));
#3536=CARTESIAN_POINT('',(21.5877132402715,-16.05,-16.75));
#3537=CARTESIAN_POINT('',(23.1754264805429,-19.05,-14.));
#3538=CARTESIAN_POINT('Origin',(18.4122867597285,-16.05,-16.75));
#3539=CARTESIAN_POINT('',(18.4122867597285,-19.05,-16.75));
#3540=CARTESIAN_POINT('',(18.4122867597285,-16.05,-16.75));
#3541=CARTESIAN_POINT('',(21.5877132402715,-19.05,-16.75));
#3542=CARTESIAN_POINT('Origin',(16.8245735194571,-16.05,-14.));
#3543=CARTESIAN_POINT('',(16.8245735194571,-19.05,-14.));
#3544=CARTESIAN_POINT('',(16.8245735194571,-16.05,-14.));
#3545=CARTESIAN_POINT('',(18.4122867597285,-19.05,-16.75));
#3546=CARTESIAN_POINT('Origin',(18.4122867597285,-16.05,-11.25));
#3547=CARTESIAN_POINT('',(16.8245735194571,-19.05,-14.));
#3548=CARTESIAN_POINT('Origin',(20.,-19.05,-14.));
#3549=CARTESIAN_POINT('',(18.25,-19.05,-14.));
#3550=CARTESIAN_POINT('Origin',(20.,-19.05,-14.));
#3551=CARTESIAN_POINT('Origin',(-18.4122867597285,-16.05,-1.25));
#3552=CARTESIAN_POINT('',(-18.4122867597285,-19.05,-1.25));
#3553=CARTESIAN_POINT('',(-18.4122867597285,-16.05,-1.25));
#3554=CARTESIAN_POINT('',(-21.5877132402715,-19.05,-1.25));
#3555=CARTESIAN_POINT('',(-21.5877132402715,-19.05,-1.25));
#3556=CARTESIAN_POINT('',(-21.5877132402715,-16.05,-1.25));
#3557=CARTESIAN_POINT('Origin',(-16.8245735194571,-16.05,-4.));
#3558=CARTESIAN_POINT('',(-16.8245735194571,-19.05,-4.));
#3559=CARTESIAN_POINT('',(-16.8245735194571,-16.05,-4.));
#3560=CARTESIAN_POINT('',(-18.4122867597285,-19.05,-1.25));
#3561=CARTESIAN_POINT('Origin',(-18.4122867597285,-16.05,-6.74999999999999));
#3562=CARTESIAN_POINT('',(-18.4122867597285,-19.05,-6.74999999999999));
#3563=CARTESIAN_POINT('',(-18.4122867597285,-16.05,-6.74999999999999));
#3564=CARTESIAN_POINT('',(-16.8245735194571,-19.05,-4.));
#3565=CARTESIAN_POINT('Origin',(-21.5877132402715,-16.05,-6.75));
#3566=CARTESIAN_POINT('',(-21.5877132402715,-19.05,-6.75));
#3567=CARTESIAN_POINT('',(-21.5877132402715,-16.05,-6.75));
#3568=CARTESIAN_POINT('',(-18.4122867597285,-19.05,-6.74999999999999));
#3569=CARTESIAN_POINT('Origin',(-23.1754264805429,-16.05,-4.));
#3570=CARTESIAN_POINT('',(-23.1754264805429,-19.05,-4.));
#3571=CARTESIAN_POINT('',(-23.1754264805429,-16.05,-4.));
#3572=CARTESIAN_POINT('',(-21.5877132402715,-19.05,-6.75));
#3573=CARTESIAN_POINT('Origin',(-21.5877132402715,-16.05,-1.25));
#3574=CARTESIAN_POINT('',(-23.1754264805429,-19.05,-4.));
#3575=CARTESIAN_POINT('Origin',(-20.,-19.05,-4.));
#3576=CARTESIAN_POINT('',(-21.75,-19.05,-4.));
#3577=CARTESIAN_POINT('Origin',(-20.,-19.05,-4.));
#3578=CARTESIAN_POINT('Origin',(-8.41228675972853,-16.05,-11.25));
#3579=CARTESIAN_POINT('',(-8.41228675972853,-19.05,-11.25));
#3580=CARTESIAN_POINT('',(-8.41228675972853,-16.05,-11.25));
#3581=CARTESIAN_POINT('',(-11.5877132402715,-19.05,-11.25));
#3582=CARTESIAN_POINT('',(-11.5877132402715,-19.05,-11.25));
#3583=CARTESIAN_POINT('',(-11.5877132402715,-16.05,-11.25));
#3584=CARTESIAN_POINT('Origin',(-6.82457351945706,-16.05,-14.));
#3585=CARTESIAN_POINT('',(-6.82457351945706,-19.05,-14.));
#3586=CARTESIAN_POINT('',(-6.82457351945706,-16.05,-14.));
#3587=CARTESIAN_POINT('',(-8.41228675972853,-19.05,-11.25));
#3588=CARTESIAN_POINT('Origin',(-8.41228675972853,-16.05,-16.75));
#3589=CARTESIAN_POINT('',(-8.41228675972853,-19.05,-16.75));
#3590=CARTESIAN_POINT('',(-8.41228675972853,-16.05,-16.75));
#3591=CARTESIAN_POINT('',(-6.82457351945706,-19.05,-14.));
#3592=CARTESIAN_POINT('Origin',(-11.5877132402715,-16.05,-16.75));
#3593=CARTESIAN_POINT('',(-11.5877132402715,-19.05,-16.75));
#3594=CARTESIAN_POINT('',(-11.5877132402715,-16.05,-16.75));
#3595=CARTESIAN_POINT('',(-8.41228675972853,-19.05,-16.75));
#3596=CARTESIAN_POINT('Origin',(-13.1754264805429,-16.05,-14.));
#3597=CARTESIAN_POINT('',(-13.1754264805429,-19.05,-14.));
#3598=CARTESIAN_POINT('',(-13.1754264805429,-16.05,-14.));
#3599=CARTESIAN_POINT('',(-11.5877132402715,-19.05,-16.75));
#3600=CARTESIAN_POINT('Origin',(-11.5877132402715,-16.05,-11.25));
#3601=CARTESIAN_POINT('',(-13.1754264805429,-19.05,-14.));
#3602=CARTESIAN_POINT('Origin',(-10.,-19.05,-14.));
#3603=CARTESIAN_POINT('',(-11.75,-19.05,-14.));
#3604=CARTESIAN_POINT('Origin',(-10.,-19.05,-14.));
#3605=CARTESIAN_POINT('Origin',(21.5877132402715,-16.05,-1.25));
#3606=CARTESIAN_POINT('',(21.5877132402715,-19.05,-1.25));
#3607=CARTESIAN_POINT('',(21.5877132402715,-16.05,-1.25));
#3608=CARTESIAN_POINT('',(18.4122867597285,-19.05,-1.25));
#3609=CARTESIAN_POINT('',(18.4122867597285,-19.05,-1.25));
#3610=CARTESIAN_POINT('',(18.4122867597285,-16.05,-1.25));
#3611=CARTESIAN_POINT('Origin',(23.1754264805429,-16.05,-4.));
#3612=CARTESIAN_POINT('',(23.1754264805429,-19.05,-4.));
#3613=CARTESIAN_POINT('',(23.1754264805429,-16.05,-4.));
#3614=CARTESIAN_POINT('',(21.5877132402715,-19.05,-1.25));
#3615=CARTESIAN_POINT('Origin',(21.5877132402715,-16.05,-6.74999999999999));
#3616=CARTESIAN_POINT('',(21.5877132402715,-19.05,-6.74999999999999));
#3617=CARTESIAN_POINT('',(21.5877132402715,-16.05,-6.74999999999999));
#3618=CARTESIAN_POINT('',(23.1754264805429,-19.05,-4.));
#3619=CARTESIAN_POINT('Origin',(18.4122867597285,-16.05,-6.75));
#3620=CARTESIAN_POINT('',(18.4122867597285,-19.05,-6.75));
#3621=CARTESIAN_POINT('',(18.4122867597285,-16.05,-6.75));
#3622=CARTESIAN_POINT('',(21.5877132402715,-19.05,-6.74999999999999));
#3623=CARTESIAN_POINT('Origin',(16.8245735194571,-16.05,-4.));
#3624=CARTESIAN_POINT('',(16.8245735194571,-19.05,-4.));
#3625=CARTESIAN_POINT('',(16.8245735194571,-16.05,-4.));
#3626=CARTESIAN_POINT('',(18.4122867597285,-19.05,-6.75));
#3627=CARTESIAN_POINT('Origin',(18.4122867597285,-16.05,-1.25));
#3628=CARTESIAN_POINT('',(16.8245735194571,-19.05,-4.));
#3629=CARTESIAN_POINT('Origin',(20.,-19.05,-4.));
#3630=CARTESIAN_POINT('',(18.25,-19.05,-4.));
#3631=CARTESIAN_POINT('Origin',(20.,-19.05,-4.));
#3632=CARTESIAN_POINT('Origin',(11.5877132402715,-16.05,-11.25));
#3633=CARTESIAN_POINT('',(11.5877132402715,-19.05,-11.25));
#3634=CARTESIAN_POINT('',(11.5877132402715,-16.05,-11.25));
#3635=CARTESIAN_POINT('',(8.41228675972853,-19.05,-11.25));
#3636=CARTESIAN_POINT('',(8.41228675972853,-19.05,-11.25));
#3637=CARTESIAN_POINT('',(8.41228675972853,-16.05,-11.25));
#3638=CARTESIAN_POINT('Origin',(13.1754264805429,-16.05,-14.));
#3639=CARTESIAN_POINT('',(13.1754264805429,-19.05,-14.));
#3640=CARTESIAN_POINT('',(13.1754264805429,-16.05,-14.));
#3641=CARTESIAN_POINT('',(11.5877132402715,-19.05,-11.25));
#3642=CARTESIAN_POINT('Origin',(11.5877132402715,-16.05,-16.75));
#3643=CARTESIAN_POINT('',(11.5877132402715,-19.05,-16.75));
#3644=CARTESIAN_POINT('',(11.5877132402715,-16.05,-16.75));
#3645=CARTESIAN_POINT('',(13.1754264805429,-19.05,-14.));
#3646=CARTESIAN_POINT('Origin',(8.41228675972853,-16.05,-16.75));
#3647=CARTESIAN_POINT('',(8.41228675972853,-19.05,-16.75));
#3648=CARTESIAN_POINT('',(8.41228675972853,-16.05,-16.75));
#3649=CARTESIAN_POINT('',(11.5877132402715,-19.05,-16.75));
#3650=CARTESIAN_POINT('Origin',(6.82457351945706,-16.05,-14.));
#3651=CARTESIAN_POINT('',(6.82457351945706,-19.05,-14.));
#3652=CARTESIAN_POINT('',(6.82457351945706,-16.05,-14.));
#3653=CARTESIAN_POINT('',(8.41228675972853,-19.05,-16.75));
#3654=CARTESIAN_POINT('Origin',(8.41228675972853,-16.05,-11.25));
#3655=CARTESIAN_POINT('',(6.82457351945706,-19.05,-14.));
#3656=CARTESIAN_POINT('Origin',(10.,-19.05,-14.));
#3657=CARTESIAN_POINT('',(8.25,-19.05,-14.));
#3658=CARTESIAN_POINT('Origin',(10.,-19.05,-14.));
#3659=CARTESIAN_POINT('Origin',(-18.4122867597285,-16.05,-11.25));
#3660=CARTESIAN_POINT('',(-18.4122867597285,-19.05,-11.25));
#3661=CARTESIAN_POINT('',(-18.4122867597285,-16.05,-11.25));
#3662=CARTESIAN_POINT('',(-21.5877132402715,-19.05,-11.25));
#3663=CARTESIAN_POINT('',(-21.5877132402715,-19.05,-11.25));
#3664=CARTESIAN_POINT('',(-21.5877132402715,-16.05,-11.25));
#3665=CARTESIAN_POINT('Origin',(-16.8245735194571,-16.05,-14.));
#3666=CARTESIAN_POINT('',(-16.8245735194571,-19.05,-14.));
#3667=CARTESIAN_POINT('',(-16.8245735194571,-16.05,-14.));
#3668=CARTESIAN_POINT('',(-18.4122867597285,-19.05,-11.25));
#3669=CARTESIAN_POINT('Origin',(-18.4122867597285,-16.05,-16.75));
#3670=CARTESIAN_POINT('',(-18.4122867597285,-19.05,-16.75));
#3671=CARTESIAN_POINT('',(-18.4122867597285,-16.05,-16.75));
#3672=CARTESIAN_POINT('',(-16.8245735194571,-19.05,-14.));
#3673=CARTESIAN_POINT('Origin',(-21.5877132402715,-16.05,-16.75));
#3674=CARTESIAN_POINT('',(-21.5877132402715,-19.05,-16.75));
#3675=CARTESIAN_POINT('',(-21.5877132402715,-16.05,-16.75));
#3676=CARTESIAN_POINT('',(-18.4122867597285,-19.05,-16.75));
#3677=CARTESIAN_POINT('Origin',(-23.1754264805429,-16.05,-14.));
#3678=CARTESIAN_POINT('',(-23.1754264805429,-19.05,-14.));
#3679=CARTESIAN_POINT('',(-23.1754264805429,-16.05,-14.));
#3680=CARTESIAN_POINT('',(-21.5877132402715,-19.05,-16.75));
#3681=CARTESIAN_POINT('Origin',(-21.5877132402715,-16.05,-11.25));
#3682=CARTESIAN_POINT('',(-23.1754264805429,-19.05,-14.));
#3683=CARTESIAN_POINT('Origin',(-20.,-19.05,-14.));
#3684=CARTESIAN_POINT('',(-21.75,-19.05,-14.));
#3685=CARTESIAN_POINT('Origin',(-20.,-19.05,-14.));
#3686=CARTESIAN_POINT('Origin',(-10.,-16.05,-14.));
#3687=CARTESIAN_POINT('',(-11.75,-16.05,-14.));
#3688=CARTESIAN_POINT('Origin',(10.,-16.05,-4.));
#3689=CARTESIAN_POINT('',(8.25,-16.05,-4.));
#3690=CARTESIAN_POINT('Origin',(0.,-16.05,-9.));
#3691=CARTESIAN_POINT('',(-0.9,-16.05,-9.));
#3692=CARTESIAN_POINT('Origin',(-20.,-16.05,-14.));
#3693=CARTESIAN_POINT('',(-21.75,-16.05,-14.));
#3694=CARTESIAN_POINT('Origin',(10.,-16.05,-14.));
#3695=CARTESIAN_POINT('',(8.25,-16.05,-14.));
#3696=CARTESIAN_POINT('Origin',(-10.,-16.05,-4.));
#3697=CARTESIAN_POINT('',(-11.75,-16.05,-4.));
#3698=CARTESIAN_POINT('Origin',(20.,-16.05,-4.));
#3699=CARTESIAN_POINT('',(18.25,-16.05,-4.));
#3700=CARTESIAN_POINT('Origin',(-20.,-16.05,-4.));
#3701=CARTESIAN_POINT('',(-21.75,-16.05,-4.));
#3702=CARTESIAN_POINT('Origin',(20.,-16.05,-14.));
#3703=CARTESIAN_POINT('',(18.25,-16.05,-14.));
#3704=UNCERTAINTY_MEASURE_WITH_UNIT(LENGTH_MEASURE(0.01),#3708,
'DISTANCE_ACCURACY_VALUE',
'Maximum model space distance between geometric entities at asserted c
onnectivities');
#3705=UNCERTAINTY_MEASURE_WITH_UNIT(LENGTH_MEASURE(0.01),#3708,
'DISTANCE_ACCURACY_VALUE',
'Maximum model space distance between geometric entities at asserted c
onnectivities');
#3706=(
GEOMETRIC_REPRESENTATION_CONTEXT(3)
GLOBAL_UNCERTAINTY_ASSIGNED_CONTEXT((#3704))
GLOBAL_UNIT_ASSIGNED_CONTEXT((#3708,#3710,#3711))
REPRESENTATION_CONTEXT('','3D')
);
#3707=(
GEOMETRIC_REPRESENTATION_CONTEXT(3)
GLOBAL_UNCERTAINTY_ASSIGNED_CONTEXT((#3705))
GLOBAL_UNIT_ASSIGNED_CONTEXT((#3708,#3710,#3711))
REPRESENTATION_CONTEXT('','3D')
);
#3708=(
LENGTH_UNIT()
NAMED_UNIT(*)
SI_UNIT(.MILLI.,.METRE.)
);
#3709=(
LENGTH_UNIT()
NAMED_UNIT(*)
SI_UNIT($,.METRE.)
);
#3710=(
NAMED_UNIT(*)
PLANE_ANGLE_UNIT()
SI_UNIT($,.RADIAN.)
);
#3711=(
NAMED_UNIT(*)
SI_UNIT($,.STERADIAN.)
SOLID_ANGLE_UNIT()
);
#3712=SHAPE_DEFINITION_REPRESENTATION(#3713,#3714);
#3713=PRODUCT_DEFINITION_SHAPE('',$,#3716);
#3714=SHAPE_REPRESENTATION('',(#1981),#3706);
#3715=PRODUCT_DEFINITION_CONTEXT('part definition',#3720,'design');
#3716=PRODUCT_DEFINITION('2026-04-29-17-25-14-924',
'UGREEN Camera Mount',#3717,#3715);
#3717=PRODUCT_DEFINITION_FORMATION('',$,#3722);
#3718=PRODUCT_RELATED_PRODUCT_CATEGORY('UGREEN Camera Mount',
'UGREEN Camera Mount',(#3722));
#3719=APPLICATION_PROTOCOL_DEFINITION('international standard',
'automotive_design',2009,#3720);
#3720=APPLICATION_CONTEXT(
'Core Data for Automotive Mechanical Design Process');
#3721=PRODUCT_CONTEXT('part definition',#3720,'mechanical');
#3722=PRODUCT('2026-04-29-17-25-14-924','UGREEN Camera Mount',$,(#3721));
#3723=PRESENTATION_STYLE_ASSIGNMENT((#3724));
#3724=SURFACE_STYLE_USAGE(.BOTH.,#3725);
#3725=SURFACE_SIDE_STYLE('',(#3726));
#3726=SURFACE_STYLE_FILL_AREA(#3727);
#3727=FILL_AREA_STYLE('Plastic - Matte (Blue)',(#3728));
#3728=FILL_AREA_STYLE_COLOUR('Plastic - Matte (Blue)',#3729);
#3729=COLOUR_RGB('Plastic - Matte (Blue)',0.192156862745098,0.345098039215686,
0.596078431372549);
ENDSEC;
END-ISO-10303-21;
