ISO-10303-21;
HEADER;
/* Generated by software containing ST-Developer
 * from STEP Tools, Inc. (www.steptools.com) 
 */

FILE_DESCRIPTION(
/* description */ (''),
/* implementation_level */ '2;1');

FILE_NAME(
/* name */ 'Chassis Base.step',
/* time_stamp */ '2026-05-29T14:02:29+01:00',
/* author */ (''),
/* organization */ (''),
/* preprocessor_version */ 'ST-DEVELOPER v20.1',
/* originating_system */ 'Autodesk Translation Framework v15.8.0.0',
/* authorisation */ '');

FILE_SCHEMA (('AUTOMOTIVE_DESIGN { 1 0 10303 214 3 1 1 }'));
ENDSEC;

DATA;
#10=MECHANICAL_DESIGN_GEOMETRIC_PRESENTATION_REPRESENTATION('',(#13),#4258);
#11=SHAPE_REPRESENTATION_RELATIONSHIP('SRR','None',#4265,#12);
#12=ADVANCED_BREP_SHAPE_REPRESENTATION('',(#14),#4257);
#13=STYLED_ITEM('',(#4275),#14);
#14=MANIFOLD_SOLID_BREP('Body1',#2510);
#15=CYLINDRICAL_SURFACE('',#2738,117.5);
#16=CYLINDRICAL_SURFACE('',#2739,1.75);
#17=CYLINDRICAL_SURFACE('',#2740,1.75);
#18=CYLINDRICAL_SURFACE('',#2741,1.75);
#19=CYLINDRICAL_SURFACE('',#2742,1.75);
#20=CYLINDRICAL_SURFACE('',#2743,1.75);
#21=CYLINDRICAL_SURFACE('',#2744,1.75);
#22=CYLINDRICAL_SURFACE('',#2745,1.75);
#23=CYLINDRICAL_SURFACE('',#2746,1.75);
#24=CYLINDRICAL_SURFACE('',#2747,1.75);
#25=CYLINDRICAL_SURFACE('',#2748,1.75);
#26=CYLINDRICAL_SURFACE('',#2749,1.75);
#27=CYLINDRICAL_SURFACE('',#2750,1.75);
#28=CYLINDRICAL_SURFACE('',#2751,1.75);
#29=CYLINDRICAL_SURFACE('',#2752,1.75);
#30=CYLINDRICAL_SURFACE('',#2753,1.75);
#31=CYLINDRICAL_SURFACE('',#2754,1.75);
#32=CYLINDRICAL_SURFACE('',#2755,1.75);
#33=CYLINDRICAL_SURFACE('',#2756,1.75);
#34=CYLINDRICAL_SURFACE('',#2757,1.75);
#35=CYLINDRICAL_SURFACE('',#2758,1.75);
#36=CYLINDRICAL_SURFACE('',#2759,1.75);
#37=CYLINDRICAL_SURFACE('',#2760,1.75);
#38=CYLINDRICAL_SURFACE('',#2761,1.75);
#39=CYLINDRICAL_SURFACE('',#2762,1.75);
#40=CYLINDRICAL_SURFACE('',#2763,1.75);
#41=CYLINDRICAL_SURFACE('',#2764,1.75);
#42=CYLINDRICAL_SURFACE('',#2765,1.75);
#43=CYLINDRICAL_SURFACE('',#2766,1.75);
#44=CYLINDRICAL_SURFACE('',#2767,1.75);
#45=CYLINDRICAL_SURFACE('',#2768,1.75);
#46=CYLINDRICAL_SURFACE('',#2769,1.75);
#47=CYLINDRICAL_SURFACE('',#2770,1.75);
#48=CYLINDRICAL_SURFACE('',#2771,1.75);
#49=CYLINDRICAL_SURFACE('',#2772,1.75);
#50=CYLINDRICAL_SURFACE('',#2773,1.75);
#51=CYLINDRICAL_SURFACE('',#2774,1.75);
#52=CYLINDRICAL_SURFACE('',#2775,1.75);
#53=CYLINDRICAL_SURFACE('',#2776,1.75);
#54=CYLINDRICAL_SURFACE('',#2777,1.75);
#55=CYLINDRICAL_SURFACE('',#2778,1.75);
#56=CYLINDRICAL_SURFACE('',#2779,1.75);
#57=CYLINDRICAL_SURFACE('',#2780,1.75);
#58=CYLINDRICAL_SURFACE('',#2781,1.75);
#59=CYLINDRICAL_SURFACE('',#2782,1.75);
#60=CYLINDRICAL_SURFACE('',#2783,1.75);
#61=CYLINDRICAL_SURFACE('',#2784,1.75);
#62=CYLINDRICAL_SURFACE('',#2785,1.75);
#63=CYLINDRICAL_SURFACE('',#2786,1.75);
#64=CYLINDRICAL_SURFACE('',#2787,1.75);
#65=CYLINDRICAL_SURFACE('',#2788,1.75);
#66=CYLINDRICAL_SURFACE('',#2789,1.75);
#67=CYLINDRICAL_SURFACE('',#2790,1.75);
#68=CYLINDRICAL_SURFACE('',#2791,1.75);
#69=CYLINDRICAL_SURFACE('',#2792,1.75);
#70=CYLINDRICAL_SURFACE('',#2793,1.75);
#71=CYLINDRICAL_SURFACE('',#2794,1.75);
#72=CYLINDRICAL_SURFACE('',#2795,1.75);
#73=CYLINDRICAL_SURFACE('',#2796,1.75);
#74=CYLINDRICAL_SURFACE('',#2797,1.75);
#75=CYLINDRICAL_SURFACE('',#2798,1.75);
#76=CYLINDRICAL_SURFACE('',#2799,1.75);
#77=CYLINDRICAL_SURFACE('',#2800,1.75);
#78=CYLINDRICAL_SURFACE('',#2801,1.75);
#79=CYLINDRICAL_SURFACE('',#2802,1.75);
#80=CYLINDRICAL_SURFACE('',#2803,1.75);
#81=CYLINDRICAL_SURFACE('',#2804,1.75);
#82=CYLINDRICAL_SURFACE('',#2805,1.75);
#83=CYLINDRICAL_SURFACE('',#2806,1.75);
#84=CYLINDRICAL_SURFACE('',#2807,1.75);
#85=CYLINDRICAL_SURFACE('',#2808,1.75);
#86=CYLINDRICAL_SURFACE('',#2809,1.75);
#87=CYLINDRICAL_SURFACE('',#2810,1.75);
#88=CYLINDRICAL_SURFACE('',#2811,1.75);
#89=CYLINDRICAL_SURFACE('',#2812,1.75);
#90=CYLINDRICAL_SURFACE('',#2813,1.75);
#91=CYLINDRICAL_SURFACE('',#2814,1.75);
#92=CYLINDRICAL_SURFACE('',#2815,1.75);
#93=CYLINDRICAL_SURFACE('',#2816,1.75);
#94=CYLINDRICAL_SURFACE('',#2817,1.75);
#95=CYLINDRICAL_SURFACE('',#2818,1.75);
#96=CYLINDRICAL_SURFACE('',#2819,1.75);
#97=CYLINDRICAL_SURFACE('',#2820,1.75);
#98=CYLINDRICAL_SURFACE('',#2821,1.75);
#99=CYLINDRICAL_SURFACE('',#2822,1.75);
#100=CYLINDRICAL_SURFACE('',#2823,1.75);
#101=CYLINDRICAL_SURFACE('',#2824,1.75);
#102=CYLINDRICAL_SURFACE('',#2825,1.75);
#103=CYLINDRICAL_SURFACE('',#2826,1.75);
#104=CYLINDRICAL_SURFACE('',#2827,1.75);
#105=CYLINDRICAL_SURFACE('',#2828,1.75);
#106=CYLINDRICAL_SURFACE('',#2829,1.75);
#107=CYLINDRICAL_SURFACE('',#2830,1.75);
#108=CYLINDRICAL_SURFACE('',#2831,1.75);
#109=CYLINDRICAL_SURFACE('',#2832,1.75);
#110=CYLINDRICAL_SURFACE('',#2833,1.75);
#111=CYLINDRICAL_SURFACE('',#2834,1.75);
#112=CYLINDRICAL_SURFACE('',#2835,1.75);
#113=CYLINDRICAL_SURFACE('',#2836,1.75);
#114=CYLINDRICAL_SURFACE('',#2837,1.75);
#115=CYLINDRICAL_SURFACE('',#2838,1.75);
#116=CYLINDRICAL_SURFACE('',#2839,1.75);
#117=CYLINDRICAL_SURFACE('',#2840,117.5);
#118=FACE_BOUND('',#644,.T.);
#119=FACE_BOUND('',#645,.T.);
#120=FACE_BOUND('',#646,.T.);
#121=FACE_BOUND('',#647,.T.);
#122=FACE_BOUND('',#648,.T.);
#123=FACE_BOUND('',#649,.T.);
#124=FACE_BOUND('',#650,.T.);
#125=FACE_BOUND('',#651,.T.);
#126=FACE_BOUND('',#652,.T.);
#127=FACE_BOUND('',#653,.T.);
#128=FACE_BOUND('',#654,.T.);
#129=FACE_BOUND('',#655,.T.);
#130=FACE_BOUND('',#656,.T.);
#131=FACE_BOUND('',#657,.T.);
#132=FACE_BOUND('',#658,.T.);
#133=FACE_BOUND('',#659,.T.);
#134=FACE_BOUND('',#660,.T.);
#135=FACE_BOUND('',#661,.T.);
#136=FACE_BOUND('',#662,.T.);
#137=FACE_BOUND('',#663,.T.);
#138=FACE_BOUND('',#664,.T.);
#139=FACE_BOUND('',#665,.T.);
#140=FACE_BOUND('',#666,.T.);
#141=FACE_BOUND('',#667,.T.);
#142=FACE_BOUND('',#668,.T.);
#143=FACE_BOUND('',#669,.T.);
#144=FACE_BOUND('',#670,.T.);
#145=FACE_BOUND('',#671,.T.);
#146=FACE_BOUND('',#672,.T.);
#147=FACE_BOUND('',#673,.T.);
#148=FACE_BOUND('',#674,.T.);
#149=FACE_BOUND('',#675,.T.);
#150=FACE_BOUND('',#676,.T.);
#151=FACE_BOUND('',#677,.T.);
#152=FACE_BOUND('',#678,.T.);
#153=FACE_BOUND('',#679,.T.);
#154=FACE_BOUND('',#680,.T.);
#155=FACE_BOUND('',#681,.T.);
#156=FACE_BOUND('',#682,.T.);
#157=FACE_BOUND('',#683,.T.);
#158=FACE_BOUND('',#684,.T.);
#159=FACE_BOUND('',#685,.T.);
#160=FACE_BOUND('',#686,.T.);
#161=FACE_BOUND('',#687,.T.);
#162=FACE_BOUND('',#688,.T.);
#163=FACE_BOUND('',#689,.T.);
#164=FACE_BOUND('',#690,.T.);
#165=FACE_BOUND('',#691,.T.);
#166=FACE_BOUND('',#692,.T.);
#167=FACE_BOUND('',#693,.T.);
#168=FACE_BOUND('',#694,.T.);
#169=FACE_BOUND('',#695,.T.);
#170=FACE_BOUND('',#696,.T.);
#171=FACE_BOUND('',#697,.T.);
#172=FACE_BOUND('',#698,.T.);
#173=FACE_BOUND('',#699,.T.);
#174=FACE_BOUND('',#700,.T.);
#175=FACE_BOUND('',#701,.T.);
#176=FACE_BOUND('',#702,.T.);
#177=FACE_BOUND('',#703,.T.);
#178=FACE_BOUND('',#704,.T.);
#179=FACE_BOUND('',#705,.T.);
#180=FACE_BOUND('',#706,.T.);
#181=FACE_BOUND('',#707,.T.);
#182=FACE_BOUND('',#708,.T.);
#183=FACE_BOUND('',#709,.T.);
#184=FACE_BOUND('',#710,.T.);
#185=FACE_BOUND('',#711,.T.);
#186=FACE_BOUND('',#712,.T.);
#187=FACE_BOUND('',#713,.T.);
#188=FACE_BOUND('',#714,.T.);
#189=FACE_BOUND('',#715,.T.);
#190=FACE_BOUND('',#716,.T.);
#191=FACE_BOUND('',#717,.T.);
#192=FACE_BOUND('',#718,.T.);
#193=FACE_BOUND('',#719,.T.);
#194=FACE_BOUND('',#720,.T.);
#195=FACE_BOUND('',#721,.T.);
#196=FACE_BOUND('',#722,.T.);
#197=FACE_BOUND('',#723,.T.);
#198=FACE_BOUND('',#724,.T.);
#199=FACE_BOUND('',#725,.T.);
#200=FACE_BOUND('',#726,.T.);
#201=FACE_BOUND('',#727,.T.);
#202=FACE_BOUND('',#728,.T.);
#203=FACE_BOUND('',#729,.T.);
#204=FACE_BOUND('',#730,.T.);
#205=FACE_BOUND('',#731,.T.);
#206=FACE_BOUND('',#732,.T.);
#207=FACE_BOUND('',#733,.T.);
#208=FACE_BOUND('',#734,.T.);
#209=FACE_BOUND('',#735,.T.);
#210=FACE_BOUND('',#736,.T.);
#211=FACE_BOUND('',#737,.T.);
#212=FACE_BOUND('',#738,.T.);
#213=FACE_BOUND('',#739,.T.);
#214=FACE_BOUND('',#740,.T.);
#215=FACE_BOUND('',#741,.T.);
#216=FACE_BOUND('',#742,.T.);
#217=FACE_BOUND('',#743,.T.);
#218=FACE_BOUND('',#744,.T.);
#219=FACE_BOUND('',#746,.T.);
#220=FACE_BOUND('',#747,.T.);
#221=FACE_BOUND('',#748,.T.);
#222=FACE_BOUND('',#749,.T.);
#223=FACE_BOUND('',#750,.T.);
#224=FACE_BOUND('',#751,.T.);
#225=FACE_BOUND('',#752,.T.);
#226=FACE_BOUND('',#753,.T.);
#227=FACE_BOUND('',#754,.T.);
#228=FACE_BOUND('',#755,.T.);
#229=FACE_BOUND('',#756,.T.);
#230=FACE_BOUND('',#757,.T.);
#231=FACE_BOUND('',#758,.T.);
#232=FACE_BOUND('',#759,.T.);
#233=FACE_BOUND('',#760,.T.);
#234=FACE_BOUND('',#761,.T.);
#235=FACE_BOUND('',#762,.T.);
#236=FACE_BOUND('',#763,.T.);
#237=FACE_BOUND('',#764,.T.);
#238=FACE_BOUND('',#765,.T.);
#239=FACE_BOUND('',#766,.T.);
#240=FACE_BOUND('',#767,.T.);
#241=FACE_BOUND('',#768,.T.);
#242=FACE_BOUND('',#769,.T.);
#243=FACE_BOUND('',#770,.T.);
#244=FACE_BOUND('',#771,.T.);
#245=FACE_BOUND('',#772,.T.);
#246=FACE_BOUND('',#773,.T.);
#247=FACE_BOUND('',#774,.T.);
#248=FACE_BOUND('',#775,.T.);
#249=FACE_BOUND('',#776,.T.);
#250=FACE_BOUND('',#777,.T.);
#251=FACE_BOUND('',#778,.T.);
#252=FACE_BOUND('',#779,.T.);
#253=FACE_BOUND('',#780,.T.);
#254=FACE_BOUND('',#781,.T.);
#255=FACE_BOUND('',#782,.T.);
#256=FACE_BOUND('',#783,.T.);
#257=FACE_BOUND('',#784,.T.);
#258=FACE_BOUND('',#785,.T.);
#259=FACE_BOUND('',#786,.T.);
#260=FACE_BOUND('',#787,.T.);
#261=FACE_BOUND('',#788,.T.);
#262=FACE_BOUND('',#789,.T.);
#263=FACE_BOUND('',#790,.T.);
#264=FACE_BOUND('',#791,.T.);
#265=FACE_BOUND('',#792,.T.);
#266=FACE_BOUND('',#793,.T.);
#267=FACE_BOUND('',#794,.T.);
#268=FACE_BOUND('',#795,.T.);
#269=FACE_BOUND('',#796,.T.);
#270=FACE_BOUND('',#797,.T.);
#271=FACE_BOUND('',#798,.T.);
#272=FACE_BOUND('',#799,.T.);
#273=FACE_BOUND('',#800,.T.);
#274=FACE_BOUND('',#801,.T.);
#275=FACE_BOUND('',#802,.T.);
#276=FACE_BOUND('',#803,.T.);
#277=FACE_BOUND('',#804,.T.);
#278=FACE_BOUND('',#805,.T.);
#279=FACE_BOUND('',#806,.T.);
#280=FACE_BOUND('',#807,.T.);
#281=FACE_BOUND('',#808,.T.);
#282=FACE_BOUND('',#809,.T.);
#283=FACE_BOUND('',#810,.T.);
#284=FACE_BOUND('',#811,.T.);
#285=FACE_BOUND('',#812,.T.);
#286=FACE_BOUND('',#813,.T.);
#287=FACE_BOUND('',#814,.T.);
#288=FACE_BOUND('',#815,.T.);
#289=FACE_BOUND('',#816,.T.);
#290=FACE_BOUND('',#817,.T.);
#291=FACE_BOUND('',#818,.T.);
#292=FACE_BOUND('',#819,.T.);
#293=FACE_BOUND('',#820,.T.);
#294=FACE_BOUND('',#821,.T.);
#295=FACE_BOUND('',#822,.T.);
#296=FACE_BOUND('',#823,.T.);
#297=FACE_BOUND('',#824,.T.);
#298=FACE_BOUND('',#825,.T.);
#299=FACE_BOUND('',#826,.T.);
#300=FACE_BOUND('',#827,.T.);
#301=FACE_BOUND('',#828,.T.);
#302=FACE_BOUND('',#829,.T.);
#303=FACE_BOUND('',#830,.T.);
#304=FACE_BOUND('',#831,.T.);
#305=FACE_BOUND('',#832,.T.);
#306=FACE_BOUND('',#833,.T.);
#307=FACE_BOUND('',#834,.T.);
#308=FACE_BOUND('',#835,.T.);
#309=FACE_BOUND('',#836,.T.);
#310=FACE_BOUND('',#837,.T.);
#311=FACE_BOUND('',#838,.T.);
#312=FACE_BOUND('',#839,.T.);
#313=FACE_BOUND('',#840,.T.);
#314=FACE_BOUND('',#841,.T.);
#315=FACE_BOUND('',#842,.T.);
#316=FACE_BOUND('',#843,.T.);
#317=FACE_BOUND('',#844,.T.);
#318=FACE_BOUND('',#845,.T.);
#319=FACE_BOUND('',#846,.T.);
#320=CIRCLE('',#2531,117.5);
#321=CIRCLE('',#2532,117.5);
#322=CIRCLE('',#2533,1.75);
#323=CIRCLE('',#2534,1.75);
#324=CIRCLE('',#2535,1.75);
#325=CIRCLE('',#2536,1.75);
#326=CIRCLE('',#2537,1.75);
#327=CIRCLE('',#2538,1.75);
#328=CIRCLE('',#2539,1.75);
#329=CIRCLE('',#2540,1.75);
#330=CIRCLE('',#2541,1.75);
#331=CIRCLE('',#2542,1.75);
#332=CIRCLE('',#2543,1.75);
#333=CIRCLE('',#2544,1.75);
#334=CIRCLE('',#2545,1.75);
#335=CIRCLE('',#2546,1.75);
#336=CIRCLE('',#2547,1.75);
#337=CIRCLE('',#2548,1.75);
#338=CIRCLE('',#2549,1.75);
#339=CIRCLE('',#2550,1.75);
#340=CIRCLE('',#2551,1.75);
#341=CIRCLE('',#2552,1.75);
#342=CIRCLE('',#2553,1.75);
#343=CIRCLE('',#2554,1.75);
#344=CIRCLE('',#2555,1.75);
#345=CIRCLE('',#2556,1.75);
#346=CIRCLE('',#2557,1.75);
#347=CIRCLE('',#2558,1.75);
#348=CIRCLE('',#2559,1.75);
#349=CIRCLE('',#2560,1.75);
#350=CIRCLE('',#2561,1.75);
#351=CIRCLE('',#2562,1.75);
#352=CIRCLE('',#2563,1.75);
#353=CIRCLE('',#2564,1.75);
#354=CIRCLE('',#2565,1.75);
#355=CIRCLE('',#2566,1.75);
#356=CIRCLE('',#2567,1.75);
#357=CIRCLE('',#2568,1.75);
#358=CIRCLE('',#2569,1.75);
#359=CIRCLE('',#2570,1.75);
#360=CIRCLE('',#2571,1.75);
#361=CIRCLE('',#2572,1.75);
#362=CIRCLE('',#2573,1.75);
#363=CIRCLE('',#2574,1.75);
#364=CIRCLE('',#2575,1.75);
#365=CIRCLE('',#2576,1.75);
#366=CIRCLE('',#2577,1.75);
#367=CIRCLE('',#2578,1.75);
#368=CIRCLE('',#2579,1.75);
#369=CIRCLE('',#2580,1.75);
#370=CIRCLE('',#2581,1.75);
#371=CIRCLE('',#2582,1.75);
#372=CIRCLE('',#2583,1.75);
#373=CIRCLE('',#2584,1.75);
#374=CIRCLE('',#2585,1.75);
#375=CIRCLE('',#2586,1.75);
#376=CIRCLE('',#2587,1.75);
#377=CIRCLE('',#2588,1.75);
#378=CIRCLE('',#2589,1.75);
#379=CIRCLE('',#2590,1.75);
#380=CIRCLE('',#2591,1.75);
#381=CIRCLE('',#2592,1.75);
#382=CIRCLE('',#2593,1.75);
#383=CIRCLE('',#2594,1.75);
#384=CIRCLE('',#2595,1.75);
#385=CIRCLE('',#2596,1.75);
#386=CIRCLE('',#2597,1.75);
#387=CIRCLE('',#2598,1.75);
#388=CIRCLE('',#2599,1.75);
#389=CIRCLE('',#2600,1.75);
#390=CIRCLE('',#2601,1.75);
#391=CIRCLE('',#2602,1.75);
#392=CIRCLE('',#2603,1.75);
#393=CIRCLE('',#2604,1.75);
#394=CIRCLE('',#2605,1.75);
#395=CIRCLE('',#2606,1.75);
#396=CIRCLE('',#2607,1.75);
#397=CIRCLE('',#2608,1.75);
#398=CIRCLE('',#2609,1.75);
#399=CIRCLE('',#2610,1.75);
#400=CIRCLE('',#2611,1.75);
#401=CIRCLE('',#2612,1.75);
#402=CIRCLE('',#2613,1.75);
#403=CIRCLE('',#2614,1.75);
#404=CIRCLE('',#2615,1.75);
#405=CIRCLE('',#2616,1.75);
#406=CIRCLE('',#2617,1.75);
#407=CIRCLE('',#2618,1.75);
#408=CIRCLE('',#2619,1.75);
#409=CIRCLE('',#2620,1.75);
#410=CIRCLE('',#2621,1.75);
#411=CIRCLE('',#2622,1.75);
#412=CIRCLE('',#2623,1.75);
#413=CIRCLE('',#2624,1.75);
#414=CIRCLE('',#2625,1.75);
#415=CIRCLE('',#2626,1.75);
#416=CIRCLE('',#2627,1.75);
#417=CIRCLE('',#2628,1.75);
#418=CIRCLE('',#2629,1.75);
#419=CIRCLE('',#2630,1.75);
#420=CIRCLE('',#2631,1.75);
#421=CIRCLE('',#2632,1.75);
#422=CIRCLE('',#2633,1.75);
#423=CIRCLE('',#2635,117.5);
#424=CIRCLE('',#2636,117.5);
#425=CIRCLE('',#2637,1.75);
#426=CIRCLE('',#2638,1.75);
#427=CIRCLE('',#2639,1.75);
#428=CIRCLE('',#2640,1.75);
#429=CIRCLE('',#2641,1.75);
#430=CIRCLE('',#2642,1.75);
#431=CIRCLE('',#2643,1.75);
#432=CIRCLE('',#2644,1.75);
#433=CIRCLE('',#2645,1.75);
#434=CIRCLE('',#2646,1.75);
#435=CIRCLE('',#2647,1.75);
#436=CIRCLE('',#2648,1.75);
#437=CIRCLE('',#2649,1.75);
#438=CIRCLE('',#2650,1.75);
#439=CIRCLE('',#2651,1.75);
#440=CIRCLE('',#2652,1.75);
#441=CIRCLE('',#2653,1.75);
#442=CIRCLE('',#2654,1.75);
#443=CIRCLE('',#2655,1.75);
#444=CIRCLE('',#2656,1.75);
#445=CIRCLE('',#2657,1.75);
#446=CIRCLE('',#2658,1.75);
#447=CIRCLE('',#2659,1.75);
#448=CIRCLE('',#2660,1.75);
#449=CIRCLE('',#2661,1.75);
#450=CIRCLE('',#2662,1.75);
#451=CIRCLE('',#2663,1.75);
#452=CIRCLE('',#2664,1.75);
#453=CIRCLE('',#2665,1.75);
#454=CIRCLE('',#2666,1.75);
#455=CIRCLE('',#2667,1.75);
#456=CIRCLE('',#2668,1.75);
#457=CIRCLE('',#2669,1.75);
#458=CIRCLE('',#2670,1.75);
#459=CIRCLE('',#2671,1.75);
#460=CIRCLE('',#2672,1.75);
#461=CIRCLE('',#2673,1.75);
#462=CIRCLE('',#2674,1.75);
#463=CIRCLE('',#2675,1.75);
#464=CIRCLE('',#2676,1.75);
#465=CIRCLE('',#2677,1.75);
#466=CIRCLE('',#2678,1.75);
#467=CIRCLE('',#2679,1.75);
#468=CIRCLE('',#2680,1.75);
#469=CIRCLE('',#2681,1.75);
#470=CIRCLE('',#2682,1.75);
#471=CIRCLE('',#2683,1.75);
#472=CIRCLE('',#2684,1.75);
#473=CIRCLE('',#2685,1.75);
#474=CIRCLE('',#2686,1.75);
#475=CIRCLE('',#2687,1.75);
#476=CIRCLE('',#2688,1.75);
#477=CIRCLE('',#2689,1.75);
#478=CIRCLE('',#2690,1.75);
#479=CIRCLE('',#2691,1.75);
#480=CIRCLE('',#2692,1.75);
#481=CIRCLE('',#2693,1.75);
#482=CIRCLE('',#2694,1.75);
#483=CIRCLE('',#2695,1.75);
#484=CIRCLE('',#2696,1.75);
#485=CIRCLE('',#2697,1.75);
#486=CIRCLE('',#2698,1.75);
#487=CIRCLE('',#2699,1.75);
#488=CIRCLE('',#2700,1.75);
#489=CIRCLE('',#2701,1.75);
#490=CIRCLE('',#2702,1.75);
#491=CIRCLE('',#2703,1.75);
#492=CIRCLE('',#2704,1.75);
#493=CIRCLE('',#2705,1.75);
#494=CIRCLE('',#2706,1.75);
#495=CIRCLE('',#2707,1.75);
#496=CIRCLE('',#2708,1.75);
#497=CIRCLE('',#2709,1.75);
#498=CIRCLE('',#2710,1.75);
#499=CIRCLE('',#2711,1.75);
#500=CIRCLE('',#2712,1.75);
#501=CIRCLE('',#2713,1.75);
#502=CIRCLE('',#2714,1.75);
#503=CIRCLE('',#2715,1.75);
#504=CIRCLE('',#2716,1.75);
#505=CIRCLE('',#2717,1.75);
#506=CIRCLE('',#2718,1.75);
#507=CIRCLE('',#2719,1.75);
#508=CIRCLE('',#2720,1.75);
#509=CIRCLE('',#2721,1.75);
#510=CIRCLE('',#2722,1.75);
#511=CIRCLE('',#2723,1.75);
#512=CIRCLE('',#2724,1.75);
#513=CIRCLE('',#2725,1.75);
#514=CIRCLE('',#2726,1.75);
#515=CIRCLE('',#2727,1.75);
#516=CIRCLE('',#2728,1.75);
#517=CIRCLE('',#2729,1.75);
#518=CIRCLE('',#2730,1.75);
#519=CIRCLE('',#2731,1.75);
#520=CIRCLE('',#2732,1.75);
#521=CIRCLE('',#2733,1.75);
#522=CIRCLE('',#2734,1.75);
#523=CIRCLE('',#2735,1.75);
#524=CIRCLE('',#2736,1.75);
#525=CIRCLE('',#2737,1.75);
#526=FACE_OUTER_BOUND('',#637,.T.);
#527=FACE_OUTER_BOUND('',#638,.T.);
#528=FACE_OUTER_BOUND('',#639,.T.);
#529=FACE_OUTER_BOUND('',#640,.T.);
#530=FACE_OUTER_BOUND('',#641,.T.);
#531=FACE_OUTER_BOUND('',#642,.T.);
#532=FACE_OUTER_BOUND('',#643,.T.);
#533=FACE_OUTER_BOUND('',#745,.T.);
#534=FACE_OUTER_BOUND('',#847,.T.);
#535=FACE_OUTER_BOUND('',#848,.T.);
#536=FACE_OUTER_BOUND('',#849,.T.);
#537=FACE_OUTER_BOUND('',#850,.T.);
#538=FACE_OUTER_BOUND('',#851,.T.);
#539=FACE_OUTER_BOUND('',#852,.T.);
#540=FACE_OUTER_BOUND('',#853,.T.);
#541=FACE_OUTER_BOUND('',#854,.T.);
#542=FACE_OUTER_BOUND('',#855,.T.);
#543=FACE_OUTER_BOUND('',#856,.T.);
#544=FACE_OUTER_BOUND('',#857,.T.);
#545=FACE_OUTER_BOUND('',#858,.T.);
#546=FACE_OUTER_BOUND('',#859,.T.);
#547=FACE_OUTER_BOUND('',#860,.T.);
#548=FACE_OUTER_BOUND('',#861,.T.);
#549=FACE_OUTER_BOUND('',#862,.T.);
#550=FACE_OUTER_BOUND('',#863,.T.);
#551=FACE_OUTER_BOUND('',#864,.T.);
#552=FACE_OUTER_BOUND('',#865,.T.);
#553=FACE_OUTER_BOUND('',#866,.T.);
#554=FACE_OUTER_BOUND('',#867,.T.);
#555=FACE_OUTER_BOUND('',#868,.T.);
#556=FACE_OUTER_BOUND('',#869,.T.);
#557=FACE_OUTER_BOUND('',#870,.T.);
#558=FACE_OUTER_BOUND('',#871,.T.);
#559=FACE_OUTER_BOUND('',#872,.T.);
#560=FACE_OUTER_BOUND('',#873,.T.);
#561=FACE_OUTER_BOUND('',#874,.T.);
#562=FACE_OUTER_BOUND('',#875,.T.);
#563=FACE_OUTER_BOUND('',#876,.T.);
#564=FACE_OUTER_BOUND('',#877,.T.);
#565=FACE_OUTER_BOUND('',#878,.T.);
#566=FACE_OUTER_BOUND('',#879,.T.);
#567=FACE_OUTER_BOUND('',#880,.T.);
#568=FACE_OUTER_BOUND('',#881,.T.);
#569=FACE_OUTER_BOUND('',#882,.T.);
#570=FACE_OUTER_BOUND('',#883,.T.);
#571=FACE_OUTER_BOUND('',#884,.T.);
#572=FACE_OUTER_BOUND('',#885,.T.);
#573=FACE_OUTER_BOUND('',#886,.T.);
#574=FACE_OUTER_BOUND('',#887,.T.);
#575=FACE_OUTER_BOUND('',#888,.T.);
#576=FACE_OUTER_BOUND('',#889,.T.);
#577=FACE_OUTER_BOUND('',#890,.T.);
#578=FACE_OUTER_BOUND('',#891,.T.);
#579=FACE_OUTER_BOUND('',#892,.T.);
#580=FACE_OUTER_BOUND('',#893,.T.);
#581=FACE_OUTER_BOUND('',#894,.T.);
#582=FACE_OUTER_BOUND('',#895,.T.);
#583=FACE_OUTER_BOUND('',#896,.T.);
#584=FACE_OUTER_BOUND('',#897,.T.);
#585=FACE_OUTER_BOUND('',#898,.T.);
#586=FACE_OUTER_BOUND('',#899,.T.);
#587=FACE_OUTER_BOUND('',#900,.T.);
#588=FACE_OUTER_BOUND('',#901,.T.);
#589=FACE_OUTER_BOUND('',#902,.T.);
#590=FACE_OUTER_BOUND('',#903,.T.);
#591=FACE_OUTER_BOUND('',#904,.T.);
#592=FACE_OUTER_BOUND('',#905,.T.);
#593=FACE_OUTER_BOUND('',#906,.T.);
#594=FACE_OUTER_BOUND('',#907,.T.);
#595=FACE_OUTER_BOUND('',#908,.T.);
#596=FACE_OUTER_BOUND('',#909,.T.);
#597=FACE_OUTER_BOUND('',#910,.T.);
#598=FACE_OUTER_BOUND('',#911,.T.);
#599=FACE_OUTER_BOUND('',#912,.T.);
#600=FACE_OUTER_BOUND('',#913,.T.);
#601=FACE_OUTER_BOUND('',#914,.T.);
#602=FACE_OUTER_BOUND('',#915,.T.);
#603=FACE_OUTER_BOUND('',#916,.T.);
#604=FACE_OUTER_BOUND('',#917,.T.);
#605=FACE_OUTER_BOUND('',#918,.T.);
#606=FACE_OUTER_BOUND('',#919,.T.);
#607=FACE_OUTER_BOUND('',#920,.T.);
#608=FACE_OUTER_BOUND('',#921,.T.);
#609=FACE_OUTER_BOUND('',#922,.T.);
#610=FACE_OUTER_BOUND('',#923,.T.);
#611=FACE_OUTER_BOUND('',#924,.T.);
#612=FACE_OUTER_BOUND('',#925,.T.);
#613=FACE_OUTER_BOUND('',#926,.T.);
#614=FACE_OUTER_BOUND('',#927,.T.);
#615=FACE_OUTER_BOUND('',#928,.T.);
#616=FACE_OUTER_BOUND('',#929,.T.);
#617=FACE_OUTER_BOUND('',#930,.T.);
#618=FACE_OUTER_BOUND('',#931,.T.);
#619=FACE_OUTER_BOUND('',#932,.T.);
#620=FACE_OUTER_BOUND('',#933,.T.);
#621=FACE_OUTER_BOUND('',#934,.T.);
#622=FACE_OUTER_BOUND('',#935,.T.);
#623=FACE_OUTER_BOUND('',#936,.T.);
#624=FACE_OUTER_BOUND('',#937,.T.);
#625=FACE_OUTER_BOUND('',#938,.T.);
#626=FACE_OUTER_BOUND('',#939,.T.);
#627=FACE_OUTER_BOUND('',#940,.T.);
#628=FACE_OUTER_BOUND('',#941,.T.);
#629=FACE_OUTER_BOUND('',#942,.T.);
#630=FACE_OUTER_BOUND('',#943,.T.);
#631=FACE_OUTER_BOUND('',#944,.T.);
#632=FACE_OUTER_BOUND('',#945,.T.);
#633=FACE_OUTER_BOUND('',#946,.T.);
#634=FACE_OUTER_BOUND('',#947,.T.);
#635=FACE_OUTER_BOUND('',#948,.T.);
#636=FACE_OUTER_BOUND('',#949,.T.);
#637=EDGE_LOOP('',(#1737,#1738,#1739,#1740));
#638=EDGE_LOOP('',(#1741,#1742,#1743,#1744));
#639=EDGE_LOOP('',(#1745,#1746,#1747,#1748));
#640=EDGE_LOOP('',(#1749,#1750,#1751,#1752));
#641=EDGE_LOOP('',(#1753,#1754,#1755,#1756));
#642=EDGE_LOOP('',(#1757,#1758,#1759,#1760));
#643=EDGE_LOOP('',(#1761,#1762,#1763,#1764,#1765,#1766,#1767,#1768));
#644=EDGE_LOOP('',(#1769));
#645=EDGE_LOOP('',(#1770));
#646=EDGE_LOOP('',(#1771));
#647=EDGE_LOOP('',(#1772));
#648=EDGE_LOOP('',(#1773));
#649=EDGE_LOOP('',(#1774));
#650=EDGE_LOOP('',(#1775));
#651=EDGE_LOOP('',(#1776));
#652=EDGE_LOOP('',(#1777));
#653=EDGE_LOOP('',(#1778));
#654=EDGE_LOOP('',(#1779));
#655=EDGE_LOOP('',(#1780));
#656=EDGE_LOOP('',(#1781));
#657=EDGE_LOOP('',(#1782));
#658=EDGE_LOOP('',(#1783));
#659=EDGE_LOOP('',(#1784));
#660=EDGE_LOOP('',(#1785));
#661=EDGE_LOOP('',(#1786));
#662=EDGE_LOOP('',(#1787));
#663=EDGE_LOOP('',(#1788));
#664=EDGE_LOOP('',(#1789));
#665=EDGE_LOOP('',(#1790));
#666=EDGE_LOOP('',(#1791));
#667=EDGE_LOOP('',(#1792));
#668=EDGE_LOOP('',(#1793));
#669=EDGE_LOOP('',(#1794));
#670=EDGE_LOOP('',(#1795));
#671=EDGE_LOOP('',(#1796));
#672=EDGE_LOOP('',(#1797));
#673=EDGE_LOOP('',(#1798));
#674=EDGE_LOOP('',(#1799));
#675=EDGE_LOOP('',(#1800));
#676=EDGE_LOOP('',(#1801));
#677=EDGE_LOOP('',(#1802));
#678=EDGE_LOOP('',(#1803));
#679=EDGE_LOOP('',(#1804));
#680=EDGE_LOOP('',(#1805));
#681=EDGE_LOOP('',(#1806));
#682=EDGE_LOOP('',(#1807));
#683=EDGE_LOOP('',(#1808));
#684=EDGE_LOOP('',(#1809));
#685=EDGE_LOOP('',(#1810));
#686=EDGE_LOOP('',(#1811));
#687=EDGE_LOOP('',(#1812));
#688=EDGE_LOOP('',(#1813));
#689=EDGE_LOOP('',(#1814));
#690=EDGE_LOOP('',(#1815));
#691=EDGE_LOOP('',(#1816));
#692=EDGE_LOOP('',(#1817));
#693=EDGE_LOOP('',(#1818));
#694=EDGE_LOOP('',(#1819));
#695=EDGE_LOOP('',(#1820));
#696=EDGE_LOOP('',(#1821));
#697=EDGE_LOOP('',(#1822));
#698=EDGE_LOOP('',(#1823));
#699=EDGE_LOOP('',(#1824));
#700=EDGE_LOOP('',(#1825));
#701=EDGE_LOOP('',(#1826));
#702=EDGE_LOOP('',(#1827));
#703=EDGE_LOOP('',(#1828));
#704=EDGE_LOOP('',(#1829));
#705=EDGE_LOOP('',(#1830));
#706=EDGE_LOOP('',(#1831));
#707=EDGE_LOOP('',(#1832));
#708=EDGE_LOOP('',(#1833));
#709=EDGE_LOOP('',(#1834));
#710=EDGE_LOOP('',(#1835));
#711=EDGE_LOOP('',(#1836));
#712=EDGE_LOOP('',(#1837));
#713=EDGE_LOOP('',(#1838));
#714=EDGE_LOOP('',(#1839));
#715=EDGE_LOOP('',(#1840));
#716=EDGE_LOOP('',(#1841));
#717=EDGE_LOOP('',(#1842));
#718=EDGE_LOOP('',(#1843));
#719=EDGE_LOOP('',(#1844));
#720=EDGE_LOOP('',(#1845));
#721=EDGE_LOOP('',(#1846));
#722=EDGE_LOOP('',(#1847));
#723=EDGE_LOOP('',(#1848));
#724=EDGE_LOOP('',(#1849));
#725=EDGE_LOOP('',(#1850));
#726=EDGE_LOOP('',(#1851));
#727=EDGE_LOOP('',(#1852));
#728=EDGE_LOOP('',(#1853));
#729=EDGE_LOOP('',(#1854));
#730=EDGE_LOOP('',(#1855));
#731=EDGE_LOOP('',(#1856));
#732=EDGE_LOOP('',(#1857));
#733=EDGE_LOOP('',(#1858));
#734=EDGE_LOOP('',(#1859));
#735=EDGE_LOOP('',(#1860));
#736=EDGE_LOOP('',(#1861));
#737=EDGE_LOOP('',(#1862));
#738=EDGE_LOOP('',(#1863));
#739=EDGE_LOOP('',(#1864));
#740=EDGE_LOOP('',(#1865));
#741=EDGE_LOOP('',(#1866));
#742=EDGE_LOOP('',(#1867));
#743=EDGE_LOOP('',(#1868));
#744=EDGE_LOOP('',(#1869));
#745=EDGE_LOOP('',(#1870,#1871,#1872,#1873,#1874,#1875,#1876,#1877));
#746=EDGE_LOOP('',(#1878));
#747=EDGE_LOOP('',(#1879));
#748=EDGE_LOOP('',(#1880));
#749=EDGE_LOOP('',(#1881));
#750=EDGE_LOOP('',(#1882));
#751=EDGE_LOOP('',(#1883));
#752=EDGE_LOOP('',(#1884));
#753=EDGE_LOOP('',(#1885));
#754=EDGE_LOOP('',(#1886));
#755=EDGE_LOOP('',(#1887));
#756=EDGE_LOOP('',(#1888));
#757=EDGE_LOOP('',(#1889));
#758=EDGE_LOOP('',(#1890));
#759=EDGE_LOOP('',(#1891));
#760=EDGE_LOOP('',(#1892));
#761=EDGE_LOOP('',(#1893));
#762=EDGE_LOOP('',(#1894));
#763=EDGE_LOOP('',(#1895));
#764=EDGE_LOOP('',(#1896));
#765=EDGE_LOOP('',(#1897));
#766=EDGE_LOOP('',(#1898));
#767=EDGE_LOOP('',(#1899));
#768=EDGE_LOOP('',(#1900));
#769=EDGE_LOOP('',(#1901));
#770=EDGE_LOOP('',(#1902));
#771=EDGE_LOOP('',(#1903));
#772=EDGE_LOOP('',(#1904));
#773=EDGE_LOOP('',(#1905));
#774=EDGE_LOOP('',(#1906));
#775=EDGE_LOOP('',(#1907));
#776=EDGE_LOOP('',(#1908));
#777=EDGE_LOOP('',(#1909));
#778=EDGE_LOOP('',(#1910));
#779=EDGE_LOOP('',(#1911));
#780=EDGE_LOOP('',(#1912));
#781=EDGE_LOOP('',(#1913));
#782=EDGE_LOOP('',(#1914));
#783=EDGE_LOOP('',(#1915));
#784=EDGE_LOOP('',(#1916));
#785=EDGE_LOOP('',(#1917));
#786=EDGE_LOOP('',(#1918));
#787=EDGE_LOOP('',(#1919));
#788=EDGE_LOOP('',(#1920));
#789=EDGE_LOOP('',(#1921));
#790=EDGE_LOOP('',(#1922));
#791=EDGE_LOOP('',(#1923));
#792=EDGE_LOOP('',(#1924));
#793=EDGE_LOOP('',(#1925));
#794=EDGE_LOOP('',(#1926));
#795=EDGE_LOOP('',(#1927));
#796=EDGE_LOOP('',(#1928));
#797=EDGE_LOOP('',(#1929));
#798=EDGE_LOOP('',(#1930));
#799=EDGE_LOOP('',(#1931));
#800=EDGE_LOOP('',(#1932));
#801=EDGE_LOOP('',(#1933));
#802=EDGE_LOOP('',(#1934));
#803=EDGE_LOOP('',(#1935));
#804=EDGE_LOOP('',(#1936));
#805=EDGE_LOOP('',(#1937));
#806=EDGE_LOOP('',(#1938));
#807=EDGE_LOOP('',(#1939));
#808=EDGE_LOOP('',(#1940));
#809=EDGE_LOOP('',(#1941));
#810=EDGE_LOOP('',(#1942));
#811=EDGE_LOOP('',(#1943));
#812=EDGE_LOOP('',(#1944));
#813=EDGE_LOOP('',(#1945));
#814=EDGE_LOOP('',(#1946));
#815=EDGE_LOOP('',(#1947));
#816=EDGE_LOOP('',(#1948));
#817=EDGE_LOOP('',(#1949));
#818=EDGE_LOOP('',(#1950));
#819=EDGE_LOOP('',(#1951));
#820=EDGE_LOOP('',(#1952));
#821=EDGE_LOOP('',(#1953));
#822=EDGE_LOOP('',(#1954));
#823=EDGE_LOOP('',(#1955));
#824=EDGE_LOOP('',(#1956));
#825=EDGE_LOOP('',(#1957));
#826=EDGE_LOOP('',(#1958));
#827=EDGE_LOOP('',(#1959));
#828=EDGE_LOOP('',(#1960));
#829=EDGE_LOOP('',(#1961));
#830=EDGE_LOOP('',(#1962));
#831=EDGE_LOOP('',(#1963));
#832=EDGE_LOOP('',(#1964));
#833=EDGE_LOOP('',(#1965));
#834=EDGE_LOOP('',(#1966));
#835=EDGE_LOOP('',(#1967));
#836=EDGE_LOOP('',(#1968));
#837=EDGE_LOOP('',(#1969));
#838=EDGE_LOOP('',(#1970));
#839=EDGE_LOOP('',(#1971));
#840=EDGE_LOOP('',(#1972));
#841=EDGE_LOOP('',(#1973));
#842=EDGE_LOOP('',(#1974));
#843=EDGE_LOOP('',(#1975));
#844=EDGE_LOOP('',(#1976));
#845=EDGE_LOOP('',(#1977));
#846=EDGE_LOOP('',(#1978));
#847=EDGE_LOOP('',(#1979,#1980,#1981,#1982));
#848=EDGE_LOOP('',(#1983,#1984,#1985,#1986));
#849=EDGE_LOOP('',(#1987,#1988,#1989,#1990));
#850=EDGE_LOOP('',(#1991,#1992,#1993,#1994));
#851=EDGE_LOOP('',(#1995,#1996,#1997,#1998));
#852=EDGE_LOOP('',(#1999,#2000,#2001,#2002));
#853=EDGE_LOOP('',(#2003,#2004,#2005,#2006));
#854=EDGE_LOOP('',(#2007,#2008,#2009,#2010));
#855=EDGE_LOOP('',(#2011,#2012,#2013,#2014));
#856=EDGE_LOOP('',(#2015,#2016,#2017,#2018));
#857=EDGE_LOOP('',(#2019,#2020,#2021,#2022));
#858=EDGE_LOOP('',(#2023,#2024,#2025,#2026));
#859=EDGE_LOOP('',(#2027,#2028,#2029,#2030));
#860=EDGE_LOOP('',(#2031,#2032,#2033,#2034));
#861=EDGE_LOOP('',(#2035,#2036,#2037,#2038));
#862=EDGE_LOOP('',(#2039,#2040,#2041,#2042));
#863=EDGE_LOOP('',(#2043,#2044,#2045,#2046));
#864=EDGE_LOOP('',(#2047,#2048,#2049,#2050));
#865=EDGE_LOOP('',(#2051,#2052,#2053,#2054));
#866=EDGE_LOOP('',(#2055,#2056,#2057,#2058));
#867=EDGE_LOOP('',(#2059,#2060,#2061,#2062));
#868=EDGE_LOOP('',(#2063,#2064,#2065,#2066));
#869=EDGE_LOOP('',(#2067,#2068,#2069,#2070));
#870=EDGE_LOOP('',(#2071,#2072,#2073,#2074));
#871=EDGE_LOOP('',(#2075,#2076,#2077,#2078));
#872=EDGE_LOOP('',(#2079,#2080,#2081,#2082));
#873=EDGE_LOOP('',(#2083,#2084,#2085,#2086));
#874=EDGE_LOOP('',(#2087,#2088,#2089,#2090));
#875=EDGE_LOOP('',(#2091,#2092,#2093,#2094));
#876=EDGE_LOOP('',(#2095,#2096,#2097,#2098));
#877=EDGE_LOOP('',(#2099,#2100,#2101,#2102));
#878=EDGE_LOOP('',(#2103,#2104,#2105,#2106));
#879=EDGE_LOOP('',(#2107,#2108,#2109,#2110));
#880=EDGE_LOOP('',(#2111,#2112,#2113,#2114));
#881=EDGE_LOOP('',(#2115,#2116,#2117,#2118));
#882=EDGE_LOOP('',(#2119,#2120,#2121,#2122));
#883=EDGE_LOOP('',(#2123,#2124,#2125,#2126));
#884=EDGE_LOOP('',(#2127,#2128,#2129,#2130));
#885=EDGE_LOOP('',(#2131,#2132,#2133,#2134));
#886=EDGE_LOOP('',(#2135,#2136,#2137,#2138));
#887=EDGE_LOOP('',(#2139,#2140,#2141,#2142));
#888=EDGE_LOOP('',(#2143,#2144,#2145,#2146));
#889=EDGE_LOOP('',(#2147,#2148,#2149,#2150));
#890=EDGE_LOOP('',(#2151,#2152,#2153,#2154));
#891=EDGE_LOOP('',(#2155,#2156,#2157,#2158));
#892=EDGE_LOOP('',(#2159,#2160,#2161,#2162));
#893=EDGE_LOOP('',(#2163,#2164,#2165,#2166));
#894=EDGE_LOOP('',(#2167,#2168,#2169,#2170));
#895=EDGE_LOOP('',(#2171,#2172,#2173,#2174));
#896=EDGE_LOOP('',(#2175,#2176,#2177,#2178));
#897=EDGE_LOOP('',(#2179,#2180,#2181,#2182));
#898=EDGE_LOOP('',(#2183,#2184,#2185,#2186));
#899=EDGE_LOOP('',(#2187,#2188,#2189,#2190));
#900=EDGE_LOOP('',(#2191,#2192,#2193,#2194));
#901=EDGE_LOOP('',(#2195,#2196,#2197,#2198));
#902=EDGE_LOOP('',(#2199,#2200,#2201,#2202));
#903=EDGE_LOOP('',(#2203,#2204,#2205,#2206));
#904=EDGE_LOOP('',(#2207,#2208,#2209,#2210));
#905=EDGE_LOOP('',(#2211,#2212,#2213,#2214));
#906=EDGE_LOOP('',(#2215,#2216,#2217,#2218));
#907=EDGE_LOOP('',(#2219,#2220,#2221,#2222));
#908=EDGE_LOOP('',(#2223,#2224,#2225,#2226));
#909=EDGE_LOOP('',(#2227,#2228,#2229,#2230));
#910=EDGE_LOOP('',(#2231,#2232,#2233,#2234));
#911=EDGE_LOOP('',(#2235,#2236,#2237,#2238));
#912=EDGE_LOOP('',(#2239,#2240,#2241,#2242));
#913=EDGE_LOOP('',(#2243,#2244,#2245,#2246));
#914=EDGE_LOOP('',(#2247,#2248,#2249,#2250));
#915=EDGE_LOOP('',(#2251,#2252,#2253,#2254));
#916=EDGE_LOOP('',(#2255,#2256,#2257,#2258));
#917=EDGE_LOOP('',(#2259,#2260,#2261,#2262));
#918=EDGE_LOOP('',(#2263,#2264,#2265,#2266));
#919=EDGE_LOOP('',(#2267,#2268,#2269,#2270));
#920=EDGE_LOOP('',(#2271,#2272,#2273,#2274));
#921=EDGE_LOOP('',(#2275,#2276,#2277,#2278));
#922=EDGE_LOOP('',(#2279,#2280,#2281,#2282));
#923=EDGE_LOOP('',(#2283,#2284,#2285,#2286));
#924=EDGE_LOOP('',(#2287,#2288,#2289,#2290));
#925=EDGE_LOOP('',(#2291,#2292,#2293,#2294));
#926=EDGE_LOOP('',(#2295,#2296,#2297,#2298));
#927=EDGE_LOOP('',(#2299,#2300,#2301,#2302));
#928=EDGE_LOOP('',(#2303,#2304,#2305,#2306));
#929=EDGE_LOOP('',(#2307,#2308,#2309,#2310));
#930=EDGE_LOOP('',(#2311,#2312,#2313,#2314));
#931=EDGE_LOOP('',(#2315,#2316,#2317,#2318));
#932=EDGE_LOOP('',(#2319,#2320,#2321,#2322));
#933=EDGE_LOOP('',(#2323,#2324,#2325,#2326));
#934=EDGE_LOOP('',(#2327,#2328,#2329,#2330));
#935=EDGE_LOOP('',(#2331,#2332,#2333,#2334));
#936=EDGE_LOOP('',(#2335,#2336,#2337,#2338));
#937=EDGE_LOOP('',(#2339,#2340,#2341,#2342));
#938=EDGE_LOOP('',(#2343,#2344,#2345,#2346));
#939=EDGE_LOOP('',(#2347,#2348,#2349,#2350));
#940=EDGE_LOOP('',(#2351,#2352,#2353,#2354));
#941=EDGE_LOOP('',(#2355,#2356,#2357,#2358));
#942=EDGE_LOOP('',(#2359,#2360,#2361,#2362));
#943=EDGE_LOOP('',(#2363,#2364,#2365,#2366));
#944=EDGE_LOOP('',(#2367,#2368,#2369,#2370));
#945=EDGE_LOOP('',(#2371,#2372,#2373,#2374));
#946=EDGE_LOOP('',(#2375,#2376,#2377,#2378));
#947=EDGE_LOOP('',(#2379,#2380,#2381,#2382));
#948=EDGE_LOOP('',(#2383,#2384,#2385,#2386));
#949=EDGE_LOOP('',(#2387,#2388,#2389,#2390));
#950=LINE('',#3602,#1071);
#951=LINE('',#3604,#1072);
#952=LINE('',#3606,#1073);
#953=LINE('',#3607,#1074);
#954=LINE('',#3611,#1075);
#955=LINE('',#3613,#1076);
#956=LINE('',#3615,#1077);
#957=LINE('',#3616,#1078);
#958=LINE('',#3618,#1079);
#959=LINE('',#3619,#1080);
#960=LINE('',#3623,#1081);
#961=LINE('',#3625,#1082);
#962=LINE('',#3627,#1083);
#963=LINE('',#3628,#1084);
#964=LINE('',#3632,#1085);
#965=LINE('',#3633,#1086);
#966=LINE('',#3634,#1087);
#967=LINE('',#3637,#1088);
#968=LINE('',#3639,#1089);
#969=LINE('',#3640,#1090);
#970=LINE('',#4053,#1091);
#971=LINE('',#4055,#1092);
#972=LINE('',#4057,#1093);
#973=LINE('',#4059,#1094);
#974=LINE('',#4061,#1095);
#975=LINE('',#4063,#1096);
#976=LINE('',#4065,#1097);
#977=LINE('',#4067,#1098);
#978=LINE('',#4069,#1099);
#979=LINE('',#4071,#1100);
#980=LINE('',#4073,#1101);
#981=LINE('',#4075,#1102);
#982=LINE('',#4077,#1103);
#983=LINE('',#4079,#1104);
#984=LINE('',#4081,#1105);
#985=LINE('',#4083,#1106);
#986=LINE('',#4085,#1107);
#987=LINE('',#4087,#1108);
#988=LINE('',#4089,#1109);
#989=LINE('',#4091,#1110);
#990=LINE('',#4093,#1111);
#991=LINE('',#4095,#1112);
#992=LINE('',#4097,#1113);
#993=LINE('',#4099,#1114);
#994=LINE('',#4101,#1115);
#995=LINE('',#4103,#1116);
#996=LINE('',#4105,#1117);
#997=LINE('',#4107,#1118);
#998=LINE('',#4109,#1119);
#999=LINE('',#4111,#1120);
#1000=LINE('',#4113,#1121);
#1001=LINE('',#4115,#1122);
#1002=LINE('',#4117,#1123);
#1003=LINE('',#4119,#1124);
#1004=LINE('',#4121,#1125);
#1005=LINE('',#4123,#1126);
#1006=LINE('',#4125,#1127);
#1007=LINE('',#4127,#1128);
#1008=LINE('',#4129,#1129);
#1009=LINE('',#4131,#1130);
#1010=LINE('',#4133,#1131);
#1011=LINE('',#4135,#1132);
#1012=LINE('',#4137,#1133);
#1013=LINE('',#4139,#1134);
#1014=LINE('',#4141,#1135);
#1015=LINE('',#4143,#1136);
#1016=LINE('',#4145,#1137);
#1017=LINE('',#4147,#1138);
#1018=LINE('',#4149,#1139);
#1019=LINE('',#4151,#1140);
#1020=LINE('',#4153,#1141);
#1021=LINE('',#4155,#1142);
#1022=LINE('',#4157,#1143);
#1023=LINE('',#4159,#1144);
#1024=LINE('',#4161,#1145);
#1025=LINE('',#4163,#1146);
#1026=LINE('',#4165,#1147);
#1027=LINE('',#4167,#1148);
#1028=LINE('',#4169,#1149);
#1029=LINE('',#4171,#1150);
#1030=LINE('',#4173,#1151);
#1031=LINE('',#4175,#1152);
#1032=LINE('',#4177,#1153);
#1033=LINE('',#4179,#1154);
#1034=LINE('',#4181,#1155);
#1035=LINE('',#4183,#1156);
#1036=LINE('',#4185,#1157);
#1037=LINE('',#4187,#1158);
#1038=LINE('',#4189,#1159);
#1039=LINE('',#4191,#1160);
#1040=LINE('',#4193,#1161);
#1041=LINE('',#4195,#1162);
#1042=LINE('',#4197,#1163);
#1043=LINE('',#4199,#1164);
#1044=LINE('',#4201,#1165);
#1045=LINE('',#4203,#1166);
#1046=LINE('',#4205,#1167);
#1047=LINE('',#4207,#1168);
#1048=LINE('',#4209,#1169);
#1049=LINE('',#4211,#1170);
#1050=LINE('',#4213,#1171);
#1051=LINE('',#4215,#1172);
#1052=LINE('',#4217,#1173);
#1053=LINE('',#4219,#1174);
#1054=LINE('',#4221,#1175);
#1055=LINE('',#4223,#1176);
#1056=LINE('',#4225,#1177);
#1057=LINE('',#4227,#1178);
#1058=LINE('',#4229,#1179);
#1059=LINE('',#4231,#1180);
#1060=LINE('',#4233,#1181);
#1061=LINE('',#4235,#1182);
#1062=LINE('',#4237,#1183);
#1063=LINE('',#4239,#1184);
#1064=LINE('',#4241,#1185);
#1065=LINE('',#4243,#1186);
#1066=LINE('',#4245,#1187);
#1067=LINE('',#4247,#1188);
#1068=LINE('',#4249,#1189);
#1069=LINE('',#4251,#1190);
#1070=LINE('',#4253,#1191);
#1071=VECTOR('',#2845,10.);
#1072=VECTOR('',#2846,10.);
#1073=VECTOR('',#2847,10.);
#1074=VECTOR('',#2848,10.);
#1075=VECTOR('',#2851,10.);
#1076=VECTOR('',#2852,10.);
#1077=VECTOR('',#2853,10.);
#1078=VECTOR('',#2854,10.);
#1079=VECTOR('',#2857,10.);
#1080=VECTOR('',#2858,10.);
#1081=VECTOR('',#2861,10.);
#1082=VECTOR('',#2862,10.);
#1083=VECTOR('',#2863,10.);
#1084=VECTOR('',#2864,10.);
#1085=VECTOR('',#2867,10.);
#1086=VECTOR('',#2868,10.);
#1087=VECTOR('',#2869,10.);
#1088=VECTOR('',#2872,10.);
#1089=VECTOR('',#2873,10.);
#1090=VECTOR('',#2874,10.);
#1091=VECTOR('',#3295,1.75);
#1092=VECTOR('',#3298,1.75);
#1093=VECTOR('',#3301,1.75);
#1094=VECTOR('',#3304,1.75);
#1095=VECTOR('',#3307,1.75);
#1096=VECTOR('',#3310,1.75);
#1097=VECTOR('',#3313,1.75);
#1098=VECTOR('',#3316,1.75);
#1099=VECTOR('',#3319,1.75);
#1100=VECTOR('',#3322,1.75);
#1101=VECTOR('',#3325,1.75);
#1102=VECTOR('',#3328,1.75);
#1103=VECTOR('',#3331,1.75);
#1104=VECTOR('',#3334,1.75);
#1105=VECTOR('',#3337,1.75);
#1106=VECTOR('',#3340,1.75);
#1107=VECTOR('',#3343,1.75);
#1108=VECTOR('',#3346,1.75);
#1109=VECTOR('',#3349,1.75);
#1110=VECTOR('',#3352,1.75);
#1111=VECTOR('',#3355,1.75);
#1112=VECTOR('',#3358,1.75);
#1113=VECTOR('',#3361,1.75);
#1114=VECTOR('',#3364,1.75);
#1115=VECTOR('',#3367,1.75);
#1116=VECTOR('',#3370,1.75);
#1117=VECTOR('',#3373,1.75);
#1118=VECTOR('',#3376,1.75);
#1119=VECTOR('',#3379,1.75);
#1120=VECTOR('',#3382,1.75);
#1121=VECTOR('',#3385,1.75);
#1122=VECTOR('',#3388,1.75);
#1123=VECTOR('',#3391,1.75);
#1124=VECTOR('',#3394,1.75);
#1125=VECTOR('',#3397,1.75);
#1126=VECTOR('',#3400,1.75);
#1127=VECTOR('',#3403,1.75);
#1128=VECTOR('',#3406,1.75);
#1129=VECTOR('',#3409,1.75);
#1130=VECTOR('',#3412,1.75);
#1131=VECTOR('',#3415,1.75);
#1132=VECTOR('',#3418,1.75);
#1133=VECTOR('',#3421,1.75);
#1134=VECTOR('',#3424,1.75);
#1135=VECTOR('',#3427,1.75);
#1136=VECTOR('',#3430,1.75);
#1137=VECTOR('',#3433,1.75);
#1138=VECTOR('',#3436,1.75);
#1139=VECTOR('',#3439,1.75);
#1140=VECTOR('',#3442,1.75);
#1141=VECTOR('',#3445,1.75);
#1142=VECTOR('',#3448,1.75);
#1143=VECTOR('',#3451,1.75);
#1144=VECTOR('',#3454,1.75);
#1145=VECTOR('',#3457,1.75);
#1146=VECTOR('',#3460,1.75);
#1147=VECTOR('',#3463,1.75);
#1148=VECTOR('',#3466,1.75);
#1149=VECTOR('',#3469,1.75);
#1150=VECTOR('',#3472,1.75);
#1151=VECTOR('',#3475,1.75);
#1152=VECTOR('',#3478,1.75);
#1153=VECTOR('',#3481,1.75);
#1154=VECTOR('',#3484,1.75);
#1155=VECTOR('',#3487,1.75);
#1156=VECTOR('',#3490,1.75);
#1157=VECTOR('',#3493,1.75);
#1158=VECTOR('',#3496,1.75);
#1159=VECTOR('',#3499,1.75);
#1160=VECTOR('',#3502,1.75);
#1161=VECTOR('',#3505,1.75);
#1162=VECTOR('',#3508,1.75);
#1163=VECTOR('',#3511,1.75);
#1164=VECTOR('',#3514,1.75);
#1165=VECTOR('',#3517,1.75);
#1166=VECTOR('',#3520,1.75);
#1167=VECTOR('',#3523,1.75);
#1168=VECTOR('',#3526,1.75);
#1169=VECTOR('',#3529,1.75);
#1170=VECTOR('',#3532,1.75);
#1171=VECTOR('',#3535,1.75);
#1172=VECTOR('',#3538,1.75);
#1173=VECTOR('',#3541,1.75);
#1174=VECTOR('',#3544,1.75);
#1175=VECTOR('',#3547,1.75);
#1176=VECTOR('',#3550,1.75);
#1177=VECTOR('',#3553,1.75);
#1178=VECTOR('',#3556,1.75);
#1179=VECTOR('',#3559,1.75);
#1180=VECTOR('',#3562,1.75);
#1181=VECTOR('',#3565,1.75);
#1182=VECTOR('',#3568,1.75);
#1183=VECTOR('',#3571,1.75);
#1184=VECTOR('',#3574,1.75);
#1185=VECTOR('',#3577,1.75);
#1186=VECTOR('',#3580,1.75);
#1187=VECTOR('',#3583,1.75);
#1188=VECTOR('',#3586,1.75);
#1189=VECTOR('',#3589,1.75);
#1190=VECTOR('',#3592,1.75);
#1191=VECTOR('',#3595,1.75);
#1192=VERTEX_POINT('',#3600);
#1193=VERTEX_POINT('',#3601);
#1194=VERTEX_POINT('',#3603);
#1195=VERTEX_POINT('',#3605);
#1196=VERTEX_POINT('',#3609);
#1197=VERTEX_POINT('',#3610);
#1198=VERTEX_POINT('',#3612);
#1199=VERTEX_POINT('',#3614);
#1200=VERTEX_POINT('',#3621);
#1201=VERTEX_POINT('',#3622);
#1202=VERTEX_POINT('',#3624);
#1203=VERTEX_POINT('',#3626);
#1204=VERTEX_POINT('',#3630);
#1205=VERTEX_POINT('',#3631);
#1206=VERTEX_POINT('',#3636);
#1207=VERTEX_POINT('',#3638);
#1208=VERTEX_POINT('',#3644);
#1209=VERTEX_POINT('',#3646);
#1210=VERTEX_POINT('',#3648);
#1211=VERTEX_POINT('',#3650);
#1212=VERTEX_POINT('',#3652);
#1213=VERTEX_POINT('',#3654);
#1214=VERTEX_POINT('',#3656);
#1215=VERTEX_POINT('',#3658);
#1216=VERTEX_POINT('',#3660);
#1217=VERTEX_POINT('',#3662);
#1218=VERTEX_POINT('',#3664);
#1219=VERTEX_POINT('',#3666);
#1220=VERTEX_POINT('',#3668);
#1221=VERTEX_POINT('',#3670);
#1222=VERTEX_POINT('',#3672);
#1223=VERTEX_POINT('',#3674);
#1224=VERTEX_POINT('',#3676);
#1225=VERTEX_POINT('',#3678);
#1226=VERTEX_POINT('',#3680);
#1227=VERTEX_POINT('',#3682);
#1228=VERTEX_POINT('',#3684);
#1229=VERTEX_POINT('',#3686);
#1230=VERTEX_POINT('',#3688);
#1231=VERTEX_POINT('',#3690);
#1232=VERTEX_POINT('',#3692);
#1233=VERTEX_POINT('',#3694);
#1234=VERTEX_POINT('',#3696);
#1235=VERTEX_POINT('',#3698);
#1236=VERTEX_POINT('',#3700);
#1237=VERTEX_POINT('',#3702);
#1238=VERTEX_POINT('',#3704);
#1239=VERTEX_POINT('',#3706);
#1240=VERTEX_POINT('',#3708);
#1241=VERTEX_POINT('',#3710);
#1242=VERTEX_POINT('',#3712);
#1243=VERTEX_POINT('',#3714);
#1244=VERTEX_POINT('',#3716);
#1245=VERTEX_POINT('',#3718);
#1246=VERTEX_POINT('',#3720);
#1247=VERTEX_POINT('',#3722);
#1248=VERTEX_POINT('',#3724);
#1249=VERTEX_POINT('',#3726);
#1250=VERTEX_POINT('',#3728);
#1251=VERTEX_POINT('',#3730);
#1252=VERTEX_POINT('',#3732);
#1253=VERTEX_POINT('',#3734);
#1254=VERTEX_POINT('',#3736);
#1255=VERTEX_POINT('',#3738);
#1256=VERTEX_POINT('',#3740);
#1257=VERTEX_POINT('',#3742);
#1258=VERTEX_POINT('',#3744);
#1259=VERTEX_POINT('',#3746);
#1260=VERTEX_POINT('',#3748);
#1261=VERTEX_POINT('',#3750);
#1262=VERTEX_POINT('',#3752);
#1263=VERTEX_POINT('',#3754);
#1264=VERTEX_POINT('',#3756);
#1265=VERTEX_POINT('',#3758);
#1266=VERTEX_POINT('',#3760);
#1267=VERTEX_POINT('',#3762);
#1268=VERTEX_POINT('',#3764);
#1269=VERTEX_POINT('',#3766);
#1270=VERTEX_POINT('',#3768);
#1271=VERTEX_POINT('',#3770);
#1272=VERTEX_POINT('',#3772);
#1273=VERTEX_POINT('',#3774);
#1274=VERTEX_POINT('',#3776);
#1275=VERTEX_POINT('',#3778);
#1276=VERTEX_POINT('',#3780);
#1277=VERTEX_POINT('',#3782);
#1278=VERTEX_POINT('',#3784);
#1279=VERTEX_POINT('',#3786);
#1280=VERTEX_POINT('',#3788);
#1281=VERTEX_POINT('',#3790);
#1282=VERTEX_POINT('',#3792);
#1283=VERTEX_POINT('',#3794);
#1284=VERTEX_POINT('',#3796);
#1285=VERTEX_POINT('',#3798);
#1286=VERTEX_POINT('',#3800);
#1287=VERTEX_POINT('',#3802);
#1288=VERTEX_POINT('',#3804);
#1289=VERTEX_POINT('',#3806);
#1290=VERTEX_POINT('',#3808);
#1291=VERTEX_POINT('',#3810);
#1292=VERTEX_POINT('',#3812);
#1293=VERTEX_POINT('',#3814);
#1294=VERTEX_POINT('',#3816);
#1295=VERTEX_POINT('',#3818);
#1296=VERTEX_POINT('',#3820);
#1297=VERTEX_POINT('',#3822);
#1298=VERTEX_POINT('',#3824);
#1299=VERTEX_POINT('',#3826);
#1300=VERTEX_POINT('',#3828);
#1301=VERTEX_POINT('',#3830);
#1302=VERTEX_POINT('',#3832);
#1303=VERTEX_POINT('',#3834);
#1304=VERTEX_POINT('',#3836);
#1305=VERTEX_POINT('',#3838);
#1306=VERTEX_POINT('',#3840);
#1307=VERTEX_POINT('',#3842);
#1308=VERTEX_POINT('',#3844);
#1309=VERTEX_POINT('',#3849);
#1310=VERTEX_POINT('',#3851);
#1311=VERTEX_POINT('',#3853);
#1312=VERTEX_POINT('',#3855);
#1313=VERTEX_POINT('',#3857);
#1314=VERTEX_POINT('',#3859);
#1315=VERTEX_POINT('',#3861);
#1316=VERTEX_POINT('',#3863);
#1317=VERTEX_POINT('',#3865);
#1318=VERTEX_POINT('',#3867);
#1319=VERTEX_POINT('',#3869);
#1320=VERTEX_POINT('',#3871);
#1321=VERTEX_POINT('',#3873);
#1322=VERTEX_POINT('',#3875);
#1323=VERTEX_POINT('',#3877);
#1324=VERTEX_POINT('',#3879);
#1325=VERTEX_POINT('',#3881);
#1326=VERTEX_POINT('',#3883);
#1327=VERTEX_POINT('',#3885);
#1328=VERTEX_POINT('',#3887);
#1329=VERTEX_POINT('',#3889);
#1330=VERTEX_POINT('',#3891);
#1331=VERTEX_POINT('',#3893);
#1332=VERTEX_POINT('',#3895);
#1333=VERTEX_POINT('',#3897);
#1334=VERTEX_POINT('',#3899);
#1335=VERTEX_POINT('',#3901);
#1336=VERTEX_POINT('',#3903);
#1337=VERTEX_POINT('',#3905);
#1338=VERTEX_POINT('',#3907);
#1339=VERTEX_POINT('',#3909);
#1340=VERTEX_POINT('',#3911);
#1341=VERTEX_POINT('',#3913);
#1342=VERTEX_POINT('',#3915);
#1343=VERTEX_POINT('',#3917);
#1344=VERTEX_POINT('',#3919);
#1345=VERTEX_POINT('',#3921);
#1346=VERTEX_POINT('',#3923);
#1347=VERTEX_POINT('',#3925);
#1348=VERTEX_POINT('',#3927);
#1349=VERTEX_POINT('',#3929);
#1350=VERTEX_POINT('',#3931);
#1351=VERTEX_POINT('',#3933);
#1352=VERTEX_POINT('',#3935);
#1353=VERTEX_POINT('',#3937);
#1354=VERTEX_POINT('',#3939);
#1355=VERTEX_POINT('',#3941);
#1356=VERTEX_POINT('',#3943);
#1357=VERTEX_POINT('',#3945);
#1358=VERTEX_POINT('',#3947);
#1359=VERTEX_POINT('',#3949);
#1360=VERTEX_POINT('',#3951);
#1361=VERTEX_POINT('',#3953);
#1362=VERTEX_POINT('',#3955);
#1363=VERTEX_POINT('',#3957);
#1364=VERTEX_POINT('',#3959);
#1365=VERTEX_POINT('',#3961);
#1366=VERTEX_POINT('',#3963);
#1367=VERTEX_POINT('',#3965);
#1368=VERTEX_POINT('',#3967);
#1369=VERTEX_POINT('',#3969);
#1370=VERTEX_POINT('',#3971);
#1371=VERTEX_POINT('',#3973);
#1372=VERTEX_POINT('',#3975);
#1373=VERTEX_POINT('',#3977);
#1374=VERTEX_POINT('',#3979);
#1375=VERTEX_POINT('',#3981);
#1376=VERTEX_POINT('',#3983);
#1377=VERTEX_POINT('',#3985);
#1378=VERTEX_POINT('',#3987);
#1379=VERTEX_POINT('',#3989);
#1380=VERTEX_POINT('',#3991);
#1381=VERTEX_POINT('',#3993);
#1382=VERTEX_POINT('',#3995);
#1383=VERTEX_POINT('',#3997);
#1384=VERTEX_POINT('',#3999);
#1385=VERTEX_POINT('',#4001);
#1386=VERTEX_POINT('',#4003);
#1387=VERTEX_POINT('',#4005);
#1388=VERTEX_POINT('',#4007);
#1389=VERTEX_POINT('',#4009);
#1390=VERTEX_POINT('',#4011);
#1391=VERTEX_POINT('',#4013);
#1392=VERTEX_POINT('',#4015);
#1393=VERTEX_POINT('',#4017);
#1394=VERTEX_POINT('',#4019);
#1395=VERTEX_POINT('',#4021);
#1396=VERTEX_POINT('',#4023);
#1397=VERTEX_POINT('',#4025);
#1398=VERTEX_POINT('',#4027);
#1399=VERTEX_POINT('',#4029);
#1400=VERTEX_POINT('',#4031);
#1401=VERTEX_POINT('',#4033);
#1402=VERTEX_POINT('',#4035);
#1403=VERTEX_POINT('',#4037);
#1404=VERTEX_POINT('',#4039);
#1405=VERTEX_POINT('',#4041);
#1406=VERTEX_POINT('',#4043);
#1407=VERTEX_POINT('',#4045);
#1408=VERTEX_POINT('',#4047);
#1409=VERTEX_POINT('',#4049);
#1410=EDGE_CURVE('',#1192,#1193,#950,.T.);
#1411=EDGE_CURVE('',#1194,#1192,#951,.T.);
#1412=EDGE_CURVE('',#1195,#1194,#952,.T.);
#1413=EDGE_CURVE('',#1193,#1195,#953,.T.);
#1414=EDGE_CURVE('',#1196,#1197,#954,.T.);
#1415=EDGE_CURVE('',#1198,#1196,#955,.T.);
#1416=EDGE_CURVE('',#1199,#1198,#956,.T.);
#1417=EDGE_CURVE('',#1199,#1197,#957,.T.);
#1418=EDGE_CURVE('',#1197,#1192,#958,.T.);
#1419=EDGE_CURVE('',#1194,#1199,#959,.T.);
#1420=EDGE_CURVE('',#1200,#1201,#960,.T.);
#1421=EDGE_CURVE('',#1202,#1200,#961,.T.);
#1422=EDGE_CURVE('',#1203,#1202,#962,.T.);
#1423=EDGE_CURVE('',#1203,#1201,#963,.T.);
#1424=EDGE_CURVE('',#1204,#1205,#964,.T.);
#1425=EDGE_CURVE('',#1201,#1204,#965,.T.);
#1426=EDGE_CURVE('',#1205,#1203,#966,.T.);
#1427=EDGE_CURVE('',#1206,#1200,#967,.T.);
#1428=EDGE_CURVE('',#1207,#1206,#968,.T.);
#1429=EDGE_CURVE('',#1202,#1207,#969,.T.);
#1430=EDGE_CURVE('',#1205,#1198,#320,.T.);
#1431=EDGE_CURVE('',#1195,#1207,#321,.T.);
#1432=EDGE_CURVE('',#1208,#1208,#322,.T.);
#1433=EDGE_CURVE('',#1209,#1209,#323,.T.);
#1434=EDGE_CURVE('',#1210,#1210,#324,.T.);
#1435=EDGE_CURVE('',#1211,#1211,#325,.T.);
#1436=EDGE_CURVE('',#1212,#1212,#326,.T.);
#1437=EDGE_CURVE('',#1213,#1213,#327,.T.);
#1438=EDGE_CURVE('',#1214,#1214,#328,.T.);
#1439=EDGE_CURVE('',#1215,#1215,#329,.T.);
#1440=EDGE_CURVE('',#1216,#1216,#330,.T.);
#1441=EDGE_CURVE('',#1217,#1217,#331,.T.);
#1442=EDGE_CURVE('',#1218,#1218,#332,.T.);
#1443=EDGE_CURVE('',#1219,#1219,#333,.T.);
#1444=EDGE_CURVE('',#1220,#1220,#334,.T.);
#1445=EDGE_CURVE('',#1221,#1221,#335,.T.);
#1446=EDGE_CURVE('',#1222,#1222,#336,.T.);
#1447=EDGE_CURVE('',#1223,#1223,#337,.T.);
#1448=EDGE_CURVE('',#1224,#1224,#338,.T.);
#1449=EDGE_CURVE('',#1225,#1225,#339,.T.);
#1450=EDGE_CURVE('',#1226,#1226,#340,.T.);
#1451=EDGE_CURVE('',#1227,#1227,#341,.T.);
#1452=EDGE_CURVE('',#1228,#1228,#342,.T.);
#1453=EDGE_CURVE('',#1229,#1229,#343,.T.);
#1454=EDGE_CURVE('',#1230,#1230,#344,.T.);
#1455=EDGE_CURVE('',#1231,#1231,#345,.T.);
#1456=EDGE_CURVE('',#1232,#1232,#346,.T.);
#1457=EDGE_CURVE('',#1233,#1233,#347,.T.);
#1458=EDGE_CURVE('',#1234,#1234,#348,.T.);
#1459=EDGE_CURVE('',#1235,#1235,#349,.T.);
#1460=EDGE_CURVE('',#1236,#1236,#350,.T.);
#1461=EDGE_CURVE('',#1237,#1237,#351,.T.);
#1462=EDGE_CURVE('',#1238,#1238,#352,.T.);
#1463=EDGE_CURVE('',#1239,#1239,#353,.T.);
#1464=EDGE_CURVE('',#1240,#1240,#354,.T.);
#1465=EDGE_CURVE('',#1241,#1241,#355,.T.);
#1466=EDGE_CURVE('',#1242,#1242,#356,.T.);
#1467=EDGE_CURVE('',#1243,#1243,#357,.T.);
#1468=EDGE_CURVE('',#1244,#1244,#358,.T.);
#1469=EDGE_CURVE('',#1245,#1245,#359,.T.);
#1470=EDGE_CURVE('',#1246,#1246,#360,.T.);
#1471=EDGE_CURVE('',#1247,#1247,#361,.T.);
#1472=EDGE_CURVE('',#1248,#1248,#362,.T.);
#1473=EDGE_CURVE('',#1249,#1249,#363,.T.);
#1474=EDGE_CURVE('',#1250,#1250,#364,.T.);
#1475=EDGE_CURVE('',#1251,#1251,#365,.T.);
#1476=EDGE_CURVE('',#1252,#1252,#366,.T.);
#1477=EDGE_CURVE('',#1253,#1253,#367,.T.);
#1478=EDGE_CURVE('',#1254,#1254,#368,.T.);
#1479=EDGE_CURVE('',#1255,#1255,#369,.T.);
#1480=EDGE_CURVE('',#1256,#1256,#370,.T.);
#1481=EDGE_CURVE('',#1257,#1257,#371,.T.);
#1482=EDGE_CURVE('',#1258,#1258,#372,.T.);
#1483=EDGE_CURVE('',#1259,#1259,#373,.T.);
#1484=EDGE_CURVE('',#1260,#1260,#374,.T.);
#1485=EDGE_CURVE('',#1261,#1261,#375,.T.);
#1486=EDGE_CURVE('',#1262,#1262,#376,.T.);
#1487=EDGE_CURVE('',#1263,#1263,#377,.T.);
#1488=EDGE_CURVE('',#1264,#1264,#378,.T.);
#1489=EDGE_CURVE('',#1265,#1265,#379,.T.);
#1490=EDGE_CURVE('',#1266,#1266,#380,.T.);
#1491=EDGE_CURVE('',#1267,#1267,#381,.T.);
#1492=EDGE_CURVE('',#1268,#1268,#382,.T.);
#1493=EDGE_CURVE('',#1269,#1269,#383,.T.);
#1494=EDGE_CURVE('',#1270,#1270,#384,.T.);
#1495=EDGE_CURVE('',#1271,#1271,#385,.T.);
#1496=EDGE_CURVE('',#1272,#1272,#386,.T.);
#1497=EDGE_CURVE('',#1273,#1273,#387,.T.);
#1498=EDGE_CURVE('',#1274,#1274,#388,.T.);
#1499=EDGE_CURVE('',#1275,#1275,#389,.T.);
#1500=EDGE_CURVE('',#1276,#1276,#390,.T.);
#1501=EDGE_CURVE('',#1277,#1277,#391,.T.);
#1502=EDGE_CURVE('',#1278,#1278,#392,.T.);
#1503=EDGE_CURVE('',#1279,#1279,#393,.T.);
#1504=EDGE_CURVE('',#1280,#1280,#394,.T.);
#1505=EDGE_CURVE('',#1281,#1281,#395,.T.);
#1506=EDGE_CURVE('',#1282,#1282,#396,.T.);
#1507=EDGE_CURVE('',#1283,#1283,#397,.T.);
#1508=EDGE_CURVE('',#1284,#1284,#398,.T.);
#1509=EDGE_CURVE('',#1285,#1285,#399,.T.);
#1510=EDGE_CURVE('',#1286,#1286,#400,.T.);
#1511=EDGE_CURVE('',#1287,#1287,#401,.T.);
#1512=EDGE_CURVE('',#1288,#1288,#402,.T.);
#1513=EDGE_CURVE('',#1289,#1289,#403,.T.);
#1514=EDGE_CURVE('',#1290,#1290,#404,.T.);
#1515=EDGE_CURVE('',#1291,#1291,#405,.T.);
#1516=EDGE_CURVE('',#1292,#1292,#406,.T.);
#1517=EDGE_CURVE('',#1293,#1293,#407,.T.);
#1518=EDGE_CURVE('',#1294,#1294,#408,.T.);
#1519=EDGE_CURVE('',#1295,#1295,#409,.T.);
#1520=EDGE_CURVE('',#1296,#1296,#410,.T.);
#1521=EDGE_CURVE('',#1297,#1297,#411,.T.);
#1522=EDGE_CURVE('',#1298,#1298,#412,.T.);
#1523=EDGE_CURVE('',#1299,#1299,#413,.T.);
#1524=EDGE_CURVE('',#1300,#1300,#414,.T.);
#1525=EDGE_CURVE('',#1301,#1301,#415,.T.);
#1526=EDGE_CURVE('',#1302,#1302,#416,.T.);
#1527=EDGE_CURVE('',#1303,#1303,#417,.T.);
#1528=EDGE_CURVE('',#1304,#1304,#418,.T.);
#1529=EDGE_CURVE('',#1305,#1305,#419,.T.);
#1530=EDGE_CURVE('',#1306,#1306,#420,.T.);
#1531=EDGE_CURVE('',#1307,#1307,#421,.T.);
#1532=EDGE_CURVE('',#1308,#1308,#422,.T.);
#1533=EDGE_CURVE('',#1193,#1206,#423,.T.);
#1534=EDGE_CURVE('',#1204,#1196,#424,.T.);
#1535=EDGE_CURVE('',#1309,#1309,#425,.T.);
#1536=EDGE_CURVE('',#1310,#1310,#426,.T.);
#1537=EDGE_CURVE('',#1311,#1311,#427,.T.);
#1538=EDGE_CURVE('',#1312,#1312,#428,.T.);
#1539=EDGE_CURVE('',#1313,#1313,#429,.T.);
#1540=EDGE_CURVE('',#1314,#1314,#430,.T.);
#1541=EDGE_CURVE('',#1315,#1315,#431,.T.);
#1542=EDGE_CURVE('',#1316,#1316,#432,.T.);
#1543=EDGE_CURVE('',#1317,#1317,#433,.T.);
#1544=EDGE_CURVE('',#1318,#1318,#434,.T.);
#1545=EDGE_CURVE('',#1319,#1319,#435,.T.);
#1546=EDGE_CURVE('',#1320,#1320,#436,.T.);
#1547=EDGE_CURVE('',#1321,#1321,#437,.T.);
#1548=EDGE_CURVE('',#1322,#1322,#438,.T.);
#1549=EDGE_CURVE('',#1323,#1323,#439,.T.);
#1550=EDGE_CURVE('',#1324,#1324,#440,.T.);
#1551=EDGE_CURVE('',#1325,#1325,#441,.T.);
#1552=EDGE_CURVE('',#1326,#1326,#442,.T.);
#1553=EDGE_CURVE('',#1327,#1327,#443,.T.);
#1554=EDGE_CURVE('',#1328,#1328,#444,.T.);
#1555=EDGE_CURVE('',#1329,#1329,#445,.T.);
#1556=EDGE_CURVE('',#1330,#1330,#446,.T.);
#1557=EDGE_CURVE('',#1331,#1331,#447,.T.);
#1558=EDGE_CURVE('',#1332,#1332,#448,.T.);
#1559=EDGE_CURVE('',#1333,#1333,#449,.T.);
#1560=EDGE_CURVE('',#1334,#1334,#450,.T.);
#1561=EDGE_CURVE('',#1335,#1335,#451,.T.);
#1562=EDGE_CURVE('',#1336,#1336,#452,.T.);
#1563=EDGE_CURVE('',#1337,#1337,#453,.T.);
#1564=EDGE_CURVE('',#1338,#1338,#454,.T.);
#1565=EDGE_CURVE('',#1339,#1339,#455,.T.);
#1566=EDGE_CURVE('',#1340,#1340,#456,.T.);
#1567=EDGE_CURVE('',#1341,#1341,#457,.T.);
#1568=EDGE_CURVE('',#1342,#1342,#458,.T.);
#1569=EDGE_CURVE('',#1343,#1343,#459,.T.);
#1570=EDGE_CURVE('',#1344,#1344,#460,.T.);
#1571=EDGE_CURVE('',#1345,#1345,#461,.T.);
#1572=EDGE_CURVE('',#1346,#1346,#462,.T.);
#1573=EDGE_CURVE('',#1347,#1347,#463,.T.);
#1574=EDGE_CURVE('',#1348,#1348,#464,.T.);
#1575=EDGE_CURVE('',#1349,#1349,#465,.T.);
#1576=EDGE_CURVE('',#1350,#1350,#466,.T.);
#1577=EDGE_CURVE('',#1351,#1351,#467,.T.);
#1578=EDGE_CURVE('',#1352,#1352,#468,.T.);
#1579=EDGE_CURVE('',#1353,#1353,#469,.T.);
#1580=EDGE_CURVE('',#1354,#1354,#470,.T.);
#1581=EDGE_CURVE('',#1355,#1355,#471,.T.);
#1582=EDGE_CURVE('',#1356,#1356,#472,.T.);
#1583=EDGE_CURVE('',#1357,#1357,#473,.T.);
#1584=EDGE_CURVE('',#1358,#1358,#474,.T.);
#1585=EDGE_CURVE('',#1359,#1359,#475,.T.);
#1586=EDGE_CURVE('',#1360,#1360,#476,.T.);
#1587=EDGE_CURVE('',#1361,#1361,#477,.T.);
#1588=EDGE_CURVE('',#1362,#1362,#478,.T.);
#1589=EDGE_CURVE('',#1363,#1363,#479,.T.);
#1590=EDGE_CURVE('',#1364,#1364,#480,.T.);
#1591=EDGE_CURVE('',#1365,#1365,#481,.T.);
#1592=EDGE_CURVE('',#1366,#1366,#482,.T.);
#1593=EDGE_CURVE('',#1367,#1367,#483,.T.);
#1594=EDGE_CURVE('',#1368,#1368,#484,.T.);
#1595=EDGE_CURVE('',#1369,#1369,#485,.T.);
#1596=EDGE_CURVE('',#1370,#1370,#486,.T.);
#1597=EDGE_CURVE('',#1371,#1371,#487,.T.);
#1598=EDGE_CURVE('',#1372,#1372,#488,.T.);
#1599=EDGE_CURVE('',#1373,#1373,#489,.T.);
#1600=EDGE_CURVE('',#1374,#1374,#490,.T.);
#1601=EDGE_CURVE('',#1375,#1375,#491,.T.);
#1602=EDGE_CURVE('',#1376,#1376,#492,.T.);
#1603=EDGE_CURVE('',#1377,#1377,#493,.T.);
#1604=EDGE_CURVE('',#1378,#1378,#494,.T.);
#1605=EDGE_CURVE('',#1379,#1379,#495,.T.);
#1606=EDGE_CURVE('',#1380,#1380,#496,.T.);
#1607=EDGE_CURVE('',#1381,#1381,#497,.T.);
#1608=EDGE_CURVE('',#1382,#1382,#498,.T.);
#1609=EDGE_CURVE('',#1383,#1383,#499,.T.);
#1610=EDGE_CURVE('',#1384,#1384,#500,.T.);
#1611=EDGE_CURVE('',#1385,#1385,#501,.T.);
#1612=EDGE_CURVE('',#1386,#1386,#502,.T.);
#1613=EDGE_CURVE('',#1387,#1387,#503,.T.);
#1614=EDGE_CURVE('',#1388,#1388,#504,.T.);
#1615=EDGE_CURVE('',#1389,#1389,#505,.T.);
#1616=EDGE_CURVE('',#1390,#1390,#506,.T.);
#1617=EDGE_CURVE('',#1391,#1391,#507,.T.);
#1618=EDGE_CURVE('',#1392,#1392,#508,.T.);
#1619=EDGE_CURVE('',#1393,#1393,#509,.T.);
#1620=EDGE_CURVE('',#1394,#1394,#510,.T.);
#1621=EDGE_CURVE('',#1395,#1395,#511,.T.);
#1622=EDGE_CURVE('',#1396,#1396,#512,.T.);
#1623=EDGE_CURVE('',#1397,#1397,#513,.T.);
#1624=EDGE_CURVE('',#1398,#1398,#514,.T.);
#1625=EDGE_CURVE('',#1399,#1399,#515,.T.);
#1626=EDGE_CURVE('',#1400,#1400,#516,.T.);
#1627=EDGE_CURVE('',#1401,#1401,#517,.T.);
#1628=EDGE_CURVE('',#1402,#1402,#518,.T.);
#1629=EDGE_CURVE('',#1403,#1403,#519,.T.);
#1630=EDGE_CURVE('',#1404,#1404,#520,.T.);
#1631=EDGE_CURVE('',#1405,#1405,#521,.T.);
#1632=EDGE_CURVE('',#1406,#1406,#522,.T.);
#1633=EDGE_CURVE('',#1407,#1407,#523,.T.);
#1634=EDGE_CURVE('',#1408,#1408,#524,.T.);
#1635=EDGE_CURVE('',#1409,#1409,#525,.T.);
#1636=EDGE_CURVE('',#1309,#1208,#970,.T.);
#1637=EDGE_CURVE('',#1310,#1209,#971,.T.);
#1638=EDGE_CURVE('',#1311,#1210,#972,.T.);
#1639=EDGE_CURVE('',#1312,#1211,#973,.T.);
#1640=EDGE_CURVE('',#1313,#1212,#974,.T.);
#1641=EDGE_CURVE('',#1314,#1213,#975,.T.);
#1642=EDGE_CURVE('',#1315,#1214,#976,.T.);
#1643=EDGE_CURVE('',#1316,#1215,#977,.T.);
#1644=EDGE_CURVE('',#1317,#1216,#978,.T.);
#1645=EDGE_CURVE('',#1318,#1217,#979,.T.);
#1646=EDGE_CURVE('',#1319,#1218,#980,.T.);
#1647=EDGE_CURVE('',#1320,#1219,#981,.T.);
#1648=EDGE_CURVE('',#1321,#1220,#982,.T.);
#1649=EDGE_CURVE('',#1322,#1221,#983,.T.);
#1650=EDGE_CURVE('',#1323,#1222,#984,.T.);
#1651=EDGE_CURVE('',#1324,#1223,#985,.T.);
#1652=EDGE_CURVE('',#1325,#1224,#986,.T.);
#1653=EDGE_CURVE('',#1326,#1225,#987,.T.);
#1654=EDGE_CURVE('',#1327,#1226,#988,.T.);
#1655=EDGE_CURVE('',#1328,#1227,#989,.T.);
#1656=EDGE_CURVE('',#1329,#1228,#990,.T.);
#1657=EDGE_CURVE('',#1330,#1229,#991,.T.);
#1658=EDGE_CURVE('',#1331,#1230,#992,.T.);
#1659=EDGE_CURVE('',#1332,#1231,#993,.T.);
#1660=EDGE_CURVE('',#1333,#1232,#994,.T.);
#1661=EDGE_CURVE('',#1334,#1233,#995,.T.);
#1662=EDGE_CURVE('',#1335,#1234,#996,.T.);
#1663=EDGE_CURVE('',#1336,#1235,#997,.T.);
#1664=EDGE_CURVE('',#1337,#1236,#998,.T.);
#1665=EDGE_CURVE('',#1338,#1237,#999,.T.);
#1666=EDGE_CURVE('',#1339,#1238,#1000,.T.);
#1667=EDGE_CURVE('',#1340,#1239,#1001,.T.);
#1668=EDGE_CURVE('',#1341,#1240,#1002,.T.);
#1669=EDGE_CURVE('',#1342,#1241,#1003,.T.);
#1670=EDGE_CURVE('',#1343,#1242,#1004,.T.);
#1671=EDGE_CURVE('',#1344,#1243,#1005,.T.);
#1672=EDGE_CURVE('',#1345,#1244,#1006,.T.);
#1673=EDGE_CURVE('',#1346,#1245,#1007,.T.);
#1674=EDGE_CURVE('',#1347,#1246,#1008,.T.);
#1675=EDGE_CURVE('',#1348,#1247,#1009,.T.);
#1676=EDGE_CURVE('',#1349,#1248,#1010,.T.);
#1677=EDGE_CURVE('',#1350,#1249,#1011,.T.);
#1678=EDGE_CURVE('',#1351,#1250,#1012,.T.);
#1679=EDGE_CURVE('',#1352,#1251,#1013,.T.);
#1680=EDGE_CURVE('',#1353,#1252,#1014,.T.);
#1681=EDGE_CURVE('',#1354,#1253,#1015,.T.);
#1682=EDGE_CURVE('',#1355,#1254,#1016,.T.);
#1683=EDGE_CURVE('',#1356,#1255,#1017,.T.);
#1684=EDGE_CURVE('',#1357,#1256,#1018,.T.);
#1685=EDGE_CURVE('',#1358,#1257,#1019,.T.);
#1686=EDGE_CURVE('',#1359,#1258,#1020,.T.);
#1687=EDGE_CURVE('',#1360,#1259,#1021,.T.);
#1688=EDGE_CURVE('',#1361,#1260,#1022,.T.);
#1689=EDGE_CURVE('',#1362,#1261,#1023,.T.);
#1690=EDGE_CURVE('',#1363,#1262,#1024,.T.);
#1691=EDGE_CURVE('',#1364,#1263,#1025,.T.);
#1692=EDGE_CURVE('',#1365,#1264,#1026,.T.);
#1693=EDGE_CURVE('',#1366,#1265,#1027,.T.);
#1694=EDGE_CURVE('',#1367,#1266,#1028,.T.);
#1695=EDGE_CURVE('',#1368,#1267,#1029,.T.);
#1696=EDGE_CURVE('',#1369,#1268,#1030,.T.);
#1697=EDGE_CURVE('',#1370,#1269,#1031,.T.);
#1698=EDGE_CURVE('',#1371,#1270,#1032,.T.);
#1699=EDGE_CURVE('',#1372,#1271,#1033,.T.);
#1700=EDGE_CURVE('',#1373,#1272,#1034,.T.);
#1701=EDGE_CURVE('',#1374,#1273,#1035,.T.);
#1702=EDGE_CURVE('',#1375,#1274,#1036,.T.);
#1703=EDGE_CURVE('',#1376,#1275,#1037,.T.);
#1704=EDGE_CURVE('',#1377,#1276,#1038,.T.);
#1705=EDGE_CURVE('',#1378,#1277,#1039,.T.);
#1706=EDGE_CURVE('',#1379,#1278,#1040,.T.);
#1707=EDGE_CURVE('',#1380,#1279,#1041,.T.);
#1708=EDGE_CURVE('',#1381,#1280,#1042,.T.);
#1709=EDGE_CURVE('',#1382,#1281,#1043,.T.);
#1710=EDGE_CURVE('',#1383,#1282,#1044,.T.);
#1711=EDGE_CURVE('',#1384,#1283,#1045,.T.);
#1712=EDGE_CURVE('',#1385,#1284,#1046,.T.);
#1713=EDGE_CURVE('',#1386,#1285,#1047,.T.);
#1714=EDGE_CURVE('',#1387,#1286,#1048,.T.);
#1715=EDGE_CURVE('',#1388,#1287,#1049,.T.);
#1716=EDGE_CURVE('',#1389,#1288,#1050,.T.);
#1717=EDGE_CURVE('',#1390,#1289,#1051,.T.);
#1718=EDGE_CURVE('',#1391,#1290,#1052,.T.);
#1719=EDGE_CURVE('',#1392,#1291,#1053,.T.);
#1720=EDGE_CURVE('',#1393,#1292,#1054,.T.);
#1721=EDGE_CURVE('',#1394,#1293,#1055,.T.);
#1722=EDGE_CURVE('',#1395,#1294,#1056,.T.);
#1723=EDGE_CURVE('',#1396,#1295,#1057,.T.);
#1724=EDGE_CURVE('',#1397,#1296,#1058,.T.);
#1725=EDGE_CURVE('',#1398,#1297,#1059,.T.);
#1726=EDGE_CURVE('',#1399,#1298,#1060,.T.);
#1727=EDGE_CURVE('',#1400,#1299,#1061,.T.);
#1728=EDGE_CURVE('',#1401,#1300,#1062,.T.);
#1729=EDGE_CURVE('',#1402,#1301,#1063,.T.);
#1730=EDGE_CURVE('',#1403,#1302,#1064,.T.);
#1731=EDGE_CURVE('',#1404,#1303,#1065,.T.);
#1732=EDGE_CURVE('',#1405,#1304,#1066,.T.);
#1733=EDGE_CURVE('',#1406,#1305,#1067,.T.);
#1734=EDGE_CURVE('',#1407,#1306,#1068,.T.);
#1735=EDGE_CURVE('',#1408,#1307,#1069,.T.);
#1736=EDGE_CURVE('',#1409,#1308,#1070,.T.);
#1737=ORIENTED_EDGE('',*,*,#1410,.F.);
#1738=ORIENTED_EDGE('',*,*,#1411,.F.);
#1739=ORIENTED_EDGE('',*,*,#1412,.F.);
#1740=ORIENTED_EDGE('',*,*,#1413,.F.);
#1741=ORIENTED_EDGE('',*,*,#1414,.F.);
#1742=ORIENTED_EDGE('',*,*,#1415,.F.);
#1743=ORIENTED_EDGE('',*,*,#1416,.F.);
#1744=ORIENTED_EDGE('',*,*,#1417,.T.);
#1745=ORIENTED_EDGE('',*,*,#1418,.F.);
#1746=ORIENTED_EDGE('',*,*,#1417,.F.);
#1747=ORIENTED_EDGE('',*,*,#1419,.F.);
#1748=ORIENTED_EDGE('',*,*,#1411,.T.);
#1749=ORIENTED_EDGE('',*,*,#1420,.F.);
#1750=ORIENTED_EDGE('',*,*,#1421,.F.);
#1751=ORIENTED_EDGE('',*,*,#1422,.F.);
#1752=ORIENTED_EDGE('',*,*,#1423,.T.);
#1753=ORIENTED_EDGE('',*,*,#1424,.F.);
#1754=ORIENTED_EDGE('',*,*,#1425,.F.);
#1755=ORIENTED_EDGE('',*,*,#1423,.F.);
#1756=ORIENTED_EDGE('',*,*,#1426,.F.);
#1757=ORIENTED_EDGE('',*,*,#1427,.F.);
#1758=ORIENTED_EDGE('',*,*,#1428,.F.);
#1759=ORIENTED_EDGE('',*,*,#1429,.F.);
#1760=ORIENTED_EDGE('',*,*,#1421,.T.);
#1761=ORIENTED_EDGE('',*,*,#1412,.T.);
#1762=ORIENTED_EDGE('',*,*,#1419,.T.);
#1763=ORIENTED_EDGE('',*,*,#1416,.T.);
#1764=ORIENTED_EDGE('',*,*,#1430,.F.);
#1765=ORIENTED_EDGE('',*,*,#1426,.T.);
#1766=ORIENTED_EDGE('',*,*,#1422,.T.);
#1767=ORIENTED_EDGE('',*,*,#1429,.T.);
#1768=ORIENTED_EDGE('',*,*,#1431,.F.);
#1769=ORIENTED_EDGE('',*,*,#1432,.T.);
#1770=ORIENTED_EDGE('',*,*,#1433,.T.);
#1771=ORIENTED_EDGE('',*,*,#1434,.T.);
#1772=ORIENTED_EDGE('',*,*,#1435,.T.);
#1773=ORIENTED_EDGE('',*,*,#1436,.T.);
#1774=ORIENTED_EDGE('',*,*,#1437,.T.);
#1775=ORIENTED_EDGE('',*,*,#1438,.T.);
#1776=ORIENTED_EDGE('',*,*,#1439,.T.);
#1777=ORIENTED_EDGE('',*,*,#1440,.T.);
#1778=ORIENTED_EDGE('',*,*,#1441,.T.);
#1779=ORIENTED_EDGE('',*,*,#1442,.T.);
#1780=ORIENTED_EDGE('',*,*,#1443,.T.);
#1781=ORIENTED_EDGE('',*,*,#1444,.T.);
#1782=ORIENTED_EDGE('',*,*,#1445,.T.);
#1783=ORIENTED_EDGE('',*,*,#1446,.T.);
#1784=ORIENTED_EDGE('',*,*,#1447,.T.);
#1785=ORIENTED_EDGE('',*,*,#1448,.T.);
#1786=ORIENTED_EDGE('',*,*,#1449,.T.);
#1787=ORIENTED_EDGE('',*,*,#1450,.T.);
#1788=ORIENTED_EDGE('',*,*,#1451,.T.);
#1789=ORIENTED_EDGE('',*,*,#1452,.T.);
#1790=ORIENTED_EDGE('',*,*,#1453,.T.);
#1791=ORIENTED_EDGE('',*,*,#1454,.T.);
#1792=ORIENTED_EDGE('',*,*,#1455,.T.);
#1793=ORIENTED_EDGE('',*,*,#1456,.T.);
#1794=ORIENTED_EDGE('',*,*,#1457,.T.);
#1795=ORIENTED_EDGE('',*,*,#1458,.T.);
#1796=ORIENTED_EDGE('',*,*,#1459,.T.);
#1797=ORIENTED_EDGE('',*,*,#1460,.T.);
#1798=ORIENTED_EDGE('',*,*,#1461,.T.);
#1799=ORIENTED_EDGE('',*,*,#1462,.T.);
#1800=ORIENTED_EDGE('',*,*,#1463,.T.);
#1801=ORIENTED_EDGE('',*,*,#1464,.T.);
#1802=ORIENTED_EDGE('',*,*,#1465,.T.);
#1803=ORIENTED_EDGE('',*,*,#1466,.T.);
#1804=ORIENTED_EDGE('',*,*,#1467,.T.);
#1805=ORIENTED_EDGE('',*,*,#1468,.T.);
#1806=ORIENTED_EDGE('',*,*,#1469,.T.);
#1807=ORIENTED_EDGE('',*,*,#1470,.T.);
#1808=ORIENTED_EDGE('',*,*,#1471,.T.);
#1809=ORIENTED_EDGE('',*,*,#1472,.T.);
#1810=ORIENTED_EDGE('',*,*,#1473,.T.);
#1811=ORIENTED_EDGE('',*,*,#1474,.T.);
#1812=ORIENTED_EDGE('',*,*,#1475,.T.);
#1813=ORIENTED_EDGE('',*,*,#1476,.T.);
#1814=ORIENTED_EDGE('',*,*,#1477,.T.);
#1815=ORIENTED_EDGE('',*,*,#1478,.T.);
#1816=ORIENTED_EDGE('',*,*,#1479,.T.);
#1817=ORIENTED_EDGE('',*,*,#1480,.T.);
#1818=ORIENTED_EDGE('',*,*,#1481,.T.);
#1819=ORIENTED_EDGE('',*,*,#1482,.T.);
#1820=ORIENTED_EDGE('',*,*,#1483,.T.);
#1821=ORIENTED_EDGE('',*,*,#1484,.T.);
#1822=ORIENTED_EDGE('',*,*,#1485,.T.);
#1823=ORIENTED_EDGE('',*,*,#1486,.T.);
#1824=ORIENTED_EDGE('',*,*,#1487,.T.);
#1825=ORIENTED_EDGE('',*,*,#1488,.T.);
#1826=ORIENTED_EDGE('',*,*,#1489,.T.);
#1827=ORIENTED_EDGE('',*,*,#1490,.T.);
#1828=ORIENTED_EDGE('',*,*,#1491,.T.);
#1829=ORIENTED_EDGE('',*,*,#1492,.T.);
#1830=ORIENTED_EDGE('',*,*,#1493,.T.);
#1831=ORIENTED_EDGE('',*,*,#1494,.T.);
#1832=ORIENTED_EDGE('',*,*,#1495,.T.);
#1833=ORIENTED_EDGE('',*,*,#1496,.T.);
#1834=ORIENTED_EDGE('',*,*,#1497,.T.);
#1835=ORIENTED_EDGE('',*,*,#1498,.T.);
#1836=ORIENTED_EDGE('',*,*,#1499,.T.);
#1837=ORIENTED_EDGE('',*,*,#1500,.T.);
#1838=ORIENTED_EDGE('',*,*,#1501,.T.);
#1839=ORIENTED_EDGE('',*,*,#1502,.T.);
#1840=ORIENTED_EDGE('',*,*,#1503,.T.);
#1841=ORIENTED_EDGE('',*,*,#1504,.T.);
#1842=ORIENTED_EDGE('',*,*,#1505,.T.);
#1843=ORIENTED_EDGE('',*,*,#1506,.T.);
#1844=ORIENTED_EDGE('',*,*,#1507,.T.);
#1845=ORIENTED_EDGE('',*,*,#1508,.T.);
#1846=ORIENTED_EDGE('',*,*,#1509,.T.);
#1847=ORIENTED_EDGE('',*,*,#1510,.T.);
#1848=ORIENTED_EDGE('',*,*,#1511,.T.);
#1849=ORIENTED_EDGE('',*,*,#1512,.T.);
#1850=ORIENTED_EDGE('',*,*,#1513,.T.);
#1851=ORIENTED_EDGE('',*,*,#1514,.T.);
#1852=ORIENTED_EDGE('',*,*,#1515,.T.);
#1853=ORIENTED_EDGE('',*,*,#1516,.T.);
#1854=ORIENTED_EDGE('',*,*,#1517,.T.);
#1855=ORIENTED_EDGE('',*,*,#1518,.T.);
#1856=ORIENTED_EDGE('',*,*,#1519,.T.);
#1857=ORIENTED_EDGE('',*,*,#1520,.T.);
#1858=ORIENTED_EDGE('',*,*,#1521,.T.);
#1859=ORIENTED_EDGE('',*,*,#1522,.T.);
#1860=ORIENTED_EDGE('',*,*,#1523,.T.);
#1861=ORIENTED_EDGE('',*,*,#1524,.T.);
#1862=ORIENTED_EDGE('',*,*,#1525,.T.);
#1863=ORIENTED_EDGE('',*,*,#1526,.T.);
#1864=ORIENTED_EDGE('',*,*,#1527,.T.);
#1865=ORIENTED_EDGE('',*,*,#1528,.T.);
#1866=ORIENTED_EDGE('',*,*,#1529,.T.);
#1867=ORIENTED_EDGE('',*,*,#1530,.T.);
#1868=ORIENTED_EDGE('',*,*,#1531,.T.);
#1869=ORIENTED_EDGE('',*,*,#1532,.T.);
#1870=ORIENTED_EDGE('',*,*,#1410,.T.);
#1871=ORIENTED_EDGE('',*,*,#1533,.T.);
#1872=ORIENTED_EDGE('',*,*,#1427,.T.);
#1873=ORIENTED_EDGE('',*,*,#1420,.T.);
#1874=ORIENTED_EDGE('',*,*,#1425,.T.);
#1875=ORIENTED_EDGE('',*,*,#1534,.T.);
#1876=ORIENTED_EDGE('',*,*,#1414,.T.);
#1877=ORIENTED_EDGE('',*,*,#1418,.T.);
#1878=ORIENTED_EDGE('',*,*,#1535,.T.);
#1879=ORIENTED_EDGE('',*,*,#1536,.T.);
#1880=ORIENTED_EDGE('',*,*,#1537,.T.);
#1881=ORIENTED_EDGE('',*,*,#1538,.T.);
#1882=ORIENTED_EDGE('',*,*,#1539,.T.);
#1883=ORIENTED_EDGE('',*,*,#1540,.T.);
#1884=ORIENTED_EDGE('',*,*,#1541,.T.);
#1885=ORIENTED_EDGE('',*,*,#1542,.T.);
#1886=ORIENTED_EDGE('',*,*,#1543,.T.);
#1887=ORIENTED_EDGE('',*,*,#1544,.T.);
#1888=ORIENTED_EDGE('',*,*,#1545,.T.);
#1889=ORIENTED_EDGE('',*,*,#1546,.T.);
#1890=ORIENTED_EDGE('',*,*,#1547,.T.);
#1891=ORIENTED_EDGE('',*,*,#1548,.T.);
#1892=ORIENTED_EDGE('',*,*,#1549,.T.);
#1893=ORIENTED_EDGE('',*,*,#1550,.T.);
#1894=ORIENTED_EDGE('',*,*,#1551,.T.);
#1895=ORIENTED_EDGE('',*,*,#1552,.T.);
#1896=ORIENTED_EDGE('',*,*,#1553,.T.);
#1897=ORIENTED_EDGE('',*,*,#1554,.T.);
#1898=ORIENTED_EDGE('',*,*,#1555,.T.);
#1899=ORIENTED_EDGE('',*,*,#1556,.T.);
#1900=ORIENTED_EDGE('',*,*,#1557,.T.);
#1901=ORIENTED_EDGE('',*,*,#1558,.T.);
#1902=ORIENTED_EDGE('',*,*,#1559,.T.);
#1903=ORIENTED_EDGE('',*,*,#1560,.T.);
#1904=ORIENTED_EDGE('',*,*,#1561,.T.);
#1905=ORIENTED_EDGE('',*,*,#1562,.T.);
#1906=ORIENTED_EDGE('',*,*,#1563,.T.);
#1907=ORIENTED_EDGE('',*,*,#1564,.T.);
#1908=ORIENTED_EDGE('',*,*,#1565,.T.);
#1909=ORIENTED_EDGE('',*,*,#1566,.T.);
#1910=ORIENTED_EDGE('',*,*,#1567,.T.);
#1911=ORIENTED_EDGE('',*,*,#1568,.T.);
#1912=ORIENTED_EDGE('',*,*,#1569,.T.);
#1913=ORIENTED_EDGE('',*,*,#1570,.T.);
#1914=ORIENTED_EDGE('',*,*,#1571,.T.);
#1915=ORIENTED_EDGE('',*,*,#1572,.T.);
#1916=ORIENTED_EDGE('',*,*,#1573,.T.);
#1917=ORIENTED_EDGE('',*,*,#1574,.T.);
#1918=ORIENTED_EDGE('',*,*,#1575,.T.);
#1919=ORIENTED_EDGE('',*,*,#1576,.T.);
#1920=ORIENTED_EDGE('',*,*,#1577,.T.);
#1921=ORIENTED_EDGE('',*,*,#1578,.T.);
#1922=ORIENTED_EDGE('',*,*,#1579,.T.);
#1923=ORIENTED_EDGE('',*,*,#1580,.T.);
#1924=ORIENTED_EDGE('',*,*,#1581,.T.);
#1925=ORIENTED_EDGE('',*,*,#1582,.T.);
#1926=ORIENTED_EDGE('',*,*,#1583,.T.);
#1927=ORIENTED_EDGE('',*,*,#1584,.T.);
#1928=ORIENTED_EDGE('',*,*,#1585,.T.);
#1929=ORIENTED_EDGE('',*,*,#1586,.T.);
#1930=ORIENTED_EDGE('',*,*,#1587,.T.);
#1931=ORIENTED_EDGE('',*,*,#1588,.T.);
#1932=ORIENTED_EDGE('',*,*,#1589,.T.);
#1933=ORIENTED_EDGE('',*,*,#1590,.T.);
#1934=ORIENTED_EDGE('',*,*,#1591,.T.);
#1935=ORIENTED_EDGE('',*,*,#1592,.T.);
#1936=ORIENTED_EDGE('',*,*,#1593,.T.);
#1937=ORIENTED_EDGE('',*,*,#1594,.T.);
#1938=ORIENTED_EDGE('',*,*,#1595,.T.);
#1939=ORIENTED_EDGE('',*,*,#1596,.T.);
#1940=ORIENTED_EDGE('',*,*,#1597,.T.);
#1941=ORIENTED_EDGE('',*,*,#1598,.T.);
#1942=ORIENTED_EDGE('',*,*,#1599,.T.);
#1943=ORIENTED_EDGE('',*,*,#1600,.T.);
#1944=ORIENTED_EDGE('',*,*,#1601,.T.);
#1945=ORIENTED_EDGE('',*,*,#1602,.T.);
#1946=ORIENTED_EDGE('',*,*,#1603,.T.);
#1947=ORIENTED_EDGE('',*,*,#1604,.T.);
#1948=ORIENTED_EDGE('',*,*,#1605,.T.);
#1949=ORIENTED_EDGE('',*,*,#1606,.T.);
#1950=ORIENTED_EDGE('',*,*,#1607,.T.);
#1951=ORIENTED_EDGE('',*,*,#1608,.T.);
#1952=ORIENTED_EDGE('',*,*,#1609,.T.);
#1953=ORIENTED_EDGE('',*,*,#1610,.T.);
#1954=ORIENTED_EDGE('',*,*,#1611,.T.);
#1955=ORIENTED_EDGE('',*,*,#1612,.T.);
#1956=ORIENTED_EDGE('',*,*,#1613,.T.);
#1957=ORIENTED_EDGE('',*,*,#1614,.T.);
#1958=ORIENTED_EDGE('',*,*,#1615,.T.);
#1959=ORIENTED_EDGE('',*,*,#1616,.T.);
#1960=ORIENTED_EDGE('',*,*,#1617,.T.);
#1961=ORIENTED_EDGE('',*,*,#1618,.T.);
#1962=ORIENTED_EDGE('',*,*,#1619,.T.);
#1963=ORIENTED_EDGE('',*,*,#1620,.T.);
#1964=ORIENTED_EDGE('',*,*,#1621,.T.);
#1965=ORIENTED_EDGE('',*,*,#1622,.T.);
#1966=ORIENTED_EDGE('',*,*,#1623,.T.);
#1967=ORIENTED_EDGE('',*,*,#1624,.T.);
#1968=ORIENTED_EDGE('',*,*,#1625,.T.);
#1969=ORIENTED_EDGE('',*,*,#1626,.T.);
#1970=ORIENTED_EDGE('',*,*,#1627,.T.);
#1971=ORIENTED_EDGE('',*,*,#1628,.T.);
#1972=ORIENTED_EDGE('',*,*,#1629,.T.);
#1973=ORIENTED_EDGE('',*,*,#1630,.T.);
#1974=ORIENTED_EDGE('',*,*,#1631,.T.);
#1975=ORIENTED_EDGE('',*,*,#1632,.T.);
#1976=ORIENTED_EDGE('',*,*,#1633,.T.);
#1977=ORIENTED_EDGE('',*,*,#1634,.T.);
#1978=ORIENTED_EDGE('',*,*,#1635,.T.);
#1979=ORIENTED_EDGE('',*,*,#1415,.T.);
#1980=ORIENTED_EDGE('',*,*,#1534,.F.);
#1981=ORIENTED_EDGE('',*,*,#1424,.T.);
#1982=ORIENTED_EDGE('',*,*,#1430,.T.);
#1983=ORIENTED_EDGE('',*,*,#1535,.F.);
#1984=ORIENTED_EDGE('',*,*,#1636,.T.);
#1985=ORIENTED_EDGE('',*,*,#1432,.F.);
#1986=ORIENTED_EDGE('',*,*,#1636,.F.);
#1987=ORIENTED_EDGE('',*,*,#1536,.F.);
#1988=ORIENTED_EDGE('',*,*,#1637,.T.);
#1989=ORIENTED_EDGE('',*,*,#1433,.F.);
#1990=ORIENTED_EDGE('',*,*,#1637,.F.);
#1991=ORIENTED_EDGE('',*,*,#1537,.F.);
#1992=ORIENTED_EDGE('',*,*,#1638,.T.);
#1993=ORIENTED_EDGE('',*,*,#1434,.F.);
#1994=ORIENTED_EDGE('',*,*,#1638,.F.);
#1995=ORIENTED_EDGE('',*,*,#1538,.F.);
#1996=ORIENTED_EDGE('',*,*,#1639,.T.);
#1997=ORIENTED_EDGE('',*,*,#1435,.F.);
#1998=ORIENTED_EDGE('',*,*,#1639,.F.);
#1999=ORIENTED_EDGE('',*,*,#1539,.F.);
#2000=ORIENTED_EDGE('',*,*,#1640,.T.);
#2001=ORIENTED_EDGE('',*,*,#1436,.F.);
#2002=ORIENTED_EDGE('',*,*,#1640,.F.);
#2003=ORIENTED_EDGE('',*,*,#1540,.F.);
#2004=ORIENTED_EDGE('',*,*,#1641,.T.);
#2005=ORIENTED_EDGE('',*,*,#1437,.F.);
#2006=ORIENTED_EDGE('',*,*,#1641,.F.);
#2007=ORIENTED_EDGE('',*,*,#1541,.F.);
#2008=ORIENTED_EDGE('',*,*,#1642,.T.);
#2009=ORIENTED_EDGE('',*,*,#1438,.F.);
#2010=ORIENTED_EDGE('',*,*,#1642,.F.);
#2011=ORIENTED_EDGE('',*,*,#1542,.F.);
#2012=ORIENTED_EDGE('',*,*,#1643,.T.);
#2013=ORIENTED_EDGE('',*,*,#1439,.F.);
#2014=ORIENTED_EDGE('',*,*,#1643,.F.);
#2015=ORIENTED_EDGE('',*,*,#1543,.F.);
#2016=ORIENTED_EDGE('',*,*,#1644,.T.);
#2017=ORIENTED_EDGE('',*,*,#1440,.F.);
#2018=ORIENTED_EDGE('',*,*,#1644,.F.);
#2019=ORIENTED_EDGE('',*,*,#1544,.F.);
#2020=ORIENTED_EDGE('',*,*,#1645,.T.);
#2021=ORIENTED_EDGE('',*,*,#1441,.F.);
#2022=ORIENTED_EDGE('',*,*,#1645,.F.);
#2023=ORIENTED_EDGE('',*,*,#1545,.F.);
#2024=ORIENTED_EDGE('',*,*,#1646,.T.);
#2025=ORIENTED_EDGE('',*,*,#1442,.F.);
#2026=ORIENTED_EDGE('',*,*,#1646,.F.);
#2027=ORIENTED_EDGE('',*,*,#1546,.F.);
#2028=ORIENTED_EDGE('',*,*,#1647,.T.);
#2029=ORIENTED_EDGE('',*,*,#1443,.F.);
#2030=ORIENTED_EDGE('',*,*,#1647,.F.);
#2031=ORIENTED_EDGE('',*,*,#1547,.F.);
#2032=ORIENTED_EDGE('',*,*,#1648,.T.);
#2033=ORIENTED_EDGE('',*,*,#1444,.F.);
#2034=ORIENTED_EDGE('',*,*,#1648,.F.);
#2035=ORIENTED_EDGE('',*,*,#1548,.F.);
#2036=ORIENTED_EDGE('',*,*,#1649,.T.);
#2037=ORIENTED_EDGE('',*,*,#1445,.F.);
#2038=ORIENTED_EDGE('',*,*,#1649,.F.);
#2039=ORIENTED_EDGE('',*,*,#1549,.F.);
#2040=ORIENTED_EDGE('',*,*,#1650,.T.);
#2041=ORIENTED_EDGE('',*,*,#1446,.F.);
#2042=ORIENTED_EDGE('',*,*,#1650,.F.);
#2043=ORIENTED_EDGE('',*,*,#1550,.F.);
#2044=ORIENTED_EDGE('',*,*,#1651,.T.);
#2045=ORIENTED_EDGE('',*,*,#1447,.F.);
#2046=ORIENTED_EDGE('',*,*,#1651,.F.);
#2047=ORIENTED_EDGE('',*,*,#1551,.F.);
#2048=ORIENTED_EDGE('',*,*,#1652,.T.);
#2049=ORIENTED_EDGE('',*,*,#1448,.F.);
#2050=ORIENTED_EDGE('',*,*,#1652,.F.);
#2051=ORIENTED_EDGE('',*,*,#1552,.F.);
#2052=ORIENTED_EDGE('',*,*,#1653,.T.);
#2053=ORIENTED_EDGE('',*,*,#1449,.F.);
#2054=ORIENTED_EDGE('',*,*,#1653,.F.);
#2055=ORIENTED_EDGE('',*,*,#1553,.F.);
#2056=ORIENTED_EDGE('',*,*,#1654,.T.);
#2057=ORIENTED_EDGE('',*,*,#1450,.F.);
#2058=ORIENTED_EDGE('',*,*,#1654,.F.);
#2059=ORIENTED_EDGE('',*,*,#1554,.F.);
#2060=ORIENTED_EDGE('',*,*,#1655,.T.);
#2061=ORIENTED_EDGE('',*,*,#1451,.F.);
#2062=ORIENTED_EDGE('',*,*,#1655,.F.);
#2063=ORIENTED_EDGE('',*,*,#1555,.F.);
#2064=ORIENTED_EDGE('',*,*,#1656,.T.);
#2065=ORIENTED_EDGE('',*,*,#1452,.F.);
#2066=ORIENTED_EDGE('',*,*,#1656,.F.);
#2067=ORIENTED_EDGE('',*,*,#1556,.F.);
#2068=ORIENTED_EDGE('',*,*,#1657,.T.);
#2069=ORIENTED_EDGE('',*,*,#1453,.F.);
#2070=ORIENTED_EDGE('',*,*,#1657,.F.);
#2071=ORIENTED_EDGE('',*,*,#1557,.F.);
#2072=ORIENTED_EDGE('',*,*,#1658,.T.);
#2073=ORIENTED_EDGE('',*,*,#1454,.F.);
#2074=ORIENTED_EDGE('',*,*,#1658,.F.);
#2075=ORIENTED_EDGE('',*,*,#1558,.F.);
#2076=ORIENTED_EDGE('',*,*,#1659,.T.);
#2077=ORIENTED_EDGE('',*,*,#1455,.F.);
#2078=ORIENTED_EDGE('',*,*,#1659,.F.);
#2079=ORIENTED_EDGE('',*,*,#1559,.F.);
#2080=ORIENTED_EDGE('',*,*,#1660,.T.);
#2081=ORIENTED_EDGE('',*,*,#1456,.F.);
#2082=ORIENTED_EDGE('',*,*,#1660,.F.);
#2083=ORIENTED_EDGE('',*,*,#1560,.F.);
#2084=ORIENTED_EDGE('',*,*,#1661,.T.);
#2085=ORIENTED_EDGE('',*,*,#1457,.F.);
#2086=ORIENTED_EDGE('',*,*,#1661,.F.);
#2087=ORIENTED_EDGE('',*,*,#1561,.F.);
#2088=ORIENTED_EDGE('',*,*,#1662,.T.);
#2089=ORIENTED_EDGE('',*,*,#1458,.F.);
#2090=ORIENTED_EDGE('',*,*,#1662,.F.);
#2091=ORIENTED_EDGE('',*,*,#1562,.F.);
#2092=ORIENTED_EDGE('',*,*,#1663,.T.);
#2093=ORIENTED_EDGE('',*,*,#1459,.F.);
#2094=ORIENTED_EDGE('',*,*,#1663,.F.);
#2095=ORIENTED_EDGE('',*,*,#1563,.F.);
#2096=ORIENTED_EDGE('',*,*,#1664,.T.);
#2097=ORIENTED_EDGE('',*,*,#1460,.F.);
#2098=ORIENTED_EDGE('',*,*,#1664,.F.);
#2099=ORIENTED_EDGE('',*,*,#1564,.F.);
#2100=ORIENTED_EDGE('',*,*,#1665,.T.);
#2101=ORIENTED_EDGE('',*,*,#1461,.F.);
#2102=ORIENTED_EDGE('',*,*,#1665,.F.);
#2103=ORIENTED_EDGE('',*,*,#1565,.F.);
#2104=ORIENTED_EDGE('',*,*,#1666,.T.);
#2105=ORIENTED_EDGE('',*,*,#1462,.F.);
#2106=ORIENTED_EDGE('',*,*,#1666,.F.);
#2107=ORIENTED_EDGE('',*,*,#1566,.F.);
#2108=ORIENTED_EDGE('',*,*,#1667,.T.);
#2109=ORIENTED_EDGE('',*,*,#1463,.F.);
#2110=ORIENTED_EDGE('',*,*,#1667,.F.);
#2111=ORIENTED_EDGE('',*,*,#1567,.F.);
#2112=ORIENTED_EDGE('',*,*,#1668,.T.);
#2113=ORIENTED_EDGE('',*,*,#1464,.F.);
#2114=ORIENTED_EDGE('',*,*,#1668,.F.);
#2115=ORIENTED_EDGE('',*,*,#1568,.F.);
#2116=ORIENTED_EDGE('',*,*,#1669,.T.);
#2117=ORIENTED_EDGE('',*,*,#1465,.F.);
#2118=ORIENTED_EDGE('',*,*,#1669,.F.);
#2119=ORIENTED_EDGE('',*,*,#1569,.F.);
#2120=ORIENTED_EDGE('',*,*,#1670,.T.);
#2121=ORIENTED_EDGE('',*,*,#1466,.F.);
#2122=ORIENTED_EDGE('',*,*,#1670,.F.);
#2123=ORIENTED_EDGE('',*,*,#1570,.F.);
#2124=ORIENTED_EDGE('',*,*,#1671,.T.);
#2125=ORIENTED_EDGE('',*,*,#1467,.F.);
#2126=ORIENTED_EDGE('',*,*,#1671,.F.);
#2127=ORIENTED_EDGE('',*,*,#1571,.F.);
#2128=ORIENTED_EDGE('',*,*,#1672,.T.);
#2129=ORIENTED_EDGE('',*,*,#1468,.F.);
#2130=ORIENTED_EDGE('',*,*,#1672,.F.);
#2131=ORIENTED_EDGE('',*,*,#1572,.F.);
#2132=ORIENTED_EDGE('',*,*,#1673,.T.);
#2133=ORIENTED_EDGE('',*,*,#1469,.F.);
#2134=ORIENTED_EDGE('',*,*,#1673,.F.);
#2135=ORIENTED_EDGE('',*,*,#1573,.F.);
#2136=ORIENTED_EDGE('',*,*,#1674,.T.);
#2137=ORIENTED_EDGE('',*,*,#1470,.F.);
#2138=ORIENTED_EDGE('',*,*,#1674,.F.);
#2139=ORIENTED_EDGE('',*,*,#1574,.F.);
#2140=ORIENTED_EDGE('',*,*,#1675,.T.);
#2141=ORIENTED_EDGE('',*,*,#1471,.F.);
#2142=ORIENTED_EDGE('',*,*,#1675,.F.);
#2143=ORIENTED_EDGE('',*,*,#1575,.F.);
#2144=ORIENTED_EDGE('',*,*,#1676,.T.);
#2145=ORIENTED_EDGE('',*,*,#1472,.F.);
#2146=ORIENTED_EDGE('',*,*,#1676,.F.);
#2147=ORIENTED_EDGE('',*,*,#1576,.F.);
#2148=ORIENTED_EDGE('',*,*,#1677,.T.);
#2149=ORIENTED_EDGE('',*,*,#1473,.F.);
#2150=ORIENTED_EDGE('',*,*,#1677,.F.);
#2151=ORIENTED_EDGE('',*,*,#1577,.F.);
#2152=ORIENTED_EDGE('',*,*,#1678,.T.);
#2153=ORIENTED_EDGE('',*,*,#1474,.F.);
#2154=ORIENTED_EDGE('',*,*,#1678,.F.);
#2155=ORIENTED_EDGE('',*,*,#1578,.F.);
#2156=ORIENTED_EDGE('',*,*,#1679,.T.);
#2157=ORIENTED_EDGE('',*,*,#1475,.F.);
#2158=ORIENTED_EDGE('',*,*,#1679,.F.);
#2159=ORIENTED_EDGE('',*,*,#1579,.F.);
#2160=ORIENTED_EDGE('',*,*,#1680,.T.);
#2161=ORIENTED_EDGE('',*,*,#1476,.F.);
#2162=ORIENTED_EDGE('',*,*,#1680,.F.);
#2163=ORIENTED_EDGE('',*,*,#1580,.F.);
#2164=ORIENTED_EDGE('',*,*,#1681,.T.);
#2165=ORIENTED_EDGE('',*,*,#1477,.F.);
#2166=ORIENTED_EDGE('',*,*,#1681,.F.);
#2167=ORIENTED_EDGE('',*,*,#1581,.F.);
#2168=ORIENTED_EDGE('',*,*,#1682,.T.);
#2169=ORIENTED_EDGE('',*,*,#1478,.F.);
#2170=ORIENTED_EDGE('',*,*,#1682,.F.);
#2171=ORIENTED_EDGE('',*,*,#1582,.F.);
#2172=ORIENTED_EDGE('',*,*,#1683,.T.);
#2173=ORIENTED_EDGE('',*,*,#1479,.F.);
#2174=ORIENTED_EDGE('',*,*,#1683,.F.);
#2175=ORIENTED_EDGE('',*,*,#1583,.F.);
#2176=ORIENTED_EDGE('',*,*,#1684,.T.);
#2177=ORIENTED_EDGE('',*,*,#1480,.F.);
#2178=ORIENTED_EDGE('',*,*,#1684,.F.);
#2179=ORIENTED_EDGE('',*,*,#1584,.F.);
#2180=ORIENTED_EDGE('',*,*,#1685,.T.);
#2181=ORIENTED_EDGE('',*,*,#1481,.F.);
#2182=ORIENTED_EDGE('',*,*,#1685,.F.);
#2183=ORIENTED_EDGE('',*,*,#1585,.F.);
#2184=ORIENTED_EDGE('',*,*,#1686,.T.);
#2185=ORIENTED_EDGE('',*,*,#1482,.F.);
#2186=ORIENTED_EDGE('',*,*,#1686,.F.);
#2187=ORIENTED_EDGE('',*,*,#1586,.F.);
#2188=ORIENTED_EDGE('',*,*,#1687,.T.);
#2189=ORIENTED_EDGE('',*,*,#1483,.F.);
#2190=ORIENTED_EDGE('',*,*,#1687,.F.);
#2191=ORIENTED_EDGE('',*,*,#1587,.F.);
#2192=ORIENTED_EDGE('',*,*,#1688,.T.);
#2193=ORIENTED_EDGE('',*,*,#1484,.F.);
#2194=ORIENTED_EDGE('',*,*,#1688,.F.);
#2195=ORIENTED_EDGE('',*,*,#1588,.F.);
#2196=ORIENTED_EDGE('',*,*,#1689,.T.);
#2197=ORIENTED_EDGE('',*,*,#1485,.F.);
#2198=ORIENTED_EDGE('',*,*,#1689,.F.);
#2199=ORIENTED_EDGE('',*,*,#1589,.F.);
#2200=ORIENTED_EDGE('',*,*,#1690,.T.);
#2201=ORIENTED_EDGE('',*,*,#1486,.F.);
#2202=ORIENTED_EDGE('',*,*,#1690,.F.);
#2203=ORIENTED_EDGE('',*,*,#1590,.F.);
#2204=ORIENTED_EDGE('',*,*,#1691,.T.);
#2205=ORIENTED_EDGE('',*,*,#1487,.F.);
#2206=ORIENTED_EDGE('',*,*,#1691,.F.);
#2207=ORIENTED_EDGE('',*,*,#1591,.F.);
#2208=ORIENTED_EDGE('',*,*,#1692,.T.);
#2209=ORIENTED_EDGE('',*,*,#1488,.F.);
#2210=ORIENTED_EDGE('',*,*,#1692,.F.);
#2211=ORIENTED_EDGE('',*,*,#1592,.F.);
#2212=ORIENTED_EDGE('',*,*,#1693,.T.);
#2213=ORIENTED_EDGE('',*,*,#1489,.F.);
#2214=ORIENTED_EDGE('',*,*,#1693,.F.);
#2215=ORIENTED_EDGE('',*,*,#1593,.F.);
#2216=ORIENTED_EDGE('',*,*,#1694,.T.);
#2217=ORIENTED_EDGE('',*,*,#1490,.F.);
#2218=ORIENTED_EDGE('',*,*,#1694,.F.);
#2219=ORIENTED_EDGE('',*,*,#1594,.F.);
#2220=ORIENTED_EDGE('',*,*,#1695,.T.);
#2221=ORIENTED_EDGE('',*,*,#1491,.F.);
#2222=ORIENTED_EDGE('',*,*,#1695,.F.);
#2223=ORIENTED_EDGE('',*,*,#1595,.F.);
#2224=ORIENTED_EDGE('',*,*,#1696,.T.);
#2225=ORIENTED_EDGE('',*,*,#1492,.F.);
#2226=ORIENTED_EDGE('',*,*,#1696,.F.);
#2227=ORIENTED_EDGE('',*,*,#1596,.F.);
#2228=ORIENTED_EDGE('',*,*,#1697,.T.);
#2229=ORIENTED_EDGE('',*,*,#1493,.F.);
#2230=ORIENTED_EDGE('',*,*,#1697,.F.);
#2231=ORIENTED_EDGE('',*,*,#1597,.F.);
#2232=ORIENTED_EDGE('',*,*,#1698,.T.);
#2233=ORIENTED_EDGE('',*,*,#1494,.F.);
#2234=ORIENTED_EDGE('',*,*,#1698,.F.);
#2235=ORIENTED_EDGE('',*,*,#1598,.F.);
#2236=ORIENTED_EDGE('',*,*,#1699,.T.);
#2237=ORIENTED_EDGE('',*,*,#1495,.F.);
#2238=ORIENTED_EDGE('',*,*,#1699,.F.);
#2239=ORIENTED_EDGE('',*,*,#1599,.F.);
#2240=ORIENTED_EDGE('',*,*,#1700,.T.);
#2241=ORIENTED_EDGE('',*,*,#1496,.F.);
#2242=ORIENTED_EDGE('',*,*,#1700,.F.);
#2243=ORIENTED_EDGE('',*,*,#1600,.F.);
#2244=ORIENTED_EDGE('',*,*,#1701,.T.);
#2245=ORIENTED_EDGE('',*,*,#1497,.F.);
#2246=ORIENTED_EDGE('',*,*,#1701,.F.);
#2247=ORIENTED_EDGE('',*,*,#1601,.F.);
#2248=ORIENTED_EDGE('',*,*,#1702,.T.);
#2249=ORIENTED_EDGE('',*,*,#1498,.F.);
#2250=ORIENTED_EDGE('',*,*,#1702,.F.);
#2251=ORIENTED_EDGE('',*,*,#1602,.F.);
#2252=ORIENTED_EDGE('',*,*,#1703,.T.);
#2253=ORIENTED_EDGE('',*,*,#1499,.F.);
#2254=ORIENTED_EDGE('',*,*,#1703,.F.);
#2255=ORIENTED_EDGE('',*,*,#1603,.F.);
#2256=ORIENTED_EDGE('',*,*,#1704,.T.);
#2257=ORIENTED_EDGE('',*,*,#1500,.F.);
#2258=ORIENTED_EDGE('',*,*,#1704,.F.);
#2259=ORIENTED_EDGE('',*,*,#1604,.F.);
#2260=ORIENTED_EDGE('',*,*,#1705,.T.);
#2261=ORIENTED_EDGE('',*,*,#1501,.F.);
#2262=ORIENTED_EDGE('',*,*,#1705,.F.);
#2263=ORIENTED_EDGE('',*,*,#1605,.F.);
#2264=ORIENTED_EDGE('',*,*,#1706,.T.);
#2265=ORIENTED_EDGE('',*,*,#1502,.F.);
#2266=ORIENTED_EDGE('',*,*,#1706,.F.);
#2267=ORIENTED_EDGE('',*,*,#1606,.F.);
#2268=ORIENTED_EDGE('',*,*,#1707,.T.);
#2269=ORIENTED_EDGE('',*,*,#1503,.F.);
#2270=ORIENTED_EDGE('',*,*,#1707,.F.);
#2271=ORIENTED_EDGE('',*,*,#1607,.F.);
#2272=ORIENTED_EDGE('',*,*,#1708,.T.);
#2273=ORIENTED_EDGE('',*,*,#1504,.F.);
#2274=ORIENTED_EDGE('',*,*,#1708,.F.);
#2275=ORIENTED_EDGE('',*,*,#1608,.F.);
#2276=ORIENTED_EDGE('',*,*,#1709,.T.);
#2277=ORIENTED_EDGE('',*,*,#1505,.F.);
#2278=ORIENTED_EDGE('',*,*,#1709,.F.);
#2279=ORIENTED_EDGE('',*,*,#1609,.F.);
#2280=ORIENTED_EDGE('',*,*,#1710,.T.);
#2281=ORIENTED_EDGE('',*,*,#1506,.F.);
#2282=ORIENTED_EDGE('',*,*,#1710,.F.);
#2283=ORIENTED_EDGE('',*,*,#1610,.F.);
#2284=ORIENTED_EDGE('',*,*,#1711,.T.);
#2285=ORIENTED_EDGE('',*,*,#1507,.F.);
#2286=ORIENTED_EDGE('',*,*,#1711,.F.);
#2287=ORIENTED_EDGE('',*,*,#1611,.F.);
#2288=ORIENTED_EDGE('',*,*,#1712,.T.);
#2289=ORIENTED_EDGE('',*,*,#1508,.F.);
#2290=ORIENTED_EDGE('',*,*,#1712,.F.);
#2291=ORIENTED_EDGE('',*,*,#1612,.F.);
#2292=ORIENTED_EDGE('',*,*,#1713,.T.);
#2293=ORIENTED_EDGE('',*,*,#1509,.F.);
#2294=ORIENTED_EDGE('',*,*,#1713,.F.);
#2295=ORIENTED_EDGE('',*,*,#1613,.F.);
#2296=ORIENTED_EDGE('',*,*,#1714,.T.);
#2297=ORIENTED_EDGE('',*,*,#1510,.F.);
#2298=ORIENTED_EDGE('',*,*,#1714,.F.);
#2299=ORIENTED_EDGE('',*,*,#1614,.F.);
#2300=ORIENTED_EDGE('',*,*,#1715,.T.);
#2301=ORIENTED_EDGE('',*,*,#1511,.F.);
#2302=ORIENTED_EDGE('',*,*,#1715,.F.);
#2303=ORIENTED_EDGE('',*,*,#1615,.F.);
#2304=ORIENTED_EDGE('',*,*,#1716,.T.);
#2305=ORIENTED_EDGE('',*,*,#1512,.F.);
#2306=ORIENTED_EDGE('',*,*,#1716,.F.);
#2307=ORIENTED_EDGE('',*,*,#1616,.F.);
#2308=ORIENTED_EDGE('',*,*,#1717,.T.);
#2309=ORIENTED_EDGE('',*,*,#1513,.F.);
#2310=ORIENTED_EDGE('',*,*,#1717,.F.);
#2311=ORIENTED_EDGE('',*,*,#1617,.F.);
#2312=ORIENTED_EDGE('',*,*,#1718,.T.);
#2313=ORIENTED_EDGE('',*,*,#1514,.F.);
#2314=ORIENTED_EDGE('',*,*,#1718,.F.);
#2315=ORIENTED_EDGE('',*,*,#1618,.F.);
#2316=ORIENTED_EDGE('',*,*,#1719,.T.);
#2317=ORIENTED_EDGE('',*,*,#1515,.F.);
#2318=ORIENTED_EDGE('',*,*,#1719,.F.);
#2319=ORIENTED_EDGE('',*,*,#1619,.F.);
#2320=ORIENTED_EDGE('',*,*,#1720,.T.);
#2321=ORIENTED_EDGE('',*,*,#1516,.F.);
#2322=ORIENTED_EDGE('',*,*,#1720,.F.);
#2323=ORIENTED_EDGE('',*,*,#1620,.F.);
#2324=ORIENTED_EDGE('',*,*,#1721,.T.);
#2325=ORIENTED_EDGE('',*,*,#1517,.F.);
#2326=ORIENTED_EDGE('',*,*,#1721,.F.);
#2327=ORIENTED_EDGE('',*,*,#1621,.F.);
#2328=ORIENTED_EDGE('',*,*,#1722,.T.);
#2329=ORIENTED_EDGE('',*,*,#1518,.F.);
#2330=ORIENTED_EDGE('',*,*,#1722,.F.);
#2331=ORIENTED_EDGE('',*,*,#1622,.F.);
#2332=ORIENTED_EDGE('',*,*,#1723,.T.);
#2333=ORIENTED_EDGE('',*,*,#1519,.F.);
#2334=ORIENTED_EDGE('',*,*,#1723,.F.);
#2335=ORIENTED_EDGE('',*,*,#1623,.F.);
#2336=ORIENTED_EDGE('',*,*,#1724,.T.);
#2337=ORIENTED_EDGE('',*,*,#1520,.F.);
#2338=ORIENTED_EDGE('',*,*,#1724,.F.);
#2339=ORIENTED_EDGE('',*,*,#1624,.F.);
#2340=ORIENTED_EDGE('',*,*,#1725,.T.);
#2341=ORIENTED_EDGE('',*,*,#1521,.F.);
#2342=ORIENTED_EDGE('',*,*,#1725,.F.);
#2343=ORIENTED_EDGE('',*,*,#1625,.F.);
#2344=ORIENTED_EDGE('',*,*,#1726,.T.);
#2345=ORIENTED_EDGE('',*,*,#1522,.F.);
#2346=ORIENTED_EDGE('',*,*,#1726,.F.);
#2347=ORIENTED_EDGE('',*,*,#1626,.F.);
#2348=ORIENTED_EDGE('',*,*,#1727,.T.);
#2349=ORIENTED_EDGE('',*,*,#1523,.F.);
#2350=ORIENTED_EDGE('',*,*,#1727,.F.);
#2351=ORIENTED_EDGE('',*,*,#1627,.F.);
#2352=ORIENTED_EDGE('',*,*,#1728,.T.);
#2353=ORIENTED_EDGE('',*,*,#1524,.F.);
#2354=ORIENTED_EDGE('',*,*,#1728,.F.);
#2355=ORIENTED_EDGE('',*,*,#1628,.F.);
#2356=ORIENTED_EDGE('',*,*,#1729,.T.);
#2357=ORIENTED_EDGE('',*,*,#1525,.F.);
#2358=ORIENTED_EDGE('',*,*,#1729,.F.);
#2359=ORIENTED_EDGE('',*,*,#1629,.F.);
#2360=ORIENTED_EDGE('',*,*,#1730,.T.);
#2361=ORIENTED_EDGE('',*,*,#1526,.F.);
#2362=ORIENTED_EDGE('',*,*,#1730,.F.);
#2363=ORIENTED_EDGE('',*,*,#1630,.F.);
#2364=ORIENTED_EDGE('',*,*,#1731,.T.);
#2365=ORIENTED_EDGE('',*,*,#1527,.F.);
#2366=ORIENTED_EDGE('',*,*,#1731,.F.);
#2367=ORIENTED_EDGE('',*,*,#1631,.F.);
#2368=ORIENTED_EDGE('',*,*,#1732,.T.);
#2369=ORIENTED_EDGE('',*,*,#1528,.F.);
#2370=ORIENTED_EDGE('',*,*,#1732,.F.);
#2371=ORIENTED_EDGE('',*,*,#1632,.F.);
#2372=ORIENTED_EDGE('',*,*,#1733,.T.);
#2373=ORIENTED_EDGE('',*,*,#1529,.F.);
#2374=ORIENTED_EDGE('',*,*,#1733,.F.);
#2375=ORIENTED_EDGE('',*,*,#1633,.F.);
#2376=ORIENTED_EDGE('',*,*,#1734,.T.);
#2377=ORIENTED_EDGE('',*,*,#1530,.F.);
#2378=ORIENTED_EDGE('',*,*,#1734,.F.);
#2379=ORIENTED_EDGE('',*,*,#1634,.F.);
#2380=ORIENTED_EDGE('',*,*,#1735,.T.);
#2381=ORIENTED_EDGE('',*,*,#1531,.F.);
#2382=ORIENTED_EDGE('',*,*,#1735,.F.);
#2383=ORIENTED_EDGE('',*,*,#1635,.F.);
#2384=ORIENTED_EDGE('',*,*,#1736,.T.);
#2385=ORIENTED_EDGE('',*,*,#1532,.F.);
#2386=ORIENTED_EDGE('',*,*,#1736,.F.);
#2387=ORIENTED_EDGE('',*,*,#1413,.T.);
#2388=ORIENTED_EDGE('',*,*,#1431,.T.);
#2389=ORIENTED_EDGE('',*,*,#1428,.T.);
#2390=ORIENTED_EDGE('',*,*,#1533,.F.);
#2391=PLANE('',#2524);
#2392=PLANE('',#2525);
#2393=PLANE('',#2526);
#2394=PLANE('',#2527);
#2395=PLANE('',#2528);
#2396=PLANE('',#2529);
#2397=PLANE('',#2530);
#2398=PLANE('',#2634);
#2399=ADVANCED_FACE('',(#526),#2391,.F.);
#2400=ADVANCED_FACE('',(#527),#2392,.F.);
#2401=ADVANCED_FACE('',(#528),#2393,.F.);
#2402=ADVANCED_FACE('',(#529),#2394,.F.);
#2403=ADVANCED_FACE('',(#530),#2395,.F.);
#2404=ADVANCED_FACE('',(#531),#2396,.F.);
#2405=ADVANCED_FACE('',(#532,#118,#119,#120,#121,#122,#123,#124,#125,#126,
#127,#128,#129,#130,#131,#132,#133,#134,#135,#136,#137,#138,#139,#140,#141,
#142,#143,#144,#145,#146,#147,#148,#149,#150,#151,#152,#153,#154,#155,#156,
#157,#158,#159,#160,#161,#162,#163,#164,#165,#166,#167,#168,#169,#170,#171,
#172,#173,#174,#175,#176,#177,#178,#179,#180,#181,#182,#183,#184,#185,#186,
#187,#188,#189,#190,#191,#192,#193,#194,#195,#196,#197,#198,#199,#200,#201,
#202,#203,#204,#205,#206,#207,#208,#209,#210,#211,#212,#213,#214,#215,#216,
#217,#218),#2397,.F.);
#2406=ADVANCED_FACE('',(#533,#219,#220,#221,#222,#223,#224,#225,#226,#227,
#228,#229,#230,#231,#232,#233,#234,#235,#236,#237,#238,#239,#240,#241,#242,
#243,#244,#245,#246,#247,#248,#249,#250,#251,#252,#253,#254,#255,#256,#257,
#258,#259,#260,#261,#262,#263,#264,#265,#266,#267,#268,#269,#270,#271,#272,
#273,#274,#275,#276,#277,#278,#279,#280,#281,#282,#283,#284,#285,#286,#287,
#288,#289,#290,#291,#292,#293,#294,#295,#296,#297,#298,#299,#300,#301,#302,
#303,#304,#305,#306,#307,#308,#309,#310,#311,#312,#313,#314,#315,#316,#317,
#318,#319),#2398,.T.);
#2407=ADVANCED_FACE('',(#534),#15,.T.);
#2408=ADVANCED_FACE('',(#535),#16,.F.);
#2409=ADVANCED_FACE('',(#536),#17,.F.);
#2410=ADVANCED_FACE('',(#537),#18,.F.);
#2411=ADVANCED_FACE('',(#538),#19,.F.);
#2412=ADVANCED_FACE('',(#539),#20,.F.);
#2413=ADVANCED_FACE('',(#540),#21,.F.);
#2414=ADVANCED_FACE('',(#541),#22,.F.);
#2415=ADVANCED_FACE('',(#542),#23,.F.);
#2416=ADVANCED_FACE('',(#543),#24,.F.);
#2417=ADVANCED_FACE('',(#544),#25,.F.);
#2418=ADVANCED_FACE('',(#545),#26,.F.);
#2419=ADVANCED_FACE('',(#546),#27,.F.);
#2420=ADVANCED_FACE('',(#547),#28,.F.);
#2421=ADVANCED_FACE('',(#548),#29,.F.);
#2422=ADVANCED_FACE('',(#549),#30,.F.);
#2423=ADVANCED_FACE('',(#550),#31,.F.);
#2424=ADVANCED_FACE('',(#551),#32,.F.);
#2425=ADVANCED_FACE('',(#552),#33,.F.);
#2426=ADVANCED_FACE('',(#553),#34,.F.);
#2427=ADVANCED_FACE('',(#554),#35,.F.);
#2428=ADVANCED_FACE('',(#555),#36,.F.);
#2429=ADVANCED_FACE('',(#556),#37,.F.);
#2430=ADVANCED_FACE('',(#557),#38,.F.);
#2431=ADVANCED_FACE('',(#558),#39,.F.);
#2432=ADVANCED_FACE('',(#559),#40,.F.);
#2433=ADVANCED_FACE('',(#560),#41,.F.);
#2434=ADVANCED_FACE('',(#561),#42,.F.);
#2435=ADVANCED_FACE('',(#562),#43,.F.);
#2436=ADVANCED_FACE('',(#563),#44,.F.);
#2437=ADVANCED_FACE('',(#564),#45,.F.);
#2438=ADVANCED_FACE('',(#565),#46,.F.);
#2439=ADVANCED_FACE('',(#566),#47,.F.);
#2440=ADVANCED_FACE('',(#567),#48,.F.);
#2441=ADVANCED_FACE('',(#568),#49,.F.);
#2442=ADVANCED_FACE('',(#569),#50,.F.);
#2443=ADVANCED_FACE('',(#570),#51,.F.);
#2444=ADVANCED_FACE('',(#571),#52,.F.);
#2445=ADVANCED_FACE('',(#572),#53,.F.);
#2446=ADVANCED_FACE('',(#573),#54,.F.);
#2447=ADVANCED_FACE('',(#574),#55,.F.);
#2448=ADVANCED_FACE('',(#575),#56,.F.);
#2449=ADVANCED_FACE('',(#576),#57,.F.);
#2450=ADVANCED_FACE('',(#577),#58,.F.);
#2451=ADVANCED_FACE('',(#578),#59,.F.);
#2452=ADVANCED_FACE('',(#579),#60,.F.);
#2453=ADVANCED_FACE('',(#580),#61,.F.);
#2454=ADVANCED_FACE('',(#581),#62,.F.);
#2455=ADVANCED_FACE('',(#582),#63,.F.);
#2456=ADVANCED_FACE('',(#583),#64,.F.);
#2457=ADVANCED_FACE('',(#584),#65,.F.);
#2458=ADVANCED_FACE('',(#585),#66,.F.);
#2459=ADVANCED_FACE('',(#586),#67,.F.);
#2460=ADVANCED_FACE('',(#587),#68,.F.);
#2461=ADVANCED_FACE('',(#588),#69,.F.);
#2462=ADVANCED_FACE('',(#589),#70,.F.);
#2463=ADVANCED_FACE('',(#590),#71,.F.);
#2464=ADVANCED_FACE('',(#591),#72,.F.);
#2465=ADVANCED_FACE('',(#592),#73,.F.);
#2466=ADVANCED_FACE('',(#593),#74,.F.);
#2467=ADVANCED_FACE('',(#594),#75,.F.);
#2468=ADVANCED_FACE('',(#595),#76,.F.);
#2469=ADVANCED_FACE('',(#596),#77,.F.);
#2470=ADVANCED_FACE('',(#597),#78,.F.);
#2471=ADVANCED_FACE('',(#598),#79,.F.);
#2472=ADVANCED_FACE('',(#599),#80,.F.);
#2473=ADVANCED_FACE('',(#600),#81,.F.);
#2474=ADVANCED_FACE('',(#601),#82,.F.);
#2475=ADVANCED_FACE('',(#602),#83,.F.);
#2476=ADVANCED_FACE('',(#603),#84,.F.);
#2477=ADVANCED_FACE('',(#604),#85,.F.);
#2478=ADVANCED_FACE('',(#605),#86,.F.);
#2479=ADVANCED_FACE('',(#606),#87,.F.);
#2480=ADVANCED_FACE('',(#607),#88,.F.);
#2481=ADVANCED_FACE('',(#608),#89,.F.);
#2482=ADVANCED_FACE('',(#609),#90,.F.);
#2483=ADVANCED_FACE('',(#610),#91,.F.);
#2484=ADVANCED_FACE('',(#611),#92,.F.);
#2485=ADVANCED_FACE('',(#612),#93,.F.);
#2486=ADVANCED_FACE('',(#613),#94,.F.);
#2487=ADVANCED_FACE('',(#614),#95,.F.);
#2488=ADVANCED_FACE('',(#615),#96,.F.);
#2489=ADVANCED_FACE('',(#616),#97,.F.);
#2490=ADVANCED_FACE('',(#617),#98,.F.);
#2491=ADVANCED_FACE('',(#618),#99,.F.);
#2492=ADVANCED_FACE('',(#619),#100,.F.);
#2493=ADVANCED_FACE('',(#620),#101,.F.);
#2494=ADVANCED_FACE('',(#621),#102,.F.);
#2495=ADVANCED_FACE('',(#622),#103,.F.);
#2496=ADVANCED_FACE('',(#623),#104,.F.);
#2497=ADVANCED_FACE('',(#624),#105,.F.);
#2498=ADVANCED_FACE('',(#625),#106,.F.);
#2499=ADVANCED_FACE('',(#626),#107,.F.);
#2500=ADVANCED_FACE('',(#627),#108,.F.);
#2501=ADVANCED_FACE('',(#628),#109,.F.);
#2502=ADVANCED_FACE('',(#629),#110,.F.);
#2503=ADVANCED_FACE('',(#630),#111,.F.);
#2504=ADVANCED_FACE('',(#631),#112,.F.);
#2505=ADVANCED_FACE('',(#632),#113,.F.);
#2506=ADVANCED_FACE('',(#633),#114,.F.);
#2507=ADVANCED_FACE('',(#634),#115,.F.);
#2508=ADVANCED_FACE('',(#635),#116,.F.);
#2509=ADVANCED_FACE('',(#636),#117,.T.);
#2510=CLOSED_SHELL('',(#2399,#2400,#2401,#2402,#2403,#2404,#2405,#2406,
#2407,#2408,#2409,#2410,#2411,#2412,#2413,#2414,#2415,#2416,#2417,#2418,
#2419,#2420,#2421,#2422,#2423,#2424,#2425,#2426,#2427,#2428,#2429,#2430,
#2431,#2432,#2433,#2434,#2435,#2436,#2437,#2438,#2439,#2440,#2441,#2442,
#2443,#2444,#2445,#2446,#2447,#2448,#2449,#2450,#2451,#2452,#2453,#2454,
#2455,#2456,#2457,#2458,#2459,#2460,#2461,#2462,#2463,#2464,#2465,#2466,
#2467,#2468,#2469,#2470,#2471,#2472,#2473,#2474,#2475,#2476,#2477,#2478,
#2479,#2480,#2481,#2482,#2483,#2484,#2485,#2486,#2487,#2488,#2489,#2490,
#2491,#2492,#2493,#2494,#2495,#2496,#2497,#2498,#2499,#2500,#2501,#2502,
#2503,#2504,#2505,#2506,#2507,#2508,#2509));
#2511=DERIVED_UNIT_ELEMENT(#2513,1.);
#2512=DERIVED_UNIT_ELEMENT(#4260,-3.);
#2513=(
MASS_UNIT()
NAMED_UNIT(*)
SI_UNIT(.KILO.,.GRAM.)
);
#2514=DERIVED_UNIT((#2511,#2512));
#2515=MEASURE_REPRESENTATION_ITEM('density measure',
POSITIVE_RATIO_MEASURE(7850.),#2514);
#2516=PROPERTY_DEFINITION_REPRESENTATION(#2521,#2518);
#2517=PROPERTY_DEFINITION_REPRESENTATION(#2522,#2519);
#2518=REPRESENTATION('material name',(#2520),#4257);
#2519=REPRESENTATION('density',(#2515),#4257);
#2520=DESCRIPTIVE_REPRESENTATION_ITEM('Steel','Steel');
#2521=PROPERTY_DEFINITION('material property','material name',#4267);
#2522=PROPERTY_DEFINITION('material property','density of part',#4267);
#2523=AXIS2_PLACEMENT_3D('',#3598,#2841,#2842);
#2524=AXIS2_PLACEMENT_3D('',#3599,#2843,#2844);
#2525=AXIS2_PLACEMENT_3D('',#3608,#2849,#2850);
#2526=AXIS2_PLACEMENT_3D('',#3617,#2855,#2856);
#2527=AXIS2_PLACEMENT_3D('',#3620,#2859,#2860);
#2528=AXIS2_PLACEMENT_3D('',#3629,#2865,#2866);
#2529=AXIS2_PLACEMENT_3D('',#3635,#2870,#2871);
#2530=AXIS2_PLACEMENT_3D('',#3641,#2875,#2876);
#2531=AXIS2_PLACEMENT_3D('',#3642,#2877,#2878);
#2532=AXIS2_PLACEMENT_3D('',#3643,#2879,#2880);
#2533=AXIS2_PLACEMENT_3D('',#3645,#2881,#2882);
#2534=AXIS2_PLACEMENT_3D('',#3647,#2883,#2884);
#2535=AXIS2_PLACEMENT_3D('',#3649,#2885,#2886);
#2536=AXIS2_PLACEMENT_3D('',#3651,#2887,#2888);
#2537=AXIS2_PLACEMENT_3D('',#3653,#2889,#2890);
#2538=AXIS2_PLACEMENT_3D('',#3655,#2891,#2892);
#2539=AXIS2_PLACEMENT_3D('',#3657,#2893,#2894);
#2540=AXIS2_PLACEMENT_3D('',#3659,#2895,#2896);
#2541=AXIS2_PLACEMENT_3D('',#3661,#2897,#2898);
#2542=AXIS2_PLACEMENT_3D('',#3663,#2899,#2900);
#2543=AXIS2_PLACEMENT_3D('',#3665,#2901,#2902);
#2544=AXIS2_PLACEMENT_3D('',#3667,#2903,#2904);
#2545=AXIS2_PLACEMENT_3D('',#3669,#2905,#2906);
#2546=AXIS2_PLACEMENT_3D('',#3671,#2907,#2908);
#2547=AXIS2_PLACEMENT_3D('',#3673,#2909,#2910);
#2548=AXIS2_PLACEMENT_3D('',#3675,#2911,#2912);
#2549=AXIS2_PLACEMENT_3D('',#3677,#2913,#2914);
#2550=AXIS2_PLACEMENT_3D('',#3679,#2915,#2916);
#2551=AXIS2_PLACEMENT_3D('',#3681,#2917,#2918);
#2552=AXIS2_PLACEMENT_3D('',#3683,#2919,#2920);
#2553=AXIS2_PLACEMENT_3D('',#3685,#2921,#2922);
#2554=AXIS2_PLACEMENT_3D('',#3687,#2923,#2924);
#2555=AXIS2_PLACEMENT_3D('',#3689,#2925,#2926);
#2556=AXIS2_PLACEMENT_3D('',#3691,#2927,#2928);
#2557=AXIS2_PLACEMENT_3D('',#3693,#2929,#2930);
#2558=AXIS2_PLACEMENT_3D('',#3695,#2931,#2932);
#2559=AXIS2_PLACEMENT_3D('',#3697,#2933,#2934);
#2560=AXIS2_PLACEMENT_3D('',#3699,#2935,#2936);
#2561=AXIS2_PLACEMENT_3D('',#3701,#2937,#2938);
#2562=AXIS2_PLACEMENT_3D('',#3703,#2939,#2940);
#2563=AXIS2_PLACEMENT_3D('',#3705,#2941,#2942);
#2564=AXIS2_PLACEMENT_3D('',#3707,#2943,#2944);
#2565=AXIS2_PLACEMENT_3D('',#3709,#2945,#2946);
#2566=AXIS2_PLACEMENT_3D('',#3711,#2947,#2948);
#2567=AXIS2_PLACEMENT_3D('',#3713,#2949,#2950);
#2568=AXIS2_PLACEMENT_3D('',#3715,#2951,#2952);
#2569=AXIS2_PLACEMENT_3D('',#3717,#2953,#2954);
#2570=AXIS2_PLACEMENT_3D('',#3719,#2955,#2956);
#2571=AXIS2_PLACEMENT_3D('',#3721,#2957,#2958);
#2572=AXIS2_PLACEMENT_3D('',#3723,#2959,#2960);
#2573=AXIS2_PLACEMENT_3D('',#3725,#2961,#2962);
#2574=AXIS2_PLACEMENT_3D('',#3727,#2963,#2964);
#2575=AXIS2_PLACEMENT_3D('',#3729,#2965,#2966);
#2576=AXIS2_PLACEMENT_3D('',#3731,#2967,#2968);
#2577=AXIS2_PLACEMENT_3D('',#3733,#2969,#2970);
#2578=AXIS2_PLACEMENT_3D('',#3735,#2971,#2972);
#2579=AXIS2_PLACEMENT_3D('',#3737,#2973,#2974);
#2580=AXIS2_PLACEMENT_3D('',#3739,#2975,#2976);
#2581=AXIS2_PLACEMENT_3D('',#3741,#2977,#2978);
#2582=AXIS2_PLACEMENT_3D('',#3743,#2979,#2980);
#2583=AXIS2_PLACEMENT_3D('',#3745,#2981,#2982);
#2584=AXIS2_PLACEMENT_3D('',#3747,#2983,#2984);
#2585=AXIS2_PLACEMENT_3D('',#3749,#2985,#2986);
#2586=AXIS2_PLACEMENT_3D('',#3751,#2987,#2988);
#2587=AXIS2_PLACEMENT_3D('',#3753,#2989,#2990);
#2588=AXIS2_PLACEMENT_3D('',#3755,#2991,#2992);
#2589=AXIS2_PLACEMENT_3D('',#3757,#2993,#2994);
#2590=AXIS2_PLACEMENT_3D('',#3759,#2995,#2996);
#2591=AXIS2_PLACEMENT_3D('',#3761,#2997,#2998);
#2592=AXIS2_PLACEMENT_3D('',#3763,#2999,#3000);
#2593=AXIS2_PLACEMENT_3D('',#3765,#3001,#3002);
#2594=AXIS2_PLACEMENT_3D('',#3767,#3003,#3004);
#2595=AXIS2_PLACEMENT_3D('',#3769,#3005,#3006);
#2596=AXIS2_PLACEMENT_3D('',#3771,#3007,#3008);
#2597=AXIS2_PLACEMENT_3D('',#3773,#3009,#3010);
#2598=AXIS2_PLACEMENT_3D('',#3775,#3011,#3012);
#2599=AXIS2_PLACEMENT_3D('',#3777,#3013,#3014);
#2600=AXIS2_PLACEMENT_3D('',#3779,#3015,#3016);
#2601=AXIS2_PLACEMENT_3D('',#3781,#3017,#3018);
#2602=AXIS2_PLACEMENT_3D('',#3783,#3019,#3020);
#2603=AXIS2_PLACEMENT_3D('',#3785,#3021,#3022);
#2604=AXIS2_PLACEMENT_3D('',#3787,#3023,#3024);
#2605=AXIS2_PLACEMENT_3D('',#3789,#3025,#3026);
#2606=AXIS2_PLACEMENT_3D('',#3791,#3027,#3028);
#2607=AXIS2_PLACEMENT_3D('',#3793,#3029,#3030);
#2608=AXIS2_PLACEMENT_3D('',#3795,#3031,#3032);
#2609=AXIS2_PLACEMENT_3D('',#3797,#3033,#3034);
#2610=AXIS2_PLACEMENT_3D('',#3799,#3035,#3036);
#2611=AXIS2_PLACEMENT_3D('',#3801,#3037,#3038);
#2612=AXIS2_PLACEMENT_3D('',#3803,#3039,#3040);
#2613=AXIS2_PLACEMENT_3D('',#3805,#3041,#3042);
#2614=AXIS2_PLACEMENT_3D('',#3807,#3043,#3044);
#2615=AXIS2_PLACEMENT_3D('',#3809,#3045,#3046);
#2616=AXIS2_PLACEMENT_3D('',#3811,#3047,#3048);
#2617=AXIS2_PLACEMENT_3D('',#3813,#3049,#3050);
#2618=AXIS2_PLACEMENT_3D('',#3815,#3051,#3052);
#2619=AXIS2_PLACEMENT_3D('',#3817,#3053,#3054);
#2620=AXIS2_PLACEMENT_3D('',#3819,#3055,#3056);
#2621=AXIS2_PLACEMENT_3D('',#3821,#3057,#3058);
#2622=AXIS2_PLACEMENT_3D('',#3823,#3059,#3060);
#2623=AXIS2_PLACEMENT_3D('',#3825,#3061,#3062);
#2624=AXIS2_PLACEMENT_3D('',#3827,#3063,#3064);
#2625=AXIS2_PLACEMENT_3D('',#3829,#3065,#3066);
#2626=AXIS2_PLACEMENT_3D('',#3831,#3067,#3068);
#2627=AXIS2_PLACEMENT_3D('',#3833,#3069,#3070);
#2628=AXIS2_PLACEMENT_3D('',#3835,#3071,#3072);
#2629=AXIS2_PLACEMENT_3D('',#3837,#3073,#3074);
#2630=AXIS2_PLACEMENT_3D('',#3839,#3075,#3076);
#2631=AXIS2_PLACEMENT_3D('',#3841,#3077,#3078);
#2632=AXIS2_PLACEMENT_3D('',#3843,#3079,#3080);
#2633=AXIS2_PLACEMENT_3D('',#3845,#3081,#3082);
#2634=AXIS2_PLACEMENT_3D('',#3846,#3083,#3084);
#2635=AXIS2_PLACEMENT_3D('',#3847,#3085,#3086);
#2636=AXIS2_PLACEMENT_3D('',#3848,#3087,#3088);
#2637=AXIS2_PLACEMENT_3D('',#3850,#3089,#3090);
#2638=AXIS2_PLACEMENT_3D('',#3852,#3091,#3092);
#2639=AXIS2_PLACEMENT_3D('',#3854,#3093,#3094);
#2640=AXIS2_PLACEMENT_3D('',#3856,#3095,#3096);
#2641=AXIS2_PLACEMENT_3D('',#3858,#3097,#3098);
#2642=AXIS2_PLACEMENT_3D('',#3860,#3099,#3100);
#2643=AXIS2_PLACEMENT_3D('',#3862,#3101,#3102);
#2644=AXIS2_PLACEMENT_3D('',#3864,#3103,#3104);
#2645=AXIS2_PLACEMENT_3D('',#3866,#3105,#3106);
#2646=AXIS2_PLACEMENT_3D('',#3868,#3107,#3108);
#2647=AXIS2_PLACEMENT_3D('',#3870,#3109,#3110);
#2648=AXIS2_PLACEMENT_3D('',#3872,#3111,#3112);
#2649=AXIS2_PLACEMENT_3D('',#3874,#3113,#3114);
#2650=AXIS2_PLACEMENT_3D('',#3876,#3115,#3116);
#2651=AXIS2_PLACEMENT_3D('',#3878,#3117,#3118);
#2652=AXIS2_PLACEMENT_3D('',#3880,#3119,#3120);
#2653=AXIS2_PLACEMENT_3D('',#3882,#3121,#3122);
#2654=AXIS2_PLACEMENT_3D('',#3884,#3123,#3124);
#2655=AXIS2_PLACEMENT_3D('',#3886,#3125,#3126);
#2656=AXIS2_PLACEMENT_3D('',#3888,#3127,#3128);
#2657=AXIS2_PLACEMENT_3D('',#3890,#3129,#3130);
#2658=AXIS2_PLACEMENT_3D('',#3892,#3131,#3132);
#2659=AXIS2_PLACEMENT_3D('',#3894,#3133,#3134);
#2660=AXIS2_PLACEMENT_3D('',#3896,#3135,#3136);
#2661=AXIS2_PLACEMENT_3D('',#3898,#3137,#3138);
#2662=AXIS2_PLACEMENT_3D('',#3900,#3139,#3140);
#2663=AXIS2_PLACEMENT_3D('',#3902,#3141,#3142);
#2664=AXIS2_PLACEMENT_3D('',#3904,#3143,#3144);
#2665=AXIS2_PLACEMENT_3D('',#3906,#3145,#3146);
#2666=AXIS2_PLACEMENT_3D('',#3908,#3147,#3148);
#2667=AXIS2_PLACEMENT_3D('',#3910,#3149,#3150);
#2668=AXIS2_PLACEMENT_3D('',#3912,#3151,#3152);
#2669=AXIS2_PLACEMENT_3D('',#3914,#3153,#3154);
#2670=AXIS2_PLACEMENT_3D('',#3916,#3155,#3156);
#2671=AXIS2_PLACEMENT_3D('',#3918,#3157,#3158);
#2672=AXIS2_PLACEMENT_3D('',#3920,#3159,#3160);
#2673=AXIS2_PLACEMENT_3D('',#3922,#3161,#3162);
#2674=AXIS2_PLACEMENT_3D('',#3924,#3163,#3164);
#2675=AXIS2_PLACEMENT_3D('',#3926,#3165,#3166);
#2676=AXIS2_PLACEMENT_3D('',#3928,#3167,#3168);
#2677=AXIS2_PLACEMENT_3D('',#3930,#3169,#3170);
#2678=AXIS2_PLACEMENT_3D('',#3932,#3171,#3172);
#2679=AXIS2_PLACEMENT_3D('',#3934,#3173,#3174);
#2680=AXIS2_PLACEMENT_3D('',#3936,#3175,#3176);
#2681=AXIS2_PLACEMENT_3D('',#3938,#3177,#3178);
#2682=AXIS2_PLACEMENT_3D('',#3940,#3179,#3180);
#2683=AXIS2_PLACEMENT_3D('',#3942,#3181,#3182);
#2684=AXIS2_PLACEMENT_3D('',#3944,#3183,#3184);
#2685=AXIS2_PLACEMENT_3D('',#3946,#3185,#3186);
#2686=AXIS2_PLACEMENT_3D('',#3948,#3187,#3188);
#2687=AXIS2_PLACEMENT_3D('',#3950,#3189,#3190);
#2688=AXIS2_PLACEMENT_3D('',#3952,#3191,#3192);
#2689=AXIS2_PLACEMENT_3D('',#3954,#3193,#3194);
#2690=AXIS2_PLACEMENT_3D('',#3956,#3195,#3196);
#2691=AXIS2_PLACEMENT_3D('',#3958,#3197,#3198);
#2692=AXIS2_PLACEMENT_3D('',#3960,#3199,#3200);
#2693=AXIS2_PLACEMENT_3D('',#3962,#3201,#3202);
#2694=AXIS2_PLACEMENT_3D('',#3964,#3203,#3204);
#2695=AXIS2_PLACEMENT_3D('',#3966,#3205,#3206);
#2696=AXIS2_PLACEMENT_3D('',#3968,#3207,#3208);
#2697=AXIS2_PLACEMENT_3D('',#3970,#3209,#3210);
#2698=AXIS2_PLACEMENT_3D('',#3972,#3211,#3212);
#2699=AXIS2_PLACEMENT_3D('',#3974,#3213,#3214);
#2700=AXIS2_PLACEMENT_3D('',#3976,#3215,#3216);
#2701=AXIS2_PLACEMENT_3D('',#3978,#3217,#3218);
#2702=AXIS2_PLACEMENT_3D('',#3980,#3219,#3220);
#2703=AXIS2_PLACEMENT_3D('',#3982,#3221,#3222);
#2704=AXIS2_PLACEMENT_3D('',#3984,#3223,#3224);
#2705=AXIS2_PLACEMENT_3D('',#3986,#3225,#3226);
#2706=AXIS2_PLACEMENT_3D('',#3988,#3227,#3228);
#2707=AXIS2_PLACEMENT_3D('',#3990,#3229,#3230);
#2708=AXIS2_PLACEMENT_3D('',#3992,#3231,#3232);
#2709=AXIS2_PLACEMENT_3D('',#3994,#3233,#3234);
#2710=AXIS2_PLACEMENT_3D('',#3996,#3235,#3236);
#2711=AXIS2_PLACEMENT_3D('',#3998,#3237,#3238);
#2712=AXIS2_PLACEMENT_3D('',#4000,#3239,#3240);
#2713=AXIS2_PLACEMENT_3D('',#4002,#3241,#3242);
#2714=AXIS2_PLACEMENT_3D('',#4004,#3243,#3244);
#2715=AXIS2_PLACEMENT_3D('',#4006,#3245,#3246);
#2716=AXIS2_PLACEMENT_3D('',#4008,#3247,#3248);
#2717=AXIS2_PLACEMENT_3D('',#4010,#3249,#3250);
#2718=AXIS2_PLACEMENT_3D('',#4012,#3251,#3252);
#2719=AXIS2_PLACEMENT_3D('',#4014,#3253,#3254);
#2720=AXIS2_PLACEMENT_3D('',#4016,#3255,#3256);
#2721=AXIS2_PLACEMENT_3D('',#4018,#3257,#3258);
#2722=AXIS2_PLACEMENT_3D('',#4020,#3259,#3260);
#2723=AXIS2_PLACEMENT_3D('',#4022,#3261,#3262);
#2724=AXIS2_PLACEMENT_3D('',#4024,#3263,#3264);
#2725=AXIS2_PLACEMENT_3D('',#4026,#3265,#3266);
#2726=AXIS2_PLACEMENT_3D('',#4028,#3267,#3268);
#2727=AXIS2_PLACEMENT_3D('',#4030,#3269,#3270);
#2728=AXIS2_PLACEMENT_3D('',#4032,#3271,#3272);
#2729=AXIS2_PLACEMENT_3D('',#4034,#3273,#3274);
#2730=AXIS2_PLACEMENT_3D('',#4036,#3275,#3276);
#2731=AXIS2_PLACEMENT_3D('',#4038,#3277,#3278);
#2732=AXIS2_PLACEMENT_3D('',#4040,#3279,#3280);
#2733=AXIS2_PLACEMENT_3D('',#4042,#3281,#3282);
#2734=AXIS2_PLACEMENT_3D('',#4044,#3283,#3284);
#2735=AXIS2_PLACEMENT_3D('',#4046,#3285,#3286);
#2736=AXIS2_PLACEMENT_3D('',#4048,#3287,#3288);
#2737=AXIS2_PLACEMENT_3D('',#4050,#3289,#3290);
#2738=AXIS2_PLACEMENT_3D('',#4051,#3291,#3292);
#2739=AXIS2_PLACEMENT_3D('',#4052,#3293,#3294);
#2740=AXIS2_PLACEMENT_3D('',#4054,#3296,#3297);
#2741=AXIS2_PLACEMENT_3D('',#4056,#3299,#3300);
#2742=AXIS2_PLACEMENT_3D('',#4058,#3302,#3303);
#2743=AXIS2_PLACEMENT_3D('',#4060,#3305,#3306);
#2744=AXIS2_PLACEMENT_3D('',#4062,#3308,#3309);
#2745=AXIS2_PLACEMENT_3D('',#4064,#3311,#3312);
#2746=AXIS2_PLACEMENT_3D('',#4066,#3314,#3315);
#2747=AXIS2_PLACEMENT_3D('',#4068,#3317,#3318);
#2748=AXIS2_PLACEMENT_3D('',#4070,#3320,#3321);
#2749=AXIS2_PLACEMENT_3D('',#4072,#3323,#3324);
#2750=AXIS2_PLACEMENT_3D('',#4074,#3326,#3327);
#2751=AXIS2_PLACEMENT_3D('',#4076,#3329,#3330);
#2752=AXIS2_PLACEMENT_3D('',#4078,#3332,#3333);
#2753=AXIS2_PLACEMENT_3D('',#4080,#3335,#3336);
#2754=AXIS2_PLACEMENT_3D('',#4082,#3338,#3339);
#2755=AXIS2_PLACEMENT_3D('',#4084,#3341,#3342);
#2756=AXIS2_PLACEMENT_3D('',#4086,#3344,#3345);
#2757=AXIS2_PLACEMENT_3D('',#4088,#3347,#3348);
#2758=AXIS2_PLACEMENT_3D('',#4090,#3350,#3351);
#2759=AXIS2_PLACEMENT_3D('',#4092,#3353,#3354);
#2760=AXIS2_PLACEMENT_3D('',#4094,#3356,#3357);
#2761=AXIS2_PLACEMENT_3D('',#4096,#3359,#3360);
#2762=AXIS2_PLACEMENT_3D('',#4098,#3362,#3363);
#2763=AXIS2_PLACEMENT_3D('',#4100,#3365,#3366);
#2764=AXIS2_PLACEMENT_3D('',#4102,#3368,#3369);
#2765=AXIS2_PLACEMENT_3D('',#4104,#3371,#3372);
#2766=AXIS2_PLACEMENT_3D('',#4106,#3374,#3375);
#2767=AXIS2_PLACEMENT_3D('',#4108,#3377,#3378);
#2768=AXIS2_PLACEMENT_3D('',#4110,#3380,#3381);
#2769=AXIS2_PLACEMENT_3D('',#4112,#3383,#3384);
#2770=AXIS2_PLACEMENT_3D('',#4114,#3386,#3387);
#2771=AXIS2_PLACEMENT_3D('',#4116,#3389,#3390);
#2772=AXIS2_PLACEMENT_3D('',#4118,#3392,#3393);
#2773=AXIS2_PLACEMENT_3D('',#4120,#3395,#3396);
#2774=AXIS2_PLACEMENT_3D('',#4122,#3398,#3399);
#2775=AXIS2_PLACEMENT_3D('',#4124,#3401,#3402);
#2776=AXIS2_PLACEMENT_3D('',#4126,#3404,#3405);
#2777=AXIS2_PLACEMENT_3D('',#4128,#3407,#3408);
#2778=AXIS2_PLACEMENT_3D('',#4130,#3410,#3411);
#2779=AXIS2_PLACEMENT_3D('',#4132,#3413,#3414);
#2780=AXIS2_PLACEMENT_3D('',#4134,#3416,#3417);
#2781=AXIS2_PLACEMENT_3D('',#4136,#3419,#3420);
#2782=AXIS2_PLACEMENT_3D('',#4138,#3422,#3423);
#2783=AXIS2_PLACEMENT_3D('',#4140,#3425,#3426);
#2784=AXIS2_PLACEMENT_3D('',#4142,#3428,#3429);
#2785=AXIS2_PLACEMENT_3D('',#4144,#3431,#3432);
#2786=AXIS2_PLACEMENT_3D('',#4146,#3434,#3435);
#2787=AXIS2_PLACEMENT_3D('',#4148,#3437,#3438);
#2788=AXIS2_PLACEMENT_3D('',#4150,#3440,#3441);
#2789=AXIS2_PLACEMENT_3D('',#4152,#3443,#3444);
#2790=AXIS2_PLACEMENT_3D('',#4154,#3446,#3447);
#2791=AXIS2_PLACEMENT_3D('',#4156,#3449,#3450);
#2792=AXIS2_PLACEMENT_3D('',#4158,#3452,#3453);
#2793=AXIS2_PLACEMENT_3D('',#4160,#3455,#3456);
#2794=AXIS2_PLACEMENT_3D('',#4162,#3458,#3459);
#2795=AXIS2_PLACEMENT_3D('',#4164,#3461,#3462);
#2796=AXIS2_PLACEMENT_3D('',#4166,#3464,#3465);
#2797=AXIS2_PLACEMENT_3D('',#4168,#3467,#3468);
#2798=AXIS2_PLACEMENT_3D('',#4170,#3470,#3471);
#2799=AXIS2_PLACEMENT_3D('',#4172,#3473,#3474);
#2800=AXIS2_PLACEMENT_3D('',#4174,#3476,#3477);
#2801=AXIS2_PLACEMENT_3D('',#4176,#3479,#3480);
#2802=AXIS2_PLACEMENT_3D('',#4178,#3482,#3483);
#2803=AXIS2_PLACEMENT_3D('',#4180,#3485,#3486);
#2804=AXIS2_PLACEMENT_3D('',#4182,#3488,#3489);
#2805=AXIS2_PLACEMENT_3D('',#4184,#3491,#3492);
#2806=AXIS2_PLACEMENT_3D('',#4186,#3494,#3495);
#2807=AXIS2_PLACEMENT_3D('',#4188,#3497,#3498);
#2808=AXIS2_PLACEMENT_3D('',#4190,#3500,#3501);
#2809=AXIS2_PLACEMENT_3D('',#4192,#3503,#3504);
#2810=AXIS2_PLACEMENT_3D('',#4194,#3506,#3507);
#2811=AXIS2_PLACEMENT_3D('',#4196,#3509,#3510);
#2812=AXIS2_PLACEMENT_3D('',#4198,#3512,#3513);
#2813=AXIS2_PLACEMENT_3D('',#4200,#3515,#3516);
#2814=AXIS2_PLACEMENT_3D('',#4202,#3518,#3519);
#2815=AXIS2_PLACEMENT_3D('',#4204,#3521,#3522);
#2816=AXIS2_PLACEMENT_3D('',#4206,#3524,#3525);
#2817=AXIS2_PLACEMENT_3D('',#4208,#3527,#3528);
#2818=AXIS2_PLACEMENT_3D('',#4210,#3530,#3531);
#2819=AXIS2_PLACEMENT_3D('',#4212,#3533,#3534);
#2820=AXIS2_PLACEMENT_3D('',#4214,#3536,#3537);
#2821=AXIS2_PLACEMENT_3D('',#4216,#3539,#3540);
#2822=AXIS2_PLACEMENT_3D('',#4218,#3542,#3543);
#2823=AXIS2_PLACEMENT_3D('',#4220,#3545,#3546);
#2824=AXIS2_PLACEMENT_3D('',#4222,#3548,#3549);
#2825=AXIS2_PLACEMENT_3D('',#4224,#3551,#3552);
#2826=AXIS2_PLACEMENT_3D('',#4226,#3554,#3555);
#2827=AXIS2_PLACEMENT_3D('',#4228,#3557,#3558);
#2828=AXIS2_PLACEMENT_3D('',#4230,#3560,#3561);
#2829=AXIS2_PLACEMENT_3D('',#4232,#3563,#3564);
#2830=AXIS2_PLACEMENT_3D('',#4234,#3566,#3567);
#2831=AXIS2_PLACEMENT_3D('',#4236,#3569,#3570);
#2832=AXIS2_PLACEMENT_3D('',#4238,#3572,#3573);
#2833=AXIS2_PLACEMENT_3D('',#4240,#3575,#3576);
#2834=AXIS2_PLACEMENT_3D('',#4242,#3578,#3579);
#2835=AXIS2_PLACEMENT_3D('',#4244,#3581,#3582);
#2836=AXIS2_PLACEMENT_3D('',#4246,#3584,#3585);
#2837=AXIS2_PLACEMENT_3D('',#4248,#3587,#3588);
#2838=AXIS2_PLACEMENT_3D('',#4250,#3590,#3591);
#2839=AXIS2_PLACEMENT_3D('',#4252,#3593,#3594);
#2840=AXIS2_PLACEMENT_3D('',#4254,#3596,#3597);
#2841=DIRECTION('axis',(0.,0.,1.));
#2842=DIRECTION('refdir',(1.,0.,0.));
#2843=DIRECTION('center_axis',(0.,1.,0.));
#2844=DIRECTION('ref_axis',(-1.,0.,0.));
#2845=DIRECTION('',(1.,0.,0.));
#2846=DIRECTION('',(0.,0.,1.));
#2847=DIRECTION('',(-1.,0.,0.));
#2848=DIRECTION('',(0.,0.,-1.));
#2849=DIRECTION('center_axis',(0.,-1.,0.));
#2850=DIRECTION('ref_axis',(1.,0.,0.));
#2851=DIRECTION('',(-1.,0.,0.));
#2852=DIRECTION('',(0.,0.,1.));
#2853=DIRECTION('',(1.,0.,0.));
#2854=DIRECTION('',(0.,0.,1.));
#2855=DIRECTION('center_axis',(-1.,0.,0.));
#2856=DIRECTION('ref_axis',(0.,-1.,0.));
#2857=DIRECTION('',(0.,1.,0.));
#2858=DIRECTION('',(0.,-1.,0.));
#2859=DIRECTION('center_axis',(1.,0.,0.));
#2860=DIRECTION('ref_axis',(0.,1.,0.));
#2861=DIRECTION('',(0.,-1.,0.));
#2862=DIRECTION('',(0.,0.,1.));
#2863=DIRECTION('',(0.,1.,0.));
#2864=DIRECTION('',(0.,0.,1.));
#2865=DIRECTION('center_axis',(0.,-1.,0.));
#2866=DIRECTION('ref_axis',(1.,0.,0.));
#2867=DIRECTION('',(0.,0.,-1.));
#2868=DIRECTION('',(-1.,0.,0.));
#2869=DIRECTION('',(1.,0.,0.));
#2870=DIRECTION('center_axis',(0.,1.,0.));
#2871=DIRECTION('ref_axis',(-1.,0.,0.));
#2872=DIRECTION('',(1.,0.,0.));
#2873=DIRECTION('',(0.,0.,1.));
#2874=DIRECTION('',(-1.,0.,0.));
#2875=DIRECTION('center_axis',(0.,0.,1.));
#2876=DIRECTION('ref_axis',(1.,0.,0.));
#2877=DIRECTION('center_axis',(0.,0.,1.));
#2878=DIRECTION('ref_axis',(1.,0.,0.));
#2879=DIRECTION('center_axis',(0.,0.,1.));
#2880=DIRECTION('ref_axis',(1.,0.,0.));
#2881=DIRECTION('center_axis',(0.,0.,1.));
#2882=DIRECTION('ref_axis',(1.,0.,0.));
#2883=DIRECTION('center_axis',(0.,0.,1.));
#2884=DIRECTION('ref_axis',(1.,0.,0.));
#2885=DIRECTION('center_axis',(0.,0.,1.));
#2886=DIRECTION('ref_axis',(1.,0.,0.));
#2887=DIRECTION('center_axis',(0.,0.,1.));
#2888=DIRECTION('ref_axis',(1.,0.,0.));
#2889=DIRECTION('center_axis',(0.,0.,1.));
#2890=DIRECTION('ref_axis',(1.,0.,0.));
#2891=DIRECTION('center_axis',(0.,0.,1.));
#2892=DIRECTION('ref_axis',(1.,0.,0.));
#2893=DIRECTION('center_axis',(0.,0.,1.));
#2894=DIRECTION('ref_axis',(1.,0.,0.));
#2895=DIRECTION('center_axis',(0.,0.,1.));
#2896=DIRECTION('ref_axis',(1.,0.,0.));
#2897=DIRECTION('center_axis',(0.,0.,1.));
#2898=DIRECTION('ref_axis',(1.,0.,0.));
#2899=DIRECTION('center_axis',(0.,0.,1.));
#2900=DIRECTION('ref_axis',(1.,0.,0.));
#2901=DIRECTION('center_axis',(0.,0.,1.));
#2902=DIRECTION('ref_axis',(1.,0.,0.));
#2903=DIRECTION('center_axis',(0.,0.,1.));
#2904=DIRECTION('ref_axis',(1.,0.,0.));
#2905=DIRECTION('center_axis',(0.,0.,1.));
#2906=DIRECTION('ref_axis',(1.,0.,0.));
#2907=DIRECTION('center_axis',(0.,0.,1.));
#2908=DIRECTION('ref_axis',(1.,0.,0.));
#2909=DIRECTION('center_axis',(0.,0.,1.));
#2910=DIRECTION('ref_axis',(1.,0.,0.));
#2911=DIRECTION('center_axis',(0.,0.,1.));
#2912=DIRECTION('ref_axis',(1.,0.,0.));
#2913=DIRECTION('center_axis',(0.,0.,1.));
#2914=DIRECTION('ref_axis',(1.,0.,0.));
#2915=DIRECTION('center_axis',(0.,0.,1.));
#2916=DIRECTION('ref_axis',(1.,0.,0.));
#2917=DIRECTION('center_axis',(0.,0.,1.));
#2918=DIRECTION('ref_axis',(1.,0.,0.));
#2919=DIRECTION('center_axis',(0.,0.,1.));
#2920=DIRECTION('ref_axis',(1.,0.,0.));
#2921=DIRECTION('center_axis',(0.,0.,1.));
#2922=DIRECTION('ref_axis',(1.,0.,0.));
#2923=DIRECTION('center_axis',(0.,0.,1.));
#2924=DIRECTION('ref_axis',(1.,0.,0.));
#2925=DIRECTION('center_axis',(0.,0.,1.));
#2926=DIRECTION('ref_axis',(1.,0.,0.));
#2927=DIRECTION('center_axis',(0.,0.,1.));
#2928=DIRECTION('ref_axis',(1.,0.,0.));
#2929=DIRECTION('center_axis',(0.,0.,1.));
#2930=DIRECTION('ref_axis',(1.,0.,0.));
#2931=DIRECTION('center_axis',(0.,0.,1.));
#2932=DIRECTION('ref_axis',(1.,0.,0.));
#2933=DIRECTION('center_axis',(0.,0.,1.));
#2934=DIRECTION('ref_axis',(1.,0.,0.));
#2935=DIRECTION('center_axis',(0.,0.,1.));
#2936=DIRECTION('ref_axis',(1.,0.,0.));
#2937=DIRECTION('center_axis',(0.,0.,1.));
#2938=DIRECTION('ref_axis',(1.,0.,0.));
#2939=DIRECTION('center_axis',(0.,0.,1.));
#2940=DIRECTION('ref_axis',(1.,0.,0.));
#2941=DIRECTION('center_axis',(0.,0.,1.));
#2942=DIRECTION('ref_axis',(1.,0.,0.));
#2943=DIRECTION('center_axis',(0.,0.,1.));
#2944=DIRECTION('ref_axis',(1.,0.,0.));
#2945=DIRECTION('center_axis',(0.,0.,1.));
#2946=DIRECTION('ref_axis',(1.,0.,0.));
#2947=DIRECTION('center_axis',(0.,0.,1.));
#2948=DIRECTION('ref_axis',(1.,0.,0.));
#2949=DIRECTION('center_axis',(0.,0.,1.));
#2950=DIRECTION('ref_axis',(1.,0.,0.));
#2951=DIRECTION('center_axis',(0.,0.,1.));
#2952=DIRECTION('ref_axis',(1.,0.,0.));
#2953=DIRECTION('center_axis',(0.,0.,1.));
#2954=DIRECTION('ref_axis',(1.,0.,0.));
#2955=DIRECTION('center_axis',(0.,0.,1.));
#2956=DIRECTION('ref_axis',(1.,0.,0.));
#2957=DIRECTION('center_axis',(0.,0.,1.));
#2958=DIRECTION('ref_axis',(1.,0.,0.));
#2959=DIRECTION('center_axis',(0.,0.,1.));
#2960=DIRECTION('ref_axis',(1.,0.,0.));
#2961=DIRECTION('center_axis',(0.,0.,1.));
#2962=DIRECTION('ref_axis',(1.,0.,0.));
#2963=DIRECTION('center_axis',(0.,0.,1.));
#2964=DIRECTION('ref_axis',(1.,0.,0.));
#2965=DIRECTION('center_axis',(0.,0.,1.));
#2966=DIRECTION('ref_axis',(1.,0.,0.));
#2967=DIRECTION('center_axis',(0.,0.,1.));
#2968=DIRECTION('ref_axis',(1.,0.,0.));
#2969=DIRECTION('center_axis',(0.,0.,1.));
#2970=DIRECTION('ref_axis',(1.,0.,0.));
#2971=DIRECTION('center_axis',(0.,0.,1.));
#2972=DIRECTION('ref_axis',(1.,0.,0.));
#2973=DIRECTION('center_axis',(0.,0.,1.));
#2974=DIRECTION('ref_axis',(1.,0.,0.));
#2975=DIRECTION('center_axis',(0.,0.,1.));
#2976=DIRECTION('ref_axis',(1.,0.,0.));
#2977=DIRECTION('center_axis',(0.,0.,1.));
#2978=DIRECTION('ref_axis',(1.,0.,0.));
#2979=DIRECTION('center_axis',(0.,0.,1.));
#2980=DIRECTION('ref_axis',(1.,0.,0.));
#2981=DIRECTION('center_axis',(0.,0.,1.));
#2982=DIRECTION('ref_axis',(1.,0.,0.));
#2983=DIRECTION('center_axis',(0.,0.,1.));
#2984=DIRECTION('ref_axis',(1.,0.,0.));
#2985=DIRECTION('center_axis',(0.,0.,1.));
#2986=DIRECTION('ref_axis',(1.,0.,0.));
#2987=DIRECTION('center_axis',(0.,0.,1.));
#2988=DIRECTION('ref_axis',(1.,0.,0.));
#2989=DIRECTION('center_axis',(0.,0.,1.));
#2990=DIRECTION('ref_axis',(1.,0.,0.));
#2991=DIRECTION('center_axis',(0.,0.,1.));
#2992=DIRECTION('ref_axis',(1.,0.,0.));
#2993=DIRECTION('center_axis',(0.,0.,1.));
#2994=DIRECTION('ref_axis',(1.,0.,0.));
#2995=DIRECTION('center_axis',(0.,0.,1.));
#2996=DIRECTION('ref_axis',(1.,0.,0.));
#2997=DIRECTION('center_axis',(0.,0.,1.));
#2998=DIRECTION('ref_axis',(1.,0.,0.));
#2999=DIRECTION('center_axis',(0.,0.,1.));
#3000=DIRECTION('ref_axis',(1.,0.,0.));
#3001=DIRECTION('center_axis',(0.,0.,1.));
#3002=DIRECTION('ref_axis',(1.,0.,0.));
#3003=DIRECTION('center_axis',(0.,0.,1.));
#3004=DIRECTION('ref_axis',(1.,0.,0.));
#3005=DIRECTION('center_axis',(0.,0.,1.));
#3006=DIRECTION('ref_axis',(1.,0.,0.));
#3007=DIRECTION('center_axis',(0.,0.,1.));
#3008=DIRECTION('ref_axis',(1.,0.,0.));
#3009=DIRECTION('center_axis',(0.,0.,1.));
#3010=DIRECTION('ref_axis',(1.,0.,0.));
#3011=DIRECTION('center_axis',(0.,0.,1.));
#3012=DIRECTION('ref_axis',(1.,0.,0.));
#3013=DIRECTION('center_axis',(0.,0.,1.));
#3014=DIRECTION('ref_axis',(1.,0.,0.));
#3015=DIRECTION('center_axis',(0.,0.,1.));
#3016=DIRECTION('ref_axis',(1.,0.,0.));
#3017=DIRECTION('center_axis',(0.,0.,1.));
#3018=DIRECTION('ref_axis',(1.,0.,0.));
#3019=DIRECTION('center_axis',(0.,0.,1.));
#3020=DIRECTION('ref_axis',(1.,0.,0.));
#3021=DIRECTION('center_axis',(0.,0.,1.));
#3022=DIRECTION('ref_axis',(1.,0.,0.));
#3023=DIRECTION('center_axis',(0.,0.,1.));
#3024=DIRECTION('ref_axis',(1.,0.,0.));
#3025=DIRECTION('center_axis',(0.,0.,1.));
#3026=DIRECTION('ref_axis',(1.,0.,0.));
#3027=DIRECTION('center_axis',(0.,0.,1.));
#3028=DIRECTION('ref_axis',(1.,0.,0.));
#3029=DIRECTION('center_axis',(0.,0.,1.));
#3030=DIRECTION('ref_axis',(1.,0.,0.));
#3031=DIRECTION('center_axis',(0.,0.,1.));
#3032=DIRECTION('ref_axis',(1.,0.,0.));
#3033=DIRECTION('center_axis',(0.,0.,1.));
#3034=DIRECTION('ref_axis',(1.,0.,0.));
#3035=DIRECTION('center_axis',(0.,0.,1.));
#3036=DIRECTION('ref_axis',(1.,0.,0.));
#3037=DIRECTION('center_axis',(0.,0.,1.));
#3038=DIRECTION('ref_axis',(1.,0.,0.));
#3039=DIRECTION('center_axis',(0.,0.,1.));
#3040=DIRECTION('ref_axis',(1.,0.,0.));
#3041=DIRECTION('center_axis',(0.,0.,1.));
#3042=DIRECTION('ref_axis',(1.,0.,0.));
#3043=DIRECTION('center_axis',(0.,0.,1.));
#3044=DIRECTION('ref_axis',(1.,0.,0.));
#3045=DIRECTION('center_axis',(0.,0.,1.));
#3046=DIRECTION('ref_axis',(1.,0.,0.));
#3047=DIRECTION('center_axis',(0.,0.,1.));
#3048=DIRECTION('ref_axis',(1.,0.,0.));
#3049=DIRECTION('center_axis',(0.,0.,1.));
#3050=DIRECTION('ref_axis',(1.,0.,0.));
#3051=DIRECTION('center_axis',(0.,0.,1.));
#3052=DIRECTION('ref_axis',(1.,0.,0.));
#3053=DIRECTION('center_axis',(0.,0.,1.));
#3054=DIRECTION('ref_axis',(1.,0.,0.));
#3055=DIRECTION('center_axis',(0.,0.,1.));
#3056=DIRECTION('ref_axis',(1.,0.,0.));
#3057=DIRECTION('center_axis',(0.,0.,1.));
#3058=DIRECTION('ref_axis',(1.,0.,0.));
#3059=DIRECTION('center_axis',(0.,0.,1.));
#3060=DIRECTION('ref_axis',(1.,0.,0.));
#3061=DIRECTION('center_axis',(0.,0.,1.));
#3062=DIRECTION('ref_axis',(1.,0.,0.));
#3063=DIRECTION('center_axis',(0.,0.,1.));
#3064=DIRECTION('ref_axis',(1.,0.,0.));
#3065=DIRECTION('center_axis',(0.,0.,1.));
#3066=DIRECTION('ref_axis',(1.,0.,0.));
#3067=DIRECTION('center_axis',(0.,0.,1.));
#3068=DIRECTION('ref_axis',(1.,0.,0.));
#3069=DIRECTION('center_axis',(0.,0.,1.));
#3070=DIRECTION('ref_axis',(1.,0.,0.));
#3071=DIRECTION('center_axis',(0.,0.,1.));
#3072=DIRECTION('ref_axis',(1.,0.,0.));
#3073=DIRECTION('center_axis',(0.,0.,1.));
#3074=DIRECTION('ref_axis',(1.,0.,0.));
#3075=DIRECTION('center_axis',(0.,0.,1.));
#3076=DIRECTION('ref_axis',(1.,0.,0.));
#3077=DIRECTION('center_axis',(0.,0.,1.));
#3078=DIRECTION('ref_axis',(1.,0.,0.));
#3079=DIRECTION('center_axis',(0.,0.,1.));
#3080=DIRECTION('ref_axis',(1.,0.,0.));
#3081=DIRECTION('center_axis',(0.,0.,1.));
#3082=DIRECTION('ref_axis',(1.,0.,0.));
#3083=DIRECTION('center_axis',(0.,0.,1.));
#3084=DIRECTION('ref_axis',(1.,0.,0.));
#3085=DIRECTION('center_axis',(0.,0.,1.));
#3086=DIRECTION('ref_axis',(1.,0.,0.));
#3087=DIRECTION('center_axis',(0.,0.,1.));
#3088=DIRECTION('ref_axis',(1.,0.,0.));
#3089=DIRECTION('center_axis',(0.,0.,-1.));
#3090=DIRECTION('ref_axis',(1.,0.,0.));
#3091=DIRECTION('center_axis',(0.,0.,-1.));
#3092=DIRECTION('ref_axis',(1.,0.,0.));
#3093=DIRECTION('center_axis',(0.,0.,-1.));
#3094=DIRECTION('ref_axis',(1.,0.,0.));
#3095=DIRECTION('center_axis',(0.,0.,-1.));
#3096=DIRECTION('ref_axis',(1.,0.,0.));
#3097=DIRECTION('center_axis',(0.,0.,-1.));
#3098=DIRECTION('ref_axis',(1.,0.,0.));
#3099=DIRECTION('center_axis',(0.,0.,-1.));
#3100=DIRECTION('ref_axis',(1.,0.,0.));
#3101=DIRECTION('center_axis',(0.,0.,-1.));
#3102=DIRECTION('ref_axis',(1.,0.,0.));
#3103=DIRECTION('center_axis',(0.,0.,-1.));
#3104=DIRECTION('ref_axis',(1.,0.,0.));
#3105=DIRECTION('center_axis',(0.,0.,-1.));
#3106=DIRECTION('ref_axis',(1.,0.,0.));
#3107=DIRECTION('center_axis',(0.,0.,-1.));
#3108=DIRECTION('ref_axis',(1.,0.,0.));
#3109=DIRECTION('center_axis',(0.,0.,-1.));
#3110=DIRECTION('ref_axis',(1.,0.,0.));
#3111=DIRECTION('center_axis',(0.,0.,-1.));
#3112=DIRECTION('ref_axis',(1.,0.,0.));
#3113=DIRECTION('center_axis',(0.,0.,-1.));
#3114=DIRECTION('ref_axis',(1.,0.,0.));
#3115=DIRECTION('center_axis',(0.,0.,-1.));
#3116=DIRECTION('ref_axis',(1.,0.,0.));
#3117=DIRECTION('center_axis',(0.,0.,-1.));
#3118=DIRECTION('ref_axis',(1.,0.,0.));
#3119=DIRECTION('center_axis',(0.,0.,-1.));
#3120=DIRECTION('ref_axis',(1.,0.,0.));
#3121=DIRECTION('center_axis',(0.,0.,-1.));
#3122=DIRECTION('ref_axis',(1.,0.,0.));
#3123=DIRECTION('center_axis',(0.,0.,-1.));
#3124=DIRECTION('ref_axis',(1.,0.,0.));
#3125=DIRECTION('center_axis',(0.,0.,-1.));
#3126=DIRECTION('ref_axis',(1.,0.,0.));
#3127=DIRECTION('center_axis',(0.,0.,-1.));
#3128=DIRECTION('ref_axis',(1.,0.,0.));
#3129=DIRECTION('center_axis',(0.,0.,-1.));
#3130=DIRECTION('ref_axis',(1.,0.,0.));
#3131=DIRECTION('center_axis',(0.,0.,-1.));
#3132=DIRECTION('ref_axis',(1.,0.,0.));
#3133=DIRECTION('center_axis',(0.,0.,-1.));
#3134=DIRECTION('ref_axis',(1.,0.,0.));
#3135=DIRECTION('center_axis',(0.,0.,-1.));
#3136=DIRECTION('ref_axis',(1.,0.,0.));
#3137=DIRECTION('center_axis',(0.,0.,-1.));
#3138=DIRECTION('ref_axis',(1.,0.,0.));
#3139=DIRECTION('center_axis',(0.,0.,-1.));
#3140=DIRECTION('ref_axis',(1.,0.,0.));
#3141=DIRECTION('center_axis',(0.,0.,-1.));
#3142=DIRECTION('ref_axis',(1.,0.,0.));
#3143=DIRECTION('center_axis',(0.,0.,-1.));
#3144=DIRECTION('ref_axis',(1.,0.,0.));
#3145=DIRECTION('center_axis',(0.,0.,-1.));
#3146=DIRECTION('ref_axis',(1.,0.,0.));
#3147=DIRECTION('center_axis',(0.,0.,-1.));
#3148=DIRECTION('ref_axis',(1.,0.,0.));
#3149=DIRECTION('center_axis',(0.,0.,-1.));
#3150=DIRECTION('ref_axis',(1.,0.,0.));
#3151=DIRECTION('center_axis',(0.,0.,-1.));
#3152=DIRECTION('ref_axis',(1.,0.,0.));
#3153=DIRECTION('center_axis',(0.,0.,-1.));
#3154=DIRECTION('ref_axis',(1.,0.,0.));
#3155=DIRECTION('center_axis',(0.,0.,-1.));
#3156=DIRECTION('ref_axis',(1.,0.,0.));
#3157=DIRECTION('center_axis',(0.,0.,-1.));
#3158=DIRECTION('ref_axis',(1.,0.,0.));
#3159=DIRECTION('center_axis',(0.,0.,-1.));
#3160=DIRECTION('ref_axis',(1.,0.,0.));
#3161=DIRECTION('center_axis',(0.,0.,-1.));
#3162=DIRECTION('ref_axis',(1.,0.,0.));
#3163=DIRECTION('center_axis',(0.,0.,-1.));
#3164=DIRECTION('ref_axis',(1.,0.,0.));
#3165=DIRECTION('center_axis',(0.,0.,-1.));
#3166=DIRECTION('ref_axis',(1.,0.,0.));
#3167=DIRECTION('center_axis',(0.,0.,-1.));
#3168=DIRECTION('ref_axis',(1.,0.,0.));
#3169=DIRECTION('center_axis',(0.,0.,-1.));
#3170=DIRECTION('ref_axis',(1.,0.,0.));
#3171=DIRECTION('center_axis',(0.,0.,-1.));
#3172=DIRECTION('ref_axis',(1.,0.,0.));
#3173=DIRECTION('center_axis',(0.,0.,-1.));
#3174=DIRECTION('ref_axis',(1.,0.,0.));
#3175=DIRECTION('center_axis',(0.,0.,-1.));
#3176=DIRECTION('ref_axis',(1.,0.,0.));
#3177=DIRECTION('center_axis',(0.,0.,-1.));
#3178=DIRECTION('ref_axis',(1.,0.,0.));
#3179=DIRECTION('center_axis',(0.,0.,-1.));
#3180=DIRECTION('ref_axis',(1.,0.,0.));
#3181=DIRECTION('center_axis',(0.,0.,-1.));
#3182=DIRECTION('ref_axis',(1.,0.,0.));
#3183=DIRECTION('center_axis',(0.,0.,-1.));
#3184=DIRECTION('ref_axis',(1.,0.,0.));
#3185=DIRECTION('center_axis',(0.,0.,-1.));
#3186=DIRECTION('ref_axis',(1.,0.,0.));
#3187=DIRECTION('center_axis',(0.,0.,-1.));
#3188=DIRECTION('ref_axis',(1.,0.,0.));
#3189=DIRECTION('center_axis',(0.,0.,-1.));
#3190=DIRECTION('ref_axis',(1.,0.,0.));
#3191=DIRECTION('center_axis',(0.,0.,-1.));
#3192=DIRECTION('ref_axis',(1.,0.,0.));
#3193=DIRECTION('center_axis',(0.,0.,-1.));
#3194=DIRECTION('ref_axis',(1.,0.,0.));
#3195=DIRECTION('center_axis',(0.,0.,-1.));
#3196=DIRECTION('ref_axis',(1.,0.,0.));
#3197=DIRECTION('center_axis',(0.,0.,-1.));
#3198=DIRECTION('ref_axis',(1.,0.,0.));
#3199=DIRECTION('center_axis',(0.,0.,-1.));
#3200=DIRECTION('ref_axis',(1.,0.,0.));
#3201=DIRECTION('center_axis',(0.,0.,-1.));
#3202=DIRECTION('ref_axis',(1.,0.,0.));
#3203=DIRECTION('center_axis',(0.,0.,-1.));
#3204=DIRECTION('ref_axis',(1.,0.,0.));
#3205=DIRECTION('center_axis',(0.,0.,-1.));
#3206=DIRECTION('ref_axis',(1.,0.,0.));
#3207=DIRECTION('center_axis',(0.,0.,-1.));
#3208=DIRECTION('ref_axis',(1.,0.,0.));
#3209=DIRECTION('center_axis',(0.,0.,-1.));
#3210=DIRECTION('ref_axis',(1.,0.,0.));
#3211=DIRECTION('center_axis',(0.,0.,-1.));
#3212=DIRECTION('ref_axis',(1.,0.,0.));
#3213=DIRECTION('center_axis',(0.,0.,-1.));
#3214=DIRECTION('ref_axis',(1.,0.,0.));
#3215=DIRECTION('center_axis',(0.,0.,-1.));
#3216=DIRECTION('ref_axis',(1.,0.,0.));
#3217=DIRECTION('center_axis',(0.,0.,-1.));
#3218=DIRECTION('ref_axis',(1.,0.,0.));
#3219=DIRECTION('center_axis',(0.,0.,-1.));
#3220=DIRECTION('ref_axis',(1.,0.,0.));
#3221=DIRECTION('center_axis',(0.,0.,-1.));
#3222=DIRECTION('ref_axis',(1.,0.,0.));
#3223=DIRECTION('center_axis',(0.,0.,-1.));
#3224=DIRECTION('ref_axis',(1.,0.,0.));
#3225=DIRECTION('center_axis',(0.,0.,-1.));
#3226=DIRECTION('ref_axis',(1.,0.,0.));
#3227=DIRECTION('center_axis',(0.,0.,-1.));
#3228=DIRECTION('ref_axis',(1.,0.,0.));
#3229=DIRECTION('center_axis',(0.,0.,-1.));
#3230=DIRECTION('ref_axis',(1.,0.,0.));
#3231=DIRECTION('center_axis',(0.,0.,-1.));
#3232=DIRECTION('ref_axis',(1.,0.,0.));
#3233=DIRECTION('center_axis',(0.,0.,-1.));
#3234=DIRECTION('ref_axis',(1.,0.,0.));
#3235=DIRECTION('center_axis',(0.,0.,-1.));
#3236=DIRECTION('ref_axis',(1.,0.,0.));
#3237=DIRECTION('center_axis',(0.,0.,-1.));
#3238=DIRECTION('ref_axis',(1.,0.,0.));
#3239=DIRECTION('center_axis',(0.,0.,-1.));
#3240=DIRECTION('ref_axis',(1.,0.,0.));
#3241=DIRECTION('center_axis',(0.,0.,-1.));
#3242=DIRECTION('ref_axis',(1.,0.,0.));
#3243=DIRECTION('center_axis',(0.,0.,-1.));
#3244=DIRECTION('ref_axis',(1.,0.,0.));
#3245=DIRECTION('center_axis',(0.,0.,-1.));
#3246=DIRECTION('ref_axis',(1.,0.,0.));
#3247=DIRECTION('center_axis',(0.,0.,-1.));
#3248=DIRECTION('ref_axis',(1.,0.,0.));
#3249=DIRECTION('center_axis',(0.,0.,-1.));
#3250=DIRECTION('ref_axis',(1.,0.,0.));
#3251=DIRECTION('center_axis',(0.,0.,-1.));
#3252=DIRECTION('ref_axis',(1.,0.,0.));
#3253=DIRECTION('center_axis',(0.,0.,-1.));
#3254=DIRECTION('ref_axis',(1.,0.,0.));
#3255=DIRECTION('center_axis',(0.,0.,-1.));
#3256=DIRECTION('ref_axis',(1.,0.,0.));
#3257=DIRECTION('center_axis',(0.,0.,-1.));
#3258=DIRECTION('ref_axis',(1.,0.,0.));
#3259=DIRECTION('center_axis',(0.,0.,-1.));
#3260=DIRECTION('ref_axis',(1.,0.,0.));
#3261=DIRECTION('center_axis',(0.,0.,-1.));
#3262=DIRECTION('ref_axis',(1.,0.,0.));
#3263=DIRECTION('center_axis',(0.,0.,-1.));
#3264=DIRECTION('ref_axis',(1.,0.,0.));
#3265=DIRECTION('center_axis',(0.,0.,-1.));
#3266=DIRECTION('ref_axis',(1.,0.,0.));
#3267=DIRECTION('center_axis',(0.,0.,-1.));
#3268=DIRECTION('ref_axis',(1.,0.,0.));
#3269=DIRECTION('center_axis',(0.,0.,-1.));
#3270=DIRECTION('ref_axis',(1.,0.,0.));
#3271=DIRECTION('center_axis',(0.,0.,-1.));
#3272=DIRECTION('ref_axis',(1.,0.,0.));
#3273=DIRECTION('center_axis',(0.,0.,-1.));
#3274=DIRECTION('ref_axis',(1.,0.,0.));
#3275=DIRECTION('center_axis',(0.,0.,-1.));
#3276=DIRECTION('ref_axis',(1.,0.,0.));
#3277=DIRECTION('center_axis',(0.,0.,-1.));
#3278=DIRECTION('ref_axis',(1.,0.,0.));
#3279=DIRECTION('center_axis',(0.,0.,-1.));
#3280=DIRECTION('ref_axis',(1.,0.,0.));
#3281=DIRECTION('center_axis',(0.,0.,-1.));
#3282=DIRECTION('ref_axis',(1.,0.,0.));
#3283=DIRECTION('center_axis',(0.,0.,-1.));
#3284=DIRECTION('ref_axis',(1.,0.,0.));
#3285=DIRECTION('center_axis',(0.,0.,-1.));
#3286=DIRECTION('ref_axis',(1.,0.,0.));
#3287=DIRECTION('center_axis',(0.,0.,-1.));
#3288=DIRECTION('ref_axis',(1.,0.,0.));
#3289=DIRECTION('center_axis',(0.,0.,-1.));
#3290=DIRECTION('ref_axis',(1.,0.,0.));
#3291=DIRECTION('center_axis',(0.,0.,1.));
#3292=DIRECTION('ref_axis',(1.,0.,0.));
#3293=DIRECTION('center_axis',(0.,0.,-1.));
#3294=DIRECTION('ref_axis',(1.,0.,0.));
#3295=DIRECTION('',(0.,0.,-1.));
#3296=DIRECTION('center_axis',(0.,0.,-1.));
#3297=DIRECTION('ref_axis',(1.,0.,0.));
#3298=DIRECTION('',(0.,0.,-1.));
#3299=DIRECTION('center_axis',(0.,0.,-1.));
#3300=DIRECTION('ref_axis',(1.,0.,0.));
#3301=DIRECTION('',(0.,0.,-1.));
#3302=DIRECTION('center_axis',(0.,0.,-1.));
#3303=DIRECTION('ref_axis',(1.,0.,0.));
#3304=DIRECTION('',(0.,0.,-1.));
#3305=DIRECTION('center_axis',(0.,0.,-1.));
#3306=DIRECTION('ref_axis',(1.,0.,0.));
#3307=DIRECTION('',(0.,0.,-1.));
#3308=DIRECTION('center_axis',(0.,0.,-1.));
#3309=DIRECTION('ref_axis',(1.,0.,0.));
#3310=DIRECTION('',(0.,0.,-1.));
#3311=DIRECTION('center_axis',(0.,0.,-1.));
#3312=DIRECTION('ref_axis',(1.,0.,0.));
#3313=DIRECTION('',(0.,0.,-1.));
#3314=DIRECTION('center_axis',(0.,0.,-1.));
#3315=DIRECTION('ref_axis',(1.,0.,0.));
#3316=DIRECTION('',(0.,0.,-1.));
#3317=DIRECTION('center_axis',(0.,0.,-1.));
#3318=DIRECTION('ref_axis',(1.,0.,0.));
#3319=DIRECTION('',(0.,0.,-1.));
#3320=DIRECTION('center_axis',(0.,0.,-1.));
#3321=DIRECTION('ref_axis',(1.,0.,0.));
#3322=DIRECTION('',(0.,0.,-1.));
#3323=DIRECTION('center_axis',(0.,0.,-1.));
#3324=DIRECTION('ref_axis',(1.,0.,0.));
#3325=DIRECTION('',(0.,0.,-1.));
#3326=DIRECTION('center_axis',(0.,0.,-1.));
#3327=DIRECTION('ref_axis',(1.,0.,0.));
#3328=DIRECTION('',(0.,0.,-1.));
#3329=DIRECTION('center_axis',(0.,0.,-1.));
#3330=DIRECTION('ref_axis',(1.,0.,0.));
#3331=DIRECTION('',(0.,0.,-1.));
#3332=DIRECTION('center_axis',(0.,0.,-1.));
#3333=DIRECTION('ref_axis',(1.,0.,0.));
#3334=DIRECTION('',(0.,0.,-1.));
#3335=DIRECTION('center_axis',(0.,0.,-1.));
#3336=DIRECTION('ref_axis',(1.,0.,0.));
#3337=DIRECTION('',(0.,0.,-1.));
#3338=DIRECTION('center_axis',(0.,0.,-1.));
#3339=DIRECTION('ref_axis',(1.,0.,0.));
#3340=DIRECTION('',(0.,0.,-1.));
#3341=DIRECTION('center_axis',(0.,0.,-1.));
#3342=DIRECTION('ref_axis',(1.,0.,0.));
#3343=DIRECTION('',(0.,0.,-1.));
#3344=DIRECTION('center_axis',(0.,0.,-1.));
#3345=DIRECTION('ref_axis',(1.,0.,0.));
#3346=DIRECTION('',(0.,0.,-1.));
#3347=DIRECTION('center_axis',(0.,0.,-1.));
#3348=DIRECTION('ref_axis',(1.,0.,0.));
#3349=DIRECTION('',(0.,0.,-1.));
#3350=DIRECTION('center_axis',(0.,0.,-1.));
#3351=DIRECTION('ref_axis',(1.,0.,0.));
#3352=DIRECTION('',(0.,0.,-1.));
#3353=DIRECTION('center_axis',(0.,0.,-1.));
#3354=DIRECTION('ref_axis',(1.,0.,0.));
#3355=DIRECTION('',(0.,0.,-1.));
#3356=DIRECTION('center_axis',(0.,0.,-1.));
#3357=DIRECTION('ref_axis',(1.,0.,0.));
#3358=DIRECTION('',(0.,0.,-1.));
#3359=DIRECTION('center_axis',(0.,0.,-1.));
#3360=DIRECTION('ref_axis',(1.,0.,0.));
#3361=DIRECTION('',(0.,0.,-1.));
#3362=DIRECTION('center_axis',(0.,0.,-1.));
#3363=DIRECTION('ref_axis',(1.,0.,0.));
#3364=DIRECTION('',(0.,0.,-1.));
#3365=DIRECTION('center_axis',(0.,0.,-1.));
#3366=DIRECTION('ref_axis',(1.,0.,0.));
#3367=DIRECTION('',(0.,0.,-1.));
#3368=DIRECTION('center_axis',(0.,0.,-1.));
#3369=DIRECTION('ref_axis',(1.,0.,0.));
#3370=DIRECTION('',(0.,0.,-1.));
#3371=DIRECTION('center_axis',(0.,0.,-1.));
#3372=DIRECTION('ref_axis',(1.,0.,0.));
#3373=DIRECTION('',(0.,0.,-1.));
#3374=DIRECTION('center_axis',(0.,0.,-1.));
#3375=DIRECTION('ref_axis',(1.,0.,0.));
#3376=DIRECTION('',(0.,0.,-1.));
#3377=DIRECTION('center_axis',(0.,0.,-1.));
#3378=DIRECTION('ref_axis',(1.,0.,0.));
#3379=DIRECTION('',(0.,0.,-1.));
#3380=DIRECTION('center_axis',(0.,0.,-1.));
#3381=DIRECTION('ref_axis',(1.,0.,0.));
#3382=DIRECTION('',(0.,0.,-1.));
#3383=DIRECTION('center_axis',(0.,0.,-1.));
#3384=DIRECTION('ref_axis',(1.,0.,0.));
#3385=DIRECTION('',(0.,0.,-1.));
#3386=DIRECTION('center_axis',(0.,0.,-1.));
#3387=DIRECTION('ref_axis',(1.,0.,0.));
#3388=DIRECTION('',(0.,0.,-1.));
#3389=DIRECTION('center_axis',(0.,0.,-1.));
#3390=DIRECTION('ref_axis',(1.,0.,0.));
#3391=DIRECTION('',(0.,0.,-1.));
#3392=DIRECTION('center_axis',(0.,0.,-1.));
#3393=DIRECTION('ref_axis',(1.,0.,0.));
#3394=DIRECTION('',(0.,0.,-1.));
#3395=DIRECTION('center_axis',(0.,0.,-1.));
#3396=DIRECTION('ref_axis',(1.,0.,0.));
#3397=DIRECTION('',(0.,0.,-1.));
#3398=DIRECTION('center_axis',(0.,0.,-1.));
#3399=DIRECTION('ref_axis',(1.,0.,0.));
#3400=DIRECTION('',(0.,0.,-1.));
#3401=DIRECTION('center_axis',(0.,0.,-1.));
#3402=DIRECTION('ref_axis',(1.,0.,0.));
#3403=DIRECTION('',(0.,0.,-1.));
#3404=DIRECTION('center_axis',(0.,0.,-1.));
#3405=DIRECTION('ref_axis',(1.,0.,0.));
#3406=DIRECTION('',(0.,0.,-1.));
#3407=DIRECTION('center_axis',(0.,0.,-1.));
#3408=DIRECTION('ref_axis',(1.,0.,0.));
#3409=DIRECTION('',(0.,0.,-1.));
#3410=DIRECTION('center_axis',(0.,0.,-1.));
#3411=DIRECTION('ref_axis',(1.,0.,0.));
#3412=DIRECTION('',(0.,0.,-1.));
#3413=DIRECTION('center_axis',(0.,0.,-1.));
#3414=DIRECTION('ref_axis',(1.,0.,0.));
#3415=DIRECTION('',(0.,0.,-1.));
#3416=DIRECTION('center_axis',(0.,0.,-1.));
#3417=DIRECTION('ref_axis',(1.,0.,0.));
#3418=DIRECTION('',(0.,0.,-1.));
#3419=DIRECTION('center_axis',(0.,0.,-1.));
#3420=DIRECTION('ref_axis',(1.,0.,0.));
#3421=DIRECTION('',(0.,0.,-1.));
#3422=DIRECTION('center_axis',(0.,0.,-1.));
#3423=DIRECTION('ref_axis',(1.,0.,0.));
#3424=DIRECTION('',(0.,0.,-1.));
#3425=DIRECTION('center_axis',(0.,0.,-1.));
#3426=DIRECTION('ref_axis',(1.,0.,0.));
#3427=DIRECTION('',(0.,0.,-1.));
#3428=DIRECTION('center_axis',(0.,0.,-1.));
#3429=DIRECTION('ref_axis',(1.,0.,0.));
#3430=DIRECTION('',(0.,0.,-1.));
#3431=DIRECTION('center_axis',(0.,0.,-1.));
#3432=DIRECTION('ref_axis',(1.,0.,0.));
#3433=DIRECTION('',(0.,0.,-1.));
#3434=DIRECTION('center_axis',(0.,0.,-1.));
#3435=DIRECTION('ref_axis',(1.,0.,0.));
#3436=DIRECTION('',(0.,0.,-1.));
#3437=DIRECTION('center_axis',(0.,0.,-1.));
#3438=DIRECTION('ref_axis',(1.,0.,0.));
#3439=DIRECTION('',(0.,0.,-1.));
#3440=DIRECTION('center_axis',(0.,0.,-1.));
#3441=DIRECTION('ref_axis',(1.,0.,0.));
#3442=DIRECTION('',(0.,0.,-1.));
#3443=DIRECTION('center_axis',(0.,0.,-1.));
#3444=DIRECTION('ref_axis',(1.,0.,0.));
#3445=DIRECTION('',(0.,0.,-1.));
#3446=DIRECTION('center_axis',(0.,0.,-1.));
#3447=DIRECTION('ref_axis',(1.,0.,0.));
#3448=DIRECTION('',(0.,0.,-1.));
#3449=DIRECTION('center_axis',(0.,0.,-1.));
#3450=DIRECTION('ref_axis',(1.,0.,0.));
#3451=DIRECTION('',(0.,0.,-1.));
#3452=DIRECTION('center_axis',(0.,0.,-1.));
#3453=DIRECTION('ref_axis',(1.,0.,0.));
#3454=DIRECTION('',(0.,0.,-1.));
#3455=DIRECTION('center_axis',(0.,0.,-1.));
#3456=DIRECTION('ref_axis',(1.,0.,0.));
#3457=DIRECTION('',(0.,0.,-1.));
#3458=DIRECTION('center_axis',(0.,0.,-1.));
#3459=DIRECTION('ref_axis',(1.,0.,0.));
#3460=DIRECTION('',(0.,0.,-1.));
#3461=DIRECTION('center_axis',(0.,0.,-1.));
#3462=DIRECTION('ref_axis',(1.,0.,0.));
#3463=DIRECTION('',(0.,0.,-1.));
#3464=DIRECTION('center_axis',(0.,0.,-1.));
#3465=DIRECTION('ref_axis',(1.,0.,0.));
#3466=DIRECTION('',(0.,0.,-1.));
#3467=DIRECTION('center_axis',(0.,0.,-1.));
#3468=DIRECTION('ref_axis',(1.,0.,0.));
#3469=DIRECTION('',(0.,0.,-1.));
#3470=DIRECTION('center_axis',(0.,0.,-1.));
#3471=DIRECTION('ref_axis',(1.,0.,0.));
#3472=DIRECTION('',(0.,0.,-1.));
#3473=DIRECTION('center_axis',(0.,0.,-1.));
#3474=DIRECTION('ref_axis',(1.,0.,0.));
#3475=DIRECTION('',(0.,0.,-1.));
#3476=DIRECTION('center_axis',(0.,0.,-1.));
#3477=DIRECTION('ref_axis',(1.,0.,0.));
#3478=DIRECTION('',(0.,0.,-1.));
#3479=DIRECTION('center_axis',(0.,0.,-1.));
#3480=DIRECTION('ref_axis',(1.,0.,0.));
#3481=DIRECTION('',(0.,0.,-1.));
#3482=DIRECTION('center_axis',(0.,0.,-1.));
#3483=DIRECTION('ref_axis',(1.,0.,0.));
#3484=DIRECTION('',(0.,0.,-1.));
#3485=DIRECTION('center_axis',(0.,0.,-1.));
#3486=DIRECTION('ref_axis',(1.,0.,0.));
#3487=DIRECTION('',(0.,0.,-1.));
#3488=DIRECTION('center_axis',(0.,0.,-1.));
#3489=DIRECTION('ref_axis',(1.,0.,0.));
#3490=DIRECTION('',(0.,0.,-1.));
#3491=DIRECTION('center_axis',(0.,0.,-1.));
#3492=DIRECTION('ref_axis',(1.,0.,0.));
#3493=DIRECTION('',(0.,0.,-1.));
#3494=DIRECTION('center_axis',(0.,0.,-1.));
#3495=DIRECTION('ref_axis',(1.,0.,0.));
#3496=DIRECTION('',(0.,0.,-1.));
#3497=DIRECTION('center_axis',(0.,0.,-1.));
#3498=DIRECTION('ref_axis',(1.,0.,0.));
#3499=DIRECTION('',(0.,0.,-1.));
#3500=DIRECTION('center_axis',(0.,0.,-1.));
#3501=DIRECTION('ref_axis',(1.,0.,0.));
#3502=DIRECTION('',(0.,0.,-1.));
#3503=DIRECTION('center_axis',(0.,0.,-1.));
#3504=DIRECTION('ref_axis',(1.,0.,0.));
#3505=DIRECTION('',(0.,0.,-1.));
#3506=DIRECTION('center_axis',(0.,0.,-1.));
#3507=DIRECTION('ref_axis',(1.,0.,0.));
#3508=DIRECTION('',(0.,0.,-1.));
#3509=DIRECTION('center_axis',(0.,0.,-1.));
#3510=DIRECTION('ref_axis',(1.,0.,0.));
#3511=DIRECTION('',(0.,0.,-1.));
#3512=DIRECTION('center_axis',(0.,0.,-1.));
#3513=DIRECTION('ref_axis',(1.,0.,0.));
#3514=DIRECTION('',(0.,0.,-1.));
#3515=DIRECTION('center_axis',(0.,0.,-1.));
#3516=DIRECTION('ref_axis',(1.,0.,0.));
#3517=DIRECTION('',(0.,0.,-1.));
#3518=DIRECTION('center_axis',(0.,0.,-1.));
#3519=DIRECTION('ref_axis',(1.,0.,0.));
#3520=DIRECTION('',(0.,0.,-1.));
#3521=DIRECTION('center_axis',(0.,0.,-1.));
#3522=DIRECTION('ref_axis',(1.,0.,0.));
#3523=DIRECTION('',(0.,0.,-1.));
#3524=DIRECTION('center_axis',(0.,0.,-1.));
#3525=DIRECTION('ref_axis',(1.,0.,0.));
#3526=DIRECTION('',(0.,0.,-1.));
#3527=DIRECTION('center_axis',(0.,0.,-1.));
#3528=DIRECTION('ref_axis',(1.,0.,0.));
#3529=DIRECTION('',(0.,0.,-1.));
#3530=DIRECTION('center_axis',(0.,0.,-1.));
#3531=DIRECTION('ref_axis',(1.,0.,0.));
#3532=DIRECTION('',(0.,0.,-1.));
#3533=DIRECTION('center_axis',(0.,0.,-1.));
#3534=DIRECTION('ref_axis',(1.,0.,0.));
#3535=DIRECTION('',(0.,0.,-1.));
#3536=DIRECTION('center_axis',(0.,0.,-1.));
#3537=DIRECTION('ref_axis',(1.,0.,0.));
#3538=DIRECTION('',(0.,0.,-1.));
#3539=DIRECTION('center_axis',(0.,0.,-1.));
#3540=DIRECTION('ref_axis',(1.,0.,0.));
#3541=DIRECTION('',(0.,0.,-1.));
#3542=DIRECTION('center_axis',(0.,0.,-1.));
#3543=DIRECTION('ref_axis',(1.,0.,0.));
#3544=DIRECTION('',(0.,0.,-1.));
#3545=DIRECTION('center_axis',(0.,0.,-1.));
#3546=DIRECTION('ref_axis',(1.,0.,0.));
#3547=DIRECTION('',(0.,0.,-1.));
#3548=DIRECTION('center_axis',(0.,0.,-1.));
#3549=DIRECTION('ref_axis',(1.,0.,0.));
#3550=DIRECTION('',(0.,0.,-1.));
#3551=DIRECTION('center_axis',(0.,0.,-1.));
#3552=DIRECTION('ref_axis',(1.,0.,0.));
#3553=DIRECTION('',(0.,0.,-1.));
#3554=DIRECTION('center_axis',(0.,0.,-1.));
#3555=DIRECTION('ref_axis',(1.,0.,0.));
#3556=DIRECTION('',(0.,0.,-1.));
#3557=DIRECTION('center_axis',(0.,0.,-1.));
#3558=DIRECTION('ref_axis',(1.,0.,0.));
#3559=DIRECTION('',(0.,0.,-1.));
#3560=DIRECTION('center_axis',(0.,0.,-1.));
#3561=DIRECTION('ref_axis',(1.,0.,0.));
#3562=DIRECTION('',(0.,0.,-1.));
#3563=DIRECTION('center_axis',(0.,0.,-1.));
#3564=DIRECTION('ref_axis',(1.,0.,0.));
#3565=DIRECTION('',(0.,0.,-1.));
#3566=DIRECTION('center_axis',(0.,0.,-1.));
#3567=DIRECTION('ref_axis',(1.,0.,0.));
#3568=DIRECTION('',(0.,0.,-1.));
#3569=DIRECTION('center_axis',(0.,0.,-1.));
#3570=DIRECTION('ref_axis',(1.,0.,0.));
#3571=DIRECTION('',(0.,0.,-1.));
#3572=DIRECTION('center_axis',(0.,0.,-1.));
#3573=DIRECTION('ref_axis',(1.,0.,0.));
#3574=DIRECTION('',(0.,0.,-1.));
#3575=DIRECTION('center_axis',(0.,0.,-1.));
#3576=DIRECTION('ref_axis',(1.,0.,0.));
#3577=DIRECTION('',(0.,0.,-1.));
#3578=DIRECTION('center_axis',(0.,0.,-1.));
#3579=DIRECTION('ref_axis',(1.,0.,0.));
#3580=DIRECTION('',(0.,0.,-1.));
#3581=DIRECTION('center_axis',(0.,0.,-1.));
#3582=DIRECTION('ref_axis',(1.,0.,0.));
#3583=DIRECTION('',(0.,0.,-1.));
#3584=DIRECTION('center_axis',(0.,0.,-1.));
#3585=DIRECTION('ref_axis',(1.,0.,0.));
#3586=DIRECTION('',(0.,0.,-1.));
#3587=DIRECTION('center_axis',(0.,0.,-1.));
#3588=DIRECTION('ref_axis',(1.,0.,0.));
#3589=DIRECTION('',(0.,0.,-1.));
#3590=DIRECTION('center_axis',(0.,0.,-1.));
#3591=DIRECTION('ref_axis',(1.,0.,0.));
#3592=DIRECTION('',(0.,0.,-1.));
#3593=DIRECTION('center_axis',(0.,0.,-1.));
#3594=DIRECTION('ref_axis',(1.,0.,0.));
#3595=DIRECTION('',(0.,0.,-1.));
#3596=DIRECTION('center_axis',(0.,0.,1.));
#3597=DIRECTION('ref_axis',(1.,0.,0.));
#3598=CARTESIAN_POINT('',(0.,0.,0.));
#3599=CARTESIAN_POINT('Origin',(122.166171370873,35.,0.));
#3600=CARTESIAN_POINT('',(105.166171370873,35.,6.));
#3601=CARTESIAN_POINT('',(112.166171370873,35.,6.));
#3602=CARTESIAN_POINT('',(61.0830856854364,35.,6.));
#3603=CARTESIAN_POINT('',(105.166171370873,35.,0.));
#3604=CARTESIAN_POINT('',(105.166171370873,35.,0.));
#3605=CARTESIAN_POINT('',(112.166171370873,35.,0.));
#3606=CARTESIAN_POINT('',(61.0830856854364,35.,0.));
#3607=CARTESIAN_POINT('',(112.166171370873,35.,0.));
#3608=CARTESIAN_POINT('Origin',(105.166171370873,-35.,0.));
#3609=CARTESIAN_POINT('',(112.166171370873,-35.,6.));
#3610=CARTESIAN_POINT('',(105.166171370873,-35.,6.));
#3611=CARTESIAN_POINT('',(52.5830856854364,-35.,6.));
#3612=CARTESIAN_POINT('',(112.166171370873,-35.,0.));
#3613=CARTESIAN_POINT('',(112.166171370873,-35.,0.));
#3614=CARTESIAN_POINT('',(105.166171370873,-35.,0.));
#3615=CARTESIAN_POINT('',(52.5830856854364,-35.,0.));
#3616=CARTESIAN_POINT('',(105.166171370873,-35.,0.));
#3617=CARTESIAN_POINT('Origin',(105.166171370873,35.,0.));
#3618=CARTESIAN_POINT('',(105.166171370873,17.5,6.));
#3619=CARTESIAN_POINT('',(105.166171370873,17.5,0.));
#3620=CARTESIAN_POINT('Origin',(-105.166170852139,-35.,0.));
#3621=CARTESIAN_POINT('',(-105.166170852139,35.,6.));
#3622=CARTESIAN_POINT('',(-105.166170852139,-35.,6.));
#3623=CARTESIAN_POINT('',(-105.166170852139,-17.5,6.));
#3624=CARTESIAN_POINT('',(-105.166170852139,35.,0.));
#3625=CARTESIAN_POINT('',(-105.166170852139,35.,0.));
#3626=CARTESIAN_POINT('',(-105.166170852139,-35.,0.));
#3627=CARTESIAN_POINT('',(-105.166170852139,-17.5,0.));
#3628=CARTESIAN_POINT('',(-105.166170852139,-35.,0.));
#3629=CARTESIAN_POINT('Origin',(-121.860037659256,-35.,0.));
#3630=CARTESIAN_POINT('',(-112.166171370873,-35.,6.));
#3631=CARTESIAN_POINT('',(-112.166171370873,-35.,0.));
#3632=CARTESIAN_POINT('',(-112.166171370873,-35.,0.));
#3633=CARTESIAN_POINT('',(-60.9300188296279,-35.,6.));
#3634=CARTESIAN_POINT('',(-60.9300188296279,-35.,0.));
#3635=CARTESIAN_POINT('Origin',(-105.166170852139,35.,0.));
#3636=CARTESIAN_POINT('',(-112.166171370873,35.,6.));
#3637=CARTESIAN_POINT('',(-52.5830854260696,35.,6.));
#3638=CARTESIAN_POINT('',(-112.166171370873,35.,0.));
#3639=CARTESIAN_POINT('',(-112.166171370873,35.,0.));
#3640=CARTESIAN_POINT('',(-52.5830854260696,35.,0.));
#3641=CARTESIAN_POINT('Origin',(0.,0.,0.));
#3642=CARTESIAN_POINT('Origin',(0.,0.,0.));
#3643=CARTESIAN_POINT('Origin',(0.,0.,0.));
#3644=CARTESIAN_POINT('',(38.25,100.,0.));
#3645=CARTESIAN_POINT('Origin',(40.,100.,0.));
#3646=CARTESIAN_POINT('',(18.25,100.,0.));
#3647=CARTESIAN_POINT('Origin',(20.,100.,0.));
#3648=CARTESIAN_POINT('',(-1.74999999999999,100.,0.));
#3649=CARTESIAN_POINT('Origin',(8.88178419700125E-15,100.,0.));
#3650=CARTESIAN_POINT('',(-21.75,100.,0.));
#3651=CARTESIAN_POINT('Origin',(-20.,100.,0.));
#3652=CARTESIAN_POINT('',(-41.75,100.,0.));
#3653=CARTESIAN_POINT('Origin',(-40.,100.,0.));
#3654=CARTESIAN_POINT('',(78.25,80.,0.));
#3655=CARTESIAN_POINT('Origin',(80.,80.,0.));
#3656=CARTESIAN_POINT('',(58.25,80.,0.));
#3657=CARTESIAN_POINT('Origin',(60.,80.,0.));
#3658=CARTESIAN_POINT('',(38.25,80.,0.));
#3659=CARTESIAN_POINT('Origin',(40.,80.,0.));
#3660=CARTESIAN_POINT('',(18.25,80.,0.));
#3661=CARTESIAN_POINT('Origin',(20.,80.,0.));
#3662=CARTESIAN_POINT('',(-1.74999999999999,80.,0.));
#3663=CARTESIAN_POINT('Origin',(8.88178419700125E-15,80.,0.));
#3664=CARTESIAN_POINT('',(-21.75,80.,0.));
#3665=CARTESIAN_POINT('Origin',(-20.,80.,0.));
#3666=CARTESIAN_POINT('',(-41.75,80.,0.));
#3667=CARTESIAN_POINT('Origin',(-40.,80.,0.));
#3668=CARTESIAN_POINT('',(-61.75,80.,0.));
#3669=CARTESIAN_POINT('Origin',(-60.,80.,0.));
#3670=CARTESIAN_POINT('',(-81.75,80.,0.));
#3671=CARTESIAN_POINT('Origin',(-80.,80.,0.));
#3672=CARTESIAN_POINT('',(78.25,60.,0.));
#3673=CARTESIAN_POINT('Origin',(80.,60.,0.));
#3674=CARTESIAN_POINT('',(58.25,60.,0.));
#3675=CARTESIAN_POINT('Origin',(60.,60.,0.));
#3676=CARTESIAN_POINT('',(38.25,60.,0.));
#3677=CARTESIAN_POINT('Origin',(40.,60.,0.));
#3678=CARTESIAN_POINT('',(18.25,60.,0.));
#3679=CARTESIAN_POINT('Origin',(20.,60.,0.));
#3680=CARTESIAN_POINT('',(-1.74999999999999,60.,0.));
#3681=CARTESIAN_POINT('Origin',(8.88178419700125E-15,60.,0.));
#3682=CARTESIAN_POINT('',(-21.75,60.,0.));
#3683=CARTESIAN_POINT('Origin',(-20.,60.,0.));
#3684=CARTESIAN_POINT('',(-41.75,60.,0.));
#3685=CARTESIAN_POINT('Origin',(-40.,60.,0.));
#3686=CARTESIAN_POINT('',(-61.75,60.,0.));
#3687=CARTESIAN_POINT('Origin',(-60.,60.,0.));
#3688=CARTESIAN_POINT('',(-81.75,60.,0.));
#3689=CARTESIAN_POINT('Origin',(-80.,60.,0.));
#3690=CARTESIAN_POINT('',(98.25,40.,0.));
#3691=CARTESIAN_POINT('Origin',(100.,40.,0.));
#3692=CARTESIAN_POINT('',(78.25,40.,0.));
#3693=CARTESIAN_POINT('Origin',(80.,40.,0.));
#3694=CARTESIAN_POINT('',(58.25,40.,0.));
#3695=CARTESIAN_POINT('Origin',(60.,40.,0.));
#3696=CARTESIAN_POINT('',(38.25,40.,0.));
#3697=CARTESIAN_POINT('Origin',(40.,40.,0.));
#3698=CARTESIAN_POINT('',(18.25,40.,0.));
#3699=CARTESIAN_POINT('Origin',(20.,40.,0.));
#3700=CARTESIAN_POINT('',(-1.74999999999999,40.,0.));
#3701=CARTESIAN_POINT('Origin',(8.88178419700125E-15,40.,0.));
#3702=CARTESIAN_POINT('',(-21.75,40.,0.));
#3703=CARTESIAN_POINT('Origin',(-20.,40.,0.));
#3704=CARTESIAN_POINT('',(-41.75,40.,0.));
#3705=CARTESIAN_POINT('Origin',(-40.,40.,0.));
#3706=CARTESIAN_POINT('',(-61.75,40.,0.));
#3707=CARTESIAN_POINT('Origin',(-60.,40.,0.));
#3708=CARTESIAN_POINT('',(-81.75,40.,0.));
#3709=CARTESIAN_POINT('Origin',(-80.,40.,0.));
#3710=CARTESIAN_POINT('',(-101.75,40.,0.));
#3711=CARTESIAN_POINT('Origin',(-100.,40.,0.));
#3712=CARTESIAN_POINT('',(98.25,20.,0.));
#3713=CARTESIAN_POINT('Origin',(100.,20.,0.));
#3714=CARTESIAN_POINT('',(78.25,20.,0.));
#3715=CARTESIAN_POINT('Origin',(80.,20.,0.));
#3716=CARTESIAN_POINT('',(58.25,20.,0.));
#3717=CARTESIAN_POINT('Origin',(60.,20.,0.));
#3718=CARTESIAN_POINT('',(38.25,20.,0.));
#3719=CARTESIAN_POINT('Origin',(40.,20.,0.));
#3720=CARTESIAN_POINT('',(18.25,20.,0.));
#3721=CARTESIAN_POINT('Origin',(20.,20.,0.));
#3722=CARTESIAN_POINT('',(-1.74999999999999,20.,0.));
#3723=CARTESIAN_POINT('Origin',(8.88178419700125E-15,20.,0.));
#3724=CARTESIAN_POINT('',(-21.75,20.,0.));
#3725=CARTESIAN_POINT('Origin',(-20.,20.,0.));
#3726=CARTESIAN_POINT('',(-41.75,20.,0.));
#3727=CARTESIAN_POINT('Origin',(-40.,20.,0.));
#3728=CARTESIAN_POINT('',(-61.75,20.,0.));
#3729=CARTESIAN_POINT('Origin',(-60.,20.,0.));
#3730=CARTESIAN_POINT('',(-81.75,20.,0.));
#3731=CARTESIAN_POINT('Origin',(-80.,20.,0.));
#3732=CARTESIAN_POINT('',(-101.75,20.,0.));
#3733=CARTESIAN_POINT('Origin',(-100.,20.,0.));
#3734=CARTESIAN_POINT('',(98.25,2.14313189850787E-16,0.));
#3735=CARTESIAN_POINT('Origin',(100.,0.,0.));
#3736=CARTESIAN_POINT('',(78.25,2.14313189850787E-16,0.));
#3737=CARTESIAN_POINT('Origin',(80.,0.,0.));
#3738=CARTESIAN_POINT('',(58.25,2.14313189850787E-16,0.));
#3739=CARTESIAN_POINT('Origin',(60.,0.,0.));
#3740=CARTESIAN_POINT('',(38.25,2.14313189850787E-16,0.));
#3741=CARTESIAN_POINT('Origin',(40.,0.,0.));
#3742=CARTESIAN_POINT('',(18.25,2.14313189850787E-16,0.));
#3743=CARTESIAN_POINT('Origin',(20.,0.,0.));
#3744=CARTESIAN_POINT('',(-21.75,2.14313189850787E-16,0.));
#3745=CARTESIAN_POINT('Origin',(-20.,0.,0.));
#3746=CARTESIAN_POINT('',(-41.75,2.14313189850787E-16,0.));
#3747=CARTESIAN_POINT('Origin',(-40.,0.,0.));
#3748=CARTESIAN_POINT('',(-61.75,2.14313189850787E-16,0.));
#3749=CARTESIAN_POINT('Origin',(-60.,0.,0.));
#3750=CARTESIAN_POINT('',(-81.75,2.14313189850787E-16,0.));
#3751=CARTESIAN_POINT('Origin',(-80.,0.,0.));
#3752=CARTESIAN_POINT('',(-101.75,2.14313189850787E-16,0.));
#3753=CARTESIAN_POINT('Origin',(-100.,0.,0.));
#3754=CARTESIAN_POINT('',(98.25,-20.,0.));
#3755=CARTESIAN_POINT('Origin',(100.,-20.,0.));
#3756=CARTESIAN_POINT('',(78.25,-20.,0.));
#3757=CARTESIAN_POINT('Origin',(80.,-20.,0.));
#3758=CARTESIAN_POINT('',(58.25,-20.,0.));
#3759=CARTESIAN_POINT('Origin',(60.,-20.,0.));
#3760=CARTESIAN_POINT('',(38.25,-20.,0.));
#3761=CARTESIAN_POINT('Origin',(40.,-20.,0.));
#3762=CARTESIAN_POINT('',(18.25,-20.,0.));
#3763=CARTESIAN_POINT('Origin',(20.,-20.,0.));
#3764=CARTESIAN_POINT('',(-1.74999999999999,-20.,0.));
#3765=CARTESIAN_POINT('Origin',(8.88178419700125E-15,-20.,0.));
#3766=CARTESIAN_POINT('',(-21.75,-20.,0.));
#3767=CARTESIAN_POINT('Origin',(-20.,-20.,0.));
#3768=CARTESIAN_POINT('',(-41.75,-20.,0.));
#3769=CARTESIAN_POINT('Origin',(-40.,-20.,0.));
#3770=CARTESIAN_POINT('',(-61.75,-20.,0.));
#3771=CARTESIAN_POINT('Origin',(-60.,-20.,0.));
#3772=CARTESIAN_POINT('',(-81.75,-20.,0.));
#3773=CARTESIAN_POINT('Origin',(-80.,-20.,0.));
#3774=CARTESIAN_POINT('',(-101.75,-20.,0.));
#3775=CARTESIAN_POINT('Origin',(-100.,-20.,0.));
#3776=CARTESIAN_POINT('',(98.25,-40.,0.));
#3777=CARTESIAN_POINT('Origin',(100.,-40.,0.));
#3778=CARTESIAN_POINT('',(78.25,-40.,0.));
#3779=CARTESIAN_POINT('Origin',(80.,-40.,0.));
#3780=CARTESIAN_POINT('',(58.25,-40.,0.));
#3781=CARTESIAN_POINT('Origin',(60.,-40.,0.));
#3782=CARTESIAN_POINT('',(38.25,-40.,0.));
#3783=CARTESIAN_POINT('Origin',(40.,-40.,0.));
#3784=CARTESIAN_POINT('',(18.25,-40.,0.));
#3785=CARTESIAN_POINT('Origin',(20.,-40.,0.));
#3786=CARTESIAN_POINT('',(-1.74999999999999,-40.,0.));
#3787=CARTESIAN_POINT('Origin',(8.88178419700125E-15,-40.,0.));
#3788=CARTESIAN_POINT('',(-21.75,-40.,0.));
#3789=CARTESIAN_POINT('Origin',(-20.,-40.,0.));
#3790=CARTESIAN_POINT('',(-41.75,-40.,0.));
#3791=CARTESIAN_POINT('Origin',(-40.,-40.,0.));
#3792=CARTESIAN_POINT('',(-61.75,-40.,0.));
#3793=CARTESIAN_POINT('Origin',(-60.,-40.,0.));
#3794=CARTESIAN_POINT('',(-81.75,-40.,0.));
#3795=CARTESIAN_POINT('Origin',(-80.,-40.,0.));
#3796=CARTESIAN_POINT('',(-101.75,-40.,0.));
#3797=CARTESIAN_POINT('Origin',(-100.,-40.,0.));
#3798=CARTESIAN_POINT('',(78.25,-60.,0.));
#3799=CARTESIAN_POINT('Origin',(80.,-60.,0.));
#3800=CARTESIAN_POINT('',(58.25,-60.,0.));
#3801=CARTESIAN_POINT('Origin',(60.,-60.,0.));
#3802=CARTESIAN_POINT('',(38.25,-60.,0.));
#3803=CARTESIAN_POINT('Origin',(40.,-60.,0.));
#3804=CARTESIAN_POINT('',(18.25,-60.,0.));
#3805=CARTESIAN_POINT('Origin',(20.,-60.,0.));
#3806=CARTESIAN_POINT('',(-1.74999999999999,-60.,0.));
#3807=CARTESIAN_POINT('Origin',(8.88178419700125E-15,-60.,0.));
#3808=CARTESIAN_POINT('',(-21.75,-60.,0.));
#3809=CARTESIAN_POINT('Origin',(-20.,-60.,0.));
#3810=CARTESIAN_POINT('',(-41.75,-60.,0.));
#3811=CARTESIAN_POINT('Origin',(-40.,-60.,0.));
#3812=CARTESIAN_POINT('',(-61.75,-60.,0.));
#3813=CARTESIAN_POINT('Origin',(-60.,-60.,0.));
#3814=CARTESIAN_POINT('',(-81.75,-60.,0.));
#3815=CARTESIAN_POINT('Origin',(-80.,-60.,0.));
#3816=CARTESIAN_POINT('',(78.25,-80.,0.));
#3817=CARTESIAN_POINT('Origin',(80.,-80.,0.));
#3818=CARTESIAN_POINT('',(58.25,-80.,0.));
#3819=CARTESIAN_POINT('Origin',(60.,-80.,0.));
#3820=CARTESIAN_POINT('',(38.25,-80.,0.));
#3821=CARTESIAN_POINT('Origin',(40.,-80.,0.));
#3822=CARTESIAN_POINT('',(18.25,-80.,0.));
#3823=CARTESIAN_POINT('Origin',(20.,-80.,0.));
#3824=CARTESIAN_POINT('',(-1.74999999999999,-80.,0.));
#3825=CARTESIAN_POINT('Origin',(8.88178419700125E-15,-80.,0.));
#3826=CARTESIAN_POINT('',(-21.75,-80.,0.));
#3827=CARTESIAN_POINT('Origin',(-20.,-80.,0.));
#3828=CARTESIAN_POINT('',(-41.75,-80.,0.));
#3829=CARTESIAN_POINT('Origin',(-40.,-80.,0.));
#3830=CARTESIAN_POINT('',(-61.75,-80.,0.));
#3831=CARTESIAN_POINT('Origin',(-60.,-80.,0.));
#3832=CARTESIAN_POINT('',(-81.75,-80.,0.));
#3833=CARTESIAN_POINT('Origin',(-80.,-80.,0.));
#3834=CARTESIAN_POINT('',(38.25,-100.,0.));
#3835=CARTESIAN_POINT('Origin',(40.,-100.,0.));
#3836=CARTESIAN_POINT('',(18.25,-100.,0.));
#3837=CARTESIAN_POINT('Origin',(20.,-100.,0.));
#3838=CARTESIAN_POINT('',(-1.74999999999999,-100.,0.));
#3839=CARTESIAN_POINT('Origin',(8.88178419700125E-15,-100.,0.));
#3840=CARTESIAN_POINT('',(-21.75,-100.,0.));
#3841=CARTESIAN_POINT('Origin',(-20.,-100.,0.));
#3842=CARTESIAN_POINT('',(-41.75,-100.,0.));
#3843=CARTESIAN_POINT('Origin',(-40.,-100.,0.));
#3844=CARTESIAN_POINT('',(-1.75,2.14313189850787E-16,0.));
#3845=CARTESIAN_POINT('Origin',(4.58035190321027E-15,0.,0.));
#3846=CARTESIAN_POINT('Origin',(0.,0.,6.));
#3847=CARTESIAN_POINT('Origin',(0.,0.,6.));
#3848=CARTESIAN_POINT('Origin',(0.,0.,6.));
#3849=CARTESIAN_POINT('',(38.25,100.,6.));
#3850=CARTESIAN_POINT('Origin',(40.,100.,6.));
#3851=CARTESIAN_POINT('',(18.25,100.,6.));
#3852=CARTESIAN_POINT('Origin',(20.,100.,6.));
#3853=CARTESIAN_POINT('',(-1.74999999999999,100.,6.));
#3854=CARTESIAN_POINT('Origin',(8.88178419700125E-15,100.,6.));
#3855=CARTESIAN_POINT('',(-21.75,100.,6.));
#3856=CARTESIAN_POINT('Origin',(-20.,100.,6.));
#3857=CARTESIAN_POINT('',(-41.75,100.,6.));
#3858=CARTESIAN_POINT('Origin',(-40.,100.,6.));
#3859=CARTESIAN_POINT('',(78.25,80.,6.));
#3860=CARTESIAN_POINT('Origin',(80.,80.,6.));
#3861=CARTESIAN_POINT('',(58.25,80.,6.));
#3862=CARTESIAN_POINT('Origin',(60.,80.,6.));
#3863=CARTESIAN_POINT('',(38.25,80.,6.));
#3864=CARTESIAN_POINT('Origin',(40.,80.,6.));
#3865=CARTESIAN_POINT('',(18.25,80.,6.));
#3866=CARTESIAN_POINT('Origin',(20.,80.,6.));
#3867=CARTESIAN_POINT('',(-1.74999999999999,80.,6.));
#3868=CARTESIAN_POINT('Origin',(8.88178419700125E-15,80.,6.));
#3869=CARTESIAN_POINT('',(-21.75,80.,6.));
#3870=CARTESIAN_POINT('Origin',(-20.,80.,6.));
#3871=CARTESIAN_POINT('',(-41.75,80.,6.));
#3872=CARTESIAN_POINT('Origin',(-40.,80.,6.));
#3873=CARTESIAN_POINT('',(-61.75,80.,6.));
#3874=CARTESIAN_POINT('Origin',(-60.,80.,6.));
#3875=CARTESIAN_POINT('',(-81.75,80.,6.));
#3876=CARTESIAN_POINT('Origin',(-80.,80.,6.));
#3877=CARTESIAN_POINT('',(78.25,60.,6.));
#3878=CARTESIAN_POINT('Origin',(80.,60.,6.));
#3879=CARTESIAN_POINT('',(58.25,60.,6.));
#3880=CARTESIAN_POINT('Origin',(60.,60.,6.));
#3881=CARTESIAN_POINT('',(38.25,60.,6.));
#3882=CARTESIAN_POINT('Origin',(40.,60.,6.));
#3883=CARTESIAN_POINT('',(18.25,60.,6.));
#3884=CARTESIAN_POINT('Origin',(20.,60.,6.));
#3885=CARTESIAN_POINT('',(-1.74999999999999,60.,6.));
#3886=CARTESIAN_POINT('Origin',(8.88178419700125E-15,60.,6.));
#3887=CARTESIAN_POINT('',(-21.75,60.,6.));
#3888=CARTESIAN_POINT('Origin',(-20.,60.,6.));
#3889=CARTESIAN_POINT('',(-41.75,60.,6.));
#3890=CARTESIAN_POINT('Origin',(-40.,60.,6.));
#3891=CARTESIAN_POINT('',(-61.75,60.,6.));
#3892=CARTESIAN_POINT('Origin',(-60.,60.,6.));
#3893=CARTESIAN_POINT('',(-81.75,60.,6.));
#3894=CARTESIAN_POINT('Origin',(-80.,60.,6.));
#3895=CARTESIAN_POINT('',(98.25,40.,6.));
#3896=CARTESIAN_POINT('Origin',(100.,40.,6.));
#3897=CARTESIAN_POINT('',(78.25,40.,6.));
#3898=CARTESIAN_POINT('Origin',(80.,40.,6.));
#3899=CARTESIAN_POINT('',(58.25,40.,6.));
#3900=CARTESIAN_POINT('Origin',(60.,40.,6.));
#3901=CARTESIAN_POINT('',(38.25,40.,6.));
#3902=CARTESIAN_POINT('Origin',(40.,40.,6.));
#3903=CARTESIAN_POINT('',(18.25,40.,6.));
#3904=CARTESIAN_POINT('Origin',(20.,40.,6.));
#3905=CARTESIAN_POINT('',(-1.74999999999999,40.,6.));
#3906=CARTESIAN_POINT('Origin',(8.88178419700125E-15,40.,6.));
#3907=CARTESIAN_POINT('',(-21.75,40.,6.));
#3908=CARTESIAN_POINT('Origin',(-20.,40.,6.));
#3909=CARTESIAN_POINT('',(-41.75,40.,6.));
#3910=CARTESIAN_POINT('Origin',(-40.,40.,6.));
#3911=CARTESIAN_POINT('',(-61.75,40.,6.));
#3912=CARTESIAN_POINT('Origin',(-60.,40.,6.));
#3913=CARTESIAN_POINT('',(-81.75,40.,6.));
#3914=CARTESIAN_POINT('Origin',(-80.,40.,6.));
#3915=CARTESIAN_POINT('',(-101.75,40.,6.));
#3916=CARTESIAN_POINT('Origin',(-100.,40.,6.));
#3917=CARTESIAN_POINT('',(98.25,20.,6.));
#3918=CARTESIAN_POINT('Origin',(100.,20.,6.));
#3919=CARTESIAN_POINT('',(78.25,20.,6.));
#3920=CARTESIAN_POINT('Origin',(80.,20.,6.));
#3921=CARTESIAN_POINT('',(58.25,20.,6.));
#3922=CARTESIAN_POINT('Origin',(60.,20.,6.));
#3923=CARTESIAN_POINT('',(38.25,20.,6.));
#3924=CARTESIAN_POINT('Origin',(40.,20.,6.));
#3925=CARTESIAN_POINT('',(18.25,20.,6.));
#3926=CARTESIAN_POINT('Origin',(20.,20.,6.));
#3927=CARTESIAN_POINT('',(-1.74999999999999,20.,6.));
#3928=CARTESIAN_POINT('Origin',(8.88178419700125E-15,20.,6.));
#3929=CARTESIAN_POINT('',(-21.75,20.,6.));
#3930=CARTESIAN_POINT('Origin',(-20.,20.,6.));
#3931=CARTESIAN_POINT('',(-41.75,20.,6.));
#3932=CARTESIAN_POINT('Origin',(-40.,20.,6.));
#3933=CARTESIAN_POINT('',(-61.75,20.,6.));
#3934=CARTESIAN_POINT('Origin',(-60.,20.,6.));
#3935=CARTESIAN_POINT('',(-81.75,20.,6.));
#3936=CARTESIAN_POINT('Origin',(-80.,20.,6.));
#3937=CARTESIAN_POINT('',(-101.75,20.,6.));
#3938=CARTESIAN_POINT('Origin',(-100.,20.,6.));
#3939=CARTESIAN_POINT('',(98.25,2.14313189850787E-16,6.));
#3940=CARTESIAN_POINT('Origin',(100.,0.,6.));
#3941=CARTESIAN_POINT('',(78.25,2.14313189850787E-16,6.));
#3942=CARTESIAN_POINT('Origin',(80.,0.,6.));
#3943=CARTESIAN_POINT('',(58.25,2.14313189850787E-16,6.));
#3944=CARTESIAN_POINT('Origin',(60.,0.,6.));
#3945=CARTESIAN_POINT('',(38.25,2.14313189850787E-16,6.));
#3946=CARTESIAN_POINT('Origin',(40.,0.,6.));
#3947=CARTESIAN_POINT('',(18.25,2.14313189850787E-16,6.));
#3948=CARTESIAN_POINT('Origin',(20.,0.,6.));
#3949=CARTESIAN_POINT('',(-21.75,2.14313189850787E-16,6.));
#3950=CARTESIAN_POINT('Origin',(-20.,0.,6.));
#3951=CARTESIAN_POINT('',(-41.75,2.14313189850787E-16,6.));
#3952=CARTESIAN_POINT('Origin',(-40.,0.,6.));
#3953=CARTESIAN_POINT('',(-61.75,2.14313189850787E-16,6.));
#3954=CARTESIAN_POINT('Origin',(-60.,0.,6.));
#3955=CARTESIAN_POINT('',(-81.75,2.14313189850787E-16,6.));
#3956=CARTESIAN_POINT('Origin',(-80.,0.,6.));
#3957=CARTESIAN_POINT('',(-101.75,2.14313189850787E-16,6.));
#3958=CARTESIAN_POINT('Origin',(-100.,0.,6.));
#3959=CARTESIAN_POINT('',(98.25,-20.,6.));
#3960=CARTESIAN_POINT('Origin',(100.,-20.,6.));
#3961=CARTESIAN_POINT('',(78.25,-20.,6.));
#3962=CARTESIAN_POINT('Origin',(80.,-20.,6.));
#3963=CARTESIAN_POINT('',(58.25,-20.,6.));
#3964=CARTESIAN_POINT('Origin',(60.,-20.,6.));
#3965=CARTESIAN_POINT('',(38.25,-20.,6.));
#3966=CARTESIAN_POINT('Origin',(40.,-20.,6.));
#3967=CARTESIAN_POINT('',(18.25,-20.,6.));
#3968=CARTESIAN_POINT('Origin',(20.,-20.,6.));
#3969=CARTESIAN_POINT('',(-1.74999999999999,-20.,6.));
#3970=CARTESIAN_POINT('Origin',(8.88178419700125E-15,-20.,6.));
#3971=CARTESIAN_POINT('',(-21.75,-20.,6.));
#3972=CARTESIAN_POINT('Origin',(-20.,-20.,6.));
#3973=CARTESIAN_POINT('',(-41.75,-20.,6.));
#3974=CARTESIAN_POINT('Origin',(-40.,-20.,6.));
#3975=CARTESIAN_POINT('',(-61.75,-20.,6.));
#3976=CARTESIAN_POINT('Origin',(-60.,-20.,6.));
#3977=CARTESIAN_POINT('',(-81.75,-20.,6.));
#3978=CARTESIAN_POINT('Origin',(-80.,-20.,6.));
#3979=CARTESIAN_POINT('',(-101.75,-20.,6.));
#3980=CARTESIAN_POINT('Origin',(-100.,-20.,6.));
#3981=CARTESIAN_POINT('',(98.25,-40.,6.));
#3982=CARTESIAN_POINT('Origin',(100.,-40.,6.));
#3983=CARTESIAN_POINT('',(78.25,-40.,6.));
#3984=CARTESIAN_POINT('Origin',(80.,-40.,6.));
#3985=CARTESIAN_POINT('',(58.25,-40.,6.));
#3986=CARTESIAN_POINT('Origin',(60.,-40.,6.));
#3987=CARTESIAN_POINT('',(38.25,-40.,6.));
#3988=CARTESIAN_POINT('Origin',(40.,-40.,6.));
#3989=CARTESIAN_POINT('',(18.25,-40.,6.));
#3990=CARTESIAN_POINT('Origin',(20.,-40.,6.));
#3991=CARTESIAN_POINT('',(-1.74999999999999,-40.,6.));
#3992=CARTESIAN_POINT('Origin',(8.88178419700125E-15,-40.,6.));
#3993=CARTESIAN_POINT('',(-21.75,-40.,6.));
#3994=CARTESIAN_POINT('Origin',(-20.,-40.,6.));
#3995=CARTESIAN_POINT('',(-41.75,-40.,6.));
#3996=CARTESIAN_POINT('Origin',(-40.,-40.,6.));
#3997=CARTESIAN_POINT('',(-61.75,-40.,6.));
#3998=CARTESIAN_POINT('Origin',(-60.,-40.,6.));
#3999=CARTESIAN_POINT('',(-81.75,-40.,6.));
#4000=CARTESIAN_POINT('Origin',(-80.,-40.,6.));
#4001=CARTESIAN_POINT('',(-101.75,-40.,6.));
#4002=CARTESIAN_POINT('Origin',(-100.,-40.,6.));
#4003=CARTESIAN_POINT('',(78.25,-60.,6.));
#4004=CARTESIAN_POINT('Origin',(80.,-60.,6.));
#4005=CARTESIAN_POINT('',(58.25,-60.,6.));
#4006=CARTESIAN_POINT('Origin',(60.,-60.,6.));
#4007=CARTESIAN_POINT('',(38.25,-60.,6.));
#4008=CARTESIAN_POINT('Origin',(40.,-60.,6.));
#4009=CARTESIAN_POINT('',(18.25,-60.,6.));
#4010=CARTESIAN_POINT('Origin',(20.,-60.,6.));
#4011=CARTESIAN_POINT('',(-1.74999999999999,-60.,6.));
#4012=CARTESIAN_POINT('Origin',(8.88178419700125E-15,-60.,6.));
#4013=CARTESIAN_POINT('',(-21.75,-60.,6.));
#4014=CARTESIAN_POINT('Origin',(-20.,-60.,6.));
#4015=CARTESIAN_POINT('',(-41.75,-60.,6.));
#4016=CARTESIAN_POINT('Origin',(-40.,-60.,6.));
#4017=CARTESIAN_POINT('',(-61.75,-60.,6.));
#4018=CARTESIAN_POINT('Origin',(-60.,-60.,6.));
#4019=CARTESIAN_POINT('',(-81.75,-60.,6.));
#4020=CARTESIAN_POINT('Origin',(-80.,-60.,6.));
#4021=CARTESIAN_POINT('',(78.25,-80.,6.));
#4022=CARTESIAN_POINT('Origin',(80.,-80.,6.));
#4023=CARTESIAN_POINT('',(58.25,-80.,6.));
#4024=CARTESIAN_POINT('Origin',(60.,-80.,6.));
#4025=CARTESIAN_POINT('',(38.25,-80.,6.));
#4026=CARTESIAN_POINT('Origin',(40.,-80.,6.));
#4027=CARTESIAN_POINT('',(18.25,-80.,6.));
#4028=CARTESIAN_POINT('Origin',(20.,-80.,6.));
#4029=CARTESIAN_POINT('',(-1.74999999999999,-80.,6.));
#4030=CARTESIAN_POINT('Origin',(8.88178419700125E-15,-80.,6.));
#4031=CARTESIAN_POINT('',(-21.75,-80.,6.));
#4032=CARTESIAN_POINT('Origin',(-20.,-80.,6.));
#4033=CARTESIAN_POINT('',(-41.75,-80.,6.));
#4034=CARTESIAN_POINT('Origin',(-40.,-80.,6.));
#4035=CARTESIAN_POINT('',(-61.75,-80.,6.));
#4036=CARTESIAN_POINT('Origin',(-60.,-80.,6.));
#4037=CARTESIAN_POINT('',(-81.75,-80.,6.));
#4038=CARTESIAN_POINT('Origin',(-80.,-80.,6.));
#4039=CARTESIAN_POINT('',(38.25,-100.,6.));
#4040=CARTESIAN_POINT('Origin',(40.,-100.,6.));
#4041=CARTESIAN_POINT('',(18.25,-100.,6.));
#4042=CARTESIAN_POINT('Origin',(20.,-100.,6.));
#4043=CARTESIAN_POINT('',(-1.74999999999999,-100.,6.));
#4044=CARTESIAN_POINT('Origin',(8.88178419700125E-15,-100.,6.));
#4045=CARTESIAN_POINT('',(-21.75,-100.,6.));
#4046=CARTESIAN_POINT('Origin',(-20.,-100.,6.));
#4047=CARTESIAN_POINT('',(-41.75,-100.,6.));
#4048=CARTESIAN_POINT('Origin',(-40.,-100.,6.));
#4049=CARTESIAN_POINT('',(-1.75,2.14313189850787E-16,6.));
#4050=CARTESIAN_POINT('Origin',(4.58035190321027E-15,0.,6.));
#4051=CARTESIAN_POINT('Origin',(0.,0.,0.));
#4052=CARTESIAN_POINT('Origin',(40.,100.,3.));
#4053=CARTESIAN_POINT('',(38.25,100.,3.));
#4054=CARTESIAN_POINT('Origin',(20.,100.,3.));
#4055=CARTESIAN_POINT('',(18.25,100.,3.));
#4056=CARTESIAN_POINT('Origin',(8.88178419700125E-15,100.,3.));
#4057=CARTESIAN_POINT('',(-1.74999999999999,100.,3.));
#4058=CARTESIAN_POINT('Origin',(-20.,100.,3.));
#4059=CARTESIAN_POINT('',(-21.75,100.,3.));
#4060=CARTESIAN_POINT('Origin',(-40.,100.,3.));
#4061=CARTESIAN_POINT('',(-41.75,100.,3.));
#4062=CARTESIAN_POINT('Origin',(80.,80.,3.));
#4063=CARTESIAN_POINT('',(78.25,80.,3.));
#4064=CARTESIAN_POINT('Origin',(60.,80.,3.));
#4065=CARTESIAN_POINT('',(58.25,80.,3.));
#4066=CARTESIAN_POINT('Origin',(40.,80.,3.));
#4067=CARTESIAN_POINT('',(38.25,80.,3.));
#4068=CARTESIAN_POINT('Origin',(20.,80.,3.));
#4069=CARTESIAN_POINT('',(18.25,80.,3.));
#4070=CARTESIAN_POINT('Origin',(8.88178419700125E-15,80.,3.));
#4071=CARTESIAN_POINT('',(-1.74999999999999,80.,3.));
#4072=CARTESIAN_POINT('Origin',(-20.,80.,3.));
#4073=CARTESIAN_POINT('',(-21.75,80.,3.));
#4074=CARTESIAN_POINT('Origin',(-40.,80.,3.));
#4075=CARTESIAN_POINT('',(-41.75,80.,3.));
#4076=CARTESIAN_POINT('Origin',(-60.,80.,3.));
#4077=CARTESIAN_POINT('',(-61.75,80.,3.));
#4078=CARTESIAN_POINT('Origin',(-80.,80.,3.));
#4079=CARTESIAN_POINT('',(-81.75,80.,3.));
#4080=CARTESIAN_POINT('Origin',(80.,60.,3.));
#4081=CARTESIAN_POINT('',(78.25,60.,3.));
#4082=CARTESIAN_POINT('Origin',(60.,60.,3.));
#4083=CARTESIAN_POINT('',(58.25,60.,3.));
#4084=CARTESIAN_POINT('Origin',(40.,60.,3.));
#4085=CARTESIAN_POINT('',(38.25,60.,3.));
#4086=CARTESIAN_POINT('Origin',(20.,60.,3.));
#4087=CARTESIAN_POINT('',(18.25,60.,3.));
#4088=CARTESIAN_POINT('Origin',(8.88178419700125E-15,60.,3.));
#4089=CARTESIAN_POINT('',(-1.74999999999999,60.,3.));
#4090=CARTESIAN_POINT('Origin',(-20.,60.,3.));
#4091=CARTESIAN_POINT('',(-21.75,60.,3.));
#4092=CARTESIAN_POINT('Origin',(-40.,60.,3.));
#4093=CARTESIAN_POINT('',(-41.75,60.,3.));
#4094=CARTESIAN_POINT('Origin',(-60.,60.,3.));
#4095=CARTESIAN_POINT('',(-61.75,60.,3.));
#4096=CARTESIAN_POINT('Origin',(-80.,60.,3.));
#4097=CARTESIAN_POINT('',(-81.75,60.,3.));
#4098=CARTESIAN_POINT('Origin',(100.,40.,3.));
#4099=CARTESIAN_POINT('',(98.25,40.,3.));
#4100=CARTESIAN_POINT('Origin',(80.,40.,3.));
#4101=CARTESIAN_POINT('',(78.25,40.,3.));
#4102=CARTESIAN_POINT('Origin',(60.,40.,3.));
#4103=CARTESIAN_POINT('',(58.25,40.,3.));
#4104=CARTESIAN_POINT('Origin',(40.,40.,3.));
#4105=CARTESIAN_POINT('',(38.25,40.,3.));
#4106=CARTESIAN_POINT('Origin',(20.,40.,3.));
#4107=CARTESIAN_POINT('',(18.25,40.,3.));
#4108=CARTESIAN_POINT('Origin',(8.88178419700125E-15,40.,3.));
#4109=CARTESIAN_POINT('',(-1.74999999999999,40.,3.));
#4110=CARTESIAN_POINT('Origin',(-20.,40.,3.));
#4111=CARTESIAN_POINT('',(-21.75,40.,3.));
#4112=CARTESIAN_POINT('Origin',(-40.,40.,3.));
#4113=CARTESIAN_POINT('',(-41.75,40.,3.));
#4114=CARTESIAN_POINT('Origin',(-60.,40.,3.));
#4115=CARTESIAN_POINT('',(-61.75,40.,3.));
#4116=CARTESIAN_POINT('Origin',(-80.,40.,3.));
#4117=CARTESIAN_POINT('',(-81.75,40.,3.));
#4118=CARTESIAN_POINT('Origin',(-100.,40.,3.));
#4119=CARTESIAN_POINT('',(-101.75,40.,3.));
#4120=CARTESIAN_POINT('Origin',(100.,20.,3.));
#4121=CARTESIAN_POINT('',(98.25,20.,3.));
#4122=CARTESIAN_POINT('Origin',(80.,20.,3.));
#4123=CARTESIAN_POINT('',(78.25,20.,3.));
#4124=CARTESIAN_POINT('Origin',(60.,20.,3.));
#4125=CARTESIAN_POINT('',(58.25,20.,3.));
#4126=CARTESIAN_POINT('Origin',(40.,20.,3.));
#4127=CARTESIAN_POINT('',(38.25,20.,3.));
#4128=CARTESIAN_POINT('Origin',(20.,20.,3.));
#4129=CARTESIAN_POINT('',(18.25,20.,3.));
#4130=CARTESIAN_POINT('Origin',(8.88178419700125E-15,20.,3.));
#4131=CARTESIAN_POINT('',(-1.74999999999999,20.,3.));
#4132=CARTESIAN_POINT('Origin',(-20.,20.,3.));
#4133=CARTESIAN_POINT('',(-21.75,20.,3.));
#4134=CARTESIAN_POINT('Origin',(-40.,20.,3.));
#4135=CARTESIAN_POINT('',(-41.75,20.,3.));
#4136=CARTESIAN_POINT('Origin',(-60.,20.,3.));
#4137=CARTESIAN_POINT('',(-61.75,20.,3.));
#4138=CARTESIAN_POINT('Origin',(-80.,20.,3.));
#4139=CARTESIAN_POINT('',(-81.75,20.,3.));
#4140=CARTESIAN_POINT('Origin',(-100.,20.,3.));
#4141=CARTESIAN_POINT('',(-101.75,20.,3.));
#4142=CARTESIAN_POINT('Origin',(100.,0.,3.));
#4143=CARTESIAN_POINT('',(98.25,2.14313189850787E-16,3.));
#4144=CARTESIAN_POINT('Origin',(80.,0.,3.));
#4145=CARTESIAN_POINT('',(78.25,2.14313189850787E-16,3.));
#4146=CARTESIAN_POINT('Origin',(60.,0.,3.));
#4147=CARTESIAN_POINT('',(58.25,2.14313189850787E-16,3.));
#4148=CARTESIAN_POINT('Origin',(40.,0.,3.));
#4149=CARTESIAN_POINT('',(38.25,2.14313189850787E-16,3.));
#4150=CARTESIAN_POINT('Origin',(20.,0.,3.));
#4151=CARTESIAN_POINT('',(18.25,2.14313189850787E-16,3.));
#4152=CARTESIAN_POINT('Origin',(-20.,0.,3.));
#4153=CARTESIAN_POINT('',(-21.75,2.14313189850787E-16,3.));
#4154=CARTESIAN_POINT('Origin',(-40.,0.,3.));
#4155=CARTESIAN_POINT('',(-41.75,2.14313189850787E-16,3.));
#4156=CARTESIAN_POINT('Origin',(-60.,0.,3.));
#4157=CARTESIAN_POINT('',(-61.75,2.14313189850787E-16,3.));
#4158=CARTESIAN_POINT('Origin',(-80.,0.,3.));
#4159=CARTESIAN_POINT('',(-81.75,2.14313189850787E-16,3.));
#4160=CARTESIAN_POINT('Origin',(-100.,0.,3.));
#4161=CARTESIAN_POINT('',(-101.75,2.14313189850787E-16,3.));
#4162=CARTESIAN_POINT('Origin',(100.,-20.,3.));
#4163=CARTESIAN_POINT('',(98.25,-20.,3.));
#4164=CARTESIAN_POINT('Origin',(80.,-20.,3.));
#4165=CARTESIAN_POINT('',(78.25,-20.,3.));
#4166=CARTESIAN_POINT('Origin',(60.,-20.,3.));
#4167=CARTESIAN_POINT('',(58.25,-20.,3.));
#4168=CARTESIAN_POINT('Origin',(40.,-20.,3.));
#4169=CARTESIAN_POINT('',(38.25,-20.,3.));
#4170=CARTESIAN_POINT('Origin',(20.,-20.,3.));
#4171=CARTESIAN_POINT('',(18.25,-20.,3.));
#4172=CARTESIAN_POINT('Origin',(8.88178419700125E-15,-20.,3.));
#4173=CARTESIAN_POINT('',(-1.74999999999999,-20.,3.));
#4174=CARTESIAN_POINT('Origin',(-20.,-20.,3.));
#4175=CARTESIAN_POINT('',(-21.75,-20.,3.));
#4176=CARTESIAN_POINT('Origin',(-40.,-20.,3.));
#4177=CARTESIAN_POINT('',(-41.75,-20.,3.));
#4178=CARTESIAN_POINT('Origin',(-60.,-20.,3.));
#4179=CARTESIAN_POINT('',(-61.75,-20.,3.));
#4180=CARTESIAN_POINT('Origin',(-80.,-20.,3.));
#4181=CARTESIAN_POINT('',(-81.75,-20.,3.));
#4182=CARTESIAN_POINT('Origin',(-100.,-20.,3.));
#4183=CARTESIAN_POINT('',(-101.75,-20.,3.));
#4184=CARTESIAN_POINT('Origin',(100.,-40.,3.));
#4185=CARTESIAN_POINT('',(98.25,-40.,3.));
#4186=CARTESIAN_POINT('Origin',(80.,-40.,3.));
#4187=CARTESIAN_POINT('',(78.25,-40.,3.));
#4188=CARTESIAN_POINT('Origin',(60.,-40.,3.));
#4189=CARTESIAN_POINT('',(58.25,-40.,3.));
#4190=CARTESIAN_POINT('Origin',(40.,-40.,3.));
#4191=CARTESIAN_POINT('',(38.25,-40.,3.));
#4192=CARTESIAN_POINT('Origin',(20.,-40.,3.));
#4193=CARTESIAN_POINT('',(18.25,-40.,3.));
#4194=CARTESIAN_POINT('Origin',(8.88178419700125E-15,-40.,3.));
#4195=CARTESIAN_POINT('',(-1.74999999999999,-40.,3.));
#4196=CARTESIAN_POINT('Origin',(-20.,-40.,3.));
#4197=CARTESIAN_POINT('',(-21.75,-40.,3.));
#4198=CARTESIAN_POINT('Origin',(-40.,-40.,3.));
#4199=CARTESIAN_POINT('',(-41.75,-40.,3.));
#4200=CARTESIAN_POINT('Origin',(-60.,-40.,3.));
#4201=CARTESIAN_POINT('',(-61.75,-40.,3.));
#4202=CARTESIAN_POINT('Origin',(-80.,-40.,3.));
#4203=CARTESIAN_POINT('',(-81.75,-40.,3.));
#4204=CARTESIAN_POINT('Origin',(-100.,-40.,3.));
#4205=CARTESIAN_POINT('',(-101.75,-40.,3.));
#4206=CARTESIAN_POINT('Origin',(80.,-60.,3.));
#4207=CARTESIAN_POINT('',(78.25,-60.,3.));
#4208=CARTESIAN_POINT('Origin',(60.,-60.,3.));
#4209=CARTESIAN_POINT('',(58.25,-60.,3.));
#4210=CARTESIAN_POINT('Origin',(40.,-60.,3.));
#4211=CARTESIAN_POINT('',(38.25,-60.,3.));
#4212=CARTESIAN_POINT('Origin',(20.,-60.,3.));
#4213=CARTESIAN_POINT('',(18.25,-60.,3.));
#4214=CARTESIAN_POINT('Origin',(8.88178419700125E-15,-60.,3.));
#4215=CARTESIAN_POINT('',(-1.74999999999999,-60.,3.));
#4216=CARTESIAN_POINT('Origin',(-20.,-60.,3.));
#4217=CARTESIAN_POINT('',(-21.75,-60.,3.));
#4218=CARTESIAN_POINT('Origin',(-40.,-60.,3.));
#4219=CARTESIAN_POINT('',(-41.75,-60.,3.));
#4220=CARTESIAN_POINT('Origin',(-60.,-60.,3.));
#4221=CARTESIAN_POINT('',(-61.75,-60.,3.));
#4222=CARTESIAN_POINT('Origin',(-80.,-60.,3.));
#4223=CARTESIAN_POINT('',(-81.75,-60.,3.));
#4224=CARTESIAN_POINT('Origin',(80.,-80.,3.));
#4225=CARTESIAN_POINT('',(78.25,-80.,3.));
#4226=CARTESIAN_POINT('Origin',(60.,-80.,3.));
#4227=CARTESIAN_POINT('',(58.25,-80.,3.));
#4228=CARTESIAN_POINT('Origin',(40.,-80.,3.));
#4229=CARTESIAN_POINT('',(38.25,-80.,3.));
#4230=CARTESIAN_POINT('Origin',(20.,-80.,3.));
#4231=CARTESIAN_POINT('',(18.25,-80.,3.));
#4232=CARTESIAN_POINT('Origin',(8.88178419700125E-15,-80.,3.));
#4233=CARTESIAN_POINT('',(-1.74999999999999,-80.,3.));
#4234=CARTESIAN_POINT('Origin',(-20.,-80.,3.));
#4235=CARTESIAN_POINT('',(-21.75,-80.,3.));
#4236=CARTESIAN_POINT('Origin',(-40.,-80.,3.));
#4237=CARTESIAN_POINT('',(-41.75,-80.,3.));
#4238=CARTESIAN_POINT('Origin',(-60.,-80.,3.));
#4239=CARTESIAN_POINT('',(-61.75,-80.,3.));
#4240=CARTESIAN_POINT('Origin',(-80.,-80.,3.));
#4241=CARTESIAN_POINT('',(-81.75,-80.,3.));
#4242=CARTESIAN_POINT('Origin',(40.,-100.,3.));
#4243=CARTESIAN_POINT('',(38.25,-100.,3.));
#4244=CARTESIAN_POINT('Origin',(20.,-100.,3.));
#4245=CARTESIAN_POINT('',(18.25,-100.,3.));
#4246=CARTESIAN_POINT('Origin',(8.88178419700125E-15,-100.,3.));
#4247=CARTESIAN_POINT('',(-1.74999999999999,-100.,3.));
#4248=CARTESIAN_POINT('Origin',(-20.,-100.,3.));
#4249=CARTESIAN_POINT('',(-21.75,-100.,3.));
#4250=CARTESIAN_POINT('Origin',(-40.,-100.,3.));
#4251=CARTESIAN_POINT('',(-41.75,-100.,3.));
#4252=CARTESIAN_POINT('Origin',(4.58035190321027E-15,0.,3.));
#4253=CARTESIAN_POINT('',(-1.75,2.14313189850787E-16,3.));
#4254=CARTESIAN_POINT('Origin',(0.,0.,0.));
#4255=UNCERTAINTY_MEASURE_WITH_UNIT(LENGTH_MEASURE(0.01),#4259,
'DISTANCE_ACCURACY_VALUE',
'Maximum model space distance between geometric entities at asserted c
onnectivities');
#4256=UNCERTAINTY_MEASURE_WITH_UNIT(LENGTH_MEASURE(0.01),#4259,
'DISTANCE_ACCURACY_VALUE',
'Maximum model space distance between geometric entities at asserted c
onnectivities');
#4257=(
GEOMETRIC_REPRESENTATION_CONTEXT(3)
GLOBAL_UNCERTAINTY_ASSIGNED_CONTEXT((#4255))
GLOBAL_UNIT_ASSIGNED_CONTEXT((#4259,#4261,#4262))
REPRESENTATION_CONTEXT('','3D')
);
#4258=(
GEOMETRIC_REPRESENTATION_CONTEXT(3)
GLOBAL_UNCERTAINTY_ASSIGNED_CONTEXT((#4256))
GLOBAL_UNIT_ASSIGNED_CONTEXT((#4259,#4261,#4262))
REPRESENTATION_CONTEXT('','3D')
);
#4259=(
LENGTH_UNIT()
NAMED_UNIT(*)
SI_UNIT(.MILLI.,.METRE.)
);
#4260=(
LENGTH_UNIT()
NAMED_UNIT(*)
SI_UNIT($,.METRE.)
);
#4261=(
NAMED_UNIT(*)
PLANE_ANGLE_UNIT()
SI_UNIT($,.RADIAN.)
);
#4262=(
NAMED_UNIT(*)
SI_UNIT($,.STERADIAN.)
SOLID_ANGLE_UNIT()
);
#4263=SHAPE_DEFINITION_REPRESENTATION(#4264,#4265);
#4264=PRODUCT_DEFINITION_SHAPE('',$,#4267);
#4265=SHAPE_REPRESENTATION('',(#2523),#4257);
#4266=PRODUCT_DEFINITION_CONTEXT('part definition',#4271,'design');
#4267=PRODUCT_DEFINITION('2026-04-19-12-26-52-095',
'AuldBot Chassis Bare',#4268,#4266);
#4268=PRODUCT_DEFINITION_FORMATION('',$,#4273);
#4269=PRODUCT_RELATED_PRODUCT_CATEGORY('AuldBot Chassis Bare',
'AuldBot Chassis Bare',(#4273));
#4270=APPLICATION_PROTOCOL_DEFINITION('international standard',
'automotive_design',2009,#4271);
#4271=APPLICATION_CONTEXT(
'Core Data for Automotive Mechanical Design Process');
#4272=PRODUCT_CONTEXT('part definition',#4271,'mechanical');
#4273=PRODUCT('2026-04-19-12-26-52-095','AuldBot Chassis Bare',$,(#4272));
#4274=PRESENTATION_STYLE_ASSIGNMENT((#4276));
#4275=PRESENTATION_STYLE_ASSIGNMENT((#4277));
#4276=SURFACE_STYLE_USAGE(.BOTH.,#4278);
#4277=SURFACE_STYLE_USAGE(.BOTH.,#4279);
#4278=SURFACE_SIDE_STYLE('',(#4280));
#4279=SURFACE_SIDE_STYLE('',(#4281));
#4280=SURFACE_STYLE_FILL_AREA(#4282);
#4281=SURFACE_STYLE_FILL_AREA(#4283);
#4282=FILL_AREA_STYLE('Steel - Satin',(#4284));
#4283=FILL_AREA_STYLE('Plastic - Matte (Black)',(#4285));
#4284=FILL_AREA_STYLE_COLOUR('Steel - Satin',#4286);
#4285=FILL_AREA_STYLE_COLOUR('Plastic - Matte (Black)',#4287);
#4286=COLOUR_RGB('Steel - Satin',0.627450980392157,0.627450980392157,0.627450980392157);
#4287=COLOUR_RGB('Plastic - Matte (Black)',0.0980392156862745,0.0980392156862745,
0.0980392156862745);
ENDSEC;
END-ISO-10303-21;
