ISO-10303-21;
HEADER;
/* Generated by software containing ST-Developer
 * from STEP Tools, Inc. (www.steptools.com) 
 */

FILE_DESCRIPTION(
/* description */ (''),
/* implementation_level */ '2;1');

FILE_NAME(
/* name */ 'Chassis Top.step',
/* time_stamp */ '2026-05-29T14:03:29+01:00',
/* author */ (''),
/* organization */ (''),
/* preprocessor_version */ 'ST-DEVELOPER v20.1',
/* originating_system */ 'Autodesk Translation Framework v15.8.0.0',
/* authorisation */ '');

FILE_SCHEMA (('AUTOMOTIVE_DESIGN { 1 0 10303 214 3 1 1 }'));
ENDSEC;

DATA;
#10=MECHANICAL_DESIGN_GEOMETRIC_PRESENTATION_REPRESENTATION('',(#13),#4149);
#11=SHAPE_REPRESENTATION_RELATIONSHIP('SRR','None',#4156,#12);
#12=ADVANCED_BREP_SHAPE_REPRESENTATION('',(#14),#4148);
#13=STYLED_ITEM('',(#4166),#14);
#14=MANIFOLD_SOLID_BREP('Body1',#2441);
#15=FACE_BOUND('',#734,.T.);
#16=FACE_BOUND('',#735,.T.);
#17=FACE_BOUND('',#736,.T.);
#18=FACE_BOUND('',#737,.T.);
#19=FACE_BOUND('',#738,.T.);
#20=FACE_BOUND('',#739,.T.);
#21=FACE_BOUND('',#740,.T.);
#22=FACE_BOUND('',#741,.T.);
#23=FACE_BOUND('',#742,.T.);
#24=FACE_BOUND('',#743,.T.);
#25=FACE_BOUND('',#744,.T.);
#26=FACE_BOUND('',#745,.T.);
#27=FACE_BOUND('',#746,.T.);
#28=FACE_BOUND('',#747,.T.);
#29=FACE_BOUND('',#748,.T.);
#30=FACE_BOUND('',#749,.T.);
#31=FACE_BOUND('',#750,.T.);
#32=FACE_BOUND('',#751,.T.);
#33=FACE_BOUND('',#752,.T.);
#34=FACE_BOUND('',#753,.T.);
#35=FACE_BOUND('',#754,.T.);
#36=FACE_BOUND('',#755,.T.);
#37=FACE_BOUND('',#756,.T.);
#38=FACE_BOUND('',#757,.T.);
#39=FACE_BOUND('',#758,.T.);
#40=FACE_BOUND('',#759,.T.);
#41=FACE_BOUND('',#760,.T.);
#42=FACE_BOUND('',#761,.T.);
#43=FACE_BOUND('',#762,.T.);
#44=FACE_BOUND('',#763,.T.);
#45=FACE_BOUND('',#764,.T.);
#46=FACE_BOUND('',#765,.T.);
#47=FACE_BOUND('',#766,.T.);
#48=FACE_BOUND('',#767,.T.);
#49=FACE_BOUND('',#768,.T.);
#50=FACE_BOUND('',#769,.T.);
#51=FACE_BOUND('',#770,.T.);
#52=FACE_BOUND('',#771,.T.);
#53=FACE_BOUND('',#772,.T.);
#54=FACE_BOUND('',#773,.T.);
#55=FACE_BOUND('',#774,.T.);
#56=FACE_BOUND('',#775,.T.);
#57=FACE_BOUND('',#776,.T.);
#58=FACE_BOUND('',#777,.T.);
#59=FACE_BOUND('',#778,.T.);
#60=FACE_BOUND('',#779,.T.);
#61=FACE_BOUND('',#780,.T.);
#62=FACE_BOUND('',#781,.T.);
#63=FACE_BOUND('',#782,.T.);
#64=FACE_BOUND('',#783,.T.);
#65=FACE_BOUND('',#784,.T.);
#66=FACE_BOUND('',#785,.T.);
#67=FACE_BOUND('',#786,.T.);
#68=FACE_BOUND('',#787,.T.);
#69=FACE_BOUND('',#788,.T.);
#70=FACE_BOUND('',#789,.T.);
#71=FACE_BOUND('',#790,.T.);
#72=FACE_BOUND('',#791,.T.);
#73=FACE_BOUND('',#792,.T.);
#74=FACE_BOUND('',#793,.T.);
#75=FACE_BOUND('',#794,.T.);
#76=FACE_BOUND('',#795,.T.);
#77=FACE_BOUND('',#796,.T.);
#78=FACE_BOUND('',#797,.T.);
#79=FACE_BOUND('',#798,.T.);
#80=FACE_BOUND('',#799,.T.);
#81=FACE_BOUND('',#800,.T.);
#82=FACE_BOUND('',#801,.T.);
#83=FACE_BOUND('',#802,.T.);
#84=FACE_BOUND('',#803,.T.);
#85=FACE_BOUND('',#804,.T.);
#86=FACE_BOUND('',#805,.T.);
#87=FACE_BOUND('',#806,.T.);
#88=FACE_BOUND('',#807,.T.);
#89=FACE_BOUND('',#808,.T.);
#90=FACE_BOUND('',#809,.T.);
#91=FACE_BOUND('',#810,.T.);
#92=FACE_BOUND('',#811,.T.);
#93=FACE_BOUND('',#812,.T.);
#94=FACE_BOUND('',#813,.T.);
#95=FACE_BOUND('',#814,.T.);
#96=FACE_BOUND('',#815,.T.);
#97=FACE_BOUND('',#816,.T.);
#98=FACE_BOUND('',#817,.T.);
#99=FACE_BOUND('',#818,.T.);
#100=FACE_BOUND('',#819,.T.);
#101=FACE_BOUND('',#820,.T.);
#102=FACE_BOUND('',#821,.T.);
#103=FACE_BOUND('',#822,.T.);
#104=FACE_BOUND('',#823,.T.);
#105=FACE_BOUND('',#824,.T.);
#106=FACE_BOUND('',#825,.T.);
#107=FACE_BOUND('',#826,.T.);
#108=FACE_BOUND('',#827,.T.);
#109=FACE_BOUND('',#828,.T.);
#110=FACE_BOUND('',#829,.T.);
#111=FACE_BOUND('',#830,.T.);
#112=FACE_BOUND('',#831,.T.);
#113=FACE_BOUND('',#832,.T.);
#114=FACE_BOUND('',#834,.T.);
#115=FACE_BOUND('',#835,.T.);
#116=FACE_BOUND('',#836,.T.);
#117=FACE_BOUND('',#837,.T.);
#118=FACE_BOUND('',#838,.T.);
#119=FACE_BOUND('',#839,.T.);
#120=FACE_BOUND('',#840,.T.);
#121=FACE_BOUND('',#841,.T.);
#122=FACE_BOUND('',#842,.T.);
#123=FACE_BOUND('',#843,.T.);
#124=FACE_BOUND('',#844,.T.);
#125=FACE_BOUND('',#845,.T.);
#126=FACE_BOUND('',#846,.T.);
#127=FACE_BOUND('',#847,.T.);
#128=FACE_BOUND('',#848,.T.);
#129=FACE_BOUND('',#849,.T.);
#130=FACE_BOUND('',#850,.T.);
#131=FACE_BOUND('',#851,.T.);
#132=FACE_BOUND('',#852,.T.);
#133=FACE_BOUND('',#853,.T.);
#134=FACE_BOUND('',#854,.T.);
#135=FACE_BOUND('',#855,.T.);
#136=FACE_BOUND('',#856,.T.);
#137=FACE_BOUND('',#857,.T.);
#138=FACE_BOUND('',#858,.T.);
#139=FACE_BOUND('',#859,.T.);
#140=FACE_BOUND('',#860,.T.);
#141=FACE_BOUND('',#861,.T.);
#142=FACE_BOUND('',#862,.T.);
#143=FACE_BOUND('',#863,.T.);
#144=FACE_BOUND('',#864,.T.);
#145=FACE_BOUND('',#865,.T.);
#146=FACE_BOUND('',#866,.T.);
#147=FACE_BOUND('',#867,.T.);
#148=FACE_BOUND('',#868,.T.);
#149=FACE_BOUND('',#869,.T.);
#150=FACE_BOUND('',#870,.T.);
#151=FACE_BOUND('',#871,.T.);
#152=FACE_BOUND('',#872,.T.);
#153=FACE_BOUND('',#873,.T.);
#154=FACE_BOUND('',#874,.T.);
#155=FACE_BOUND('',#875,.T.);
#156=FACE_BOUND('',#876,.T.);
#157=FACE_BOUND('',#877,.T.);
#158=FACE_BOUND('',#878,.T.);
#159=FACE_BOUND('',#879,.T.);
#160=FACE_BOUND('',#880,.T.);
#161=FACE_BOUND('',#881,.T.);
#162=FACE_BOUND('',#882,.T.);
#163=FACE_BOUND('',#883,.T.);
#164=FACE_BOUND('',#884,.T.);
#165=FACE_BOUND('',#885,.T.);
#166=FACE_BOUND('',#886,.T.);
#167=FACE_BOUND('',#887,.T.);
#168=FACE_BOUND('',#888,.T.);
#169=FACE_BOUND('',#889,.T.);
#170=FACE_BOUND('',#890,.T.);
#171=FACE_BOUND('',#891,.T.);
#172=FACE_BOUND('',#892,.T.);
#173=FACE_BOUND('',#893,.T.);
#174=FACE_BOUND('',#894,.T.);
#175=FACE_BOUND('',#895,.T.);
#176=FACE_BOUND('',#896,.T.);
#177=FACE_BOUND('',#897,.T.);
#178=FACE_BOUND('',#898,.T.);
#179=FACE_BOUND('',#899,.T.);
#180=FACE_BOUND('',#900,.T.);
#181=FACE_BOUND('',#901,.T.);
#182=FACE_BOUND('',#902,.T.);
#183=FACE_BOUND('',#903,.T.);
#184=FACE_BOUND('',#904,.T.);
#185=FACE_BOUND('',#905,.T.);
#186=FACE_BOUND('',#906,.T.);
#187=FACE_BOUND('',#907,.T.);
#188=FACE_BOUND('',#908,.T.);
#189=FACE_BOUND('',#909,.T.);
#190=FACE_BOUND('',#910,.T.);
#191=FACE_BOUND('',#911,.T.);
#192=FACE_BOUND('',#912,.T.);
#193=FACE_BOUND('',#913,.T.);
#194=FACE_BOUND('',#914,.T.);
#195=FACE_BOUND('',#915,.T.);
#196=FACE_BOUND('',#916,.T.);
#197=FACE_BOUND('',#917,.T.);
#198=FACE_BOUND('',#918,.T.);
#199=FACE_BOUND('',#919,.T.);
#200=FACE_BOUND('',#920,.T.);
#201=FACE_BOUND('',#921,.T.);
#202=FACE_BOUND('',#922,.T.);
#203=FACE_BOUND('',#923,.T.);
#204=FACE_BOUND('',#924,.T.);
#205=FACE_BOUND('',#925,.T.);
#206=FACE_BOUND('',#926,.T.);
#207=FACE_BOUND('',#927,.T.);
#208=FACE_BOUND('',#928,.T.);
#209=FACE_BOUND('',#929,.T.);
#210=FACE_BOUND('',#930,.T.);
#211=FACE_BOUND('',#931,.T.);
#212=FACE_BOUND('',#932,.T.);
#213=CIRCLE('',#2457,10.);
#214=CIRCLE('',#2458,10.);
#215=CIRCLE('',#2461,12.5);
#216=CIRCLE('',#2462,12.5);
#217=CIRCLE('',#2465,10.);
#218=CIRCLE('',#2466,10.);
#219=CIRCLE('',#2469,12.5);
#220=CIRCLE('',#2470,12.5);
#221=CIRCLE('',#2472,1.75);
#222=CIRCLE('',#2473,1.75);
#223=CIRCLE('',#2475,1.75);
#224=CIRCLE('',#2476,1.75);
#225=CIRCLE('',#2478,1.75);
#226=CIRCLE('',#2479,1.75);
#227=CIRCLE('',#2481,1.75);
#228=CIRCLE('',#2482,1.75);
#229=CIRCLE('',#2484,1.75);
#230=CIRCLE('',#2485,1.75);
#231=CIRCLE('',#2487,1.75);
#232=CIRCLE('',#2488,1.75);
#233=CIRCLE('',#2490,1.75);
#234=CIRCLE('',#2491,1.75);
#235=CIRCLE('',#2493,1.75);
#236=CIRCLE('',#2494,1.75);
#237=CIRCLE('',#2496,1.75);
#238=CIRCLE('',#2497,1.75);
#239=CIRCLE('',#2499,1.75);
#240=CIRCLE('',#2500,1.75);
#241=CIRCLE('',#2502,1.75);
#242=CIRCLE('',#2503,1.75);
#243=CIRCLE('',#2505,1.75);
#244=CIRCLE('',#2506,1.75);
#245=CIRCLE('',#2508,1.75);
#246=CIRCLE('',#2509,1.75);
#247=CIRCLE('',#2511,1.75);
#248=CIRCLE('',#2512,1.75);
#249=CIRCLE('',#2514,1.75);
#250=CIRCLE('',#2515,1.75);
#251=CIRCLE('',#2517,1.75);
#252=CIRCLE('',#2518,1.75);
#253=CIRCLE('',#2520,1.75);
#254=CIRCLE('',#2521,1.75);
#255=CIRCLE('',#2523,1.75);
#256=CIRCLE('',#2524,1.75);
#257=CIRCLE('',#2526,1.75);
#258=CIRCLE('',#2527,1.75);
#259=CIRCLE('',#2529,1.75);
#260=CIRCLE('',#2530,1.75);
#261=CIRCLE('',#2532,1.75);
#262=CIRCLE('',#2533,1.75);
#263=CIRCLE('',#2535,1.75);
#264=CIRCLE('',#2536,1.75);
#265=CIRCLE('',#2538,1.75);
#266=CIRCLE('',#2539,1.75);
#267=CIRCLE('',#2541,1.75);
#268=CIRCLE('',#2542,1.75);
#269=CIRCLE('',#2544,1.75);
#270=CIRCLE('',#2545,1.75);
#271=CIRCLE('',#2547,1.75);
#272=CIRCLE('',#2548,1.75);
#273=CIRCLE('',#2550,1.75);
#274=CIRCLE('',#2551,1.75);
#275=CIRCLE('',#2553,1.75);
#276=CIRCLE('',#2554,1.75);
#277=CIRCLE('',#2556,1.75);
#278=CIRCLE('',#2557,1.75);
#279=CIRCLE('',#2559,1.75);
#280=CIRCLE('',#2560,1.75);
#281=CIRCLE('',#2562,1.75);
#282=CIRCLE('',#2563,1.75);
#283=CIRCLE('',#2565,1.75);
#284=CIRCLE('',#2566,1.75);
#285=CIRCLE('',#2568,1.75);
#286=CIRCLE('',#2569,1.75);
#287=CIRCLE('',#2571,1.75);
#288=CIRCLE('',#2572,1.75);
#289=CIRCLE('',#2574,1.75);
#290=CIRCLE('',#2575,1.75);
#291=CIRCLE('',#2577,1.75);
#292=CIRCLE('',#2578,1.75);
#293=CIRCLE('',#2580,1.75);
#294=CIRCLE('',#2581,1.75);
#295=CIRCLE('',#2583,1.75);
#296=CIRCLE('',#2584,1.75);
#297=CIRCLE('',#2586,1.75);
#298=CIRCLE('',#2587,1.75);
#299=CIRCLE('',#2589,1.75);
#300=CIRCLE('',#2590,1.75);
#301=CIRCLE('',#2592,1.75);
#302=CIRCLE('',#2593,1.75);
#303=CIRCLE('',#2595,1.75);
#304=CIRCLE('',#2596,1.75);
#305=CIRCLE('',#2598,1.75);
#306=CIRCLE('',#2599,1.75);
#307=CIRCLE('',#2601,1.75);
#308=CIRCLE('',#2602,1.75);
#309=CIRCLE('',#2604,1.75);
#310=CIRCLE('',#2605,1.75);
#311=CIRCLE('',#2607,1.75);
#312=CIRCLE('',#2608,1.75);
#313=CIRCLE('',#2610,1.75);
#314=CIRCLE('',#2611,1.75);
#315=CIRCLE('',#2613,1.75);
#316=CIRCLE('',#2614,1.75);
#317=CIRCLE('',#2616,1.75);
#318=CIRCLE('',#2617,1.75);
#319=CIRCLE('',#2619,1.75);
#320=CIRCLE('',#2620,1.75);
#321=CIRCLE('',#2622,1.75);
#322=CIRCLE('',#2623,1.75);
#323=CIRCLE('',#2625,1.75);
#324=CIRCLE('',#2626,1.75);
#325=CIRCLE('',#2628,1.75);
#326=CIRCLE('',#2629,1.75);
#327=CIRCLE('',#2631,1.75);
#328=CIRCLE('',#2632,1.75);
#329=CIRCLE('',#2634,1.75);
#330=CIRCLE('',#2635,1.75);
#331=CIRCLE('',#2637,1.75);
#332=CIRCLE('',#2638,1.75);
#333=CIRCLE('',#2640,1.75);
#334=CIRCLE('',#2641,1.75);
#335=CIRCLE('',#2643,1.75);
#336=CIRCLE('',#2644,1.75);
#337=CIRCLE('',#2646,1.75);
#338=CIRCLE('',#2647,1.75);
#339=CIRCLE('',#2649,1.75);
#340=CIRCLE('',#2650,1.75);
#341=CIRCLE('',#2652,1.75);
#342=CIRCLE('',#2653,1.75);
#343=CIRCLE('',#2655,1.75);
#344=CIRCLE('',#2656,1.75);
#345=CIRCLE('',#2658,1.75);
#346=CIRCLE('',#2659,1.75);
#347=CIRCLE('',#2661,1.75);
#348=CIRCLE('',#2662,1.75);
#349=CIRCLE('',#2664,1.75);
#350=CIRCLE('',#2665,1.75);
#351=CIRCLE('',#2667,1.75);
#352=CIRCLE('',#2668,1.75);
#353=CIRCLE('',#2670,1.75);
#354=CIRCLE('',#2671,1.75);
#355=CIRCLE('',#2673,1.75);
#356=CIRCLE('',#2674,1.75);
#357=CIRCLE('',#2676,1.75);
#358=CIRCLE('',#2677,1.75);
#359=CIRCLE('',#2679,1.75);
#360=CIRCLE('',#2680,1.75);
#361=CIRCLE('',#2682,1.75);
#362=CIRCLE('',#2683,1.75);
#363=CIRCLE('',#2685,1.75);
#364=CIRCLE('',#2686,1.75);
#365=CIRCLE('',#2688,1.75);
#366=CIRCLE('',#2689,1.75);
#367=CIRCLE('',#2691,1.75);
#368=CIRCLE('',#2692,1.75);
#369=CIRCLE('',#2694,1.75);
#370=CIRCLE('',#2695,1.75);
#371=CIRCLE('',#2697,1.75);
#372=CIRCLE('',#2698,1.75);
#373=CIRCLE('',#2700,1.75);
#374=CIRCLE('',#2701,1.75);
#375=CIRCLE('',#2703,1.75);
#376=CIRCLE('',#2704,1.75);
#377=CIRCLE('',#2706,1.75);
#378=CIRCLE('',#2707,1.75);
#379=CIRCLE('',#2709,1.75);
#380=CIRCLE('',#2710,1.75);
#381=CIRCLE('',#2712,1.75);
#382=CIRCLE('',#2713,1.75);
#383=CIRCLE('',#2715,1.75);
#384=CIRCLE('',#2716,1.75);
#385=CIRCLE('',#2718,1.75);
#386=CIRCLE('',#2719,1.75);
#387=CIRCLE('',#2721,1.75);
#388=CIRCLE('',#2722,1.75);
#389=CIRCLE('',#2724,1.75);
#390=CIRCLE('',#2725,1.75);
#391=CIRCLE('',#2727,1.75);
#392=CIRCLE('',#2728,1.75);
#393=CIRCLE('',#2730,1.75);
#394=CIRCLE('',#2731,1.75);
#395=CIRCLE('',#2733,1.75);
#396=CIRCLE('',#2734,1.75);
#397=CIRCLE('',#2736,1.75);
#398=CIRCLE('',#2737,1.75);
#399=CIRCLE('',#2739,1.75);
#400=CIRCLE('',#2740,1.75);
#401=CIRCLE('',#2742,1.75);
#402=CIRCLE('',#2743,1.75);
#403=CIRCLE('',#2745,1.75);
#404=CIRCLE('',#2746,1.75);
#405=CIRCLE('',#2748,1.75);
#406=CIRCLE('',#2749,1.75);
#407=CIRCLE('',#2751,1.75);
#408=CIRCLE('',#2752,1.75);
#409=CIRCLE('',#2754,1.75);
#410=CIRCLE('',#2755,1.75);
#411=CIRCLE('',#2757,1.75);
#412=CIRCLE('',#2758,1.75);
#413=CIRCLE('',#2760,1.75);
#414=CIRCLE('',#2761,1.75);
#415=CIRCLE('',#2763,117.5);
#416=CIRCLE('',#2764,117.5);
#417=CYLINDRICAL_SURFACE('',#2456,10.);
#418=CYLINDRICAL_SURFACE('',#2460,12.5);
#419=CYLINDRICAL_SURFACE('',#2464,10.);
#420=CYLINDRICAL_SURFACE('',#2468,12.5);
#421=CYLINDRICAL_SURFACE('',#2471,1.75);
#422=CYLINDRICAL_SURFACE('',#2474,1.75);
#423=CYLINDRICAL_SURFACE('',#2477,1.75);
#424=CYLINDRICAL_SURFACE('',#2480,1.75);
#425=CYLINDRICAL_SURFACE('',#2483,1.75);
#426=CYLINDRICAL_SURFACE('',#2486,1.75);
#427=CYLINDRICAL_SURFACE('',#2489,1.75);
#428=CYLINDRICAL_SURFACE('',#2492,1.75);
#429=CYLINDRICAL_SURFACE('',#2495,1.75);
#430=CYLINDRICAL_SURFACE('',#2498,1.75);
#431=CYLINDRICAL_SURFACE('',#2501,1.75);
#432=CYLINDRICAL_SURFACE('',#2504,1.75);
#433=CYLINDRICAL_SURFACE('',#2507,1.75);
#434=CYLINDRICAL_SURFACE('',#2510,1.75);
#435=CYLINDRICAL_SURFACE('',#2513,1.75);
#436=CYLINDRICAL_SURFACE('',#2516,1.75);
#437=CYLINDRICAL_SURFACE('',#2519,1.75);
#438=CYLINDRICAL_SURFACE('',#2522,1.75);
#439=CYLINDRICAL_SURFACE('',#2525,1.75);
#440=CYLINDRICAL_SURFACE('',#2528,1.75);
#441=CYLINDRICAL_SURFACE('',#2531,1.75);
#442=CYLINDRICAL_SURFACE('',#2534,1.75);
#443=CYLINDRICAL_SURFACE('',#2537,1.75);
#444=CYLINDRICAL_SURFACE('',#2540,1.75);
#445=CYLINDRICAL_SURFACE('',#2543,1.75);
#446=CYLINDRICAL_SURFACE('',#2546,1.75);
#447=CYLINDRICAL_SURFACE('',#2549,1.75);
#448=CYLINDRICAL_SURFACE('',#2552,1.75);
#449=CYLINDRICAL_SURFACE('',#2555,1.75);
#450=CYLINDRICAL_SURFACE('',#2558,1.75);
#451=CYLINDRICAL_SURFACE('',#2561,1.75);
#452=CYLINDRICAL_SURFACE('',#2564,1.75);
#453=CYLINDRICAL_SURFACE('',#2567,1.75);
#454=CYLINDRICAL_SURFACE('',#2570,1.75);
#455=CYLINDRICAL_SURFACE('',#2573,1.75);
#456=CYLINDRICAL_SURFACE('',#2576,1.75);
#457=CYLINDRICAL_SURFACE('',#2579,1.75);
#458=CYLINDRICAL_SURFACE('',#2582,1.75);
#459=CYLINDRICAL_SURFACE('',#2585,1.75);
#460=CYLINDRICAL_SURFACE('',#2588,1.75);
#461=CYLINDRICAL_SURFACE('',#2591,1.75);
#462=CYLINDRICAL_SURFACE('',#2594,1.75);
#463=CYLINDRICAL_SURFACE('',#2597,1.75);
#464=CYLINDRICAL_SURFACE('',#2600,1.75);
#465=CYLINDRICAL_SURFACE('',#2603,1.75);
#466=CYLINDRICAL_SURFACE('',#2606,1.75);
#467=CYLINDRICAL_SURFACE('',#2609,1.75);
#468=CYLINDRICAL_SURFACE('',#2612,1.75);
#469=CYLINDRICAL_SURFACE('',#2615,1.75);
#470=CYLINDRICAL_SURFACE('',#2618,1.75);
#471=CYLINDRICAL_SURFACE('',#2621,1.75);
#472=CYLINDRICAL_SURFACE('',#2624,1.75);
#473=CYLINDRICAL_SURFACE('',#2627,1.75);
#474=CYLINDRICAL_SURFACE('',#2630,1.75);
#475=CYLINDRICAL_SURFACE('',#2633,1.75);
#476=CYLINDRICAL_SURFACE('',#2636,1.75);
#477=CYLINDRICAL_SURFACE('',#2639,1.75);
#478=CYLINDRICAL_SURFACE('',#2642,1.75);
#479=CYLINDRICAL_SURFACE('',#2645,1.75);
#480=CYLINDRICAL_SURFACE('',#2648,1.75);
#481=CYLINDRICAL_SURFACE('',#2651,1.75);
#482=CYLINDRICAL_SURFACE('',#2654,1.75);
#483=CYLINDRICAL_SURFACE('',#2657,1.75);
#484=CYLINDRICAL_SURFACE('',#2660,1.75);
#485=CYLINDRICAL_SURFACE('',#2663,1.75);
#486=CYLINDRICAL_SURFACE('',#2666,1.75);
#487=CYLINDRICAL_SURFACE('',#2669,1.75);
#488=CYLINDRICAL_SURFACE('',#2672,1.75);
#489=CYLINDRICAL_SURFACE('',#2675,1.75);
#490=CYLINDRICAL_SURFACE('',#2678,1.75);
#491=CYLINDRICAL_SURFACE('',#2681,1.75);
#492=CYLINDRICAL_SURFACE('',#2684,1.75);
#493=CYLINDRICAL_SURFACE('',#2687,1.75);
#494=CYLINDRICAL_SURFACE('',#2690,1.75);
#495=CYLINDRICAL_SURFACE('',#2693,1.75);
#496=CYLINDRICAL_SURFACE('',#2696,1.75);
#497=CYLINDRICAL_SURFACE('',#2699,1.75);
#498=CYLINDRICAL_SURFACE('',#2702,1.75);
#499=CYLINDRICAL_SURFACE('',#2705,1.75);
#500=CYLINDRICAL_SURFACE('',#2708,1.75);
#501=CYLINDRICAL_SURFACE('',#2711,1.75);
#502=CYLINDRICAL_SURFACE('',#2714,1.75);
#503=CYLINDRICAL_SURFACE('',#2717,1.75);
#504=CYLINDRICAL_SURFACE('',#2720,1.75);
#505=CYLINDRICAL_SURFACE('',#2723,1.75);
#506=CYLINDRICAL_SURFACE('',#2726,1.75);
#507=CYLINDRICAL_SURFACE('',#2729,1.75);
#508=CYLINDRICAL_SURFACE('',#2732,1.75);
#509=CYLINDRICAL_SURFACE('',#2735,1.75);
#510=CYLINDRICAL_SURFACE('',#2738,1.75);
#511=CYLINDRICAL_SURFACE('',#2741,1.75);
#512=CYLINDRICAL_SURFACE('',#2744,1.75);
#513=CYLINDRICAL_SURFACE('',#2747,1.75);
#514=CYLINDRICAL_SURFACE('',#2750,1.75);
#515=CYLINDRICAL_SURFACE('',#2753,1.75);
#516=CYLINDRICAL_SURFACE('',#2756,1.75);
#517=CYLINDRICAL_SURFACE('',#2759,1.75);
#518=CYLINDRICAL_SURFACE('',#2762,117.5);
#519=FACE_OUTER_BOUND('',#627,.T.);
#520=FACE_OUTER_BOUND('',#628,.T.);
#521=FACE_OUTER_BOUND('',#629,.T.);
#522=FACE_OUTER_BOUND('',#630,.T.);
#523=FACE_OUTER_BOUND('',#631,.T.);
#524=FACE_OUTER_BOUND('',#632,.T.);
#525=FACE_OUTER_BOUND('',#633,.T.);
#526=FACE_OUTER_BOUND('',#634,.T.);
#527=FACE_OUTER_BOUND('',#635,.T.);
#528=FACE_OUTER_BOUND('',#636,.T.);
#529=FACE_OUTER_BOUND('',#637,.T.);
#530=FACE_OUTER_BOUND('',#638,.T.);
#531=FACE_OUTER_BOUND('',#639,.T.);
#532=FACE_OUTER_BOUND('',#640,.T.);
#533=FACE_OUTER_BOUND('',#641,.T.);
#534=FACE_OUTER_BOUND('',#642,.T.);
#535=FACE_OUTER_BOUND('',#643,.T.);
#536=FACE_OUTER_BOUND('',#644,.T.);
#537=FACE_OUTER_BOUND('',#645,.T.);
#538=FACE_OUTER_BOUND('',#646,.T.);
#539=FACE_OUTER_BOUND('',#647,.T.);
#540=FACE_OUTER_BOUND('',#648,.T.);
#541=FACE_OUTER_BOUND('',#649,.T.);
#542=FACE_OUTER_BOUND('',#650,.T.);
#543=FACE_OUTER_BOUND('',#651,.T.);
#544=FACE_OUTER_BOUND('',#652,.T.);
#545=FACE_OUTER_BOUND('',#653,.T.);
#546=FACE_OUTER_BOUND('',#654,.T.);
#547=FACE_OUTER_BOUND('',#655,.T.);
#548=FACE_OUTER_BOUND('',#656,.T.);
#549=FACE_OUTER_BOUND('',#657,.T.);
#550=FACE_OUTER_BOUND('',#658,.T.);
#551=FACE_OUTER_BOUND('',#659,.T.);
#552=FACE_OUTER_BOUND('',#660,.T.);
#553=FACE_OUTER_BOUND('',#661,.T.);
#554=FACE_OUTER_BOUND('',#662,.T.);
#555=FACE_OUTER_BOUND('',#663,.T.);
#556=FACE_OUTER_BOUND('',#664,.T.);
#557=FACE_OUTER_BOUND('',#665,.T.);
#558=FACE_OUTER_BOUND('',#666,.T.);
#559=FACE_OUTER_BOUND('',#667,.T.);
#560=FACE_OUTER_BOUND('',#668,.T.);
#561=FACE_OUTER_BOUND('',#669,.T.);
#562=FACE_OUTER_BOUND('',#670,.T.);
#563=FACE_OUTER_BOUND('',#671,.T.);
#564=FACE_OUTER_BOUND('',#672,.T.);
#565=FACE_OUTER_BOUND('',#673,.T.);
#566=FACE_OUTER_BOUND('',#674,.T.);
#567=FACE_OUTER_BOUND('',#675,.T.);
#568=FACE_OUTER_BOUND('',#676,.T.);
#569=FACE_OUTER_BOUND('',#677,.T.);
#570=FACE_OUTER_BOUND('',#678,.T.);
#571=FACE_OUTER_BOUND('',#679,.T.);
#572=FACE_OUTER_BOUND('',#680,.T.);
#573=FACE_OUTER_BOUND('',#681,.T.);
#574=FACE_OUTER_BOUND('',#682,.T.);
#575=FACE_OUTER_BOUND('',#683,.T.);
#576=FACE_OUTER_BOUND('',#684,.T.);
#577=FACE_OUTER_BOUND('',#685,.T.);
#578=FACE_OUTER_BOUND('',#686,.T.);
#579=FACE_OUTER_BOUND('',#687,.T.);
#580=FACE_OUTER_BOUND('',#688,.T.);
#581=FACE_OUTER_BOUND('',#689,.T.);
#582=FACE_OUTER_BOUND('',#690,.T.);
#583=FACE_OUTER_BOUND('',#691,.T.);
#584=FACE_OUTER_BOUND('',#692,.T.);
#585=FACE_OUTER_BOUND('',#693,.T.);
#586=FACE_OUTER_BOUND('',#694,.T.);
#587=FACE_OUTER_BOUND('',#695,.T.);
#588=FACE_OUTER_BOUND('',#696,.T.);
#589=FACE_OUTER_BOUND('',#697,.T.);
#590=FACE_OUTER_BOUND('',#698,.T.);
#591=FACE_OUTER_BOUND('',#699,.T.);
#592=FACE_OUTER_BOUND('',#700,.T.);
#593=FACE_OUTER_BOUND('',#701,.T.);
#594=FACE_OUTER_BOUND('',#702,.T.);
#595=FACE_OUTER_BOUND('',#703,.T.);
#596=FACE_OUTER_BOUND('',#704,.T.);
#597=FACE_OUTER_BOUND('',#705,.T.);
#598=FACE_OUTER_BOUND('',#706,.T.);
#599=FACE_OUTER_BOUND('',#707,.T.);
#600=FACE_OUTER_BOUND('',#708,.T.);
#601=FACE_OUTER_BOUND('',#709,.T.);
#602=FACE_OUTER_BOUND('',#710,.T.);
#603=FACE_OUTER_BOUND('',#711,.T.);
#604=FACE_OUTER_BOUND('',#712,.T.);
#605=FACE_OUTER_BOUND('',#713,.T.);
#606=FACE_OUTER_BOUND('',#714,.T.);
#607=FACE_OUTER_BOUND('',#715,.T.);
#608=FACE_OUTER_BOUND('',#716,.T.);
#609=FACE_OUTER_BOUND('',#717,.T.);
#610=FACE_OUTER_BOUND('',#718,.T.);
#611=FACE_OUTER_BOUND('',#719,.T.);
#612=FACE_OUTER_BOUND('',#720,.T.);
#613=FACE_OUTER_BOUND('',#721,.T.);
#614=FACE_OUTER_BOUND('',#722,.T.);
#615=FACE_OUTER_BOUND('',#723,.T.);
#616=FACE_OUTER_BOUND('',#724,.T.);
#617=FACE_OUTER_BOUND('',#725,.T.);
#618=FACE_OUTER_BOUND('',#726,.T.);
#619=FACE_OUTER_BOUND('',#727,.T.);
#620=FACE_OUTER_BOUND('',#728,.T.);
#621=FACE_OUTER_BOUND('',#729,.T.);
#622=FACE_OUTER_BOUND('',#730,.T.);
#623=FACE_OUTER_BOUND('',#731,.T.);
#624=FACE_OUTER_BOUND('',#732,.T.);
#625=FACE_OUTER_BOUND('',#733,.T.);
#626=FACE_OUTER_BOUND('',#833,.T.);
#627=EDGE_LOOP('',(#1691,#1692,#1693,#1694));
#628=EDGE_LOOP('',(#1695,#1696,#1697,#1698));
#629=EDGE_LOOP('',(#1699,#1700,#1701,#1702));
#630=EDGE_LOOP('',(#1703,#1704,#1705,#1706));
#631=EDGE_LOOP('',(#1707,#1708,#1709,#1710));
#632=EDGE_LOOP('',(#1711,#1712,#1713,#1714));
#633=EDGE_LOOP('',(#1715,#1716,#1717,#1718));
#634=EDGE_LOOP('',(#1719,#1720,#1721,#1722));
#635=EDGE_LOOP('',(#1723,#1724,#1725,#1726));
#636=EDGE_LOOP('',(#1727,#1728,#1729,#1730));
#637=EDGE_LOOP('',(#1731,#1732,#1733,#1734));
#638=EDGE_LOOP('',(#1735,#1736,#1737,#1738));
#639=EDGE_LOOP('',(#1739,#1740,#1741,#1742));
#640=EDGE_LOOP('',(#1743,#1744,#1745,#1746));
#641=EDGE_LOOP('',(#1747,#1748,#1749,#1750));
#642=EDGE_LOOP('',(#1751,#1752,#1753,#1754));
#643=EDGE_LOOP('',(#1755,#1756,#1757,#1758));
#644=EDGE_LOOP('',(#1759,#1760,#1761,#1762));
#645=EDGE_LOOP('',(#1763,#1764,#1765,#1766));
#646=EDGE_LOOP('',(#1767,#1768,#1769,#1770));
#647=EDGE_LOOP('',(#1771,#1772,#1773,#1774));
#648=EDGE_LOOP('',(#1775,#1776,#1777,#1778));
#649=EDGE_LOOP('',(#1779,#1780,#1781,#1782));
#650=EDGE_LOOP('',(#1783,#1784,#1785,#1786));
#651=EDGE_LOOP('',(#1787,#1788,#1789,#1790));
#652=EDGE_LOOP('',(#1791,#1792,#1793,#1794));
#653=EDGE_LOOP('',(#1795,#1796,#1797,#1798));
#654=EDGE_LOOP('',(#1799,#1800,#1801,#1802));
#655=EDGE_LOOP('',(#1803,#1804,#1805,#1806));
#656=EDGE_LOOP('',(#1807,#1808,#1809,#1810));
#657=EDGE_LOOP('',(#1811,#1812,#1813,#1814));
#658=EDGE_LOOP('',(#1815,#1816,#1817,#1818));
#659=EDGE_LOOP('',(#1819,#1820,#1821,#1822));
#660=EDGE_LOOP('',(#1823,#1824,#1825,#1826));
#661=EDGE_LOOP('',(#1827,#1828,#1829,#1830));
#662=EDGE_LOOP('',(#1831,#1832,#1833,#1834));
#663=EDGE_LOOP('',(#1835,#1836,#1837,#1838));
#664=EDGE_LOOP('',(#1839,#1840,#1841,#1842));
#665=EDGE_LOOP('',(#1843,#1844,#1845,#1846));
#666=EDGE_LOOP('',(#1847,#1848,#1849,#1850));
#667=EDGE_LOOP('',(#1851,#1852,#1853,#1854));
#668=EDGE_LOOP('',(#1855,#1856,#1857,#1858));
#669=EDGE_LOOP('',(#1859,#1860,#1861,#1862));
#670=EDGE_LOOP('',(#1863,#1864,#1865,#1866));
#671=EDGE_LOOP('',(#1867,#1868,#1869,#1870));
#672=EDGE_LOOP('',(#1871,#1872,#1873,#1874));
#673=EDGE_LOOP('',(#1875,#1876,#1877,#1878));
#674=EDGE_LOOP('',(#1879,#1880,#1881,#1882));
#675=EDGE_LOOP('',(#1883,#1884,#1885,#1886));
#676=EDGE_LOOP('',(#1887,#1888,#1889,#1890));
#677=EDGE_LOOP('',(#1891,#1892,#1893,#1894));
#678=EDGE_LOOP('',(#1895,#1896,#1897,#1898));
#679=EDGE_LOOP('',(#1899,#1900,#1901,#1902));
#680=EDGE_LOOP('',(#1903,#1904,#1905,#1906));
#681=EDGE_LOOP('',(#1907,#1908,#1909,#1910));
#682=EDGE_LOOP('',(#1911,#1912,#1913,#1914));
#683=EDGE_LOOP('',(#1915,#1916,#1917,#1918));
#684=EDGE_LOOP('',(#1919,#1920,#1921,#1922));
#685=EDGE_LOOP('',(#1923,#1924,#1925,#1926));
#686=EDGE_LOOP('',(#1927,#1928,#1929,#1930));
#687=EDGE_LOOP('',(#1931,#1932,#1933,#1934));
#688=EDGE_LOOP('',(#1935,#1936,#1937,#1938));
#689=EDGE_LOOP('',(#1939,#1940,#1941,#1942));
#690=EDGE_LOOP('',(#1943,#1944,#1945,#1946));
#691=EDGE_LOOP('',(#1947,#1948,#1949,#1950));
#692=EDGE_LOOP('',(#1951,#1952,#1953,#1954));
#693=EDGE_LOOP('',(#1955,#1956,#1957,#1958));
#694=EDGE_LOOP('',(#1959,#1960,#1961,#1962));
#695=EDGE_LOOP('',(#1963,#1964,#1965,#1966));
#696=EDGE_LOOP('',(#1967,#1968,#1969,#1970));
#697=EDGE_LOOP('',(#1971,#1972,#1973,#1974));
#698=EDGE_LOOP('',(#1975,#1976,#1977,#1978));
#699=EDGE_LOOP('',(#1979,#1980,#1981,#1982));
#700=EDGE_LOOP('',(#1983,#1984,#1985,#1986));
#701=EDGE_LOOP('',(#1987,#1988,#1989,#1990));
#702=EDGE_LOOP('',(#1991,#1992,#1993,#1994));
#703=EDGE_LOOP('',(#1995,#1996,#1997,#1998));
#704=EDGE_LOOP('',(#1999,#2000,#2001,#2002));
#705=EDGE_LOOP('',(#2003,#2004,#2005,#2006));
#706=EDGE_LOOP('',(#2007,#2008,#2009,#2010));
#707=EDGE_LOOP('',(#2011,#2012,#2013,#2014));
#708=EDGE_LOOP('',(#2015,#2016,#2017,#2018));
#709=EDGE_LOOP('',(#2019,#2020,#2021,#2022));
#710=EDGE_LOOP('',(#2023,#2024,#2025,#2026));
#711=EDGE_LOOP('',(#2027,#2028,#2029,#2030));
#712=EDGE_LOOP('',(#2031,#2032,#2033,#2034));
#713=EDGE_LOOP('',(#2035,#2036,#2037,#2038));
#714=EDGE_LOOP('',(#2039,#2040,#2041,#2042));
#715=EDGE_LOOP('',(#2043,#2044,#2045,#2046));
#716=EDGE_LOOP('',(#2047,#2048,#2049,#2050));
#717=EDGE_LOOP('',(#2051,#2052,#2053,#2054));
#718=EDGE_LOOP('',(#2055,#2056,#2057,#2058));
#719=EDGE_LOOP('',(#2059,#2060,#2061,#2062));
#720=EDGE_LOOP('',(#2063,#2064,#2065,#2066));
#721=EDGE_LOOP('',(#2067,#2068,#2069,#2070));
#722=EDGE_LOOP('',(#2071,#2072,#2073,#2074));
#723=EDGE_LOOP('',(#2075,#2076,#2077,#2078));
#724=EDGE_LOOP('',(#2079,#2080,#2081,#2082));
#725=EDGE_LOOP('',(#2083,#2084,#2085,#2086));
#726=EDGE_LOOP('',(#2087,#2088,#2089,#2090));
#727=EDGE_LOOP('',(#2091,#2092,#2093,#2094));
#728=EDGE_LOOP('',(#2095,#2096,#2097,#2098));
#729=EDGE_LOOP('',(#2099,#2100,#2101,#2102));
#730=EDGE_LOOP('',(#2103,#2104,#2105,#2106));
#731=EDGE_LOOP('',(#2107,#2108,#2109,#2110));
#732=EDGE_LOOP('',(#2111,#2112,#2113,#2114));
#733=EDGE_LOOP('',(#2115));
#734=EDGE_LOOP('',(#2116));
#735=EDGE_LOOP('',(#2117));
#736=EDGE_LOOP('',(#2118));
#737=EDGE_LOOP('',(#2119));
#738=EDGE_LOOP('',(#2120));
#739=EDGE_LOOP('',(#2121));
#740=EDGE_LOOP('',(#2122));
#741=EDGE_LOOP('',(#2123));
#742=EDGE_LOOP('',(#2124));
#743=EDGE_LOOP('',(#2125));
#744=EDGE_LOOP('',(#2126));
#745=EDGE_LOOP('',(#2127));
#746=EDGE_LOOP('',(#2128));
#747=EDGE_LOOP('',(#2129));
#748=EDGE_LOOP('',(#2130));
#749=EDGE_LOOP('',(#2131));
#750=EDGE_LOOP('',(#2132));
#751=EDGE_LOOP('',(#2133));
#752=EDGE_LOOP('',(#2134));
#753=EDGE_LOOP('',(#2135));
#754=EDGE_LOOP('',(#2136));
#755=EDGE_LOOP('',(#2137));
#756=EDGE_LOOP('',(#2138));
#757=EDGE_LOOP('',(#2139));
#758=EDGE_LOOP('',(#2140));
#759=EDGE_LOOP('',(#2141));
#760=EDGE_LOOP('',(#2142));
#761=EDGE_LOOP('',(#2143));
#762=EDGE_LOOP('',(#2144));
#763=EDGE_LOOP('',(#2145));
#764=EDGE_LOOP('',(#2146));
#765=EDGE_LOOP('',(#2147));
#766=EDGE_LOOP('',(#2148));
#767=EDGE_LOOP('',(#2149));
#768=EDGE_LOOP('',(#2150));
#769=EDGE_LOOP('',(#2151));
#770=EDGE_LOOP('',(#2152));
#771=EDGE_LOOP('',(#2153));
#772=EDGE_LOOP('',(#2154));
#773=EDGE_LOOP('',(#2155));
#774=EDGE_LOOP('',(#2156));
#775=EDGE_LOOP('',(#2157));
#776=EDGE_LOOP('',(#2158));
#777=EDGE_LOOP('',(#2159));
#778=EDGE_LOOP('',(#2160));
#779=EDGE_LOOP('',(#2161));
#780=EDGE_LOOP('',(#2162));
#781=EDGE_LOOP('',(#2163));
#782=EDGE_LOOP('',(#2164));
#783=EDGE_LOOP('',(#2165));
#784=EDGE_LOOP('',(#2166));
#785=EDGE_LOOP('',(#2167));
#786=EDGE_LOOP('',(#2168));
#787=EDGE_LOOP('',(#2169));
#788=EDGE_LOOP('',(#2170));
#789=EDGE_LOOP('',(#2171));
#790=EDGE_LOOP('',(#2172));
#791=EDGE_LOOP('',(#2173));
#792=EDGE_LOOP('',(#2174));
#793=EDGE_LOOP('',(#2175));
#794=EDGE_LOOP('',(#2176));
#795=EDGE_LOOP('',(#2177));
#796=EDGE_LOOP('',(#2178));
#797=EDGE_LOOP('',(#2179));
#798=EDGE_LOOP('',(#2180));
#799=EDGE_LOOP('',(#2181));
#800=EDGE_LOOP('',(#2182));
#801=EDGE_LOOP('',(#2183));
#802=EDGE_LOOP('',(#2184));
#803=EDGE_LOOP('',(#2185));
#804=EDGE_LOOP('',(#2186));
#805=EDGE_LOOP('',(#2187));
#806=EDGE_LOOP('',(#2188));
#807=EDGE_LOOP('',(#2189));
#808=EDGE_LOOP('',(#2190));
#809=EDGE_LOOP('',(#2191));
#810=EDGE_LOOP('',(#2192));
#811=EDGE_LOOP('',(#2193));
#812=EDGE_LOOP('',(#2194));
#813=EDGE_LOOP('',(#2195));
#814=EDGE_LOOP('',(#2196));
#815=EDGE_LOOP('',(#2197));
#816=EDGE_LOOP('',(#2198));
#817=EDGE_LOOP('',(#2199));
#818=EDGE_LOOP('',(#2200));
#819=EDGE_LOOP('',(#2201));
#820=EDGE_LOOP('',(#2202));
#821=EDGE_LOOP('',(#2203));
#822=EDGE_LOOP('',(#2204));
#823=EDGE_LOOP('',(#2205));
#824=EDGE_LOOP('',(#2206));
#825=EDGE_LOOP('',(#2207));
#826=EDGE_LOOP('',(#2208));
#827=EDGE_LOOP('',(#2209));
#828=EDGE_LOOP('',(#2210));
#829=EDGE_LOOP('',(#2211));
#830=EDGE_LOOP('',(#2212));
#831=EDGE_LOOP('',(#2213,#2214,#2215,#2216));
#832=EDGE_LOOP('',(#2217,#2218,#2219,#2220));
#833=EDGE_LOOP('',(#2221));
#834=EDGE_LOOP('',(#2222));
#835=EDGE_LOOP('',(#2223));
#836=EDGE_LOOP('',(#2224));
#837=EDGE_LOOP('',(#2225));
#838=EDGE_LOOP('',(#2226));
#839=EDGE_LOOP('',(#2227));
#840=EDGE_LOOP('',(#2228));
#841=EDGE_LOOP('',(#2229));
#842=EDGE_LOOP('',(#2230));
#843=EDGE_LOOP('',(#2231));
#844=EDGE_LOOP('',(#2232));
#845=EDGE_LOOP('',(#2233));
#846=EDGE_LOOP('',(#2234));
#847=EDGE_LOOP('',(#2235));
#848=EDGE_LOOP('',(#2236));
#849=EDGE_LOOP('',(#2237));
#850=EDGE_LOOP('',(#2238));
#851=EDGE_LOOP('',(#2239));
#852=EDGE_LOOP('',(#2240));
#853=EDGE_LOOP('',(#2241));
#854=EDGE_LOOP('',(#2242));
#855=EDGE_LOOP('',(#2243));
#856=EDGE_LOOP('',(#2244));
#857=EDGE_LOOP('',(#2245));
#858=EDGE_LOOP('',(#2246));
#859=EDGE_LOOP('',(#2247));
#860=EDGE_LOOP('',(#2248));
#861=EDGE_LOOP('',(#2249));
#862=EDGE_LOOP('',(#2250));
#863=EDGE_LOOP('',(#2251));
#864=EDGE_LOOP('',(#2252));
#865=EDGE_LOOP('',(#2253));
#866=EDGE_LOOP('',(#2254));
#867=EDGE_LOOP('',(#2255));
#868=EDGE_LOOP('',(#2256));
#869=EDGE_LOOP('',(#2257));
#870=EDGE_LOOP('',(#2258));
#871=EDGE_LOOP('',(#2259));
#872=EDGE_LOOP('',(#2260));
#873=EDGE_LOOP('',(#2261));
#874=EDGE_LOOP('',(#2262));
#875=EDGE_LOOP('',(#2263));
#876=EDGE_LOOP('',(#2264));
#877=EDGE_LOOP('',(#2265));
#878=EDGE_LOOP('',(#2266));
#879=EDGE_LOOP('',(#2267));
#880=EDGE_LOOP('',(#2268));
#881=EDGE_LOOP('',(#2269));
#882=EDGE_LOOP('',(#2270));
#883=EDGE_LOOP('',(#2271));
#884=EDGE_LOOP('',(#2272));
#885=EDGE_LOOP('',(#2273));
#886=EDGE_LOOP('',(#2274));
#887=EDGE_LOOP('',(#2275));
#888=EDGE_LOOP('',(#2276));
#889=EDGE_LOOP('',(#2277));
#890=EDGE_LOOP('',(#2278));
#891=EDGE_LOOP('',(#2279));
#892=EDGE_LOOP('',(#2280));
#893=EDGE_LOOP('',(#2281));
#894=EDGE_LOOP('',(#2282));
#895=EDGE_LOOP('',(#2283));
#896=EDGE_LOOP('',(#2284));
#897=EDGE_LOOP('',(#2285));
#898=EDGE_LOOP('',(#2286));
#899=EDGE_LOOP('',(#2287));
#900=EDGE_LOOP('',(#2288));
#901=EDGE_LOOP('',(#2289));
#902=EDGE_LOOP('',(#2290));
#903=EDGE_LOOP('',(#2291));
#904=EDGE_LOOP('',(#2292));
#905=EDGE_LOOP('',(#2293));
#906=EDGE_LOOP('',(#2294));
#907=EDGE_LOOP('',(#2295));
#908=EDGE_LOOP('',(#2296));
#909=EDGE_LOOP('',(#2297));
#910=EDGE_LOOP('',(#2298));
#911=EDGE_LOOP('',(#2299));
#912=EDGE_LOOP('',(#2300));
#913=EDGE_LOOP('',(#2301));
#914=EDGE_LOOP('',(#2302));
#915=EDGE_LOOP('',(#2303));
#916=EDGE_LOOP('',(#2304));
#917=EDGE_LOOP('',(#2305));
#918=EDGE_LOOP('',(#2306));
#919=EDGE_LOOP('',(#2307));
#920=EDGE_LOOP('',(#2308));
#921=EDGE_LOOP('',(#2309));
#922=EDGE_LOOP('',(#2310));
#923=EDGE_LOOP('',(#2311));
#924=EDGE_LOOP('',(#2312));
#925=EDGE_LOOP('',(#2313));
#926=EDGE_LOOP('',(#2314));
#927=EDGE_LOOP('',(#2315));
#928=EDGE_LOOP('',(#2316));
#929=EDGE_LOOP('',(#2317));
#930=EDGE_LOOP('',(#2318));
#931=EDGE_LOOP('',(#2319,#2320,#2321,#2322));
#932=EDGE_LOOP('',(#2323,#2324,#2325,#2326));
#933=LINE('',#3511,#1047);
#934=LINE('',#3513,#1048);
#935=LINE('',#3515,#1049);
#936=LINE('',#3516,#1050);
#937=LINE('',#3521,#1051);
#938=LINE('',#3525,#1052);
#939=LINE('',#3527,#1053);
#940=LINE('',#3528,#1054);
#941=LINE('',#3535,#1055);
#942=LINE('',#3537,#1056);
#943=LINE('',#3539,#1057);
#944=LINE('',#3540,#1058);
#945=LINE('',#3545,#1059);
#946=LINE('',#3549,#1060);
#947=LINE('',#3551,#1061);
#948=LINE('',#3552,#1062);
#949=LINE('',#3560,#1063);
#950=LINE('',#3566,#1064);
#951=LINE('',#3572,#1065);
#952=LINE('',#3578,#1066);
#953=LINE('',#3584,#1067);
#954=LINE('',#3590,#1068);
#955=LINE('',#3596,#1069);
#956=LINE('',#3602,#1070);
#957=LINE('',#3608,#1071);
#958=LINE('',#3614,#1072);
#959=LINE('',#3620,#1073);
#960=LINE('',#3626,#1074);
#961=LINE('',#3632,#1075);
#962=LINE('',#3638,#1076);
#963=LINE('',#3644,#1077);
#964=LINE('',#3650,#1078);
#965=LINE('',#3656,#1079);
#966=LINE('',#3662,#1080);
#967=LINE('',#3668,#1081);
#968=LINE('',#3674,#1082);
#969=LINE('',#3680,#1083);
#970=LINE('',#3686,#1084);
#971=LINE('',#3692,#1085);
#972=LINE('',#3698,#1086);
#973=LINE('',#3704,#1087);
#974=LINE('',#3710,#1088);
#975=LINE('',#3716,#1089);
#976=LINE('',#3722,#1090);
#977=LINE('',#3728,#1091);
#978=LINE('',#3734,#1092);
#979=LINE('',#3740,#1093);
#980=LINE('',#3746,#1094);
#981=LINE('',#3752,#1095);
#982=LINE('',#3758,#1096);
#983=LINE('',#3764,#1097);
#984=LINE('',#3770,#1098);
#985=LINE('',#3776,#1099);
#986=LINE('',#3782,#1100);
#987=LINE('',#3788,#1101);
#988=LINE('',#3794,#1102);
#989=LINE('',#3800,#1103);
#990=LINE('',#3806,#1104);
#991=LINE('',#3812,#1105);
#992=LINE('',#3818,#1106);
#993=LINE('',#3824,#1107);
#994=LINE('',#3830,#1108);
#995=LINE('',#3836,#1109);
#996=LINE('',#3842,#1110);
#997=LINE('',#3848,#1111);
#998=LINE('',#3854,#1112);
#999=LINE('',#3860,#1113);
#1000=LINE('',#3866,#1114);
#1001=LINE('',#3872,#1115);
#1002=LINE('',#3878,#1116);
#1003=LINE('',#3884,#1117);
#1004=LINE('',#3890,#1118);
#1005=LINE('',#3896,#1119);
#1006=LINE('',#3902,#1120);
#1007=LINE('',#3908,#1121);
#1008=LINE('',#3914,#1122);
#1009=LINE('',#3920,#1123);
#1010=LINE('',#3926,#1124);
#1011=LINE('',#3932,#1125);
#1012=LINE('',#3938,#1126);
#1013=LINE('',#3944,#1127);
#1014=LINE('',#3950,#1128);
#1015=LINE('',#3956,#1129);
#1016=LINE('',#3962,#1130);
#1017=LINE('',#3968,#1131);
#1018=LINE('',#3974,#1132);
#1019=LINE('',#3980,#1133);
#1020=LINE('',#3986,#1134);
#1021=LINE('',#3992,#1135);
#1022=LINE('',#3998,#1136);
#1023=LINE('',#4004,#1137);
#1024=LINE('',#4010,#1138);
#1025=LINE('',#4016,#1139);
#1026=LINE('',#4022,#1140);
#1027=LINE('',#4028,#1141);
#1028=LINE('',#4034,#1142);
#1029=LINE('',#4040,#1143);
#1030=LINE('',#4046,#1144);
#1031=LINE('',#4052,#1145);
#1032=LINE('',#4058,#1146);
#1033=LINE('',#4064,#1147);
#1034=LINE('',#4070,#1148);
#1035=LINE('',#4076,#1149);
#1036=LINE('',#4082,#1150);
#1037=LINE('',#4088,#1151);
#1038=LINE('',#4094,#1152);
#1039=LINE('',#4100,#1153);
#1040=LINE('',#4106,#1154);
#1041=LINE('',#4112,#1155);
#1042=LINE('',#4118,#1156);
#1043=LINE('',#4124,#1157);
#1044=LINE('',#4130,#1158);
#1045=LINE('',#4136,#1159);
#1046=LINE('',#4142,#1160);
#1047=VECTOR('',#2771,10.);
#1048=VECTOR('',#2772,10.);
#1049=VECTOR('',#2773,10.);
#1050=VECTOR('',#2774,10.);
#1051=VECTOR('',#2779,10.);
#1052=VECTOR('',#2784,10.);
#1053=VECTOR('',#2785,10.);
#1054=VECTOR('',#2786,10.);
#1055=VECTOR('',#2795,10.);
#1056=VECTOR('',#2796,10.);
#1057=VECTOR('',#2797,10.);
#1058=VECTOR('',#2798,10.);
#1059=VECTOR('',#2803,10.);
#1060=VECTOR('',#2808,10.);
#1061=VECTOR('',#2809,10.);
#1062=VECTOR('',#2810,10.);
#1063=VECTOR('',#2821,1.75);
#1064=VECTOR('',#2828,1.75);
#1065=VECTOR('',#2835,1.75);
#1066=VECTOR('',#2842,1.75);
#1067=VECTOR('',#2849,1.75);
#1068=VECTOR('',#2856,1.75);
#1069=VECTOR('',#2863,1.75);
#1070=VECTOR('',#2870,1.75);
#1071=VECTOR('',#2877,1.75);
#1072=VECTOR('',#2884,1.75);
#1073=VECTOR('',#2891,1.75);
#1074=VECTOR('',#2898,1.75);
#1075=VECTOR('',#2905,1.75);
#1076=VECTOR('',#2912,1.75);
#1077=VECTOR('',#2919,1.75);
#1078=VECTOR('',#2926,1.75);
#1079=VECTOR('',#2933,1.75);
#1080=VECTOR('',#2940,1.75);
#1081=VECTOR('',#2947,1.75);
#1082=VECTOR('',#2954,1.75);
#1083=VECTOR('',#2961,1.75);
#1084=VECTOR('',#2968,1.75);
#1085=VECTOR('',#2975,1.75);
#1086=VECTOR('',#2982,1.75);
#1087=VECTOR('',#2989,1.75);
#1088=VECTOR('',#2996,1.75);
#1089=VECTOR('',#3003,1.75);
#1090=VECTOR('',#3010,1.75);
#1091=VECTOR('',#3017,1.75);
#1092=VECTOR('',#3024,1.75);
#1093=VECTOR('',#3031,1.75);
#1094=VECTOR('',#3038,1.75);
#1095=VECTOR('',#3045,1.75);
#1096=VECTOR('',#3052,1.75);
#1097=VECTOR('',#3059,1.75);
#1098=VECTOR('',#3066,1.75);
#1099=VECTOR('',#3073,1.75);
#1100=VECTOR('',#3080,1.75);
#1101=VECTOR('',#3087,1.75);
#1102=VECTOR('',#3094,1.75);
#1103=VECTOR('',#3101,1.75);
#1104=VECTOR('',#3108,1.75);
#1105=VECTOR('',#3115,1.75);
#1106=VECTOR('',#3122,1.75);
#1107=VECTOR('',#3129,1.75);
#1108=VECTOR('',#3136,1.75);
#1109=VECTOR('',#3143,1.75);
#1110=VECTOR('',#3150,1.75);
#1111=VECTOR('',#3157,1.75);
#1112=VECTOR('',#3164,1.75);
#1113=VECTOR('',#3171,1.75);
#1114=VECTOR('',#3178,1.75);
#1115=VECTOR('',#3185,1.75);
#1116=VECTOR('',#3192,1.75);
#1117=VECTOR('',#3199,1.75);
#1118=VECTOR('',#3206,1.75);
#1119=VECTOR('',#3213,1.75);
#1120=VECTOR('',#3220,1.75);
#1121=VECTOR('',#3227,1.75);
#1122=VECTOR('',#3234,1.75);
#1123=VECTOR('',#3241,1.75);
#1124=VECTOR('',#3248,1.75);
#1125=VECTOR('',#3255,1.75);
#1126=VECTOR('',#3262,1.75);
#1127=VECTOR('',#3269,1.75);
#1128=VECTOR('',#3276,1.75);
#1129=VECTOR('',#3283,1.75);
#1130=VECTOR('',#3290,1.75);
#1131=VECTOR('',#3297,1.75);
#1132=VECTOR('',#3304,1.75);
#1133=VECTOR('',#3311,1.75);
#1134=VECTOR('',#3318,1.75);
#1135=VECTOR('',#3325,1.75);
#1136=VECTOR('',#3332,1.75);
#1137=VECTOR('',#3339,1.75);
#1138=VECTOR('',#3346,1.75);
#1139=VECTOR('',#3353,1.75);
#1140=VECTOR('',#3360,1.75);
#1141=VECTOR('',#3367,1.75);
#1142=VECTOR('',#3374,1.75);
#1143=VECTOR('',#3381,1.75);
#1144=VECTOR('',#3388,1.75);
#1145=VECTOR('',#3395,1.75);
#1146=VECTOR('',#3402,1.75);
#1147=VECTOR('',#3409,1.75);
#1148=VECTOR('',#3416,1.75);
#1149=VECTOR('',#3423,1.75);
#1150=VECTOR('',#3430,1.75);
#1151=VECTOR('',#3437,1.75);
#1152=VECTOR('',#3444,1.75);
#1153=VECTOR('',#3451,1.75);
#1154=VECTOR('',#3458,1.75);
#1155=VECTOR('',#3465,1.75);
#1156=VECTOR('',#3472,1.75);
#1157=VECTOR('',#3479,1.75);
#1158=VECTOR('',#3486,1.75);
#1159=VECTOR('',#3493,1.75);
#1160=VECTOR('',#3500,117.5);
#1161=VERTEX_POINT('',#3509);
#1162=VERTEX_POINT('',#3510);
#1163=VERTEX_POINT('',#3512);
#1164=VERTEX_POINT('',#3514);
#1165=VERTEX_POINT('',#3518);
#1166=VERTEX_POINT('',#3520);
#1167=VERTEX_POINT('',#3524);
#1168=VERTEX_POINT('',#3526);
#1169=VERTEX_POINT('',#3533);
#1170=VERTEX_POINT('',#3534);
#1171=VERTEX_POINT('',#3536);
#1172=VERTEX_POINT('',#3538);
#1173=VERTEX_POINT('',#3542);
#1174=VERTEX_POINT('',#3544);
#1175=VERTEX_POINT('',#3548);
#1176=VERTEX_POINT('',#3550);
#1177=VERTEX_POINT('',#3557);
#1178=VERTEX_POINT('',#3559);
#1179=VERTEX_POINT('',#3563);
#1180=VERTEX_POINT('',#3565);
#1181=VERTEX_POINT('',#3569);
#1182=VERTEX_POINT('',#3571);
#1183=VERTEX_POINT('',#3575);
#1184=VERTEX_POINT('',#3577);
#1185=VERTEX_POINT('',#3581);
#1186=VERTEX_POINT('',#3583);
#1187=VERTEX_POINT('',#3587);
#1188=VERTEX_POINT('',#3589);
#1189=VERTEX_POINT('',#3593);
#1190=VERTEX_POINT('',#3595);
#1191=VERTEX_POINT('',#3599);
#1192=VERTEX_POINT('',#3601);
#1193=VERTEX_POINT('',#3605);
#1194=VERTEX_POINT('',#3607);
#1195=VERTEX_POINT('',#3611);
#1196=VERTEX_POINT('',#3613);
#1197=VERTEX_POINT('',#3617);
#1198=VERTEX_POINT('',#3619);
#1199=VERTEX_POINT('',#3623);
#1200=VERTEX_POINT('',#3625);
#1201=VERTEX_POINT('',#3629);
#1202=VERTEX_POINT('',#3631);
#1203=VERTEX_POINT('',#3635);
#1204=VERTEX_POINT('',#3637);
#1205=VERTEX_POINT('',#3641);
#1206=VERTEX_POINT('',#3643);
#1207=VERTEX_POINT('',#3647);
#1208=VERTEX_POINT('',#3649);
#1209=VERTEX_POINT('',#3653);
#1210=VERTEX_POINT('',#3655);
#1211=VERTEX_POINT('',#3659);
#1212=VERTEX_POINT('',#3661);
#1213=VERTEX_POINT('',#3665);
#1214=VERTEX_POINT('',#3667);
#1215=VERTEX_POINT('',#3671);
#1216=VERTEX_POINT('',#3673);
#1217=VERTEX_POINT('',#3677);
#1218=VERTEX_POINT('',#3679);
#1219=VERTEX_POINT('',#3683);
#1220=VERTEX_POINT('',#3685);
#1221=VERTEX_POINT('',#3689);
#1222=VERTEX_POINT('',#3691);
#1223=VERTEX_POINT('',#3695);
#1224=VERTEX_POINT('',#3697);
#1225=VERTEX_POINT('',#3701);
#1226=VERTEX_POINT('',#3703);
#1227=VERTEX_POINT('',#3707);
#1228=VERTEX_POINT('',#3709);
#1229=VERTEX_POINT('',#3713);
#1230=VERTEX_POINT('',#3715);
#1231=VERTEX_POINT('',#3719);
#1232=VERTEX_POINT('',#3721);
#1233=VERTEX_POINT('',#3725);
#1234=VERTEX_POINT('',#3727);
#1235=VERTEX_POINT('',#3731);
#1236=VERTEX_POINT('',#3733);
#1237=VERTEX_POINT('',#3737);
#1238=VERTEX_POINT('',#3739);
#1239=VERTEX_POINT('',#3743);
#1240=VERTEX_POINT('',#3745);
#1241=VERTEX_POINT('',#3749);
#1242=VERTEX_POINT('',#3751);
#1243=VERTEX_POINT('',#3755);
#1244=VERTEX_POINT('',#3757);
#1245=VERTEX_POINT('',#3761);
#1246=VERTEX_POINT('',#3763);
#1247=VERTEX_POINT('',#3767);
#1248=VERTEX_POINT('',#3769);
#1249=VERTEX_POINT('',#3773);
#1250=VERTEX_POINT('',#3775);
#1251=VERTEX_POINT('',#3779);
#1252=VERTEX_POINT('',#3781);
#1253=VERTEX_POINT('',#3785);
#1254=VERTEX_POINT('',#3787);
#1255=VERTEX_POINT('',#3791);
#1256=VERTEX_POINT('',#3793);
#1257=VERTEX_POINT('',#3797);
#1258=VERTEX_POINT('',#3799);
#1259=VERTEX_POINT('',#3803);
#1260=VERTEX_POINT('',#3805);
#1261=VERTEX_POINT('',#3809);
#1262=VERTEX_POINT('',#3811);
#1263=VERTEX_POINT('',#3815);
#1264=VERTEX_POINT('',#3817);
#1265=VERTEX_POINT('',#3821);
#1266=VERTEX_POINT('',#3823);
#1267=VERTEX_POINT('',#3827);
#1268=VERTEX_POINT('',#3829);
#1269=VERTEX_POINT('',#3833);
#1270=VERTEX_POINT('',#3835);
#1271=VERTEX_POINT('',#3839);
#1272=VERTEX_POINT('',#3841);
#1273=VERTEX_POINT('',#3845);
#1274=VERTEX_POINT('',#3847);
#1275=VERTEX_POINT('',#3851);
#1276=VERTEX_POINT('',#3853);
#1277=VERTEX_POINT('',#3857);
#1278=VERTEX_POINT('',#3859);
#1279=VERTEX_POINT('',#3863);
#1280=VERTEX_POINT('',#3865);
#1281=VERTEX_POINT('',#3869);
#1282=VERTEX_POINT('',#3871);
#1283=VERTEX_POINT('',#3875);
#1284=VERTEX_POINT('',#3877);
#1285=VERTEX_POINT('',#3881);
#1286=VERTEX_POINT('',#3883);
#1287=VERTEX_POINT('',#3887);
#1288=VERTEX_POINT('',#3889);
#1289=VERTEX_POINT('',#3893);
#1290=VERTEX_POINT('',#3895);
#1291=VERTEX_POINT('',#3899);
#1292=VERTEX_POINT('',#3901);
#1293=VERTEX_POINT('',#3905);
#1294=VERTEX_POINT('',#3907);
#1295=VERTEX_POINT('',#3911);
#1296=VERTEX_POINT('',#3913);
#1297=VERTEX_POINT('',#3917);
#1298=VERTEX_POINT('',#3919);
#1299=VERTEX_POINT('',#3923);
#1300=VERTEX_POINT('',#3925);
#1301=VERTEX_POINT('',#3929);
#1302=VERTEX_POINT('',#3931);
#1303=VERTEX_POINT('',#3935);
#1304=VERTEX_POINT('',#3937);
#1305=VERTEX_POINT('',#3941);
#1306=VERTEX_POINT('',#3943);
#1307=VERTEX_POINT('',#3947);
#1308=VERTEX_POINT('',#3949);
#1309=VERTEX_POINT('',#3953);
#1310=VERTEX_POINT('',#3955);
#1311=VERTEX_POINT('',#3959);
#1312=VERTEX_POINT('',#3961);
#1313=VERTEX_POINT('',#3965);
#1314=VERTEX_POINT('',#3967);
#1315=VERTEX_POINT('',#3971);
#1316=VERTEX_POINT('',#3973);
#1317=VERTEX_POINT('',#3977);
#1318=VERTEX_POINT('',#3979);
#1319=VERTEX_POINT('',#3983);
#1320=VERTEX_POINT('',#3985);
#1321=VERTEX_POINT('',#3989);
#1322=VERTEX_POINT('',#3991);
#1323=VERTEX_POINT('',#3995);
#1324=VERTEX_POINT('',#3997);
#1325=VERTEX_POINT('',#4001);
#1326=VERTEX_POINT('',#4003);
#1327=VERTEX_POINT('',#4007);
#1328=VERTEX_POINT('',#4009);
#1329=VERTEX_POINT('',#4013);
#1330=VERTEX_POINT('',#4015);
#1331=VERTEX_POINT('',#4019);
#1332=VERTEX_POINT('',#4021);
#1333=VERTEX_POINT('',#4025);
#1334=VERTEX_POINT('',#4027);
#1335=VERTEX_POINT('',#4031);
#1336=VERTEX_POINT('',#4033);
#1337=VERTEX_POINT('',#4037);
#1338=VERTEX_POINT('',#4039);
#1339=VERTEX_POINT('',#4043);
#1340=VERTEX_POINT('',#4045);
#1341=VERTEX_POINT('',#4049);
#1342=VERTEX_POINT('',#4051);
#1343=VERTEX_POINT('',#4055);
#1344=VERTEX_POINT('',#4057);
#1345=VERTEX_POINT('',#4061);
#1346=VERTEX_POINT('',#4063);
#1347=VERTEX_POINT('',#4067);
#1348=VERTEX_POINT('',#4069);
#1349=VERTEX_POINT('',#4073);
#1350=VERTEX_POINT('',#4075);
#1351=VERTEX_POINT('',#4079);
#1352=VERTEX_POINT('',#4081);
#1353=VERTEX_POINT('',#4085);
#1354=VERTEX_POINT('',#4087);
#1355=VERTEX_POINT('',#4091);
#1356=VERTEX_POINT('',#4093);
#1357=VERTEX_POINT('',#4097);
#1358=VERTEX_POINT('',#4099);
#1359=VERTEX_POINT('',#4103);
#1360=VERTEX_POINT('',#4105);
#1361=VERTEX_POINT('',#4109);
#1362=VERTEX_POINT('',#4111);
#1363=VERTEX_POINT('',#4115);
#1364=VERTEX_POINT('',#4117);
#1365=VERTEX_POINT('',#4121);
#1366=VERTEX_POINT('',#4123);
#1367=VERTEX_POINT('',#4127);
#1368=VERTEX_POINT('',#4129);
#1369=VERTEX_POINT('',#4133);
#1370=VERTEX_POINT('',#4135);
#1371=VERTEX_POINT('',#4139);
#1372=VERTEX_POINT('',#4141);
#1373=EDGE_CURVE('',#1161,#1162,#933,.T.);
#1374=EDGE_CURVE('',#1161,#1163,#934,.T.);
#1375=EDGE_CURVE('',#1164,#1163,#935,.T.);
#1376=EDGE_CURVE('',#1162,#1164,#936,.T.);
#1377=EDGE_CURVE('',#1165,#1161,#213,.T.);
#1378=EDGE_CURVE('',#1165,#1166,#937,.T.);
#1379=EDGE_CURVE('',#1163,#1166,#214,.T.);
#1380=EDGE_CURVE('',#1167,#1165,#938,.T.);
#1381=EDGE_CURVE('',#1167,#1168,#939,.T.);
#1382=EDGE_CURVE('',#1166,#1168,#940,.T.);
#1383=EDGE_CURVE('',#1162,#1167,#215,.T.);
#1384=EDGE_CURVE('',#1168,#1164,#216,.T.);
#1385=EDGE_CURVE('',#1169,#1170,#941,.T.);
#1386=EDGE_CURVE('',#1169,#1171,#942,.T.);
#1387=EDGE_CURVE('',#1172,#1171,#943,.T.);
#1388=EDGE_CURVE('',#1170,#1172,#944,.T.);
#1389=EDGE_CURVE('',#1173,#1169,#217,.T.);
#1390=EDGE_CURVE('',#1173,#1174,#945,.T.);
#1391=EDGE_CURVE('',#1171,#1174,#218,.T.);
#1392=EDGE_CURVE('',#1175,#1173,#946,.T.);
#1393=EDGE_CURVE('',#1175,#1176,#947,.T.);
#1394=EDGE_CURVE('',#1174,#1176,#948,.T.);
#1395=EDGE_CURVE('',#1170,#1175,#219,.T.);
#1396=EDGE_CURVE('',#1176,#1172,#220,.T.);
#1397=EDGE_CURVE('',#1177,#1177,#221,.T.);
#1398=EDGE_CURVE('',#1177,#1178,#949,.T.);
#1399=EDGE_CURVE('',#1178,#1178,#222,.T.);
#1400=EDGE_CURVE('',#1179,#1179,#223,.T.);
#1401=EDGE_CURVE('',#1179,#1180,#950,.T.);
#1402=EDGE_CURVE('',#1180,#1180,#224,.T.);
#1403=EDGE_CURVE('',#1181,#1181,#225,.T.);
#1404=EDGE_CURVE('',#1181,#1182,#951,.T.);
#1405=EDGE_CURVE('',#1182,#1182,#226,.T.);
#1406=EDGE_CURVE('',#1183,#1183,#227,.T.);
#1407=EDGE_CURVE('',#1183,#1184,#952,.T.);
#1408=EDGE_CURVE('',#1184,#1184,#228,.T.);
#1409=EDGE_CURVE('',#1185,#1185,#229,.T.);
#1410=EDGE_CURVE('',#1185,#1186,#953,.T.);
#1411=EDGE_CURVE('',#1186,#1186,#230,.T.);
#1412=EDGE_CURVE('',#1187,#1187,#231,.T.);
#1413=EDGE_CURVE('',#1187,#1188,#954,.T.);
#1414=EDGE_CURVE('',#1188,#1188,#232,.T.);
#1415=EDGE_CURVE('',#1189,#1189,#233,.T.);
#1416=EDGE_CURVE('',#1189,#1190,#955,.T.);
#1417=EDGE_CURVE('',#1190,#1190,#234,.T.);
#1418=EDGE_CURVE('',#1191,#1191,#235,.T.);
#1419=EDGE_CURVE('',#1191,#1192,#956,.T.);
#1420=EDGE_CURVE('',#1192,#1192,#236,.T.);
#1421=EDGE_CURVE('',#1193,#1193,#237,.T.);
#1422=EDGE_CURVE('',#1193,#1194,#957,.T.);
#1423=EDGE_CURVE('',#1194,#1194,#238,.T.);
#1424=EDGE_CURVE('',#1195,#1195,#239,.T.);
#1425=EDGE_CURVE('',#1195,#1196,#958,.T.);
#1426=EDGE_CURVE('',#1196,#1196,#240,.T.);
#1427=EDGE_CURVE('',#1197,#1197,#241,.T.);
#1428=EDGE_CURVE('',#1197,#1198,#959,.T.);
#1429=EDGE_CURVE('',#1198,#1198,#242,.T.);
#1430=EDGE_CURVE('',#1199,#1199,#243,.T.);
#1431=EDGE_CURVE('',#1199,#1200,#960,.T.);
#1432=EDGE_CURVE('',#1200,#1200,#244,.T.);
#1433=EDGE_CURVE('',#1201,#1201,#245,.T.);
#1434=EDGE_CURVE('',#1201,#1202,#961,.T.);
#1435=EDGE_CURVE('',#1202,#1202,#246,.T.);
#1436=EDGE_CURVE('',#1203,#1203,#247,.T.);
#1437=EDGE_CURVE('',#1203,#1204,#962,.T.);
#1438=EDGE_CURVE('',#1204,#1204,#248,.T.);
#1439=EDGE_CURVE('',#1205,#1205,#249,.T.);
#1440=EDGE_CURVE('',#1205,#1206,#963,.T.);
#1441=EDGE_CURVE('',#1206,#1206,#250,.T.);
#1442=EDGE_CURVE('',#1207,#1207,#251,.T.);
#1443=EDGE_CURVE('',#1207,#1208,#964,.T.);
#1444=EDGE_CURVE('',#1208,#1208,#252,.T.);
#1445=EDGE_CURVE('',#1209,#1209,#253,.T.);
#1446=EDGE_CURVE('',#1209,#1210,#965,.T.);
#1447=EDGE_CURVE('',#1210,#1210,#254,.T.);
#1448=EDGE_CURVE('',#1211,#1211,#255,.T.);
#1449=EDGE_CURVE('',#1211,#1212,#966,.T.);
#1450=EDGE_CURVE('',#1212,#1212,#256,.T.);
#1451=EDGE_CURVE('',#1213,#1213,#257,.T.);
#1452=EDGE_CURVE('',#1213,#1214,#967,.T.);
#1453=EDGE_CURVE('',#1214,#1214,#258,.T.);
#1454=EDGE_CURVE('',#1215,#1215,#259,.T.);
#1455=EDGE_CURVE('',#1215,#1216,#968,.T.);
#1456=EDGE_CURVE('',#1216,#1216,#260,.T.);
#1457=EDGE_CURVE('',#1217,#1217,#261,.T.);
#1458=EDGE_CURVE('',#1217,#1218,#969,.T.);
#1459=EDGE_CURVE('',#1218,#1218,#262,.T.);
#1460=EDGE_CURVE('',#1219,#1219,#263,.T.);
#1461=EDGE_CURVE('',#1219,#1220,#970,.T.);
#1462=EDGE_CURVE('',#1220,#1220,#264,.T.);
#1463=EDGE_CURVE('',#1221,#1221,#265,.T.);
#1464=EDGE_CURVE('',#1221,#1222,#971,.T.);
#1465=EDGE_CURVE('',#1222,#1222,#266,.T.);
#1466=EDGE_CURVE('',#1223,#1223,#267,.T.);
#1467=EDGE_CURVE('',#1223,#1224,#972,.T.);
#1468=EDGE_CURVE('',#1224,#1224,#268,.T.);
#1469=EDGE_CURVE('',#1225,#1225,#269,.T.);
#1470=EDGE_CURVE('',#1225,#1226,#973,.T.);
#1471=EDGE_CURVE('',#1226,#1226,#270,.T.);
#1472=EDGE_CURVE('',#1227,#1227,#271,.T.);
#1473=EDGE_CURVE('',#1227,#1228,#974,.T.);
#1474=EDGE_CURVE('',#1228,#1228,#272,.T.);
#1475=EDGE_CURVE('',#1229,#1229,#273,.T.);
#1476=EDGE_CURVE('',#1229,#1230,#975,.T.);
#1477=EDGE_CURVE('',#1230,#1230,#274,.T.);
#1478=EDGE_CURVE('',#1231,#1231,#275,.T.);
#1479=EDGE_CURVE('',#1231,#1232,#976,.T.);
#1480=EDGE_CURVE('',#1232,#1232,#276,.T.);
#1481=EDGE_CURVE('',#1233,#1233,#277,.T.);
#1482=EDGE_CURVE('',#1233,#1234,#977,.T.);
#1483=EDGE_CURVE('',#1234,#1234,#278,.T.);
#1484=EDGE_CURVE('',#1235,#1235,#279,.T.);
#1485=EDGE_CURVE('',#1235,#1236,#978,.T.);
#1486=EDGE_CURVE('',#1236,#1236,#280,.T.);
#1487=EDGE_CURVE('',#1237,#1237,#281,.T.);
#1488=EDGE_CURVE('',#1237,#1238,#979,.T.);
#1489=EDGE_CURVE('',#1238,#1238,#282,.T.);
#1490=EDGE_CURVE('',#1239,#1239,#283,.T.);
#1491=EDGE_CURVE('',#1239,#1240,#980,.T.);
#1492=EDGE_CURVE('',#1240,#1240,#284,.T.);
#1493=EDGE_CURVE('',#1241,#1241,#285,.T.);
#1494=EDGE_CURVE('',#1241,#1242,#981,.T.);
#1495=EDGE_CURVE('',#1242,#1242,#286,.T.);
#1496=EDGE_CURVE('',#1243,#1243,#287,.T.);
#1497=EDGE_CURVE('',#1243,#1244,#982,.T.);
#1498=EDGE_CURVE('',#1244,#1244,#288,.T.);
#1499=EDGE_CURVE('',#1245,#1245,#289,.T.);
#1500=EDGE_CURVE('',#1245,#1246,#983,.T.);
#1501=EDGE_CURVE('',#1246,#1246,#290,.T.);
#1502=EDGE_CURVE('',#1247,#1247,#291,.T.);
#1503=EDGE_CURVE('',#1247,#1248,#984,.T.);
#1504=EDGE_CURVE('',#1248,#1248,#292,.T.);
#1505=EDGE_CURVE('',#1249,#1249,#293,.T.);
#1506=EDGE_CURVE('',#1249,#1250,#985,.T.);
#1507=EDGE_CURVE('',#1250,#1250,#294,.T.);
#1508=EDGE_CURVE('',#1251,#1251,#295,.T.);
#1509=EDGE_CURVE('',#1251,#1252,#986,.T.);
#1510=EDGE_CURVE('',#1252,#1252,#296,.T.);
#1511=EDGE_CURVE('',#1253,#1253,#297,.T.);
#1512=EDGE_CURVE('',#1253,#1254,#987,.T.);
#1513=EDGE_CURVE('',#1254,#1254,#298,.T.);
#1514=EDGE_CURVE('',#1255,#1255,#299,.T.);
#1515=EDGE_CURVE('',#1255,#1256,#988,.T.);
#1516=EDGE_CURVE('',#1256,#1256,#300,.T.);
#1517=EDGE_CURVE('',#1257,#1257,#301,.T.);
#1518=EDGE_CURVE('',#1257,#1258,#989,.T.);
#1519=EDGE_CURVE('',#1258,#1258,#302,.T.);
#1520=EDGE_CURVE('',#1259,#1259,#303,.T.);
#1521=EDGE_CURVE('',#1259,#1260,#990,.T.);
#1522=EDGE_CURVE('',#1260,#1260,#304,.T.);
#1523=EDGE_CURVE('',#1261,#1261,#305,.T.);
#1524=EDGE_CURVE('',#1261,#1262,#991,.T.);
#1525=EDGE_CURVE('',#1262,#1262,#306,.T.);
#1526=EDGE_CURVE('',#1263,#1263,#307,.T.);
#1527=EDGE_CURVE('',#1263,#1264,#992,.T.);
#1528=EDGE_CURVE('',#1264,#1264,#308,.T.);
#1529=EDGE_CURVE('',#1265,#1265,#309,.T.);
#1530=EDGE_CURVE('',#1265,#1266,#993,.T.);
#1531=EDGE_CURVE('',#1266,#1266,#310,.T.);
#1532=EDGE_CURVE('',#1267,#1267,#311,.T.);
#1533=EDGE_CURVE('',#1267,#1268,#994,.T.);
#1534=EDGE_CURVE('',#1268,#1268,#312,.T.);
#1535=EDGE_CURVE('',#1269,#1269,#313,.T.);
#1536=EDGE_CURVE('',#1269,#1270,#995,.T.);
#1537=EDGE_CURVE('',#1270,#1270,#314,.T.);
#1538=EDGE_CURVE('',#1271,#1271,#315,.T.);
#1539=EDGE_CURVE('',#1271,#1272,#996,.T.);
#1540=EDGE_CURVE('',#1272,#1272,#316,.T.);
#1541=EDGE_CURVE('',#1273,#1273,#317,.T.);
#1542=EDGE_CURVE('',#1273,#1274,#997,.T.);
#1543=EDGE_CURVE('',#1274,#1274,#318,.T.);
#1544=EDGE_CURVE('',#1275,#1275,#319,.T.);
#1545=EDGE_CURVE('',#1275,#1276,#998,.T.);
#1546=EDGE_CURVE('',#1276,#1276,#320,.T.);
#1547=EDGE_CURVE('',#1277,#1277,#321,.T.);
#1548=EDGE_CURVE('',#1277,#1278,#999,.T.);
#1549=EDGE_CURVE('',#1278,#1278,#322,.T.);
#1550=EDGE_CURVE('',#1279,#1279,#323,.T.);
#1551=EDGE_CURVE('',#1279,#1280,#1000,.T.);
#1552=EDGE_CURVE('',#1280,#1280,#324,.T.);
#1553=EDGE_CURVE('',#1281,#1281,#325,.T.);
#1554=EDGE_CURVE('',#1281,#1282,#1001,.T.);
#1555=EDGE_CURVE('',#1282,#1282,#326,.T.);
#1556=EDGE_CURVE('',#1283,#1283,#327,.T.);
#1557=EDGE_CURVE('',#1283,#1284,#1002,.T.);
#1558=EDGE_CURVE('',#1284,#1284,#328,.T.);
#1559=EDGE_CURVE('',#1285,#1285,#329,.T.);
#1560=EDGE_CURVE('',#1285,#1286,#1003,.T.);
#1561=EDGE_CURVE('',#1286,#1286,#330,.T.);
#1562=EDGE_CURVE('',#1287,#1287,#331,.T.);
#1563=EDGE_CURVE('',#1287,#1288,#1004,.T.);
#1564=EDGE_CURVE('',#1288,#1288,#332,.T.);
#1565=EDGE_CURVE('',#1289,#1289,#333,.T.);
#1566=EDGE_CURVE('',#1289,#1290,#1005,.T.);
#1567=EDGE_CURVE('',#1290,#1290,#334,.T.);
#1568=EDGE_CURVE('',#1291,#1291,#335,.T.);
#1569=EDGE_CURVE('',#1291,#1292,#1006,.T.);
#1570=EDGE_CURVE('',#1292,#1292,#336,.T.);
#1571=EDGE_CURVE('',#1293,#1293,#337,.T.);
#1572=EDGE_CURVE('',#1293,#1294,#1007,.T.);
#1573=EDGE_CURVE('',#1294,#1294,#338,.T.);
#1574=EDGE_CURVE('',#1295,#1295,#339,.T.);
#1575=EDGE_CURVE('',#1295,#1296,#1008,.T.);
#1576=EDGE_CURVE('',#1296,#1296,#340,.T.);
#1577=EDGE_CURVE('',#1297,#1297,#341,.T.);
#1578=EDGE_CURVE('',#1297,#1298,#1009,.T.);
#1579=EDGE_CURVE('',#1298,#1298,#342,.T.);
#1580=EDGE_CURVE('',#1299,#1299,#343,.T.);
#1581=EDGE_CURVE('',#1299,#1300,#1010,.T.);
#1582=EDGE_CURVE('',#1300,#1300,#344,.T.);
#1583=EDGE_CURVE('',#1301,#1301,#345,.T.);
#1584=EDGE_CURVE('',#1301,#1302,#1011,.T.);
#1585=EDGE_CURVE('',#1302,#1302,#346,.T.);
#1586=EDGE_CURVE('',#1303,#1303,#347,.T.);
#1587=EDGE_CURVE('',#1303,#1304,#1012,.T.);
#1588=EDGE_CURVE('',#1304,#1304,#348,.T.);
#1589=EDGE_CURVE('',#1305,#1305,#349,.T.);
#1590=EDGE_CURVE('',#1305,#1306,#1013,.T.);
#1591=EDGE_CURVE('',#1306,#1306,#350,.T.);
#1592=EDGE_CURVE('',#1307,#1307,#351,.T.);
#1593=EDGE_CURVE('',#1307,#1308,#1014,.T.);
#1594=EDGE_CURVE('',#1308,#1308,#352,.T.);
#1595=EDGE_CURVE('',#1309,#1309,#353,.T.);
#1596=EDGE_CURVE('',#1309,#1310,#1015,.T.);
#1597=EDGE_CURVE('',#1310,#1310,#354,.T.);
#1598=EDGE_CURVE('',#1311,#1311,#355,.T.);
#1599=EDGE_CURVE('',#1311,#1312,#1016,.T.);
#1600=EDGE_CURVE('',#1312,#1312,#356,.T.);
#1601=EDGE_CURVE('',#1313,#1313,#357,.T.);
#1602=EDGE_CURVE('',#1313,#1314,#1017,.T.);
#1603=EDGE_CURVE('',#1314,#1314,#358,.T.);
#1604=EDGE_CURVE('',#1315,#1315,#359,.T.);
#1605=EDGE_CURVE('',#1315,#1316,#1018,.T.);
#1606=EDGE_CURVE('',#1316,#1316,#360,.T.);
#1607=EDGE_CURVE('',#1317,#1317,#361,.T.);
#1608=EDGE_CURVE('',#1317,#1318,#1019,.T.);
#1609=EDGE_CURVE('',#1318,#1318,#362,.T.);
#1610=EDGE_CURVE('',#1319,#1319,#363,.T.);
#1611=EDGE_CURVE('',#1319,#1320,#1020,.T.);
#1612=EDGE_CURVE('',#1320,#1320,#364,.T.);
#1613=EDGE_CURVE('',#1321,#1321,#365,.T.);
#1614=EDGE_CURVE('',#1321,#1322,#1021,.T.);
#1615=EDGE_CURVE('',#1322,#1322,#366,.T.);
#1616=EDGE_CURVE('',#1323,#1323,#367,.T.);
#1617=EDGE_CURVE('',#1323,#1324,#1022,.T.);
#1618=EDGE_CURVE('',#1324,#1324,#368,.T.);
#1619=EDGE_CURVE('',#1325,#1325,#369,.T.);
#1620=EDGE_CURVE('',#1325,#1326,#1023,.T.);
#1621=EDGE_CURVE('',#1326,#1326,#370,.T.);
#1622=EDGE_CURVE('',#1327,#1327,#371,.T.);
#1623=EDGE_CURVE('',#1327,#1328,#1024,.T.);
#1624=EDGE_CURVE('',#1328,#1328,#372,.T.);
#1625=EDGE_CURVE('',#1329,#1329,#373,.T.);
#1626=EDGE_CURVE('',#1329,#1330,#1025,.T.);
#1627=EDGE_CURVE('',#1330,#1330,#374,.T.);
#1628=EDGE_CURVE('',#1331,#1331,#375,.T.);
#1629=EDGE_CURVE('',#1331,#1332,#1026,.T.);
#1630=EDGE_CURVE('',#1332,#1332,#376,.T.);
#1631=EDGE_CURVE('',#1333,#1333,#377,.T.);
#1632=EDGE_CURVE('',#1333,#1334,#1027,.T.);
#1633=EDGE_CURVE('',#1334,#1334,#378,.T.);
#1634=EDGE_CURVE('',#1335,#1335,#379,.T.);
#1635=EDGE_CURVE('',#1335,#1336,#1028,.T.);
#1636=EDGE_CURVE('',#1336,#1336,#380,.T.);
#1637=EDGE_CURVE('',#1337,#1337,#381,.T.);
#1638=EDGE_CURVE('',#1337,#1338,#1029,.T.);
#1639=EDGE_CURVE('',#1338,#1338,#382,.T.);
#1640=EDGE_CURVE('',#1339,#1339,#383,.T.);
#1641=EDGE_CURVE('',#1339,#1340,#1030,.T.);
#1642=EDGE_CURVE('',#1340,#1340,#384,.T.);
#1643=EDGE_CURVE('',#1341,#1341,#385,.T.);
#1644=EDGE_CURVE('',#1341,#1342,#1031,.T.);
#1645=EDGE_CURVE('',#1342,#1342,#386,.T.);
#1646=EDGE_CURVE('',#1343,#1343,#387,.T.);
#1647=EDGE_CURVE('',#1343,#1344,#1032,.T.);
#1648=EDGE_CURVE('',#1344,#1344,#388,.T.);
#1649=EDGE_CURVE('',#1345,#1345,#389,.T.);
#1650=EDGE_CURVE('',#1345,#1346,#1033,.T.);
#1651=EDGE_CURVE('',#1346,#1346,#390,.T.);
#1652=EDGE_CURVE('',#1347,#1347,#391,.T.);
#1653=EDGE_CURVE('',#1347,#1348,#1034,.T.);
#1654=EDGE_CURVE('',#1348,#1348,#392,.T.);
#1655=EDGE_CURVE('',#1349,#1349,#393,.T.);
#1656=EDGE_CURVE('',#1349,#1350,#1035,.T.);
#1657=EDGE_CURVE('',#1350,#1350,#394,.T.);
#1658=EDGE_CURVE('',#1351,#1351,#395,.T.);
#1659=EDGE_CURVE('',#1351,#1352,#1036,.T.);
#1660=EDGE_CURVE('',#1352,#1352,#396,.T.);
#1661=EDGE_CURVE('',#1353,#1353,#397,.T.);
#1662=EDGE_CURVE('',#1353,#1354,#1037,.T.);
#1663=EDGE_CURVE('',#1354,#1354,#398,.T.);
#1664=EDGE_CURVE('',#1355,#1355,#399,.T.);
#1665=EDGE_CURVE('',#1355,#1356,#1038,.T.);
#1666=EDGE_CURVE('',#1356,#1356,#400,.T.);
#1667=EDGE_CURVE('',#1357,#1357,#401,.T.);
#1668=EDGE_CURVE('',#1357,#1358,#1039,.T.);
#1669=EDGE_CURVE('',#1358,#1358,#402,.T.);
#1670=EDGE_CURVE('',#1359,#1359,#403,.T.);
#1671=EDGE_CURVE('',#1359,#1360,#1040,.T.);
#1672=EDGE_CURVE('',#1360,#1360,#404,.T.);
#1673=EDGE_CURVE('',#1361,#1361,#405,.T.);
#1674=EDGE_CURVE('',#1361,#1362,#1041,.T.);
#1675=EDGE_CURVE('',#1362,#1362,#406,.T.);
#1676=EDGE_CURVE('',#1363,#1363,#407,.T.);
#1677=EDGE_CURVE('',#1363,#1364,#1042,.T.);
#1678=EDGE_CURVE('',#1364,#1364,#408,.T.);
#1679=EDGE_CURVE('',#1365,#1365,#409,.T.);
#1680=EDGE_CURVE('',#1365,#1366,#1043,.T.);
#1681=EDGE_CURVE('',#1366,#1366,#410,.T.);
#1682=EDGE_CURVE('',#1367,#1367,#411,.T.);
#1683=EDGE_CURVE('',#1367,#1368,#1044,.T.);
#1684=EDGE_CURVE('',#1368,#1368,#412,.T.);
#1685=EDGE_CURVE('',#1369,#1369,#413,.T.);
#1686=EDGE_CURVE('',#1369,#1370,#1045,.T.);
#1687=EDGE_CURVE('',#1370,#1370,#414,.T.);
#1688=EDGE_CURVE('',#1371,#1371,#415,.T.);
#1689=EDGE_CURVE('',#1371,#1372,#1046,.T.);
#1690=EDGE_CURVE('',#1372,#1372,#416,.T.);
#1691=ORIENTED_EDGE('',*,*,#1373,.F.);
#1692=ORIENTED_EDGE('',*,*,#1374,.T.);
#1693=ORIENTED_EDGE('',*,*,#1375,.F.);
#1694=ORIENTED_EDGE('',*,*,#1376,.F.);
#1695=ORIENTED_EDGE('',*,*,#1377,.F.);
#1696=ORIENTED_EDGE('',*,*,#1378,.T.);
#1697=ORIENTED_EDGE('',*,*,#1379,.F.);
#1698=ORIENTED_EDGE('',*,*,#1374,.F.);
#1699=ORIENTED_EDGE('',*,*,#1380,.F.);
#1700=ORIENTED_EDGE('',*,*,#1381,.T.);
#1701=ORIENTED_EDGE('',*,*,#1382,.F.);
#1702=ORIENTED_EDGE('',*,*,#1378,.F.);
#1703=ORIENTED_EDGE('',*,*,#1383,.F.);
#1704=ORIENTED_EDGE('',*,*,#1376,.T.);
#1705=ORIENTED_EDGE('',*,*,#1384,.F.);
#1706=ORIENTED_EDGE('',*,*,#1381,.F.);
#1707=ORIENTED_EDGE('',*,*,#1385,.F.);
#1708=ORIENTED_EDGE('',*,*,#1386,.T.);
#1709=ORIENTED_EDGE('',*,*,#1387,.F.);
#1710=ORIENTED_EDGE('',*,*,#1388,.F.);
#1711=ORIENTED_EDGE('',*,*,#1389,.F.);
#1712=ORIENTED_EDGE('',*,*,#1390,.T.);
#1713=ORIENTED_EDGE('',*,*,#1391,.F.);
#1714=ORIENTED_EDGE('',*,*,#1386,.F.);
#1715=ORIENTED_EDGE('',*,*,#1392,.F.);
#1716=ORIENTED_EDGE('',*,*,#1393,.T.);
#1717=ORIENTED_EDGE('',*,*,#1394,.F.);
#1718=ORIENTED_EDGE('',*,*,#1390,.F.);
#1719=ORIENTED_EDGE('',*,*,#1395,.F.);
#1720=ORIENTED_EDGE('',*,*,#1388,.T.);
#1721=ORIENTED_EDGE('',*,*,#1396,.F.);
#1722=ORIENTED_EDGE('',*,*,#1393,.F.);
#1723=ORIENTED_EDGE('',*,*,#1397,.F.);
#1724=ORIENTED_EDGE('',*,*,#1398,.T.);
#1725=ORIENTED_EDGE('',*,*,#1399,.F.);
#1726=ORIENTED_EDGE('',*,*,#1398,.F.);
#1727=ORIENTED_EDGE('',*,*,#1400,.F.);
#1728=ORIENTED_EDGE('',*,*,#1401,.T.);
#1729=ORIENTED_EDGE('',*,*,#1402,.F.);
#1730=ORIENTED_EDGE('',*,*,#1401,.F.);
#1731=ORIENTED_EDGE('',*,*,#1403,.F.);
#1732=ORIENTED_EDGE('',*,*,#1404,.T.);
#1733=ORIENTED_EDGE('',*,*,#1405,.F.);
#1734=ORIENTED_EDGE('',*,*,#1404,.F.);
#1735=ORIENTED_EDGE('',*,*,#1406,.F.);
#1736=ORIENTED_EDGE('',*,*,#1407,.T.);
#1737=ORIENTED_EDGE('',*,*,#1408,.F.);
#1738=ORIENTED_EDGE('',*,*,#1407,.F.);
#1739=ORIENTED_EDGE('',*,*,#1409,.F.);
#1740=ORIENTED_EDGE('',*,*,#1410,.T.);
#1741=ORIENTED_EDGE('',*,*,#1411,.F.);
#1742=ORIENTED_EDGE('',*,*,#1410,.F.);
#1743=ORIENTED_EDGE('',*,*,#1412,.F.);
#1744=ORIENTED_EDGE('',*,*,#1413,.T.);
#1745=ORIENTED_EDGE('',*,*,#1414,.F.);
#1746=ORIENTED_EDGE('',*,*,#1413,.F.);
#1747=ORIENTED_EDGE('',*,*,#1415,.F.);
#1748=ORIENTED_EDGE('',*,*,#1416,.T.);
#1749=ORIENTED_EDGE('',*,*,#1417,.F.);
#1750=ORIENTED_EDGE('',*,*,#1416,.F.);
#1751=ORIENTED_EDGE('',*,*,#1418,.F.);
#1752=ORIENTED_EDGE('',*,*,#1419,.T.);
#1753=ORIENTED_EDGE('',*,*,#1420,.F.);
#1754=ORIENTED_EDGE('',*,*,#1419,.F.);
#1755=ORIENTED_EDGE('',*,*,#1421,.F.);
#1756=ORIENTED_EDGE('',*,*,#1422,.T.);
#1757=ORIENTED_EDGE('',*,*,#1423,.F.);
#1758=ORIENTED_EDGE('',*,*,#1422,.F.);
#1759=ORIENTED_EDGE('',*,*,#1424,.F.);
#1760=ORIENTED_EDGE('',*,*,#1425,.T.);
#1761=ORIENTED_EDGE('',*,*,#1426,.F.);
#1762=ORIENTED_EDGE('',*,*,#1425,.F.);
#1763=ORIENTED_EDGE('',*,*,#1427,.F.);
#1764=ORIENTED_EDGE('',*,*,#1428,.T.);
#1765=ORIENTED_EDGE('',*,*,#1429,.F.);
#1766=ORIENTED_EDGE('',*,*,#1428,.F.);
#1767=ORIENTED_EDGE('',*,*,#1430,.F.);
#1768=ORIENTED_EDGE('',*,*,#1431,.T.);
#1769=ORIENTED_EDGE('',*,*,#1432,.F.);
#1770=ORIENTED_EDGE('',*,*,#1431,.F.);
#1771=ORIENTED_EDGE('',*,*,#1433,.F.);
#1772=ORIENTED_EDGE('',*,*,#1434,.T.);
#1773=ORIENTED_EDGE('',*,*,#1435,.F.);
#1774=ORIENTED_EDGE('',*,*,#1434,.F.);
#1775=ORIENTED_EDGE('',*,*,#1436,.F.);
#1776=ORIENTED_EDGE('',*,*,#1437,.T.);
#1777=ORIENTED_EDGE('',*,*,#1438,.F.);
#1778=ORIENTED_EDGE('',*,*,#1437,.F.);
#1779=ORIENTED_EDGE('',*,*,#1439,.F.);
#1780=ORIENTED_EDGE('',*,*,#1440,.T.);
#1781=ORIENTED_EDGE('',*,*,#1441,.F.);
#1782=ORIENTED_EDGE('',*,*,#1440,.F.);
#1783=ORIENTED_EDGE('',*,*,#1442,.F.);
#1784=ORIENTED_EDGE('',*,*,#1443,.T.);
#1785=ORIENTED_EDGE('',*,*,#1444,.F.);
#1786=ORIENTED_EDGE('',*,*,#1443,.F.);
#1787=ORIENTED_EDGE('',*,*,#1445,.F.);
#1788=ORIENTED_EDGE('',*,*,#1446,.T.);
#1789=ORIENTED_EDGE('',*,*,#1447,.F.);
#1790=ORIENTED_EDGE('',*,*,#1446,.F.);
#1791=ORIENTED_EDGE('',*,*,#1448,.F.);
#1792=ORIENTED_EDGE('',*,*,#1449,.T.);
#1793=ORIENTED_EDGE('',*,*,#1450,.F.);
#1794=ORIENTED_EDGE('',*,*,#1449,.F.);
#1795=ORIENTED_EDGE('',*,*,#1451,.F.);
#1796=ORIENTED_EDGE('',*,*,#1452,.T.);
#1797=ORIENTED_EDGE('',*,*,#1453,.F.);
#1798=ORIENTED_EDGE('',*,*,#1452,.F.);
#1799=ORIENTED_EDGE('',*,*,#1454,.F.);
#1800=ORIENTED_EDGE('',*,*,#1455,.T.);
#1801=ORIENTED_EDGE('',*,*,#1456,.F.);
#1802=ORIENTED_EDGE('',*,*,#1455,.F.);
#1803=ORIENTED_EDGE('',*,*,#1457,.F.);
#1804=ORIENTED_EDGE('',*,*,#1458,.T.);
#1805=ORIENTED_EDGE('',*,*,#1459,.F.);
#1806=ORIENTED_EDGE('',*,*,#1458,.F.);
#1807=ORIENTED_EDGE('',*,*,#1460,.F.);
#1808=ORIENTED_EDGE('',*,*,#1461,.T.);
#1809=ORIENTED_EDGE('',*,*,#1462,.F.);
#1810=ORIENTED_EDGE('',*,*,#1461,.F.);
#1811=ORIENTED_EDGE('',*,*,#1463,.F.);
#1812=ORIENTED_EDGE('',*,*,#1464,.T.);
#1813=ORIENTED_EDGE('',*,*,#1465,.F.);
#1814=ORIENTED_EDGE('',*,*,#1464,.F.);
#1815=ORIENTED_EDGE('',*,*,#1466,.F.);
#1816=ORIENTED_EDGE('',*,*,#1467,.T.);
#1817=ORIENTED_EDGE('',*,*,#1468,.F.);
#1818=ORIENTED_EDGE('',*,*,#1467,.F.);
#1819=ORIENTED_EDGE('',*,*,#1469,.F.);
#1820=ORIENTED_EDGE('',*,*,#1470,.T.);
#1821=ORIENTED_EDGE('',*,*,#1471,.F.);
#1822=ORIENTED_EDGE('',*,*,#1470,.F.);
#1823=ORIENTED_EDGE('',*,*,#1472,.F.);
#1824=ORIENTED_EDGE('',*,*,#1473,.T.);
#1825=ORIENTED_EDGE('',*,*,#1474,.F.);
#1826=ORIENTED_EDGE('',*,*,#1473,.F.);
#1827=ORIENTED_EDGE('',*,*,#1475,.F.);
#1828=ORIENTED_EDGE('',*,*,#1476,.T.);
#1829=ORIENTED_EDGE('',*,*,#1477,.F.);
#1830=ORIENTED_EDGE('',*,*,#1476,.F.);
#1831=ORIENTED_EDGE('',*,*,#1478,.F.);
#1832=ORIENTED_EDGE('',*,*,#1479,.T.);
#1833=ORIENTED_EDGE('',*,*,#1480,.F.);
#1834=ORIENTED_EDGE('',*,*,#1479,.F.);
#1835=ORIENTED_EDGE('',*,*,#1481,.F.);
#1836=ORIENTED_EDGE('',*,*,#1482,.T.);
#1837=ORIENTED_EDGE('',*,*,#1483,.F.);
#1838=ORIENTED_EDGE('',*,*,#1482,.F.);
#1839=ORIENTED_EDGE('',*,*,#1484,.F.);
#1840=ORIENTED_EDGE('',*,*,#1485,.T.);
#1841=ORIENTED_EDGE('',*,*,#1486,.F.);
#1842=ORIENTED_EDGE('',*,*,#1485,.F.);
#1843=ORIENTED_EDGE('',*,*,#1487,.F.);
#1844=ORIENTED_EDGE('',*,*,#1488,.T.);
#1845=ORIENTED_EDGE('',*,*,#1489,.F.);
#1846=ORIENTED_EDGE('',*,*,#1488,.F.);
#1847=ORIENTED_EDGE('',*,*,#1490,.F.);
#1848=ORIENTED_EDGE('',*,*,#1491,.T.);
#1849=ORIENTED_EDGE('',*,*,#1492,.F.);
#1850=ORIENTED_EDGE('',*,*,#1491,.F.);
#1851=ORIENTED_EDGE('',*,*,#1493,.F.);
#1852=ORIENTED_EDGE('',*,*,#1494,.T.);
#1853=ORIENTED_EDGE('',*,*,#1495,.F.);
#1854=ORIENTED_EDGE('',*,*,#1494,.F.);
#1855=ORIENTED_EDGE('',*,*,#1496,.F.);
#1856=ORIENTED_EDGE('',*,*,#1497,.T.);
#1857=ORIENTED_EDGE('',*,*,#1498,.F.);
#1858=ORIENTED_EDGE('',*,*,#1497,.F.);
#1859=ORIENTED_EDGE('',*,*,#1499,.F.);
#1860=ORIENTED_EDGE('',*,*,#1500,.T.);
#1861=ORIENTED_EDGE('',*,*,#1501,.F.);
#1862=ORIENTED_EDGE('',*,*,#1500,.F.);
#1863=ORIENTED_EDGE('',*,*,#1502,.F.);
#1864=ORIENTED_EDGE('',*,*,#1503,.T.);
#1865=ORIENTED_EDGE('',*,*,#1504,.F.);
#1866=ORIENTED_EDGE('',*,*,#1503,.F.);
#1867=ORIENTED_EDGE('',*,*,#1505,.F.);
#1868=ORIENTED_EDGE('',*,*,#1506,.T.);
#1869=ORIENTED_EDGE('',*,*,#1507,.F.);
#1870=ORIENTED_EDGE('',*,*,#1506,.F.);
#1871=ORIENTED_EDGE('',*,*,#1508,.F.);
#1872=ORIENTED_EDGE('',*,*,#1509,.T.);
#1873=ORIENTED_EDGE('',*,*,#1510,.F.);
#1874=ORIENTED_EDGE('',*,*,#1509,.F.);
#1875=ORIENTED_EDGE('',*,*,#1511,.F.);
#1876=ORIENTED_EDGE('',*,*,#1512,.T.);
#1877=ORIENTED_EDGE('',*,*,#1513,.F.);
#1878=ORIENTED_EDGE('',*,*,#1512,.F.);
#1879=ORIENTED_EDGE('',*,*,#1514,.F.);
#1880=ORIENTED_EDGE('',*,*,#1515,.T.);
#1881=ORIENTED_EDGE('',*,*,#1516,.F.);
#1882=ORIENTED_EDGE('',*,*,#1515,.F.);
#1883=ORIENTED_EDGE('',*,*,#1517,.F.);
#1884=ORIENTED_EDGE('',*,*,#1518,.T.);
#1885=ORIENTED_EDGE('',*,*,#1519,.F.);
#1886=ORIENTED_EDGE('',*,*,#1518,.F.);
#1887=ORIENTED_EDGE('',*,*,#1520,.F.);
#1888=ORIENTED_EDGE('',*,*,#1521,.T.);
#1889=ORIENTED_EDGE('',*,*,#1522,.F.);
#1890=ORIENTED_EDGE('',*,*,#1521,.F.);
#1891=ORIENTED_EDGE('',*,*,#1523,.F.);
#1892=ORIENTED_EDGE('',*,*,#1524,.T.);
#1893=ORIENTED_EDGE('',*,*,#1525,.F.);
#1894=ORIENTED_EDGE('',*,*,#1524,.F.);
#1895=ORIENTED_EDGE('',*,*,#1526,.F.);
#1896=ORIENTED_EDGE('',*,*,#1527,.T.);
#1897=ORIENTED_EDGE('',*,*,#1528,.F.);
#1898=ORIENTED_EDGE('',*,*,#1527,.F.);
#1899=ORIENTED_EDGE('',*,*,#1529,.F.);
#1900=ORIENTED_EDGE('',*,*,#1530,.T.);
#1901=ORIENTED_EDGE('',*,*,#1531,.F.);
#1902=ORIENTED_EDGE('',*,*,#1530,.F.);
#1903=ORIENTED_EDGE('',*,*,#1532,.F.);
#1904=ORIENTED_EDGE('',*,*,#1533,.T.);
#1905=ORIENTED_EDGE('',*,*,#1534,.F.);
#1906=ORIENTED_EDGE('',*,*,#1533,.F.);
#1907=ORIENTED_EDGE('',*,*,#1535,.F.);
#1908=ORIENTED_EDGE('',*,*,#1536,.T.);
#1909=ORIENTED_EDGE('',*,*,#1537,.F.);
#1910=ORIENTED_EDGE('',*,*,#1536,.F.);
#1911=ORIENTED_EDGE('',*,*,#1538,.F.);
#1912=ORIENTED_EDGE('',*,*,#1539,.T.);
#1913=ORIENTED_EDGE('',*,*,#1540,.F.);
#1914=ORIENTED_EDGE('',*,*,#1539,.F.);
#1915=ORIENTED_EDGE('',*,*,#1541,.F.);
#1916=ORIENTED_EDGE('',*,*,#1542,.T.);
#1917=ORIENTED_EDGE('',*,*,#1543,.F.);
#1918=ORIENTED_EDGE('',*,*,#1542,.F.);
#1919=ORIENTED_EDGE('',*,*,#1544,.F.);
#1920=ORIENTED_EDGE('',*,*,#1545,.T.);
#1921=ORIENTED_EDGE('',*,*,#1546,.F.);
#1922=ORIENTED_EDGE('',*,*,#1545,.F.);
#1923=ORIENTED_EDGE('',*,*,#1547,.F.);
#1924=ORIENTED_EDGE('',*,*,#1548,.T.);
#1925=ORIENTED_EDGE('',*,*,#1549,.F.);
#1926=ORIENTED_EDGE('',*,*,#1548,.F.);
#1927=ORIENTED_EDGE('',*,*,#1550,.F.);
#1928=ORIENTED_EDGE('',*,*,#1551,.T.);
#1929=ORIENTED_EDGE('',*,*,#1552,.F.);
#1930=ORIENTED_EDGE('',*,*,#1551,.F.);
#1931=ORIENTED_EDGE('',*,*,#1553,.F.);
#1932=ORIENTED_EDGE('',*,*,#1554,.T.);
#1933=ORIENTED_EDGE('',*,*,#1555,.F.);
#1934=ORIENTED_EDGE('',*,*,#1554,.F.);
#1935=ORIENTED_EDGE('',*,*,#1556,.F.);
#1936=ORIENTED_EDGE('',*,*,#1557,.T.);
#1937=ORIENTED_EDGE('',*,*,#1558,.F.);
#1938=ORIENTED_EDGE('',*,*,#1557,.F.);
#1939=ORIENTED_EDGE('',*,*,#1559,.F.);
#1940=ORIENTED_EDGE('',*,*,#1560,.T.);
#1941=ORIENTED_EDGE('',*,*,#1561,.F.);
#1942=ORIENTED_EDGE('',*,*,#1560,.F.);
#1943=ORIENTED_EDGE('',*,*,#1562,.F.);
#1944=ORIENTED_EDGE('',*,*,#1563,.T.);
#1945=ORIENTED_EDGE('',*,*,#1564,.F.);
#1946=ORIENTED_EDGE('',*,*,#1563,.F.);
#1947=ORIENTED_EDGE('',*,*,#1565,.F.);
#1948=ORIENTED_EDGE('',*,*,#1566,.T.);
#1949=ORIENTED_EDGE('',*,*,#1567,.F.);
#1950=ORIENTED_EDGE('',*,*,#1566,.F.);
#1951=ORIENTED_EDGE('',*,*,#1568,.F.);
#1952=ORIENTED_EDGE('',*,*,#1569,.T.);
#1953=ORIENTED_EDGE('',*,*,#1570,.F.);
#1954=ORIENTED_EDGE('',*,*,#1569,.F.);
#1955=ORIENTED_EDGE('',*,*,#1571,.F.);
#1956=ORIENTED_EDGE('',*,*,#1572,.T.);
#1957=ORIENTED_EDGE('',*,*,#1573,.F.);
#1958=ORIENTED_EDGE('',*,*,#1572,.F.);
#1959=ORIENTED_EDGE('',*,*,#1574,.F.);
#1960=ORIENTED_EDGE('',*,*,#1575,.T.);
#1961=ORIENTED_EDGE('',*,*,#1576,.F.);
#1962=ORIENTED_EDGE('',*,*,#1575,.F.);
#1963=ORIENTED_EDGE('',*,*,#1577,.F.);
#1964=ORIENTED_EDGE('',*,*,#1578,.T.);
#1965=ORIENTED_EDGE('',*,*,#1579,.F.);
#1966=ORIENTED_EDGE('',*,*,#1578,.F.);
#1967=ORIENTED_EDGE('',*,*,#1580,.F.);
#1968=ORIENTED_EDGE('',*,*,#1581,.T.);
#1969=ORIENTED_EDGE('',*,*,#1582,.F.);
#1970=ORIENTED_EDGE('',*,*,#1581,.F.);
#1971=ORIENTED_EDGE('',*,*,#1583,.F.);
#1972=ORIENTED_EDGE('',*,*,#1584,.T.);
#1973=ORIENTED_EDGE('',*,*,#1585,.F.);
#1974=ORIENTED_EDGE('',*,*,#1584,.F.);
#1975=ORIENTED_EDGE('',*,*,#1586,.F.);
#1976=ORIENTED_EDGE('',*,*,#1587,.T.);
#1977=ORIENTED_EDGE('',*,*,#1588,.F.);
#1978=ORIENTED_EDGE('',*,*,#1587,.F.);
#1979=ORIENTED_EDGE('',*,*,#1589,.F.);
#1980=ORIENTED_EDGE('',*,*,#1590,.T.);
#1981=ORIENTED_EDGE('',*,*,#1591,.F.);
#1982=ORIENTED_EDGE('',*,*,#1590,.F.);
#1983=ORIENTED_EDGE('',*,*,#1592,.F.);
#1984=ORIENTED_EDGE('',*,*,#1593,.T.);
#1985=ORIENTED_EDGE('',*,*,#1594,.F.);
#1986=ORIENTED_EDGE('',*,*,#1593,.F.);
#1987=ORIENTED_EDGE('',*,*,#1595,.F.);
#1988=ORIENTED_EDGE('',*,*,#1596,.T.);
#1989=ORIENTED_EDGE('',*,*,#1597,.F.);
#1990=ORIENTED_EDGE('',*,*,#1596,.F.);
#1991=ORIENTED_EDGE('',*,*,#1598,.F.);
#1992=ORIENTED_EDGE('',*,*,#1599,.T.);
#1993=ORIENTED_EDGE('',*,*,#1600,.F.);
#1994=ORIENTED_EDGE('',*,*,#1599,.F.);
#1995=ORIENTED_EDGE('',*,*,#1601,.F.);
#1996=ORIENTED_EDGE('',*,*,#1602,.T.);
#1997=ORIENTED_EDGE('',*,*,#1603,.F.);
#1998=ORIENTED_EDGE('',*,*,#1602,.F.);
#1999=ORIENTED_EDGE('',*,*,#1604,.F.);
#2000=ORIENTED_EDGE('',*,*,#1605,.T.);
#2001=ORIENTED_EDGE('',*,*,#1606,.F.);
#2002=ORIENTED_EDGE('',*,*,#1605,.F.);
#2003=ORIENTED_EDGE('',*,*,#1607,.F.);
#2004=ORIENTED_EDGE('',*,*,#1608,.T.);
#2005=ORIENTED_EDGE('',*,*,#1609,.F.);
#2006=ORIENTED_EDGE('',*,*,#1608,.F.);
#2007=ORIENTED_EDGE('',*,*,#1610,.F.);
#2008=ORIENTED_EDGE('',*,*,#1611,.T.);
#2009=ORIENTED_EDGE('',*,*,#1612,.F.);
#2010=ORIENTED_EDGE('',*,*,#1611,.F.);
#2011=ORIENTED_EDGE('',*,*,#1613,.F.);
#2012=ORIENTED_EDGE('',*,*,#1614,.T.);
#2013=ORIENTED_EDGE('',*,*,#1615,.F.);
#2014=ORIENTED_EDGE('',*,*,#1614,.F.);
#2015=ORIENTED_EDGE('',*,*,#1616,.F.);
#2016=ORIENTED_EDGE('',*,*,#1617,.T.);
#2017=ORIENTED_EDGE('',*,*,#1618,.F.);
#2018=ORIENTED_EDGE('',*,*,#1617,.F.);
#2019=ORIENTED_EDGE('',*,*,#1619,.F.);
#2020=ORIENTED_EDGE('',*,*,#1620,.T.);
#2021=ORIENTED_EDGE('',*,*,#1621,.F.);
#2022=ORIENTED_EDGE('',*,*,#1620,.F.);
#2023=ORIENTED_EDGE('',*,*,#1622,.F.);
#2024=ORIENTED_EDGE('',*,*,#1623,.T.);
#2025=ORIENTED_EDGE('',*,*,#1624,.F.);
#2026=ORIENTED_EDGE('',*,*,#1623,.F.);
#2027=ORIENTED_EDGE('',*,*,#1625,.F.);
#2028=ORIENTED_EDGE('',*,*,#1626,.T.);
#2029=ORIENTED_EDGE('',*,*,#1627,.F.);
#2030=ORIENTED_EDGE('',*,*,#1626,.F.);
#2031=ORIENTED_EDGE('',*,*,#1628,.F.);
#2032=ORIENTED_EDGE('',*,*,#1629,.T.);
#2033=ORIENTED_EDGE('',*,*,#1630,.F.);
#2034=ORIENTED_EDGE('',*,*,#1629,.F.);
#2035=ORIENTED_EDGE('',*,*,#1631,.F.);
#2036=ORIENTED_EDGE('',*,*,#1632,.T.);
#2037=ORIENTED_EDGE('',*,*,#1633,.F.);
#2038=ORIENTED_EDGE('',*,*,#1632,.F.);
#2039=ORIENTED_EDGE('',*,*,#1634,.F.);
#2040=ORIENTED_EDGE('',*,*,#1635,.T.);
#2041=ORIENTED_EDGE('',*,*,#1636,.F.);
#2042=ORIENTED_EDGE('',*,*,#1635,.F.);
#2043=ORIENTED_EDGE('',*,*,#1637,.F.);
#2044=ORIENTED_EDGE('',*,*,#1638,.T.);
#2045=ORIENTED_EDGE('',*,*,#1639,.F.);
#2046=ORIENTED_EDGE('',*,*,#1638,.F.);
#2047=ORIENTED_EDGE('',*,*,#1640,.F.);
#2048=ORIENTED_EDGE('',*,*,#1641,.T.);
#2049=ORIENTED_EDGE('',*,*,#1642,.F.);
#2050=ORIENTED_EDGE('',*,*,#1641,.F.);
#2051=ORIENTED_EDGE('',*,*,#1643,.F.);
#2052=ORIENTED_EDGE('',*,*,#1644,.T.);
#2053=ORIENTED_EDGE('',*,*,#1645,.F.);
#2054=ORIENTED_EDGE('',*,*,#1644,.F.);
#2055=ORIENTED_EDGE('',*,*,#1646,.F.);
#2056=ORIENTED_EDGE('',*,*,#1647,.T.);
#2057=ORIENTED_EDGE('',*,*,#1648,.F.);
#2058=ORIENTED_EDGE('',*,*,#1647,.F.);
#2059=ORIENTED_EDGE('',*,*,#1649,.F.);
#2060=ORIENTED_EDGE('',*,*,#1650,.T.);
#2061=ORIENTED_EDGE('',*,*,#1651,.F.);
#2062=ORIENTED_EDGE('',*,*,#1650,.F.);
#2063=ORIENTED_EDGE('',*,*,#1652,.F.);
#2064=ORIENTED_EDGE('',*,*,#1653,.T.);
#2065=ORIENTED_EDGE('',*,*,#1654,.F.);
#2066=ORIENTED_EDGE('',*,*,#1653,.F.);
#2067=ORIENTED_EDGE('',*,*,#1655,.F.);
#2068=ORIENTED_EDGE('',*,*,#1656,.T.);
#2069=ORIENTED_EDGE('',*,*,#1657,.F.);
#2070=ORIENTED_EDGE('',*,*,#1656,.F.);
#2071=ORIENTED_EDGE('',*,*,#1658,.F.);
#2072=ORIENTED_EDGE('',*,*,#1659,.T.);
#2073=ORIENTED_EDGE('',*,*,#1660,.F.);
#2074=ORIENTED_EDGE('',*,*,#1659,.F.);
#2075=ORIENTED_EDGE('',*,*,#1661,.F.);
#2076=ORIENTED_EDGE('',*,*,#1662,.T.);
#2077=ORIENTED_EDGE('',*,*,#1663,.F.);
#2078=ORIENTED_EDGE('',*,*,#1662,.F.);
#2079=ORIENTED_EDGE('',*,*,#1664,.F.);
#2080=ORIENTED_EDGE('',*,*,#1665,.T.);
#2081=ORIENTED_EDGE('',*,*,#1666,.F.);
#2082=ORIENTED_EDGE('',*,*,#1665,.F.);
#2083=ORIENTED_EDGE('',*,*,#1667,.F.);
#2084=ORIENTED_EDGE('',*,*,#1668,.T.);
#2085=ORIENTED_EDGE('',*,*,#1669,.F.);
#2086=ORIENTED_EDGE('',*,*,#1668,.F.);
#2087=ORIENTED_EDGE('',*,*,#1670,.F.);
#2088=ORIENTED_EDGE('',*,*,#1671,.T.);
#2089=ORIENTED_EDGE('',*,*,#1672,.F.);
#2090=ORIENTED_EDGE('',*,*,#1671,.F.);
#2091=ORIENTED_EDGE('',*,*,#1673,.F.);
#2092=ORIENTED_EDGE('',*,*,#1674,.T.);
#2093=ORIENTED_EDGE('',*,*,#1675,.F.);
#2094=ORIENTED_EDGE('',*,*,#1674,.F.);
#2095=ORIENTED_EDGE('',*,*,#1676,.F.);
#2096=ORIENTED_EDGE('',*,*,#1677,.T.);
#2097=ORIENTED_EDGE('',*,*,#1678,.F.);
#2098=ORIENTED_EDGE('',*,*,#1677,.F.);
#2099=ORIENTED_EDGE('',*,*,#1679,.F.);
#2100=ORIENTED_EDGE('',*,*,#1680,.T.);
#2101=ORIENTED_EDGE('',*,*,#1681,.F.);
#2102=ORIENTED_EDGE('',*,*,#1680,.F.);
#2103=ORIENTED_EDGE('',*,*,#1682,.F.);
#2104=ORIENTED_EDGE('',*,*,#1683,.T.);
#2105=ORIENTED_EDGE('',*,*,#1684,.F.);
#2106=ORIENTED_EDGE('',*,*,#1683,.F.);
#2107=ORIENTED_EDGE('',*,*,#1685,.F.);
#2108=ORIENTED_EDGE('',*,*,#1686,.T.);
#2109=ORIENTED_EDGE('',*,*,#1687,.F.);
#2110=ORIENTED_EDGE('',*,*,#1686,.F.);
#2111=ORIENTED_EDGE('',*,*,#1688,.F.);
#2112=ORIENTED_EDGE('',*,*,#1689,.T.);
#2113=ORIENTED_EDGE('',*,*,#1690,.T.);
#2114=ORIENTED_EDGE('',*,*,#1689,.F.);
#2115=ORIENTED_EDGE('',*,*,#1688,.T.);
#2116=ORIENTED_EDGE('',*,*,#1397,.T.);
#2117=ORIENTED_EDGE('',*,*,#1400,.T.);
#2118=ORIENTED_EDGE('',*,*,#1403,.T.);
#2119=ORIENTED_EDGE('',*,*,#1406,.T.);
#2120=ORIENTED_EDGE('',*,*,#1409,.T.);
#2121=ORIENTED_EDGE('',*,*,#1412,.T.);
#2122=ORIENTED_EDGE('',*,*,#1415,.T.);
#2123=ORIENTED_EDGE('',*,*,#1418,.T.);
#2124=ORIENTED_EDGE('',*,*,#1421,.T.);
#2125=ORIENTED_EDGE('',*,*,#1424,.T.);
#2126=ORIENTED_EDGE('',*,*,#1427,.T.);
#2127=ORIENTED_EDGE('',*,*,#1430,.T.);
#2128=ORIENTED_EDGE('',*,*,#1433,.T.);
#2129=ORIENTED_EDGE('',*,*,#1436,.T.);
#2130=ORIENTED_EDGE('',*,*,#1439,.T.);
#2131=ORIENTED_EDGE('',*,*,#1442,.T.);
#2132=ORIENTED_EDGE('',*,*,#1445,.T.);
#2133=ORIENTED_EDGE('',*,*,#1448,.T.);
#2134=ORIENTED_EDGE('',*,*,#1451,.T.);
#2135=ORIENTED_EDGE('',*,*,#1454,.T.);
#2136=ORIENTED_EDGE('',*,*,#1457,.T.);
#2137=ORIENTED_EDGE('',*,*,#1460,.T.);
#2138=ORIENTED_EDGE('',*,*,#1463,.T.);
#2139=ORIENTED_EDGE('',*,*,#1466,.T.);
#2140=ORIENTED_EDGE('',*,*,#1469,.T.);
#2141=ORIENTED_EDGE('',*,*,#1472,.T.);
#2142=ORIENTED_EDGE('',*,*,#1475,.T.);
#2143=ORIENTED_EDGE('',*,*,#1478,.T.);
#2144=ORIENTED_EDGE('',*,*,#1481,.T.);
#2145=ORIENTED_EDGE('',*,*,#1484,.T.);
#2146=ORIENTED_EDGE('',*,*,#1487,.T.);
#2147=ORIENTED_EDGE('',*,*,#1490,.T.);
#2148=ORIENTED_EDGE('',*,*,#1493,.T.);
#2149=ORIENTED_EDGE('',*,*,#1496,.T.);
#2150=ORIENTED_EDGE('',*,*,#1499,.T.);
#2151=ORIENTED_EDGE('',*,*,#1502,.T.);
#2152=ORIENTED_EDGE('',*,*,#1505,.T.);
#2153=ORIENTED_EDGE('',*,*,#1508,.T.);
#2154=ORIENTED_EDGE('',*,*,#1511,.T.);
#2155=ORIENTED_EDGE('',*,*,#1514,.T.);
#2156=ORIENTED_EDGE('',*,*,#1517,.T.);
#2157=ORIENTED_EDGE('',*,*,#1520,.T.);
#2158=ORIENTED_EDGE('',*,*,#1523,.T.);
#2159=ORIENTED_EDGE('',*,*,#1526,.T.);
#2160=ORIENTED_EDGE('',*,*,#1529,.T.);
#2161=ORIENTED_EDGE('',*,*,#1532,.T.);
#2162=ORIENTED_EDGE('',*,*,#1535,.T.);
#2163=ORIENTED_EDGE('',*,*,#1538,.T.);
#2164=ORIENTED_EDGE('',*,*,#1541,.T.);
#2165=ORIENTED_EDGE('',*,*,#1544,.T.);
#2166=ORIENTED_EDGE('',*,*,#1547,.T.);
#2167=ORIENTED_EDGE('',*,*,#1550,.T.);
#2168=ORIENTED_EDGE('',*,*,#1553,.T.);
#2169=ORIENTED_EDGE('',*,*,#1556,.T.);
#2170=ORIENTED_EDGE('',*,*,#1559,.T.);
#2171=ORIENTED_EDGE('',*,*,#1562,.T.);
#2172=ORIENTED_EDGE('',*,*,#1565,.T.);
#2173=ORIENTED_EDGE('',*,*,#1568,.T.);
#2174=ORIENTED_EDGE('',*,*,#1571,.T.);
#2175=ORIENTED_EDGE('',*,*,#1574,.T.);
#2176=ORIENTED_EDGE('',*,*,#1577,.T.);
#2177=ORIENTED_EDGE('',*,*,#1580,.T.);
#2178=ORIENTED_EDGE('',*,*,#1583,.T.);
#2179=ORIENTED_EDGE('',*,*,#1586,.T.);
#2180=ORIENTED_EDGE('',*,*,#1589,.T.);
#2181=ORIENTED_EDGE('',*,*,#1592,.T.);
#2182=ORIENTED_EDGE('',*,*,#1595,.T.);
#2183=ORIENTED_EDGE('',*,*,#1598,.T.);
#2184=ORIENTED_EDGE('',*,*,#1601,.T.);
#2185=ORIENTED_EDGE('',*,*,#1604,.T.);
#2186=ORIENTED_EDGE('',*,*,#1607,.T.);
#2187=ORIENTED_EDGE('',*,*,#1610,.T.);
#2188=ORIENTED_EDGE('',*,*,#1613,.T.);
#2189=ORIENTED_EDGE('',*,*,#1616,.T.);
#2190=ORIENTED_EDGE('',*,*,#1619,.T.);
#2191=ORIENTED_EDGE('',*,*,#1622,.T.);
#2192=ORIENTED_EDGE('',*,*,#1625,.T.);
#2193=ORIENTED_EDGE('',*,*,#1628,.T.);
#2194=ORIENTED_EDGE('',*,*,#1631,.T.);
#2195=ORIENTED_EDGE('',*,*,#1634,.T.);
#2196=ORIENTED_EDGE('',*,*,#1637,.T.);
#2197=ORIENTED_EDGE('',*,*,#1640,.T.);
#2198=ORIENTED_EDGE('',*,*,#1643,.T.);
#2199=ORIENTED_EDGE('',*,*,#1646,.T.);
#2200=ORIENTED_EDGE('',*,*,#1649,.T.);
#2201=ORIENTED_EDGE('',*,*,#1652,.T.);
#2202=ORIENTED_EDGE('',*,*,#1655,.T.);
#2203=ORIENTED_EDGE('',*,*,#1658,.T.);
#2204=ORIENTED_EDGE('',*,*,#1661,.T.);
#2205=ORIENTED_EDGE('',*,*,#1664,.T.);
#2206=ORIENTED_EDGE('',*,*,#1667,.T.);
#2207=ORIENTED_EDGE('',*,*,#1670,.T.);
#2208=ORIENTED_EDGE('',*,*,#1673,.T.);
#2209=ORIENTED_EDGE('',*,*,#1676,.T.);
#2210=ORIENTED_EDGE('',*,*,#1679,.T.);
#2211=ORIENTED_EDGE('',*,*,#1682,.T.);
#2212=ORIENTED_EDGE('',*,*,#1685,.T.);
#2213=ORIENTED_EDGE('',*,*,#1385,.T.);
#2214=ORIENTED_EDGE('',*,*,#1395,.T.);
#2215=ORIENTED_EDGE('',*,*,#1392,.T.);
#2216=ORIENTED_EDGE('',*,*,#1389,.T.);
#2217=ORIENTED_EDGE('',*,*,#1373,.T.);
#2218=ORIENTED_EDGE('',*,*,#1383,.T.);
#2219=ORIENTED_EDGE('',*,*,#1380,.T.);
#2220=ORIENTED_EDGE('',*,*,#1377,.T.);
#2221=ORIENTED_EDGE('',*,*,#1690,.F.);
#2222=ORIENTED_EDGE('',*,*,#1399,.T.);
#2223=ORIENTED_EDGE('',*,*,#1402,.T.);
#2224=ORIENTED_EDGE('',*,*,#1405,.T.);
#2225=ORIENTED_EDGE('',*,*,#1408,.T.);
#2226=ORIENTED_EDGE('',*,*,#1411,.T.);
#2227=ORIENTED_EDGE('',*,*,#1414,.T.);
#2228=ORIENTED_EDGE('',*,*,#1417,.T.);
#2229=ORIENTED_EDGE('',*,*,#1420,.T.);
#2230=ORIENTED_EDGE('',*,*,#1423,.T.);
#2231=ORIENTED_EDGE('',*,*,#1426,.T.);
#2232=ORIENTED_EDGE('',*,*,#1429,.T.);
#2233=ORIENTED_EDGE('',*,*,#1432,.T.);
#2234=ORIENTED_EDGE('',*,*,#1435,.T.);
#2235=ORIENTED_EDGE('',*,*,#1438,.T.);
#2236=ORIENTED_EDGE('',*,*,#1441,.T.);
#2237=ORIENTED_EDGE('',*,*,#1444,.T.);
#2238=ORIENTED_EDGE('',*,*,#1447,.T.);
#2239=ORIENTED_EDGE('',*,*,#1450,.T.);
#2240=ORIENTED_EDGE('',*,*,#1453,.T.);
#2241=ORIENTED_EDGE('',*,*,#1456,.T.);
#2242=ORIENTED_EDGE('',*,*,#1459,.T.);
#2243=ORIENTED_EDGE('',*,*,#1462,.T.);
#2244=ORIENTED_EDGE('',*,*,#1465,.T.);
#2245=ORIENTED_EDGE('',*,*,#1468,.T.);
#2246=ORIENTED_EDGE('',*,*,#1471,.T.);
#2247=ORIENTED_EDGE('',*,*,#1474,.T.);
#2248=ORIENTED_EDGE('',*,*,#1477,.T.);
#2249=ORIENTED_EDGE('',*,*,#1480,.T.);
#2250=ORIENTED_EDGE('',*,*,#1483,.T.);
#2251=ORIENTED_EDGE('',*,*,#1486,.T.);
#2252=ORIENTED_EDGE('',*,*,#1489,.T.);
#2253=ORIENTED_EDGE('',*,*,#1492,.T.);
#2254=ORIENTED_EDGE('',*,*,#1495,.T.);
#2255=ORIENTED_EDGE('',*,*,#1498,.T.);
#2256=ORIENTED_EDGE('',*,*,#1501,.T.);
#2257=ORIENTED_EDGE('',*,*,#1504,.T.);
#2258=ORIENTED_EDGE('',*,*,#1507,.T.);
#2259=ORIENTED_EDGE('',*,*,#1510,.T.);
#2260=ORIENTED_EDGE('',*,*,#1513,.T.);
#2261=ORIENTED_EDGE('',*,*,#1516,.T.);
#2262=ORIENTED_EDGE('',*,*,#1519,.T.);
#2263=ORIENTED_EDGE('',*,*,#1522,.T.);
#2264=ORIENTED_EDGE('',*,*,#1525,.T.);
#2265=ORIENTED_EDGE('',*,*,#1528,.T.);
#2266=ORIENTED_EDGE('',*,*,#1531,.T.);
#2267=ORIENTED_EDGE('',*,*,#1534,.T.);
#2268=ORIENTED_EDGE('',*,*,#1537,.T.);
#2269=ORIENTED_EDGE('',*,*,#1540,.T.);
#2270=ORIENTED_EDGE('',*,*,#1543,.T.);
#2271=ORIENTED_EDGE('',*,*,#1546,.T.);
#2272=ORIENTED_EDGE('',*,*,#1549,.T.);
#2273=ORIENTED_EDGE('',*,*,#1552,.T.);
#2274=ORIENTED_EDGE('',*,*,#1555,.T.);
#2275=ORIENTED_EDGE('',*,*,#1558,.T.);
#2276=ORIENTED_EDGE('',*,*,#1561,.T.);
#2277=ORIENTED_EDGE('',*,*,#1564,.T.);
#2278=ORIENTED_EDGE('',*,*,#1567,.T.);
#2279=ORIENTED_EDGE('',*,*,#1570,.T.);
#2280=ORIENTED_EDGE('',*,*,#1573,.T.);
#2281=ORIENTED_EDGE('',*,*,#1576,.T.);
#2282=ORIENTED_EDGE('',*,*,#1579,.T.);
#2283=ORIENTED_EDGE('',*,*,#1582,.T.);
#2284=ORIENTED_EDGE('',*,*,#1585,.T.);
#2285=ORIENTED_EDGE('',*,*,#1588,.T.);
#2286=ORIENTED_EDGE('',*,*,#1591,.T.);
#2287=ORIENTED_EDGE('',*,*,#1594,.T.);
#2288=ORIENTED_EDGE('',*,*,#1597,.T.);
#2289=ORIENTED_EDGE('',*,*,#1600,.T.);
#2290=ORIENTED_EDGE('',*,*,#1603,.T.);
#2291=ORIENTED_EDGE('',*,*,#1606,.T.);
#2292=ORIENTED_EDGE('',*,*,#1609,.T.);
#2293=ORIENTED_EDGE('',*,*,#1612,.T.);
#2294=ORIENTED_EDGE('',*,*,#1615,.T.);
#2295=ORIENTED_EDGE('',*,*,#1618,.T.);
#2296=ORIENTED_EDGE('',*,*,#1621,.T.);
#2297=ORIENTED_EDGE('',*,*,#1624,.T.);
#2298=ORIENTED_EDGE('',*,*,#1627,.T.);
#2299=ORIENTED_EDGE('',*,*,#1630,.T.);
#2300=ORIENTED_EDGE('',*,*,#1633,.T.);
#2301=ORIENTED_EDGE('',*,*,#1636,.T.);
#2302=ORIENTED_EDGE('',*,*,#1639,.T.);
#2303=ORIENTED_EDGE('',*,*,#1642,.T.);
#2304=ORIENTED_EDGE('',*,*,#1645,.T.);
#2305=ORIENTED_EDGE('',*,*,#1648,.T.);
#2306=ORIENTED_EDGE('',*,*,#1651,.T.);
#2307=ORIENTED_EDGE('',*,*,#1654,.T.);
#2308=ORIENTED_EDGE('',*,*,#1657,.T.);
#2309=ORIENTED_EDGE('',*,*,#1660,.T.);
#2310=ORIENTED_EDGE('',*,*,#1663,.T.);
#2311=ORIENTED_EDGE('',*,*,#1666,.T.);
#2312=ORIENTED_EDGE('',*,*,#1669,.T.);
#2313=ORIENTED_EDGE('',*,*,#1672,.T.);
#2314=ORIENTED_EDGE('',*,*,#1675,.T.);
#2315=ORIENTED_EDGE('',*,*,#1678,.T.);
#2316=ORIENTED_EDGE('',*,*,#1681,.T.);
#2317=ORIENTED_EDGE('',*,*,#1684,.T.);
#2318=ORIENTED_EDGE('',*,*,#1687,.T.);
#2319=ORIENTED_EDGE('',*,*,#1387,.T.);
#2320=ORIENTED_EDGE('',*,*,#1391,.T.);
#2321=ORIENTED_EDGE('',*,*,#1394,.T.);
#2322=ORIENTED_EDGE('',*,*,#1396,.T.);
#2323=ORIENTED_EDGE('',*,*,#1375,.T.);
#2324=ORIENTED_EDGE('',*,*,#1379,.T.);
#2325=ORIENTED_EDGE('',*,*,#1382,.T.);
#2326=ORIENTED_EDGE('',*,*,#1384,.T.);
#2327=PLANE('',#2455);
#2328=PLANE('',#2459);
#2329=PLANE('',#2463);
#2330=PLANE('',#2467);
#2331=PLANE('',#2765);
#2332=PLANE('',#2766);
#2333=ADVANCED_FACE('',(#519),#2327,.F.);
#2334=ADVANCED_FACE('',(#520),#417,.F.);
#2335=ADVANCED_FACE('',(#521),#2328,.F.);
#2336=ADVANCED_FACE('',(#522),#418,.F.);
#2337=ADVANCED_FACE('',(#523),#2329,.F.);
#2338=ADVANCED_FACE('',(#524),#419,.F.);
#2339=ADVANCED_FACE('',(#525),#2330,.F.);
#2340=ADVANCED_FACE('',(#526),#420,.F.);
#2341=ADVANCED_FACE('',(#527),#421,.F.);
#2342=ADVANCED_FACE('',(#528),#422,.F.);
#2343=ADVANCED_FACE('',(#529),#423,.F.);
#2344=ADVANCED_FACE('',(#530),#424,.F.);
#2345=ADVANCED_FACE('',(#531),#425,.F.);
#2346=ADVANCED_FACE('',(#532),#426,.F.);
#2347=ADVANCED_FACE('',(#533),#427,.F.);
#2348=ADVANCED_FACE('',(#534),#428,.F.);
#2349=ADVANCED_FACE('',(#535),#429,.F.);
#2350=ADVANCED_FACE('',(#536),#430,.F.);
#2351=ADVANCED_FACE('',(#537),#431,.F.);
#2352=ADVANCED_FACE('',(#538),#432,.F.);
#2353=ADVANCED_FACE('',(#539),#433,.F.);
#2354=ADVANCED_FACE('',(#540),#434,.F.);
#2355=ADVANCED_FACE('',(#541),#435,.F.);
#2356=ADVANCED_FACE('',(#542),#436,.F.);
#2357=ADVANCED_FACE('',(#543),#437,.F.);
#2358=ADVANCED_FACE('',(#544),#438,.F.);
#2359=ADVANCED_FACE('',(#545),#439,.F.);
#2360=ADVANCED_FACE('',(#546),#440,.F.);
#2361=ADVANCED_FACE('',(#547),#441,.F.);
#2362=ADVANCED_FACE('',(#548),#442,.F.);
#2363=ADVANCED_FACE('',(#549),#443,.F.);
#2364=ADVANCED_FACE('',(#550),#444,.F.);
#2365=ADVANCED_FACE('',(#551),#445,.F.);
#2366=ADVANCED_FACE('',(#552),#446,.F.);
#2367=ADVANCED_FACE('',(#553),#447,.F.);
#2368=ADVANCED_FACE('',(#554),#448,.F.);
#2369=ADVANCED_FACE('',(#555),#449,.F.);
#2370=ADVANCED_FACE('',(#556),#450,.F.);
#2371=ADVANCED_FACE('',(#557),#451,.F.);
#2372=ADVANCED_FACE('',(#558),#452,.F.);
#2373=ADVANCED_FACE('',(#559),#453,.F.);
#2374=ADVANCED_FACE('',(#560),#454,.F.);
#2375=ADVANCED_FACE('',(#561),#455,.F.);
#2376=ADVANCED_FACE('',(#562),#456,.F.);
#2377=ADVANCED_FACE('',(#563),#457,.F.);
#2378=ADVANCED_FACE('',(#564),#458,.F.);
#2379=ADVANCED_FACE('',(#565),#459,.F.);
#2380=ADVANCED_FACE('',(#566),#460,.F.);
#2381=ADVANCED_FACE('',(#567),#461,.F.);
#2382=ADVANCED_FACE('',(#568),#462,.F.);
#2383=ADVANCED_FACE('',(#569),#463,.F.);
#2384=ADVANCED_FACE('',(#570),#464,.F.);
#2385=ADVANCED_FACE('',(#571),#465,.F.);
#2386=ADVANCED_FACE('',(#572),#466,.F.);
#2387=ADVANCED_FACE('',(#573),#467,.F.);
#2388=ADVANCED_FACE('',(#574),#468,.F.);
#2389=ADVANCED_FACE('',(#575),#469,.F.);
#2390=ADVANCED_FACE('',(#576),#470,.F.);
#2391=ADVANCED_FACE('',(#577),#471,.F.);
#2392=ADVANCED_FACE('',(#578),#472,.F.);
#2393=ADVANCED_FACE('',(#579),#473,.F.);
#2394=ADVANCED_FACE('',(#580),#474,.F.);
#2395=ADVANCED_FACE('',(#581),#475,.F.);
#2396=ADVANCED_FACE('',(#582),#476,.F.);
#2397=ADVANCED_FACE('',(#583),#477,.F.);
#2398=ADVANCED_FACE('',(#584),#478,.F.);
#2399=ADVANCED_FACE('',(#585),#479,.F.);
#2400=ADVANCED_FACE('',(#586),#480,.F.);
#2401=ADVANCED_FACE('',(#587),#481,.F.);
#2402=ADVANCED_FACE('',(#588),#482,.F.);
#2403=ADVANCED_FACE('',(#589),#483,.F.);
#2404=ADVANCED_FACE('',(#590),#484,.F.);
#2405=ADVANCED_FACE('',(#591),#485,.F.);
#2406=ADVANCED_FACE('',(#592),#486,.F.);
#2407=ADVANCED_FACE('',(#593),#487,.F.);
#2408=ADVANCED_FACE('',(#594),#488,.F.);
#2409=ADVANCED_FACE('',(#595),#489,.F.);
#2410=ADVANCED_FACE('',(#596),#490,.F.);
#2411=ADVANCED_FACE('',(#597),#491,.F.);
#2412=ADVANCED_FACE('',(#598),#492,.F.);
#2413=ADVANCED_FACE('',(#599),#493,.F.);
#2414=ADVANCED_FACE('',(#600),#494,.F.);
#2415=ADVANCED_FACE('',(#601),#495,.F.);
#2416=ADVANCED_FACE('',(#602),#496,.F.);
#2417=ADVANCED_FACE('',(#603),#497,.F.);
#2418=ADVANCED_FACE('',(#604),#498,.F.);
#2419=ADVANCED_FACE('',(#605),#499,.F.);
#2420=ADVANCED_FACE('',(#606),#500,.F.);
#2421=ADVANCED_FACE('',(#607),#501,.F.);
#2422=ADVANCED_FACE('',(#608),#502,.F.);
#2423=ADVANCED_FACE('',(#609),#503,.F.);
#2424=ADVANCED_FACE('',(#610),#504,.F.);
#2425=ADVANCED_FACE('',(#611),#505,.F.);
#2426=ADVANCED_FACE('',(#612),#506,.F.);
#2427=ADVANCED_FACE('',(#613),#507,.F.);
#2428=ADVANCED_FACE('',(#614),#508,.F.);
#2429=ADVANCED_FACE('',(#615),#509,.F.);
#2430=ADVANCED_FACE('',(#616),#510,.F.);
#2431=ADVANCED_FACE('',(#617),#511,.F.);
#2432=ADVANCED_FACE('',(#618),#512,.F.);
#2433=ADVANCED_FACE('',(#619),#513,.F.);
#2434=ADVANCED_FACE('',(#620),#514,.F.);
#2435=ADVANCED_FACE('',(#621),#515,.F.);
#2436=ADVANCED_FACE('',(#622),#516,.F.);
#2437=ADVANCED_FACE('',(#623),#517,.F.);
#2438=ADVANCED_FACE('',(#624),#518,.T.);
#2439=ADVANCED_FACE('',(#625,#15,#16,#17,#18,#19,#20,#21,#22,#23,#24,#25,
#26,#27,#28,#29,#30,#31,#32,#33,#34,#35,#36,#37,#38,#39,#40,#41,#42,#43,
#44,#45,#46,#47,#48,#49,#50,#51,#52,#53,#54,#55,#56,#57,#58,#59,#60,#61,
#62,#63,#64,#65,#66,#67,#68,#69,#70,#71,#72,#73,#74,#75,#76,#77,#78,#79,
#80,#81,#82,#83,#84,#85,#86,#87,#88,#89,#90,#91,#92,#93,#94,#95,#96,#97,
#98,#99,#100,#101,#102,#103,#104,#105,#106,#107,#108,#109,#110,#111,#112,
#113),#2331,.T.);
#2440=ADVANCED_FACE('',(#626,#114,#115,#116,#117,#118,#119,#120,#121,#122,
#123,#124,#125,#126,#127,#128,#129,#130,#131,#132,#133,#134,#135,#136,#137,
#138,#139,#140,#141,#142,#143,#144,#145,#146,#147,#148,#149,#150,#151,#152,
#153,#154,#155,#156,#157,#158,#159,#160,#161,#162,#163,#164,#165,#166,#167,
#168,#169,#170,#171,#172,#173,#174,#175,#176,#177,#178,#179,#180,#181,#182,
#183,#184,#185,#186,#187,#188,#189,#190,#191,#192,#193,#194,#195,#196,#197,
#198,#199,#200,#201,#202,#203,#204,#205,#206,#207,#208,#209,#210,#211,#212),
#2332,.F.);
#2441=CLOSED_SHELL('',(#2333,#2334,#2335,#2336,#2337,#2338,#2339,#2340,
#2341,#2342,#2343,#2344,#2345,#2346,#2347,#2348,#2349,#2350,#2351,#2352,
#2353,#2354,#2355,#2356,#2357,#2358,#2359,#2360,#2361,#2362,#2363,#2364,
#2365,#2366,#2367,#2368,#2369,#2370,#2371,#2372,#2373,#2374,#2375,#2376,
#2377,#2378,#2379,#2380,#2381,#2382,#2383,#2384,#2385,#2386,#2387,#2388,
#2389,#2390,#2391,#2392,#2393,#2394,#2395,#2396,#2397,#2398,#2399,#2400,
#2401,#2402,#2403,#2404,#2405,#2406,#2407,#2408,#2409,#2410,#2411,#2412,
#2413,#2414,#2415,#2416,#2417,#2418,#2419,#2420,#2421,#2422,#2423,#2424,
#2425,#2426,#2427,#2428,#2429,#2430,#2431,#2432,#2433,#2434,#2435,#2436,
#2437,#2438,#2439,#2440));
#2442=DERIVED_UNIT_ELEMENT(#2444,1.);
#2443=DERIVED_UNIT_ELEMENT(#4151,-3.);
#2444=(
MASS_UNIT()
NAMED_UNIT(*)
SI_UNIT(.KILO.,.GRAM.)
);
#2445=DERIVED_UNIT((#2442,#2443));
#2446=MEASURE_REPRESENTATION_ITEM('density measure',
POSITIVE_RATIO_MEASURE(7850.),#2445);
#2447=PROPERTY_DEFINITION_REPRESENTATION(#2452,#2449);
#2448=PROPERTY_DEFINITION_REPRESENTATION(#2453,#2450);
#2449=REPRESENTATION('material name',(#2451),#4148);
#2450=REPRESENTATION('density',(#2446),#4148);
#2451=DESCRIPTIVE_REPRESENTATION_ITEM('Steel','Steel');
#2452=PROPERTY_DEFINITION('material property','material name',#4158);
#2453=PROPERTY_DEFINITION('material property','density of part',#4158);
#2454=AXIS2_PLACEMENT_3D('',#3507,#2767,#2768);
#2455=AXIS2_PLACEMENT_3D('',#3508,#2769,#2770);
#2456=AXIS2_PLACEMENT_3D('',#3517,#2775,#2776);
#2457=AXIS2_PLACEMENT_3D('',#3519,#2777,#2778);
#2458=AXIS2_PLACEMENT_3D('',#3522,#2780,#2781);
#2459=AXIS2_PLACEMENT_3D('',#3523,#2782,#2783);
#2460=AXIS2_PLACEMENT_3D('',#3529,#2787,#2788);
#2461=AXIS2_PLACEMENT_3D('',#3530,#2789,#2790);
#2462=AXIS2_PLACEMENT_3D('',#3531,#2791,#2792);
#2463=AXIS2_PLACEMENT_3D('',#3532,#2793,#2794);
#2464=AXIS2_PLACEMENT_3D('',#3541,#2799,#2800);
#2465=AXIS2_PLACEMENT_3D('',#3543,#2801,#2802);
#2466=AXIS2_PLACEMENT_3D('',#3546,#2804,#2805);
#2467=AXIS2_PLACEMENT_3D('',#3547,#2806,#2807);
#2468=AXIS2_PLACEMENT_3D('',#3553,#2811,#2812);
#2469=AXIS2_PLACEMENT_3D('',#3554,#2813,#2814);
#2470=AXIS2_PLACEMENT_3D('',#3555,#2815,#2816);
#2471=AXIS2_PLACEMENT_3D('',#3556,#2817,#2818);
#2472=AXIS2_PLACEMENT_3D('',#3558,#2819,#2820);
#2473=AXIS2_PLACEMENT_3D('',#3561,#2822,#2823);
#2474=AXIS2_PLACEMENT_3D('',#3562,#2824,#2825);
#2475=AXIS2_PLACEMENT_3D('',#3564,#2826,#2827);
#2476=AXIS2_PLACEMENT_3D('',#3567,#2829,#2830);
#2477=AXIS2_PLACEMENT_3D('',#3568,#2831,#2832);
#2478=AXIS2_PLACEMENT_3D('',#3570,#2833,#2834);
#2479=AXIS2_PLACEMENT_3D('',#3573,#2836,#2837);
#2480=AXIS2_PLACEMENT_3D('',#3574,#2838,#2839);
#2481=AXIS2_PLACEMENT_3D('',#3576,#2840,#2841);
#2482=AXIS2_PLACEMENT_3D('',#3579,#2843,#2844);
#2483=AXIS2_PLACEMENT_3D('',#3580,#2845,#2846);
#2484=AXIS2_PLACEMENT_3D('',#3582,#2847,#2848);
#2485=AXIS2_PLACEMENT_3D('',#3585,#2850,#2851);
#2486=AXIS2_PLACEMENT_3D('',#3586,#2852,#2853);
#2487=AXIS2_PLACEMENT_3D('',#3588,#2854,#2855);
#2488=AXIS2_PLACEMENT_3D('',#3591,#2857,#2858);
#2489=AXIS2_PLACEMENT_3D('',#3592,#2859,#2860);
#2490=AXIS2_PLACEMENT_3D('',#3594,#2861,#2862);
#2491=AXIS2_PLACEMENT_3D('',#3597,#2864,#2865);
#2492=AXIS2_PLACEMENT_3D('',#3598,#2866,#2867);
#2493=AXIS2_PLACEMENT_3D('',#3600,#2868,#2869);
#2494=AXIS2_PLACEMENT_3D('',#3603,#2871,#2872);
#2495=AXIS2_PLACEMENT_3D('',#3604,#2873,#2874);
#2496=AXIS2_PLACEMENT_3D('',#3606,#2875,#2876);
#2497=AXIS2_PLACEMENT_3D('',#3609,#2878,#2879);
#2498=AXIS2_PLACEMENT_3D('',#3610,#2880,#2881);
#2499=AXIS2_PLACEMENT_3D('',#3612,#2882,#2883);
#2500=AXIS2_PLACEMENT_3D('',#3615,#2885,#2886);
#2501=AXIS2_PLACEMENT_3D('',#3616,#2887,#2888);
#2502=AXIS2_PLACEMENT_3D('',#3618,#2889,#2890);
#2503=AXIS2_PLACEMENT_3D('',#3621,#2892,#2893);
#2504=AXIS2_PLACEMENT_3D('',#3622,#2894,#2895);
#2505=AXIS2_PLACEMENT_3D('',#3624,#2896,#2897);
#2506=AXIS2_PLACEMENT_3D('',#3627,#2899,#2900);
#2507=AXIS2_PLACEMENT_3D('',#3628,#2901,#2902);
#2508=AXIS2_PLACEMENT_3D('',#3630,#2903,#2904);
#2509=AXIS2_PLACEMENT_3D('',#3633,#2906,#2907);
#2510=AXIS2_PLACEMENT_3D('',#3634,#2908,#2909);
#2511=AXIS2_PLACEMENT_3D('',#3636,#2910,#2911);
#2512=AXIS2_PLACEMENT_3D('',#3639,#2913,#2914);
#2513=AXIS2_PLACEMENT_3D('',#3640,#2915,#2916);
#2514=AXIS2_PLACEMENT_3D('',#3642,#2917,#2918);
#2515=AXIS2_PLACEMENT_3D('',#3645,#2920,#2921);
#2516=AXIS2_PLACEMENT_3D('',#3646,#2922,#2923);
#2517=AXIS2_PLACEMENT_3D('',#3648,#2924,#2925);
#2518=AXIS2_PLACEMENT_3D('',#3651,#2927,#2928);
#2519=AXIS2_PLACEMENT_3D('',#3652,#2929,#2930);
#2520=AXIS2_PLACEMENT_3D('',#3654,#2931,#2932);
#2521=AXIS2_PLACEMENT_3D('',#3657,#2934,#2935);
#2522=AXIS2_PLACEMENT_3D('',#3658,#2936,#2937);
#2523=AXIS2_PLACEMENT_3D('',#3660,#2938,#2939);
#2524=AXIS2_PLACEMENT_3D('',#3663,#2941,#2942);
#2525=AXIS2_PLACEMENT_3D('',#3664,#2943,#2944);
#2526=AXIS2_PLACEMENT_3D('',#3666,#2945,#2946);
#2527=AXIS2_PLACEMENT_3D('',#3669,#2948,#2949);
#2528=AXIS2_PLACEMENT_3D('',#3670,#2950,#2951);
#2529=AXIS2_PLACEMENT_3D('',#3672,#2952,#2953);
#2530=AXIS2_PLACEMENT_3D('',#3675,#2955,#2956);
#2531=AXIS2_PLACEMENT_3D('',#3676,#2957,#2958);
#2532=AXIS2_PLACEMENT_3D('',#3678,#2959,#2960);
#2533=AXIS2_PLACEMENT_3D('',#3681,#2962,#2963);
#2534=AXIS2_PLACEMENT_3D('',#3682,#2964,#2965);
#2535=AXIS2_PLACEMENT_3D('',#3684,#2966,#2967);
#2536=AXIS2_PLACEMENT_3D('',#3687,#2969,#2970);
#2537=AXIS2_PLACEMENT_3D('',#3688,#2971,#2972);
#2538=AXIS2_PLACEMENT_3D('',#3690,#2973,#2974);
#2539=AXIS2_PLACEMENT_3D('',#3693,#2976,#2977);
#2540=AXIS2_PLACEMENT_3D('',#3694,#2978,#2979);
#2541=AXIS2_PLACEMENT_3D('',#3696,#2980,#2981);
#2542=AXIS2_PLACEMENT_3D('',#3699,#2983,#2984);
#2543=AXIS2_PLACEMENT_3D('',#3700,#2985,#2986);
#2544=AXIS2_PLACEMENT_3D('',#3702,#2987,#2988);
#2545=AXIS2_PLACEMENT_3D('',#3705,#2990,#2991);
#2546=AXIS2_PLACEMENT_3D('',#3706,#2992,#2993);
#2547=AXIS2_PLACEMENT_3D('',#3708,#2994,#2995);
#2548=AXIS2_PLACEMENT_3D('',#3711,#2997,#2998);
#2549=AXIS2_PLACEMENT_3D('',#3712,#2999,#3000);
#2550=AXIS2_PLACEMENT_3D('',#3714,#3001,#3002);
#2551=AXIS2_PLACEMENT_3D('',#3717,#3004,#3005);
#2552=AXIS2_PLACEMENT_3D('',#3718,#3006,#3007);
#2553=AXIS2_PLACEMENT_3D('',#3720,#3008,#3009);
#2554=AXIS2_PLACEMENT_3D('',#3723,#3011,#3012);
#2555=AXIS2_PLACEMENT_3D('',#3724,#3013,#3014);
#2556=AXIS2_PLACEMENT_3D('',#3726,#3015,#3016);
#2557=AXIS2_PLACEMENT_3D('',#3729,#3018,#3019);
#2558=AXIS2_PLACEMENT_3D('',#3730,#3020,#3021);
#2559=AXIS2_PLACEMENT_3D('',#3732,#3022,#3023);
#2560=AXIS2_PLACEMENT_3D('',#3735,#3025,#3026);
#2561=AXIS2_PLACEMENT_3D('',#3736,#3027,#3028);
#2562=AXIS2_PLACEMENT_3D('',#3738,#3029,#3030);
#2563=AXIS2_PLACEMENT_3D('',#3741,#3032,#3033);
#2564=AXIS2_PLACEMENT_3D('',#3742,#3034,#3035);
#2565=AXIS2_PLACEMENT_3D('',#3744,#3036,#3037);
#2566=AXIS2_PLACEMENT_3D('',#3747,#3039,#3040);
#2567=AXIS2_PLACEMENT_3D('',#3748,#3041,#3042);
#2568=AXIS2_PLACEMENT_3D('',#3750,#3043,#3044);
#2569=AXIS2_PLACEMENT_3D('',#3753,#3046,#3047);
#2570=AXIS2_PLACEMENT_3D('',#3754,#3048,#3049);
#2571=AXIS2_PLACEMENT_3D('',#3756,#3050,#3051);
#2572=AXIS2_PLACEMENT_3D('',#3759,#3053,#3054);
#2573=AXIS2_PLACEMENT_3D('',#3760,#3055,#3056);
#2574=AXIS2_PLACEMENT_3D('',#3762,#3057,#3058);
#2575=AXIS2_PLACEMENT_3D('',#3765,#3060,#3061);
#2576=AXIS2_PLACEMENT_3D('',#3766,#3062,#3063);
#2577=AXIS2_PLACEMENT_3D('',#3768,#3064,#3065);
#2578=AXIS2_PLACEMENT_3D('',#3771,#3067,#3068);
#2579=AXIS2_PLACEMENT_3D('',#3772,#3069,#3070);
#2580=AXIS2_PLACEMENT_3D('',#3774,#3071,#3072);
#2581=AXIS2_PLACEMENT_3D('',#3777,#3074,#3075);
#2582=AXIS2_PLACEMENT_3D('',#3778,#3076,#3077);
#2583=AXIS2_PLACEMENT_3D('',#3780,#3078,#3079);
#2584=AXIS2_PLACEMENT_3D('',#3783,#3081,#3082);
#2585=AXIS2_PLACEMENT_3D('',#3784,#3083,#3084);
#2586=AXIS2_PLACEMENT_3D('',#3786,#3085,#3086);
#2587=AXIS2_PLACEMENT_3D('',#3789,#3088,#3089);
#2588=AXIS2_PLACEMENT_3D('',#3790,#3090,#3091);
#2589=AXIS2_PLACEMENT_3D('',#3792,#3092,#3093);
#2590=AXIS2_PLACEMENT_3D('',#3795,#3095,#3096);
#2591=AXIS2_PLACEMENT_3D('',#3796,#3097,#3098);
#2592=AXIS2_PLACEMENT_3D('',#3798,#3099,#3100);
#2593=AXIS2_PLACEMENT_3D('',#3801,#3102,#3103);
#2594=AXIS2_PLACEMENT_3D('',#3802,#3104,#3105);
#2595=AXIS2_PLACEMENT_3D('',#3804,#3106,#3107);
#2596=AXIS2_PLACEMENT_3D('',#3807,#3109,#3110);
#2597=AXIS2_PLACEMENT_3D('',#3808,#3111,#3112);
#2598=AXIS2_PLACEMENT_3D('',#3810,#3113,#3114);
#2599=AXIS2_PLACEMENT_3D('',#3813,#3116,#3117);
#2600=AXIS2_PLACEMENT_3D('',#3814,#3118,#3119);
#2601=AXIS2_PLACEMENT_3D('',#3816,#3120,#3121);
#2602=AXIS2_PLACEMENT_3D('',#3819,#3123,#3124);
#2603=AXIS2_PLACEMENT_3D('',#3820,#3125,#3126);
#2604=AXIS2_PLACEMENT_3D('',#3822,#3127,#3128);
#2605=AXIS2_PLACEMENT_3D('',#3825,#3130,#3131);
#2606=AXIS2_PLACEMENT_3D('',#3826,#3132,#3133);
#2607=AXIS2_PLACEMENT_3D('',#3828,#3134,#3135);
#2608=AXIS2_PLACEMENT_3D('',#3831,#3137,#3138);
#2609=AXIS2_PLACEMENT_3D('',#3832,#3139,#3140);
#2610=AXIS2_PLACEMENT_3D('',#3834,#3141,#3142);
#2611=AXIS2_PLACEMENT_3D('',#3837,#3144,#3145);
#2612=AXIS2_PLACEMENT_3D('',#3838,#3146,#3147);
#2613=AXIS2_PLACEMENT_3D('',#3840,#3148,#3149);
#2614=AXIS2_PLACEMENT_3D('',#3843,#3151,#3152);
#2615=AXIS2_PLACEMENT_3D('',#3844,#3153,#3154);
#2616=AXIS2_PLACEMENT_3D('',#3846,#3155,#3156);
#2617=AXIS2_PLACEMENT_3D('',#3849,#3158,#3159);
#2618=AXIS2_PLACEMENT_3D('',#3850,#3160,#3161);
#2619=AXIS2_PLACEMENT_3D('',#3852,#3162,#3163);
#2620=AXIS2_PLACEMENT_3D('',#3855,#3165,#3166);
#2621=AXIS2_PLACEMENT_3D('',#3856,#3167,#3168);
#2622=AXIS2_PLACEMENT_3D('',#3858,#3169,#3170);
#2623=AXIS2_PLACEMENT_3D('',#3861,#3172,#3173);
#2624=AXIS2_PLACEMENT_3D('',#3862,#3174,#3175);
#2625=AXIS2_PLACEMENT_3D('',#3864,#3176,#3177);
#2626=AXIS2_PLACEMENT_3D('',#3867,#3179,#3180);
#2627=AXIS2_PLACEMENT_3D('',#3868,#3181,#3182);
#2628=AXIS2_PLACEMENT_3D('',#3870,#3183,#3184);
#2629=AXIS2_PLACEMENT_3D('',#3873,#3186,#3187);
#2630=AXIS2_PLACEMENT_3D('',#3874,#3188,#3189);
#2631=AXIS2_PLACEMENT_3D('',#3876,#3190,#3191);
#2632=AXIS2_PLACEMENT_3D('',#3879,#3193,#3194);
#2633=AXIS2_PLACEMENT_3D('',#3880,#3195,#3196);
#2634=AXIS2_PLACEMENT_3D('',#3882,#3197,#3198);
#2635=AXIS2_PLACEMENT_3D('',#3885,#3200,#3201);
#2636=AXIS2_PLACEMENT_3D('',#3886,#3202,#3203);
#2637=AXIS2_PLACEMENT_3D('',#3888,#3204,#3205);
#2638=AXIS2_PLACEMENT_3D('',#3891,#3207,#3208);
#2639=AXIS2_PLACEMENT_3D('',#3892,#3209,#3210);
#2640=AXIS2_PLACEMENT_3D('',#3894,#3211,#3212);
#2641=AXIS2_PLACEMENT_3D('',#3897,#3214,#3215);
#2642=AXIS2_PLACEMENT_3D('',#3898,#3216,#3217);
#2643=AXIS2_PLACEMENT_3D('',#3900,#3218,#3219);
#2644=AXIS2_PLACEMENT_3D('',#3903,#3221,#3222);
#2645=AXIS2_PLACEMENT_3D('',#3904,#3223,#3224);
#2646=AXIS2_PLACEMENT_3D('',#3906,#3225,#3226);
#2647=AXIS2_PLACEMENT_3D('',#3909,#3228,#3229);
#2648=AXIS2_PLACEMENT_3D('',#3910,#3230,#3231);
#2649=AXIS2_PLACEMENT_3D('',#3912,#3232,#3233);
#2650=AXIS2_PLACEMENT_3D('',#3915,#3235,#3236);
#2651=AXIS2_PLACEMENT_3D('',#3916,#3237,#3238);
#2652=AXIS2_PLACEMENT_3D('',#3918,#3239,#3240);
#2653=AXIS2_PLACEMENT_3D('',#3921,#3242,#3243);
#2654=AXIS2_PLACEMENT_3D('',#3922,#3244,#3245);
#2655=AXIS2_PLACEMENT_3D('',#3924,#3246,#3247);
#2656=AXIS2_PLACEMENT_3D('',#3927,#3249,#3250);
#2657=AXIS2_PLACEMENT_3D('',#3928,#3251,#3252);
#2658=AXIS2_PLACEMENT_3D('',#3930,#3253,#3254);
#2659=AXIS2_PLACEMENT_3D('',#3933,#3256,#3257);
#2660=AXIS2_PLACEMENT_3D('',#3934,#3258,#3259);
#2661=AXIS2_PLACEMENT_3D('',#3936,#3260,#3261);
#2662=AXIS2_PLACEMENT_3D('',#3939,#3263,#3264);
#2663=AXIS2_PLACEMENT_3D('',#3940,#3265,#3266);
#2664=AXIS2_PLACEMENT_3D('',#3942,#3267,#3268);
#2665=AXIS2_PLACEMENT_3D('',#3945,#3270,#3271);
#2666=AXIS2_PLACEMENT_3D('',#3946,#3272,#3273);
#2667=AXIS2_PLACEMENT_3D('',#3948,#3274,#3275);
#2668=AXIS2_PLACEMENT_3D('',#3951,#3277,#3278);
#2669=AXIS2_PLACEMENT_3D('',#3952,#3279,#3280);
#2670=AXIS2_PLACEMENT_3D('',#3954,#3281,#3282);
#2671=AXIS2_PLACEMENT_3D('',#3957,#3284,#3285);
#2672=AXIS2_PLACEMENT_3D('',#3958,#3286,#3287);
#2673=AXIS2_PLACEMENT_3D('',#3960,#3288,#3289);
#2674=AXIS2_PLACEMENT_3D('',#3963,#3291,#3292);
#2675=AXIS2_PLACEMENT_3D('',#3964,#3293,#3294);
#2676=AXIS2_PLACEMENT_3D('',#3966,#3295,#3296);
#2677=AXIS2_PLACEMENT_3D('',#3969,#3298,#3299);
#2678=AXIS2_PLACEMENT_3D('',#3970,#3300,#3301);
#2679=AXIS2_PLACEMENT_3D('',#3972,#3302,#3303);
#2680=AXIS2_PLACEMENT_3D('',#3975,#3305,#3306);
#2681=AXIS2_PLACEMENT_3D('',#3976,#3307,#3308);
#2682=AXIS2_PLACEMENT_3D('',#3978,#3309,#3310);
#2683=AXIS2_PLACEMENT_3D('',#3981,#3312,#3313);
#2684=AXIS2_PLACEMENT_3D('',#3982,#3314,#3315);
#2685=AXIS2_PLACEMENT_3D('',#3984,#3316,#3317);
#2686=AXIS2_PLACEMENT_3D('',#3987,#3319,#3320);
#2687=AXIS2_PLACEMENT_3D('',#3988,#3321,#3322);
#2688=AXIS2_PLACEMENT_3D('',#3990,#3323,#3324);
#2689=AXIS2_PLACEMENT_3D('',#3993,#3326,#3327);
#2690=AXIS2_PLACEMENT_3D('',#3994,#3328,#3329);
#2691=AXIS2_PLACEMENT_3D('',#3996,#3330,#3331);
#2692=AXIS2_PLACEMENT_3D('',#3999,#3333,#3334);
#2693=AXIS2_PLACEMENT_3D('',#4000,#3335,#3336);
#2694=AXIS2_PLACEMENT_3D('',#4002,#3337,#3338);
#2695=AXIS2_PLACEMENT_3D('',#4005,#3340,#3341);
#2696=AXIS2_PLACEMENT_3D('',#4006,#3342,#3343);
#2697=AXIS2_PLACEMENT_3D('',#4008,#3344,#3345);
#2698=AXIS2_PLACEMENT_3D('',#4011,#3347,#3348);
#2699=AXIS2_PLACEMENT_3D('',#4012,#3349,#3350);
#2700=AXIS2_PLACEMENT_3D('',#4014,#3351,#3352);
#2701=AXIS2_PLACEMENT_3D('',#4017,#3354,#3355);
#2702=AXIS2_PLACEMENT_3D('',#4018,#3356,#3357);
#2703=AXIS2_PLACEMENT_3D('',#4020,#3358,#3359);
#2704=AXIS2_PLACEMENT_3D('',#4023,#3361,#3362);
#2705=AXIS2_PLACEMENT_3D('',#4024,#3363,#3364);
#2706=AXIS2_PLACEMENT_3D('',#4026,#3365,#3366);
#2707=AXIS2_PLACEMENT_3D('',#4029,#3368,#3369);
#2708=AXIS2_PLACEMENT_3D('',#4030,#3370,#3371);
#2709=AXIS2_PLACEMENT_3D('',#4032,#3372,#3373);
#2710=AXIS2_PLACEMENT_3D('',#4035,#3375,#3376);
#2711=AXIS2_PLACEMENT_3D('',#4036,#3377,#3378);
#2712=AXIS2_PLACEMENT_3D('',#4038,#3379,#3380);
#2713=AXIS2_PLACEMENT_3D('',#4041,#3382,#3383);
#2714=AXIS2_PLACEMENT_3D('',#4042,#3384,#3385);
#2715=AXIS2_PLACEMENT_3D('',#4044,#3386,#3387);
#2716=AXIS2_PLACEMENT_3D('',#4047,#3389,#3390);
#2717=AXIS2_PLACEMENT_3D('',#4048,#3391,#3392);
#2718=AXIS2_PLACEMENT_3D('',#4050,#3393,#3394);
#2719=AXIS2_PLACEMENT_3D('',#4053,#3396,#3397);
#2720=AXIS2_PLACEMENT_3D('',#4054,#3398,#3399);
#2721=AXIS2_PLACEMENT_3D('',#4056,#3400,#3401);
#2722=AXIS2_PLACEMENT_3D('',#4059,#3403,#3404);
#2723=AXIS2_PLACEMENT_3D('',#4060,#3405,#3406);
#2724=AXIS2_PLACEMENT_3D('',#4062,#3407,#3408);
#2725=AXIS2_PLACEMENT_3D('',#4065,#3410,#3411);
#2726=AXIS2_PLACEMENT_3D('',#4066,#3412,#3413);
#2727=AXIS2_PLACEMENT_3D('',#4068,#3414,#3415);
#2728=AXIS2_PLACEMENT_3D('',#4071,#3417,#3418);
#2729=AXIS2_PLACEMENT_3D('',#4072,#3419,#3420);
#2730=AXIS2_PLACEMENT_3D('',#4074,#3421,#3422);
#2731=AXIS2_PLACEMENT_3D('',#4077,#3424,#3425);
#2732=AXIS2_PLACEMENT_3D('',#4078,#3426,#3427);
#2733=AXIS2_PLACEMENT_3D('',#4080,#3428,#3429);
#2734=AXIS2_PLACEMENT_3D('',#4083,#3431,#3432);
#2735=AXIS2_PLACEMENT_3D('',#4084,#3433,#3434);
#2736=AXIS2_PLACEMENT_3D('',#4086,#3435,#3436);
#2737=AXIS2_PLACEMENT_3D('',#4089,#3438,#3439);
#2738=AXIS2_PLACEMENT_3D('',#4090,#3440,#3441);
#2739=AXIS2_PLACEMENT_3D('',#4092,#3442,#3443);
#2740=AXIS2_PLACEMENT_3D('',#4095,#3445,#3446);
#2741=AXIS2_PLACEMENT_3D('',#4096,#3447,#3448);
#2742=AXIS2_PLACEMENT_3D('',#4098,#3449,#3450);
#2743=AXIS2_PLACEMENT_3D('',#4101,#3452,#3453);
#2744=AXIS2_PLACEMENT_3D('',#4102,#3454,#3455);
#2745=AXIS2_PLACEMENT_3D('',#4104,#3456,#3457);
#2746=AXIS2_PLACEMENT_3D('',#4107,#3459,#3460);
#2747=AXIS2_PLACEMENT_3D('',#4108,#3461,#3462);
#2748=AXIS2_PLACEMENT_3D('',#4110,#3463,#3464);
#2749=AXIS2_PLACEMENT_3D('',#4113,#3466,#3467);
#2750=AXIS2_PLACEMENT_3D('',#4114,#3468,#3469);
#2751=AXIS2_PLACEMENT_3D('',#4116,#3470,#3471);
#2752=AXIS2_PLACEMENT_3D('',#4119,#3473,#3474);
#2753=AXIS2_PLACEMENT_3D('',#4120,#3475,#3476);
#2754=AXIS2_PLACEMENT_3D('',#4122,#3477,#3478);
#2755=AXIS2_PLACEMENT_3D('',#4125,#3480,#3481);
#2756=AXIS2_PLACEMENT_3D('',#4126,#3482,#3483);
#2757=AXIS2_PLACEMENT_3D('',#4128,#3484,#3485);
#2758=AXIS2_PLACEMENT_3D('',#4131,#3487,#3488);
#2759=AXIS2_PLACEMENT_3D('',#4132,#3489,#3490);
#2760=AXIS2_PLACEMENT_3D('',#4134,#3491,#3492);
#2761=AXIS2_PLACEMENT_3D('',#4137,#3494,#3495);
#2762=AXIS2_PLACEMENT_3D('',#4138,#3496,#3497);
#2763=AXIS2_PLACEMENT_3D('',#4140,#3498,#3499);
#2764=AXIS2_PLACEMENT_3D('',#4143,#3501,#3502);
#2765=AXIS2_PLACEMENT_3D('',#4144,#3503,#3504);
#2766=AXIS2_PLACEMENT_3D('',#4145,#3505,#3506);
#2767=DIRECTION('axis',(0.,0.,1.));
#2768=DIRECTION('refdir',(1.,0.,0.));
#2769=DIRECTION('center_axis',(-0.992718157093629,-0.120460203289839,0.));
#2770=DIRECTION('ref_axis',(-0.120460203289839,0.992718157093629,0.));
#2771=DIRECTION('',(-0.120460203289839,0.992718157093629,0.));
#2772=DIRECTION('',(0.,0.,-1.));
#2773=DIRECTION('',(0.120460203289839,-0.992718157093629,0.));
#2774=DIRECTION('',(0.,0.,-1.));
#2775=DIRECTION('center_axis',(0.,0.,-1.));
#2776=DIRECTION('ref_axis',(-0.992718157093629,-0.12046020328984,0.));
#2777=DIRECTION('center_axis',(0.,0.,-1.));
#2778=DIRECTION('ref_axis',(-0.992718157093629,-0.12046020328984,0.));
#2779=DIRECTION('',(0.,0.,-1.));
#2780=DIRECTION('center_axis',(0.,0.,1.));
#2781=DIRECTION('ref_axis',(-0.992718157093629,-0.12046020328984,0.));
#2782=DIRECTION('center_axis',(0.992718157093629,-0.12046020328984,0.));
#2783=DIRECTION('ref_axis',(-0.12046020328984,-0.992718157093629,0.));
#2784=DIRECTION('',(-0.12046020328984,-0.992718157093629,0.));
#2785=DIRECTION('',(0.,0.,-1.));
#2786=DIRECTION('',(0.12046020328984,0.992718157093629,0.));
#2787=DIRECTION('center_axis',(0.,0.,-1.));
#2788=DIRECTION('ref_axis',(-1.97209869962078E-14,1.,0.));
#2789=DIRECTION('center_axis',(0.,0.,-1.));
#2790=DIRECTION('ref_axis',(0.999999988612051,-0.000150916855865546,0.));
#2791=DIRECTION('center_axis',(0.,0.,1.));
#2792=DIRECTION('ref_axis',(0.999999988612051,-0.000150916855865546,0.));
#2793=DIRECTION('center_axis',(0.992718157093629,0.12046020328984,0.));
#2794=DIRECTION('ref_axis',(0.12046020328984,-0.992718157093629,0.));
#2795=DIRECTION('',(0.12046020328984,-0.992718157093629,0.));
#2796=DIRECTION('',(0.,0.,-1.));
#2797=DIRECTION('',(-0.12046020328984,0.992718157093629,0.));
#2798=DIRECTION('',(0.,0.,-1.));
#2799=DIRECTION('center_axis',(0.,0.,-1.));
#2800=DIRECTION('ref_axis',(0.992718157093629,0.12046020328984,0.));
#2801=DIRECTION('center_axis',(0.,0.,-1.));
#2802=DIRECTION('ref_axis',(0.992718157093629,0.12046020328984,0.));
#2803=DIRECTION('',(0.,0.,-1.));
#2804=DIRECTION('center_axis',(0.,0.,1.));
#2805=DIRECTION('ref_axis',(0.992718157093629,0.12046020328984,0.));
#2806=DIRECTION('center_axis',(-0.992718157093629,0.12046020328984,0.));
#2807=DIRECTION('ref_axis',(0.12046020328984,0.992718157093629,0.));
#2808=DIRECTION('',(0.12046020328984,0.992718157093629,0.));
#2809=DIRECTION('',(0.,0.,-1.));
#2810=DIRECTION('',(-0.12046020328984,-0.992718157093629,0.));
#2811=DIRECTION('center_axis',(0.,0.,-1.));
#2812=DIRECTION('ref_axis',(1.97209219440775E-14,-1.,0.));
#2813=DIRECTION('center_axis',(0.,0.,-1.));
#2814=DIRECTION('ref_axis',(-0.999999988612051,0.000150916855865546,0.));
#2815=DIRECTION('center_axis',(0.,0.,1.));
#2816=DIRECTION('ref_axis',(-0.999999988612051,0.000150916855865546,0.));
#2817=DIRECTION('center_axis',(0.,0.,-1.));
#2818=DIRECTION('ref_axis',(1.,0.,0.));
#2819=DIRECTION('center_axis',(0.,0.,-1.));
#2820=DIRECTION('ref_axis',(1.,0.,0.));
#2821=DIRECTION('',(0.,0.,-1.));
#2822=DIRECTION('center_axis',(0.,0.,1.));
#2823=DIRECTION('ref_axis',(1.,0.,0.));
#2824=DIRECTION('center_axis',(0.,0.,-1.));
#2825=DIRECTION('ref_axis',(1.,0.,0.));
#2826=DIRECTION('center_axis',(0.,0.,-1.));
#2827=DIRECTION('ref_axis',(1.,0.,0.));
#2828=DIRECTION('',(0.,0.,-1.));
#2829=DIRECTION('center_axis',(0.,0.,1.));
#2830=DIRECTION('ref_axis',(1.,0.,0.));
#2831=DIRECTION('center_axis',(0.,0.,-1.));
#2832=DIRECTION('ref_axis',(1.,0.,0.));
#2833=DIRECTION('center_axis',(0.,0.,-1.));
#2834=DIRECTION('ref_axis',(1.,0.,0.));
#2835=DIRECTION('',(0.,0.,-1.));
#2836=DIRECTION('center_axis',(0.,0.,1.));
#2837=DIRECTION('ref_axis',(1.,0.,0.));
#2838=DIRECTION('center_axis',(0.,0.,-1.));
#2839=DIRECTION('ref_axis',(1.,0.,0.));
#2840=DIRECTION('center_axis',(0.,0.,-1.));
#2841=DIRECTION('ref_axis',(1.,0.,0.));
#2842=DIRECTION('',(0.,0.,-1.));
#2843=DIRECTION('center_axis',(0.,0.,1.));
#2844=DIRECTION('ref_axis',(1.,0.,0.));
#2845=DIRECTION('center_axis',(0.,0.,-1.));
#2846=DIRECTION('ref_axis',(1.,0.,0.));
#2847=DIRECTION('center_axis',(0.,0.,-1.));
#2848=DIRECTION('ref_axis',(1.,0.,0.));
#2849=DIRECTION('',(0.,0.,-1.));
#2850=DIRECTION('center_axis',(0.,0.,1.));
#2851=DIRECTION('ref_axis',(1.,0.,0.));
#2852=DIRECTION('center_axis',(0.,0.,-1.));
#2853=DIRECTION('ref_axis',(1.,0.,0.));
#2854=DIRECTION('center_axis',(0.,0.,-1.));
#2855=DIRECTION('ref_axis',(1.,0.,0.));
#2856=DIRECTION('',(0.,0.,-1.));
#2857=DIRECTION('center_axis',(0.,0.,1.));
#2858=DIRECTION('ref_axis',(1.,0.,0.));
#2859=DIRECTION('center_axis',(0.,0.,-1.));
#2860=DIRECTION('ref_axis',(1.,0.,0.));
#2861=DIRECTION('center_axis',(0.,0.,-1.));
#2862=DIRECTION('ref_axis',(1.,0.,0.));
#2863=DIRECTION('',(0.,0.,-1.));
#2864=DIRECTION('center_axis',(0.,0.,1.));
#2865=DIRECTION('ref_axis',(1.,0.,0.));
#2866=DIRECTION('center_axis',(0.,0.,-1.));
#2867=DIRECTION('ref_axis',(1.,0.,0.));
#2868=DIRECTION('center_axis',(0.,0.,-1.));
#2869=DIRECTION('ref_axis',(1.,0.,0.));
#2870=DIRECTION('',(0.,0.,-1.));
#2871=DIRECTION('center_axis',(0.,0.,1.));
#2872=DIRECTION('ref_axis',(1.,0.,0.));
#2873=DIRECTION('center_axis',(0.,0.,-1.));
#2874=DIRECTION('ref_axis',(1.,0.,0.));
#2875=DIRECTION('center_axis',(0.,0.,-1.));
#2876=DIRECTION('ref_axis',(1.,0.,0.));
#2877=DIRECTION('',(0.,0.,-1.));
#2878=DIRECTION('center_axis',(0.,0.,1.));
#2879=DIRECTION('ref_axis',(1.,0.,0.));
#2880=DIRECTION('center_axis',(0.,0.,-1.));
#2881=DIRECTION('ref_axis',(1.,0.,0.));
#2882=DIRECTION('center_axis',(0.,0.,-1.));
#2883=DIRECTION('ref_axis',(1.,0.,0.));
#2884=DIRECTION('',(0.,0.,-1.));
#2885=DIRECTION('center_axis',(0.,0.,1.));
#2886=DIRECTION('ref_axis',(1.,0.,0.));
#2887=DIRECTION('center_axis',(0.,0.,-1.));
#2888=DIRECTION('ref_axis',(1.,0.,0.));
#2889=DIRECTION('center_axis',(0.,0.,-1.));
#2890=DIRECTION('ref_axis',(1.,0.,0.));
#2891=DIRECTION('',(0.,0.,-1.));
#2892=DIRECTION('center_axis',(0.,0.,1.));
#2893=DIRECTION('ref_axis',(1.,0.,0.));
#2894=DIRECTION('center_axis',(0.,0.,-1.));
#2895=DIRECTION('ref_axis',(1.,0.,0.));
#2896=DIRECTION('center_axis',(0.,0.,-1.));
#2897=DIRECTION('ref_axis',(1.,0.,0.));
#2898=DIRECTION('',(0.,0.,-1.));
#2899=DIRECTION('center_axis',(0.,0.,1.));
#2900=DIRECTION('ref_axis',(1.,0.,0.));
#2901=DIRECTION('center_axis',(0.,0.,-1.));
#2902=DIRECTION('ref_axis',(1.,0.,0.));
#2903=DIRECTION('center_axis',(0.,0.,-1.));
#2904=DIRECTION('ref_axis',(1.,0.,0.));
#2905=DIRECTION('',(0.,0.,-1.));
#2906=DIRECTION('center_axis',(0.,0.,1.));
#2907=DIRECTION('ref_axis',(1.,0.,0.));
#2908=DIRECTION('center_axis',(0.,0.,-1.));
#2909=DIRECTION('ref_axis',(1.,0.,0.));
#2910=DIRECTION('center_axis',(0.,0.,-1.));
#2911=DIRECTION('ref_axis',(1.,0.,0.));
#2912=DIRECTION('',(0.,0.,-1.));
#2913=DIRECTION('center_axis',(0.,0.,1.));
#2914=DIRECTION('ref_axis',(1.,0.,0.));
#2915=DIRECTION('center_axis',(0.,0.,-1.));
#2916=DIRECTION('ref_axis',(1.,0.,0.));
#2917=DIRECTION('center_axis',(0.,0.,-1.));
#2918=DIRECTION('ref_axis',(1.,0.,0.));
#2919=DIRECTION('',(0.,0.,-1.));
#2920=DIRECTION('center_axis',(0.,0.,1.));
#2921=DIRECTION('ref_axis',(1.,0.,0.));
#2922=DIRECTION('center_axis',(0.,0.,-1.));
#2923=DIRECTION('ref_axis',(1.,0.,0.));
#2924=DIRECTION('center_axis',(0.,0.,-1.));
#2925=DIRECTION('ref_axis',(1.,0.,0.));
#2926=DIRECTION('',(0.,0.,-1.));
#2927=DIRECTION('center_axis',(0.,0.,1.));
#2928=DIRECTION('ref_axis',(1.,0.,0.));
#2929=DIRECTION('center_axis',(0.,0.,-1.));
#2930=DIRECTION('ref_axis',(1.,0.,0.));
#2931=DIRECTION('center_axis',(0.,0.,-1.));
#2932=DIRECTION('ref_axis',(1.,0.,0.));
#2933=DIRECTION('',(0.,0.,-1.));
#2934=DIRECTION('center_axis',(0.,0.,1.));
#2935=DIRECTION('ref_axis',(1.,0.,0.));
#2936=DIRECTION('center_axis',(0.,0.,-1.));
#2937=DIRECTION('ref_axis',(1.,0.,0.));
#2938=DIRECTION('center_axis',(0.,0.,-1.));
#2939=DIRECTION('ref_axis',(1.,0.,0.));
#2940=DIRECTION('',(0.,0.,-1.));
#2941=DIRECTION('center_axis',(0.,0.,1.));
#2942=DIRECTION('ref_axis',(1.,0.,0.));
#2943=DIRECTION('center_axis',(0.,0.,-1.));
#2944=DIRECTION('ref_axis',(1.,0.,0.));
#2945=DIRECTION('center_axis',(0.,0.,-1.));
#2946=DIRECTION('ref_axis',(1.,0.,0.));
#2947=DIRECTION('',(0.,0.,-1.));
#2948=DIRECTION('center_axis',(0.,0.,1.));
#2949=DIRECTION('ref_axis',(1.,0.,0.));
#2950=DIRECTION('center_axis',(0.,0.,-1.));
#2951=DIRECTION('ref_axis',(1.,0.,0.));
#2952=DIRECTION('center_axis',(0.,0.,-1.));
#2953=DIRECTION('ref_axis',(1.,0.,0.));
#2954=DIRECTION('',(0.,0.,-1.));
#2955=DIRECTION('center_axis',(0.,0.,1.));
#2956=DIRECTION('ref_axis',(1.,0.,0.));
#2957=DIRECTION('center_axis',(0.,0.,-1.));
#2958=DIRECTION('ref_axis',(1.,0.,0.));
#2959=DIRECTION('center_axis',(0.,0.,-1.));
#2960=DIRECTION('ref_axis',(1.,0.,0.));
#2961=DIRECTION('',(0.,0.,-1.));
#2962=DIRECTION('center_axis',(0.,0.,1.));
#2963=DIRECTION('ref_axis',(1.,0.,0.));
#2964=DIRECTION('center_axis',(0.,0.,-1.));
#2965=DIRECTION('ref_axis',(1.,0.,0.));
#2966=DIRECTION('center_axis',(0.,0.,-1.));
#2967=DIRECTION('ref_axis',(1.,0.,0.));
#2968=DIRECTION('',(0.,0.,-1.));
#2969=DIRECTION('center_axis',(0.,0.,1.));
#2970=DIRECTION('ref_axis',(1.,0.,0.));
#2971=DIRECTION('center_axis',(0.,0.,-1.));
#2972=DIRECTION('ref_axis',(1.,0.,0.));
#2973=DIRECTION('center_axis',(0.,0.,-1.));
#2974=DIRECTION('ref_axis',(1.,0.,0.));
#2975=DIRECTION('',(0.,0.,-1.));
#2976=DIRECTION('center_axis',(0.,0.,1.));
#2977=DIRECTION('ref_axis',(1.,0.,0.));
#2978=DIRECTION('center_axis',(0.,0.,-1.));
#2979=DIRECTION('ref_axis',(1.,0.,0.));
#2980=DIRECTION('center_axis',(0.,0.,-1.));
#2981=DIRECTION('ref_axis',(1.,0.,0.));
#2982=DIRECTION('',(0.,0.,-1.));
#2983=DIRECTION('center_axis',(0.,0.,1.));
#2984=DIRECTION('ref_axis',(1.,0.,0.));
#2985=DIRECTION('center_axis',(0.,0.,-1.));
#2986=DIRECTION('ref_axis',(1.,0.,0.));
#2987=DIRECTION('center_axis',(0.,0.,-1.));
#2988=DIRECTION('ref_axis',(1.,0.,0.));
#2989=DIRECTION('',(0.,0.,-1.));
#2990=DIRECTION('center_axis',(0.,0.,1.));
#2991=DIRECTION('ref_axis',(1.,0.,0.));
#2992=DIRECTION('center_axis',(0.,0.,-1.));
#2993=DIRECTION('ref_axis',(1.,0.,0.));
#2994=DIRECTION('center_axis',(0.,0.,-1.));
#2995=DIRECTION('ref_axis',(1.,0.,0.));
#2996=DIRECTION('',(0.,0.,-1.));
#2997=DIRECTION('center_axis',(0.,0.,1.));
#2998=DIRECTION('ref_axis',(1.,0.,0.));
#2999=DIRECTION('center_axis',(0.,0.,-1.));
#3000=DIRECTION('ref_axis',(1.,0.,0.));
#3001=DIRECTION('center_axis',(0.,0.,-1.));
#3002=DIRECTION('ref_axis',(1.,0.,0.));
#3003=DIRECTION('',(0.,0.,-1.));
#3004=DIRECTION('center_axis',(0.,0.,1.));
#3005=DIRECTION('ref_axis',(1.,0.,0.));
#3006=DIRECTION('center_axis',(0.,0.,-1.));
#3007=DIRECTION('ref_axis',(1.,0.,0.));
#3008=DIRECTION('center_axis',(0.,0.,-1.));
#3009=DIRECTION('ref_axis',(1.,0.,0.));
#3010=DIRECTION('',(0.,0.,-1.));
#3011=DIRECTION('center_axis',(0.,0.,1.));
#3012=DIRECTION('ref_axis',(1.,0.,0.));
#3013=DIRECTION('center_axis',(0.,0.,-1.));
#3014=DIRECTION('ref_axis',(1.,0.,0.));
#3015=DIRECTION('center_axis',(0.,0.,-1.));
#3016=DIRECTION('ref_axis',(1.,0.,0.));
#3017=DIRECTION('',(0.,0.,-1.));
#3018=DIRECTION('center_axis',(0.,0.,1.));
#3019=DIRECTION('ref_axis',(1.,0.,0.));
#3020=DIRECTION('center_axis',(0.,0.,-1.));
#3021=DIRECTION('ref_axis',(1.,0.,0.));
#3022=DIRECTION('center_axis',(0.,0.,-1.));
#3023=DIRECTION('ref_axis',(1.,0.,0.));
#3024=DIRECTION('',(0.,0.,-1.));
#3025=DIRECTION('center_axis',(0.,0.,1.));
#3026=DIRECTION('ref_axis',(1.,0.,0.));
#3027=DIRECTION('center_axis',(0.,0.,-1.));
#3028=DIRECTION('ref_axis',(1.,0.,0.));
#3029=DIRECTION('center_axis',(0.,0.,-1.));
#3030=DIRECTION('ref_axis',(1.,0.,0.));
#3031=DIRECTION('',(0.,0.,-1.));
#3032=DIRECTION('center_axis',(0.,0.,1.));
#3033=DIRECTION('ref_axis',(1.,0.,0.));
#3034=DIRECTION('center_axis',(0.,0.,-1.));
#3035=DIRECTION('ref_axis',(1.,0.,0.));
#3036=DIRECTION('center_axis',(0.,0.,-1.));
#3037=DIRECTION('ref_axis',(1.,0.,0.));
#3038=DIRECTION('',(0.,0.,-1.));
#3039=DIRECTION('center_axis',(0.,0.,1.));
#3040=DIRECTION('ref_axis',(1.,0.,0.));
#3041=DIRECTION('center_axis',(0.,0.,-1.));
#3042=DIRECTION('ref_axis',(1.,0.,0.));
#3043=DIRECTION('center_axis',(0.,0.,-1.));
#3044=DIRECTION('ref_axis',(1.,0.,0.));
#3045=DIRECTION('',(0.,0.,-1.));
#3046=DIRECTION('center_axis',(0.,0.,1.));
#3047=DIRECTION('ref_axis',(1.,0.,0.));
#3048=DIRECTION('center_axis',(0.,0.,-1.));
#3049=DIRECTION('ref_axis',(1.,0.,0.));
#3050=DIRECTION('center_axis',(0.,0.,-1.));
#3051=DIRECTION('ref_axis',(1.,0.,0.));
#3052=DIRECTION('',(0.,0.,-1.));
#3053=DIRECTION('center_axis',(0.,0.,1.));
#3054=DIRECTION('ref_axis',(1.,0.,0.));
#3055=DIRECTION('center_axis',(0.,0.,-1.));
#3056=DIRECTION('ref_axis',(1.,0.,0.));
#3057=DIRECTION('center_axis',(0.,0.,-1.));
#3058=DIRECTION('ref_axis',(1.,0.,0.));
#3059=DIRECTION('',(0.,0.,-1.));
#3060=DIRECTION('center_axis',(0.,0.,1.));
#3061=DIRECTION('ref_axis',(1.,0.,0.));
#3062=DIRECTION('center_axis',(0.,0.,-1.));
#3063=DIRECTION('ref_axis',(1.,0.,0.));
#3064=DIRECTION('center_axis',(0.,0.,-1.));
#3065=DIRECTION('ref_axis',(1.,0.,0.));
#3066=DIRECTION('',(0.,0.,-1.));
#3067=DIRECTION('center_axis',(0.,0.,1.));
#3068=DIRECTION('ref_axis',(1.,0.,0.));
#3069=DIRECTION('center_axis',(0.,0.,-1.));
#3070=DIRECTION('ref_axis',(1.,0.,0.));
#3071=DIRECTION('center_axis',(0.,0.,-1.));
#3072=DIRECTION('ref_axis',(1.,0.,0.));
#3073=DIRECTION('',(0.,0.,-1.));
#3074=DIRECTION('center_axis',(0.,0.,1.));
#3075=DIRECTION('ref_axis',(1.,0.,0.));
#3076=DIRECTION('center_axis',(0.,0.,-1.));
#3077=DIRECTION('ref_axis',(1.,0.,0.));
#3078=DIRECTION('center_axis',(0.,0.,-1.));
#3079=DIRECTION('ref_axis',(1.,0.,0.));
#3080=DIRECTION('',(0.,0.,-1.));
#3081=DIRECTION('center_axis',(0.,0.,1.));
#3082=DIRECTION('ref_axis',(1.,0.,0.));
#3083=DIRECTION('center_axis',(0.,0.,-1.));
#3084=DIRECTION('ref_axis',(1.,0.,0.));
#3085=DIRECTION('center_axis',(0.,0.,-1.));
#3086=DIRECTION('ref_axis',(1.,0.,0.));
#3087=DIRECTION('',(0.,0.,-1.));
#3088=DIRECTION('center_axis',(0.,0.,1.));
#3089=DIRECTION('ref_axis',(1.,0.,0.));
#3090=DIRECTION('center_axis',(0.,0.,-1.));
#3091=DIRECTION('ref_axis',(1.,0.,0.));
#3092=DIRECTION('center_axis',(0.,0.,-1.));
#3093=DIRECTION('ref_axis',(1.,0.,0.));
#3094=DIRECTION('',(0.,0.,-1.));
#3095=DIRECTION('center_axis',(0.,0.,1.));
#3096=DIRECTION('ref_axis',(1.,0.,0.));
#3097=DIRECTION('center_axis',(0.,0.,-1.));
#3098=DIRECTION('ref_axis',(1.,0.,0.));
#3099=DIRECTION('center_axis',(0.,0.,-1.));
#3100=DIRECTION('ref_axis',(1.,0.,0.));
#3101=DIRECTION('',(0.,0.,-1.));
#3102=DIRECTION('center_axis',(0.,0.,1.));
#3103=DIRECTION('ref_axis',(1.,0.,0.));
#3104=DIRECTION('center_axis',(0.,0.,-1.));
#3105=DIRECTION('ref_axis',(1.,0.,0.));
#3106=DIRECTION('center_axis',(0.,0.,-1.));
#3107=DIRECTION('ref_axis',(1.,0.,0.));
#3108=DIRECTION('',(0.,0.,-1.));
#3109=DIRECTION('center_axis',(0.,0.,1.));
#3110=DIRECTION('ref_axis',(1.,0.,0.));
#3111=DIRECTION('center_axis',(0.,0.,-1.));
#3112=DIRECTION('ref_axis',(1.,0.,0.));
#3113=DIRECTION('center_axis',(0.,0.,-1.));
#3114=DIRECTION('ref_axis',(1.,0.,0.));
#3115=DIRECTION('',(0.,0.,-1.));
#3116=DIRECTION('center_axis',(0.,0.,1.));
#3117=DIRECTION('ref_axis',(1.,0.,0.));
#3118=DIRECTION('center_axis',(0.,0.,-1.));
#3119=DIRECTION('ref_axis',(1.,0.,0.));
#3120=DIRECTION('center_axis',(0.,0.,-1.));
#3121=DIRECTION('ref_axis',(1.,0.,0.));
#3122=DIRECTION('',(0.,0.,-1.));
#3123=DIRECTION('center_axis',(0.,0.,1.));
#3124=DIRECTION('ref_axis',(1.,0.,0.));
#3125=DIRECTION('center_axis',(0.,0.,-1.));
#3126=DIRECTION('ref_axis',(1.,0.,0.));
#3127=DIRECTION('center_axis',(0.,0.,-1.));
#3128=DIRECTION('ref_axis',(1.,0.,0.));
#3129=DIRECTION('',(0.,0.,-1.));
#3130=DIRECTION('center_axis',(0.,0.,1.));
#3131=DIRECTION('ref_axis',(1.,0.,0.));
#3132=DIRECTION('center_axis',(0.,0.,-1.));
#3133=DIRECTION('ref_axis',(1.,0.,0.));
#3134=DIRECTION('center_axis',(0.,0.,-1.));
#3135=DIRECTION('ref_axis',(1.,0.,0.));
#3136=DIRECTION('',(0.,0.,-1.));
#3137=DIRECTION('center_axis',(0.,0.,1.));
#3138=DIRECTION('ref_axis',(1.,0.,0.));
#3139=DIRECTION('center_axis',(0.,0.,-1.));
#3140=DIRECTION('ref_axis',(1.,0.,0.));
#3141=DIRECTION('center_axis',(0.,0.,-1.));
#3142=DIRECTION('ref_axis',(1.,0.,0.));
#3143=DIRECTION('',(0.,0.,-1.));
#3144=DIRECTION('center_axis',(0.,0.,1.));
#3145=DIRECTION('ref_axis',(1.,0.,0.));
#3146=DIRECTION('center_axis',(0.,0.,-1.));
#3147=DIRECTION('ref_axis',(1.,0.,0.));
#3148=DIRECTION('center_axis',(0.,0.,-1.));
#3149=DIRECTION('ref_axis',(1.,0.,0.));
#3150=DIRECTION('',(0.,0.,-1.));
#3151=DIRECTION('center_axis',(0.,0.,1.));
#3152=DIRECTION('ref_axis',(1.,0.,0.));
#3153=DIRECTION('center_axis',(0.,0.,-1.));
#3154=DIRECTION('ref_axis',(1.,0.,0.));
#3155=DIRECTION('center_axis',(0.,0.,-1.));
#3156=DIRECTION('ref_axis',(1.,0.,0.));
#3157=DIRECTION('',(0.,0.,-1.));
#3158=DIRECTION('center_axis',(0.,0.,1.));
#3159=DIRECTION('ref_axis',(1.,0.,0.));
#3160=DIRECTION('center_axis',(0.,0.,-1.));
#3161=DIRECTION('ref_axis',(1.,0.,0.));
#3162=DIRECTION('center_axis',(0.,0.,-1.));
#3163=DIRECTION('ref_axis',(1.,0.,0.));
#3164=DIRECTION('',(0.,0.,-1.));
#3165=DIRECTION('center_axis',(0.,0.,1.));
#3166=DIRECTION('ref_axis',(1.,0.,0.));
#3167=DIRECTION('center_axis',(0.,0.,-1.));
#3168=DIRECTION('ref_axis',(1.,0.,0.));
#3169=DIRECTION('center_axis',(0.,0.,-1.));
#3170=DIRECTION('ref_axis',(1.,0.,0.));
#3171=DIRECTION('',(0.,0.,-1.));
#3172=DIRECTION('center_axis',(0.,0.,1.));
#3173=DIRECTION('ref_axis',(1.,0.,0.));
#3174=DIRECTION('center_axis',(0.,0.,-1.));
#3175=DIRECTION('ref_axis',(1.,0.,0.));
#3176=DIRECTION('center_axis',(0.,0.,-1.));
#3177=DIRECTION('ref_axis',(1.,0.,0.));
#3178=DIRECTION('',(0.,0.,-1.));
#3179=DIRECTION('center_axis',(0.,0.,1.));
#3180=DIRECTION('ref_axis',(1.,0.,0.));
#3181=DIRECTION('center_axis',(0.,0.,-1.));
#3182=DIRECTION('ref_axis',(1.,0.,0.));
#3183=DIRECTION('center_axis',(0.,0.,-1.));
#3184=DIRECTION('ref_axis',(1.,0.,0.));
#3185=DIRECTION('',(0.,0.,-1.));
#3186=DIRECTION('center_axis',(0.,0.,1.));
#3187=DIRECTION('ref_axis',(1.,0.,0.));
#3188=DIRECTION('center_axis',(0.,0.,-1.));
#3189=DIRECTION('ref_axis',(1.,0.,0.));
#3190=DIRECTION('center_axis',(0.,0.,-1.));
#3191=DIRECTION('ref_axis',(1.,0.,0.));
#3192=DIRECTION('',(0.,0.,-1.));
#3193=DIRECTION('center_axis',(0.,0.,1.));
#3194=DIRECTION('ref_axis',(1.,0.,0.));
#3195=DIRECTION('center_axis',(0.,0.,-1.));
#3196=DIRECTION('ref_axis',(1.,0.,0.));
#3197=DIRECTION('center_axis',(0.,0.,-1.));
#3198=DIRECTION('ref_axis',(1.,0.,0.));
#3199=DIRECTION('',(0.,0.,-1.));
#3200=DIRECTION('center_axis',(0.,0.,1.));
#3201=DIRECTION('ref_axis',(1.,0.,0.));
#3202=DIRECTION('center_axis',(0.,0.,-1.));
#3203=DIRECTION('ref_axis',(1.,0.,0.));
#3204=DIRECTION('center_axis',(0.,0.,-1.));
#3205=DIRECTION('ref_axis',(1.,0.,0.));
#3206=DIRECTION('',(0.,0.,-1.));
#3207=DIRECTION('center_axis',(0.,0.,1.));
#3208=DIRECTION('ref_axis',(1.,0.,0.));
#3209=DIRECTION('center_axis',(0.,0.,-1.));
#3210=DIRECTION('ref_axis',(1.,0.,0.));
#3211=DIRECTION('center_axis',(0.,0.,-1.));
#3212=DIRECTION('ref_axis',(1.,0.,0.));
#3213=DIRECTION('',(0.,0.,-1.));
#3214=DIRECTION('center_axis',(0.,0.,1.));
#3215=DIRECTION('ref_axis',(1.,0.,0.));
#3216=DIRECTION('center_axis',(0.,0.,-1.));
#3217=DIRECTION('ref_axis',(1.,0.,0.));
#3218=DIRECTION('center_axis',(0.,0.,-1.));
#3219=DIRECTION('ref_axis',(1.,0.,0.));
#3220=DIRECTION('',(0.,0.,-1.));
#3221=DIRECTION('center_axis',(0.,0.,1.));
#3222=DIRECTION('ref_axis',(1.,0.,0.));
#3223=DIRECTION('center_axis',(0.,0.,-1.));
#3224=DIRECTION('ref_axis',(1.,0.,0.));
#3225=DIRECTION('center_axis',(0.,0.,-1.));
#3226=DIRECTION('ref_axis',(1.,0.,0.));
#3227=DIRECTION('',(0.,0.,-1.));
#3228=DIRECTION('center_axis',(0.,0.,1.));
#3229=DIRECTION('ref_axis',(1.,0.,0.));
#3230=DIRECTION('center_axis',(0.,0.,-1.));
#3231=DIRECTION('ref_axis',(1.,0.,0.));
#3232=DIRECTION('center_axis',(0.,0.,-1.));
#3233=DIRECTION('ref_axis',(1.,0.,0.));
#3234=DIRECTION('',(0.,0.,-1.));
#3235=DIRECTION('center_axis',(0.,0.,1.));
#3236=DIRECTION('ref_axis',(1.,0.,0.));
#3237=DIRECTION('center_axis',(0.,0.,-1.));
#3238=DIRECTION('ref_axis',(1.,0.,0.));
#3239=DIRECTION('center_axis',(0.,0.,-1.));
#3240=DIRECTION('ref_axis',(1.,0.,0.));
#3241=DIRECTION('',(0.,0.,-1.));
#3242=DIRECTION('center_axis',(0.,0.,1.));
#3243=DIRECTION('ref_axis',(1.,0.,0.));
#3244=DIRECTION('center_axis',(0.,0.,-1.));
#3245=DIRECTION('ref_axis',(1.,0.,0.));
#3246=DIRECTION('center_axis',(0.,0.,-1.));
#3247=DIRECTION('ref_axis',(1.,0.,0.));
#3248=DIRECTION('',(0.,0.,-1.));
#3249=DIRECTION('center_axis',(0.,0.,1.));
#3250=DIRECTION('ref_axis',(1.,0.,0.));
#3251=DIRECTION('center_axis',(0.,0.,-1.));
#3252=DIRECTION('ref_axis',(1.,0.,0.));
#3253=DIRECTION('center_axis',(0.,0.,-1.));
#3254=DIRECTION('ref_axis',(1.,0.,0.));
#3255=DIRECTION('',(0.,0.,-1.));
#3256=DIRECTION('center_axis',(0.,0.,1.));
#3257=DIRECTION('ref_axis',(1.,0.,0.));
#3258=DIRECTION('center_axis',(0.,0.,-1.));
#3259=DIRECTION('ref_axis',(1.,0.,0.));
#3260=DIRECTION('center_axis',(0.,0.,-1.));
#3261=DIRECTION('ref_axis',(1.,0.,0.));
#3262=DIRECTION('',(0.,0.,-1.));
#3263=DIRECTION('center_axis',(0.,0.,1.));
#3264=DIRECTION('ref_axis',(1.,0.,0.));
#3265=DIRECTION('center_axis',(0.,0.,-1.));
#3266=DIRECTION('ref_axis',(1.,0.,0.));
#3267=DIRECTION('center_axis',(0.,0.,-1.));
#3268=DIRECTION('ref_axis',(1.,0.,0.));
#3269=DIRECTION('',(0.,0.,-1.));
#3270=DIRECTION('center_axis',(0.,0.,1.));
#3271=DIRECTION('ref_axis',(1.,0.,0.));
#3272=DIRECTION('center_axis',(0.,0.,-1.));
#3273=DIRECTION('ref_axis',(1.,0.,0.));
#3274=DIRECTION('center_axis',(0.,0.,-1.));
#3275=DIRECTION('ref_axis',(1.,0.,0.));
#3276=DIRECTION('',(0.,0.,-1.));
#3277=DIRECTION('center_axis',(0.,0.,1.));
#3278=DIRECTION('ref_axis',(1.,0.,0.));
#3279=DIRECTION('center_axis',(0.,0.,-1.));
#3280=DIRECTION('ref_axis',(1.,0.,0.));
#3281=DIRECTION('center_axis',(0.,0.,-1.));
#3282=DIRECTION('ref_axis',(1.,0.,0.));
#3283=DIRECTION('',(0.,0.,-1.));
#3284=DIRECTION('center_axis',(0.,0.,1.));
#3285=DIRECTION('ref_axis',(1.,0.,0.));
#3286=DIRECTION('center_axis',(0.,0.,-1.));
#3287=DIRECTION('ref_axis',(1.,0.,0.));
#3288=DIRECTION('center_axis',(0.,0.,-1.));
#3289=DIRECTION('ref_axis',(1.,0.,0.));
#3290=DIRECTION('',(0.,0.,-1.));
#3291=DIRECTION('center_axis',(0.,0.,1.));
#3292=DIRECTION('ref_axis',(1.,0.,0.));
#3293=DIRECTION('center_axis',(0.,0.,-1.));
#3294=DIRECTION('ref_axis',(1.,0.,0.));
#3295=DIRECTION('center_axis',(0.,0.,-1.));
#3296=DIRECTION('ref_axis',(1.,0.,0.));
#3297=DIRECTION('',(0.,0.,-1.));
#3298=DIRECTION('center_axis',(0.,0.,1.));
#3299=DIRECTION('ref_axis',(1.,0.,0.));
#3300=DIRECTION('center_axis',(0.,0.,-1.));
#3301=DIRECTION('ref_axis',(1.,0.,0.));
#3302=DIRECTION('center_axis',(0.,0.,-1.));
#3303=DIRECTION('ref_axis',(1.,0.,0.));
#3304=DIRECTION('',(0.,0.,-1.));
#3305=DIRECTION('center_axis',(0.,0.,1.));
#3306=DIRECTION('ref_axis',(1.,0.,0.));
#3307=DIRECTION('center_axis',(0.,0.,-1.));
#3308=DIRECTION('ref_axis',(1.,0.,0.));
#3309=DIRECTION('center_axis',(0.,0.,-1.));
#3310=DIRECTION('ref_axis',(1.,0.,0.));
#3311=DIRECTION('',(0.,0.,-1.));
#3312=DIRECTION('center_axis',(0.,0.,1.));
#3313=DIRECTION('ref_axis',(1.,0.,0.));
#3314=DIRECTION('center_axis',(0.,0.,-1.));
#3315=DIRECTION('ref_axis',(1.,0.,0.));
#3316=DIRECTION('center_axis',(0.,0.,-1.));
#3317=DIRECTION('ref_axis',(1.,0.,0.));
#3318=DIRECTION('',(0.,0.,-1.));
#3319=DIRECTION('center_axis',(0.,0.,1.));
#3320=DIRECTION('ref_axis',(1.,0.,0.));
#3321=DIRECTION('center_axis',(0.,0.,-1.));
#3322=DIRECTION('ref_axis',(1.,0.,0.));
#3323=DIRECTION('center_axis',(0.,0.,-1.));
#3324=DIRECTION('ref_axis',(1.,0.,0.));
#3325=DIRECTION('',(0.,0.,-1.));
#3326=DIRECTION('center_axis',(0.,0.,1.));
#3327=DIRECTION('ref_axis',(1.,0.,0.));
#3328=DIRECTION('center_axis',(0.,0.,-1.));
#3329=DIRECTION('ref_axis',(1.,0.,0.));
#3330=DIRECTION('center_axis',(0.,0.,-1.));
#3331=DIRECTION('ref_axis',(1.,0.,0.));
#3332=DIRECTION('',(0.,0.,-1.));
#3333=DIRECTION('center_axis',(0.,0.,1.));
#3334=DIRECTION('ref_axis',(1.,0.,0.));
#3335=DIRECTION('center_axis',(0.,0.,-1.));
#3336=DIRECTION('ref_axis',(1.,0.,0.));
#3337=DIRECTION('center_axis',(0.,0.,-1.));
#3338=DIRECTION('ref_axis',(1.,0.,0.));
#3339=DIRECTION('',(0.,0.,-1.));
#3340=DIRECTION('center_axis',(0.,0.,1.));
#3341=DIRECTION('ref_axis',(1.,0.,0.));
#3342=DIRECTION('center_axis',(0.,0.,-1.));
#3343=DIRECTION('ref_axis',(1.,0.,0.));
#3344=DIRECTION('center_axis',(0.,0.,-1.));
#3345=DIRECTION('ref_axis',(1.,0.,0.));
#3346=DIRECTION('',(0.,0.,-1.));
#3347=DIRECTION('center_axis',(0.,0.,1.));
#3348=DIRECTION('ref_axis',(1.,0.,0.));
#3349=DIRECTION('center_axis',(0.,0.,-1.));
#3350=DIRECTION('ref_axis',(1.,0.,0.));
#3351=DIRECTION('center_axis',(0.,0.,-1.));
#3352=DIRECTION('ref_axis',(1.,0.,0.));
#3353=DIRECTION('',(0.,0.,-1.));
#3354=DIRECTION('center_axis',(0.,0.,1.));
#3355=DIRECTION('ref_axis',(1.,0.,0.));
#3356=DIRECTION('center_axis',(0.,0.,-1.));
#3357=DIRECTION('ref_axis',(1.,0.,0.));
#3358=DIRECTION('center_axis',(0.,0.,-1.));
#3359=DIRECTION('ref_axis',(1.,0.,0.));
#3360=DIRECTION('',(0.,0.,-1.));
#3361=DIRECTION('center_axis',(0.,0.,1.));
#3362=DIRECTION('ref_axis',(1.,0.,0.));
#3363=DIRECTION('center_axis',(0.,0.,-1.));
#3364=DIRECTION('ref_axis',(1.,0.,0.));
#3365=DIRECTION('center_axis',(0.,0.,-1.));
#3366=DIRECTION('ref_axis',(1.,0.,0.));
#3367=DIRECTION('',(0.,0.,-1.));
#3368=DIRECTION('center_axis',(0.,0.,1.));
#3369=DIRECTION('ref_axis',(1.,0.,0.));
#3370=DIRECTION('center_axis',(0.,0.,-1.));
#3371=DIRECTION('ref_axis',(1.,0.,0.));
#3372=DIRECTION('center_axis',(0.,0.,-1.));
#3373=DIRECTION('ref_axis',(1.,0.,0.));
#3374=DIRECTION('',(0.,0.,-1.));
#3375=DIRECTION('center_axis',(0.,0.,1.));
#3376=DIRECTION('ref_axis',(1.,0.,0.));
#3377=DIRECTION('center_axis',(0.,0.,-1.));
#3378=DIRECTION('ref_axis',(1.,0.,0.));
#3379=DIRECTION('center_axis',(0.,0.,-1.));
#3380=DIRECTION('ref_axis',(1.,0.,0.));
#3381=DIRECTION('',(0.,0.,-1.));
#3382=DIRECTION('center_axis',(0.,0.,1.));
#3383=DIRECTION('ref_axis',(1.,0.,0.));
#3384=DIRECTION('center_axis',(0.,0.,-1.));
#3385=DIRECTION('ref_axis',(1.,0.,0.));
#3386=DIRECTION('center_axis',(0.,0.,-1.));
#3387=DIRECTION('ref_axis',(1.,0.,0.));
#3388=DIRECTION('',(0.,0.,-1.));
#3389=DIRECTION('center_axis',(0.,0.,1.));
#3390=DIRECTION('ref_axis',(1.,0.,0.));
#3391=DIRECTION('center_axis',(0.,0.,-1.));
#3392=DIRECTION('ref_axis',(1.,0.,0.));
#3393=DIRECTION('center_axis',(0.,0.,-1.));
#3394=DIRECTION('ref_axis',(1.,0.,0.));
#3395=DIRECTION('',(0.,0.,-1.));
#3396=DIRECTION('center_axis',(0.,0.,1.));
#3397=DIRECTION('ref_axis',(1.,0.,0.));
#3398=DIRECTION('center_axis',(0.,0.,-1.));
#3399=DIRECTION('ref_axis',(1.,0.,0.));
#3400=DIRECTION('center_axis',(0.,0.,-1.));
#3401=DIRECTION('ref_axis',(1.,0.,0.));
#3402=DIRECTION('',(0.,0.,-1.));
#3403=DIRECTION('center_axis',(0.,0.,1.));
#3404=DIRECTION('ref_axis',(1.,0.,0.));
#3405=DIRECTION('center_axis',(0.,0.,-1.));
#3406=DIRECTION('ref_axis',(1.,0.,0.));
#3407=DIRECTION('center_axis',(0.,0.,-1.));
#3408=DIRECTION('ref_axis',(1.,0.,0.));
#3409=DIRECTION('',(0.,0.,-1.));
#3410=DIRECTION('center_axis',(0.,0.,1.));
#3411=DIRECTION('ref_axis',(1.,0.,0.));
#3412=DIRECTION('center_axis',(0.,0.,-1.));
#3413=DIRECTION('ref_axis',(1.,0.,0.));
#3414=DIRECTION('center_axis',(0.,0.,-1.));
#3415=DIRECTION('ref_axis',(1.,0.,0.));
#3416=DIRECTION('',(0.,0.,-1.));
#3417=DIRECTION('center_axis',(0.,0.,1.));
#3418=DIRECTION('ref_axis',(1.,0.,0.));
#3419=DIRECTION('center_axis',(0.,0.,-1.));
#3420=DIRECTION('ref_axis',(1.,0.,0.));
#3421=DIRECTION('center_axis',(0.,0.,-1.));
#3422=DIRECTION('ref_axis',(1.,0.,0.));
#3423=DIRECTION('',(0.,0.,-1.));
#3424=DIRECTION('center_axis',(0.,0.,1.));
#3425=DIRECTION('ref_axis',(1.,0.,0.));
#3426=DIRECTION('center_axis',(0.,0.,-1.));
#3427=DIRECTION('ref_axis',(1.,0.,0.));
#3428=DIRECTION('center_axis',(0.,0.,-1.));
#3429=DIRECTION('ref_axis',(1.,0.,0.));
#3430=DIRECTION('',(0.,0.,-1.));
#3431=DIRECTION('center_axis',(0.,0.,1.));
#3432=DIRECTION('ref_axis',(1.,0.,0.));
#3433=DIRECTION('center_axis',(0.,0.,-1.));
#3434=DIRECTION('ref_axis',(1.,0.,0.));
#3435=DIRECTION('center_axis',(0.,0.,-1.));
#3436=DIRECTION('ref_axis',(1.,0.,0.));
#3437=DIRECTION('',(0.,0.,-1.));
#3438=DIRECTION('center_axis',(0.,0.,1.));
#3439=DIRECTION('ref_axis',(1.,0.,0.));
#3440=DIRECTION('center_axis',(0.,0.,-1.));
#3441=DIRECTION('ref_axis',(1.,0.,0.));
#3442=DIRECTION('center_axis',(0.,0.,-1.));
#3443=DIRECTION('ref_axis',(1.,0.,0.));
#3444=DIRECTION('',(0.,0.,-1.));
#3445=DIRECTION('center_axis',(0.,0.,1.));
#3446=DIRECTION('ref_axis',(1.,0.,0.));
#3447=DIRECTION('center_axis',(0.,0.,-1.));
#3448=DIRECTION('ref_axis',(1.,0.,0.));
#3449=DIRECTION('center_axis',(0.,0.,-1.));
#3450=DIRECTION('ref_axis',(1.,0.,0.));
#3451=DIRECTION('',(0.,0.,-1.));
#3452=DIRECTION('center_axis',(0.,0.,1.));
#3453=DIRECTION('ref_axis',(1.,0.,0.));
#3454=DIRECTION('center_axis',(0.,0.,-1.));
#3455=DIRECTION('ref_axis',(1.,0.,0.));
#3456=DIRECTION('center_axis',(0.,0.,-1.));
#3457=DIRECTION('ref_axis',(1.,0.,0.));
#3458=DIRECTION('',(0.,0.,-1.));
#3459=DIRECTION('center_axis',(0.,0.,1.));
#3460=DIRECTION('ref_axis',(1.,0.,0.));
#3461=DIRECTION('center_axis',(0.,0.,-1.));
#3462=DIRECTION('ref_axis',(1.,0.,0.));
#3463=DIRECTION('center_axis',(0.,0.,-1.));
#3464=DIRECTION('ref_axis',(1.,0.,0.));
#3465=DIRECTION('',(0.,0.,-1.));
#3466=DIRECTION('center_axis',(0.,0.,1.));
#3467=DIRECTION('ref_axis',(1.,0.,0.));
#3468=DIRECTION('center_axis',(0.,0.,-1.));
#3469=DIRECTION('ref_axis',(1.,0.,0.));
#3470=DIRECTION('center_axis',(0.,0.,-1.));
#3471=DIRECTION('ref_axis',(1.,0.,0.));
#3472=DIRECTION('',(0.,0.,-1.));
#3473=DIRECTION('center_axis',(0.,0.,1.));
#3474=DIRECTION('ref_axis',(1.,0.,0.));
#3475=DIRECTION('center_axis',(0.,0.,-1.));
#3476=DIRECTION('ref_axis',(1.,0.,0.));
#3477=DIRECTION('center_axis',(0.,0.,-1.));
#3478=DIRECTION('ref_axis',(1.,0.,0.));
#3479=DIRECTION('',(0.,0.,-1.));
#3480=DIRECTION('center_axis',(0.,0.,1.));
#3481=DIRECTION('ref_axis',(1.,0.,0.));
#3482=DIRECTION('center_axis',(0.,0.,-1.));
#3483=DIRECTION('ref_axis',(1.,0.,0.));
#3484=DIRECTION('center_axis',(0.,0.,-1.));
#3485=DIRECTION('ref_axis',(1.,0.,0.));
#3486=DIRECTION('',(0.,0.,-1.));
#3487=DIRECTION('center_axis',(0.,0.,1.));
#3488=DIRECTION('ref_axis',(1.,0.,0.));
#3489=DIRECTION('center_axis',(0.,0.,-1.));
#3490=DIRECTION('ref_axis',(1.,0.,0.));
#3491=DIRECTION('center_axis',(0.,0.,-1.));
#3492=DIRECTION('ref_axis',(1.,0.,0.));
#3493=DIRECTION('',(0.,0.,-1.));
#3494=DIRECTION('center_axis',(0.,0.,1.));
#3495=DIRECTION('ref_axis',(1.,0.,0.));
#3496=DIRECTION('center_axis',(0.,0.,1.));
#3497=DIRECTION('ref_axis',(1.,0.,0.));
#3498=DIRECTION('center_axis',(0.,0.,1.));
#3499=DIRECTION('ref_axis',(1.,0.,0.));
#3500=DIRECTION('',(0.,0.,-1.));
#3501=DIRECTION('center_axis',(0.,0.,1.));
#3502=DIRECTION('ref_axis',(1.,0.,0.));
#3503=DIRECTION('center_axis',(0.,0.,1.));
#3504=DIRECTION('ref_axis',(1.,0.,0.));
#3505=DIRECTION('center_axis',(0.,0.,1.));
#3506=DIRECTION('ref_axis',(1.,0.,0.));
#3507=CARTESIAN_POINT('',(0.,0.,0.));
#3508=CARTESIAN_POINT('Origin',(-9.92718157093628,18.7953979671016,6.));
#3509=CARTESIAN_POINT('',(-9.92718157093628,18.7953979671016,6.));
#3510=CARTESIAN_POINT('',(-12.4999998576506,39.9981135393012,6.));
#3511=CARTESIAN_POINT('',(-8.73135126080615,8.9405045728679,6.));
#3512=CARTESIAN_POINT('',(-9.92718157093628,18.7953979671016,0.));
#3513=CARTESIAN_POINT('',(-9.92718157093628,18.7953979671016,6.));
#3514=CARTESIAN_POINT('',(-12.4999998576506,39.9981135393012,0.));
#3515=CARTESIAN_POINT('',(-8.73135126080615,8.9405045728679,0.));
#3516=CARTESIAN_POINT('',(-12.4999998576506,39.9981135393012,6.));
#3517=CARTESIAN_POINT('Origin',(8.88178419700125E-15,20.,6.));
#3518=CARTESIAN_POINT('',(9.9271815709363,18.7953979671016,6.));
#3519=CARTESIAN_POINT('Origin',(8.88178419700125E-15,20.,6.));
#3520=CARTESIAN_POINT('',(9.9271815709363,18.7953979671016,0.));
#3521=CARTESIAN_POINT('',(9.9271815709363,18.7953979671016,6.));
#3522=CARTESIAN_POINT('Origin',(8.88178419700125E-15,20.,0.));
#3523=CARTESIAN_POINT('Origin',(12.4999998576507,39.9981135393017,6.));
#3524=CARTESIAN_POINT('',(12.4999998576507,39.9981135393017,6.));
#3525=CARTESIAN_POINT('',(10.0177604041633,19.5418623589679,6.));
#3526=CARTESIAN_POINT('',(12.4999998576507,39.9981135393017,0.));
#3527=CARTESIAN_POINT('',(12.4999998576507,39.9981135393017,6.));
#3528=CARTESIAN_POINT('',(10.0177604041633,19.5418623589679,0.));
#3529=CARTESIAN_POINT('Origin',(8.88178419700125E-15,40.,6.));
#3530=CARTESIAN_POINT('Origin',(8.88178419700125E-15,40.,6.));
#3531=CARTESIAN_POINT('Origin',(8.88178419700125E-15,40.,0.));
#3532=CARTESIAN_POINT('Origin',(9.92718157093629,-18.7953979671016,6.));
#3533=CARTESIAN_POINT('',(9.92718157093629,-18.7953979671016,6.));
#3534=CARTESIAN_POINT('',(12.4999998576506,-39.9981135393012,6.));
#3535=CARTESIAN_POINT('',(8.73135126080616,-8.9405045728679,6.));
#3536=CARTESIAN_POINT('',(9.92718157093629,-18.7953979671016,0.));
#3537=CARTESIAN_POINT('',(9.92718157093629,-18.7953979671016,6.));
#3538=CARTESIAN_POINT('',(12.4999998576506,-39.9981135393012,0.));
#3539=CARTESIAN_POINT('',(8.73135126080616,-8.9405045728679,0.));
#3540=CARTESIAN_POINT('',(12.4999998576506,-39.9981135393012,6.));
#3541=CARTESIAN_POINT('Origin',(4.44089209850063E-15,-20.,6.));
#3542=CARTESIAN_POINT('',(-9.92718157093628,-18.7953979671016,6.));
#3543=CARTESIAN_POINT('Origin',(4.44089209850063E-15,-20.,6.));
#3544=CARTESIAN_POINT('',(-9.92718157093628,-18.7953979671016,0.));
#3545=CARTESIAN_POINT('',(-9.92718157093628,-18.7953979671016,6.));
#3546=CARTESIAN_POINT('Origin',(4.44089209850063E-15,-20.,0.));
#3547=CARTESIAN_POINT('Origin',(-12.4999998576506,-39.9981135393017,6.));
#3548=CARTESIAN_POINT('',(-12.4999998576506,-39.9981135393017,6.));
#3549=CARTESIAN_POINT('',(-10.0177604041633,-19.5418623589679,6.));
#3550=CARTESIAN_POINT('',(-12.4999998576506,-39.9981135393017,0.));
#3551=CARTESIAN_POINT('',(-12.4999998576506,-39.9981135393017,6.));
#3552=CARTESIAN_POINT('',(-10.0177604041633,-19.5418623589679,0.));
#3553=CARTESIAN_POINT('Origin',(4.44089209850063E-15,-40.,6.));
#3554=CARTESIAN_POINT('Origin',(4.44089209850063E-15,-40.,6.));
#3555=CARTESIAN_POINT('Origin',(4.44089209850063E-15,-40.,0.));
#3556=CARTESIAN_POINT('Origin',(40.,100.,3.));
#3557=CARTESIAN_POINT('',(38.25,100.,6.));
#3558=CARTESIAN_POINT('Origin',(40.,100.,6.));
#3559=CARTESIAN_POINT('',(38.25,100.,0.));
#3560=CARTESIAN_POINT('',(38.25,100.,3.));
#3561=CARTESIAN_POINT('Origin',(40.,100.,0.));
#3562=CARTESIAN_POINT('Origin',(20.,100.,3.));
#3563=CARTESIAN_POINT('',(18.25,100.,6.));
#3564=CARTESIAN_POINT('Origin',(20.,100.,6.));
#3565=CARTESIAN_POINT('',(18.25,100.,0.));
#3566=CARTESIAN_POINT('',(18.25,100.,3.));
#3567=CARTESIAN_POINT('Origin',(20.,100.,0.));
#3568=CARTESIAN_POINT('Origin',(8.88178419700125E-15,100.,3.));
#3569=CARTESIAN_POINT('',(-1.74999999999999,100.,6.));
#3570=CARTESIAN_POINT('Origin',(8.88178419700125E-15,100.,6.));
#3571=CARTESIAN_POINT('',(-1.74999999999999,100.,0.));
#3572=CARTESIAN_POINT('',(-1.74999999999999,100.,3.));
#3573=CARTESIAN_POINT('Origin',(8.88178419700125E-15,100.,0.));
#3574=CARTESIAN_POINT('Origin',(-20.,100.,3.));
#3575=CARTESIAN_POINT('',(-21.75,100.,6.));
#3576=CARTESIAN_POINT('Origin',(-20.,100.,6.));
#3577=CARTESIAN_POINT('',(-21.75,100.,0.));
#3578=CARTESIAN_POINT('',(-21.75,100.,3.));
#3579=CARTESIAN_POINT('Origin',(-20.,100.,0.));
#3580=CARTESIAN_POINT('Origin',(-40.,100.,3.));
#3581=CARTESIAN_POINT('',(-41.75,100.,6.));
#3582=CARTESIAN_POINT('Origin',(-40.,100.,6.));
#3583=CARTESIAN_POINT('',(-41.75,100.,0.));
#3584=CARTESIAN_POINT('',(-41.75,100.,3.));
#3585=CARTESIAN_POINT('Origin',(-40.,100.,0.));
#3586=CARTESIAN_POINT('Origin',(80.,80.,3.));
#3587=CARTESIAN_POINT('',(78.25,80.,6.));
#3588=CARTESIAN_POINT('Origin',(80.,80.,6.));
#3589=CARTESIAN_POINT('',(78.25,80.,0.));
#3590=CARTESIAN_POINT('',(78.25,80.,3.));
#3591=CARTESIAN_POINT('Origin',(80.,80.,0.));
#3592=CARTESIAN_POINT('Origin',(60.,80.,3.));
#3593=CARTESIAN_POINT('',(58.25,80.,6.));
#3594=CARTESIAN_POINT('Origin',(60.,80.,6.));
#3595=CARTESIAN_POINT('',(58.25,80.,0.));
#3596=CARTESIAN_POINT('',(58.25,80.,3.));
#3597=CARTESIAN_POINT('Origin',(60.,80.,0.));
#3598=CARTESIAN_POINT('Origin',(40.,80.,3.));
#3599=CARTESIAN_POINT('',(38.25,80.,6.));
#3600=CARTESIAN_POINT('Origin',(40.,80.,6.));
#3601=CARTESIAN_POINT('',(38.25,80.,0.));
#3602=CARTESIAN_POINT('',(38.25,80.,3.));
#3603=CARTESIAN_POINT('Origin',(40.,80.,0.));
#3604=CARTESIAN_POINT('Origin',(20.,80.,3.));
#3605=CARTESIAN_POINT('',(18.25,80.,6.));
#3606=CARTESIAN_POINT('Origin',(20.,80.,6.));
#3607=CARTESIAN_POINT('',(18.25,80.,0.));
#3608=CARTESIAN_POINT('',(18.25,80.,3.));
#3609=CARTESIAN_POINT('Origin',(20.,80.,0.));
#3610=CARTESIAN_POINT('Origin',(8.88178419700125E-15,80.,3.));
#3611=CARTESIAN_POINT('',(-1.74999999999999,80.,6.));
#3612=CARTESIAN_POINT('Origin',(8.88178419700125E-15,80.,6.));
#3613=CARTESIAN_POINT('',(-1.74999999999999,80.,0.));
#3614=CARTESIAN_POINT('',(-1.74999999999999,80.,3.));
#3615=CARTESIAN_POINT('Origin',(8.88178419700125E-15,80.,0.));
#3616=CARTESIAN_POINT('Origin',(-20.,80.,3.));
#3617=CARTESIAN_POINT('',(-21.75,80.,6.));
#3618=CARTESIAN_POINT('Origin',(-20.,80.,6.));
#3619=CARTESIAN_POINT('',(-21.75,80.,0.));
#3620=CARTESIAN_POINT('',(-21.75,80.,3.));
#3621=CARTESIAN_POINT('Origin',(-20.,80.,0.));
#3622=CARTESIAN_POINT('Origin',(-40.,80.,3.));
#3623=CARTESIAN_POINT('',(-41.75,80.,6.));
#3624=CARTESIAN_POINT('Origin',(-40.,80.,6.));
#3625=CARTESIAN_POINT('',(-41.75,80.,0.));
#3626=CARTESIAN_POINT('',(-41.75,80.,3.));
#3627=CARTESIAN_POINT('Origin',(-40.,80.,0.));
#3628=CARTESIAN_POINT('Origin',(-60.,80.,3.));
#3629=CARTESIAN_POINT('',(-61.75,80.,6.));
#3630=CARTESIAN_POINT('Origin',(-60.,80.,6.));
#3631=CARTESIAN_POINT('',(-61.75,80.,0.));
#3632=CARTESIAN_POINT('',(-61.75,80.,3.));
#3633=CARTESIAN_POINT('Origin',(-60.,80.,0.));
#3634=CARTESIAN_POINT('Origin',(-80.,80.,3.));
#3635=CARTESIAN_POINT('',(-81.75,80.,6.));
#3636=CARTESIAN_POINT('Origin',(-80.,80.,6.));
#3637=CARTESIAN_POINT('',(-81.75,80.,0.));
#3638=CARTESIAN_POINT('',(-81.75,80.,3.));
#3639=CARTESIAN_POINT('Origin',(-80.,80.,0.));
#3640=CARTESIAN_POINT('Origin',(80.,60.,3.));
#3641=CARTESIAN_POINT('',(78.25,60.,6.));
#3642=CARTESIAN_POINT('Origin',(80.,60.,6.));
#3643=CARTESIAN_POINT('',(78.25,60.,0.));
#3644=CARTESIAN_POINT('',(78.25,60.,3.));
#3645=CARTESIAN_POINT('Origin',(80.,60.,0.));
#3646=CARTESIAN_POINT('Origin',(60.,60.,3.));
#3647=CARTESIAN_POINT('',(58.25,60.,6.));
#3648=CARTESIAN_POINT('Origin',(60.,60.,6.));
#3649=CARTESIAN_POINT('',(58.25,60.,0.));
#3650=CARTESIAN_POINT('',(58.25,60.,3.));
#3651=CARTESIAN_POINT('Origin',(60.,60.,0.));
#3652=CARTESIAN_POINT('Origin',(40.,60.,3.));
#3653=CARTESIAN_POINT('',(38.25,60.,6.));
#3654=CARTESIAN_POINT('Origin',(40.,60.,6.));
#3655=CARTESIAN_POINT('',(38.25,60.,0.));
#3656=CARTESIAN_POINT('',(38.25,60.,3.));
#3657=CARTESIAN_POINT('Origin',(40.,60.,0.));
#3658=CARTESIAN_POINT('Origin',(20.,60.,3.));
#3659=CARTESIAN_POINT('',(18.25,60.,6.));
#3660=CARTESIAN_POINT('Origin',(20.,60.,6.));
#3661=CARTESIAN_POINT('',(18.25,60.,0.));
#3662=CARTESIAN_POINT('',(18.25,60.,3.));
#3663=CARTESIAN_POINT('Origin',(20.,60.,0.));
#3664=CARTESIAN_POINT('Origin',(8.88178419700125E-15,60.,3.));
#3665=CARTESIAN_POINT('',(-1.74999999999999,60.,6.));
#3666=CARTESIAN_POINT('Origin',(8.88178419700125E-15,60.,6.));
#3667=CARTESIAN_POINT('',(-1.74999999999999,60.,0.));
#3668=CARTESIAN_POINT('',(-1.74999999999999,60.,3.));
#3669=CARTESIAN_POINT('Origin',(8.88178419700125E-15,60.,0.));
#3670=CARTESIAN_POINT('Origin',(-20.,60.,3.));
#3671=CARTESIAN_POINT('',(-21.75,60.,6.));
#3672=CARTESIAN_POINT('Origin',(-20.,60.,6.));
#3673=CARTESIAN_POINT('',(-21.75,60.,0.));
#3674=CARTESIAN_POINT('',(-21.75,60.,3.));
#3675=CARTESIAN_POINT('Origin',(-20.,60.,0.));
#3676=CARTESIAN_POINT('Origin',(-40.,60.,3.));
#3677=CARTESIAN_POINT('',(-41.75,60.,6.));
#3678=CARTESIAN_POINT('Origin',(-40.,60.,6.));
#3679=CARTESIAN_POINT('',(-41.75,60.,0.));
#3680=CARTESIAN_POINT('',(-41.75,60.,3.));
#3681=CARTESIAN_POINT('Origin',(-40.,60.,0.));
#3682=CARTESIAN_POINT('Origin',(-60.,60.,3.));
#3683=CARTESIAN_POINT('',(-61.75,60.,6.));
#3684=CARTESIAN_POINT('Origin',(-60.,60.,6.));
#3685=CARTESIAN_POINT('',(-61.75,60.,0.));
#3686=CARTESIAN_POINT('',(-61.75,60.,3.));
#3687=CARTESIAN_POINT('Origin',(-60.,60.,0.));
#3688=CARTESIAN_POINT('Origin',(-80.,60.,3.));
#3689=CARTESIAN_POINT('',(-81.75,60.,6.));
#3690=CARTESIAN_POINT('Origin',(-80.,60.,6.));
#3691=CARTESIAN_POINT('',(-81.75,60.,0.));
#3692=CARTESIAN_POINT('',(-81.75,60.,3.));
#3693=CARTESIAN_POINT('Origin',(-80.,60.,0.));
#3694=CARTESIAN_POINT('Origin',(100.,40.,3.));
#3695=CARTESIAN_POINT('',(98.25,40.,6.));
#3696=CARTESIAN_POINT('Origin',(100.,40.,6.));
#3697=CARTESIAN_POINT('',(98.25,40.,0.));
#3698=CARTESIAN_POINT('',(98.25,40.,3.));
#3699=CARTESIAN_POINT('Origin',(100.,40.,0.));
#3700=CARTESIAN_POINT('Origin',(80.,40.,3.));
#3701=CARTESIAN_POINT('',(78.25,40.,6.));
#3702=CARTESIAN_POINT('Origin',(80.,40.,6.));
#3703=CARTESIAN_POINT('',(78.25,40.,0.));
#3704=CARTESIAN_POINT('',(78.25,40.,3.));
#3705=CARTESIAN_POINT('Origin',(80.,40.,0.));
#3706=CARTESIAN_POINT('Origin',(60.,40.,3.));
#3707=CARTESIAN_POINT('',(58.25,40.,6.));
#3708=CARTESIAN_POINT('Origin',(60.,40.,6.));
#3709=CARTESIAN_POINT('',(58.25,40.,0.));
#3710=CARTESIAN_POINT('',(58.25,40.,3.));
#3711=CARTESIAN_POINT('Origin',(60.,40.,0.));
#3712=CARTESIAN_POINT('Origin',(40.,40.,3.));
#3713=CARTESIAN_POINT('',(38.25,40.,6.));
#3714=CARTESIAN_POINT('Origin',(40.,40.,6.));
#3715=CARTESIAN_POINT('',(38.25,40.,0.));
#3716=CARTESIAN_POINT('',(38.25,40.,3.));
#3717=CARTESIAN_POINT('Origin',(40.,40.,0.));
#3718=CARTESIAN_POINT('Origin',(20.,40.,3.));
#3719=CARTESIAN_POINT('',(18.25,40.,6.));
#3720=CARTESIAN_POINT('Origin',(20.,40.,6.));
#3721=CARTESIAN_POINT('',(18.25,40.,0.));
#3722=CARTESIAN_POINT('',(18.25,40.,3.));
#3723=CARTESIAN_POINT('Origin',(20.,40.,0.));
#3724=CARTESIAN_POINT('Origin',(-20.,40.,3.));
#3725=CARTESIAN_POINT('',(-21.75,40.,6.));
#3726=CARTESIAN_POINT('Origin',(-20.,40.,6.));
#3727=CARTESIAN_POINT('',(-21.75,40.,0.));
#3728=CARTESIAN_POINT('',(-21.75,40.,3.));
#3729=CARTESIAN_POINT('Origin',(-20.,40.,0.));
#3730=CARTESIAN_POINT('Origin',(-40.,40.,3.));
#3731=CARTESIAN_POINT('',(-41.75,40.,6.));
#3732=CARTESIAN_POINT('Origin',(-40.,40.,6.));
#3733=CARTESIAN_POINT('',(-41.75,40.,0.));
#3734=CARTESIAN_POINT('',(-41.75,40.,3.));
#3735=CARTESIAN_POINT('Origin',(-40.,40.,0.));
#3736=CARTESIAN_POINT('Origin',(-60.,40.,3.));
#3737=CARTESIAN_POINT('',(-61.75,40.,6.));
#3738=CARTESIAN_POINT('Origin',(-60.,40.,6.));
#3739=CARTESIAN_POINT('',(-61.75,40.,0.));
#3740=CARTESIAN_POINT('',(-61.75,40.,3.));
#3741=CARTESIAN_POINT('Origin',(-60.,40.,0.));
#3742=CARTESIAN_POINT('Origin',(-80.,40.,3.));
#3743=CARTESIAN_POINT('',(-81.75,40.,6.));
#3744=CARTESIAN_POINT('Origin',(-80.,40.,6.));
#3745=CARTESIAN_POINT('',(-81.75,40.,0.));
#3746=CARTESIAN_POINT('',(-81.75,40.,3.));
#3747=CARTESIAN_POINT('Origin',(-80.,40.,0.));
#3748=CARTESIAN_POINT('Origin',(-100.,40.,3.));
#3749=CARTESIAN_POINT('',(-101.75,40.,6.));
#3750=CARTESIAN_POINT('Origin',(-100.,40.,6.));
#3751=CARTESIAN_POINT('',(-101.75,40.,0.));
#3752=CARTESIAN_POINT('',(-101.75,40.,3.));
#3753=CARTESIAN_POINT('Origin',(-100.,40.,0.));
#3754=CARTESIAN_POINT('Origin',(100.,20.,3.));
#3755=CARTESIAN_POINT('',(98.25,20.,6.));
#3756=CARTESIAN_POINT('Origin',(100.,20.,6.));
#3757=CARTESIAN_POINT('',(98.25,20.,0.));
#3758=CARTESIAN_POINT('',(98.25,20.,3.));
#3759=CARTESIAN_POINT('Origin',(100.,20.,0.));
#3760=CARTESIAN_POINT('Origin',(80.,20.,3.));
#3761=CARTESIAN_POINT('',(78.25,20.,6.));
#3762=CARTESIAN_POINT('Origin',(80.,20.,6.));
#3763=CARTESIAN_POINT('',(78.25,20.,0.));
#3764=CARTESIAN_POINT('',(78.25,20.,3.));
#3765=CARTESIAN_POINT('Origin',(80.,20.,0.));
#3766=CARTESIAN_POINT('Origin',(60.,20.,3.));
#3767=CARTESIAN_POINT('',(58.25,20.,6.));
#3768=CARTESIAN_POINT('Origin',(60.,20.,6.));
#3769=CARTESIAN_POINT('',(58.25,20.,0.));
#3770=CARTESIAN_POINT('',(58.25,20.,3.));
#3771=CARTESIAN_POINT('Origin',(60.,20.,0.));
#3772=CARTESIAN_POINT('Origin',(40.,20.,3.));
#3773=CARTESIAN_POINT('',(38.25,20.,6.));
#3774=CARTESIAN_POINT('Origin',(40.,20.,6.));
#3775=CARTESIAN_POINT('',(38.25,20.,0.));
#3776=CARTESIAN_POINT('',(38.25,20.,3.));
#3777=CARTESIAN_POINT('Origin',(40.,20.,0.));
#3778=CARTESIAN_POINT('Origin',(20.,20.,3.));
#3779=CARTESIAN_POINT('',(18.25,20.,6.));
#3780=CARTESIAN_POINT('Origin',(20.,20.,6.));
#3781=CARTESIAN_POINT('',(18.25,20.,0.));
#3782=CARTESIAN_POINT('',(18.25,20.,3.));
#3783=CARTESIAN_POINT('Origin',(20.,20.,0.));
#3784=CARTESIAN_POINT('Origin',(-20.,20.,3.));
#3785=CARTESIAN_POINT('',(-21.75,20.,6.));
#3786=CARTESIAN_POINT('Origin',(-20.,20.,6.));
#3787=CARTESIAN_POINT('',(-21.75,20.,0.));
#3788=CARTESIAN_POINT('',(-21.75,20.,3.));
#3789=CARTESIAN_POINT('Origin',(-20.,20.,0.));
#3790=CARTESIAN_POINT('Origin',(-40.,20.,3.));
#3791=CARTESIAN_POINT('',(-41.75,20.,6.));
#3792=CARTESIAN_POINT('Origin',(-40.,20.,6.));
#3793=CARTESIAN_POINT('',(-41.75,20.,0.));
#3794=CARTESIAN_POINT('',(-41.75,20.,3.));
#3795=CARTESIAN_POINT('Origin',(-40.,20.,0.));
#3796=CARTESIAN_POINT('Origin',(-60.,20.,3.));
#3797=CARTESIAN_POINT('',(-61.75,20.,6.));
#3798=CARTESIAN_POINT('Origin',(-60.,20.,6.));
#3799=CARTESIAN_POINT('',(-61.75,20.,0.));
#3800=CARTESIAN_POINT('',(-61.75,20.,3.));
#3801=CARTESIAN_POINT('Origin',(-60.,20.,0.));
#3802=CARTESIAN_POINT('Origin',(-80.,20.,3.));
#3803=CARTESIAN_POINT('',(-81.75,20.,6.));
#3804=CARTESIAN_POINT('Origin',(-80.,20.,6.));
#3805=CARTESIAN_POINT('',(-81.75,20.,0.));
#3806=CARTESIAN_POINT('',(-81.75,20.,3.));
#3807=CARTESIAN_POINT('Origin',(-80.,20.,0.));
#3808=CARTESIAN_POINT('Origin',(-100.,20.,3.));
#3809=CARTESIAN_POINT('',(-101.75,20.,6.));
#3810=CARTESIAN_POINT('Origin',(-100.,20.,6.));
#3811=CARTESIAN_POINT('',(-101.75,20.,0.));
#3812=CARTESIAN_POINT('',(-101.75,20.,3.));
#3813=CARTESIAN_POINT('Origin',(-100.,20.,0.));
#3814=CARTESIAN_POINT('Origin',(100.,0.,3.));
#3815=CARTESIAN_POINT('',(98.25,2.14313189850787E-16,6.));
#3816=CARTESIAN_POINT('Origin',(100.,0.,6.));
#3817=CARTESIAN_POINT('',(98.25,2.14313189850787E-16,0.));
#3818=CARTESIAN_POINT('',(98.25,2.14313189850787E-16,3.));
#3819=CARTESIAN_POINT('Origin',(100.,0.,0.));
#3820=CARTESIAN_POINT('Origin',(80.,0.,3.));
#3821=CARTESIAN_POINT('',(78.25,2.14313189850787E-16,6.));
#3822=CARTESIAN_POINT('Origin',(80.,0.,6.));
#3823=CARTESIAN_POINT('',(78.25,2.14313189850787E-16,0.));
#3824=CARTESIAN_POINT('',(78.25,2.14313189850787E-16,3.));
#3825=CARTESIAN_POINT('Origin',(80.,0.,0.));
#3826=CARTESIAN_POINT('Origin',(60.,0.,3.));
#3827=CARTESIAN_POINT('',(58.25,2.14313189850787E-16,6.));
#3828=CARTESIAN_POINT('Origin',(60.,0.,6.));
#3829=CARTESIAN_POINT('',(58.25,2.14313189850787E-16,0.));
#3830=CARTESIAN_POINT('',(58.25,2.14313189850787E-16,3.));
#3831=CARTESIAN_POINT('Origin',(60.,0.,0.));
#3832=CARTESIAN_POINT('Origin',(40.,0.,3.));
#3833=CARTESIAN_POINT('',(38.25,2.14313189850787E-16,6.));
#3834=CARTESIAN_POINT('Origin',(40.,0.,6.));
#3835=CARTESIAN_POINT('',(38.25,2.14313189850787E-16,0.));
#3836=CARTESIAN_POINT('',(38.25,2.14313189850787E-16,3.));
#3837=CARTESIAN_POINT('Origin',(40.,0.,0.));
#3838=CARTESIAN_POINT('Origin',(20.,0.,3.));
#3839=CARTESIAN_POINT('',(18.25,2.14313189850787E-16,6.));
#3840=CARTESIAN_POINT('Origin',(20.,0.,6.));
#3841=CARTESIAN_POINT('',(18.25,2.14313189850787E-16,0.));
#3842=CARTESIAN_POINT('',(18.25,2.14313189850787E-16,3.));
#3843=CARTESIAN_POINT('Origin',(20.,0.,0.));
#3844=CARTESIAN_POINT('Origin',(-20.,0.,3.));
#3845=CARTESIAN_POINT('',(-21.75,2.14313189850787E-16,6.));
#3846=CARTESIAN_POINT('Origin',(-20.,0.,6.));
#3847=CARTESIAN_POINT('',(-21.75,2.14313189850787E-16,0.));
#3848=CARTESIAN_POINT('',(-21.75,2.14313189850787E-16,3.));
#3849=CARTESIAN_POINT('Origin',(-20.,0.,0.));
#3850=CARTESIAN_POINT('Origin',(-40.,0.,3.));
#3851=CARTESIAN_POINT('',(-41.75,2.14313189850787E-16,6.));
#3852=CARTESIAN_POINT('Origin',(-40.,0.,6.));
#3853=CARTESIAN_POINT('',(-41.75,2.14313189850787E-16,0.));
#3854=CARTESIAN_POINT('',(-41.75,2.14313189850787E-16,3.));
#3855=CARTESIAN_POINT('Origin',(-40.,0.,0.));
#3856=CARTESIAN_POINT('Origin',(-60.,0.,3.));
#3857=CARTESIAN_POINT('',(-61.75,2.14313189850787E-16,6.));
#3858=CARTESIAN_POINT('Origin',(-60.,0.,6.));
#3859=CARTESIAN_POINT('',(-61.75,2.14313189850787E-16,0.));
#3860=CARTESIAN_POINT('',(-61.75,2.14313189850787E-16,3.));
#3861=CARTESIAN_POINT('Origin',(-60.,0.,0.));
#3862=CARTESIAN_POINT('Origin',(-80.,0.,3.));
#3863=CARTESIAN_POINT('',(-81.75,2.14313189850787E-16,6.));
#3864=CARTESIAN_POINT('Origin',(-80.,0.,6.));
#3865=CARTESIAN_POINT('',(-81.75,2.14313189850787E-16,0.));
#3866=CARTESIAN_POINT('',(-81.75,2.14313189850787E-16,3.));
#3867=CARTESIAN_POINT('Origin',(-80.,0.,0.));
#3868=CARTESIAN_POINT('Origin',(-100.,0.,3.));
#3869=CARTESIAN_POINT('',(-101.75,2.14313189850787E-16,6.));
#3870=CARTESIAN_POINT('Origin',(-100.,0.,6.));
#3871=CARTESIAN_POINT('',(-101.75,2.14313189850787E-16,0.));
#3872=CARTESIAN_POINT('',(-101.75,2.14313189850787E-16,3.));
#3873=CARTESIAN_POINT('Origin',(-100.,0.,0.));
#3874=CARTESIAN_POINT('Origin',(100.,-20.,3.));
#3875=CARTESIAN_POINT('',(98.25,-20.,6.));
#3876=CARTESIAN_POINT('Origin',(100.,-20.,6.));
#3877=CARTESIAN_POINT('',(98.25,-20.,0.));
#3878=CARTESIAN_POINT('',(98.25,-20.,3.));
#3879=CARTESIAN_POINT('Origin',(100.,-20.,0.));
#3880=CARTESIAN_POINT('Origin',(80.,-20.,3.));
#3881=CARTESIAN_POINT('',(78.25,-20.,6.));
#3882=CARTESIAN_POINT('Origin',(80.,-20.,6.));
#3883=CARTESIAN_POINT('',(78.25,-20.,0.));
#3884=CARTESIAN_POINT('',(78.25,-20.,3.));
#3885=CARTESIAN_POINT('Origin',(80.,-20.,0.));
#3886=CARTESIAN_POINT('Origin',(60.,-20.,3.));
#3887=CARTESIAN_POINT('',(58.25,-20.,6.));
#3888=CARTESIAN_POINT('Origin',(60.,-20.,6.));
#3889=CARTESIAN_POINT('',(58.25,-20.,0.));
#3890=CARTESIAN_POINT('',(58.25,-20.,3.));
#3891=CARTESIAN_POINT('Origin',(60.,-20.,0.));
#3892=CARTESIAN_POINT('Origin',(40.,-20.,3.));
#3893=CARTESIAN_POINT('',(38.25,-20.,6.));
#3894=CARTESIAN_POINT('Origin',(40.,-20.,6.));
#3895=CARTESIAN_POINT('',(38.25,-20.,0.));
#3896=CARTESIAN_POINT('',(38.25,-20.,3.));
#3897=CARTESIAN_POINT('Origin',(40.,-20.,0.));
#3898=CARTESIAN_POINT('Origin',(20.,-20.,3.));
#3899=CARTESIAN_POINT('',(18.25,-20.,6.));
#3900=CARTESIAN_POINT('Origin',(20.,-20.,6.));
#3901=CARTESIAN_POINT('',(18.25,-20.,0.));
#3902=CARTESIAN_POINT('',(18.25,-20.,3.));
#3903=CARTESIAN_POINT('Origin',(20.,-20.,0.));
#3904=CARTESIAN_POINT('Origin',(-20.,-20.,3.));
#3905=CARTESIAN_POINT('',(-21.75,-20.,6.));
#3906=CARTESIAN_POINT('Origin',(-20.,-20.,6.));
#3907=CARTESIAN_POINT('',(-21.75,-20.,0.));
#3908=CARTESIAN_POINT('',(-21.75,-20.,3.));
#3909=CARTESIAN_POINT('Origin',(-20.,-20.,0.));
#3910=CARTESIAN_POINT('Origin',(-40.,-20.,3.));
#3911=CARTESIAN_POINT('',(-41.75,-20.,6.));
#3912=CARTESIAN_POINT('Origin',(-40.,-20.,6.));
#3913=CARTESIAN_POINT('',(-41.75,-20.,0.));
#3914=CARTESIAN_POINT('',(-41.75,-20.,3.));
#3915=CARTESIAN_POINT('Origin',(-40.,-20.,0.));
#3916=CARTESIAN_POINT('Origin',(-60.,-20.,3.));
#3917=CARTESIAN_POINT('',(-61.75,-20.,6.));
#3918=CARTESIAN_POINT('Origin',(-60.,-20.,6.));
#3919=CARTESIAN_POINT('',(-61.75,-20.,0.));
#3920=CARTESIAN_POINT('',(-61.75,-20.,3.));
#3921=CARTESIAN_POINT('Origin',(-60.,-20.,0.));
#3922=CARTESIAN_POINT('Origin',(-80.,-20.,3.));
#3923=CARTESIAN_POINT('',(-81.75,-20.,6.));
#3924=CARTESIAN_POINT('Origin',(-80.,-20.,6.));
#3925=CARTESIAN_POINT('',(-81.75,-20.,0.));
#3926=CARTESIAN_POINT('',(-81.75,-20.,3.));
#3927=CARTESIAN_POINT('Origin',(-80.,-20.,0.));
#3928=CARTESIAN_POINT('Origin',(-100.,-20.,3.));
#3929=CARTESIAN_POINT('',(-101.75,-20.,6.));
#3930=CARTESIAN_POINT('Origin',(-100.,-20.,6.));
#3931=CARTESIAN_POINT('',(-101.75,-20.,0.));
#3932=CARTESIAN_POINT('',(-101.75,-20.,3.));
#3933=CARTESIAN_POINT('Origin',(-100.,-20.,0.));
#3934=CARTESIAN_POINT('Origin',(100.,-40.,3.));
#3935=CARTESIAN_POINT('',(98.25,-40.,6.));
#3936=CARTESIAN_POINT('Origin',(100.,-40.,6.));
#3937=CARTESIAN_POINT('',(98.25,-40.,0.));
#3938=CARTESIAN_POINT('',(98.25,-40.,3.));
#3939=CARTESIAN_POINT('Origin',(100.,-40.,0.));
#3940=CARTESIAN_POINT('Origin',(80.,-40.,3.));
#3941=CARTESIAN_POINT('',(78.25,-40.,6.));
#3942=CARTESIAN_POINT('Origin',(80.,-40.,6.));
#3943=CARTESIAN_POINT('',(78.25,-40.,0.));
#3944=CARTESIAN_POINT('',(78.25,-40.,3.));
#3945=CARTESIAN_POINT('Origin',(80.,-40.,0.));
#3946=CARTESIAN_POINT('Origin',(60.,-40.,3.));
#3947=CARTESIAN_POINT('',(58.25,-40.,6.));
#3948=CARTESIAN_POINT('Origin',(60.,-40.,6.));
#3949=CARTESIAN_POINT('',(58.25,-40.,0.));
#3950=CARTESIAN_POINT('',(58.25,-40.,3.));
#3951=CARTESIAN_POINT('Origin',(60.,-40.,0.));
#3952=CARTESIAN_POINT('Origin',(40.,-40.,3.));
#3953=CARTESIAN_POINT('',(38.25,-40.,6.));
#3954=CARTESIAN_POINT('Origin',(40.,-40.,6.));
#3955=CARTESIAN_POINT('',(38.25,-40.,0.));
#3956=CARTESIAN_POINT('',(38.25,-40.,3.));
#3957=CARTESIAN_POINT('Origin',(40.,-40.,0.));
#3958=CARTESIAN_POINT('Origin',(20.,-40.,3.));
#3959=CARTESIAN_POINT('',(18.25,-40.,6.));
#3960=CARTESIAN_POINT('Origin',(20.,-40.,6.));
#3961=CARTESIAN_POINT('',(18.25,-40.,0.));
#3962=CARTESIAN_POINT('',(18.25,-40.,3.));
#3963=CARTESIAN_POINT('Origin',(20.,-40.,0.));
#3964=CARTESIAN_POINT('Origin',(-20.,-40.,3.));
#3965=CARTESIAN_POINT('',(-21.75,-40.,6.));
#3966=CARTESIAN_POINT('Origin',(-20.,-40.,6.));
#3967=CARTESIAN_POINT('',(-21.75,-40.,0.));
#3968=CARTESIAN_POINT('',(-21.75,-40.,3.));
#3969=CARTESIAN_POINT('Origin',(-20.,-40.,0.));
#3970=CARTESIAN_POINT('Origin',(-40.,-40.,3.));
#3971=CARTESIAN_POINT('',(-41.75,-40.,6.));
#3972=CARTESIAN_POINT('Origin',(-40.,-40.,6.));
#3973=CARTESIAN_POINT('',(-41.75,-40.,0.));
#3974=CARTESIAN_POINT('',(-41.75,-40.,3.));
#3975=CARTESIAN_POINT('Origin',(-40.,-40.,0.));
#3976=CARTESIAN_POINT('Origin',(-60.,-40.,3.));
#3977=CARTESIAN_POINT('',(-61.75,-40.,6.));
#3978=CARTESIAN_POINT('Origin',(-60.,-40.,6.));
#3979=CARTESIAN_POINT('',(-61.75,-40.,0.));
#3980=CARTESIAN_POINT('',(-61.75,-40.,3.));
#3981=CARTESIAN_POINT('Origin',(-60.,-40.,0.));
#3982=CARTESIAN_POINT('Origin',(-80.,-40.,3.));
#3983=CARTESIAN_POINT('',(-81.75,-40.,6.));
#3984=CARTESIAN_POINT('Origin',(-80.,-40.,6.));
#3985=CARTESIAN_POINT('',(-81.75,-40.,0.));
#3986=CARTESIAN_POINT('',(-81.75,-40.,3.));
#3987=CARTESIAN_POINT('Origin',(-80.,-40.,0.));
#3988=CARTESIAN_POINT('Origin',(-100.,-40.,3.));
#3989=CARTESIAN_POINT('',(-101.75,-40.,6.));
#3990=CARTESIAN_POINT('Origin',(-100.,-40.,6.));
#3991=CARTESIAN_POINT('',(-101.75,-40.,0.));
#3992=CARTESIAN_POINT('',(-101.75,-40.,3.));
#3993=CARTESIAN_POINT('Origin',(-100.,-40.,0.));
#3994=CARTESIAN_POINT('Origin',(80.,-60.,3.));
#3995=CARTESIAN_POINT('',(78.25,-60.,6.));
#3996=CARTESIAN_POINT('Origin',(80.,-60.,6.));
#3997=CARTESIAN_POINT('',(78.25,-60.,0.));
#3998=CARTESIAN_POINT('',(78.25,-60.,3.));
#3999=CARTESIAN_POINT('Origin',(80.,-60.,0.));
#4000=CARTESIAN_POINT('Origin',(60.,-60.,3.));
#4001=CARTESIAN_POINT('',(58.25,-60.,6.));
#4002=CARTESIAN_POINT('Origin',(60.,-60.,6.));
#4003=CARTESIAN_POINT('',(58.25,-60.,0.));
#4004=CARTESIAN_POINT('',(58.25,-60.,3.));
#4005=CARTESIAN_POINT('Origin',(60.,-60.,0.));
#4006=CARTESIAN_POINT('Origin',(40.,-60.,3.));
#4007=CARTESIAN_POINT('',(38.25,-60.,6.));
#4008=CARTESIAN_POINT('Origin',(40.,-60.,6.));
#4009=CARTESIAN_POINT('',(38.25,-60.,0.));
#4010=CARTESIAN_POINT('',(38.25,-60.,3.));
#4011=CARTESIAN_POINT('Origin',(40.,-60.,0.));
#4012=CARTESIAN_POINT('Origin',(20.,-60.,3.));
#4013=CARTESIAN_POINT('',(18.25,-60.,6.));
#4014=CARTESIAN_POINT('Origin',(20.,-60.,6.));
#4015=CARTESIAN_POINT('',(18.25,-60.,0.));
#4016=CARTESIAN_POINT('',(18.25,-60.,3.));
#4017=CARTESIAN_POINT('Origin',(20.,-60.,0.));
#4018=CARTESIAN_POINT('Origin',(8.88178419700125E-15,-60.,3.));
#4019=CARTESIAN_POINT('',(-1.74999999999999,-60.,6.));
#4020=CARTESIAN_POINT('Origin',(8.88178419700125E-15,-60.,6.));
#4021=CARTESIAN_POINT('',(-1.74999999999999,-60.,0.));
#4022=CARTESIAN_POINT('',(-1.74999999999999,-60.,3.));
#4023=CARTESIAN_POINT('Origin',(8.88178419700125E-15,-60.,0.));
#4024=CARTESIAN_POINT('Origin',(-20.,-60.,3.));
#4025=CARTESIAN_POINT('',(-21.75,-60.,6.));
#4026=CARTESIAN_POINT('Origin',(-20.,-60.,6.));
#4027=CARTESIAN_POINT('',(-21.75,-60.,0.));
#4028=CARTESIAN_POINT('',(-21.75,-60.,3.));
#4029=CARTESIAN_POINT('Origin',(-20.,-60.,0.));
#4030=CARTESIAN_POINT('Origin',(-40.,-60.,3.));
#4031=CARTESIAN_POINT('',(-41.75,-60.,6.));
#4032=CARTESIAN_POINT('Origin',(-40.,-60.,6.));
#4033=CARTESIAN_POINT('',(-41.75,-60.,0.));
#4034=CARTESIAN_POINT('',(-41.75,-60.,3.));
#4035=CARTESIAN_POINT('Origin',(-40.,-60.,0.));
#4036=CARTESIAN_POINT('Origin',(-60.,-60.,3.));
#4037=CARTESIAN_POINT('',(-61.75,-60.,6.));
#4038=CARTESIAN_POINT('Origin',(-60.,-60.,6.));
#4039=CARTESIAN_POINT('',(-61.75,-60.,0.));
#4040=CARTESIAN_POINT('',(-61.75,-60.,3.));
#4041=CARTESIAN_POINT('Origin',(-60.,-60.,0.));
#4042=CARTESIAN_POINT('Origin',(-80.,-60.,3.));
#4043=CARTESIAN_POINT('',(-81.75,-60.,6.));
#4044=CARTESIAN_POINT('Origin',(-80.,-60.,6.));
#4045=CARTESIAN_POINT('',(-81.75,-60.,0.));
#4046=CARTESIAN_POINT('',(-81.75,-60.,3.));
#4047=CARTESIAN_POINT('Origin',(-80.,-60.,0.));
#4048=CARTESIAN_POINT('Origin',(80.,-80.,3.));
#4049=CARTESIAN_POINT('',(78.25,-80.,6.));
#4050=CARTESIAN_POINT('Origin',(80.,-80.,6.));
#4051=CARTESIAN_POINT('',(78.25,-80.,0.));
#4052=CARTESIAN_POINT('',(78.25,-80.,3.));
#4053=CARTESIAN_POINT('Origin',(80.,-80.,0.));
#4054=CARTESIAN_POINT('Origin',(60.,-80.,3.));
#4055=CARTESIAN_POINT('',(58.25,-80.,6.));
#4056=CARTESIAN_POINT('Origin',(60.,-80.,6.));
#4057=CARTESIAN_POINT('',(58.25,-80.,0.));
#4058=CARTESIAN_POINT('',(58.25,-80.,3.));
#4059=CARTESIAN_POINT('Origin',(60.,-80.,0.));
#4060=CARTESIAN_POINT('Origin',(40.,-80.,3.));
#4061=CARTESIAN_POINT('',(38.25,-80.,6.));
#4062=CARTESIAN_POINT('Origin',(40.,-80.,6.));
#4063=CARTESIAN_POINT('',(38.25,-80.,0.));
#4064=CARTESIAN_POINT('',(38.25,-80.,3.));
#4065=CARTESIAN_POINT('Origin',(40.,-80.,0.));
#4066=CARTESIAN_POINT('Origin',(20.,-80.,3.));
#4067=CARTESIAN_POINT('',(18.25,-80.,6.));
#4068=CARTESIAN_POINT('Origin',(20.,-80.,6.));
#4069=CARTESIAN_POINT('',(18.25,-80.,0.));
#4070=CARTESIAN_POINT('',(18.25,-80.,3.));
#4071=CARTESIAN_POINT('Origin',(20.,-80.,0.));
#4072=CARTESIAN_POINT('Origin',(8.88178419700125E-15,-80.,3.));
#4073=CARTESIAN_POINT('',(-1.74999999999999,-80.,6.));
#4074=CARTESIAN_POINT('Origin',(8.88178419700125E-15,-80.,6.));
#4075=CARTESIAN_POINT('',(-1.74999999999999,-80.,0.));
#4076=CARTESIAN_POINT('',(-1.74999999999999,-80.,3.));
#4077=CARTESIAN_POINT('Origin',(8.88178419700125E-15,-80.,0.));
#4078=CARTESIAN_POINT('Origin',(-20.,-80.,3.));
#4079=CARTESIAN_POINT('',(-21.75,-80.,6.));
#4080=CARTESIAN_POINT('Origin',(-20.,-80.,6.));
#4081=CARTESIAN_POINT('',(-21.75,-80.,0.));
#4082=CARTESIAN_POINT('',(-21.75,-80.,3.));
#4083=CARTESIAN_POINT('Origin',(-20.,-80.,0.));
#4084=CARTESIAN_POINT('Origin',(-40.,-80.,3.));
#4085=CARTESIAN_POINT('',(-41.75,-80.,6.));
#4086=CARTESIAN_POINT('Origin',(-40.,-80.,6.));
#4087=CARTESIAN_POINT('',(-41.75,-80.,0.));
#4088=CARTESIAN_POINT('',(-41.75,-80.,3.));
#4089=CARTESIAN_POINT('Origin',(-40.,-80.,0.));
#4090=CARTESIAN_POINT('Origin',(-60.,-80.,3.));
#4091=CARTESIAN_POINT('',(-61.75,-80.,6.));
#4092=CARTESIAN_POINT('Origin',(-60.,-80.,6.));
#4093=CARTESIAN_POINT('',(-61.75,-80.,0.));
#4094=CARTESIAN_POINT('',(-61.75,-80.,3.));
#4095=CARTESIAN_POINT('Origin',(-60.,-80.,0.));
#4096=CARTESIAN_POINT('Origin',(-80.,-80.,3.));
#4097=CARTESIAN_POINT('',(-81.75,-80.,6.));
#4098=CARTESIAN_POINT('Origin',(-80.,-80.,6.));
#4099=CARTESIAN_POINT('',(-81.75,-80.,0.));
#4100=CARTESIAN_POINT('',(-81.75,-80.,3.));
#4101=CARTESIAN_POINT('Origin',(-80.,-80.,0.));
#4102=CARTESIAN_POINT('Origin',(40.,-100.,3.));
#4103=CARTESIAN_POINT('',(38.25,-100.,6.));
#4104=CARTESIAN_POINT('Origin',(40.,-100.,6.));
#4105=CARTESIAN_POINT('',(38.25,-100.,0.));
#4106=CARTESIAN_POINT('',(38.25,-100.,3.));
#4107=CARTESIAN_POINT('Origin',(40.,-100.,0.));
#4108=CARTESIAN_POINT('Origin',(20.,-100.,3.));
#4109=CARTESIAN_POINT('',(18.25,-100.,6.));
#4110=CARTESIAN_POINT('Origin',(20.,-100.,6.));
#4111=CARTESIAN_POINT('',(18.25,-100.,0.));
#4112=CARTESIAN_POINT('',(18.25,-100.,3.));
#4113=CARTESIAN_POINT('Origin',(20.,-100.,0.));
#4114=CARTESIAN_POINT('Origin',(8.88178419700125E-15,-100.,3.));
#4115=CARTESIAN_POINT('',(-1.74999999999999,-100.,6.));
#4116=CARTESIAN_POINT('Origin',(8.88178419700125E-15,-100.,6.));
#4117=CARTESIAN_POINT('',(-1.74999999999999,-100.,0.));
#4118=CARTESIAN_POINT('',(-1.74999999999999,-100.,3.));
#4119=CARTESIAN_POINT('Origin',(8.88178419700125E-15,-100.,0.));
#4120=CARTESIAN_POINT('Origin',(-20.,-100.,3.));
#4121=CARTESIAN_POINT('',(-21.75,-100.,6.));
#4122=CARTESIAN_POINT('Origin',(-20.,-100.,6.));
#4123=CARTESIAN_POINT('',(-21.75,-100.,0.));
#4124=CARTESIAN_POINT('',(-21.75,-100.,3.));
#4125=CARTESIAN_POINT('Origin',(-20.,-100.,0.));
#4126=CARTESIAN_POINT('Origin',(-40.,-100.,3.));
#4127=CARTESIAN_POINT('',(-41.75,-100.,6.));
#4128=CARTESIAN_POINT('Origin',(-40.,-100.,6.));
#4129=CARTESIAN_POINT('',(-41.75,-100.,0.));
#4130=CARTESIAN_POINT('',(-41.75,-100.,3.));
#4131=CARTESIAN_POINT('Origin',(-40.,-100.,0.));
#4132=CARTESIAN_POINT('Origin',(4.58035190321027E-15,0.,3.));
#4133=CARTESIAN_POINT('',(-1.75,2.14313189850787E-16,6.));
#4134=CARTESIAN_POINT('Origin',(4.58035190321027E-15,0.,6.));
#4135=CARTESIAN_POINT('',(-1.75,2.14313189850787E-16,0.));
#4136=CARTESIAN_POINT('',(-1.75,2.14313189850787E-16,3.));
#4137=CARTESIAN_POINT('Origin',(4.58035190321027E-15,0.,0.));
#4138=CARTESIAN_POINT('Origin',(0.,0.,0.));
#4139=CARTESIAN_POINT('',(-117.5,-1.43895998899814E-14,6.));
#4140=CARTESIAN_POINT('Origin',(0.,0.,6.));
#4141=CARTESIAN_POINT('',(-117.5,-1.43895998899814E-14,0.));
#4142=CARTESIAN_POINT('',(-117.5,-1.43895998899814E-14,0.));
#4143=CARTESIAN_POINT('Origin',(0.,0.,0.));
#4144=CARTESIAN_POINT('Origin',(0.,0.,6.));
#4145=CARTESIAN_POINT('Origin',(0.,0.,0.));
#4146=UNCERTAINTY_MEASURE_WITH_UNIT(LENGTH_MEASURE(0.01),#4150,
'DISTANCE_ACCURACY_VALUE',
'Maximum model space distance between geometric entities at asserted c
onnectivities');
#4147=UNCERTAINTY_MEASURE_WITH_UNIT(LENGTH_MEASURE(0.01),#4150,
'DISTANCE_ACCURACY_VALUE',
'Maximum model space distance between geometric entities at asserted c
onnectivities');
#4148=(
GEOMETRIC_REPRESENTATION_CONTEXT(3)
GLOBAL_UNCERTAINTY_ASSIGNED_CONTEXT((#4146))
GLOBAL_UNIT_ASSIGNED_CONTEXT((#4150,#4152,#4153))
REPRESENTATION_CONTEXT('','3D')
);
#4149=(
GEOMETRIC_REPRESENTATION_CONTEXT(3)
GLOBAL_UNCERTAINTY_ASSIGNED_CONTEXT((#4147))
GLOBAL_UNIT_ASSIGNED_CONTEXT((#4150,#4152,#4153))
REPRESENTATION_CONTEXT('','3D')
);
#4150=(
LENGTH_UNIT()
NAMED_UNIT(*)
SI_UNIT(.MILLI.,.METRE.)
);
#4151=(
LENGTH_UNIT()
NAMED_UNIT(*)
SI_UNIT($,.METRE.)
);
#4152=(
NAMED_UNIT(*)
PLANE_ANGLE_UNIT()
SI_UNIT($,.RADIAN.)
);
#4153=(
NAMED_UNIT(*)
SI_UNIT($,.STERADIAN.)
SOLID_ANGLE_UNIT()
);
#4154=SHAPE_DEFINITION_REPRESENTATION(#4155,#4156);
#4155=PRODUCT_DEFINITION_SHAPE('',$,#4158);
#4156=SHAPE_REPRESENTATION('',(#2454),#4148);
#4157=PRODUCT_DEFINITION_CONTEXT('part definition',#4162,'design');
#4158=PRODUCT_DEFINITION('2026-04-19-12-26-53-155',
'AuldBot Chassis Bare',#4159,#4157);
#4159=PRODUCT_DEFINITION_FORMATION('',$,#4164);
#4160=PRODUCT_RELATED_PRODUCT_CATEGORY('AuldBot Chassis Bare',
'AuldBot Chassis Bare',(#4164));
#4161=APPLICATION_PROTOCOL_DEFINITION('international standard',
'automotive_design',2009,#4162);
#4162=APPLICATION_CONTEXT(
'Core Data for Automotive Mechanical Design Process');
#4163=PRODUCT_CONTEXT('part definition',#4162,'mechanical');
#4164=PRODUCT('2026-04-19-12-26-53-155','AuldBot Chassis Bare',$,(#4163));
#4165=PRESENTATION_STYLE_ASSIGNMENT((#4167));
#4166=PRESENTATION_STYLE_ASSIGNMENT((#4168));
#4167=SURFACE_STYLE_USAGE(.BOTH.,#4169);
#4168=SURFACE_STYLE_USAGE(.BOTH.,#4170);
#4169=SURFACE_SIDE_STYLE('',(#4171));
#4170=SURFACE_SIDE_STYLE('',(#4172));
#4171=SURFACE_STYLE_FILL_AREA(#4173);
#4172=SURFACE_STYLE_FILL_AREA(#4174);
#4173=FILL_AREA_STYLE('Steel - Satin',(#4175));
#4174=FILL_AREA_STYLE('Plastic - Matte (Black)',(#4176));
#4175=FILL_AREA_STYLE_COLOUR('Steel - Satin',#4177);
#4176=FILL_AREA_STYLE_COLOUR('Plastic - Matte (Black)',#4178);
#4177=COLOUR_RGB('Steel - Satin',0.627450980392157,0.627450980392157,0.627450980392157);
#4178=COLOUR_RGB('Plastic - Matte (Black)',0.0980392156862745,0.0980392156862745,
0.0980392156862745);
ENDSEC;
END-ISO-10303-21;
