ISO-10303-21;
HEADER;
/* Generated by software containing ST-Developer
 * from STEP Tools, Inc. (www.steptools.com) 
 */

FILE_DESCRIPTION(
/* description */ (''),
/* implementation_level */ '2;1');

FILE_NAME(
/* name */ 'Motor Support.step',
/* time_stamp */ '2026-05-29T13:44:06+01:00',
/* author */ (''),
/* organization */ (''),
/* preprocessor_version */ 'ST-DEVELOPER v20.1',
/* originating_system */ 'Autodesk Translation Framework v15.8.0.0',
/* authorisation */ '');

FILE_SCHEMA (('AUTOMOTIVE_DESIGN { 1 0 10303 214 3 1 1 }'));
ENDSEC;

DATA;
#10=MECHANICAL_DESIGN_GEOMETRIC_PRESENTATION_REPRESENTATION('',(#13),#4606);
#11=SHAPE_REPRESENTATION_RELATIONSHIP('SRR','None',#4613,#12);
#12=ADVANCED_BREP_SHAPE_REPRESENTATION('',(#14),#4605);
#13=STYLED_ITEM('',(#4625),#14);
#14=MANIFOLD_SOLID_BREP('Motor Support',#2910);
#15=CYLINDRICAL_SURFACE('',#2982,0.800000000000001);
#16=CYLINDRICAL_SURFACE('',#2984,0.800000000000001);
#17=CYLINDRICAL_SURFACE('',#2986,1.75);
#18=CYLINDRICAL_SURFACE('',#2988,1.75);
#19=CYLINDRICAL_SURFACE('',#2990,1.75);
#20=CYLINDRICAL_SURFACE('',#2992,1.75);
#21=CYLINDRICAL_SURFACE('',#3052,0.800000000000001);
#22=CYLINDRICAL_SURFACE('',#3054,0.800000000000001);
#23=CYLINDRICAL_SURFACE('',#3056,1.75);
#24=CYLINDRICAL_SURFACE('',#3058,1.75);
#25=CYLINDRICAL_SURFACE('',#3060,1.75);
#26=CYLINDRICAL_SURFACE('',#3062,1.75);
#27=CIRCLE('',#2936,0.800000000000001);
#28=CIRCLE('',#2937,0.800000000000001);
#29=CIRCLE('',#2938,0.800000000000001);
#30=CIRCLE('',#2939,0.800000000000001);
#31=CIRCLE('',#2950,1.75);
#32=CIRCLE('',#2955,1.75);
#33=CIRCLE('',#2966,1.75);
#34=CIRCLE('',#2971,1.75);
#35=CIRCLE('',#2983,0.800000000000001);
#36=CIRCLE('',#2985,0.800000000000001);
#37=CIRCLE('',#2987,1.75);
#38=CIRCLE('',#2989,1.75);
#39=CIRCLE('',#2991,1.75);
#40=CIRCLE('',#2993,1.75);
#41=CIRCLE('',#3020,1.75);
#42=CIRCLE('',#3025,1.75);
#43=CIRCLE('',#3036,1.75);
#44=CIRCLE('',#3041,1.75);
#45=CIRCLE('',#3053,0.800000000000001);
#46=CIRCLE('',#3055,0.800000000000001);
#47=CIRCLE('',#3057,1.75);
#48=CIRCLE('',#3059,1.75);
#49=CIRCLE('',#3061,1.75);
#50=CIRCLE('',#3063,1.75);
#51=FACE_BOUND('',#236,.T.);
#52=FACE_BOUND('',#237,.T.);
#53=FACE_BOUND('',#240,.T.);
#54=FACE_BOUND('',#241,.T.);
#55=FACE_BOUND('',#242,.T.);
#56=FACE_BOUND('',#243,.T.);
#57=FACE_BOUND('',#244,.T.);
#58=FACE_BOUND('',#255,.T.);
#59=FACE_BOUND('',#260,.T.);
#60=FACE_BOUND('',#271,.T.);
#61=FACE_BOUND('',#276,.T.);
#62=FACE_BOUND('',#296,.T.);
#63=FACE_BOUND('',#297,.T.);
#64=FACE_BOUND('',#299,.T.);
#65=FACE_BOUND('',#300,.T.);
#66=FACE_BOUND('',#312,.T.);
#67=FACE_BOUND('',#313,.T.);
#68=FACE_BOUND('',#325,.T.);
#69=FACE_BOUND('',#330,.T.);
#70=FACE_BOUND('',#341,.T.);
#71=FACE_BOUND('',#346,.T.);
#72=FACE_BOUND('',#366,.T.);
#73=FACE_BOUND('',#367,.T.);
#74=FACE_BOUND('',#369,.T.);
#75=FACE_BOUND('',#370,.T.);
#76=FACE_BOUND('',#382,.T.);
#77=FACE_BOUND('',#383,.T.);
#78=FACE_BOUND('',#384,.T.);
#79=FACE_BOUND('',#385,.T.);
#80=FACE_BOUND('',#389,.T.);
#81=FACE_BOUND('',#390,.T.);
#82=FACE_BOUND('',#393,.T.);
#83=FACE_BOUND('',#394,.T.);
#84=FACE_BOUND('',#396,.T.);
#85=FACE_BOUND('',#397,.T.);
#86=FACE_BOUND('',#398,.T.);
#87=FACE_BOUND('',#399,.T.);
#88=FACE_BOUND('',#400,.T.);
#89=FACE_OUTER_BOUND('',#226,.T.);
#90=FACE_OUTER_BOUND('',#227,.T.);
#91=FACE_OUTER_BOUND('',#228,.T.);
#92=FACE_OUTER_BOUND('',#229,.T.);
#93=FACE_OUTER_BOUND('',#230,.T.);
#94=FACE_OUTER_BOUND('',#231,.T.);
#95=FACE_OUTER_BOUND('',#232,.T.);
#96=FACE_OUTER_BOUND('',#233,.T.);
#97=FACE_OUTER_BOUND('',#234,.T.);
#98=FACE_OUTER_BOUND('',#235,.T.);
#99=FACE_OUTER_BOUND('',#238,.T.);
#100=FACE_OUTER_BOUND('',#239,.T.);
#101=FACE_OUTER_BOUND('',#245,.T.);
#102=FACE_OUTER_BOUND('',#246,.T.);
#103=FACE_OUTER_BOUND('',#247,.T.);
#104=FACE_OUTER_BOUND('',#248,.T.);
#105=FACE_OUTER_BOUND('',#249,.T.);
#106=FACE_OUTER_BOUND('',#250,.T.);
#107=FACE_OUTER_BOUND('',#251,.T.);
#108=FACE_OUTER_BOUND('',#252,.T.);
#109=FACE_OUTER_BOUND('',#253,.T.);
#110=FACE_OUTER_BOUND('',#254,.T.);
#111=FACE_OUTER_BOUND('',#256,.T.);
#112=FACE_OUTER_BOUND('',#257,.T.);
#113=FACE_OUTER_BOUND('',#258,.T.);
#114=FACE_OUTER_BOUND('',#259,.T.);
#115=FACE_OUTER_BOUND('',#261,.T.);
#116=FACE_OUTER_BOUND('',#262,.T.);
#117=FACE_OUTER_BOUND('',#263,.T.);
#118=FACE_OUTER_BOUND('',#264,.T.);
#119=FACE_OUTER_BOUND('',#265,.T.);
#120=FACE_OUTER_BOUND('',#266,.T.);
#121=FACE_OUTER_BOUND('',#267,.T.);
#122=FACE_OUTER_BOUND('',#268,.T.);
#123=FACE_OUTER_BOUND('',#269,.T.);
#124=FACE_OUTER_BOUND('',#270,.T.);
#125=FACE_OUTER_BOUND('',#272,.T.);
#126=FACE_OUTER_BOUND('',#273,.T.);
#127=FACE_OUTER_BOUND('',#274,.T.);
#128=FACE_OUTER_BOUND('',#275,.T.);
#129=FACE_OUTER_BOUND('',#277,.T.);
#130=FACE_OUTER_BOUND('',#278,.T.);
#131=FACE_OUTER_BOUND('',#279,.T.);
#132=FACE_OUTER_BOUND('',#280,.T.);
#133=FACE_OUTER_BOUND('',#281,.T.);
#134=FACE_OUTER_BOUND('',#282,.T.);
#135=FACE_OUTER_BOUND('',#283,.T.);
#136=FACE_OUTER_BOUND('',#284,.T.);
#137=FACE_OUTER_BOUND('',#285,.T.);
#138=FACE_OUTER_BOUND('',#286,.T.);
#139=FACE_OUTER_BOUND('',#287,.T.);
#140=FACE_OUTER_BOUND('',#288,.T.);
#141=FACE_OUTER_BOUND('',#289,.T.);
#142=FACE_OUTER_BOUND('',#290,.T.);
#143=FACE_OUTER_BOUND('',#291,.T.);
#144=FACE_OUTER_BOUND('',#292,.T.);
#145=FACE_OUTER_BOUND('',#293,.T.);
#146=FACE_OUTER_BOUND('',#294,.T.);
#147=FACE_OUTER_BOUND('',#295,.T.);
#148=FACE_OUTER_BOUND('',#298,.T.);
#149=FACE_OUTER_BOUND('',#301,.T.);
#150=FACE_OUTER_BOUND('',#302,.T.);
#151=FACE_OUTER_BOUND('',#303,.T.);
#152=FACE_OUTER_BOUND('',#304,.T.);
#153=FACE_OUTER_BOUND('',#305,.T.);
#154=FACE_OUTER_BOUND('',#306,.T.);
#155=FACE_OUTER_BOUND('',#307,.T.);
#156=FACE_OUTER_BOUND('',#308,.T.);
#157=FACE_OUTER_BOUND('',#309,.T.);
#158=FACE_OUTER_BOUND('',#310,.T.);
#159=FACE_OUTER_BOUND('',#311,.T.);
#160=FACE_OUTER_BOUND('',#314,.T.);
#161=FACE_OUTER_BOUND('',#315,.T.);
#162=FACE_OUTER_BOUND('',#316,.T.);
#163=FACE_OUTER_BOUND('',#317,.T.);
#164=FACE_OUTER_BOUND('',#318,.T.);
#165=FACE_OUTER_BOUND('',#319,.T.);
#166=FACE_OUTER_BOUND('',#320,.T.);
#167=FACE_OUTER_BOUND('',#321,.T.);
#168=FACE_OUTER_BOUND('',#322,.T.);
#169=FACE_OUTER_BOUND('',#323,.T.);
#170=FACE_OUTER_BOUND('',#324,.T.);
#171=FACE_OUTER_BOUND('',#326,.T.);
#172=FACE_OUTER_BOUND('',#327,.T.);
#173=FACE_OUTER_BOUND('',#328,.T.);
#174=FACE_OUTER_BOUND('',#329,.T.);
#175=FACE_OUTER_BOUND('',#331,.T.);
#176=FACE_OUTER_BOUND('',#332,.T.);
#177=FACE_OUTER_BOUND('',#333,.T.);
#178=FACE_OUTER_BOUND('',#334,.T.);
#179=FACE_OUTER_BOUND('',#335,.T.);
#180=FACE_OUTER_BOUND('',#336,.T.);
#181=FACE_OUTER_BOUND('',#337,.T.);
#182=FACE_OUTER_BOUND('',#338,.T.);
#183=FACE_OUTER_BOUND('',#339,.T.);
#184=FACE_OUTER_BOUND('',#340,.T.);
#185=FACE_OUTER_BOUND('',#342,.T.);
#186=FACE_OUTER_BOUND('',#343,.T.);
#187=FACE_OUTER_BOUND('',#344,.T.);
#188=FACE_OUTER_BOUND('',#345,.T.);
#189=FACE_OUTER_BOUND('',#347,.T.);
#190=FACE_OUTER_BOUND('',#348,.T.);
#191=FACE_OUTER_BOUND('',#349,.T.);
#192=FACE_OUTER_BOUND('',#350,.T.);
#193=FACE_OUTER_BOUND('',#351,.T.);
#194=FACE_OUTER_BOUND('',#352,.T.);
#195=FACE_OUTER_BOUND('',#353,.T.);
#196=FACE_OUTER_BOUND('',#354,.T.);
#197=FACE_OUTER_BOUND('',#355,.T.);
#198=FACE_OUTER_BOUND('',#356,.T.);
#199=FACE_OUTER_BOUND('',#357,.T.);
#200=FACE_OUTER_BOUND('',#358,.T.);
#201=FACE_OUTER_BOUND('',#359,.T.);
#202=FACE_OUTER_BOUND('',#360,.T.);
#203=FACE_OUTER_BOUND('',#361,.T.);
#204=FACE_OUTER_BOUND('',#362,.T.);
#205=FACE_OUTER_BOUND('',#363,.T.);
#206=FACE_OUTER_BOUND('',#364,.T.);
#207=FACE_OUTER_BOUND('',#365,.T.);
#208=FACE_OUTER_BOUND('',#368,.T.);
#209=FACE_OUTER_BOUND('',#371,.T.);
#210=FACE_OUTER_BOUND('',#372,.T.);
#211=FACE_OUTER_BOUND('',#373,.T.);
#212=FACE_OUTER_BOUND('',#374,.T.);
#213=FACE_OUTER_BOUND('',#375,.T.);
#214=FACE_OUTER_BOUND('',#376,.T.);
#215=FACE_OUTER_BOUND('',#377,.T.);
#216=FACE_OUTER_BOUND('',#378,.T.);
#217=FACE_OUTER_BOUND('',#379,.T.);
#218=FACE_OUTER_BOUND('',#380,.T.);
#219=FACE_OUTER_BOUND('',#381,.T.);
#220=FACE_OUTER_BOUND('',#386,.T.);
#221=FACE_OUTER_BOUND('',#387,.T.);
#222=FACE_OUTER_BOUND('',#388,.T.);
#223=FACE_OUTER_BOUND('',#391,.T.);
#224=FACE_OUTER_BOUND('',#392,.T.);
#225=FACE_OUTER_BOUND('',#395,.T.);
#226=EDGE_LOOP('',(#1838,#1839,#1840,#1841));
#227=EDGE_LOOP('',(#1842,#1843,#1844,#1845));
#228=EDGE_LOOP('',(#1846,#1847,#1848,#1849));
#229=EDGE_LOOP('',(#1850,#1851,#1852,#1853));
#230=EDGE_LOOP('',(#1854,#1855,#1856,#1857));
#231=EDGE_LOOP('',(#1858,#1859,#1860,#1861));
#232=EDGE_LOOP('',(#1862,#1863,#1864,#1865));
#233=EDGE_LOOP('',(#1866,#1867,#1868,#1869));
#234=EDGE_LOOP('',(#1870,#1871,#1872,#1873));
#235=EDGE_LOOP('',(#1874,#1875,#1876,#1877));
#236=EDGE_LOOP('',(#1878,#1879,#1880,#1881));
#237=EDGE_LOOP('',(#1882,#1883,#1884,#1885));
#238=EDGE_LOOP('',(#1886,#1887,#1888,#1889));
#239=EDGE_LOOP('',(#1890,#1891,#1892,#1893,#1894,#1895));
#240=EDGE_LOOP('',(#1896));
#241=EDGE_LOOP('',(#1897));
#242=EDGE_LOOP('',(#1898));
#243=EDGE_LOOP('',(#1899));
#244=EDGE_LOOP('',(#1900,#1901,#1902,#1903,#1904,#1905,#1906,#1907,#1908,
#1909,#1910,#1911,#1912,#1913,#1914,#1915,#1916));
#245=EDGE_LOOP('',(#1917,#1918,#1919,#1920,#1921));
#246=EDGE_LOOP('',(#1922,#1923,#1924,#1925));
#247=EDGE_LOOP('',(#1926,#1927,#1928,#1929));
#248=EDGE_LOOP('',(#1930,#1931,#1932,#1933));
#249=EDGE_LOOP('',(#1934,#1935,#1936,#1937));
#250=EDGE_LOOP('',(#1938,#1939,#1940,#1941));
#251=EDGE_LOOP('',(#1942,#1943,#1944,#1945));
#252=EDGE_LOOP('',(#1946,#1947,#1948,#1949));
#253=EDGE_LOOP('',(#1950,#1951,#1952,#1953,#1954));
#254=EDGE_LOOP('',(#1955,#1956,#1957,#1958,#1959,#1960));
#255=EDGE_LOOP('',(#1961));
#256=EDGE_LOOP('',(#1962,#1963,#1964,#1965,#1966));
#257=EDGE_LOOP('',(#1967,#1968,#1969,#1970));
#258=EDGE_LOOP('',(#1971,#1972,#1973,#1974,#1975));
#259=EDGE_LOOP('',(#1976,#1977,#1978,#1979,#1980,#1981));
#260=EDGE_LOOP('',(#1982));
#261=EDGE_LOOP('',(#1983,#1984,#1985,#1986,#1987));
#262=EDGE_LOOP('',(#1988,#1989,#1990,#1991));
#263=EDGE_LOOP('',(#1992,#1993,#1994,#1995));
#264=EDGE_LOOP('',(#1996,#1997,#1998,#1999));
#265=EDGE_LOOP('',(#2000,#2001,#2002,#2003));
#266=EDGE_LOOP('',(#2004,#2005,#2006,#2007));
#267=EDGE_LOOP('',(#2008,#2009,#2010,#2011));
#268=EDGE_LOOP('',(#2012,#2013,#2014,#2015));
#269=EDGE_LOOP('',(#2016,#2017,#2018,#2019,#2020));
#270=EDGE_LOOP('',(#2021,#2022,#2023,#2024,#2025,#2026));
#271=EDGE_LOOP('',(#2027));
#272=EDGE_LOOP('',(#2028,#2029,#2030,#2031));
#273=EDGE_LOOP('',(#2032,#2033,#2034,#2035,#2036));
#274=EDGE_LOOP('',(#2037,#2038,#2039,#2040,#2041));
#275=EDGE_LOOP('',(#2042,#2043,#2044,#2045,#2046,#2047));
#276=EDGE_LOOP('',(#2048));
#277=EDGE_LOOP('',(#2049,#2050,#2051,#2052,#2053,#2054,#2055,#2056,#2057,
#2058,#2059,#2060,#2061,#2062,#2063,#2064));
#278=EDGE_LOOP('',(#2065,#2066,#2067,#2068,#2069,#2070,#2071,#2072,#2073,
#2074,#2075,#2076));
#279=EDGE_LOOP('',(#2077,#2078,#2079,#2080));
#280=EDGE_LOOP('',(#2081,#2082,#2083,#2084));
#281=EDGE_LOOP('',(#2085,#2086,#2087,#2088));
#282=EDGE_LOOP('',(#2089,#2090,#2091,#2092));
#283=EDGE_LOOP('',(#2093,#2094,#2095,#2096));
#284=EDGE_LOOP('',(#2097,#2098,#2099,#2100));
#285=EDGE_LOOP('',(#2101,#2102,#2103,#2104));
#286=EDGE_LOOP('',(#2105,#2106,#2107,#2108));
#287=EDGE_LOOP('',(#2109,#2110,#2111,#2112));
#288=EDGE_LOOP('',(#2113,#2114,#2115,#2116));
#289=EDGE_LOOP('',(#2117,#2118,#2119,#2120));
#290=EDGE_LOOP('',(#2121,#2122,#2123,#2124));
#291=EDGE_LOOP('',(#2125,#2126,#2127,#2128));
#292=EDGE_LOOP('',(#2129,#2130,#2131,#2132));
#293=EDGE_LOOP('',(#2133,#2134,#2135,#2136,#2137,#2138,#2139,#2140,#2141,
#2142,#2143,#2144,#2145,#2146,#2147,#2148));
#294=EDGE_LOOP('',(#2149,#2150,#2151,#2152,#2153,#2154,#2155,#2156,#2157,
#2158,#2159,#2160));
#295=EDGE_LOOP('',(#2161,#2162,#2163,#2164));
#296=EDGE_LOOP('',(#2165,#2166,#2167,#2168));
#297=EDGE_LOOP('',(#2169,#2170,#2171,#2172));
#298=EDGE_LOOP('',(#2173,#2174,#2175,#2176));
#299=EDGE_LOOP('',(#2177,#2178,#2179,#2180));
#300=EDGE_LOOP('',(#2181,#2182,#2183,#2184));
#301=EDGE_LOOP('',(#2185,#2186,#2187,#2188));
#302=EDGE_LOOP('',(#2189,#2190,#2191,#2192));
#303=EDGE_LOOP('',(#2193,#2194,#2195,#2196));
#304=EDGE_LOOP('',(#2197,#2198,#2199,#2200));
#305=EDGE_LOOP('',(#2201,#2202,#2203,#2204));
#306=EDGE_LOOP('',(#2205,#2206,#2207,#2208));
#307=EDGE_LOOP('',(#2209,#2210,#2211,#2212));
#308=EDGE_LOOP('',(#2213,#2214,#2215,#2216));
#309=EDGE_LOOP('',(#2217,#2218,#2219,#2220));
#310=EDGE_LOOP('',(#2221,#2222,#2223,#2224));
#311=EDGE_LOOP('',(#2225,#2226,#2227,#2228));
#312=EDGE_LOOP('',(#2229));
#313=EDGE_LOOP('',(#2230));
#314=EDGE_LOOP('',(#2231,#2232,#2233,#2234));
#315=EDGE_LOOP('',(#2235,#2236,#2237,#2238,#2239));
#316=EDGE_LOOP('',(#2240,#2241,#2242,#2243));
#317=EDGE_LOOP('',(#2244,#2245,#2246,#2247));
#318=EDGE_LOOP('',(#2248,#2249,#2250,#2251));
#319=EDGE_LOOP('',(#2252,#2253,#2254,#2255));
#320=EDGE_LOOP('',(#2256,#2257,#2258,#2259));
#321=EDGE_LOOP('',(#2260,#2261,#2262,#2263));
#322=EDGE_LOOP('',(#2264,#2265,#2266,#2267));
#323=EDGE_LOOP('',(#2268,#2269,#2270,#2271,#2272));
#324=EDGE_LOOP('',(#2273,#2274,#2275,#2276,#2277,#2278));
#325=EDGE_LOOP('',(#2279));
#326=EDGE_LOOP('',(#2280,#2281,#2282,#2283,#2284));
#327=EDGE_LOOP('',(#2285,#2286,#2287,#2288));
#328=EDGE_LOOP('',(#2289,#2290,#2291,#2292,#2293));
#329=EDGE_LOOP('',(#2294,#2295,#2296,#2297,#2298,#2299));
#330=EDGE_LOOP('',(#2300));
#331=EDGE_LOOP('',(#2301,#2302,#2303,#2304,#2305));
#332=EDGE_LOOP('',(#2306,#2307,#2308,#2309));
#333=EDGE_LOOP('',(#2310,#2311,#2312,#2313));
#334=EDGE_LOOP('',(#2314,#2315,#2316,#2317));
#335=EDGE_LOOP('',(#2318,#2319,#2320,#2321));
#336=EDGE_LOOP('',(#2322,#2323,#2324,#2325));
#337=EDGE_LOOP('',(#2326,#2327,#2328,#2329));
#338=EDGE_LOOP('',(#2330,#2331,#2332,#2333));
#339=EDGE_LOOP('',(#2334,#2335,#2336,#2337,#2338));
#340=EDGE_LOOP('',(#2339,#2340,#2341,#2342,#2343,#2344));
#341=EDGE_LOOP('',(#2345));
#342=EDGE_LOOP('',(#2346,#2347,#2348,#2349));
#343=EDGE_LOOP('',(#2350,#2351,#2352,#2353,#2354));
#344=EDGE_LOOP('',(#2355,#2356,#2357,#2358,#2359));
#345=EDGE_LOOP('',(#2360,#2361,#2362,#2363,#2364,#2365));
#346=EDGE_LOOP('',(#2366));
#347=EDGE_LOOP('',(#2367,#2368,#2369,#2370,#2371,#2372,#2373,#2374,#2375,
#2376,#2377,#2378,#2379,#2380,#2381,#2382));
#348=EDGE_LOOP('',(#2383,#2384,#2385,#2386,#2387,#2388,#2389,#2390,#2391,
#2392,#2393,#2394));
#349=EDGE_LOOP('',(#2395,#2396,#2397,#2398));
#350=EDGE_LOOP('',(#2399,#2400,#2401,#2402));
#351=EDGE_LOOP('',(#2403,#2404,#2405,#2406));
#352=EDGE_LOOP('',(#2407,#2408,#2409,#2410));
#353=EDGE_LOOP('',(#2411,#2412,#2413,#2414));
#354=EDGE_LOOP('',(#2415,#2416,#2417,#2418));
#355=EDGE_LOOP('',(#2419,#2420,#2421,#2422));
#356=EDGE_LOOP('',(#2423,#2424,#2425,#2426));
#357=EDGE_LOOP('',(#2427,#2428,#2429,#2430));
#358=EDGE_LOOP('',(#2431,#2432,#2433,#2434));
#359=EDGE_LOOP('',(#2435,#2436,#2437,#2438));
#360=EDGE_LOOP('',(#2439,#2440,#2441,#2442));
#361=EDGE_LOOP('',(#2443,#2444,#2445,#2446));
#362=EDGE_LOOP('',(#2447,#2448,#2449,#2450));
#363=EDGE_LOOP('',(#2451,#2452,#2453,#2454,#2455,#2456,#2457,#2458,#2459,
#2460,#2461,#2462,#2463,#2464,#2465,#2466));
#364=EDGE_LOOP('',(#2467,#2468,#2469,#2470,#2471,#2472,#2473,#2474,#2475,
#2476,#2477,#2478));
#365=EDGE_LOOP('',(#2479,#2480,#2481,#2482));
#366=EDGE_LOOP('',(#2483,#2484,#2485,#2486));
#367=EDGE_LOOP('',(#2487,#2488,#2489,#2490));
#368=EDGE_LOOP('',(#2491,#2492,#2493,#2494));
#369=EDGE_LOOP('',(#2495,#2496,#2497,#2498));
#370=EDGE_LOOP('',(#2499,#2500,#2501,#2502));
#371=EDGE_LOOP('',(#2503,#2504,#2505,#2506,#2507,#2508,#2509,#2510,#2511,
#2512,#2513,#2514,#2515,#2516,#2517,#2518,#2519,#2520,#2521,#2522,#2523,
#2524,#2525,#2526,#2527,#2528));
#372=EDGE_LOOP('',(#2529,#2530,#2531,#2532));
#373=EDGE_LOOP('',(#2533,#2534,#2535,#2536));
#374=EDGE_LOOP('',(#2537,#2538,#2539,#2540));
#375=EDGE_LOOP('',(#2541,#2542,#2543,#2544));
#376=EDGE_LOOP('',(#2545,#2546,#2547,#2548));
#377=EDGE_LOOP('',(#2549,#2550,#2551,#2552));
#378=EDGE_LOOP('',(#2553,#2554,#2555,#2556));
#379=EDGE_LOOP('',(#2557,#2558,#2559,#2560));
#380=EDGE_LOOP('',(#2561,#2562,#2563,#2564));
#381=EDGE_LOOP('',(#2565,#2566,#2567,#2568,#2569,#2570,#2571,#2572));
#382=EDGE_LOOP('',(#2573));
#383=EDGE_LOOP('',(#2574));
#384=EDGE_LOOP('',(#2575));
#385=EDGE_LOOP('',(#2576));
#386=EDGE_LOOP('',(#2577,#2578,#2579,#2580));
#387=EDGE_LOOP('',(#2581,#2582,#2583,#2584));
#388=EDGE_LOOP('',(#2585,#2586,#2587,#2588));
#389=EDGE_LOOP('',(#2589));
#390=EDGE_LOOP('',(#2590));
#391=EDGE_LOOP('',(#2591,#2592,#2593,#2594));
#392=EDGE_LOOP('',(#2595,#2596,#2597,#2598));
#393=EDGE_LOOP('',(#2599,#2600,#2601,#2602));
#394=EDGE_LOOP('',(#2603,#2604,#2605,#2606));
#395=EDGE_LOOP('',(#2607,#2608,#2609,#2610,#2611,#2612,#2613,#2614,#2615,
#2616,#2617,#2618,#2619,#2620,#2621,#2622,#2623,#2624,#2625,#2626));
#396=EDGE_LOOP('',(#2627));
#397=EDGE_LOOP('',(#2628));
#398=EDGE_LOOP('',(#2629));
#399=EDGE_LOOP('',(#2630));
#400=EDGE_LOOP('',(#2631,#2632,#2633,#2634,#2635,#2636,#2637,#2638,#2639,
#2640,#2641,#2642,#2643,#2644,#2645,#2646,#2647));
#401=LINE('',#3794,#782);
#402=LINE('',#3796,#783);
#403=LINE('',#3798,#784);
#404=LINE('',#3799,#785);
#405=LINE('',#3802,#786);
#406=LINE('',#3804,#787);
#407=LINE('',#3805,#788);
#408=LINE('',#3808,#789);
#409=LINE('',#3810,#790);
#410=LINE('',#3811,#791);
#411=LINE('',#3813,#792);
#412=LINE('',#3814,#793);
#413=LINE('',#3818,#794);
#414=LINE('',#3820,#795);
#415=LINE('',#3822,#796);
#416=LINE('',#3823,#797);
#417=LINE('',#3826,#798);
#418=LINE('',#3828,#799);
#419=LINE('',#3829,#800);
#420=LINE('',#3832,#801);
#421=LINE('',#3834,#802);
#422=LINE('',#3835,#803);
#423=LINE('',#3837,#804);
#424=LINE('',#3838,#805);
#425=LINE('',#3842,#806);
#426=LINE('',#3844,#807);
#427=LINE('',#3846,#808);
#428=LINE('',#3847,#809);
#429=LINE('',#3850,#810);
#430=LINE('',#3852,#811);
#431=LINE('',#3853,#812);
#432=LINE('',#3856,#813);
#433=LINE('',#3858,#814);
#434=LINE('',#3859,#815);
#435=LINE('',#3862,#816);
#436=LINE('',#3864,#817);
#437=LINE('',#3865,#818);
#438=LINE('',#3876,#819);
#439=LINE('',#3878,#820);
#440=LINE('',#3880,#821);
#441=LINE('',#3882,#822);
#442=LINE('',#3884,#823);
#443=LINE('',#3886,#824);
#444=LINE('',#3888,#825);
#445=LINE('',#3890,#826);
#446=LINE('',#3892,#827);
#447=LINE('',#3894,#828);
#448=LINE('',#3896,#829);
#449=LINE('',#3898,#830);
#450=LINE('',#3900,#831);
#451=LINE('',#3902,#832);
#452=LINE('',#3904,#833);
#453=LINE('',#3906,#834);
#454=LINE('',#3907,#835);
#455=LINE('',#3911,#836);
#456=LINE('',#3913,#837);
#457=LINE('',#3915,#838);
#458=LINE('',#3917,#839);
#459=LINE('',#3918,#840);
#460=LINE('',#3921,#841);
#461=LINE('',#3923,#842);
#462=LINE('',#3924,#843);
#463=LINE('',#3928,#844);
#464=LINE('',#3930,#845);
#465=LINE('',#3932,#846);
#466=LINE('',#3933,#847);
#467=LINE('',#3936,#848);
#468=LINE('',#3938,#849);
#469=LINE('',#3939,#850);
#470=LINE('',#3942,#851);
#471=LINE('',#3944,#852);
#472=LINE('',#3945,#853);
#473=LINE('',#3948,#854);
#474=LINE('',#3950,#855);
#475=LINE('',#3951,#856);
#476=LINE('',#3954,#857);
#477=LINE('',#3956,#858);
#478=LINE('',#3957,#859);
#479=LINE('',#3960,#860);
#480=LINE('',#3962,#861);
#481=LINE('',#3963,#862);
#482=LINE('',#3966,#863);
#483=LINE('',#3967,#864);
#484=LINE('',#3968,#865);
#485=LINE('',#3974,#866);
#486=LINE('',#3976,#867);
#487=LINE('',#3978,#868);
#488=LINE('',#3979,#869);
#489=LINE('',#3982,#870);
#490=LINE('',#3984,#871);
#491=LINE('',#3985,#872);
#492=LINE('',#3988,#873);
#493=LINE('',#3989,#874);
#494=LINE('',#3990,#875);
#495=LINE('',#3997,#876);
#496=LINE('',#3999,#877);
#497=LINE('',#4001,#878);
#498=LINE('',#4003,#879);
#499=LINE('',#4004,#880);
#500=LINE('',#4007,#881);
#501=LINE('',#4009,#882);
#502=LINE('',#4010,#883);
#503=LINE('',#4014,#884);
#504=LINE('',#4016,#885);
#505=LINE('',#4018,#886);
#506=LINE('',#4019,#887);
#507=LINE('',#4022,#888);
#508=LINE('',#4024,#889);
#509=LINE('',#4025,#890);
#510=LINE('',#4028,#891);
#511=LINE('',#4030,#892);
#512=LINE('',#4031,#893);
#513=LINE('',#4034,#894);
#514=LINE('',#4036,#895);
#515=LINE('',#4037,#896);
#516=LINE('',#4040,#897);
#517=LINE('',#4042,#898);
#518=LINE('',#4043,#899);
#519=LINE('',#4046,#900);
#520=LINE('',#4048,#901);
#521=LINE('',#4049,#902);
#522=LINE('',#4052,#903);
#523=LINE('',#4053,#904);
#524=LINE('',#4054,#905);
#525=LINE('',#4061,#906);
#526=LINE('',#4063,#907);
#527=LINE('',#4065,#908);
#528=LINE('',#4066,#909);
#529=LINE('',#4069,#910);
#530=LINE('',#4070,#911);
#531=LINE('',#4071,#912);
#532=LINE('',#4074,#913);
#533=LINE('',#4075,#914);
#534=LINE('',#4076,#915);
#535=LINE('',#4082,#916);
#536=LINE('',#4084,#917);
#537=LINE('',#4086,#918);
#538=LINE('',#4088,#919);
#539=LINE('',#4089,#920);
#540=LINE('',#4090,#921);
#541=LINE('',#4093,#922);
#542=LINE('',#4095,#923);
#543=LINE('',#4097,#924);
#544=LINE('',#4099,#925);
#545=LINE('',#4100,#926);
#546=LINE('',#4101,#927);
#547=LINE('',#4105,#928);
#548=LINE('',#4107,#929);
#549=LINE('',#4109,#930);
#550=LINE('',#4110,#931);
#551=LINE('',#4113,#932);
#552=LINE('',#4115,#933);
#553=LINE('',#4116,#934);
#554=LINE('',#4119,#935);
#555=LINE('',#4121,#936);
#556=LINE('',#4122,#937);
#557=LINE('',#4124,#938);
#558=LINE('',#4125,#939);
#559=LINE('',#4129,#940);
#560=LINE('',#4131,#941);
#561=LINE('',#4133,#942);
#562=LINE('',#4134,#943);
#563=LINE('',#4137,#944);
#564=LINE('',#4139,#945);
#565=LINE('',#4140,#946);
#566=LINE('',#4143,#947);
#567=LINE('',#4145,#948);
#568=LINE('',#4146,#949);
#569=LINE('',#4148,#950);
#570=LINE('',#4149,#951);
#571=LINE('',#4152,#952);
#572=LINE('',#4156,#953);
#573=LINE('',#4160,#954);
#574=LINE('',#4165,#955);
#575=LINE('',#4168,#956);
#576=LINE('',#4173,#957);
#577=LINE('',#4176,#958);
#578=LINE('',#4178,#959);
#579=LINE('',#4179,#960);
#580=LINE('',#4182,#961);
#581=LINE('',#4184,#962);
#582=LINE('',#4185,#963);
#583=LINE('',#4187,#964);
#584=LINE('',#4188,#965);
#585=LINE('',#4191,#966);
#586=LINE('',#4192,#967);
#587=LINE('',#4195,#968);
#588=LINE('',#4197,#969);
#589=LINE('',#4198,#970);
#590=LINE('',#4201,#971);
#591=LINE('',#4202,#972);
#592=LINE('',#4205,#973);
#593=LINE('',#4206,#974);
#594=LINE('',#4209,#975);
#595=LINE('',#4210,#976);
#596=LINE('',#4213,#977);
#597=LINE('',#4214,#978);
#598=LINE('',#4217,#979);
#599=LINE('',#4218,#980);
#600=LINE('',#4221,#981);
#601=LINE('',#4222,#982);
#602=LINE('',#4225,#983);
#603=LINE('',#4226,#984);
#604=LINE('',#4230,#985);
#605=LINE('',#4231,#986);
#606=LINE('',#4232,#987);
#607=LINE('',#4235,#988);
#608=LINE('',#4237,#989);
#609=LINE('',#4238,#990);
#610=LINE('',#4241,#991);
#611=LINE('',#4243,#992);
#612=LINE('',#4244,#993);
#613=LINE('',#4247,#994);
#614=LINE('',#4249,#995);
#615=LINE('',#4250,#996);
#616=LINE('',#4254,#997);
#617=LINE('',#4256,#998);
#618=LINE('',#4258,#999);
#619=LINE('',#4260,#1000);
#620=LINE('',#4261,#1001);
#621=LINE('',#4264,#1002);
#622=LINE('',#4266,#1003);
#623=LINE('',#4267,#1004);
#624=LINE('',#4271,#1005);
#625=LINE('',#4273,#1006);
#626=LINE('',#4275,#1007);
#627=LINE('',#4276,#1008);
#628=LINE('',#4279,#1009);
#629=LINE('',#4281,#1010);
#630=LINE('',#4282,#1011);
#631=LINE('',#4285,#1012);
#632=LINE('',#4287,#1013);
#633=LINE('',#4288,#1014);
#634=LINE('',#4291,#1015);
#635=LINE('',#4293,#1016);
#636=LINE('',#4294,#1017);
#637=LINE('',#4297,#1018);
#638=LINE('',#4299,#1019);
#639=LINE('',#4300,#1020);
#640=LINE('',#4303,#1021);
#641=LINE('',#4305,#1022);
#642=LINE('',#4306,#1023);
#643=LINE('',#4309,#1024);
#644=LINE('',#4310,#1025);
#645=LINE('',#4311,#1026);
#646=LINE('',#4317,#1027);
#647=LINE('',#4319,#1028);
#648=LINE('',#4321,#1029);
#649=LINE('',#4322,#1030);
#650=LINE('',#4325,#1031);
#651=LINE('',#4327,#1032);
#652=LINE('',#4328,#1033);
#653=LINE('',#4331,#1034);
#654=LINE('',#4332,#1035);
#655=LINE('',#4333,#1036);
#656=LINE('',#4340,#1037);
#657=LINE('',#4342,#1038);
#658=LINE('',#4344,#1039);
#659=LINE('',#4346,#1040);
#660=LINE('',#4347,#1041);
#661=LINE('',#4350,#1042);
#662=LINE('',#4352,#1043);
#663=LINE('',#4353,#1044);
#664=LINE('',#4357,#1045);
#665=LINE('',#4359,#1046);
#666=LINE('',#4361,#1047);
#667=LINE('',#4362,#1048);
#668=LINE('',#4365,#1049);
#669=LINE('',#4367,#1050);
#670=LINE('',#4368,#1051);
#671=LINE('',#4371,#1052);
#672=LINE('',#4373,#1053);
#673=LINE('',#4374,#1054);
#674=LINE('',#4377,#1055);
#675=LINE('',#4379,#1056);
#676=LINE('',#4380,#1057);
#677=LINE('',#4383,#1058);
#678=LINE('',#4385,#1059);
#679=LINE('',#4386,#1060);
#680=LINE('',#4389,#1061);
#681=LINE('',#4391,#1062);
#682=LINE('',#4392,#1063);
#683=LINE('',#4395,#1064);
#684=LINE('',#4396,#1065);
#685=LINE('',#4397,#1066);
#686=LINE('',#4404,#1067);
#687=LINE('',#4406,#1068);
#688=LINE('',#4408,#1069);
#689=LINE('',#4409,#1070);
#690=LINE('',#4412,#1071);
#691=LINE('',#4413,#1072);
#692=LINE('',#4414,#1073);
#693=LINE('',#4417,#1074);
#694=LINE('',#4418,#1075);
#695=LINE('',#4419,#1076);
#696=LINE('',#4424,#1077);
#697=LINE('',#4426,#1078);
#698=LINE('',#4428,#1079);
#699=LINE('',#4430,#1080);
#700=LINE('',#4432,#1081);
#701=LINE('',#4433,#1082);
#702=LINE('',#4435,#1083);
#703=LINE('',#4437,#1084);
#704=LINE('',#4439,#1085);
#705=LINE('',#4441,#1086);
#706=LINE('',#4443,#1087);
#707=LINE('',#4444,#1088);
#708=LINE('',#4448,#1089);
#709=LINE('',#4450,#1090);
#710=LINE('',#4452,#1091);
#711=LINE('',#4453,#1092);
#712=LINE('',#4456,#1093);
#713=LINE('',#4458,#1094);
#714=LINE('',#4459,#1095);
#715=LINE('',#4462,#1096);
#716=LINE('',#4464,#1097);
#717=LINE('',#4465,#1098);
#718=LINE('',#4467,#1099);
#719=LINE('',#4468,#1100);
#720=LINE('',#4472,#1101);
#721=LINE('',#4474,#1102);
#722=LINE('',#4476,#1103);
#723=LINE('',#4477,#1104);
#724=LINE('',#4480,#1105);
#725=LINE('',#4482,#1106);
#726=LINE('',#4483,#1107);
#727=LINE('',#4486,#1108);
#728=LINE('',#4488,#1109);
#729=LINE('',#4489,#1110);
#730=LINE('',#4491,#1111);
#731=LINE('',#4492,#1112);
#732=LINE('',#4495,#1113);
#733=LINE('',#4499,#1114);
#734=LINE('',#4503,#1115);
#735=LINE('',#4508,#1116);
#736=LINE('',#4511,#1117);
#737=LINE('',#4516,#1118);
#738=LINE('',#4519,#1119);
#739=LINE('',#4521,#1120);
#740=LINE('',#4522,#1121);
#741=LINE('',#4525,#1122);
#742=LINE('',#4527,#1123);
#743=LINE('',#4528,#1124);
#744=LINE('',#4530,#1125);
#745=LINE('',#4531,#1126);
#746=LINE('',#4534,#1127);
#747=LINE('',#4535,#1128);
#748=LINE('',#4538,#1129);
#749=LINE('',#4539,#1130);
#750=LINE('',#4541,#1131);
#751=LINE('',#4543,#1132);
#752=LINE('',#4545,#1133);
#753=LINE('',#4546,#1134);
#754=LINE('',#4547,#1135);
#755=LINE('',#4550,#1136);
#756=LINE('',#4551,#1137);
#757=LINE('',#4554,#1138);
#758=LINE('',#4555,#1139);
#759=LINE('',#4558,#1140);
#760=LINE('',#4559,#1141);
#761=LINE('',#4562,#1142);
#762=LINE('',#4563,#1143);
#763=LINE('',#4566,#1144);
#764=LINE('',#4567,#1145);
#765=LINE('',#4570,#1146);
#766=LINE('',#4571,#1147);
#767=LINE('',#4574,#1148);
#768=LINE('',#4575,#1149);
#769=LINE('',#4578,#1150);
#770=LINE('',#4579,#1151);
#771=LINE('',#4581,#1152);
#772=LINE('',#4584,#1153);
#773=LINE('',#4585,#1154);
#774=LINE('',#4587,#1155);
#775=LINE('',#4590,#1156);
#776=LINE('',#4591,#1157);
#777=LINE('',#4594,#1158);
#778=LINE('',#4595,#1159);
#779=LINE('',#4598,#1160);
#780=LINE('',#4599,#1161);
#781=LINE('',#4601,#1162);
#782=VECTOR('',#3089,10.);
#783=VECTOR('',#3090,10.);
#784=VECTOR('',#3091,10.);
#785=VECTOR('',#3092,10.);
#786=VECTOR('',#3095,10.);
#787=VECTOR('',#3096,10.);
#788=VECTOR('',#3097,10.);
#789=VECTOR('',#3100,10.);
#790=VECTOR('',#3101,10.);
#791=VECTOR('',#3102,10.);
#792=VECTOR('',#3105,10.);
#793=VECTOR('',#3106,10.);
#794=VECTOR('',#3109,10.);
#795=VECTOR('',#3110,10.);
#796=VECTOR('',#3111,10.);
#797=VECTOR('',#3112,10.);
#798=VECTOR('',#3115,10.);
#799=VECTOR('',#3116,10.);
#800=VECTOR('',#3117,10.);
#801=VECTOR('',#3120,10.);
#802=VECTOR('',#3121,10.);
#803=VECTOR('',#3122,10.);
#804=VECTOR('',#3125,10.);
#805=VECTOR('',#3126,10.);
#806=VECTOR('',#3129,10.);
#807=VECTOR('',#3130,10.);
#808=VECTOR('',#3131,10.);
#809=VECTOR('',#3132,10.);
#810=VECTOR('',#3135,10.);
#811=VECTOR('',#3136,10.);
#812=VECTOR('',#3137,10.);
#813=VECTOR('',#3140,10.);
#814=VECTOR('',#3141,10.);
#815=VECTOR('',#3142,10.);
#816=VECTOR('',#3145,10.);
#817=VECTOR('',#3146,10.);
#818=VECTOR('',#3147,10.);
#819=VECTOR('',#3156,10.);
#820=VECTOR('',#3157,10.);
#821=VECTOR('',#3158,10.);
#822=VECTOR('',#3159,10.);
#823=VECTOR('',#3160,10.);
#824=VECTOR('',#3161,10.);
#825=VECTOR('',#3162,10.);
#826=VECTOR('',#3163,10.);
#827=VECTOR('',#3164,10.);
#828=VECTOR('',#3165,10.);
#829=VECTOR('',#3166,10.);
#830=VECTOR('',#3167,10.);
#831=VECTOR('',#3168,10.);
#832=VECTOR('',#3169,10.);
#833=VECTOR('',#3170,10.);
#834=VECTOR('',#3171,10.);
#835=VECTOR('',#3172,10.);
#836=VECTOR('',#3175,10.);
#837=VECTOR('',#3176,10.);
#838=VECTOR('',#3177,10.);
#839=VECTOR('',#3178,10.);
#840=VECTOR('',#3179,10.);
#841=VECTOR('',#3182,10.);
#842=VECTOR('',#3183,10.);
#843=VECTOR('',#3184,10.);
#844=VECTOR('',#3187,10.);
#845=VECTOR('',#3188,10.);
#846=VECTOR('',#3189,10.);
#847=VECTOR('',#3190,10.);
#848=VECTOR('',#3193,10.);
#849=VECTOR('',#3194,10.);
#850=VECTOR('',#3195,10.);
#851=VECTOR('',#3198,10.);
#852=VECTOR('',#3199,10.);
#853=VECTOR('',#3200,10.);
#854=VECTOR('',#3203,10.);
#855=VECTOR('',#3204,10.);
#856=VECTOR('',#3205,10.);
#857=VECTOR('',#3208,10.);
#858=VECTOR('',#3209,10.);
#859=VECTOR('',#3210,10.);
#860=VECTOR('',#3213,10.);
#861=VECTOR('',#3214,10.);
#862=VECTOR('',#3215,10.);
#863=VECTOR('',#3218,10.);
#864=VECTOR('',#3219,10.);
#865=VECTOR('',#3220,10.);
#866=VECTOR('',#3227,10.);
#867=VECTOR('',#3228,10.);
#868=VECTOR('',#3229,10.);
#869=VECTOR('',#3230,10.);
#870=VECTOR('',#3233,10.);
#871=VECTOR('',#3234,10.);
#872=VECTOR('',#3235,10.);
#873=VECTOR('',#3238,10.);
#874=VECTOR('',#3239,10.);
#875=VECTOR('',#3240,10.);
#876=VECTOR('',#3247,10.);
#877=VECTOR('',#3248,10.);
#878=VECTOR('',#3249,10.);
#879=VECTOR('',#3250,10.);
#880=VECTOR('',#3251,10.);
#881=VECTOR('',#3254,10.);
#882=VECTOR('',#3255,10.);
#883=VECTOR('',#3256,10.);
#884=VECTOR('',#3259,10.);
#885=VECTOR('',#3260,10.);
#886=VECTOR('',#3261,10.);
#887=VECTOR('',#3262,10.);
#888=VECTOR('',#3265,10.);
#889=VECTOR('',#3266,10.);
#890=VECTOR('',#3267,10.);
#891=VECTOR('',#3270,10.);
#892=VECTOR('',#3271,10.);
#893=VECTOR('',#3272,10.);
#894=VECTOR('',#3275,10.);
#895=VECTOR('',#3276,10.);
#896=VECTOR('',#3277,10.);
#897=VECTOR('',#3280,10.);
#898=VECTOR('',#3281,10.);
#899=VECTOR('',#3282,10.);
#900=VECTOR('',#3285,10.);
#901=VECTOR('',#3286,10.);
#902=VECTOR('',#3287,10.);
#903=VECTOR('',#3290,10.);
#904=VECTOR('',#3291,10.);
#905=VECTOR('',#3292,10.);
#906=VECTOR('',#3299,10.);
#907=VECTOR('',#3300,10.);
#908=VECTOR('',#3301,10.);
#909=VECTOR('',#3302,10.);
#910=VECTOR('',#3305,10.);
#911=VECTOR('',#3306,10.);
#912=VECTOR('',#3307,10.);
#913=VECTOR('',#3310,10.);
#914=VECTOR('',#3311,10.);
#915=VECTOR('',#3312,10.);
#916=VECTOR('',#3319,10.);
#917=VECTOR('',#3320,10.);
#918=VECTOR('',#3321,10.);
#919=VECTOR('',#3322,10.);
#920=VECTOR('',#3323,10.);
#921=VECTOR('',#3324,10.);
#922=VECTOR('',#3327,10.);
#923=VECTOR('',#3328,10.);
#924=VECTOR('',#3329,10.);
#925=VECTOR('',#3330,10.);
#926=VECTOR('',#3331,10.);
#927=VECTOR('',#3332,10.);
#928=VECTOR('',#3335,10.);
#929=VECTOR('',#3336,10.);
#930=VECTOR('',#3337,10.);
#931=VECTOR('',#3338,10.);
#932=VECTOR('',#3341,10.);
#933=VECTOR('',#3342,10.);
#934=VECTOR('',#3343,10.);
#935=VECTOR('',#3346,10.);
#936=VECTOR('',#3347,10.);
#937=VECTOR('',#3348,10.);
#938=VECTOR('',#3351,10.);
#939=VECTOR('',#3352,10.);
#940=VECTOR('',#3355,10.);
#941=VECTOR('',#3356,10.);
#942=VECTOR('',#3357,10.);
#943=VECTOR('',#3358,10.);
#944=VECTOR('',#3361,10.);
#945=VECTOR('',#3362,10.);
#946=VECTOR('',#3363,10.);
#947=VECTOR('',#3366,10.);
#948=VECTOR('',#3367,10.);
#949=VECTOR('',#3368,10.);
#950=VECTOR('',#3371,10.);
#951=VECTOR('',#3372,10.);
#952=VECTOR('',#3375,0.800000000000001);
#953=VECTOR('',#3380,0.800000000000001);
#954=VECTOR('',#3385,1.75);
#955=VECTOR('',#3392,1.75);
#956=VECTOR('',#3395,1.75);
#957=VECTOR('',#3402,1.75);
#958=VECTOR('',#3405,10.);
#959=VECTOR('',#3406,10.);
#960=VECTOR('',#3407,10.);
#961=VECTOR('',#3410,10.);
#962=VECTOR('',#3411,10.);
#963=VECTOR('',#3412,10.);
#964=VECTOR('',#3415,10.);
#965=VECTOR('',#3416,10.);
#966=VECTOR('',#3419,10.);
#967=VECTOR('',#3420,10.);
#968=VECTOR('',#3423,10.);
#969=VECTOR('',#3424,10.);
#970=VECTOR('',#3425,10.);
#971=VECTOR('',#3428,10.);
#972=VECTOR('',#3429,10.);
#973=VECTOR('',#3432,10.);
#974=VECTOR('',#3433,10.);
#975=VECTOR('',#3436,10.);
#976=VECTOR('',#3437,10.);
#977=VECTOR('',#3440,10.);
#978=VECTOR('',#3441,10.);
#979=VECTOR('',#3444,10.);
#980=VECTOR('',#3445,10.);
#981=VECTOR('',#3448,10.);
#982=VECTOR('',#3449,10.);
#983=VECTOR('',#3452,10.);
#984=VECTOR('',#3453,10.);
#985=VECTOR('',#3456,10.);
#986=VECTOR('',#3457,10.);
#987=VECTOR('',#3458,10.);
#988=VECTOR('',#3461,10.);
#989=VECTOR('',#3462,10.);
#990=VECTOR('',#3463,10.);
#991=VECTOR('',#3466,10.);
#992=VECTOR('',#3467,10.);
#993=VECTOR('',#3468,10.);
#994=VECTOR('',#3471,10.);
#995=VECTOR('',#3472,10.);
#996=VECTOR('',#3473,10.);
#997=VECTOR('',#3476,10.);
#998=VECTOR('',#3477,10.);
#999=VECTOR('',#3478,10.);
#1000=VECTOR('',#3479,10.);
#1001=VECTOR('',#3480,10.);
#1002=VECTOR('',#3483,10.);
#1003=VECTOR('',#3484,10.);
#1004=VECTOR('',#3485,10.);
#1005=VECTOR('',#3488,10.);
#1006=VECTOR('',#3489,10.);
#1007=VECTOR('',#3490,10.);
#1008=VECTOR('',#3491,10.);
#1009=VECTOR('',#3494,10.);
#1010=VECTOR('',#3495,10.);
#1011=VECTOR('',#3496,10.);
#1012=VECTOR('',#3499,10.);
#1013=VECTOR('',#3500,10.);
#1014=VECTOR('',#3501,10.);
#1015=VECTOR('',#3504,10.);
#1016=VECTOR('',#3505,10.);
#1017=VECTOR('',#3506,10.);
#1018=VECTOR('',#3509,10.);
#1019=VECTOR('',#3510,10.);
#1020=VECTOR('',#3511,10.);
#1021=VECTOR('',#3514,10.);
#1022=VECTOR('',#3515,10.);
#1023=VECTOR('',#3516,10.);
#1024=VECTOR('',#3519,10.);
#1025=VECTOR('',#3520,10.);
#1026=VECTOR('',#3521,10.);
#1027=VECTOR('',#3528,10.);
#1028=VECTOR('',#3529,10.);
#1029=VECTOR('',#3530,10.);
#1030=VECTOR('',#3531,10.);
#1031=VECTOR('',#3534,10.);
#1032=VECTOR('',#3535,10.);
#1033=VECTOR('',#3536,10.);
#1034=VECTOR('',#3539,10.);
#1035=VECTOR('',#3540,10.);
#1036=VECTOR('',#3541,10.);
#1037=VECTOR('',#3548,10.);
#1038=VECTOR('',#3549,10.);
#1039=VECTOR('',#3550,10.);
#1040=VECTOR('',#3551,10.);
#1041=VECTOR('',#3552,10.);
#1042=VECTOR('',#3555,10.);
#1043=VECTOR('',#3556,10.);
#1044=VECTOR('',#3557,10.);
#1045=VECTOR('',#3560,10.);
#1046=VECTOR('',#3561,10.);
#1047=VECTOR('',#3562,10.);
#1048=VECTOR('',#3563,10.);
#1049=VECTOR('',#3566,10.);
#1050=VECTOR('',#3567,10.);
#1051=VECTOR('',#3568,10.);
#1052=VECTOR('',#3571,10.);
#1053=VECTOR('',#3572,10.);
#1054=VECTOR('',#3573,10.);
#1055=VECTOR('',#3576,10.);
#1056=VECTOR('',#3577,10.);
#1057=VECTOR('',#3578,10.);
#1058=VECTOR('',#3581,10.);
#1059=VECTOR('',#3582,10.);
#1060=VECTOR('',#3583,10.);
#1061=VECTOR('',#3586,10.);
#1062=VECTOR('',#3587,10.);
#1063=VECTOR('',#3588,10.);
#1064=VECTOR('',#3591,10.);
#1065=VECTOR('',#3592,10.);
#1066=VECTOR('',#3593,10.);
#1067=VECTOR('',#3600,10.);
#1068=VECTOR('',#3601,10.);
#1069=VECTOR('',#3602,10.);
#1070=VECTOR('',#3603,10.);
#1071=VECTOR('',#3606,10.);
#1072=VECTOR('',#3607,10.);
#1073=VECTOR('',#3608,10.);
#1074=VECTOR('',#3611,10.);
#1075=VECTOR('',#3612,10.);
#1076=VECTOR('',#3613,10.);
#1077=VECTOR('',#3620,10.);
#1078=VECTOR('',#3621,10.);
#1079=VECTOR('',#3622,10.);
#1080=VECTOR('',#3623,10.);
#1081=VECTOR('',#3624,10.);
#1082=VECTOR('',#3625,10.);
#1083=VECTOR('',#3628,10.);
#1084=VECTOR('',#3629,10.);
#1085=VECTOR('',#3630,10.);
#1086=VECTOR('',#3631,10.);
#1087=VECTOR('',#3632,10.);
#1088=VECTOR('',#3633,10.);
#1089=VECTOR('',#3636,10.);
#1090=VECTOR('',#3637,10.);
#1091=VECTOR('',#3638,10.);
#1092=VECTOR('',#3639,10.);
#1093=VECTOR('',#3642,10.);
#1094=VECTOR('',#3643,10.);
#1095=VECTOR('',#3644,10.);
#1096=VECTOR('',#3647,10.);
#1097=VECTOR('',#3648,10.);
#1098=VECTOR('',#3649,10.);
#1099=VECTOR('',#3652,10.);
#1100=VECTOR('',#3653,10.);
#1101=VECTOR('',#3656,10.);
#1102=VECTOR('',#3657,10.);
#1103=VECTOR('',#3658,10.);
#1104=VECTOR('',#3659,10.);
#1105=VECTOR('',#3662,10.);
#1106=VECTOR('',#3663,10.);
#1107=VECTOR('',#3664,10.);
#1108=VECTOR('',#3667,10.);
#1109=VECTOR('',#3668,10.);
#1110=VECTOR('',#3669,10.);
#1111=VECTOR('',#3672,10.);
#1112=VECTOR('',#3673,10.);
#1113=VECTOR('',#3676,0.800000000000001);
#1114=VECTOR('',#3681,0.800000000000001);
#1115=VECTOR('',#3686,1.75);
#1116=VECTOR('',#3693,1.75);
#1117=VECTOR('',#3696,1.75);
#1118=VECTOR('',#3703,1.75);
#1119=VECTOR('',#3706,10.);
#1120=VECTOR('',#3707,10.);
#1121=VECTOR('',#3708,10.);
#1122=VECTOR('',#3711,10.);
#1123=VECTOR('',#3712,10.);
#1124=VECTOR('',#3713,10.);
#1125=VECTOR('',#3716,10.);
#1126=VECTOR('',#3717,10.);
#1127=VECTOR('',#3720,10.);
#1128=VECTOR('',#3721,10.);
#1129=VECTOR('',#3724,10.);
#1130=VECTOR('',#3725,10.);
#1131=VECTOR('',#3726,10.);
#1132=VECTOR('',#3727,10.);
#1133=VECTOR('',#3728,10.);
#1134=VECTOR('',#3729,10.);
#1135=VECTOR('',#3730,10.);
#1136=VECTOR('',#3733,10.);
#1137=VECTOR('',#3734,10.);
#1138=VECTOR('',#3737,10.);
#1139=VECTOR('',#3738,10.);
#1140=VECTOR('',#3741,10.);
#1141=VECTOR('',#3742,10.);
#1142=VECTOR('',#3745,10.);
#1143=VECTOR('',#3746,10.);
#1144=VECTOR('',#3749,10.);
#1145=VECTOR('',#3750,10.);
#1146=VECTOR('',#3753,10.);
#1147=VECTOR('',#3754,10.);
#1148=VECTOR('',#3757,10.);
#1149=VECTOR('',#3758,10.);
#1150=VECTOR('',#3761,10.);
#1151=VECTOR('',#3762,10.);
#1152=VECTOR('',#3765,10.);
#1153=VECTOR('',#3768,10.);
#1154=VECTOR('',#3769,10.);
#1155=VECTOR('',#3772,10.);
#1156=VECTOR('',#3775,10.);
#1157=VECTOR('',#3776,10.);
#1158=VECTOR('',#3779,10.);
#1159=VECTOR('',#3780,10.);
#1160=VECTOR('',#3783,10.);
#1161=VECTOR('',#3784,10.);
#1162=VECTOR('',#3787,10.);
#1163=VERTEX_POINT('',#3792);
#1164=VERTEX_POINT('',#3793);
#1165=VERTEX_POINT('',#3795);
#1166=VERTEX_POINT('',#3797);
#1167=VERTEX_POINT('',#3801);
#1168=VERTEX_POINT('',#3803);
#1169=VERTEX_POINT('',#3807);
#1170=VERTEX_POINT('',#3809);
#1171=VERTEX_POINT('',#3816);
#1172=VERTEX_POINT('',#3817);
#1173=VERTEX_POINT('',#3819);
#1174=VERTEX_POINT('',#3821);
#1175=VERTEX_POINT('',#3825);
#1176=VERTEX_POINT('',#3827);
#1177=VERTEX_POINT('',#3831);
#1178=VERTEX_POINT('',#3833);
#1179=VERTEX_POINT('',#3840);
#1180=VERTEX_POINT('',#3841);
#1181=VERTEX_POINT('',#3843);
#1182=VERTEX_POINT('',#3845);
#1183=VERTEX_POINT('',#3849);
#1184=VERTEX_POINT('',#3851);
#1185=VERTEX_POINT('',#3855);
#1186=VERTEX_POINT('',#3857);
#1187=VERTEX_POINT('',#3861);
#1188=VERTEX_POINT('',#3863);
#1189=VERTEX_POINT('',#3866);
#1190=VERTEX_POINT('',#3868);
#1191=VERTEX_POINT('',#3870);
#1192=VERTEX_POINT('',#3872);
#1193=VERTEX_POINT('',#3874);
#1194=VERTEX_POINT('',#3875);
#1195=VERTEX_POINT('',#3877);
#1196=VERTEX_POINT('',#3879);
#1197=VERTEX_POINT('',#3881);
#1198=VERTEX_POINT('',#3883);
#1199=VERTEX_POINT('',#3885);
#1200=VERTEX_POINT('',#3887);
#1201=VERTEX_POINT('',#3889);
#1202=VERTEX_POINT('',#3891);
#1203=VERTEX_POINT('',#3893);
#1204=VERTEX_POINT('',#3895);
#1205=VERTEX_POINT('',#3897);
#1206=VERTEX_POINT('',#3899);
#1207=VERTEX_POINT('',#3901);
#1208=VERTEX_POINT('',#3903);
#1209=VERTEX_POINT('',#3905);
#1210=VERTEX_POINT('',#3909);
#1211=VERTEX_POINT('',#3910);
#1212=VERTEX_POINT('',#3912);
#1213=VERTEX_POINT('',#3914);
#1214=VERTEX_POINT('',#3916);
#1215=VERTEX_POINT('',#3920);
#1216=VERTEX_POINT('',#3922);
#1217=VERTEX_POINT('',#3926);
#1218=VERTEX_POINT('',#3927);
#1219=VERTEX_POINT('',#3929);
#1220=VERTEX_POINT('',#3931);
#1221=VERTEX_POINT('',#3935);
#1222=VERTEX_POINT('',#3937);
#1223=VERTEX_POINT('',#3941);
#1224=VERTEX_POINT('',#3943);
#1225=VERTEX_POINT('',#3947);
#1226=VERTEX_POINT('',#3949);
#1227=VERTEX_POINT('',#3953);
#1228=VERTEX_POINT('',#3955);
#1229=VERTEX_POINT('',#3959);
#1230=VERTEX_POINT('',#3961);
#1231=VERTEX_POINT('',#3965);
#1232=VERTEX_POINT('',#3970);
#1233=VERTEX_POINT('',#3973);
#1234=VERTEX_POINT('',#3975);
#1235=VERTEX_POINT('',#3977);
#1236=VERTEX_POINT('',#3981);
#1237=VERTEX_POINT('',#3983);
#1238=VERTEX_POINT('',#3987);
#1239=VERTEX_POINT('',#3992);
#1240=VERTEX_POINT('',#3995);
#1241=VERTEX_POINT('',#3996);
#1242=VERTEX_POINT('',#3998);
#1243=VERTEX_POINT('',#4000);
#1244=VERTEX_POINT('',#4002);
#1245=VERTEX_POINT('',#4006);
#1246=VERTEX_POINT('',#4008);
#1247=VERTEX_POINT('',#4012);
#1248=VERTEX_POINT('',#4013);
#1249=VERTEX_POINT('',#4015);
#1250=VERTEX_POINT('',#4017);
#1251=VERTEX_POINT('',#4021);
#1252=VERTEX_POINT('',#4023);
#1253=VERTEX_POINT('',#4027);
#1254=VERTEX_POINT('',#4029);
#1255=VERTEX_POINT('',#4033);
#1256=VERTEX_POINT('',#4035);
#1257=VERTEX_POINT('',#4039);
#1258=VERTEX_POINT('',#4041);
#1259=VERTEX_POINT('',#4045);
#1260=VERTEX_POINT('',#4047);
#1261=VERTEX_POINT('',#4051);
#1262=VERTEX_POINT('',#4056);
#1263=VERTEX_POINT('',#4059);
#1264=VERTEX_POINT('',#4060);
#1265=VERTEX_POINT('',#4062);
#1266=VERTEX_POINT('',#4064);
#1267=VERTEX_POINT('',#4068);
#1268=VERTEX_POINT('',#4073);
#1269=VERTEX_POINT('',#4078);
#1270=VERTEX_POINT('',#4081);
#1271=VERTEX_POINT('',#4083);
#1272=VERTEX_POINT('',#4085);
#1273=VERTEX_POINT('',#4087);
#1274=VERTEX_POINT('',#4092);
#1275=VERTEX_POINT('',#4094);
#1276=VERTEX_POINT('',#4096);
#1277=VERTEX_POINT('',#4098);
#1278=VERTEX_POINT('',#4103);
#1279=VERTEX_POINT('',#4104);
#1280=VERTEX_POINT('',#4106);
#1281=VERTEX_POINT('',#4108);
#1282=VERTEX_POINT('',#4112);
#1283=VERTEX_POINT('',#4114);
#1284=VERTEX_POINT('',#4118);
#1285=VERTEX_POINT('',#4120);
#1286=VERTEX_POINT('',#4127);
#1287=VERTEX_POINT('',#4128);
#1288=VERTEX_POINT('',#4130);
#1289=VERTEX_POINT('',#4132);
#1290=VERTEX_POINT('',#4136);
#1291=VERTEX_POINT('',#4138);
#1292=VERTEX_POINT('',#4142);
#1293=VERTEX_POINT('',#4144);
#1294=VERTEX_POINT('',#4151);
#1295=VERTEX_POINT('',#4155);
#1296=VERTEX_POINT('',#4159);
#1297=VERTEX_POINT('',#4163);
#1298=VERTEX_POINT('',#4167);
#1299=VERTEX_POINT('',#4171);
#1300=VERTEX_POINT('',#4175);
#1301=VERTEX_POINT('',#4177);
#1302=VERTEX_POINT('',#4181);
#1303=VERTEX_POINT('',#4183);
#1304=VERTEX_POINT('',#4190);
#1305=VERTEX_POINT('',#4194);
#1306=VERTEX_POINT('',#4196);
#1307=VERTEX_POINT('',#4200);
#1308=VERTEX_POINT('',#4204);
#1309=VERTEX_POINT('',#4208);
#1310=VERTEX_POINT('',#4212);
#1311=VERTEX_POINT('',#4216);
#1312=VERTEX_POINT('',#4220);
#1313=VERTEX_POINT('',#4224);
#1314=VERTEX_POINT('',#4228);
#1315=VERTEX_POINT('',#4229);
#1316=VERTEX_POINT('',#4234);
#1317=VERTEX_POINT('',#4236);
#1318=VERTEX_POINT('',#4240);
#1319=VERTEX_POINT('',#4242);
#1320=VERTEX_POINT('',#4246);
#1321=VERTEX_POINT('',#4248);
#1322=VERTEX_POINT('',#4252);
#1323=VERTEX_POINT('',#4253);
#1324=VERTEX_POINT('',#4255);
#1325=VERTEX_POINT('',#4257);
#1326=VERTEX_POINT('',#4259);
#1327=VERTEX_POINT('',#4263);
#1328=VERTEX_POINT('',#4265);
#1329=VERTEX_POINT('',#4269);
#1330=VERTEX_POINT('',#4270);
#1331=VERTEX_POINT('',#4272);
#1332=VERTEX_POINT('',#4274);
#1333=VERTEX_POINT('',#4278);
#1334=VERTEX_POINT('',#4280);
#1335=VERTEX_POINT('',#4284);
#1336=VERTEX_POINT('',#4286);
#1337=VERTEX_POINT('',#4290);
#1338=VERTEX_POINT('',#4292);
#1339=VERTEX_POINT('',#4296);
#1340=VERTEX_POINT('',#4298);
#1341=VERTEX_POINT('',#4302);
#1342=VERTEX_POINT('',#4304);
#1343=VERTEX_POINT('',#4308);
#1344=VERTEX_POINT('',#4313);
#1345=VERTEX_POINT('',#4316);
#1346=VERTEX_POINT('',#4318);
#1347=VERTEX_POINT('',#4320);
#1348=VERTEX_POINT('',#4324);
#1349=VERTEX_POINT('',#4326);
#1350=VERTEX_POINT('',#4330);
#1351=VERTEX_POINT('',#4335);
#1352=VERTEX_POINT('',#4338);
#1353=VERTEX_POINT('',#4339);
#1354=VERTEX_POINT('',#4341);
#1355=VERTEX_POINT('',#4343);
#1356=VERTEX_POINT('',#4345);
#1357=VERTEX_POINT('',#4349);
#1358=VERTEX_POINT('',#4351);
#1359=VERTEX_POINT('',#4355);
#1360=VERTEX_POINT('',#4356);
#1361=VERTEX_POINT('',#4358);
#1362=VERTEX_POINT('',#4360);
#1363=VERTEX_POINT('',#4364);
#1364=VERTEX_POINT('',#4366);
#1365=VERTEX_POINT('',#4370);
#1366=VERTEX_POINT('',#4372);
#1367=VERTEX_POINT('',#4376);
#1368=VERTEX_POINT('',#4378);
#1369=VERTEX_POINT('',#4382);
#1370=VERTEX_POINT('',#4384);
#1371=VERTEX_POINT('',#4388);
#1372=VERTEX_POINT('',#4390);
#1373=VERTEX_POINT('',#4394);
#1374=VERTEX_POINT('',#4399);
#1375=VERTEX_POINT('',#4402);
#1376=VERTEX_POINT('',#4403);
#1377=VERTEX_POINT('',#4405);
#1378=VERTEX_POINT('',#4407);
#1379=VERTEX_POINT('',#4411);
#1380=VERTEX_POINT('',#4416);
#1381=VERTEX_POINT('',#4421);
#1382=VERTEX_POINT('',#4425);
#1383=VERTEX_POINT('',#4427);
#1384=VERTEX_POINT('',#4429);
#1385=VERTEX_POINT('',#4431);
#1386=VERTEX_POINT('',#4436);
#1387=VERTEX_POINT('',#4438);
#1388=VERTEX_POINT('',#4440);
#1389=VERTEX_POINT('',#4442);
#1390=VERTEX_POINT('',#4446);
#1391=VERTEX_POINT('',#4447);
#1392=VERTEX_POINT('',#4449);
#1393=VERTEX_POINT('',#4451);
#1394=VERTEX_POINT('',#4455);
#1395=VERTEX_POINT('',#4457);
#1396=VERTEX_POINT('',#4461);
#1397=VERTEX_POINT('',#4463);
#1398=VERTEX_POINT('',#4470);
#1399=VERTEX_POINT('',#4471);
#1400=VERTEX_POINT('',#4473);
#1401=VERTEX_POINT('',#4475);
#1402=VERTEX_POINT('',#4479);
#1403=VERTEX_POINT('',#4481);
#1404=VERTEX_POINT('',#4485);
#1405=VERTEX_POINT('',#4487);
#1406=VERTEX_POINT('',#4494);
#1407=VERTEX_POINT('',#4498);
#1408=VERTEX_POINT('',#4502);
#1409=VERTEX_POINT('',#4506);
#1410=VERTEX_POINT('',#4510);
#1411=VERTEX_POINT('',#4514);
#1412=VERTEX_POINT('',#4518);
#1413=VERTEX_POINT('',#4520);
#1414=VERTEX_POINT('',#4524);
#1415=VERTEX_POINT('',#4526);
#1416=VERTEX_POINT('',#4533);
#1417=VERTEX_POINT('',#4537);
#1418=VERTEX_POINT('',#4540);
#1419=VERTEX_POINT('',#4542);
#1420=VERTEX_POINT('',#4544);
#1421=VERTEX_POINT('',#4549);
#1422=VERTEX_POINT('',#4553);
#1423=VERTEX_POINT('',#4557);
#1424=VERTEX_POINT('',#4561);
#1425=VERTEX_POINT('',#4565);
#1426=VERTEX_POINT('',#4569);
#1427=VERTEX_POINT('',#4573);
#1428=VERTEX_POINT('',#4577);
#1429=VERTEX_POINT('',#4583);
#1430=VERTEX_POINT('',#4589);
#1431=VERTEX_POINT('',#4593);
#1432=VERTEX_POINT('',#4597);
#1433=EDGE_CURVE('',#1163,#1164,#401,.T.);
#1434=EDGE_CURVE('',#1165,#1163,#402,.T.);
#1435=EDGE_CURVE('',#1166,#1165,#403,.T.);
#1436=EDGE_CURVE('',#1166,#1164,#404,.T.);
#1437=EDGE_CURVE('',#1164,#1167,#405,.T.);
#1438=EDGE_CURVE('',#1168,#1166,#406,.T.);
#1439=EDGE_CURVE('',#1168,#1167,#407,.T.);
#1440=EDGE_CURVE('',#1167,#1169,#408,.T.);
#1441=EDGE_CURVE('',#1170,#1168,#409,.T.);
#1442=EDGE_CURVE('',#1170,#1169,#410,.T.);
#1443=EDGE_CURVE('',#1169,#1163,#411,.T.);
#1444=EDGE_CURVE('',#1165,#1170,#412,.T.);
#1445=EDGE_CURVE('',#1171,#1172,#413,.T.);
#1446=EDGE_CURVE('',#1173,#1171,#414,.T.);
#1447=EDGE_CURVE('',#1174,#1173,#415,.T.);
#1448=EDGE_CURVE('',#1174,#1172,#416,.T.);
#1449=EDGE_CURVE('',#1172,#1175,#417,.T.);
#1450=EDGE_CURVE('',#1176,#1174,#418,.T.);
#1451=EDGE_CURVE('',#1176,#1175,#419,.T.);
#1452=EDGE_CURVE('',#1175,#1177,#420,.T.);
#1453=EDGE_CURVE('',#1178,#1176,#421,.T.);
#1454=EDGE_CURVE('',#1178,#1177,#422,.T.);
#1455=EDGE_CURVE('',#1177,#1171,#423,.T.);
#1456=EDGE_CURVE('',#1173,#1178,#424,.T.);
#1457=EDGE_CURVE('',#1179,#1180,#425,.T.);
#1458=EDGE_CURVE('',#1179,#1181,#426,.T.);
#1459=EDGE_CURVE('',#1181,#1182,#427,.T.);
#1460=EDGE_CURVE('',#1182,#1180,#428,.T.);
#1461=EDGE_CURVE('',#1183,#1179,#429,.T.);
#1462=EDGE_CURVE('',#1184,#1183,#430,.T.);
#1463=EDGE_CURVE('',#1184,#1181,#431,.T.);
#1464=EDGE_CURVE('',#1185,#1183,#432,.T.);
#1465=EDGE_CURVE('',#1185,#1186,#433,.T.);
#1466=EDGE_CURVE('',#1186,#1184,#434,.T.);
#1467=EDGE_CURVE('',#1187,#1180,#435,.T.);
#1468=EDGE_CURVE('',#1187,#1188,#436,.T.);
#1469=EDGE_CURVE('',#1188,#1185,#437,.T.);
#1470=EDGE_CURVE('',#1189,#1189,#27,.T.);
#1471=EDGE_CURVE('',#1190,#1190,#28,.T.);
#1472=EDGE_CURVE('',#1191,#1191,#29,.T.);
#1473=EDGE_CURVE('',#1192,#1192,#30,.T.);
#1474=EDGE_CURVE('',#1193,#1194,#438,.T.);
#1475=EDGE_CURVE('',#1195,#1193,#439,.T.);
#1476=EDGE_CURVE('',#1196,#1195,#440,.T.);
#1477=EDGE_CURVE('',#1197,#1196,#441,.T.);
#1478=EDGE_CURVE('',#1198,#1197,#442,.T.);
#1479=EDGE_CURVE('',#1199,#1198,#443,.T.);
#1480=EDGE_CURVE('',#1200,#1199,#444,.T.);
#1481=EDGE_CURVE('',#1200,#1201,#445,.T.);
#1482=EDGE_CURVE('',#1201,#1202,#446,.T.);
#1483=EDGE_CURVE('',#1203,#1202,#447,.T.);
#1484=EDGE_CURVE('',#1203,#1204,#448,.T.);
#1485=EDGE_CURVE('',#1204,#1205,#449,.T.);
#1486=EDGE_CURVE('',#1205,#1206,#450,.T.);
#1487=EDGE_CURVE('',#1206,#1207,#451,.T.);
#1488=EDGE_CURVE('',#1207,#1208,#452,.T.);
#1489=EDGE_CURVE('',#1208,#1209,#453,.T.);
#1490=EDGE_CURVE('',#1209,#1194,#454,.T.);
#1491=EDGE_CURVE('',#1210,#1211,#455,.T.);
#1492=EDGE_CURVE('',#1211,#1212,#456,.T.);
#1493=EDGE_CURVE('',#1213,#1212,#457,.T.);
#1494=EDGE_CURVE('',#1214,#1213,#458,.T.);
#1495=EDGE_CURVE('',#1214,#1210,#459,.T.);
#1496=EDGE_CURVE('',#1215,#1210,#460,.T.);
#1497=EDGE_CURVE('',#1216,#1214,#461,.T.);
#1498=EDGE_CURVE('',#1215,#1216,#462,.T.);
#1499=EDGE_CURVE('',#1217,#1218,#463,.T.);
#1500=EDGE_CURVE('',#1219,#1218,#464,.T.);
#1501=EDGE_CURVE('',#1220,#1219,#465,.T.);
#1502=EDGE_CURVE('',#1217,#1220,#466,.T.);
#1503=EDGE_CURVE('',#1221,#1215,#467,.T.);
#1504=EDGE_CURVE('',#1222,#1216,#468,.T.);
#1505=EDGE_CURVE('',#1222,#1221,#469,.T.);
#1506=EDGE_CURVE('',#1218,#1223,#470,.T.);
#1507=EDGE_CURVE('',#1223,#1224,#471,.T.);
#1508=EDGE_CURVE('',#1219,#1224,#472,.T.);
#1509=EDGE_CURVE('',#1212,#1225,#473,.T.);
#1510=EDGE_CURVE('',#1226,#1225,#474,.T.);
#1511=EDGE_CURVE('',#1213,#1226,#475,.T.);
#1512=EDGE_CURVE('',#1227,#1221,#476,.T.);
#1513=EDGE_CURVE('',#1228,#1222,#477,.T.);
#1514=EDGE_CURVE('',#1228,#1227,#478,.T.);
#1515=EDGE_CURVE('',#1223,#1229,#479,.T.);
#1516=EDGE_CURVE('',#1229,#1230,#480,.T.);
#1517=EDGE_CURVE('',#1224,#1230,#481,.T.);
#1518=EDGE_CURVE('',#1225,#1231,#482,.T.);
#1519=EDGE_CURVE('',#1231,#1227,#483,.T.);
#1520=EDGE_CURVE('',#1226,#1228,#484,.T.);
#1521=EDGE_CURVE('',#1232,#1232,#31,.T.);
#1522=EDGE_CURVE('',#1233,#1217,#485,.T.);
#1523=EDGE_CURVE('',#1234,#1220,#486,.T.);
#1524=EDGE_CURVE('',#1235,#1234,#487,.T.);
#1525=EDGE_CURVE('',#1235,#1233,#488,.T.);
#1526=EDGE_CURVE('',#1236,#1235,#489,.T.);
#1527=EDGE_CURVE('',#1237,#1234,#490,.T.);
#1528=EDGE_CURVE('',#1236,#1237,#491,.T.);
#1529=EDGE_CURVE('',#1238,#1236,#492,.T.);
#1530=EDGE_CURVE('',#1230,#1237,#493,.T.);
#1531=EDGE_CURVE('',#1229,#1238,#494,.T.);
#1532=EDGE_CURVE('',#1239,#1239,#32,.T.);
#1533=EDGE_CURVE('',#1240,#1241,#495,.T.);
#1534=EDGE_CURVE('',#1241,#1242,#496,.T.);
#1535=EDGE_CURVE('',#1242,#1243,#497,.T.);
#1536=EDGE_CURVE('',#1244,#1243,#498,.T.);
#1537=EDGE_CURVE('',#1244,#1240,#499,.T.);
#1538=EDGE_CURVE('',#1245,#1240,#500,.T.);
#1539=EDGE_CURVE('',#1246,#1244,#501,.T.);
#1540=EDGE_CURVE('',#1246,#1245,#502,.T.);
#1541=EDGE_CURVE('',#1247,#1248,#503,.T.);
#1542=EDGE_CURVE('',#1248,#1249,#504,.T.);
#1543=EDGE_CURVE('',#1250,#1249,#505,.T.);
#1544=EDGE_CURVE('',#1247,#1250,#506,.T.);
#1545=EDGE_CURVE('',#1251,#1245,#507,.T.);
#1546=EDGE_CURVE('',#1252,#1246,#508,.T.);
#1547=EDGE_CURVE('',#1252,#1251,#509,.T.);
#1548=EDGE_CURVE('',#1248,#1253,#510,.T.);
#1549=EDGE_CURVE('',#1253,#1254,#511,.T.);
#1550=EDGE_CURVE('',#1249,#1254,#512,.T.);
#1551=EDGE_CURVE('',#1242,#1255,#513,.T.);
#1552=EDGE_CURVE('',#1256,#1255,#514,.T.);
#1553=EDGE_CURVE('',#1243,#1256,#515,.T.);
#1554=EDGE_CURVE('',#1257,#1251,#516,.T.);
#1555=EDGE_CURVE('',#1258,#1252,#517,.T.);
#1556=EDGE_CURVE('',#1258,#1257,#518,.T.);
#1557=EDGE_CURVE('',#1253,#1259,#519,.T.);
#1558=EDGE_CURVE('',#1259,#1260,#520,.T.);
#1559=EDGE_CURVE('',#1254,#1260,#521,.T.);
#1560=EDGE_CURVE('',#1255,#1261,#522,.T.);
#1561=EDGE_CURVE('',#1261,#1257,#523,.T.);
#1562=EDGE_CURVE('',#1256,#1258,#524,.T.);
#1563=EDGE_CURVE('',#1262,#1262,#33,.T.);
#1564=EDGE_CURVE('',#1263,#1264,#525,.T.);
#1565=EDGE_CURVE('',#1265,#1264,#526,.T.);
#1566=EDGE_CURVE('',#1266,#1265,#527,.T.);
#1567=EDGE_CURVE('',#1263,#1266,#528,.T.);
#1568=EDGE_CURVE('',#1267,#1263,#529,.T.);
#1569=EDGE_CURVE('',#1260,#1266,#530,.T.);
#1570=EDGE_CURVE('',#1259,#1267,#531,.T.);
#1571=EDGE_CURVE('',#1268,#1247,#532,.T.);
#1572=EDGE_CURVE('',#1265,#1250,#533,.T.);
#1573=EDGE_CURVE('',#1264,#1268,#534,.T.);
#1574=EDGE_CURVE('',#1269,#1269,#34,.T.);
#1575=EDGE_CURVE('',#1233,#1270,#535,.T.);
#1576=EDGE_CURVE('',#1270,#1271,#536,.T.);
#1577=EDGE_CURVE('',#1272,#1271,#537,.T.);
#1578=EDGE_CURVE('',#1272,#1273,#538,.T.);
#1579=EDGE_CURVE('',#1273,#1267,#539,.T.);
#1580=EDGE_CURVE('',#1268,#1238,#540,.T.);
#1581=EDGE_CURVE('',#1274,#1211,#541,.T.);
#1582=EDGE_CURVE('',#1275,#1274,#542,.T.);
#1583=EDGE_CURVE('',#1276,#1275,#543,.T.);
#1584=EDGE_CURVE('',#1277,#1276,#544,.T.);
#1585=EDGE_CURVE('',#1261,#1277,#545,.T.);
#1586=EDGE_CURVE('',#1231,#1241,#546,.T.);
#1587=EDGE_CURVE('',#1278,#1279,#547,.T.);
#1588=EDGE_CURVE('',#1280,#1279,#548,.T.);
#1589=EDGE_CURVE('',#1280,#1281,#549,.T.);
#1590=EDGE_CURVE('',#1281,#1278,#550,.T.);
#1591=EDGE_CURVE('',#1279,#1282,#551,.T.);
#1592=EDGE_CURVE('',#1283,#1282,#552,.T.);
#1593=EDGE_CURVE('',#1283,#1280,#553,.T.);
#1594=EDGE_CURVE('',#1282,#1284,#554,.T.);
#1595=EDGE_CURVE('',#1285,#1284,#555,.T.);
#1596=EDGE_CURVE('',#1285,#1283,#556,.T.);
#1597=EDGE_CURVE('',#1284,#1278,#557,.T.);
#1598=EDGE_CURVE('',#1281,#1285,#558,.T.);
#1599=EDGE_CURVE('',#1286,#1287,#559,.T.);
#1600=EDGE_CURVE('',#1288,#1287,#560,.T.);
#1601=EDGE_CURVE('',#1288,#1289,#561,.T.);
#1602=EDGE_CURVE('',#1289,#1286,#562,.T.);
#1603=EDGE_CURVE('',#1287,#1290,#563,.T.);
#1604=EDGE_CURVE('',#1291,#1290,#564,.T.);
#1605=EDGE_CURVE('',#1291,#1288,#565,.T.);
#1606=EDGE_CURVE('',#1290,#1292,#566,.T.);
#1607=EDGE_CURVE('',#1293,#1292,#567,.T.);
#1608=EDGE_CURVE('',#1293,#1291,#568,.T.);
#1609=EDGE_CURVE('',#1292,#1286,#569,.T.);
#1610=EDGE_CURVE('',#1289,#1293,#570,.T.);
#1611=EDGE_CURVE('',#1191,#1294,#571,.T.);
#1612=EDGE_CURVE('',#1294,#1294,#35,.T.);
#1613=EDGE_CURVE('',#1192,#1295,#572,.T.);
#1614=EDGE_CURVE('',#1295,#1295,#36,.T.);
#1615=EDGE_CURVE('',#1232,#1296,#573,.T.);
#1616=EDGE_CURVE('',#1296,#1296,#37,.T.);
#1617=EDGE_CURVE('',#1297,#1297,#38,.T.);
#1618=EDGE_CURVE('',#1297,#1239,#574,.T.);
#1619=EDGE_CURVE('',#1262,#1298,#575,.T.);
#1620=EDGE_CURVE('',#1298,#1298,#39,.T.);
#1621=EDGE_CURVE('',#1299,#1299,#40,.T.);
#1622=EDGE_CURVE('',#1299,#1269,#576,.T.);
#1623=EDGE_CURVE('',#1277,#1300,#577,.T.);
#1624=EDGE_CURVE('',#1300,#1301,#578,.T.);
#1625=EDGE_CURVE('',#1301,#1274,#579,.T.);
#1626=EDGE_CURVE('',#1302,#1273,#580,.T.);
#1627=EDGE_CURVE('',#1303,#1302,#581,.T.);
#1628=EDGE_CURVE('',#1270,#1303,#582,.T.);
#1629=EDGE_CURVE('',#1302,#1276,#583,.T.);
#1630=EDGE_CURVE('',#1275,#1303,#584,.T.);
#1631=EDGE_CURVE('',#1182,#1304,#585,.T.);
#1632=EDGE_CURVE('',#1187,#1304,#586,.T.);
#1633=EDGE_CURVE('',#1209,#1305,#587,.T.);
#1634=EDGE_CURVE('',#1305,#1306,#588,.T.);
#1635=EDGE_CURVE('',#1194,#1306,#589,.T.);
#1636=EDGE_CURVE('',#1208,#1307,#590,.T.);
#1637=EDGE_CURVE('',#1307,#1305,#591,.T.);
#1638=EDGE_CURVE('',#1207,#1308,#592,.T.);
#1639=EDGE_CURVE('',#1308,#1307,#593,.T.);
#1640=EDGE_CURVE('',#1206,#1309,#594,.T.);
#1641=EDGE_CURVE('',#1309,#1308,#595,.T.);
#1642=EDGE_CURVE('',#1205,#1310,#596,.T.);
#1643=EDGE_CURVE('',#1310,#1309,#597,.T.);
#1644=EDGE_CURVE('',#1204,#1311,#598,.T.);
#1645=EDGE_CURVE('',#1311,#1310,#599,.T.);
#1646=EDGE_CURVE('',#1203,#1312,#600,.T.);
#1647=EDGE_CURVE('',#1312,#1311,#601,.T.);
#1648=EDGE_CURVE('',#1202,#1313,#602,.T.);
#1649=EDGE_CURVE('',#1313,#1312,#603,.T.);
#1650=EDGE_CURVE('',#1314,#1315,#604,.T.);
#1651=EDGE_CURVE('',#1315,#1301,#605,.T.);
#1652=EDGE_CURVE('',#1300,#1314,#606,.T.);
#1653=EDGE_CURVE('',#1271,#1316,#607,.T.);
#1654=EDGE_CURVE('',#1317,#1316,#608,.T.);
#1655=EDGE_CURVE('',#1317,#1272,#609,.T.);
#1656=EDGE_CURVE('',#1316,#1318,#610,.T.);
#1657=EDGE_CURVE('',#1319,#1318,#611,.T.);
#1658=EDGE_CURVE('',#1319,#1317,#612,.T.);
#1659=EDGE_CURVE('',#1318,#1320,#613,.T.);
#1660=EDGE_CURVE('',#1321,#1320,#614,.T.);
#1661=EDGE_CURVE('',#1321,#1319,#615,.T.);
#1662=EDGE_CURVE('',#1322,#1323,#616,.T.);
#1663=EDGE_CURVE('',#1324,#1322,#617,.T.);
#1664=EDGE_CURVE('',#1324,#1325,#618,.T.);
#1665=EDGE_CURVE('',#1325,#1326,#619,.T.);
#1666=EDGE_CURVE('',#1323,#1326,#620,.T.);
#1667=EDGE_CURVE('',#1327,#1322,#621,.T.);
#1668=EDGE_CURVE('',#1327,#1328,#622,.T.);
#1669=EDGE_CURVE('',#1328,#1324,#623,.T.);
#1670=EDGE_CURVE('',#1329,#1330,#624,.T.);
#1671=EDGE_CURVE('',#1329,#1331,#625,.T.);
#1672=EDGE_CURVE('',#1331,#1332,#626,.T.);
#1673=EDGE_CURVE('',#1332,#1330,#627,.T.);
#1674=EDGE_CURVE('',#1333,#1327,#628,.T.);
#1675=EDGE_CURVE('',#1334,#1333,#629,.T.);
#1676=EDGE_CURVE('',#1334,#1328,#630,.T.);
#1677=EDGE_CURVE('',#1330,#1335,#631,.T.);
#1678=EDGE_CURVE('',#1332,#1336,#632,.T.);
#1679=EDGE_CURVE('',#1335,#1336,#633,.T.);
#1680=EDGE_CURVE('',#1326,#1337,#634,.T.);
#1681=EDGE_CURVE('',#1325,#1338,#635,.T.);
#1682=EDGE_CURVE('',#1338,#1337,#636,.T.);
#1683=EDGE_CURVE('',#1339,#1333,#637,.T.);
#1684=EDGE_CURVE('',#1340,#1339,#638,.T.);
#1685=EDGE_CURVE('',#1340,#1334,#639,.T.);
#1686=EDGE_CURVE('',#1335,#1341,#640,.T.);
#1687=EDGE_CURVE('',#1336,#1342,#641,.T.);
#1688=EDGE_CURVE('',#1341,#1342,#642,.T.);
#1689=EDGE_CURVE('',#1337,#1343,#643,.T.);
#1690=EDGE_CURVE('',#1338,#1340,#644,.T.);
#1691=EDGE_CURVE('',#1343,#1339,#645,.T.);
#1692=EDGE_CURVE('',#1344,#1344,#41,.T.);
#1693=EDGE_CURVE('',#1345,#1329,#646,.T.);
#1694=EDGE_CURVE('',#1346,#1345,#647,.T.);
#1695=EDGE_CURVE('',#1346,#1347,#648,.T.);
#1696=EDGE_CURVE('',#1347,#1331,#649,.T.);
#1697=EDGE_CURVE('',#1348,#1346,#650,.T.);
#1698=EDGE_CURVE('',#1348,#1349,#651,.T.);
#1699=EDGE_CURVE('',#1349,#1347,#652,.T.);
#1700=EDGE_CURVE('',#1350,#1348,#653,.T.);
#1701=EDGE_CURVE('',#1341,#1350,#654,.T.);
#1702=EDGE_CURVE('',#1342,#1349,#655,.T.);
#1703=EDGE_CURVE('',#1351,#1351,#42,.T.);
#1704=EDGE_CURVE('',#1352,#1353,#656,.T.);
#1705=EDGE_CURVE('',#1354,#1352,#657,.T.);
#1706=EDGE_CURVE('',#1354,#1355,#658,.T.);
#1707=EDGE_CURVE('',#1356,#1355,#659,.T.);
#1708=EDGE_CURVE('',#1353,#1356,#660,.T.);
#1709=EDGE_CURVE('',#1357,#1352,#661,.T.);
#1710=EDGE_CURVE('',#1358,#1357,#662,.T.);
#1711=EDGE_CURVE('',#1358,#1354,#663,.T.);
#1712=EDGE_CURVE('',#1359,#1360,#664,.T.);
#1713=EDGE_CURVE('',#1359,#1361,#665,.T.);
#1714=EDGE_CURVE('',#1361,#1362,#666,.T.);
#1715=EDGE_CURVE('',#1360,#1362,#667,.T.);
#1716=EDGE_CURVE('',#1363,#1357,#668,.T.);
#1717=EDGE_CURVE('',#1364,#1363,#669,.T.);
#1718=EDGE_CURVE('',#1364,#1358,#670,.T.);
#1719=EDGE_CURVE('',#1360,#1365,#671,.T.);
#1720=EDGE_CURVE('',#1362,#1366,#672,.T.);
#1721=EDGE_CURVE('',#1365,#1366,#673,.T.);
#1722=EDGE_CURVE('',#1356,#1367,#674,.T.);
#1723=EDGE_CURVE('',#1355,#1368,#675,.T.);
#1724=EDGE_CURVE('',#1368,#1367,#676,.T.);
#1725=EDGE_CURVE('',#1369,#1363,#677,.T.);
#1726=EDGE_CURVE('',#1370,#1369,#678,.T.);
#1727=EDGE_CURVE('',#1370,#1364,#679,.T.);
#1728=EDGE_CURVE('',#1365,#1371,#680,.T.);
#1729=EDGE_CURVE('',#1366,#1372,#681,.T.);
#1730=EDGE_CURVE('',#1371,#1372,#682,.T.);
#1731=EDGE_CURVE('',#1367,#1373,#683,.T.);
#1732=EDGE_CURVE('',#1368,#1370,#684,.T.);
#1733=EDGE_CURVE('',#1373,#1369,#685,.T.);
#1734=EDGE_CURVE('',#1374,#1374,#43,.T.);
#1735=EDGE_CURVE('',#1375,#1376,#686,.T.);
#1736=EDGE_CURVE('',#1375,#1377,#687,.T.);
#1737=EDGE_CURVE('',#1377,#1378,#688,.T.);
#1738=EDGE_CURVE('',#1378,#1376,#689,.T.);
#1739=EDGE_CURVE('',#1379,#1375,#690,.T.);
#1740=EDGE_CURVE('',#1371,#1379,#691,.T.);
#1741=EDGE_CURVE('',#1372,#1377,#692,.T.);
#1742=EDGE_CURVE('',#1380,#1359,#693,.T.);
#1743=EDGE_CURVE('',#1376,#1380,#694,.T.);
#1744=EDGE_CURVE('',#1378,#1361,#695,.T.);
#1745=EDGE_CURVE('',#1381,#1381,#44,.T.);
#1746=EDGE_CURVE('',#1380,#1350,#696,.T.);
#1747=EDGE_CURVE('',#1382,#1379,#697,.T.);
#1748=EDGE_CURVE('',#1383,#1382,#698,.T.);
#1749=EDGE_CURVE('',#1383,#1384,#699,.T.);
#1750=EDGE_CURVE('',#1385,#1384,#700,.T.);
#1751=EDGE_CURVE('',#1345,#1385,#701,.T.);
#1752=EDGE_CURVE('',#1343,#1353,#702,.T.);
#1753=EDGE_CURVE('',#1373,#1386,#703,.T.);
#1754=EDGE_CURVE('',#1386,#1387,#704,.T.);
#1755=EDGE_CURVE('',#1387,#1388,#705,.T.);
#1756=EDGE_CURVE('',#1388,#1389,#706,.T.);
#1757=EDGE_CURVE('',#1389,#1323,#707,.T.);
#1758=EDGE_CURVE('',#1390,#1391,#708,.T.);
#1759=EDGE_CURVE('',#1392,#1390,#709,.T.);
#1760=EDGE_CURVE('',#1393,#1392,#710,.T.);
#1761=EDGE_CURVE('',#1393,#1391,#711,.T.);
#1762=EDGE_CURVE('',#1391,#1394,#712,.T.);
#1763=EDGE_CURVE('',#1395,#1393,#713,.T.);
#1764=EDGE_CURVE('',#1395,#1394,#714,.T.);
#1765=EDGE_CURVE('',#1394,#1396,#715,.T.);
#1766=EDGE_CURVE('',#1397,#1395,#716,.T.);
#1767=EDGE_CURVE('',#1397,#1396,#717,.T.);
#1768=EDGE_CURVE('',#1396,#1390,#718,.T.);
#1769=EDGE_CURVE('',#1392,#1397,#719,.T.);
#1770=EDGE_CURVE('',#1398,#1399,#720,.T.);
#1771=EDGE_CURVE('',#1400,#1398,#721,.T.);
#1772=EDGE_CURVE('',#1401,#1400,#722,.T.);
#1773=EDGE_CURVE('',#1401,#1399,#723,.T.);
#1774=EDGE_CURVE('',#1399,#1402,#724,.T.);
#1775=EDGE_CURVE('',#1403,#1401,#725,.T.);
#1776=EDGE_CURVE('',#1403,#1402,#726,.T.);
#1777=EDGE_CURVE('',#1402,#1404,#727,.T.);
#1778=EDGE_CURVE('',#1405,#1403,#728,.T.);
#1779=EDGE_CURVE('',#1405,#1404,#729,.T.);
#1780=EDGE_CURVE('',#1404,#1398,#730,.T.);
#1781=EDGE_CURVE('',#1400,#1405,#731,.T.);
#1782=EDGE_CURVE('',#1190,#1406,#732,.T.);
#1783=EDGE_CURVE('',#1406,#1406,#45,.T.);
#1784=EDGE_CURVE('',#1189,#1407,#733,.T.);
#1785=EDGE_CURVE('',#1407,#1407,#46,.T.);
#1786=EDGE_CURVE('',#1344,#1408,#734,.T.);
#1787=EDGE_CURVE('',#1408,#1408,#47,.T.);
#1788=EDGE_CURVE('',#1409,#1409,#48,.T.);
#1789=EDGE_CURVE('',#1409,#1351,#735,.T.);
#1790=EDGE_CURVE('',#1374,#1410,#736,.T.);
#1791=EDGE_CURVE('',#1410,#1410,#49,.T.);
#1792=EDGE_CURVE('',#1411,#1411,#50,.T.);
#1793=EDGE_CURVE('',#1411,#1381,#737,.T.);
#1794=EDGE_CURVE('',#1412,#1389,#738,.T.);
#1795=EDGE_CURVE('',#1413,#1412,#739,.T.);
#1796=EDGE_CURVE('',#1386,#1413,#740,.T.);
#1797=EDGE_CURVE('',#1385,#1414,#741,.T.);
#1798=EDGE_CURVE('',#1414,#1415,#742,.T.);
#1799=EDGE_CURVE('',#1415,#1382,#743,.T.);
#1800=EDGE_CURVE('',#1388,#1414,#744,.T.);
#1801=EDGE_CURVE('',#1415,#1387,#745,.T.);
#1802=EDGE_CURVE('',#1188,#1416,#746,.T.);
#1803=EDGE_CURVE('',#1186,#1416,#747,.T.);
#1804=EDGE_CURVE('',#1416,#1417,#748,.T.);
#1805=EDGE_CURVE('',#1417,#1412,#749,.T.);
#1806=EDGE_CURVE('',#1384,#1418,#750,.T.);
#1807=EDGE_CURVE('',#1418,#1419,#751,.T.);
#1808=EDGE_CURVE('',#1419,#1420,#752,.T.);
#1809=EDGE_CURVE('',#1420,#1320,#753,.T.);
#1810=EDGE_CURVE('',#1304,#1315,#754,.T.);
#1811=EDGE_CURVE('',#1201,#1421,#755,.T.);
#1812=EDGE_CURVE('',#1421,#1313,#756,.T.);
#1813=EDGE_CURVE('',#1422,#1306,#757,.T.);
#1814=EDGE_CURVE('',#1193,#1422,#758,.T.);
#1815=EDGE_CURVE('',#1423,#1422,#759,.T.);
#1816=EDGE_CURVE('',#1195,#1423,#760,.T.);
#1817=EDGE_CURVE('',#1424,#1423,#761,.T.);
#1818=EDGE_CURVE('',#1196,#1424,#762,.T.);
#1819=EDGE_CURVE('',#1425,#1424,#763,.T.);
#1820=EDGE_CURVE('',#1197,#1425,#764,.T.);
#1821=EDGE_CURVE('',#1426,#1425,#765,.T.);
#1822=EDGE_CURVE('',#1198,#1426,#766,.T.);
#1823=EDGE_CURVE('',#1427,#1426,#767,.T.);
#1824=EDGE_CURVE('',#1199,#1427,#768,.T.);
#1825=EDGE_CURVE('',#1428,#1427,#769,.T.);
#1826=EDGE_CURVE('',#1200,#1428,#770,.T.);
#1827=EDGE_CURVE('',#1421,#1428,#771,.T.);
#1828=EDGE_CURVE('',#1429,#1314,#772,.T.);
#1829=EDGE_CURVE('',#1429,#1417,#773,.T.);
#1830=EDGE_CURVE('',#1413,#1429,#774,.T.);
#1831=EDGE_CURVE('',#1430,#1383,#775,.T.);
#1832=EDGE_CURVE('',#1430,#1418,#776,.T.);
#1833=EDGE_CURVE('',#1431,#1430,#777,.T.);
#1834=EDGE_CURVE('',#1431,#1419,#778,.T.);
#1835=EDGE_CURVE('',#1432,#1431,#779,.T.);
#1836=EDGE_CURVE('',#1432,#1420,#780,.T.);
#1837=EDGE_CURVE('',#1432,#1321,#781,.T.);
#1838=ORIENTED_EDGE('',*,*,#1433,.F.);
#1839=ORIENTED_EDGE('',*,*,#1434,.F.);
#1840=ORIENTED_EDGE('',*,*,#1435,.F.);
#1841=ORIENTED_EDGE('',*,*,#1436,.T.);
#1842=ORIENTED_EDGE('',*,*,#1437,.F.);
#1843=ORIENTED_EDGE('',*,*,#1436,.F.);
#1844=ORIENTED_EDGE('',*,*,#1438,.F.);
#1845=ORIENTED_EDGE('',*,*,#1439,.T.);
#1846=ORIENTED_EDGE('',*,*,#1440,.F.);
#1847=ORIENTED_EDGE('',*,*,#1439,.F.);
#1848=ORIENTED_EDGE('',*,*,#1441,.F.);
#1849=ORIENTED_EDGE('',*,*,#1442,.T.);
#1850=ORIENTED_EDGE('',*,*,#1443,.F.);
#1851=ORIENTED_EDGE('',*,*,#1442,.F.);
#1852=ORIENTED_EDGE('',*,*,#1444,.F.);
#1853=ORIENTED_EDGE('',*,*,#1434,.T.);
#1854=ORIENTED_EDGE('',*,*,#1445,.F.);
#1855=ORIENTED_EDGE('',*,*,#1446,.F.);
#1856=ORIENTED_EDGE('',*,*,#1447,.F.);
#1857=ORIENTED_EDGE('',*,*,#1448,.T.);
#1858=ORIENTED_EDGE('',*,*,#1449,.F.);
#1859=ORIENTED_EDGE('',*,*,#1448,.F.);
#1860=ORIENTED_EDGE('',*,*,#1450,.F.);
#1861=ORIENTED_EDGE('',*,*,#1451,.T.);
#1862=ORIENTED_EDGE('',*,*,#1452,.F.);
#1863=ORIENTED_EDGE('',*,*,#1451,.F.);
#1864=ORIENTED_EDGE('',*,*,#1453,.F.);
#1865=ORIENTED_EDGE('',*,*,#1454,.T.);
#1866=ORIENTED_EDGE('',*,*,#1455,.F.);
#1867=ORIENTED_EDGE('',*,*,#1454,.F.);
#1868=ORIENTED_EDGE('',*,*,#1456,.F.);
#1869=ORIENTED_EDGE('',*,*,#1446,.T.);
#1870=ORIENTED_EDGE('',*,*,#1457,.F.);
#1871=ORIENTED_EDGE('',*,*,#1458,.T.);
#1872=ORIENTED_EDGE('',*,*,#1459,.T.);
#1873=ORIENTED_EDGE('',*,*,#1460,.T.);
#1874=ORIENTED_EDGE('',*,*,#1458,.F.);
#1875=ORIENTED_EDGE('',*,*,#1461,.F.);
#1876=ORIENTED_EDGE('',*,*,#1462,.F.);
#1877=ORIENTED_EDGE('',*,*,#1463,.T.);
#1878=ORIENTED_EDGE('',*,*,#1440,.T.);
#1879=ORIENTED_EDGE('',*,*,#1443,.T.);
#1880=ORIENTED_EDGE('',*,*,#1433,.T.);
#1881=ORIENTED_EDGE('',*,*,#1437,.T.);
#1882=ORIENTED_EDGE('',*,*,#1452,.T.);
#1883=ORIENTED_EDGE('',*,*,#1455,.T.);
#1884=ORIENTED_EDGE('',*,*,#1445,.T.);
#1885=ORIENTED_EDGE('',*,*,#1449,.T.);
#1886=ORIENTED_EDGE('',*,*,#1464,.F.);
#1887=ORIENTED_EDGE('',*,*,#1465,.T.);
#1888=ORIENTED_EDGE('',*,*,#1466,.T.);
#1889=ORIENTED_EDGE('',*,*,#1462,.T.);
#1890=ORIENTED_EDGE('',*,*,#1457,.T.);
#1891=ORIENTED_EDGE('',*,*,#1467,.F.);
#1892=ORIENTED_EDGE('',*,*,#1468,.T.);
#1893=ORIENTED_EDGE('',*,*,#1469,.T.);
#1894=ORIENTED_EDGE('',*,*,#1464,.T.);
#1895=ORIENTED_EDGE('',*,*,#1461,.T.);
#1896=ORIENTED_EDGE('',*,*,#1470,.T.);
#1897=ORIENTED_EDGE('',*,*,#1471,.T.);
#1898=ORIENTED_EDGE('',*,*,#1472,.F.);
#1899=ORIENTED_EDGE('',*,*,#1473,.F.);
#1900=ORIENTED_EDGE('',*,*,#1474,.F.);
#1901=ORIENTED_EDGE('',*,*,#1475,.F.);
#1902=ORIENTED_EDGE('',*,*,#1476,.F.);
#1903=ORIENTED_EDGE('',*,*,#1477,.F.);
#1904=ORIENTED_EDGE('',*,*,#1478,.F.);
#1905=ORIENTED_EDGE('',*,*,#1479,.F.);
#1906=ORIENTED_EDGE('',*,*,#1480,.F.);
#1907=ORIENTED_EDGE('',*,*,#1481,.T.);
#1908=ORIENTED_EDGE('',*,*,#1482,.T.);
#1909=ORIENTED_EDGE('',*,*,#1483,.F.);
#1910=ORIENTED_EDGE('',*,*,#1484,.T.);
#1911=ORIENTED_EDGE('',*,*,#1485,.T.);
#1912=ORIENTED_EDGE('',*,*,#1486,.T.);
#1913=ORIENTED_EDGE('',*,*,#1487,.T.);
#1914=ORIENTED_EDGE('',*,*,#1488,.T.);
#1915=ORIENTED_EDGE('',*,*,#1489,.T.);
#1916=ORIENTED_EDGE('',*,*,#1490,.T.);
#1917=ORIENTED_EDGE('',*,*,#1491,.T.);
#1918=ORIENTED_EDGE('',*,*,#1492,.T.);
#1919=ORIENTED_EDGE('',*,*,#1493,.F.);
#1920=ORIENTED_EDGE('',*,*,#1494,.F.);
#1921=ORIENTED_EDGE('',*,*,#1495,.T.);
#1922=ORIENTED_EDGE('',*,*,#1496,.T.);
#1923=ORIENTED_EDGE('',*,*,#1495,.F.);
#1924=ORIENTED_EDGE('',*,*,#1497,.F.);
#1925=ORIENTED_EDGE('',*,*,#1498,.F.);
#1926=ORIENTED_EDGE('',*,*,#1499,.T.);
#1927=ORIENTED_EDGE('',*,*,#1500,.F.);
#1928=ORIENTED_EDGE('',*,*,#1501,.F.);
#1929=ORIENTED_EDGE('',*,*,#1502,.F.);
#1930=ORIENTED_EDGE('',*,*,#1503,.T.);
#1931=ORIENTED_EDGE('',*,*,#1498,.T.);
#1932=ORIENTED_EDGE('',*,*,#1504,.F.);
#1933=ORIENTED_EDGE('',*,*,#1505,.T.);
#1934=ORIENTED_EDGE('',*,*,#1506,.T.);
#1935=ORIENTED_EDGE('',*,*,#1507,.T.);
#1936=ORIENTED_EDGE('',*,*,#1508,.F.);
#1937=ORIENTED_EDGE('',*,*,#1500,.T.);
#1938=ORIENTED_EDGE('',*,*,#1509,.T.);
#1939=ORIENTED_EDGE('',*,*,#1510,.F.);
#1940=ORIENTED_EDGE('',*,*,#1511,.F.);
#1941=ORIENTED_EDGE('',*,*,#1493,.T.);
#1942=ORIENTED_EDGE('',*,*,#1512,.T.);
#1943=ORIENTED_EDGE('',*,*,#1505,.F.);
#1944=ORIENTED_EDGE('',*,*,#1513,.F.);
#1945=ORIENTED_EDGE('',*,*,#1514,.T.);
#1946=ORIENTED_EDGE('',*,*,#1515,.T.);
#1947=ORIENTED_EDGE('',*,*,#1516,.T.);
#1948=ORIENTED_EDGE('',*,*,#1517,.F.);
#1949=ORIENTED_EDGE('',*,*,#1507,.F.);
#1950=ORIENTED_EDGE('',*,*,#1518,.T.);
#1951=ORIENTED_EDGE('',*,*,#1519,.T.);
#1952=ORIENTED_EDGE('',*,*,#1514,.F.);
#1953=ORIENTED_EDGE('',*,*,#1520,.F.);
#1954=ORIENTED_EDGE('',*,*,#1510,.T.);
#1955=ORIENTED_EDGE('',*,*,#1504,.T.);
#1956=ORIENTED_EDGE('',*,*,#1497,.T.);
#1957=ORIENTED_EDGE('',*,*,#1494,.T.);
#1958=ORIENTED_EDGE('',*,*,#1511,.T.);
#1959=ORIENTED_EDGE('',*,*,#1520,.T.);
#1960=ORIENTED_EDGE('',*,*,#1513,.T.);
#1961=ORIENTED_EDGE('',*,*,#1521,.T.);
#1962=ORIENTED_EDGE('',*,*,#1522,.T.);
#1963=ORIENTED_EDGE('',*,*,#1502,.T.);
#1964=ORIENTED_EDGE('',*,*,#1523,.F.);
#1965=ORIENTED_EDGE('',*,*,#1524,.F.);
#1966=ORIENTED_EDGE('',*,*,#1525,.T.);
#1967=ORIENTED_EDGE('',*,*,#1526,.T.);
#1968=ORIENTED_EDGE('',*,*,#1524,.T.);
#1969=ORIENTED_EDGE('',*,*,#1527,.F.);
#1970=ORIENTED_EDGE('',*,*,#1528,.F.);
#1971=ORIENTED_EDGE('',*,*,#1529,.T.);
#1972=ORIENTED_EDGE('',*,*,#1528,.T.);
#1973=ORIENTED_EDGE('',*,*,#1530,.F.);
#1974=ORIENTED_EDGE('',*,*,#1516,.F.);
#1975=ORIENTED_EDGE('',*,*,#1531,.T.);
#1976=ORIENTED_EDGE('',*,*,#1508,.T.);
#1977=ORIENTED_EDGE('',*,*,#1517,.T.);
#1978=ORIENTED_EDGE('',*,*,#1530,.T.);
#1979=ORIENTED_EDGE('',*,*,#1527,.T.);
#1980=ORIENTED_EDGE('',*,*,#1523,.T.);
#1981=ORIENTED_EDGE('',*,*,#1501,.T.);
#1982=ORIENTED_EDGE('',*,*,#1532,.T.);
#1983=ORIENTED_EDGE('',*,*,#1533,.T.);
#1984=ORIENTED_EDGE('',*,*,#1534,.T.);
#1985=ORIENTED_EDGE('',*,*,#1535,.T.);
#1986=ORIENTED_EDGE('',*,*,#1536,.F.);
#1987=ORIENTED_EDGE('',*,*,#1537,.T.);
#1988=ORIENTED_EDGE('',*,*,#1538,.T.);
#1989=ORIENTED_EDGE('',*,*,#1537,.F.);
#1990=ORIENTED_EDGE('',*,*,#1539,.F.);
#1991=ORIENTED_EDGE('',*,*,#1540,.T.);
#1992=ORIENTED_EDGE('',*,*,#1541,.T.);
#1993=ORIENTED_EDGE('',*,*,#1542,.T.);
#1994=ORIENTED_EDGE('',*,*,#1543,.F.);
#1995=ORIENTED_EDGE('',*,*,#1544,.F.);
#1996=ORIENTED_EDGE('',*,*,#1545,.T.);
#1997=ORIENTED_EDGE('',*,*,#1540,.F.);
#1998=ORIENTED_EDGE('',*,*,#1546,.F.);
#1999=ORIENTED_EDGE('',*,*,#1547,.T.);
#2000=ORIENTED_EDGE('',*,*,#1548,.T.);
#2001=ORIENTED_EDGE('',*,*,#1549,.T.);
#2002=ORIENTED_EDGE('',*,*,#1550,.F.);
#2003=ORIENTED_EDGE('',*,*,#1542,.F.);
#2004=ORIENTED_EDGE('',*,*,#1551,.T.);
#2005=ORIENTED_EDGE('',*,*,#1552,.F.);
#2006=ORIENTED_EDGE('',*,*,#1553,.F.);
#2007=ORIENTED_EDGE('',*,*,#1535,.F.);
#2008=ORIENTED_EDGE('',*,*,#1554,.T.);
#2009=ORIENTED_EDGE('',*,*,#1547,.F.);
#2010=ORIENTED_EDGE('',*,*,#1555,.F.);
#2011=ORIENTED_EDGE('',*,*,#1556,.T.);
#2012=ORIENTED_EDGE('',*,*,#1557,.T.);
#2013=ORIENTED_EDGE('',*,*,#1558,.T.);
#2014=ORIENTED_EDGE('',*,*,#1559,.F.);
#2015=ORIENTED_EDGE('',*,*,#1549,.F.);
#2016=ORIENTED_EDGE('',*,*,#1560,.T.);
#2017=ORIENTED_EDGE('',*,*,#1561,.T.);
#2018=ORIENTED_EDGE('',*,*,#1556,.F.);
#2019=ORIENTED_EDGE('',*,*,#1562,.F.);
#2020=ORIENTED_EDGE('',*,*,#1552,.T.);
#2021=ORIENTED_EDGE('',*,*,#1536,.T.);
#2022=ORIENTED_EDGE('',*,*,#1553,.T.);
#2023=ORIENTED_EDGE('',*,*,#1562,.T.);
#2024=ORIENTED_EDGE('',*,*,#1555,.T.);
#2025=ORIENTED_EDGE('',*,*,#1546,.T.);
#2026=ORIENTED_EDGE('',*,*,#1539,.T.);
#2027=ORIENTED_EDGE('',*,*,#1563,.T.);
#2028=ORIENTED_EDGE('',*,*,#1564,.T.);
#2029=ORIENTED_EDGE('',*,*,#1565,.F.);
#2030=ORIENTED_EDGE('',*,*,#1566,.F.);
#2031=ORIENTED_EDGE('',*,*,#1567,.F.);
#2032=ORIENTED_EDGE('',*,*,#1568,.T.);
#2033=ORIENTED_EDGE('',*,*,#1567,.T.);
#2034=ORIENTED_EDGE('',*,*,#1569,.F.);
#2035=ORIENTED_EDGE('',*,*,#1558,.F.);
#2036=ORIENTED_EDGE('',*,*,#1570,.T.);
#2037=ORIENTED_EDGE('',*,*,#1571,.T.);
#2038=ORIENTED_EDGE('',*,*,#1544,.T.);
#2039=ORIENTED_EDGE('',*,*,#1572,.F.);
#2040=ORIENTED_EDGE('',*,*,#1565,.T.);
#2041=ORIENTED_EDGE('',*,*,#1573,.T.);
#2042=ORIENTED_EDGE('',*,*,#1572,.T.);
#2043=ORIENTED_EDGE('',*,*,#1543,.T.);
#2044=ORIENTED_EDGE('',*,*,#1550,.T.);
#2045=ORIENTED_EDGE('',*,*,#1559,.T.);
#2046=ORIENTED_EDGE('',*,*,#1569,.T.);
#2047=ORIENTED_EDGE('',*,*,#1566,.T.);
#2048=ORIENTED_EDGE('',*,*,#1574,.T.);
#2049=ORIENTED_EDGE('',*,*,#1522,.F.);
#2050=ORIENTED_EDGE('',*,*,#1575,.T.);
#2051=ORIENTED_EDGE('',*,*,#1576,.T.);
#2052=ORIENTED_EDGE('',*,*,#1577,.F.);
#2053=ORIENTED_EDGE('',*,*,#1578,.T.);
#2054=ORIENTED_EDGE('',*,*,#1579,.T.);
#2055=ORIENTED_EDGE('',*,*,#1570,.F.);
#2056=ORIENTED_EDGE('',*,*,#1557,.F.);
#2057=ORIENTED_EDGE('',*,*,#1548,.F.);
#2058=ORIENTED_EDGE('',*,*,#1541,.F.);
#2059=ORIENTED_EDGE('',*,*,#1571,.F.);
#2060=ORIENTED_EDGE('',*,*,#1580,.T.);
#2061=ORIENTED_EDGE('',*,*,#1531,.F.);
#2062=ORIENTED_EDGE('',*,*,#1515,.F.);
#2063=ORIENTED_EDGE('',*,*,#1506,.F.);
#2064=ORIENTED_EDGE('',*,*,#1499,.F.);
#2065=ORIENTED_EDGE('',*,*,#1492,.F.);
#2066=ORIENTED_EDGE('',*,*,#1581,.F.);
#2067=ORIENTED_EDGE('',*,*,#1582,.F.);
#2068=ORIENTED_EDGE('',*,*,#1583,.F.);
#2069=ORIENTED_EDGE('',*,*,#1584,.F.);
#2070=ORIENTED_EDGE('',*,*,#1585,.F.);
#2071=ORIENTED_EDGE('',*,*,#1560,.F.);
#2072=ORIENTED_EDGE('',*,*,#1551,.F.);
#2073=ORIENTED_EDGE('',*,*,#1534,.F.);
#2074=ORIENTED_EDGE('',*,*,#1586,.F.);
#2075=ORIENTED_EDGE('',*,*,#1518,.F.);
#2076=ORIENTED_EDGE('',*,*,#1509,.F.);
#2077=ORIENTED_EDGE('',*,*,#1587,.T.);
#2078=ORIENTED_EDGE('',*,*,#1588,.F.);
#2079=ORIENTED_EDGE('',*,*,#1589,.T.);
#2080=ORIENTED_EDGE('',*,*,#1590,.T.);
#2081=ORIENTED_EDGE('',*,*,#1591,.T.);
#2082=ORIENTED_EDGE('',*,*,#1592,.F.);
#2083=ORIENTED_EDGE('',*,*,#1593,.T.);
#2084=ORIENTED_EDGE('',*,*,#1588,.T.);
#2085=ORIENTED_EDGE('',*,*,#1594,.T.);
#2086=ORIENTED_EDGE('',*,*,#1595,.F.);
#2087=ORIENTED_EDGE('',*,*,#1596,.T.);
#2088=ORIENTED_EDGE('',*,*,#1592,.T.);
#2089=ORIENTED_EDGE('',*,*,#1597,.T.);
#2090=ORIENTED_EDGE('',*,*,#1590,.F.);
#2091=ORIENTED_EDGE('',*,*,#1598,.T.);
#2092=ORIENTED_EDGE('',*,*,#1595,.T.);
#2093=ORIENTED_EDGE('',*,*,#1599,.T.);
#2094=ORIENTED_EDGE('',*,*,#1600,.F.);
#2095=ORIENTED_EDGE('',*,*,#1601,.T.);
#2096=ORIENTED_EDGE('',*,*,#1602,.T.);
#2097=ORIENTED_EDGE('',*,*,#1603,.T.);
#2098=ORIENTED_EDGE('',*,*,#1604,.F.);
#2099=ORIENTED_EDGE('',*,*,#1605,.T.);
#2100=ORIENTED_EDGE('',*,*,#1600,.T.);
#2101=ORIENTED_EDGE('',*,*,#1606,.T.);
#2102=ORIENTED_EDGE('',*,*,#1607,.F.);
#2103=ORIENTED_EDGE('',*,*,#1608,.T.);
#2104=ORIENTED_EDGE('',*,*,#1604,.T.);
#2105=ORIENTED_EDGE('',*,*,#1609,.T.);
#2106=ORIENTED_EDGE('',*,*,#1602,.F.);
#2107=ORIENTED_EDGE('',*,*,#1610,.T.);
#2108=ORIENTED_EDGE('',*,*,#1607,.T.);
#2109=ORIENTED_EDGE('',*,*,#1472,.T.);
#2110=ORIENTED_EDGE('',*,*,#1611,.T.);
#2111=ORIENTED_EDGE('',*,*,#1612,.T.);
#2112=ORIENTED_EDGE('',*,*,#1611,.F.);
#2113=ORIENTED_EDGE('',*,*,#1473,.T.);
#2114=ORIENTED_EDGE('',*,*,#1613,.T.);
#2115=ORIENTED_EDGE('',*,*,#1614,.T.);
#2116=ORIENTED_EDGE('',*,*,#1613,.F.);
#2117=ORIENTED_EDGE('',*,*,#1521,.F.);
#2118=ORIENTED_EDGE('',*,*,#1615,.T.);
#2119=ORIENTED_EDGE('',*,*,#1616,.T.);
#2120=ORIENTED_EDGE('',*,*,#1615,.F.);
#2121=ORIENTED_EDGE('',*,*,#1617,.T.);
#2122=ORIENTED_EDGE('',*,*,#1618,.T.);
#2123=ORIENTED_EDGE('',*,*,#1532,.F.);
#2124=ORIENTED_EDGE('',*,*,#1618,.F.);
#2125=ORIENTED_EDGE('',*,*,#1563,.F.);
#2126=ORIENTED_EDGE('',*,*,#1619,.T.);
#2127=ORIENTED_EDGE('',*,*,#1620,.T.);
#2128=ORIENTED_EDGE('',*,*,#1619,.F.);
#2129=ORIENTED_EDGE('',*,*,#1621,.T.);
#2130=ORIENTED_EDGE('',*,*,#1622,.T.);
#2131=ORIENTED_EDGE('',*,*,#1574,.F.);
#2132=ORIENTED_EDGE('',*,*,#1622,.F.);
#2133=ORIENTED_EDGE('',*,*,#1491,.F.);
#2134=ORIENTED_EDGE('',*,*,#1496,.F.);
#2135=ORIENTED_EDGE('',*,*,#1503,.F.);
#2136=ORIENTED_EDGE('',*,*,#1512,.F.);
#2137=ORIENTED_EDGE('',*,*,#1519,.F.);
#2138=ORIENTED_EDGE('',*,*,#1586,.T.);
#2139=ORIENTED_EDGE('',*,*,#1533,.F.);
#2140=ORIENTED_EDGE('',*,*,#1538,.F.);
#2141=ORIENTED_EDGE('',*,*,#1545,.F.);
#2142=ORIENTED_EDGE('',*,*,#1554,.F.);
#2143=ORIENTED_EDGE('',*,*,#1561,.F.);
#2144=ORIENTED_EDGE('',*,*,#1585,.T.);
#2145=ORIENTED_EDGE('',*,*,#1623,.T.);
#2146=ORIENTED_EDGE('',*,*,#1624,.T.);
#2147=ORIENTED_EDGE('',*,*,#1625,.T.);
#2148=ORIENTED_EDGE('',*,*,#1581,.T.);
#2149=ORIENTED_EDGE('',*,*,#1525,.F.);
#2150=ORIENTED_EDGE('',*,*,#1526,.F.);
#2151=ORIENTED_EDGE('',*,*,#1529,.F.);
#2152=ORIENTED_EDGE('',*,*,#1580,.F.);
#2153=ORIENTED_EDGE('',*,*,#1573,.F.);
#2154=ORIENTED_EDGE('',*,*,#1564,.F.);
#2155=ORIENTED_EDGE('',*,*,#1568,.F.);
#2156=ORIENTED_EDGE('',*,*,#1579,.F.);
#2157=ORIENTED_EDGE('',*,*,#1626,.F.);
#2158=ORIENTED_EDGE('',*,*,#1627,.F.);
#2159=ORIENTED_EDGE('',*,*,#1628,.F.);
#2160=ORIENTED_EDGE('',*,*,#1575,.F.);
#2161=ORIENTED_EDGE('',*,*,#1627,.T.);
#2162=ORIENTED_EDGE('',*,*,#1629,.T.);
#2163=ORIENTED_EDGE('',*,*,#1583,.T.);
#2164=ORIENTED_EDGE('',*,*,#1630,.T.);
#2165=ORIENTED_EDGE('',*,*,#1596,.F.);
#2166=ORIENTED_EDGE('',*,*,#1598,.F.);
#2167=ORIENTED_EDGE('',*,*,#1589,.F.);
#2168=ORIENTED_EDGE('',*,*,#1593,.F.);
#2169=ORIENTED_EDGE('',*,*,#1608,.F.);
#2170=ORIENTED_EDGE('',*,*,#1610,.F.);
#2171=ORIENTED_EDGE('',*,*,#1601,.F.);
#2172=ORIENTED_EDGE('',*,*,#1605,.F.);
#2173=ORIENTED_EDGE('',*,*,#1460,.F.);
#2174=ORIENTED_EDGE('',*,*,#1631,.T.);
#2175=ORIENTED_EDGE('',*,*,#1632,.F.);
#2176=ORIENTED_EDGE('',*,*,#1467,.T.);
#2177=ORIENTED_EDGE('',*,*,#1594,.F.);
#2178=ORIENTED_EDGE('',*,*,#1591,.F.);
#2179=ORIENTED_EDGE('',*,*,#1587,.F.);
#2180=ORIENTED_EDGE('',*,*,#1597,.F.);
#2181=ORIENTED_EDGE('',*,*,#1606,.F.);
#2182=ORIENTED_EDGE('',*,*,#1603,.F.);
#2183=ORIENTED_EDGE('',*,*,#1599,.F.);
#2184=ORIENTED_EDGE('',*,*,#1609,.F.);
#2185=ORIENTED_EDGE('',*,*,#1490,.F.);
#2186=ORIENTED_EDGE('',*,*,#1633,.T.);
#2187=ORIENTED_EDGE('',*,*,#1634,.T.);
#2188=ORIENTED_EDGE('',*,*,#1635,.F.);
#2189=ORIENTED_EDGE('',*,*,#1489,.F.);
#2190=ORIENTED_EDGE('',*,*,#1636,.T.);
#2191=ORIENTED_EDGE('',*,*,#1637,.T.);
#2192=ORIENTED_EDGE('',*,*,#1633,.F.);
#2193=ORIENTED_EDGE('',*,*,#1488,.F.);
#2194=ORIENTED_EDGE('',*,*,#1638,.T.);
#2195=ORIENTED_EDGE('',*,*,#1639,.T.);
#2196=ORIENTED_EDGE('',*,*,#1636,.F.);
#2197=ORIENTED_EDGE('',*,*,#1487,.F.);
#2198=ORIENTED_EDGE('',*,*,#1640,.T.);
#2199=ORIENTED_EDGE('',*,*,#1641,.T.);
#2200=ORIENTED_EDGE('',*,*,#1638,.F.);
#2201=ORIENTED_EDGE('',*,*,#1486,.F.);
#2202=ORIENTED_EDGE('',*,*,#1642,.T.);
#2203=ORIENTED_EDGE('',*,*,#1643,.T.);
#2204=ORIENTED_EDGE('',*,*,#1640,.F.);
#2205=ORIENTED_EDGE('',*,*,#1485,.F.);
#2206=ORIENTED_EDGE('',*,*,#1644,.T.);
#2207=ORIENTED_EDGE('',*,*,#1645,.T.);
#2208=ORIENTED_EDGE('',*,*,#1642,.F.);
#2209=ORIENTED_EDGE('',*,*,#1484,.F.);
#2210=ORIENTED_EDGE('',*,*,#1646,.T.);
#2211=ORIENTED_EDGE('',*,*,#1647,.T.);
#2212=ORIENTED_EDGE('',*,*,#1644,.F.);
#2213=ORIENTED_EDGE('',*,*,#1483,.T.);
#2214=ORIENTED_EDGE('',*,*,#1648,.T.);
#2215=ORIENTED_EDGE('',*,*,#1649,.T.);
#2216=ORIENTED_EDGE('',*,*,#1646,.F.);
#2217=ORIENTED_EDGE('',*,*,#1650,.T.);
#2218=ORIENTED_EDGE('',*,*,#1651,.T.);
#2219=ORIENTED_EDGE('',*,*,#1624,.F.);
#2220=ORIENTED_EDGE('',*,*,#1652,.T.);
#2221=ORIENTED_EDGE('',*,*,#1577,.T.);
#2222=ORIENTED_EDGE('',*,*,#1653,.T.);
#2223=ORIENTED_EDGE('',*,*,#1654,.F.);
#2224=ORIENTED_EDGE('',*,*,#1655,.T.);
#2225=ORIENTED_EDGE('',*,*,#1654,.T.);
#2226=ORIENTED_EDGE('',*,*,#1656,.T.);
#2227=ORIENTED_EDGE('',*,*,#1657,.F.);
#2228=ORIENTED_EDGE('',*,*,#1658,.T.);
#2229=ORIENTED_EDGE('',*,*,#1617,.F.);
#2230=ORIENTED_EDGE('',*,*,#1621,.F.);
#2231=ORIENTED_EDGE('',*,*,#1657,.T.);
#2232=ORIENTED_EDGE('',*,*,#1659,.T.);
#2233=ORIENTED_EDGE('',*,*,#1660,.F.);
#2234=ORIENTED_EDGE('',*,*,#1661,.T.);
#2235=ORIENTED_EDGE('',*,*,#1662,.F.);
#2236=ORIENTED_EDGE('',*,*,#1663,.F.);
#2237=ORIENTED_EDGE('',*,*,#1664,.T.);
#2238=ORIENTED_EDGE('',*,*,#1665,.T.);
#2239=ORIENTED_EDGE('',*,*,#1666,.F.);
#2240=ORIENTED_EDGE('',*,*,#1667,.F.);
#2241=ORIENTED_EDGE('',*,*,#1668,.T.);
#2242=ORIENTED_EDGE('',*,*,#1669,.T.);
#2243=ORIENTED_EDGE('',*,*,#1663,.T.);
#2244=ORIENTED_EDGE('',*,*,#1670,.F.);
#2245=ORIENTED_EDGE('',*,*,#1671,.T.);
#2246=ORIENTED_EDGE('',*,*,#1672,.T.);
#2247=ORIENTED_EDGE('',*,*,#1673,.T.);
#2248=ORIENTED_EDGE('',*,*,#1674,.F.);
#2249=ORIENTED_EDGE('',*,*,#1675,.F.);
#2250=ORIENTED_EDGE('',*,*,#1676,.T.);
#2251=ORIENTED_EDGE('',*,*,#1668,.F.);
#2252=ORIENTED_EDGE('',*,*,#1677,.F.);
#2253=ORIENTED_EDGE('',*,*,#1673,.F.);
#2254=ORIENTED_EDGE('',*,*,#1678,.T.);
#2255=ORIENTED_EDGE('',*,*,#1679,.F.);
#2256=ORIENTED_EDGE('',*,*,#1680,.F.);
#2257=ORIENTED_EDGE('',*,*,#1665,.F.);
#2258=ORIENTED_EDGE('',*,*,#1681,.T.);
#2259=ORIENTED_EDGE('',*,*,#1682,.T.);
#2260=ORIENTED_EDGE('',*,*,#1683,.F.);
#2261=ORIENTED_EDGE('',*,*,#1684,.F.);
#2262=ORIENTED_EDGE('',*,*,#1685,.T.);
#2263=ORIENTED_EDGE('',*,*,#1675,.T.);
#2264=ORIENTED_EDGE('',*,*,#1686,.F.);
#2265=ORIENTED_EDGE('',*,*,#1679,.T.);
#2266=ORIENTED_EDGE('',*,*,#1687,.T.);
#2267=ORIENTED_EDGE('',*,*,#1688,.F.);
#2268=ORIENTED_EDGE('',*,*,#1689,.F.);
#2269=ORIENTED_EDGE('',*,*,#1682,.F.);
#2270=ORIENTED_EDGE('',*,*,#1690,.T.);
#2271=ORIENTED_EDGE('',*,*,#1684,.T.);
#2272=ORIENTED_EDGE('',*,*,#1691,.F.);
#2273=ORIENTED_EDGE('',*,*,#1676,.F.);
#2274=ORIENTED_EDGE('',*,*,#1685,.F.);
#2275=ORIENTED_EDGE('',*,*,#1690,.F.);
#2276=ORIENTED_EDGE('',*,*,#1681,.F.);
#2277=ORIENTED_EDGE('',*,*,#1664,.F.);
#2278=ORIENTED_EDGE('',*,*,#1669,.F.);
#2279=ORIENTED_EDGE('',*,*,#1692,.F.);
#2280=ORIENTED_EDGE('',*,*,#1693,.F.);
#2281=ORIENTED_EDGE('',*,*,#1694,.F.);
#2282=ORIENTED_EDGE('',*,*,#1695,.T.);
#2283=ORIENTED_EDGE('',*,*,#1696,.T.);
#2284=ORIENTED_EDGE('',*,*,#1671,.F.);
#2285=ORIENTED_EDGE('',*,*,#1697,.F.);
#2286=ORIENTED_EDGE('',*,*,#1698,.T.);
#2287=ORIENTED_EDGE('',*,*,#1699,.T.);
#2288=ORIENTED_EDGE('',*,*,#1695,.F.);
#2289=ORIENTED_EDGE('',*,*,#1700,.F.);
#2290=ORIENTED_EDGE('',*,*,#1701,.F.);
#2291=ORIENTED_EDGE('',*,*,#1688,.T.);
#2292=ORIENTED_EDGE('',*,*,#1702,.T.);
#2293=ORIENTED_EDGE('',*,*,#1698,.F.);
#2294=ORIENTED_EDGE('',*,*,#1678,.F.);
#2295=ORIENTED_EDGE('',*,*,#1672,.F.);
#2296=ORIENTED_EDGE('',*,*,#1696,.F.);
#2297=ORIENTED_EDGE('',*,*,#1699,.F.);
#2298=ORIENTED_EDGE('',*,*,#1702,.F.);
#2299=ORIENTED_EDGE('',*,*,#1687,.F.);
#2300=ORIENTED_EDGE('',*,*,#1703,.F.);
#2301=ORIENTED_EDGE('',*,*,#1704,.F.);
#2302=ORIENTED_EDGE('',*,*,#1705,.F.);
#2303=ORIENTED_EDGE('',*,*,#1706,.T.);
#2304=ORIENTED_EDGE('',*,*,#1707,.F.);
#2305=ORIENTED_EDGE('',*,*,#1708,.F.);
#2306=ORIENTED_EDGE('',*,*,#1709,.F.);
#2307=ORIENTED_EDGE('',*,*,#1710,.F.);
#2308=ORIENTED_EDGE('',*,*,#1711,.T.);
#2309=ORIENTED_EDGE('',*,*,#1705,.T.);
#2310=ORIENTED_EDGE('',*,*,#1712,.F.);
#2311=ORIENTED_EDGE('',*,*,#1713,.T.);
#2312=ORIENTED_EDGE('',*,*,#1714,.T.);
#2313=ORIENTED_EDGE('',*,*,#1715,.F.);
#2314=ORIENTED_EDGE('',*,*,#1716,.F.);
#2315=ORIENTED_EDGE('',*,*,#1717,.F.);
#2316=ORIENTED_EDGE('',*,*,#1718,.T.);
#2317=ORIENTED_EDGE('',*,*,#1710,.T.);
#2318=ORIENTED_EDGE('',*,*,#1719,.F.);
#2319=ORIENTED_EDGE('',*,*,#1715,.T.);
#2320=ORIENTED_EDGE('',*,*,#1720,.T.);
#2321=ORIENTED_EDGE('',*,*,#1721,.F.);
#2322=ORIENTED_EDGE('',*,*,#1722,.F.);
#2323=ORIENTED_EDGE('',*,*,#1707,.T.);
#2324=ORIENTED_EDGE('',*,*,#1723,.T.);
#2325=ORIENTED_EDGE('',*,*,#1724,.T.);
#2326=ORIENTED_EDGE('',*,*,#1725,.F.);
#2327=ORIENTED_EDGE('',*,*,#1726,.F.);
#2328=ORIENTED_EDGE('',*,*,#1727,.T.);
#2329=ORIENTED_EDGE('',*,*,#1717,.T.);
#2330=ORIENTED_EDGE('',*,*,#1728,.F.);
#2331=ORIENTED_EDGE('',*,*,#1721,.T.);
#2332=ORIENTED_EDGE('',*,*,#1729,.T.);
#2333=ORIENTED_EDGE('',*,*,#1730,.F.);
#2334=ORIENTED_EDGE('',*,*,#1731,.F.);
#2335=ORIENTED_EDGE('',*,*,#1724,.F.);
#2336=ORIENTED_EDGE('',*,*,#1732,.T.);
#2337=ORIENTED_EDGE('',*,*,#1726,.T.);
#2338=ORIENTED_EDGE('',*,*,#1733,.F.);
#2339=ORIENTED_EDGE('',*,*,#1706,.F.);
#2340=ORIENTED_EDGE('',*,*,#1711,.F.);
#2341=ORIENTED_EDGE('',*,*,#1718,.F.);
#2342=ORIENTED_EDGE('',*,*,#1727,.F.);
#2343=ORIENTED_EDGE('',*,*,#1732,.F.);
#2344=ORIENTED_EDGE('',*,*,#1723,.F.);
#2345=ORIENTED_EDGE('',*,*,#1734,.F.);
#2346=ORIENTED_EDGE('',*,*,#1735,.F.);
#2347=ORIENTED_EDGE('',*,*,#1736,.T.);
#2348=ORIENTED_EDGE('',*,*,#1737,.T.);
#2349=ORIENTED_EDGE('',*,*,#1738,.T.);
#2350=ORIENTED_EDGE('',*,*,#1739,.F.);
#2351=ORIENTED_EDGE('',*,*,#1740,.F.);
#2352=ORIENTED_EDGE('',*,*,#1730,.T.);
#2353=ORIENTED_EDGE('',*,*,#1741,.T.);
#2354=ORIENTED_EDGE('',*,*,#1736,.F.);
#2355=ORIENTED_EDGE('',*,*,#1742,.F.);
#2356=ORIENTED_EDGE('',*,*,#1743,.F.);
#2357=ORIENTED_EDGE('',*,*,#1738,.F.);
#2358=ORIENTED_EDGE('',*,*,#1744,.T.);
#2359=ORIENTED_EDGE('',*,*,#1713,.F.);
#2360=ORIENTED_EDGE('',*,*,#1744,.F.);
#2361=ORIENTED_EDGE('',*,*,#1737,.F.);
#2362=ORIENTED_EDGE('',*,*,#1741,.F.);
#2363=ORIENTED_EDGE('',*,*,#1729,.F.);
#2364=ORIENTED_EDGE('',*,*,#1720,.F.);
#2365=ORIENTED_EDGE('',*,*,#1714,.F.);
#2366=ORIENTED_EDGE('',*,*,#1745,.F.);
#2367=ORIENTED_EDGE('',*,*,#1693,.T.);
#2368=ORIENTED_EDGE('',*,*,#1670,.T.);
#2369=ORIENTED_EDGE('',*,*,#1677,.T.);
#2370=ORIENTED_EDGE('',*,*,#1686,.T.);
#2371=ORIENTED_EDGE('',*,*,#1701,.T.);
#2372=ORIENTED_EDGE('',*,*,#1746,.F.);
#2373=ORIENTED_EDGE('',*,*,#1742,.T.);
#2374=ORIENTED_EDGE('',*,*,#1712,.T.);
#2375=ORIENTED_EDGE('',*,*,#1719,.T.);
#2376=ORIENTED_EDGE('',*,*,#1728,.T.);
#2377=ORIENTED_EDGE('',*,*,#1740,.T.);
#2378=ORIENTED_EDGE('',*,*,#1747,.F.);
#2379=ORIENTED_EDGE('',*,*,#1748,.F.);
#2380=ORIENTED_EDGE('',*,*,#1749,.T.);
#2381=ORIENTED_EDGE('',*,*,#1750,.F.);
#2382=ORIENTED_EDGE('',*,*,#1751,.F.);
#2383=ORIENTED_EDGE('',*,*,#1666,.T.);
#2384=ORIENTED_EDGE('',*,*,#1680,.T.);
#2385=ORIENTED_EDGE('',*,*,#1689,.T.);
#2386=ORIENTED_EDGE('',*,*,#1752,.T.);
#2387=ORIENTED_EDGE('',*,*,#1708,.T.);
#2388=ORIENTED_EDGE('',*,*,#1722,.T.);
#2389=ORIENTED_EDGE('',*,*,#1731,.T.);
#2390=ORIENTED_EDGE('',*,*,#1753,.T.);
#2391=ORIENTED_EDGE('',*,*,#1754,.T.);
#2392=ORIENTED_EDGE('',*,*,#1755,.T.);
#2393=ORIENTED_EDGE('',*,*,#1756,.T.);
#2394=ORIENTED_EDGE('',*,*,#1757,.T.);
#2395=ORIENTED_EDGE('',*,*,#1758,.F.);
#2396=ORIENTED_EDGE('',*,*,#1759,.F.);
#2397=ORIENTED_EDGE('',*,*,#1760,.F.);
#2398=ORIENTED_EDGE('',*,*,#1761,.T.);
#2399=ORIENTED_EDGE('',*,*,#1762,.F.);
#2400=ORIENTED_EDGE('',*,*,#1761,.F.);
#2401=ORIENTED_EDGE('',*,*,#1763,.F.);
#2402=ORIENTED_EDGE('',*,*,#1764,.T.);
#2403=ORIENTED_EDGE('',*,*,#1765,.F.);
#2404=ORIENTED_EDGE('',*,*,#1764,.F.);
#2405=ORIENTED_EDGE('',*,*,#1766,.F.);
#2406=ORIENTED_EDGE('',*,*,#1767,.T.);
#2407=ORIENTED_EDGE('',*,*,#1768,.F.);
#2408=ORIENTED_EDGE('',*,*,#1767,.F.);
#2409=ORIENTED_EDGE('',*,*,#1769,.F.);
#2410=ORIENTED_EDGE('',*,*,#1759,.T.);
#2411=ORIENTED_EDGE('',*,*,#1770,.F.);
#2412=ORIENTED_EDGE('',*,*,#1771,.F.);
#2413=ORIENTED_EDGE('',*,*,#1772,.F.);
#2414=ORIENTED_EDGE('',*,*,#1773,.T.);
#2415=ORIENTED_EDGE('',*,*,#1774,.F.);
#2416=ORIENTED_EDGE('',*,*,#1773,.F.);
#2417=ORIENTED_EDGE('',*,*,#1775,.F.);
#2418=ORIENTED_EDGE('',*,*,#1776,.T.);
#2419=ORIENTED_EDGE('',*,*,#1777,.F.);
#2420=ORIENTED_EDGE('',*,*,#1776,.F.);
#2421=ORIENTED_EDGE('',*,*,#1778,.F.);
#2422=ORIENTED_EDGE('',*,*,#1779,.T.);
#2423=ORIENTED_EDGE('',*,*,#1780,.F.);
#2424=ORIENTED_EDGE('',*,*,#1779,.F.);
#2425=ORIENTED_EDGE('',*,*,#1781,.F.);
#2426=ORIENTED_EDGE('',*,*,#1771,.T.);
#2427=ORIENTED_EDGE('',*,*,#1471,.F.);
#2428=ORIENTED_EDGE('',*,*,#1782,.T.);
#2429=ORIENTED_EDGE('',*,*,#1783,.F.);
#2430=ORIENTED_EDGE('',*,*,#1782,.F.);
#2431=ORIENTED_EDGE('',*,*,#1470,.F.);
#2432=ORIENTED_EDGE('',*,*,#1784,.T.);
#2433=ORIENTED_EDGE('',*,*,#1785,.F.);
#2434=ORIENTED_EDGE('',*,*,#1784,.F.);
#2435=ORIENTED_EDGE('',*,*,#1692,.T.);
#2436=ORIENTED_EDGE('',*,*,#1786,.T.);
#2437=ORIENTED_EDGE('',*,*,#1787,.F.);
#2438=ORIENTED_EDGE('',*,*,#1786,.F.);
#2439=ORIENTED_EDGE('',*,*,#1788,.F.);
#2440=ORIENTED_EDGE('',*,*,#1789,.T.);
#2441=ORIENTED_EDGE('',*,*,#1703,.T.);
#2442=ORIENTED_EDGE('',*,*,#1789,.F.);
#2443=ORIENTED_EDGE('',*,*,#1734,.T.);
#2444=ORIENTED_EDGE('',*,*,#1790,.T.);
#2445=ORIENTED_EDGE('',*,*,#1791,.F.);
#2446=ORIENTED_EDGE('',*,*,#1790,.F.);
#2447=ORIENTED_EDGE('',*,*,#1792,.F.);
#2448=ORIENTED_EDGE('',*,*,#1793,.T.);
#2449=ORIENTED_EDGE('',*,*,#1745,.T.);
#2450=ORIENTED_EDGE('',*,*,#1793,.F.);
#2451=ORIENTED_EDGE('',*,*,#1662,.T.);
#2452=ORIENTED_EDGE('',*,*,#1757,.F.);
#2453=ORIENTED_EDGE('',*,*,#1794,.F.);
#2454=ORIENTED_EDGE('',*,*,#1795,.F.);
#2455=ORIENTED_EDGE('',*,*,#1796,.F.);
#2456=ORIENTED_EDGE('',*,*,#1753,.F.);
#2457=ORIENTED_EDGE('',*,*,#1733,.T.);
#2458=ORIENTED_EDGE('',*,*,#1725,.T.);
#2459=ORIENTED_EDGE('',*,*,#1716,.T.);
#2460=ORIENTED_EDGE('',*,*,#1709,.T.);
#2461=ORIENTED_EDGE('',*,*,#1704,.T.);
#2462=ORIENTED_EDGE('',*,*,#1752,.F.);
#2463=ORIENTED_EDGE('',*,*,#1691,.T.);
#2464=ORIENTED_EDGE('',*,*,#1683,.T.);
#2465=ORIENTED_EDGE('',*,*,#1674,.T.);
#2466=ORIENTED_EDGE('',*,*,#1667,.T.);
#2467=ORIENTED_EDGE('',*,*,#1694,.T.);
#2468=ORIENTED_EDGE('',*,*,#1751,.T.);
#2469=ORIENTED_EDGE('',*,*,#1797,.T.);
#2470=ORIENTED_EDGE('',*,*,#1798,.T.);
#2471=ORIENTED_EDGE('',*,*,#1799,.T.);
#2472=ORIENTED_EDGE('',*,*,#1747,.T.);
#2473=ORIENTED_EDGE('',*,*,#1739,.T.);
#2474=ORIENTED_EDGE('',*,*,#1735,.T.);
#2475=ORIENTED_EDGE('',*,*,#1743,.T.);
#2476=ORIENTED_EDGE('',*,*,#1746,.T.);
#2477=ORIENTED_EDGE('',*,*,#1700,.T.);
#2478=ORIENTED_EDGE('',*,*,#1697,.T.);
#2479=ORIENTED_EDGE('',*,*,#1798,.F.);
#2480=ORIENTED_EDGE('',*,*,#1800,.F.);
#2481=ORIENTED_EDGE('',*,*,#1755,.F.);
#2482=ORIENTED_EDGE('',*,*,#1801,.F.);
#2483=ORIENTED_EDGE('',*,*,#1766,.T.);
#2484=ORIENTED_EDGE('',*,*,#1763,.T.);
#2485=ORIENTED_EDGE('',*,*,#1760,.T.);
#2486=ORIENTED_EDGE('',*,*,#1769,.T.);
#2487=ORIENTED_EDGE('',*,*,#1778,.T.);
#2488=ORIENTED_EDGE('',*,*,#1775,.T.);
#2489=ORIENTED_EDGE('',*,*,#1772,.T.);
#2490=ORIENTED_EDGE('',*,*,#1781,.T.);
#2491=ORIENTED_EDGE('',*,*,#1465,.F.);
#2492=ORIENTED_EDGE('',*,*,#1469,.F.);
#2493=ORIENTED_EDGE('',*,*,#1802,.T.);
#2494=ORIENTED_EDGE('',*,*,#1803,.F.);
#2495=ORIENTED_EDGE('',*,*,#1765,.T.);
#2496=ORIENTED_EDGE('',*,*,#1768,.T.);
#2497=ORIENTED_EDGE('',*,*,#1758,.T.);
#2498=ORIENTED_EDGE('',*,*,#1762,.T.);
#2499=ORIENTED_EDGE('',*,*,#1777,.T.);
#2500=ORIENTED_EDGE('',*,*,#1780,.T.);
#2501=ORIENTED_EDGE('',*,*,#1770,.T.);
#2502=ORIENTED_EDGE('',*,*,#1774,.T.);
#2503=ORIENTED_EDGE('',*,*,#1803,.T.);
#2504=ORIENTED_EDGE('',*,*,#1804,.T.);
#2505=ORIENTED_EDGE('',*,*,#1805,.T.);
#2506=ORIENTED_EDGE('',*,*,#1794,.T.);
#2507=ORIENTED_EDGE('',*,*,#1756,.F.);
#2508=ORIENTED_EDGE('',*,*,#1800,.T.);
#2509=ORIENTED_EDGE('',*,*,#1797,.F.);
#2510=ORIENTED_EDGE('',*,*,#1750,.T.);
#2511=ORIENTED_EDGE('',*,*,#1806,.T.);
#2512=ORIENTED_EDGE('',*,*,#1807,.T.);
#2513=ORIENTED_EDGE('',*,*,#1808,.T.);
#2514=ORIENTED_EDGE('',*,*,#1809,.T.);
#2515=ORIENTED_EDGE('',*,*,#1659,.F.);
#2516=ORIENTED_EDGE('',*,*,#1656,.F.);
#2517=ORIENTED_EDGE('',*,*,#1653,.F.);
#2518=ORIENTED_EDGE('',*,*,#1576,.F.);
#2519=ORIENTED_EDGE('',*,*,#1628,.T.);
#2520=ORIENTED_EDGE('',*,*,#1630,.F.);
#2521=ORIENTED_EDGE('',*,*,#1582,.T.);
#2522=ORIENTED_EDGE('',*,*,#1625,.F.);
#2523=ORIENTED_EDGE('',*,*,#1651,.F.);
#2524=ORIENTED_EDGE('',*,*,#1810,.F.);
#2525=ORIENTED_EDGE('',*,*,#1631,.F.);
#2526=ORIENTED_EDGE('',*,*,#1459,.F.);
#2527=ORIENTED_EDGE('',*,*,#1463,.F.);
#2528=ORIENTED_EDGE('',*,*,#1466,.F.);
#2529=ORIENTED_EDGE('',*,*,#1482,.F.);
#2530=ORIENTED_EDGE('',*,*,#1811,.T.);
#2531=ORIENTED_EDGE('',*,*,#1812,.T.);
#2532=ORIENTED_EDGE('',*,*,#1648,.F.);
#2533=ORIENTED_EDGE('',*,*,#1474,.T.);
#2534=ORIENTED_EDGE('',*,*,#1635,.T.);
#2535=ORIENTED_EDGE('',*,*,#1813,.F.);
#2536=ORIENTED_EDGE('',*,*,#1814,.F.);
#2537=ORIENTED_EDGE('',*,*,#1475,.T.);
#2538=ORIENTED_EDGE('',*,*,#1814,.T.);
#2539=ORIENTED_EDGE('',*,*,#1815,.F.);
#2540=ORIENTED_EDGE('',*,*,#1816,.F.);
#2541=ORIENTED_EDGE('',*,*,#1476,.T.);
#2542=ORIENTED_EDGE('',*,*,#1816,.T.);
#2543=ORIENTED_EDGE('',*,*,#1817,.F.);
#2544=ORIENTED_EDGE('',*,*,#1818,.F.);
#2545=ORIENTED_EDGE('',*,*,#1477,.T.);
#2546=ORIENTED_EDGE('',*,*,#1818,.T.);
#2547=ORIENTED_EDGE('',*,*,#1819,.F.);
#2548=ORIENTED_EDGE('',*,*,#1820,.F.);
#2549=ORIENTED_EDGE('',*,*,#1478,.T.);
#2550=ORIENTED_EDGE('',*,*,#1820,.T.);
#2551=ORIENTED_EDGE('',*,*,#1821,.F.);
#2552=ORIENTED_EDGE('',*,*,#1822,.F.);
#2553=ORIENTED_EDGE('',*,*,#1479,.T.);
#2554=ORIENTED_EDGE('',*,*,#1822,.T.);
#2555=ORIENTED_EDGE('',*,*,#1823,.F.);
#2556=ORIENTED_EDGE('',*,*,#1824,.F.);
#2557=ORIENTED_EDGE('',*,*,#1480,.T.);
#2558=ORIENTED_EDGE('',*,*,#1824,.T.);
#2559=ORIENTED_EDGE('',*,*,#1825,.F.);
#2560=ORIENTED_EDGE('',*,*,#1826,.F.);
#2561=ORIENTED_EDGE('',*,*,#1481,.F.);
#2562=ORIENTED_EDGE('',*,*,#1826,.T.);
#2563=ORIENTED_EDGE('',*,*,#1827,.F.);
#2564=ORIENTED_EDGE('',*,*,#1811,.F.);
#2565=ORIENTED_EDGE('',*,*,#1468,.F.);
#2566=ORIENTED_EDGE('',*,*,#1632,.T.);
#2567=ORIENTED_EDGE('',*,*,#1810,.T.);
#2568=ORIENTED_EDGE('',*,*,#1650,.F.);
#2569=ORIENTED_EDGE('',*,*,#1828,.F.);
#2570=ORIENTED_EDGE('',*,*,#1829,.T.);
#2571=ORIENTED_EDGE('',*,*,#1804,.F.);
#2572=ORIENTED_EDGE('',*,*,#1802,.F.);
#2573=ORIENTED_EDGE('',*,*,#1620,.F.);
#2574=ORIENTED_EDGE('',*,*,#1616,.F.);
#2575=ORIENTED_EDGE('',*,*,#1787,.T.);
#2576=ORIENTED_EDGE('',*,*,#1791,.T.);
#2577=ORIENTED_EDGE('',*,*,#1829,.F.);
#2578=ORIENTED_EDGE('',*,*,#1830,.F.);
#2579=ORIENTED_EDGE('',*,*,#1795,.T.);
#2580=ORIENTED_EDGE('',*,*,#1805,.F.);
#2581=ORIENTED_EDGE('',*,*,#1749,.F.);
#2582=ORIENTED_EDGE('',*,*,#1831,.F.);
#2583=ORIENTED_EDGE('',*,*,#1832,.T.);
#2584=ORIENTED_EDGE('',*,*,#1806,.F.);
#2585=ORIENTED_EDGE('',*,*,#1832,.F.);
#2586=ORIENTED_EDGE('',*,*,#1833,.F.);
#2587=ORIENTED_EDGE('',*,*,#1834,.T.);
#2588=ORIENTED_EDGE('',*,*,#1807,.F.);
#2589=ORIENTED_EDGE('',*,*,#1788,.T.);
#2590=ORIENTED_EDGE('',*,*,#1792,.T.);
#2591=ORIENTED_EDGE('',*,*,#1834,.F.);
#2592=ORIENTED_EDGE('',*,*,#1835,.F.);
#2593=ORIENTED_EDGE('',*,*,#1836,.T.);
#2594=ORIENTED_EDGE('',*,*,#1808,.F.);
#2595=ORIENTED_EDGE('',*,*,#1836,.F.);
#2596=ORIENTED_EDGE('',*,*,#1837,.T.);
#2597=ORIENTED_EDGE('',*,*,#1660,.T.);
#2598=ORIENTED_EDGE('',*,*,#1809,.F.);
#2599=ORIENTED_EDGE('',*,*,#1441,.T.);
#2600=ORIENTED_EDGE('',*,*,#1438,.T.);
#2601=ORIENTED_EDGE('',*,*,#1435,.T.);
#2602=ORIENTED_EDGE('',*,*,#1444,.T.);
#2603=ORIENTED_EDGE('',*,*,#1453,.T.);
#2604=ORIENTED_EDGE('',*,*,#1450,.T.);
#2605=ORIENTED_EDGE('',*,*,#1447,.T.);
#2606=ORIENTED_EDGE('',*,*,#1456,.T.);
#2607=ORIENTED_EDGE('',*,*,#1837,.F.);
#2608=ORIENTED_EDGE('',*,*,#1835,.T.);
#2609=ORIENTED_EDGE('',*,*,#1833,.T.);
#2610=ORIENTED_EDGE('',*,*,#1831,.T.);
#2611=ORIENTED_EDGE('',*,*,#1748,.T.);
#2612=ORIENTED_EDGE('',*,*,#1799,.F.);
#2613=ORIENTED_EDGE('',*,*,#1801,.T.);
#2614=ORIENTED_EDGE('',*,*,#1754,.F.);
#2615=ORIENTED_EDGE('',*,*,#1796,.T.);
#2616=ORIENTED_EDGE('',*,*,#1830,.T.);
#2617=ORIENTED_EDGE('',*,*,#1828,.T.);
#2618=ORIENTED_EDGE('',*,*,#1652,.F.);
#2619=ORIENTED_EDGE('',*,*,#1623,.F.);
#2620=ORIENTED_EDGE('',*,*,#1584,.T.);
#2621=ORIENTED_EDGE('',*,*,#1629,.F.);
#2622=ORIENTED_EDGE('',*,*,#1626,.T.);
#2623=ORIENTED_EDGE('',*,*,#1578,.F.);
#2624=ORIENTED_EDGE('',*,*,#1655,.F.);
#2625=ORIENTED_EDGE('',*,*,#1658,.F.);
#2626=ORIENTED_EDGE('',*,*,#1661,.F.);
#2627=ORIENTED_EDGE('',*,*,#1614,.F.);
#2628=ORIENTED_EDGE('',*,*,#1612,.F.);
#2629=ORIENTED_EDGE('',*,*,#1783,.T.);
#2630=ORIENTED_EDGE('',*,*,#1785,.T.);
#2631=ORIENTED_EDGE('',*,*,#1634,.F.);
#2632=ORIENTED_EDGE('',*,*,#1637,.F.);
#2633=ORIENTED_EDGE('',*,*,#1639,.F.);
#2634=ORIENTED_EDGE('',*,*,#1641,.F.);
#2635=ORIENTED_EDGE('',*,*,#1643,.F.);
#2636=ORIENTED_EDGE('',*,*,#1645,.F.);
#2637=ORIENTED_EDGE('',*,*,#1647,.F.);
#2638=ORIENTED_EDGE('',*,*,#1649,.F.);
#2639=ORIENTED_EDGE('',*,*,#1812,.F.);
#2640=ORIENTED_EDGE('',*,*,#1827,.T.);
#2641=ORIENTED_EDGE('',*,*,#1825,.T.);
#2642=ORIENTED_EDGE('',*,*,#1823,.T.);
#2643=ORIENTED_EDGE('',*,*,#1821,.T.);
#2644=ORIENTED_EDGE('',*,*,#1819,.T.);
#2645=ORIENTED_EDGE('',*,*,#1817,.T.);
#2646=ORIENTED_EDGE('',*,*,#1815,.T.);
#2647=ORIENTED_EDGE('',*,*,#1813,.T.);
#2648=PLANE('',#2924);
#2649=PLANE('',#2925);
#2650=PLANE('',#2926);
#2651=PLANE('',#2927);
#2652=PLANE('',#2928);
#2653=PLANE('',#2929);
#2654=PLANE('',#2930);
#2655=PLANE('',#2931);
#2656=PLANE('',#2932);
#2657=PLANE('',#2933);
#2658=PLANE('',#2934);
#2659=PLANE('',#2935);
#2660=PLANE('',#2940);
#2661=PLANE('',#2941);
#2662=PLANE('',#2942);
#2663=PLANE('',#2943);
#2664=PLANE('',#2944);
#2665=PLANE('',#2945);
#2666=PLANE('',#2946);
#2667=PLANE('',#2947);
#2668=PLANE('',#2948);
#2669=PLANE('',#2949);
#2670=PLANE('',#2951);
#2671=PLANE('',#2952);
#2672=PLANE('',#2953);
#2673=PLANE('',#2954);
#2674=PLANE('',#2956);
#2675=PLANE('',#2957);
#2676=PLANE('',#2958);
#2677=PLANE('',#2959);
#2678=PLANE('',#2960);
#2679=PLANE('',#2961);
#2680=PLANE('',#2962);
#2681=PLANE('',#2963);
#2682=PLANE('',#2964);
#2683=PLANE('',#2965);
#2684=PLANE('',#2967);
#2685=PLANE('',#2968);
#2686=PLANE('',#2969);
#2687=PLANE('',#2970);
#2688=PLANE('',#2972);
#2689=PLANE('',#2973);
#2690=PLANE('',#2974);
#2691=PLANE('',#2975);
#2692=PLANE('',#2976);
#2693=PLANE('',#2977);
#2694=PLANE('',#2978);
#2695=PLANE('',#2979);
#2696=PLANE('',#2980);
#2697=PLANE('',#2981);
#2698=PLANE('',#2994);
#2699=PLANE('',#2995);
#2700=PLANE('',#2996);
#2701=PLANE('',#2997);
#2702=PLANE('',#2998);
#2703=PLANE('',#2999);
#2704=PLANE('',#3000);
#2705=PLANE('',#3001);
#2706=PLANE('',#3002);
#2707=PLANE('',#3003);
#2708=PLANE('',#3004);
#2709=PLANE('',#3005);
#2710=PLANE('',#3006);
#2711=PLANE('',#3007);
#2712=PLANE('',#3008);
#2713=PLANE('',#3009);
#2714=PLANE('',#3010);
#2715=PLANE('',#3011);
#2716=PLANE('',#3012);
#2717=PLANE('',#3013);
#2718=PLANE('',#3014);
#2719=PLANE('',#3015);
#2720=PLANE('',#3016);
#2721=PLANE('',#3017);
#2722=PLANE('',#3018);
#2723=PLANE('',#3019);
#2724=PLANE('',#3021);
#2725=PLANE('',#3022);
#2726=PLANE('',#3023);
#2727=PLANE('',#3024);
#2728=PLANE('',#3026);
#2729=PLANE('',#3027);
#2730=PLANE('',#3028);
#2731=PLANE('',#3029);
#2732=PLANE('',#3030);
#2733=PLANE('',#3031);
#2734=PLANE('',#3032);
#2735=PLANE('',#3033);
#2736=PLANE('',#3034);
#2737=PLANE('',#3035);
#2738=PLANE('',#3037);
#2739=PLANE('',#3038);
#2740=PLANE('',#3039);
#2741=PLANE('',#3040);
#2742=PLANE('',#3042);
#2743=PLANE('',#3043);
#2744=PLANE('',#3044);
#2745=PLANE('',#3045);
#2746=PLANE('',#3046);
#2747=PLANE('',#3047);
#2748=PLANE('',#3048);
#2749=PLANE('',#3049);
#2750=PLANE('',#3050);
#2751=PLANE('',#3051);
#2752=PLANE('',#3064);
#2753=PLANE('',#3065);
#2754=PLANE('',#3066);
#2755=PLANE('',#3067);
#2756=PLANE('',#3068);
#2757=PLANE('',#3069);
#2758=PLANE('',#3070);
#2759=PLANE('',#3071);
#2760=PLANE('',#3072);
#2761=PLANE('',#3073);
#2762=PLANE('',#3074);
#2763=PLANE('',#3075);
#2764=PLANE('',#3076);
#2765=PLANE('',#3077);
#2766=PLANE('',#3078);
#2767=PLANE('',#3079);
#2768=PLANE('',#3080);
#2769=PLANE('',#3081);
#2770=PLANE('',#3082);
#2771=PLANE('',#3083);
#2772=PLANE('',#3084);
#2773=ADVANCED_FACE('',(#89),#2648,.F.);
#2774=ADVANCED_FACE('',(#90),#2649,.F.);
#2775=ADVANCED_FACE('',(#91),#2650,.F.);
#2776=ADVANCED_FACE('',(#92),#2651,.F.);
#2777=ADVANCED_FACE('',(#93),#2652,.F.);
#2778=ADVANCED_FACE('',(#94),#2653,.F.);
#2779=ADVANCED_FACE('',(#95),#2654,.F.);
#2780=ADVANCED_FACE('',(#96),#2655,.F.);
#2781=ADVANCED_FACE('',(#97),#2656,.T.);
#2782=ADVANCED_FACE('',(#98,#51,#52),#2657,.T.);
#2783=ADVANCED_FACE('',(#99),#2658,.T.);
#2784=ADVANCED_FACE('',(#100,#53,#54,#55,#56,#57),#2659,.T.);
#2785=ADVANCED_FACE('',(#101),#2660,.T.);
#2786=ADVANCED_FACE('',(#102),#2661,.T.);
#2787=ADVANCED_FACE('',(#103),#2662,.T.);
#2788=ADVANCED_FACE('',(#104),#2663,.T.);
#2789=ADVANCED_FACE('',(#105),#2664,.T.);
#2790=ADVANCED_FACE('',(#106),#2665,.T.);
#2791=ADVANCED_FACE('',(#107),#2666,.T.);
#2792=ADVANCED_FACE('',(#108),#2667,.T.);
#2793=ADVANCED_FACE('',(#109),#2668,.T.);
#2794=ADVANCED_FACE('',(#110,#58),#2669,.T.);
#2795=ADVANCED_FACE('',(#111),#2670,.T.);
#2796=ADVANCED_FACE('',(#112),#2671,.T.);
#2797=ADVANCED_FACE('',(#113),#2672,.T.);
#2798=ADVANCED_FACE('',(#114,#59),#2673,.T.);
#2799=ADVANCED_FACE('',(#115),#2674,.T.);
#2800=ADVANCED_FACE('',(#116),#2675,.T.);
#2801=ADVANCED_FACE('',(#117),#2676,.T.);
#2802=ADVANCED_FACE('',(#118),#2677,.T.);
#2803=ADVANCED_FACE('',(#119),#2678,.T.);
#2804=ADVANCED_FACE('',(#120),#2679,.T.);
#2805=ADVANCED_FACE('',(#121),#2680,.T.);
#2806=ADVANCED_FACE('',(#122),#2681,.T.);
#2807=ADVANCED_FACE('',(#123),#2682,.T.);
#2808=ADVANCED_FACE('',(#124,#60),#2683,.T.);
#2809=ADVANCED_FACE('',(#125),#2684,.T.);
#2810=ADVANCED_FACE('',(#126),#2685,.T.);
#2811=ADVANCED_FACE('',(#127),#2686,.T.);
#2812=ADVANCED_FACE('',(#128,#61),#2687,.T.);
#2813=ADVANCED_FACE('',(#129),#2688,.F.);
#2814=ADVANCED_FACE('',(#130),#2689,.F.);
#2815=ADVANCED_FACE('',(#131),#2690,.T.);
#2816=ADVANCED_FACE('',(#132),#2691,.T.);
#2817=ADVANCED_FACE('',(#133),#2692,.T.);
#2818=ADVANCED_FACE('',(#134),#2693,.T.);
#2819=ADVANCED_FACE('',(#135),#2694,.T.);
#2820=ADVANCED_FACE('',(#136),#2695,.T.);
#2821=ADVANCED_FACE('',(#137),#2696,.T.);
#2822=ADVANCED_FACE('',(#138),#2697,.T.);
#2823=ADVANCED_FACE('',(#139),#15,.F.);
#2824=ADVANCED_FACE('',(#140),#16,.F.);
#2825=ADVANCED_FACE('',(#141),#17,.F.);
#2826=ADVANCED_FACE('',(#142),#18,.F.);
#2827=ADVANCED_FACE('',(#143),#19,.F.);
#2828=ADVANCED_FACE('',(#144),#20,.F.);
#2829=ADVANCED_FACE('',(#145),#2698,.F.);
#2830=ADVANCED_FACE('',(#146),#2699,.F.);
#2831=ADVANCED_FACE('',(#147,#62,#63),#2700,.F.);
#2832=ADVANCED_FACE('',(#148,#64,#65),#2701,.F.);
#2833=ADVANCED_FACE('',(#149),#2702,.F.);
#2834=ADVANCED_FACE('',(#150),#2703,.F.);
#2835=ADVANCED_FACE('',(#151),#2704,.F.);
#2836=ADVANCED_FACE('',(#152),#2705,.F.);
#2837=ADVANCED_FACE('',(#153),#2706,.F.);
#2838=ADVANCED_FACE('',(#154),#2707,.F.);
#2839=ADVANCED_FACE('',(#155),#2708,.F.);
#2840=ADVANCED_FACE('',(#156),#2709,.F.);
#2841=ADVANCED_FACE('',(#157),#2710,.F.);
#2842=ADVANCED_FACE('',(#158),#2711,.F.);
#2843=ADVANCED_FACE('',(#159,#66,#67),#2712,.F.);
#2844=ADVANCED_FACE('',(#160),#2713,.F.);
#2845=ADVANCED_FACE('',(#161),#2714,.F.);
#2846=ADVANCED_FACE('',(#162),#2715,.F.);
#2847=ADVANCED_FACE('',(#163),#2716,.F.);
#2848=ADVANCED_FACE('',(#164),#2717,.F.);
#2849=ADVANCED_FACE('',(#165),#2718,.F.);
#2850=ADVANCED_FACE('',(#166),#2719,.F.);
#2851=ADVANCED_FACE('',(#167),#2720,.F.);
#2852=ADVANCED_FACE('',(#168),#2721,.F.);
#2853=ADVANCED_FACE('',(#169),#2722,.F.);
#2854=ADVANCED_FACE('',(#170,#68),#2723,.F.);
#2855=ADVANCED_FACE('',(#171),#2724,.F.);
#2856=ADVANCED_FACE('',(#172),#2725,.F.);
#2857=ADVANCED_FACE('',(#173),#2726,.F.);
#2858=ADVANCED_FACE('',(#174,#69),#2727,.F.);
#2859=ADVANCED_FACE('',(#175),#2728,.F.);
#2860=ADVANCED_FACE('',(#176),#2729,.F.);
#2861=ADVANCED_FACE('',(#177),#2730,.F.);
#2862=ADVANCED_FACE('',(#178),#2731,.F.);
#2863=ADVANCED_FACE('',(#179),#2732,.F.);
#2864=ADVANCED_FACE('',(#180),#2733,.F.);
#2865=ADVANCED_FACE('',(#181),#2734,.F.);
#2866=ADVANCED_FACE('',(#182),#2735,.F.);
#2867=ADVANCED_FACE('',(#183),#2736,.F.);
#2868=ADVANCED_FACE('',(#184,#70),#2737,.F.);
#2869=ADVANCED_FACE('',(#185),#2738,.F.);
#2870=ADVANCED_FACE('',(#186),#2739,.F.);
#2871=ADVANCED_FACE('',(#187),#2740,.F.);
#2872=ADVANCED_FACE('',(#188,#71),#2741,.F.);
#2873=ADVANCED_FACE('',(#189),#2742,.T.);
#2874=ADVANCED_FACE('',(#190),#2743,.T.);
#2875=ADVANCED_FACE('',(#191),#2744,.F.);
#2876=ADVANCED_FACE('',(#192),#2745,.F.);
#2877=ADVANCED_FACE('',(#193),#2746,.F.);
#2878=ADVANCED_FACE('',(#194),#2747,.F.);
#2879=ADVANCED_FACE('',(#195),#2748,.F.);
#2880=ADVANCED_FACE('',(#196),#2749,.F.);
#2881=ADVANCED_FACE('',(#197),#2750,.F.);
#2882=ADVANCED_FACE('',(#198),#2751,.F.);
#2883=ADVANCED_FACE('',(#199),#21,.F.);
#2884=ADVANCED_FACE('',(#200),#22,.F.);
#2885=ADVANCED_FACE('',(#201),#23,.F.);
#2886=ADVANCED_FACE('',(#202),#24,.F.);
#2887=ADVANCED_FACE('',(#203),#25,.F.);
#2888=ADVANCED_FACE('',(#204),#26,.F.);
#2889=ADVANCED_FACE('',(#205),#2752,.T.);
#2890=ADVANCED_FACE('',(#206),#2753,.T.);
#2891=ADVANCED_FACE('',(#207,#72,#73),#2754,.T.);
#2892=ADVANCED_FACE('',(#208,#74,#75),#2755,.T.);
#2893=ADVANCED_FACE('',(#209),#2756,.T.);
#2894=ADVANCED_FACE('',(#210),#2757,.T.);
#2895=ADVANCED_FACE('',(#211),#2758,.T.);
#2896=ADVANCED_FACE('',(#212),#2759,.T.);
#2897=ADVANCED_FACE('',(#213),#2760,.T.);
#2898=ADVANCED_FACE('',(#214),#2761,.T.);
#2899=ADVANCED_FACE('',(#215),#2762,.T.);
#2900=ADVANCED_FACE('',(#216),#2763,.T.);
#2901=ADVANCED_FACE('',(#217),#2764,.T.);
#2902=ADVANCED_FACE('',(#218),#2765,.T.);
#2903=ADVANCED_FACE('',(#219,#76,#77,#78,#79),#2766,.T.);
#2904=ADVANCED_FACE('',(#220),#2767,.T.);
#2905=ADVANCED_FACE('',(#221),#2768,.T.);
#2906=ADVANCED_FACE('',(#222,#80,#81),#2769,.T.);
#2907=ADVANCED_FACE('',(#223),#2770,.T.);
#2908=ADVANCED_FACE('',(#224,#82,#83),#2771,.T.);
#2909=ADVANCED_FACE('',(#225,#84,#85,#86,#87,#88),#2772,.T.);
#2910=CLOSED_SHELL('',(#2773,#2774,#2775,#2776,#2777,#2778,#2779,#2780,
#2781,#2782,#2783,#2784,#2785,#2786,#2787,#2788,#2789,#2790,#2791,#2792,
#2793,#2794,#2795,#2796,#2797,#2798,#2799,#2800,#2801,#2802,#2803,#2804,
#2805,#2806,#2807,#2808,#2809,#2810,#2811,#2812,#2813,#2814,#2815,#2816,
#2817,#2818,#2819,#2820,#2821,#2822,#2823,#2824,#2825,#2826,#2827,#2828,
#2829,#2830,#2831,#2832,#2833,#2834,#2835,#2836,#2837,#2838,#2839,#2840,
#2841,#2842,#2843,#2844,#2845,#2846,#2847,#2848,#2849,#2850,#2851,#2852,
#2853,#2854,#2855,#2856,#2857,#2858,#2859,#2860,#2861,#2862,#2863,#2864,
#2865,#2866,#2867,#2868,#2869,#2870,#2871,#2872,#2873,#2874,#2875,#2876,
#2877,#2878,#2879,#2880,#2881,#2882,#2883,#2884,#2885,#2886,#2887,#2888,
#2889,#2890,#2891,#2892,#2893,#2894,#2895,#2896,#2897,#2898,#2899,#2900,
#2901,#2902,#2903,#2904,#2905,#2906,#2907,#2908,#2909));
#2911=DERIVED_UNIT_ELEMENT(#2913,1.);
#2912=DERIVED_UNIT_ELEMENT(#4608,-3.);
#2913=(
MASS_UNIT()
NAMED_UNIT(*)
SI_UNIT(.KILO.,.GRAM.)
);
#2914=DERIVED_UNIT((#2911,#2912));
#2915=MEASURE_REPRESENTATION_ITEM('density measure',
POSITIVE_RATIO_MEASURE(7850.),#2914);
#2916=PROPERTY_DEFINITION_REPRESENTATION(#2921,#2918);
#2917=PROPERTY_DEFINITION_REPRESENTATION(#2922,#2919);
#2918=REPRESENTATION('material name',(#2920),#4605);
#2919=REPRESENTATION('density',(#2915),#4605);
#2920=DESCRIPTIVE_REPRESENTATION_ITEM('Steel','Steel');
#2921=PROPERTY_DEFINITION('material property','material name',#4615);
#2922=PROPERTY_DEFINITION('material property','density of part',#4615);
#2923=AXIS2_PLACEMENT_3D('',#3790,#3085,#3086);
#2924=AXIS2_PLACEMENT_3D('',#3791,#3087,#3088);
#2925=AXIS2_PLACEMENT_3D('',#3800,#3093,#3094);
#2926=AXIS2_PLACEMENT_3D('',#3806,#3098,#3099);
#2927=AXIS2_PLACEMENT_3D('',#3812,#3103,#3104);
#2928=AXIS2_PLACEMENT_3D('',#3815,#3107,#3108);
#2929=AXIS2_PLACEMENT_3D('',#3824,#3113,#3114);
#2930=AXIS2_PLACEMENT_3D('',#3830,#3118,#3119);
#2931=AXIS2_PLACEMENT_3D('',#3836,#3123,#3124);
#2932=AXIS2_PLACEMENT_3D('',#3839,#3127,#3128);
#2933=AXIS2_PLACEMENT_3D('',#3848,#3133,#3134);
#2934=AXIS2_PLACEMENT_3D('',#3854,#3138,#3139);
#2935=AXIS2_PLACEMENT_3D('',#3860,#3143,#3144);
#2936=AXIS2_PLACEMENT_3D('',#3867,#3148,#3149);
#2937=AXIS2_PLACEMENT_3D('',#3869,#3150,#3151);
#2938=AXIS2_PLACEMENT_3D('',#3871,#3152,#3153);
#2939=AXIS2_PLACEMENT_3D('',#3873,#3154,#3155);
#2940=AXIS2_PLACEMENT_3D('',#3908,#3173,#3174);
#2941=AXIS2_PLACEMENT_3D('',#3919,#3180,#3181);
#2942=AXIS2_PLACEMENT_3D('',#3925,#3185,#3186);
#2943=AXIS2_PLACEMENT_3D('',#3934,#3191,#3192);
#2944=AXIS2_PLACEMENT_3D('',#3940,#3196,#3197);
#2945=AXIS2_PLACEMENT_3D('',#3946,#3201,#3202);
#2946=AXIS2_PLACEMENT_3D('',#3952,#3206,#3207);
#2947=AXIS2_PLACEMENT_3D('',#3958,#3211,#3212);
#2948=AXIS2_PLACEMENT_3D('',#3964,#3216,#3217);
#2949=AXIS2_PLACEMENT_3D('',#3969,#3221,#3222);
#2950=AXIS2_PLACEMENT_3D('',#3971,#3223,#3224);
#2951=AXIS2_PLACEMENT_3D('',#3972,#3225,#3226);
#2952=AXIS2_PLACEMENT_3D('',#3980,#3231,#3232);
#2953=AXIS2_PLACEMENT_3D('',#3986,#3236,#3237);
#2954=AXIS2_PLACEMENT_3D('',#3991,#3241,#3242);
#2955=AXIS2_PLACEMENT_3D('',#3993,#3243,#3244);
#2956=AXIS2_PLACEMENT_3D('',#3994,#3245,#3246);
#2957=AXIS2_PLACEMENT_3D('',#4005,#3252,#3253);
#2958=AXIS2_PLACEMENT_3D('',#4011,#3257,#3258);
#2959=AXIS2_PLACEMENT_3D('',#4020,#3263,#3264);
#2960=AXIS2_PLACEMENT_3D('',#4026,#3268,#3269);
#2961=AXIS2_PLACEMENT_3D('',#4032,#3273,#3274);
#2962=AXIS2_PLACEMENT_3D('',#4038,#3278,#3279);
#2963=AXIS2_PLACEMENT_3D('',#4044,#3283,#3284);
#2964=AXIS2_PLACEMENT_3D('',#4050,#3288,#3289);
#2965=AXIS2_PLACEMENT_3D('',#4055,#3293,#3294);
#2966=AXIS2_PLACEMENT_3D('',#4057,#3295,#3296);
#2967=AXIS2_PLACEMENT_3D('',#4058,#3297,#3298);
#2968=AXIS2_PLACEMENT_3D('',#4067,#3303,#3304);
#2969=AXIS2_PLACEMENT_3D('',#4072,#3308,#3309);
#2970=AXIS2_PLACEMENT_3D('',#4077,#3313,#3314);
#2971=AXIS2_PLACEMENT_3D('',#4079,#3315,#3316);
#2972=AXIS2_PLACEMENT_3D('',#4080,#3317,#3318);
#2973=AXIS2_PLACEMENT_3D('',#4091,#3325,#3326);
#2974=AXIS2_PLACEMENT_3D('',#4102,#3333,#3334);
#2975=AXIS2_PLACEMENT_3D('',#4111,#3339,#3340);
#2976=AXIS2_PLACEMENT_3D('',#4117,#3344,#3345);
#2977=AXIS2_PLACEMENT_3D('',#4123,#3349,#3350);
#2978=AXIS2_PLACEMENT_3D('',#4126,#3353,#3354);
#2979=AXIS2_PLACEMENT_3D('',#4135,#3359,#3360);
#2980=AXIS2_PLACEMENT_3D('',#4141,#3364,#3365);
#2981=AXIS2_PLACEMENT_3D('',#4147,#3369,#3370);
#2982=AXIS2_PLACEMENT_3D('',#4150,#3373,#3374);
#2983=AXIS2_PLACEMENT_3D('',#4153,#3376,#3377);
#2984=AXIS2_PLACEMENT_3D('',#4154,#3378,#3379);
#2985=AXIS2_PLACEMENT_3D('',#4157,#3381,#3382);
#2986=AXIS2_PLACEMENT_3D('',#4158,#3383,#3384);
#2987=AXIS2_PLACEMENT_3D('',#4161,#3386,#3387);
#2988=AXIS2_PLACEMENT_3D('',#4162,#3388,#3389);
#2989=AXIS2_PLACEMENT_3D('',#4164,#3390,#3391);
#2990=AXIS2_PLACEMENT_3D('',#4166,#3393,#3394);
#2991=AXIS2_PLACEMENT_3D('',#4169,#3396,#3397);
#2992=AXIS2_PLACEMENT_3D('',#4170,#3398,#3399);
#2993=AXIS2_PLACEMENT_3D('',#4172,#3400,#3401);
#2994=AXIS2_PLACEMENT_3D('',#4174,#3403,#3404);
#2995=AXIS2_PLACEMENT_3D('',#4180,#3408,#3409);
#2996=AXIS2_PLACEMENT_3D('',#4186,#3413,#3414);
#2997=AXIS2_PLACEMENT_3D('',#4189,#3417,#3418);
#2998=AXIS2_PLACEMENT_3D('',#4193,#3421,#3422);
#2999=AXIS2_PLACEMENT_3D('',#4199,#3426,#3427);
#3000=AXIS2_PLACEMENT_3D('',#4203,#3430,#3431);
#3001=AXIS2_PLACEMENT_3D('',#4207,#3434,#3435);
#3002=AXIS2_PLACEMENT_3D('',#4211,#3438,#3439);
#3003=AXIS2_PLACEMENT_3D('',#4215,#3442,#3443);
#3004=AXIS2_PLACEMENT_3D('',#4219,#3446,#3447);
#3005=AXIS2_PLACEMENT_3D('',#4223,#3450,#3451);
#3006=AXIS2_PLACEMENT_3D('',#4227,#3454,#3455);
#3007=AXIS2_PLACEMENT_3D('',#4233,#3459,#3460);
#3008=AXIS2_PLACEMENT_3D('',#4239,#3464,#3465);
#3009=AXIS2_PLACEMENT_3D('',#4245,#3469,#3470);
#3010=AXIS2_PLACEMENT_3D('',#4251,#3474,#3475);
#3011=AXIS2_PLACEMENT_3D('',#4262,#3481,#3482);
#3012=AXIS2_PLACEMENT_3D('',#4268,#3486,#3487);
#3013=AXIS2_PLACEMENT_3D('',#4277,#3492,#3493);
#3014=AXIS2_PLACEMENT_3D('',#4283,#3497,#3498);
#3015=AXIS2_PLACEMENT_3D('',#4289,#3502,#3503);
#3016=AXIS2_PLACEMENT_3D('',#4295,#3507,#3508);
#3017=AXIS2_PLACEMENT_3D('',#4301,#3512,#3513);
#3018=AXIS2_PLACEMENT_3D('',#4307,#3517,#3518);
#3019=AXIS2_PLACEMENT_3D('',#4312,#3522,#3523);
#3020=AXIS2_PLACEMENT_3D('',#4314,#3524,#3525);
#3021=AXIS2_PLACEMENT_3D('',#4315,#3526,#3527);
#3022=AXIS2_PLACEMENT_3D('',#4323,#3532,#3533);
#3023=AXIS2_PLACEMENT_3D('',#4329,#3537,#3538);
#3024=AXIS2_PLACEMENT_3D('',#4334,#3542,#3543);
#3025=AXIS2_PLACEMENT_3D('',#4336,#3544,#3545);
#3026=AXIS2_PLACEMENT_3D('',#4337,#3546,#3547);
#3027=AXIS2_PLACEMENT_3D('',#4348,#3553,#3554);
#3028=AXIS2_PLACEMENT_3D('',#4354,#3558,#3559);
#3029=AXIS2_PLACEMENT_3D('',#4363,#3564,#3565);
#3030=AXIS2_PLACEMENT_3D('',#4369,#3569,#3570);
#3031=AXIS2_PLACEMENT_3D('',#4375,#3574,#3575);
#3032=AXIS2_PLACEMENT_3D('',#4381,#3579,#3580);
#3033=AXIS2_PLACEMENT_3D('',#4387,#3584,#3585);
#3034=AXIS2_PLACEMENT_3D('',#4393,#3589,#3590);
#3035=AXIS2_PLACEMENT_3D('',#4398,#3594,#3595);
#3036=AXIS2_PLACEMENT_3D('',#4400,#3596,#3597);
#3037=AXIS2_PLACEMENT_3D('',#4401,#3598,#3599);
#3038=AXIS2_PLACEMENT_3D('',#4410,#3604,#3605);
#3039=AXIS2_PLACEMENT_3D('',#4415,#3609,#3610);
#3040=AXIS2_PLACEMENT_3D('',#4420,#3614,#3615);
#3041=AXIS2_PLACEMENT_3D('',#4422,#3616,#3617);
#3042=AXIS2_PLACEMENT_3D('',#4423,#3618,#3619);
#3043=AXIS2_PLACEMENT_3D('',#4434,#3626,#3627);
#3044=AXIS2_PLACEMENT_3D('',#4445,#3634,#3635);
#3045=AXIS2_PLACEMENT_3D('',#4454,#3640,#3641);
#3046=AXIS2_PLACEMENT_3D('',#4460,#3645,#3646);
#3047=AXIS2_PLACEMENT_3D('',#4466,#3650,#3651);
#3048=AXIS2_PLACEMENT_3D('',#4469,#3654,#3655);
#3049=AXIS2_PLACEMENT_3D('',#4478,#3660,#3661);
#3050=AXIS2_PLACEMENT_3D('',#4484,#3665,#3666);
#3051=AXIS2_PLACEMENT_3D('',#4490,#3670,#3671);
#3052=AXIS2_PLACEMENT_3D('',#4493,#3674,#3675);
#3053=AXIS2_PLACEMENT_3D('',#4496,#3677,#3678);
#3054=AXIS2_PLACEMENT_3D('',#4497,#3679,#3680);
#3055=AXIS2_PLACEMENT_3D('',#4500,#3682,#3683);
#3056=AXIS2_PLACEMENT_3D('',#4501,#3684,#3685);
#3057=AXIS2_PLACEMENT_3D('',#4504,#3687,#3688);
#3058=AXIS2_PLACEMENT_3D('',#4505,#3689,#3690);
#3059=AXIS2_PLACEMENT_3D('',#4507,#3691,#3692);
#3060=AXIS2_PLACEMENT_3D('',#4509,#3694,#3695);
#3061=AXIS2_PLACEMENT_3D('',#4512,#3697,#3698);
#3062=AXIS2_PLACEMENT_3D('',#4513,#3699,#3700);
#3063=AXIS2_PLACEMENT_3D('',#4515,#3701,#3702);
#3064=AXIS2_PLACEMENT_3D('',#4517,#3704,#3705);
#3065=AXIS2_PLACEMENT_3D('',#4523,#3709,#3710);
#3066=AXIS2_PLACEMENT_3D('',#4529,#3714,#3715);
#3067=AXIS2_PLACEMENT_3D('',#4532,#3718,#3719);
#3068=AXIS2_PLACEMENT_3D('',#4536,#3722,#3723);
#3069=AXIS2_PLACEMENT_3D('',#4548,#3731,#3732);
#3070=AXIS2_PLACEMENT_3D('',#4552,#3735,#3736);
#3071=AXIS2_PLACEMENT_3D('',#4556,#3739,#3740);
#3072=AXIS2_PLACEMENT_3D('',#4560,#3743,#3744);
#3073=AXIS2_PLACEMENT_3D('',#4564,#3747,#3748);
#3074=AXIS2_PLACEMENT_3D('',#4568,#3751,#3752);
#3075=AXIS2_PLACEMENT_3D('',#4572,#3755,#3756);
#3076=AXIS2_PLACEMENT_3D('',#4576,#3759,#3760);
#3077=AXIS2_PLACEMENT_3D('',#4580,#3763,#3764);
#3078=AXIS2_PLACEMENT_3D('',#4582,#3766,#3767);
#3079=AXIS2_PLACEMENT_3D('',#4586,#3770,#3771);
#3080=AXIS2_PLACEMENT_3D('',#4588,#3773,#3774);
#3081=AXIS2_PLACEMENT_3D('',#4592,#3777,#3778);
#3082=AXIS2_PLACEMENT_3D('',#4596,#3781,#3782);
#3083=AXIS2_PLACEMENT_3D('',#4600,#3785,#3786);
#3084=AXIS2_PLACEMENT_3D('',#4602,#3788,#3789);
#3085=DIRECTION('axis',(0.,0.,1.));
#3086=DIRECTION('refdir',(1.,0.,0.));
#3087=DIRECTION('center_axis',(0.,-3.41607084500048E-16,1.));
#3088=DIRECTION('ref_axis',(0.,1.,3.41607084500048E-16));
#3089=DIRECTION('',(-1.1316630794656E-30,-1.,-3.41607084500048E-16));
#3090=DIRECTION('',(-1.,0.,0.));
#3091=DIRECTION('',(0.,1.,3.41607084500048E-16));
#3092=DIRECTION('',(-1.,0.,0.));
#3093=DIRECTION('center_axis',(0.,-0.866025403784439,0.5));
#3094=DIRECTION('ref_axis',(0.,0.5,0.866025403784439));
#3095=DIRECTION('',(-2.8689363301012E-15,-0.5,-0.866025403784439));
#3096=DIRECTION('',(0.,0.5,0.866025403784439));
#3097=DIRECTION('',(-1.,0.,0.));
#3098=DIRECTION('center_axis',(0.,-0.866025403784438,-0.5));
#3099=DIRECTION('ref_axis',(0.,-0.5,0.866025403784438));
#3100=DIRECTION('',(-2.8689363301012E-15,0.5,-0.866025403784438));
#3101=DIRECTION('',(0.,-0.5,0.866025403784438));
#3102=DIRECTION('',(-1.,0.,0.));
#3103=DIRECTION('center_axis',(0.,0.866025403784438,-0.500000000000001));
#3104=DIRECTION('ref_axis',(0.,-0.500000000000001,-0.866025403784438));
#3105=DIRECTION('',(2.8689363301012E-15,0.500000000000001,0.866025403784438));
#3106=DIRECTION('',(0.,-0.500000000000001,-0.866025403784438));
#3107=DIRECTION('center_axis',(0.,0.866025403784438,0.5));
#3108=DIRECTION('ref_axis',(0.,0.5,-0.866025403784438));
#3109=DIRECTION('',(2.8689363301012E-15,-0.5,0.866025403784438));
#3110=DIRECTION('',(-1.,0.,0.));
#3111=DIRECTION('',(0.,0.5,-0.866025403784438));
#3112=DIRECTION('',(-1.,0.,0.));
#3113=DIRECTION('center_axis',(0.,-0.866025403784439,0.499999999999999));
#3114=DIRECTION('ref_axis',(0.,0.499999999999999,0.866025403784439));
#3115=DIRECTION('',(-2.8689363301012E-15,-0.499999999999999,-0.866025403784439));
#3116=DIRECTION('',(0.,0.499999999999999,0.866025403784439));
#3117=DIRECTION('',(-1.,0.,0.));
#3118=DIRECTION('center_axis',(0.,3.41607084500048E-16,-1.));
#3119=DIRECTION('ref_axis',(0.,-1.,-3.41607084500048E-16));
#3120=DIRECTION('',(1.1316630794656E-30,1.,3.41607084500048E-16));
#3121=DIRECTION('',(0.,-1.,-3.41607084500048E-16));
#3122=DIRECTION('',(-1.,0.,0.));
#3123=DIRECTION('center_axis',(0.,0.866025403784439,-0.5));
#3124=DIRECTION('ref_axis',(0.,-0.5,-0.866025403784439));
#3125=DIRECTION('',(2.8689363301012E-15,0.5,0.866025403784439));
#3126=DIRECTION('',(0.,-0.5,-0.866025403784439));
#3127=DIRECTION('center_axis',(-0.707106775062151,0.,0.707106787310944));
#3128=DIRECTION('ref_axis',(0.707106787310944,0.,0.707106775062151));
#3129=DIRECTION('',(-0.707106787310944,0.,-0.707106775062151));
#3130=DIRECTION('',(0.,1.,0.));
#3131=DIRECTION('',(-0.707106787310944,0.,-0.707106775062151));
#3132=DIRECTION('',(0.,-1.,0.));
#3133=DIRECTION('center_axis',(-1.,0.,3.31276232494365E-15));
#3134=DIRECTION('ref_axis',(3.31276232494365E-15,0.,1.));
#3135=DIRECTION('',(-3.31276232494365E-15,0.,-1.));
#3136=DIRECTION('',(0.,-1.,0.));
#3137=DIRECTION('',(3.31276232494365E-15,0.,-1.));
#3138=DIRECTION('center_axis',(-0.707106775062125,0.,-0.70710678731097));
#3139=DIRECTION('ref_axis',(-0.70710678731097,0.,0.707106775062125));
#3140=DIRECTION('',(0.70710678731097,0.,-0.707106775062125));
#3141=DIRECTION('',(0.,1.,0.));
#3142=DIRECTION('',(0.70710678731097,0.,-0.707106775062125));
#3143=DIRECTION('center_axis',(0.,1.,0.));
#3144=DIRECTION('ref_axis',(1.,0.,0.));
#3145=DIRECTION('',(1.,0.,-1.73226023555294E-8));
#3146=DIRECTION('',(0.,0.,1.));
#3147=DIRECTION('',(1.,0.,1.73226023555294E-8));
#3148=DIRECTION('center_axis',(0.,-1.,0.));
#3149=DIRECTION('ref_axis',(-1.,0.,0.));
#3150=DIRECTION('center_axis',(0.,-1.,0.));
#3151=DIRECTION('ref_axis',(-1.,0.,0.));
#3152=DIRECTION('center_axis',(0.,1.,0.));
#3153=DIRECTION('ref_axis',(-1.,0.,0.));
#3154=DIRECTION('center_axis',(0.,1.,0.));
#3155=DIRECTION('ref_axis',(-1.,0.,0.));
#3156=DIRECTION('',(-1.73226000059928E-7,0.,-0.999999999999985));
#3157=DIRECTION('',(0.999999999999985,0.,-1.73225981899117E-7));
#3158=DIRECTION('',(-1.73231561856574E-7,0.,-0.999999999999985));
#3159=DIRECTION('',(0.999999999999985,0.,-1.73231562026816E-7));
#3160=DIRECTION('',(1.73226037275916E-7,0.,0.999999999999985));
#3161=DIRECTION('',(0.999999999999985,0.,-1.73226038234059E-7));
#3162=DIRECTION('',(0.694797267740912,0.,-0.719205642872582));
#3163=DIRECTION('',(-1.,0.,0.));
#3164=DIRECTION('',(0.,0.,-1.));
#3165=DIRECTION('',(-1.,0.,0.));
#3166=DIRECTION('',(0.694797267740912,0.,0.719205642872582));
#3167=DIRECTION('',(0.999999999999985,0.,1.73226038234059E-7));
#3168=DIRECTION('',(1.73226037275916E-7,0.,-0.999999999999985));
#3169=DIRECTION('',(0.999999999999985,0.,1.73231562026816E-7));
#3170=DIRECTION('',(-1.73231561856574E-7,0.,0.999999999999985));
#3171=DIRECTION('',(0.999999999999985,0.,1.73225981899117E-7));
#3172=DIRECTION('',(-1.73226000059928E-7,0.,0.999999999999985));
#3173=DIRECTION('center_axis',(0.,-0.866025403784437,-0.500000000000004));
#3174=DIRECTION('ref_axis',(0.,0.500000000000004,-0.866025403784437));
#3175=DIRECTION('',(0.,-0.500000000000004,0.866025403784437));
#3176=DIRECTION('',(0.654653670707976,-0.37796447300923,0.654653670707976));
#3177=DIRECTION('',(1.,0.,0.));
#3178=DIRECTION('',(0.,-0.500000000000004,0.866025403784437));
#3179=DIRECTION('',(1.,0.,0.));
#3180=DIRECTION('center_axis',(0.,-0.866025403784439,0.499999999999999));
#3181=DIRECTION('ref_axis',(0.,-0.499999999999999,-0.866025403784439));
#3182=DIRECTION('',(0.,0.499999999999999,0.866025403784439));
#3183=DIRECTION('',(0.,0.499999999999999,0.866025403784439));
#3184=DIRECTION('',(-1.,0.,0.));
#3185=DIRECTION('center_axis',(0.,-0.866025403784439,0.499999999999999));
#3186=DIRECTION('ref_axis',(0.,-0.499999999999999,-0.866025403784439));
#3187=DIRECTION('',(0.,-0.499999999999999,-0.866025403784439));
#3188=DIRECTION('',(-1.,0.,0.));
#3189=DIRECTION('',(0.,-0.499999999999999,-0.866025403784439));
#3190=DIRECTION('',(1.,0.,0.));
#3191=DIRECTION('center_axis',(0.,-1.39851831736986E-15,1.));
#3192=DIRECTION('ref_axis',(0.,-1.,-1.39851831736986E-15));
#3193=DIRECTION('',(0.,1.,1.39851831736986E-15));
#3194=DIRECTION('',(0.,1.,1.39851831736986E-15));
#3195=DIRECTION('',(1.,0.,0.));
#3196=DIRECTION('center_axis',(0.,-1.39851831736986E-15,1.));
#3197=DIRECTION('ref_axis',(0.,-1.,-1.39851831736986E-15));
#3198=DIRECTION('',(0.,-1.,-1.39851831736986E-15));
#3199=DIRECTION('',(1.,0.,0.));
#3200=DIRECTION('',(0.,-1.,-1.39851831736986E-15));
#3201=DIRECTION('center_axis',(0.,2.09777747605479E-15,-1.));
#3202=DIRECTION('ref_axis',(0.,1.,2.09777747605479E-15));
#3203=DIRECTION('',(-2.09777747605479E-15,-1.,-2.09777747605479E-15));
#3204=DIRECTION('',(1.,0.,0.));
#3205=DIRECTION('',(0.,-1.,-2.09777747605479E-15));
#3206=DIRECTION('center_axis',(0.,0.866025403784438,0.500000000000002));
#3207=DIRECTION('ref_axis',(0.,-0.500000000000002,0.866025403784438));
#3208=DIRECTION('',(0.,0.500000000000002,-0.866025403784438));
#3209=DIRECTION('',(0.,0.500000000000002,-0.866025403784438));
#3210=DIRECTION('',(1.,0.,0.));
#3211=DIRECTION('center_axis',(0.,0.866025403784438,0.500000000000002));
#3212=DIRECTION('ref_axis',(0.,-0.500000000000002,0.866025403784438));
#3213=DIRECTION('',(0.,-0.500000000000002,0.866025403784438));
#3214=DIRECTION('',(1.,0.,0.));
#3215=DIRECTION('',(0.,-0.500000000000002,0.866025403784438));
#3216=DIRECTION('center_axis',(0.,0.86602540378444,-0.499999999999998));
#3217=DIRECTION('ref_axis',(0.,0.499999999999998,0.86602540378444));
#3218=DIRECTION('',(-0.654653670707977,-0.377964473009226,-0.654653670707978));
#3219=DIRECTION('',(0.,-0.499999999999998,-0.86602540378444));
#3220=DIRECTION('',(0.,-0.499999999999998,-0.86602540378444));
#3221=DIRECTION('center_axis',(1.,0.,0.));
#3222=DIRECTION('ref_axis',(0.,0.,-1.));
#3223=DIRECTION('center_axis',(-1.,0.,0.));
#3224=DIRECTION('ref_axis',(0.,1.,0.));
#3225=DIRECTION('center_axis',(0.,-0.866025403784437,-0.500000000000004));
#3226=DIRECTION('ref_axis',(0.,0.500000000000004,-0.866025403784437));
#3227=DIRECTION('',(0.,0.500000000000004,-0.866025403784437));
#3228=DIRECTION('',(0.,0.500000000000004,-0.866025403784437));
#3229=DIRECTION('',(1.,0.,0.));
#3230=DIRECTION('',(0.654653670707977,0.37796447300923,-0.654653670707976));
#3231=DIRECTION('center_axis',(0.,2.09777747605479E-15,-1.));
#3232=DIRECTION('ref_axis',(0.,1.,2.09777747605479E-15));
#3233=DIRECTION('',(-2.0977774760548E-15,1.,2.09777747605479E-15));
#3234=DIRECTION('',(0.,1.,2.09777747605479E-15));
#3235=DIRECTION('',(1.,0.,0.));
#3236=DIRECTION('center_axis',(0.,0.86602540378444,-0.499999999999998));
#3237=DIRECTION('ref_axis',(0.,0.499999999999998,0.86602540378444));
#3238=DIRECTION('',(-0.654653670707978,0.377964473009225,0.654653670707977));
#3239=DIRECTION('',(0.,0.499999999999998,0.86602540378444));
#3240=DIRECTION('',(0.,0.499999999999998,0.86602540378444));
#3241=DIRECTION('center_axis',(-1.,0.,0.));
#3242=DIRECTION('ref_axis',(0.,0.,1.));
#3243=DIRECTION('center_axis',(1.,0.,0.));
#3244=DIRECTION('ref_axis',(0.,1.,0.));
#3245=DIRECTION('center_axis',(0.,-0.866025403784438,-0.500000000000001));
#3246=DIRECTION('ref_axis',(0.,0.500000000000001,-0.866025403784438));
#3247=DIRECTION('',(0.,-0.500000000000001,0.866025403784438));
#3248=DIRECTION('',(0.654653670707977,-0.377964473009229,0.654653670707977));
#3249=DIRECTION('',(-1.,0.,0.));
#3250=DIRECTION('',(0.,-0.500000000000001,0.866025403784438));
#3251=DIRECTION('',(1.,0.,0.));
#3252=DIRECTION('center_axis',(0.,-0.866025403784439,0.499999999999999));
#3253=DIRECTION('ref_axis',(0.,-0.499999999999999,-0.866025403784439));
#3254=DIRECTION('',(0.,0.499999999999999,0.866025403784439));
#3255=DIRECTION('',(0.,0.499999999999999,0.866025403784439));
#3256=DIRECTION('',(1.,0.,0.));
#3257=DIRECTION('center_axis',(0.,-0.866025403784439,0.499999999999999));
#3258=DIRECTION('ref_axis',(0.,-0.499999999999999,-0.866025403784439));
#3259=DIRECTION('',(0.,-0.499999999999999,-0.866025403784439));
#3260=DIRECTION('',(1.,0.,0.));
#3261=DIRECTION('',(0.,-0.499999999999999,-0.866025403784439));
#3262=DIRECTION('',(1.,0.,0.));
#3263=DIRECTION('center_axis',(0.,-1.34944749921654E-15,1.));
#3264=DIRECTION('ref_axis',(0.,-1.,-1.34944749921654E-15));
#3265=DIRECTION('',(0.,1.,1.34944749921654E-15));
#3266=DIRECTION('',(0.,1.,1.34944749921654E-15));
#3267=DIRECTION('',(1.,0.,0.));
#3268=DIRECTION('center_axis',(0.,-1.34944749921654E-15,1.));
#3269=DIRECTION('ref_axis',(0.,-1.,-1.34944749921654E-15));
#3270=DIRECTION('',(0.,-1.,-1.34944749921654E-15));
#3271=DIRECTION('',(1.,0.,0.));
#3272=DIRECTION('',(0.,-1.,-1.34944749921654E-15));
#3273=DIRECTION('center_axis',(0.,2.02417124882481E-15,-1.));
#3274=DIRECTION('ref_axis',(0.,1.,2.02417124882481E-15));
#3275=DIRECTION('',(-2.0241712488248E-15,-1.,-2.02417124882481E-15));
#3276=DIRECTION('',(1.,0.,0.));
#3277=DIRECTION('',(0.,-1.,-2.02417124882481E-15));
#3278=DIRECTION('center_axis',(0.,0.866025403784438,0.500000000000001));
#3279=DIRECTION('ref_axis',(0.,-0.500000000000001,0.866025403784438));
#3280=DIRECTION('',(0.,0.500000000000001,-0.866025403784438));
#3281=DIRECTION('',(0.,0.500000000000001,-0.866025403784438));
#3282=DIRECTION('',(1.,0.,0.));
#3283=DIRECTION('center_axis',(0.,0.866025403784438,0.500000000000001));
#3284=DIRECTION('ref_axis',(0.,-0.500000000000001,0.866025403784438));
#3285=DIRECTION('',(0.,-0.500000000000001,0.866025403784438));
#3286=DIRECTION('',(1.,0.,0.));
#3287=DIRECTION('',(0.,-0.500000000000001,0.866025403784438));
#3288=DIRECTION('center_axis',(0.,0.866025403784439,-0.499999999999999));
#3289=DIRECTION('ref_axis',(0.,0.499999999999999,0.866025403784439));
#3290=DIRECTION('',(-0.654653670707977,-0.377964473009226,-0.654653670707978));
#3291=DIRECTION('',(0.,-0.499999999999999,-0.866025403784439));
#3292=DIRECTION('',(0.,-0.499999999999999,-0.866025403784439));
#3293=DIRECTION('center_axis',(1.,0.,0.));
#3294=DIRECTION('ref_axis',(0.,0.,-1.));
#3295=DIRECTION('center_axis',(-1.,0.,0.));
#3296=DIRECTION('ref_axis',(0.,1.,0.));
#3297=DIRECTION('center_axis',(0.,2.02417124882481E-15,-1.));
#3298=DIRECTION('ref_axis',(0.,1.,2.02417124882481E-15));
#3299=DIRECTION('',(-2.02417124882481E-15,1.,2.02417124882481E-15));
#3300=DIRECTION('',(-1.,0.,0.));
#3301=DIRECTION('',(0.,1.,2.02417124882481E-15));
#3302=DIRECTION('',(1.,0.,0.));
#3303=DIRECTION('center_axis',(0.,0.866025403784439,-0.499999999999999));
#3304=DIRECTION('ref_axis',(0.,0.499999999999999,0.866025403784439));
#3305=DIRECTION('',(-0.654653670707978,0.377964473009226,0.654653670707977));
#3306=DIRECTION('',(0.,0.499999999999999,0.866025403784439));
#3307=DIRECTION('',(0.,0.499999999999999,0.866025403784439));
#3308=DIRECTION('center_axis',(0.,-0.866025403784438,-0.500000000000001));
#3309=DIRECTION('ref_axis',(0.,0.500000000000001,-0.866025403784438));
#3310=DIRECTION('',(0.,0.500000000000001,-0.866025403784438));
#3311=DIRECTION('',(0.,0.500000000000001,-0.866025403784438));
#3312=DIRECTION('',(0.654653670707977,0.377964473009228,-0.654653670707977));
#3313=DIRECTION('center_axis',(-1.,0.,0.));
#3314=DIRECTION('ref_axis',(0.,0.,1.));
#3315=DIRECTION('center_axis',(1.,0.,0.));
#3316=DIRECTION('ref_axis',(0.,1.,0.));
#3317=DIRECTION('center_axis',(1.,0.,0.));
#3318=DIRECTION('ref_axis',(0.,0.,1.));
#3319=DIRECTION('',(0.,1.,0.));
#3320=DIRECTION('',(0.,0.,-1.));
#3321=DIRECTION('',(0.,1.,0.));
#3322=DIRECTION('',(0.,0.,1.));
#3323=DIRECTION('',(0.,1.,0.));
#3324=DIRECTION('',(0.,1.,0.));
#3325=DIRECTION('center_axis',(-0.707106781186548,0.,0.707106781186547));
#3326=DIRECTION('ref_axis',(0.707106781186547,0.,0.707106781186548));
#3327=DIRECTION('',(0.,-1.,0.));
#3328=DIRECTION('',(-0.707106781186547,0.,-0.707106781186548));
#3329=DIRECTION('',(0.,1.,0.));
#3330=DIRECTION('',(0.707106781186547,0.,0.707106781186548));
#3331=DIRECTION('',(0.,-1.,0.));
#3332=DIRECTION('',(0.,-1.,0.));
#3333=DIRECTION('center_axis',(0.,-1.,0.));
#3334=DIRECTION('ref_axis',(1.,0.,0.));
#3335=DIRECTION('',(-1.,0.,1.73226023555294E-8));
#3336=DIRECTION('',(0.,0.,1.));
#3337=DIRECTION('',(1.,0.,2.11471051563082E-16));
#3338=DIRECTION('',(0.,0.,1.));
#3339=DIRECTION('center_axis',(0.866025403784439,0.5,0.));
#3340=DIRECTION('ref_axis',(-0.5,0.866025403784439,0.));
#3341=DIRECTION('',(0.5,-0.866025403784439,-8.66130117776467E-9));
#3342=DIRECTION('',(0.,0.,1.));
#3343=DIRECTION('',(-0.5,0.866025403784439,-1.05735525781541E-16));
#3344=DIRECTION('center_axis',(-0.866025403784438,0.5,0.));
#3345=DIRECTION('ref_axis',(-0.5,-0.866025403784438,0.));
#3346=DIRECTION('',(0.5,0.866025403784438,-8.66130117776469E-9));
#3347=DIRECTION('',(0.,0.,1.));
#3348=DIRECTION('',(-0.5,-0.866025403784438,-1.05735525781541E-16));
#3349=DIRECTION('center_axis',(-0.866025403784439,-0.5,0.));
#3350=DIRECTION('ref_axis',(0.5,-0.866025403784439,0.));
#3351=DIRECTION('',(-0.5,0.866025403784439,8.66130117776467E-9));
#3352=DIRECTION('',(0.5,-0.866025403784439,1.05735525781541E-16));
#3353=DIRECTION('center_axis',(0.866025403784439,-0.5,0.));
#3354=DIRECTION('ref_axis',(0.5,0.866025403784439,0.));
#3355=DIRECTION('',(-0.5,-0.866025403784439,8.66130117776468E-9));
#3356=DIRECTION('',(0.,0.,1.));
#3357=DIRECTION('',(0.5,0.866025403784439,1.05735525781541E-16));
#3358=DIRECTION('',(0.,0.,1.));
#3359=DIRECTION('center_axis',(0.866025403784439,0.5,0.));
#3360=DIRECTION('ref_axis',(-0.5,0.866025403784439,0.));
#3361=DIRECTION('',(0.5,-0.866025403784439,-8.66130117776467E-9));
#3362=DIRECTION('',(0.,0.,1.));
#3363=DIRECTION('',(-0.5,0.866025403784439,-1.05735525781541E-16));
#3364=DIRECTION('center_axis',(5.9211894646675E-16,1.,0.));
#3365=DIRECTION('ref_axis',(-1.,5.9211894646675E-16,0.));
#3366=DIRECTION('',(1.,-5.9211894646675E-16,-1.73226023555294E-8));
#3367=DIRECTION('',(0.,0.,1.));
#3368=DIRECTION('',(-1.,5.9211894646675E-16,-2.11471051563082E-16));
#3369=DIRECTION('center_axis',(-0.866025403784439,-0.499999999999999,0.));
#3370=DIRECTION('ref_axis',(0.499999999999999,-0.866025403784439,0.));
#3371=DIRECTION('',(-0.499999999999999,0.866025403784439,8.66130117776466E-9));
#3372=DIRECTION('',(0.499999999999999,-0.866025403784439,1.05735525781541E-16));
#3373=DIRECTION('center_axis',(0.,1.,0.));
#3374=DIRECTION('ref_axis',(-1.,0.,0.));
#3375=DIRECTION('',(0.,-1.,0.));
#3376=DIRECTION('center_axis',(0.,-1.,0.));
#3377=DIRECTION('ref_axis',(-1.,0.,0.));
#3378=DIRECTION('center_axis',(0.,1.,0.));
#3379=DIRECTION('ref_axis',(-1.,0.,0.));
#3380=DIRECTION('',(0.,-1.,0.));
#3381=DIRECTION('center_axis',(0.,-1.,0.));
#3382=DIRECTION('ref_axis',(-1.,0.,0.));
#3383=DIRECTION('center_axis',(1.,0.,0.));
#3384=DIRECTION('ref_axis',(0.,1.,0.));
#3385=DIRECTION('',(-1.,0.,0.));
#3386=DIRECTION('center_axis',(-1.,0.,0.));
#3387=DIRECTION('ref_axis',(0.,1.,0.));
#3388=DIRECTION('center_axis',(1.,0.,0.));
#3389=DIRECTION('ref_axis',(0.,1.,0.));
#3390=DIRECTION('center_axis',(1.,0.,-2.8469059517398E-16));
#3391=DIRECTION('ref_axis',(0.,1.,0.));
#3392=DIRECTION('',(-1.,0.,0.));
#3393=DIRECTION('center_axis',(1.,0.,0.));
#3394=DIRECTION('ref_axis',(0.,1.,0.));
#3395=DIRECTION('',(-1.,0.,0.));
#3396=DIRECTION('center_axis',(-1.,0.,0.));
#3397=DIRECTION('ref_axis',(0.,1.,0.));
#3398=DIRECTION('center_axis',(1.,0.,0.));
#3399=DIRECTION('ref_axis',(0.,1.,0.));
#3400=DIRECTION('center_axis',(1.,0.,-2.8469059517398E-16));
#3401=DIRECTION('ref_axis',(0.,1.,0.));
#3402=DIRECTION('',(-1.,0.,0.));
#3403=DIRECTION('center_axis',(-1.,0.,0.));
#3404=DIRECTION('ref_axis',(0.,0.,-1.));
#3405=DIRECTION('',(0.,0.,-1.));
#3406=DIRECTION('',(0.,1.,0.));
#3407=DIRECTION('',(0.,0.,1.));
#3408=DIRECTION('center_axis',(0.707106781186547,0.,0.707106781186548));
#3409=DIRECTION('ref_axis',(0.707106781186548,0.,-0.707106781186547));
#3410=DIRECTION('',(0.707106781186548,0.,-0.707106781186547));
#3411=DIRECTION('',(0.,-1.,0.));
#3412=DIRECTION('',(-0.707106781186548,0.,0.707106781186547));
#3413=DIRECTION('center_axis',(-2.11471051563082E-16,0.,1.));
#3414=DIRECTION('ref_axis',(-1.,0.,-2.11471051563082E-16));
#3415=DIRECTION('',(-1.,0.,-2.11471051563082E-16));
#3416=DIRECTION('',(1.,0.,2.11471051563082E-16));
#3417=DIRECTION('center_axis',(-1.73226023555294E-8,0.,-1.));
#3418=DIRECTION('ref_axis',(-1.,0.,1.73226023555294E-8));
#3419=DIRECTION('',(-1.,0.,1.73226023555294E-8));
#3420=DIRECTION('',(0.,1.,0.));
#3421=DIRECTION('center_axis',(0.999999999999985,0.,1.73226000059928E-7));
#3422=DIRECTION('ref_axis',(-1.73226000059928E-7,0.,0.999999999999985));
#3423=DIRECTION('',(0.,-1.,0.));
#3424=DIRECTION('',(-1.73226000059928E-7,0.,0.999999999999985));
#3425=DIRECTION('',(0.,-1.,0.));
#3426=DIRECTION('center_axis',(1.73225981899117E-7,0.,-0.999999999999985));
#3427=DIRECTION('ref_axis',(0.999999999999985,0.,1.73225981899117E-7));
#3428=DIRECTION('',(0.,-1.,0.));
#3429=DIRECTION('',(0.999999999999985,0.,1.73225981899117E-7));
#3430=DIRECTION('center_axis',(0.999999999999985,0.,1.73231561856574E-7));
#3431=DIRECTION('ref_axis',(-1.73231561856574E-7,0.,0.999999999999985));
#3432=DIRECTION('',(0.,-1.,0.));
#3433=DIRECTION('',(-1.73231561856574E-7,0.,0.999999999999985));
#3434=DIRECTION('center_axis',(1.73231562026816E-7,0.,-0.999999999999985));
#3435=DIRECTION('ref_axis',(0.999999999999985,0.,1.73231562026816E-7));
#3436=DIRECTION('',(0.,-1.,0.));
#3437=DIRECTION('',(0.999999999999985,0.,1.73231562026816E-7));
#3438=DIRECTION('center_axis',(-0.999999999999985,0.,-1.73226037275916E-7));
#3439=DIRECTION('ref_axis',(1.73226037275916E-7,0.,-0.999999999999985));
#3440=DIRECTION('',(0.,-1.,0.));
#3441=DIRECTION('',(1.73226037275916E-7,0.,-0.999999999999985));
#3442=DIRECTION('center_axis',(1.73226038234059E-7,0.,-0.999999999999985));
#3443=DIRECTION('ref_axis',(0.999999999999985,0.,1.73226038234059E-7));
#3444=DIRECTION('',(0.,-1.,0.));
#3445=DIRECTION('',(0.999999999999985,0.,1.73226038234059E-7));
#3446=DIRECTION('center_axis',(0.719205642872582,0.,-0.694797267740912));
#3447=DIRECTION('ref_axis',(0.694797267740912,0.,0.719205642872582));
#3448=DIRECTION('',(0.,-1.,0.));
#3449=DIRECTION('',(0.694797267740912,0.,0.719205642872582));
#3450=DIRECTION('center_axis',(0.,0.,-1.));
#3451=DIRECTION('ref_axis',(1.,0.,0.));
#3452=DIRECTION('',(0.,-1.,0.));
#3453=DIRECTION('',(1.,0.,0.));
#3454=DIRECTION('center_axis',(0.,0.,1.));
#3455=DIRECTION('ref_axis',(-1.,0.,0.));
#3456=DIRECTION('',(0.,1.,0.));
#3457=DIRECTION('',(1.,0.,0.));
#3458=DIRECTION('',(-1.,0.,0.));
#3459=DIRECTION('center_axis',(-2.22044604925031E-15,0.,1.));
#3460=DIRECTION('ref_axis',(-1.,0.,-2.22044604925031E-15));
#3461=DIRECTION('',(1.,0.,2.22044604925031E-15));
#3462=DIRECTION('',(0.,1.,0.));
#3463=DIRECTION('',(-1.,0.,-2.22044604925031E-15));
#3464=DIRECTION('center_axis',(-1.,0.,2.8469059517398E-16));
#3465=DIRECTION('ref_axis',(-2.8469059517398E-16,0.,-1.));
#3466=DIRECTION('',(2.8469059517398E-16,0.,1.));
#3467=DIRECTION('',(0.,1.,0.));
#3468=DIRECTION('',(-2.8469059517398E-16,0.,-1.));
#3469=DIRECTION('center_axis',(-0.999999999999934,0.,-3.63138780076734E-7));
#3470=DIRECTION('ref_axis',(3.63138780076734E-7,0.,-0.999999999999934));
#3471=DIRECTION('',(-3.63138780076734E-7,0.,0.999999999999934));
#3472=DIRECTION('',(0.,1.,0.));
#3473=DIRECTION('',(3.63138780076734E-7,0.,-0.999999999999934));
#3474=DIRECTION('center_axis',(0.,0.866025403784437,-0.500000000000004));
#3475=DIRECTION('ref_axis',(0.,0.500000000000004,0.866025403784437));
#3476=DIRECTION('',(0.,-0.500000000000004,-0.866025403784437));
#3477=DIRECTION('',(1.,0.,0.));
#3478=DIRECTION('',(0.,-0.500000000000004,-0.866025403784437));
#3479=DIRECTION('',(1.,0.,0.));
#3480=DIRECTION('',(0.654653670707976,-0.37796447300923,-0.654653670707976));
#3481=DIRECTION('center_axis',(0.,0.866025403784439,0.499999999999999));
#3482=DIRECTION('ref_axis',(0.,-0.499999999999999,0.866025403784439));
#3483=DIRECTION('',(0.,0.499999999999999,-0.866025403784439));
#3484=DIRECTION('',(-1.,0.,0.));
#3485=DIRECTION('',(0.,0.499999999999999,-0.866025403784439));
#3486=DIRECTION('center_axis',(0.,0.866025403784439,0.499999999999999));
#3487=DIRECTION('ref_axis',(0.,-0.499999999999999,0.866025403784439));
#3488=DIRECTION('',(0.,-0.499999999999999,0.866025403784439));
#3489=DIRECTION('',(1.,0.,0.));
#3490=DIRECTION('',(0.,-0.499999999999999,0.866025403784439));
#3491=DIRECTION('',(-1.,0.,0.));
#3492=DIRECTION('center_axis',(0.,1.39851831736986E-15,1.));
#3493=DIRECTION('ref_axis',(0.,-1.,1.39851831736986E-15));
#3494=DIRECTION('',(0.,1.,-1.39851831736986E-15));
#3495=DIRECTION('',(1.,0.,0.));
#3496=DIRECTION('',(0.,1.,-1.39851831736986E-15));
#3497=DIRECTION('center_axis',(0.,1.39851831736986E-15,1.));
#3498=DIRECTION('ref_axis',(0.,-1.,1.39851831736986E-15));
#3499=DIRECTION('',(0.,-1.,1.39851831736986E-15));
#3500=DIRECTION('',(0.,-1.,1.39851831736986E-15));
#3501=DIRECTION('',(1.,0.,0.));
#3502=DIRECTION('center_axis',(0.,-2.09777747605479E-15,-1.));
#3503=DIRECTION('ref_axis',(0.,1.,-2.09777747605479E-15));
#3504=DIRECTION('',(-2.09777747605479E-15,-1.,2.09777747605479E-15));
#3505=DIRECTION('',(0.,-1.,2.09777747605479E-15));
#3506=DIRECTION('',(1.,0.,0.));
#3507=DIRECTION('center_axis',(0.,-0.866025403784438,0.500000000000002));
#3508=DIRECTION('ref_axis',(0.,-0.500000000000002,-0.866025403784438));
#3509=DIRECTION('',(0.,0.500000000000002,0.866025403784438));
#3510=DIRECTION('',(1.,0.,0.));
#3511=DIRECTION('',(0.,0.500000000000002,0.866025403784438));
#3512=DIRECTION('center_axis',(0.,-0.866025403784438,0.500000000000002));
#3513=DIRECTION('ref_axis',(0.,-0.500000000000002,-0.866025403784438));
#3514=DIRECTION('',(0.,-0.500000000000002,-0.866025403784438));
#3515=DIRECTION('',(0.,-0.500000000000002,-0.866025403784438));
#3516=DIRECTION('',(1.,0.,0.));
#3517=DIRECTION('center_axis',(0.,-0.86602540378444,-0.499999999999998));
#3518=DIRECTION('ref_axis',(0.,0.499999999999998,-0.86602540378444));
#3519=DIRECTION('',(-0.654653670707977,-0.377964473009226,0.654653670707978));
#3520=DIRECTION('',(0.,-0.499999999999998,0.86602540378444));
#3521=DIRECTION('',(0.,-0.499999999999998,0.86602540378444));
#3522=DIRECTION('center_axis',(-1.,0.,0.));
#3523=DIRECTION('ref_axis',(0.,0.,1.));
#3524=DIRECTION('center_axis',(1.,0.,0.));
#3525=DIRECTION('ref_axis',(0.,1.,0.));
#3526=DIRECTION('center_axis',(0.,0.866025403784437,-0.500000000000004));
#3527=DIRECTION('ref_axis',(0.,0.500000000000004,0.866025403784437));
#3528=DIRECTION('',(0.,0.500000000000004,0.866025403784437));
#3529=DIRECTION('',(0.654653670707977,0.37796447300923,0.654653670707976));
#3530=DIRECTION('',(1.,0.,0.));
#3531=DIRECTION('',(0.,0.500000000000004,0.866025403784437));
#3532=DIRECTION('center_axis',(0.,-2.09777747605479E-15,-1.));
#3533=DIRECTION('ref_axis',(0.,1.,-2.09777747605479E-15));
#3534=DIRECTION('',(-2.0977774760548E-15,1.,-2.09777747605479E-15));
#3535=DIRECTION('',(1.,0.,0.));
#3536=DIRECTION('',(0.,1.,-2.09777747605479E-15));
#3537=DIRECTION('center_axis',(0.,-0.86602540378444,-0.499999999999998));
#3538=DIRECTION('ref_axis',(0.,0.499999999999998,-0.86602540378444));
#3539=DIRECTION('',(-0.654653670707978,0.377964473009225,-0.654653670707977));
#3540=DIRECTION('',(0.,0.499999999999998,-0.86602540378444));
#3541=DIRECTION('',(0.,0.499999999999998,-0.86602540378444));
#3542=DIRECTION('center_axis',(1.,0.,0.));
#3543=DIRECTION('ref_axis',(0.,0.,-1.));
#3544=DIRECTION('center_axis',(-1.,0.,0.));
#3545=DIRECTION('ref_axis',(0.,1.,0.));
#3546=DIRECTION('center_axis',(0.,0.866025403784438,-0.500000000000001));
#3547=DIRECTION('ref_axis',(0.,0.500000000000001,0.866025403784438));
#3548=DIRECTION('',(0.,-0.500000000000001,-0.866025403784438));
#3549=DIRECTION('',(1.,0.,0.));
#3550=DIRECTION('',(0.,-0.500000000000001,-0.866025403784438));
#3551=DIRECTION('',(-1.,0.,0.));
#3552=DIRECTION('',(0.654653670707977,-0.377964473009229,-0.654653670707977));
#3553=DIRECTION('center_axis',(0.,0.866025403784439,0.499999999999999));
#3554=DIRECTION('ref_axis',(0.,-0.499999999999999,0.866025403784439));
#3555=DIRECTION('',(0.,0.499999999999999,-0.866025403784439));
#3556=DIRECTION('',(1.,0.,0.));
#3557=DIRECTION('',(0.,0.499999999999999,-0.866025403784439));
#3558=DIRECTION('center_axis',(0.,0.866025403784439,0.499999999999999));
#3559=DIRECTION('ref_axis',(0.,-0.499999999999999,0.866025403784439));
#3560=DIRECTION('',(0.,-0.499999999999999,0.866025403784439));
#3561=DIRECTION('',(1.,0.,0.));
#3562=DIRECTION('',(0.,-0.499999999999999,0.866025403784439));
#3563=DIRECTION('',(1.,0.,0.));
#3564=DIRECTION('center_axis',(0.,1.34944749921654E-15,1.));
#3565=DIRECTION('ref_axis',(0.,-1.,1.34944749921654E-15));
#3566=DIRECTION('',(0.,1.,-1.34944749921654E-15));
#3567=DIRECTION('',(1.,0.,0.));
#3568=DIRECTION('',(0.,1.,-1.34944749921654E-15));
#3569=DIRECTION('center_axis',(0.,1.34944749921654E-15,1.));
#3570=DIRECTION('ref_axis',(0.,-1.,1.34944749921654E-15));
#3571=DIRECTION('',(0.,-1.,1.34944749921654E-15));
#3572=DIRECTION('',(0.,-1.,1.34944749921654E-15));
#3573=DIRECTION('',(1.,0.,0.));
#3574=DIRECTION('center_axis',(0.,-2.02417124882481E-15,-1.));
#3575=DIRECTION('ref_axis',(0.,1.,-2.02417124882481E-15));
#3576=DIRECTION('',(-2.0241712488248E-15,-1.,2.02417124882481E-15));
#3577=DIRECTION('',(0.,-1.,2.02417124882481E-15));
#3578=DIRECTION('',(1.,0.,0.));
#3579=DIRECTION('center_axis',(0.,-0.866025403784438,0.500000000000001));
#3580=DIRECTION('ref_axis',(0.,-0.500000000000001,-0.866025403784438));
#3581=DIRECTION('',(0.,0.500000000000001,0.866025403784438));
#3582=DIRECTION('',(1.,0.,0.));
#3583=DIRECTION('',(0.,0.500000000000001,0.866025403784438));
#3584=DIRECTION('center_axis',(0.,-0.866025403784438,0.500000000000001));
#3585=DIRECTION('ref_axis',(0.,-0.500000000000001,-0.866025403784438));
#3586=DIRECTION('',(0.,-0.500000000000001,-0.866025403784438));
#3587=DIRECTION('',(0.,-0.500000000000001,-0.866025403784438));
#3588=DIRECTION('',(1.,0.,0.));
#3589=DIRECTION('center_axis',(0.,-0.866025403784439,-0.499999999999999));
#3590=DIRECTION('ref_axis',(0.,0.499999999999999,-0.866025403784439));
#3591=DIRECTION('',(-0.654653670707977,-0.377964473009226,0.654653670707978));
#3592=DIRECTION('',(0.,-0.499999999999999,0.866025403784439));
#3593=DIRECTION('',(0.,-0.499999999999999,0.866025403784439));
#3594=DIRECTION('center_axis',(-1.,0.,0.));
#3595=DIRECTION('ref_axis',(0.,0.,1.));
#3596=DIRECTION('center_axis',(1.,0.,0.));
#3597=DIRECTION('ref_axis',(0.,1.,0.));
#3598=DIRECTION('center_axis',(0.,-2.02417124882481E-15,-1.));
#3599=DIRECTION('ref_axis',(0.,1.,-2.02417124882481E-15));
#3600=DIRECTION('',(-2.02417124882481E-15,1.,-2.02417124882481E-15));
#3601=DIRECTION('',(1.,0.,0.));
#3602=DIRECTION('',(0.,1.,-2.02417124882481E-15));
#3603=DIRECTION('',(-1.,0.,0.));
#3604=DIRECTION('center_axis',(0.,-0.866025403784439,-0.499999999999999));
#3605=DIRECTION('ref_axis',(0.,0.499999999999999,-0.866025403784439));
#3606=DIRECTION('',(-0.654653670707978,0.377964473009226,-0.654653670707977));
#3607=DIRECTION('',(0.,0.499999999999999,-0.866025403784439));
#3608=DIRECTION('',(0.,0.499999999999999,-0.866025403784439));
#3609=DIRECTION('center_axis',(0.,0.866025403784438,-0.500000000000001));
#3610=DIRECTION('ref_axis',(0.,0.500000000000001,0.866025403784438));
#3611=DIRECTION('',(0.,0.500000000000001,0.866025403784438));
#3612=DIRECTION('',(0.654653670707977,0.377964473009228,0.654653670707977));
#3613=DIRECTION('',(0.,0.500000000000001,0.866025403784438));
#3614=DIRECTION('center_axis',(1.,0.,0.));
#3615=DIRECTION('ref_axis',(0.,0.,-1.));
#3616=DIRECTION('center_axis',(-1.,0.,0.));
#3617=DIRECTION('ref_axis',(0.,1.,0.));
#3618=DIRECTION('center_axis',(-1.,0.,0.));
#3619=DIRECTION('ref_axis',(0.,0.,-1.));
#3620=DIRECTION('',(0.,1.,0.));
#3621=DIRECTION('',(0.,1.,0.));
#3622=DIRECTION('',(0.,0.,-1.));
#3623=DIRECTION('',(0.,1.,0.));
#3624=DIRECTION('',(0.,0.,1.));
#3625=DIRECTION('',(0.,1.,0.));
#3626=DIRECTION('center_axis',(0.707106781186548,0.,0.707106781186547));
#3627=DIRECTION('ref_axis',(0.707106781186547,0.,-0.707106781186548));
#3628=DIRECTION('',(0.,-1.,0.));
#3629=DIRECTION('',(0.,-1.,0.));
#3630=DIRECTION('',(0.707106781186547,0.,-0.707106781186548));
#3631=DIRECTION('',(0.,1.,0.));
#3632=DIRECTION('',(-0.707106781186547,0.,0.707106781186548));
#3633=DIRECTION('',(0.,-1.,0.));
#3634=DIRECTION('center_axis',(0.,1.,0.));
#3635=DIRECTION('ref_axis',(1.,0.,0.));
#3636=DIRECTION('',(-1.,0.,-1.73226023555294E-8));
#3637=DIRECTION('',(0.,0.,-1.));
#3638=DIRECTION('',(1.,0.,-2.11471051563082E-16));
#3639=DIRECTION('',(0.,0.,-1.));
#3640=DIRECTION('center_axis',(-0.866025403784439,-0.5,0.));
#3641=DIRECTION('ref_axis',(-0.5,0.866025403784439,0.));
#3642=DIRECTION('',(0.5,-0.866025403784439,8.66130117776467E-9));
#3643=DIRECTION('',(-0.5,0.866025403784439,1.05735525781541E-16));
#3644=DIRECTION('',(0.,0.,-1.));
#3645=DIRECTION('center_axis',(0.866025403784438,-0.5,0.));
#3646=DIRECTION('ref_axis',(-0.5,-0.866025403784438,0.));
#3647=DIRECTION('',(0.5,0.866025403784438,8.66130117776469E-9));
#3648=DIRECTION('',(-0.5,-0.866025403784438,1.05735525781541E-16));
#3649=DIRECTION('',(0.,0.,-1.));
#3650=DIRECTION('center_axis',(0.866025403784439,0.5,0.));
#3651=DIRECTION('ref_axis',(0.5,-0.866025403784439,0.));
#3652=DIRECTION('',(-0.5,0.866025403784439,-8.66130117776467E-9));
#3653=DIRECTION('',(0.5,-0.866025403784439,-1.05735525781541E-16));
#3654=DIRECTION('center_axis',(-0.866025403784439,0.5,0.));
#3655=DIRECTION('ref_axis',(0.5,0.866025403784439,0.));
#3656=DIRECTION('',(-0.5,-0.866025403784439,-8.66130117776468E-9));
#3657=DIRECTION('',(0.,0.,-1.));
#3658=DIRECTION('',(0.5,0.866025403784439,-1.05735525781541E-16));
#3659=DIRECTION('',(0.,0.,-1.));
#3660=DIRECTION('center_axis',(-0.866025403784439,-0.5,0.));
#3661=DIRECTION('ref_axis',(-0.5,0.866025403784439,0.));
#3662=DIRECTION('',(0.5,-0.866025403784439,8.66130117776467E-9));
#3663=DIRECTION('',(-0.5,0.866025403784439,1.05735525781541E-16));
#3664=DIRECTION('',(0.,0.,-1.));
#3665=DIRECTION('center_axis',(-5.9211894646675E-16,-1.,0.));
#3666=DIRECTION('ref_axis',(-1.,5.9211894646675E-16,0.));
#3667=DIRECTION('',(1.,-5.9211894646675E-16,1.73226023555294E-8));
#3668=DIRECTION('',(-1.,5.9211894646675E-16,2.11471051563082E-16));
#3669=DIRECTION('',(0.,0.,-1.));
#3670=DIRECTION('center_axis',(0.866025403784439,0.499999999999999,0.));
#3671=DIRECTION('ref_axis',(0.499999999999999,-0.866025403784439,0.));
#3672=DIRECTION('',(-0.499999999999999,0.866025403784439,-8.66130117776466E-9));
#3673=DIRECTION('',(0.499999999999999,-0.866025403784439,-1.05735525781541E-16));
#3674=DIRECTION('center_axis',(0.,-1.,0.));
#3675=DIRECTION('ref_axis',(-1.,0.,0.));
#3676=DIRECTION('',(0.,-1.,0.));
#3677=DIRECTION('center_axis',(0.,1.,0.));
#3678=DIRECTION('ref_axis',(-1.,0.,0.));
#3679=DIRECTION('center_axis',(0.,-1.,0.));
#3680=DIRECTION('ref_axis',(-1.,0.,0.));
#3681=DIRECTION('',(0.,-1.,0.));
#3682=DIRECTION('center_axis',(0.,1.,0.));
#3683=DIRECTION('ref_axis',(-1.,0.,0.));
#3684=DIRECTION('center_axis',(-1.,0.,0.));
#3685=DIRECTION('ref_axis',(0.,1.,0.));
#3686=DIRECTION('',(-1.,0.,0.));
#3687=DIRECTION('center_axis',(1.,0.,0.));
#3688=DIRECTION('ref_axis',(0.,1.,0.));
#3689=DIRECTION('center_axis',(-1.,0.,0.));
#3690=DIRECTION('ref_axis',(0.,1.,0.));
#3691=DIRECTION('center_axis',(-1.,0.,-2.8469059517398E-16));
#3692=DIRECTION('ref_axis',(0.,1.,0.));
#3693=DIRECTION('',(-1.,0.,0.));
#3694=DIRECTION('center_axis',(-1.,0.,0.));
#3695=DIRECTION('ref_axis',(0.,1.,0.));
#3696=DIRECTION('',(-1.,0.,0.));
#3697=DIRECTION('center_axis',(1.,0.,0.));
#3698=DIRECTION('ref_axis',(0.,1.,0.));
#3699=DIRECTION('center_axis',(-1.,0.,0.));
#3700=DIRECTION('ref_axis',(0.,1.,0.));
#3701=DIRECTION('center_axis',(-1.,0.,-2.8469059517398E-16));
#3702=DIRECTION('ref_axis',(0.,1.,0.));
#3703=DIRECTION('',(-1.,0.,0.));
#3704=DIRECTION('center_axis',(1.,0.,0.));
#3705=DIRECTION('ref_axis',(0.,0.,1.));
#3706=DIRECTION('',(0.,0.,-1.));
#3707=DIRECTION('',(0.,1.,0.));
#3708=DIRECTION('',(0.,0.,1.));
#3709=DIRECTION('center_axis',(-0.707106781186547,0.,0.707106781186548));
#3710=DIRECTION('ref_axis',(0.707106781186548,0.,0.707106781186547));
#3711=DIRECTION('',(-0.707106781186548,0.,-0.707106781186547));
#3712=DIRECTION('',(0.,-1.,0.));
#3713=DIRECTION('',(0.707106781186548,0.,0.707106781186547));
#3714=DIRECTION('center_axis',(2.11471051563082E-16,0.,1.));
#3715=DIRECTION('ref_axis',(-1.,0.,2.11471051563082E-16));
#3716=DIRECTION('',(1.,0.,-2.11471051563082E-16));
#3717=DIRECTION('',(-1.,0.,2.11471051563082E-16));
#3718=DIRECTION('center_axis',(1.73226023555294E-8,0.,-1.));
#3719=DIRECTION('ref_axis',(-1.,0.,-1.73226023555294E-8));
#3720=DIRECTION('',(0.,1.,0.));
#3721=DIRECTION('',(-1.,0.,-1.73226023555294E-8));
#3722=DIRECTION('center_axis',(0.,1.,0.));
#3723=DIRECTION('ref_axis',(0.,0.,1.));
#3724=DIRECTION('',(0.,0.,1.));
#3725=DIRECTION('',(1.,0.,0.));
#3726=DIRECTION('',(1.,0.,-2.22044604925031E-15));
#3727=DIRECTION('',(2.8469059517398E-16,0.,-1.));
#3728=DIRECTION('',(-3.63138780076734E-7,0.,-0.999999999999934));
#3729=DIRECTION('',(0.,0.,-1.));
#3730=DIRECTION('',(0.,0.,-1.));
#3731=DIRECTION('center_axis',(1.,0.,0.));
#3732=DIRECTION('ref_axis',(0.,0.,1.));
#3733=DIRECTION('',(0.,-1.,0.));
#3734=DIRECTION('',(0.,0.,-1.));
#3735=DIRECTION('center_axis',(-0.999999999999985,0.,1.73226000059928E-7));
#3736=DIRECTION('ref_axis',(-1.73226000059928E-7,0.,-0.999999999999985));
#3737=DIRECTION('',(-1.73226000059928E-7,0.,-0.999999999999985));
#3738=DIRECTION('',(0.,-1.,0.));
#3739=DIRECTION('center_axis',(-1.73225981899117E-7,0.,-0.999999999999985));
#3740=DIRECTION('ref_axis',(0.999999999999985,0.,-1.73225981899117E-7));
#3741=DIRECTION('',(0.999999999999985,0.,-1.73225981899117E-7));
#3742=DIRECTION('',(0.,-1.,0.));
#3743=DIRECTION('center_axis',(-0.999999999999985,0.,1.73231561856574E-7));
#3744=DIRECTION('ref_axis',(-1.73231561856574E-7,0.,-0.999999999999985));
#3745=DIRECTION('',(-1.73231561856574E-7,0.,-0.999999999999985));
#3746=DIRECTION('',(0.,-1.,0.));
#3747=DIRECTION('center_axis',(-1.73231562026816E-7,0.,-0.999999999999985));
#3748=DIRECTION('ref_axis',(0.999999999999985,0.,-1.73231562026816E-7));
#3749=DIRECTION('',(0.999999999999985,0.,-1.73231562026816E-7));
#3750=DIRECTION('',(0.,-1.,0.));
#3751=DIRECTION('center_axis',(0.999999999999985,0.,-1.73226037275916E-7));
#3752=DIRECTION('ref_axis',(1.73226037275916E-7,0.,0.999999999999985));
#3753=DIRECTION('',(1.73226037275916E-7,0.,0.999999999999985));
#3754=DIRECTION('',(0.,-1.,0.));
#3755=DIRECTION('center_axis',(-1.73226038234059E-7,0.,-0.999999999999985));
#3756=DIRECTION('ref_axis',(0.999999999999985,0.,-1.73226038234059E-7));
#3757=DIRECTION('',(0.999999999999985,0.,-1.73226038234059E-7));
#3758=DIRECTION('',(0.,-1.,0.));
#3759=DIRECTION('center_axis',(-0.719205642872582,0.,-0.694797267740912));
#3760=DIRECTION('ref_axis',(0.694797267740912,0.,-0.719205642872582));
#3761=DIRECTION('',(0.694797267740912,0.,-0.719205642872582));
#3762=DIRECTION('',(0.,-1.,0.));
#3763=DIRECTION('center_axis',(0.,0.,-1.));
#3764=DIRECTION('ref_axis',(1.,0.,0.));
#3765=DIRECTION('',(1.,0.,0.));
#3766=DIRECTION('center_axis',(-1.,0.,0.));
#3767=DIRECTION('ref_axis',(0.,0.,-1.));
#3768=DIRECTION('',(0.,0.,-1.));
#3769=DIRECTION('',(0.,1.,0.));
#3770=DIRECTION('center_axis',(0.,0.,1.));
#3771=DIRECTION('ref_axis',(-1.,0.,0.));
#3772=DIRECTION('',(-1.,0.,0.));
#3773=DIRECTION('center_axis',(2.22044604925031E-15,0.,1.));
#3774=DIRECTION('ref_axis',(-1.,0.,2.22044604925031E-15));
#3775=DIRECTION('',(-1.,0.,2.22044604925031E-15));
#3776=DIRECTION('',(0.,1.,0.));
#3777=DIRECTION('center_axis',(1.,0.,2.8469059517398E-16));
#3778=DIRECTION('ref_axis',(-2.8469059517398E-16,0.,1.));
#3779=DIRECTION('',(-2.8469059517398E-16,0.,1.));
#3780=DIRECTION('',(0.,1.,0.));
#3781=DIRECTION('center_axis',(0.999999999999934,0.,-3.63138780076734E-7));
#3782=DIRECTION('ref_axis',(3.63138780076734E-7,0.,0.999999999999934));
#3783=DIRECTION('',(3.63138780076734E-7,0.,0.999999999999934));
#3784=DIRECTION('',(0.,1.,0.));
#3785=DIRECTION('center_axis',(1.,0.,0.));
#3786=DIRECTION('ref_axis',(0.,0.,1.));
#3787=DIRECTION('',(0.,0.,-1.));
#3788=DIRECTION('center_axis',(0.,-1.,0.));
#3789=DIRECTION('ref_axis',(0.,0.,-1.));
#3790=CARTESIAN_POINT('',(0.,0.,0.));
#3791=CARTESIAN_POINT('Origin',(14.2999996803701,8.74999999999999,11.2583298566676));
#3792=CARTESIAN_POINT('',(9.62000104778599,19.75,11.2583298566676));
#3793=CARTESIAN_POINT('',(9.62000104778599,8.74999999999999,11.2583298566676));
#3794=CARTESIAN_POINT('',(9.62000104778599,4.37499999999999,11.2583298566676));
#3795=CARTESIAN_POINT('',(14.2999996803701,19.75,11.2583298566676));
#3796=CARTESIAN_POINT('',(14.2999996803701,19.75,11.2583298566676));
#3797=CARTESIAN_POINT('',(14.2999996803701,8.74999999999999,11.2583298566676));
#3798=CARTESIAN_POINT('',(14.2999996803701,4.37499999999999,11.2583298566676));
#3799=CARTESIAN_POINT('',(14.2999996803701,8.74999999999999,11.2583298566676));
#3800=CARTESIAN_POINT('Origin',(14.2999996803701,2.25,-3.92530118684943E-7));
#3801=CARTESIAN_POINT('',(9.62000104778595,2.25,-3.92530119519563E-7));
#3802=CARTESIAN_POINT('',(9.62000104778595,1.96875027250791,-0.487139210161314));
#3803=CARTESIAN_POINT('',(14.2999996803701,2.25,-3.92530119519563E-7));
#3804=CARTESIAN_POINT('',(14.2999996803701,1.96875027250791,-0.48713921016132));
#3805=CARTESIAN_POINT('',(14.2999996803701,2.25,-3.92530119519563E-7));
#3806=CARTESIAN_POINT('Origin',(14.2999996803701,7.75,-9.52627983415894));
#3807=CARTESIAN_POINT('',(9.62000104778592,7.75,-9.52627983415894));
#3808=CARTESIAN_POINT('',(9.62000104778594,4.71874972749209,-4.27600035171823));
#3809=CARTESIAN_POINT('',(14.2999996803701,7.75,-9.52627983415894));
#3810=CARTESIAN_POINT('',(14.2999996803701,4.71874972749209,-4.27600035171824));
#3811=CARTESIAN_POINT('',(14.2999996803701,7.75,-9.52627983415894));
#3812=CARTESIAN_POINT('Origin',(14.2999996803701,19.75,11.2583298566676));
#3813=CARTESIAN_POINT('',(9.62000104778596,14.8437502725079,2.76045605403032));
#3814=CARTESIAN_POINT('',(14.2999996803701,14.8437502725079,2.76045605403032));
#3815=CARTESIAN_POINT('Origin',(14.2999996803701,22.75,9.5262790490987));
#3816=CARTESIAN_POINT('',(9.62000104778595,28.25,-3.92530117299117E-7));
#3817=CARTESIAN_POINT('',(9.62000104778598,22.75,9.5262790490987));
#3818=CARTESIAN_POINT('',(9.62000104778599,21.9687497274921,10.8794442145094));
#3819=CARTESIAN_POINT('',(14.2999996803701,28.25,-3.92530117299117E-7));
#3820=CARTESIAN_POINT('',(14.2999996803701,28.25,-3.92530117299117E-7));
#3821=CARTESIAN_POINT('',(14.2999996803701,22.75,9.5262790490987));
#3822=CARTESIAN_POINT('',(14.2999996803701,21.9687497274921,10.8794442145094));
#3823=CARTESIAN_POINT('',(14.2999996803701,22.75,9.5262790490987));
#3824=CARTESIAN_POINT('Origin',(14.2999996803701,10.75,-11.2583306417278));
#3825=CARTESIAN_POINT('',(9.62000104778591,10.75,-11.2583306417278));
#3826=CARTESIAN_POINT('',(9.62000104778592,11.8437502725079,-9.36389959895182));
#3827=CARTESIAN_POINT('',(14.2999996803701,10.75,-11.2583306417278));
#3828=CARTESIAN_POINT('',(14.2999996803701,11.8437502725079,-9.36389959895182));
#3829=CARTESIAN_POINT('',(14.2999996803701,10.75,-11.2583306417278));
#3830=CARTESIAN_POINT('Origin',(14.2999996803701,21.75,-11.2583306417278));
#3831=CARTESIAN_POINT('',(9.62000104778591,21.75,-11.2583306417278));
#3832=CARTESIAN_POINT('',(9.62000104778591,10.875,-11.2583306417278));
#3833=CARTESIAN_POINT('',(14.2999996803701,21.75,-11.2583306417278));
#3834=CARTESIAN_POINT('',(14.2999996803701,10.875,-11.2583306417278));
#3835=CARTESIAN_POINT('',(14.2999996803701,21.75,-11.2583306417278));
#3836=CARTESIAN_POINT('Origin',(14.2999996803701,28.25,-3.92530117299117E-7));
#3837=CARTESIAN_POINT('',(9.62000104778593,24.7187502725079,-6.11630433476017));
#3838=CARTESIAN_POINT('',(14.2999996803701,24.7187502725079,-6.11630433476017));
#3839=CARTESIAN_POINT('Origin',(9.12000104778595,0.,-11.9000005803072));
#3840=CARTESIAN_POINT('',(9.62000104778592,0.,-11.4000005889684));
#3841=CARTESIAN_POINT('',(8.62000104778599,0.,-12.4000005716459));
#3842=CARTESIAN_POINT('',(10.039939372093,0.,-10.9800622719356));
#3843=CARTESIAN_POINT('',(9.62000104778599,33.5,-11.4000005889684));
#3844=CARTESIAN_POINT('',(9.62000104778591,0.,-11.4000005889684));
#3845=CARTESIAN_POINT('',(8.62000104778599,33.5,-12.4000005716459));
#3846=CARTESIAN_POINT('',(10.039939372093,33.5,-10.9800622719356));
#3847=CARTESIAN_POINT('',(8.62000104778599,0.,-12.4000005716459));
#3848=CARTESIAN_POINT('Origin',(9.62000104778595,0.,8.66130001053733E-7));
#3849=CARTESIAN_POINT('',(9.62000104778599,0.,11.4000005889684));
#3850=CARTESIAN_POINT('',(9.62000104778597,0.,5.79987713925447));
#3851=CARTESIAN_POINT('',(9.62000104778591,33.5,11.4000005889684));
#3852=CARTESIAN_POINT('',(9.62000104778599,0.,11.4000005889684));
#3853=CARTESIAN_POINT('',(9.62000104778599,33.5,-12.4000005889684));
#3854=CARTESIAN_POINT('Origin',(9.12000104778599,0.,11.9000005803072));
#3855=CARTESIAN_POINT('',(8.62000104778599,0.,12.4000005716459));
#3856=CARTESIAN_POINT('',(4.24006266590318,0.,16.7799388776573));
#3857=CARTESIAN_POINT('',(8.62000104778599,33.5,12.4000005716459));
#3858=CARTESIAN_POINT('',(8.62000104778599,0.,12.4000005716459));
#3859=CARTESIAN_POINT('',(4.24006266590318,33.5,16.7799388776573));
#3860=CARTESIAN_POINT('Origin',(-10.6999993043418,0.,11.599753412379));
#3861=CARTESIAN_POINT('',(-35.6999993784696,0.,-12.3999998039082));
#3862=CARTESIAN_POINT('',(-0.539999430639314,0.,-12.4000004129709));
#3863=CARTESIAN_POINT('',(-35.6999993784696,0.,12.3999998039082));
#3864=CARTESIAN_POINT('',(-35.6999993784696,0.,12.3999998039082));
#3865=CARTESIAN_POINT('',(-0.539999430639314,0.,12.4000004129709));
#3866=CARTESIAN_POINT('',(8.04999983794987,0.,10.2499997708946));
#3867=CARTESIAN_POINT('Origin',(7.24999983794987,0.,10.2499997708946));
#3868=CARTESIAN_POINT('',(-16.39999961555,0.,10.2499997708946));
#3869=CARTESIAN_POINT('Origin',(-17.19999961555,0.,10.2499997708946));
#3870=CARTESIAN_POINT('',(-16.39999961555,0.,-10.2499997708946));
#3871=CARTESIAN_POINT('Origin',(-17.19999961555,0.,-10.2499997708946));
#3872=CARTESIAN_POINT('',(8.04999983794987,0.,-10.2499997708946));
#3873=CARTESIAN_POINT('Origin',(7.24999983794987,0.,-10.2499997708946));
#3874=CARTESIAN_POINT('',(4.62000433908029,0.,9.50000308644204));
#3875=CARTESIAN_POINT('',(4.62000269343305,0.,1.73225971789037E-6));
#3876=CARTESIAN_POINT('',(4.62000433908029,0.,9.50000308644204));
#3877=CARTESIAN_POINT('',(-7.37999706402455,0.,9.50000516515406));
#3878=CARTESIAN_POINT('',(-7.37999706402455,0.,9.50000516515406));
#3879=CARTESIAN_POINT('',(-7.37999706401718,0.,10.9000043856582));
#3880=CARTESIAN_POINT('',(-7.3799968215005,0.,10.9000043856581));
#3881=CARTESIAN_POINT('',(-14.8799977222801,0.,10.900005684895));
#3882=CARTESIAN_POINT('',(-14.8799977222801,0.,10.900005684895));
#3883=CARTESIAN_POINT('',(-14.8799983805392,0.,7.1000048013799));
#3884=CARTESIAN_POINT('',(-14.8799983805392,0.,7.1000048013799));
#3885=CARTESIAN_POINT('',(-17.2800001821182,0.,7.1000052171227));
#3886=CARTESIAN_POINT('',(-17.2800001821182,0.,7.1000052171227));
#3887=CARTESIAN_POINT('',(-20.9510359087356,0.,10.9000043856582));
#3888=CARTESIAN_POINT('',(-20.9510359087356,0.,10.9000047903759));
#3889=CARTESIAN_POINT('',(-30.6999989206982,0.,10.9000043856582));
#3890=CARTESIAN_POINT('',(-20.9510359087356,0.,10.9000043856582));
#3891=CARTESIAN_POINT('',(-30.6999989206982,0.,-10.9000043856582));
#3892=CARTESIAN_POINT('',(-30.6999989206982,0.,10.9000043856582));
#3893=CARTESIAN_POINT('',(-20.9510359087356,0.,-10.9000043856582));
#3894=CARTESIAN_POINT('',(-20.9510359087356,0.,-10.9000043856582));
#3895=CARTESIAN_POINT('',(-17.2800001821182,0.,-7.1000052171227));
#3896=CARTESIAN_POINT('',(-20.9510359087356,0.,-10.9000047903759));
#3897=CARTESIAN_POINT('',(-14.8799983805392,0.,-7.1000048013799));
#3898=CARTESIAN_POINT('',(-17.2800001821182,0.,-7.1000052171227));
#3899=CARTESIAN_POINT('',(-14.8799977222801,0.,-10.900005684895));
#3900=CARTESIAN_POINT('',(-14.8799983805392,0.,-7.1000048013799));
#3901=CARTESIAN_POINT('',(-7.37999706401718,0.,-10.9000043856582));
#3902=CARTESIAN_POINT('',(-14.8799977222801,0.,-10.900005684895));
#3903=CARTESIAN_POINT('',(-7.37999706402455,0.,-9.50000516515406));
#3904=CARTESIAN_POINT('',(-7.3799968215005,0.,-10.9000043856581));
#3905=CARTESIAN_POINT('',(4.62000433908029,0.,-9.50000308644204));
#3906=CARTESIAN_POINT('',(-7.37999706402455,0.,-9.50000516515406));
#3907=CARTESIAN_POINT('',(4.62000433908029,0.,-9.50000308644204));
#3908=CARTESIAN_POINT('Origin',(-31.6999993784696,30.2377132402715,-17.2500000000001));
#3909=CARTESIAN_POINT('',(-31.6999993784696,31.825426480543,-20.0000000000001));
#3910=CARTESIAN_POINT('',(-31.6999993784696,30.9016659366258,-18.3999998039082));
#3911=CARTESIAN_POINT('',(-31.6999993784696,26.057462293532,-10.0095929718595));
#3912=CARTESIAN_POINT('',(-30.5499995745615,30.2377132402715,-17.2500000000001));
#3913=CARTESIAN_POINT('',(-26.9054811887275,28.1335495691437,-13.6054816141661));
#3914=CARTESIAN_POINT('',(-33.6999993784696,30.2377132402715,-17.2500000000001));
#3915=CARTESIAN_POINT('',(-31.6999993784696,30.2377132402715,-17.2500000000001));
#3916=CARTESIAN_POINT('',(-33.6999993784696,31.825426480543,-20.0000000000001));
#3917=CARTESIAN_POINT('',(-33.6999993784696,30.2377132402715,-17.2500000000001));
#3918=CARTESIAN_POINT('',(-31.6999993784696,31.825426480543,-20.0000000000001));
#3919=CARTESIAN_POINT('Origin',(-31.6999993784696,31.825426480543,-20.0000000000001));
#3920=CARTESIAN_POINT('',(-31.6999993784696,30.2377132402715,-22.7500000000001));
#3921=CARTESIAN_POINT('',(-31.6999993784696,28.8431774272823,-25.1654068810716));
#3922=CARTESIAN_POINT('',(-33.6999993784696,30.2377132402715,-22.7500000000001));
#3923=CARTESIAN_POINT('',(-33.6999993784696,31.825426480543,-20.0000000000001));
#3924=CARTESIAN_POINT('',(-31.6999993784696,30.2377132402715,-22.7500000000001));
#3925=CARTESIAN_POINT('Origin',(-31.6999993784696,31.825426480543,-20.0000000000001));
#3926=CARTESIAN_POINT('',(10.3000007697861,31.825426480543,-20.0000000000001));
#3927=CARTESIAN_POINT('',(10.3000007697861,30.2377132402715,-22.7500000000001));
#3928=CARTESIAN_POINT('',(10.3000007697861,27.1545348105422,-28.0902216890916));
#3929=CARTESIAN_POINT('',(12.3000006215304,30.2377132402715,-22.7500000000001));
#3930=CARTESIAN_POINT('',(-31.6999993784696,30.2377132402715,-22.7500000000001));
#3931=CARTESIAN_POINT('',(12.3000006215304,31.825426480543,-20.0000000000001));
#3932=CARTESIAN_POINT('',(12.3000006215304,31.825426480543,-20.0000000000001));
#3933=CARTESIAN_POINT('',(-31.6999993784696,31.825426480543,-20.0000000000001));
#3934=CARTESIAN_POINT('Origin',(-31.6999993784696,30.2377132402715,-22.7500000000001));
#3935=CARTESIAN_POINT('',(-31.6999993784696,27.0622867597285,-22.7500000000001));
#3936=CARTESIAN_POINT('',(-31.6999993784696,15.1188566201357,-22.7500000000001));
#3937=CARTESIAN_POINT('',(-33.6999993784696,27.0622867597285,-22.7500000000001));
#3938=CARTESIAN_POINT('',(-33.6999993784696,30.2377132402715,-22.7500000000001));
#3939=CARTESIAN_POINT('',(-31.6999993784696,27.0622867597285,-22.7500000000001));
#3940=CARTESIAN_POINT('Origin',(-31.6999993784696,30.2377132402715,-22.7500000000001));
#3941=CARTESIAN_POINT('',(10.3000007697861,27.0622867597285,-22.7500000000001));
#3942=CARTESIAN_POINT('',(10.3000007697861,15.1188566201357,-22.7500000000001));
#3943=CARTESIAN_POINT('',(12.3000006215304,27.0622867597285,-22.7500000000001));
#3944=CARTESIAN_POINT('',(-31.6999993784696,27.0622867597285,-22.7500000000001));
#3945=CARTESIAN_POINT('',(12.3000006215304,30.2377132402715,-22.7500000000001));
#3946=CARTESIAN_POINT('Origin',(-31.6999993784696,27.0622867597285,-17.2500000000001));
#3947=CARTESIAN_POINT('',(-30.5499995745615,27.0622867597285,-17.2500000000001));
#3948=CARTESIAN_POINT('',(-30.5499995745616,13.5311433798643,-17.2500000000001));
#3949=CARTESIAN_POINT('',(-33.6999993784696,27.0622867597285,-17.2500000000001));
#3950=CARTESIAN_POINT('',(-31.6999993784696,27.0622867597285,-17.2500000000001));
#3951=CARTESIAN_POINT('',(-33.6999993784696,27.0622867597285,-17.2500000000001));
#3952=CARTESIAN_POINT('Origin',(-31.6999993784696,27.0622867597285,-22.7500000000001));
#3953=CARTESIAN_POINT('',(-31.6999993784696,25.4745735194571,-20.0000000000001));
#3954=CARTESIAN_POINT('',(-31.6999993784696,22.0881791928534,-14.1345929718596));
#3955=CARTESIAN_POINT('',(-33.6999993784696,25.4745735194571,-20.0000000000001));
#3956=CARTESIAN_POINT('',(-33.6999993784696,27.0622867597285,-22.7500000000001));
#3957=CARTESIAN_POINT('',(-31.6999993784696,25.4745735194571,-20.0000000000001));
#3958=CARTESIAN_POINT('Origin',(-31.6999993784696,27.0622867597285,-22.7500000000001));
#3959=CARTESIAN_POINT('',(10.3000007697861,25.4745735194571,-20.0000000000001));
#3960=CARTESIAN_POINT('',(10.3000007697861,23.7768218095935,-17.0594077798795));
#3961=CARTESIAN_POINT('',(12.3000006215304,25.4745735194571,-20.0000000000001));
#3962=CARTESIAN_POINT('',(-31.6999993784696,25.4745735194571,-20.0000000000001));
#3963=CARTESIAN_POINT('',(12.3000006215304,27.0622867597285,-22.7500000000001));
#3964=CARTESIAN_POINT('Origin',(-31.6999993784696,25.4745735194571,-20.0000000000001));
#3965=CARTESIAN_POINT('',(-31.6999993784696,26.3983340633742,-18.3999998039082));
#3966=CARTESIAN_POINT('',(-34.7802319939916,24.6199609336359,-21.4802324194301));
#3967=CARTESIAN_POINT('',(-31.6999993784696,23.2861810863322,-23.7904068810716));
#3968=CARTESIAN_POINT('',(-33.6999993784696,25.4745735194571,-20.0000000000001));
#3969=CARTESIAN_POINT('Origin',(-33.6999993784696,28.65,-20.0000000000001));
#3970=CARTESIAN_POINT('',(-33.6999993784696,26.9,-20.0000000000001));
#3971=CARTESIAN_POINT('Origin',(-33.6999993784696,28.65,-20.0000000000001));
#3972=CARTESIAN_POINT('Origin',(-31.6999993784696,30.2377132402715,-17.2500000000001));
#3973=CARTESIAN_POINT('',(10.3000007697861,30.9016659366258,-18.3999998039082));
#3974=CARTESIAN_POINT('',(10.3000007697861,27.7461049102722,-12.9344077798795));
#3975=CARTESIAN_POINT('',(12.3000006215304,30.2377132402715,-17.2500000000001));
#3976=CARTESIAN_POINT('',(12.3000006215304,30.2377132402715,-17.2500000000001));
#3977=CARTESIAN_POINT('',(9.15000096587804,30.2377132402715,-17.2500000000001));
#3978=CARTESIAN_POINT('',(-31.6999993784696,30.2377132402715,-17.2500000000001));
#3979=CARTESIAN_POINT('',(-3.49451745172503,22.9373971280951,-4.605481582397));
#3980=CARTESIAN_POINT('Origin',(-31.6999993784696,27.0622867597285,-17.2500000000001));
#3981=CARTESIAN_POINT('',(9.15000096587804,27.0622867597285,-17.2500000000001));
#3982=CARTESIAN_POINT('',(9.15000096587807,13.5311433798643,-17.2500000000001));
#3983=CARTESIAN_POINT('',(12.3000006215304,27.0622867597285,-17.2500000000001));
#3984=CARTESIAN_POINT('',(12.3000006215304,27.0622867597285,-17.2500000000001));
#3985=CARTESIAN_POINT('',(-31.6999993784696,27.0622867597285,-17.2500000000001));
#3986=CARTESIAN_POINT('Origin',(-31.6999993784696,25.4745735194571,-20.0000000000001));
#3987=CARTESIAN_POINT('',(10.3000007697861,26.3983340633742,-18.3999998039082));
#3988=CARTESIAN_POINT('',(4.38023335353899,29.8161133746844,-12.480232387661));
#3989=CARTESIAN_POINT('',(12.3000006215304,25.4745735194571,-20.0000000000001));
#3990=CARTESIAN_POINT('',(10.3000007697861,21.5975384695921,-26.7152216890916));
#3991=CARTESIAN_POINT('Origin',(12.3000006215304,28.65,-20.0000000000001));
#3992=CARTESIAN_POINT('',(12.3000006215304,26.9,-20.0000000000001));
#3993=CARTESIAN_POINT('Origin',(12.3000006215304,28.65,-20.0000000000001));
#3994=CARTESIAN_POINT('Origin',(-31.6999993784696,10.2954482671904,-17.1500000000001));
#3995=CARTESIAN_POINT('',(-31.6999993784696,11.9408965343809,-20.0000000000001));
#3996=CARTESIAN_POINT('',(-31.6999993784696,11.0171359904638,-18.3999998039082));
#3997=CARTESIAN_POINT('',(-31.6999993784696,8.62963107718079,-14.2647199907818));
#3998=CARTESIAN_POINT('',(-30.4499995745615,10.2954482671904,-17.1500000000001));
#3999=CARTESIAN_POINT('',(-29.3369823423974,9.65284746858777,-16.0369827678359));
#4000=CARTESIAN_POINT('',(-33.6999993784696,10.2954482671904,-17.1500000000001));
#4001=CARTESIAN_POINT('',(-31.6999993784696,10.2954482671904,-17.1500000000001));
#4002=CARTESIAN_POINT('',(-33.6999993784696,11.9408965343809,-20.0000000000001));
#4003=CARTESIAN_POINT('',(-33.6999993784696,10.2954482671904,-17.1500000000001));
#4004=CARTESIAN_POINT('',(-31.6999993784696,11.9408965343809,-20.0000000000001));
#4005=CARTESIAN_POINT('Origin',(-31.6999993784696,11.9408965343809,-20.0000000000001));
#4006=CARTESIAN_POINT('',(-31.6999993784696,10.2954482671904,-22.8500000000001));
#4007=CARTESIAN_POINT('',(-31.6999993784696,11.4442137243905,-20.8602798621494));
#4008=CARTESIAN_POINT('',(-33.6999993784696,10.2954482671904,-22.8500000000001));
#4009=CARTESIAN_POINT('',(-33.6999993784696,11.9408965343809,-20.0000000000001));
#4010=CARTESIAN_POINT('',(-31.6999993784696,10.2954482671904,-22.8500000000001));
#4011=CARTESIAN_POINT('Origin',(-31.6999993784696,11.9408965343809,-20.0000000000001));
#4012=CARTESIAN_POINT('',(10.3000007697861,11.9408965343809,-20.0000000000001));
#4013=CARTESIAN_POINT('',(10.3000007697861,10.2954482671904,-22.8500000000001));
#4014=CARTESIAN_POINT('',(10.3000007697861,9.7555711076504,-23.7850946701694));
#4015=CARTESIAN_POINT('',(12.3000006215304,10.2954482671904,-22.8500000000001));
#4016=CARTESIAN_POINT('',(-31.6999993784696,10.2954482671904,-22.8500000000001));
#4017=CARTESIAN_POINT('',(12.3000006215304,11.9408965343809,-20.0000000000001));
#4018=CARTESIAN_POINT('',(12.3000006215304,11.9408965343809,-20.0000000000001));
#4019=CARTESIAN_POINT('',(-31.6999993784696,11.9408965343809,-20.0000000000001));
#4020=CARTESIAN_POINT('Origin',(-31.6999993784696,10.2954482671904,-22.8500000000001));
#4021=CARTESIAN_POINT('',(-31.6999993784696,7.00455173280957,-22.8500000000001));
#4022=CARTESIAN_POINT('',(-31.6999993784696,5.14772413359522,-22.8500000000001));
#4023=CARTESIAN_POINT('',(-33.6999993784696,7.00455173280957,-22.8500000000001));
#4024=CARTESIAN_POINT('',(-33.6999993784696,10.2954482671904,-22.8500000000001));
#4025=CARTESIAN_POINT('',(-31.6999993784696,7.00455173280957,-22.8500000000001));
#4026=CARTESIAN_POINT('Origin',(-31.6999993784696,10.2954482671904,-22.8500000000001));
#4027=CARTESIAN_POINT('',(10.3000007697861,7.00455173280957,-22.8500000000001));
#4028=CARTESIAN_POINT('',(10.3000007697861,5.14772413359522,-22.8500000000001));
#4029=CARTESIAN_POINT('',(12.3000006215304,7.00455173280957,-22.8500000000001));
#4030=CARTESIAN_POINT('',(-31.6999993784696,7.00455173280957,-22.8500000000001));
#4031=CARTESIAN_POINT('',(12.3000006215304,10.2954482671904,-22.8500000000001));
#4032=CARTESIAN_POINT('Origin',(-31.6999993784696,7.00455173280956,-17.1500000000001));
#4033=CARTESIAN_POINT('',(-30.4499995745615,7.00455173280956,-17.1500000000001));
#4034=CARTESIAN_POINT('',(-30.4499995745615,3.50227586640478,-17.1500000000001));
#4035=CARTESIAN_POINT('',(-33.6999993784696,7.00455173280956,-17.1500000000001));
#4036=CARTESIAN_POINT('',(-31.6999993784696,7.00455173280956,-17.1500000000001));
#4037=CARTESIAN_POINT('',(-33.6999993784696,7.00455173280956,-17.1500000000001));
#4038=CARTESIAN_POINT('Origin',(-31.6999993784696,7.00455173280957,-22.8500000000001));
#4039=CARTESIAN_POINT('',(-31.6999993784696,5.35910346561914,-20.0000000000001));
#4040=CARTESIAN_POINT('',(-31.6999993784696,4.51601040920471,-18.5397199907818));
#4041=CARTESIAN_POINT('',(-33.6999993784696,5.35910346561914,-20.0000000000001));
#4042=CARTESIAN_POINT('',(-33.6999993784696,7.00455173280957,-22.8500000000001));
#4043=CARTESIAN_POINT('',(-31.6999993784696,5.35910346561914,-20.0000000000001));
#4044=CARTESIAN_POINT('Origin',(-31.6999993784696,7.00455173280957,-22.8500000000001));
#4045=CARTESIAN_POINT('',(10.3000007697861,5.35910346561914,-20.0000000000001));
#4046=CARTESIAN_POINT('',(10.3000007697861,6.20465302594483,-21.4645347988017));
#4047=CARTESIAN_POINT('',(12.3000006215304,5.35910346561914,-20.0000000000001));
#4048=CARTESIAN_POINT('',(-31.6999993784696,5.35910346561914,-20.0000000000001));
#4049=CARTESIAN_POINT('',(12.3000006215304,7.00455173280957,-22.8500000000001));
#4050=CARTESIAN_POINT('Origin',(-31.6999993784696,5.35910346561914,-20.0000000000001));
#4051=CARTESIAN_POINT('',(-31.6999993784696,6.28286400953624,-18.3999998039082));
#4052=CARTESIAN_POINT('',(-32.2915879831789,5.94131016935781,-18.9915884086175));
#4053=CARTESIAN_POINT('',(-31.6999993784696,5.68514478922399,-19.4352798621495));
#4054=CARTESIAN_POINT('',(-33.6999993784696,5.35910346561914,-20.0000000000001));
#4055=CARTESIAN_POINT('Origin',(-33.6999993784696,8.65,-20.0000000000001));
#4056=CARTESIAN_POINT('',(-33.6999993784696,6.9,-20.0000000000001));
#4057=CARTESIAN_POINT('Origin',(-33.6999993784696,8.65,-20.0000000000001));
#4058=CARTESIAN_POINT('Origin',(-31.6999993784696,7.00455173280956,-17.1500000000001));
#4059=CARTESIAN_POINT('',(9.05000096587806,7.00455173280956,-17.1500000000001));
#4060=CARTESIAN_POINT('',(9.05000096587804,10.2954482671904,-17.1500000000001));
#4061=CARTESIAN_POINT('',(9.05000096587806,3.50227586640482,-17.1500000000001));
#4062=CARTESIAN_POINT('',(12.3000006215304,10.2954482671904,-17.1500000000001));
#4063=CARTESIAN_POINT('',(-31.6999993784696,10.2954482671904,-17.1500000000001));
#4064=CARTESIAN_POINT('',(12.3000006215304,7.00455173280956,-17.1500000000001));
#4065=CARTESIAN_POINT('',(12.3000006215304,7.00455173280956,-17.1500000000001));
#4066=CARTESIAN_POINT('',(-31.6999993784696,7.00455173280956,-17.1500000000001));
#4067=CARTESIAN_POINT('Origin',(-31.6999993784696,5.35910346561914,-20.0000000000001));
#4068=CARTESIAN_POINT('',(10.3000007697861,6.28286400953625,-18.3999998039082));
#4069=CARTESIAN_POINT('',(1.89158934272633,11.1374626104063,-9.99158837684836));
#4070=CARTESIAN_POINT('',(12.3000006215304,5.35910346561914,-20.0000000000001));
#4071=CARTESIAN_POINT('',(10.3000007697861,3.99650217248388,-22.3600946701694));
#4072=CARTESIAN_POINT('Origin',(-31.6999993784696,10.2954482671904,-17.1500000000001));
#4073=CARTESIAN_POINT('',(10.3000007697861,11.0171359904638,-18.3999998039082));
#4074=CARTESIAN_POINT('',(10.3000007697861,10.3182736939209,-17.1895347988017));
#4075=CARTESIAN_POINT('',(12.3000006215304,10.2954482671904,-17.1500000000001));
#4076=CARTESIAN_POINT('',(-1.06301629805519,4.45669502753923,-7.03698273606684));
#4077=CARTESIAN_POINT('Origin',(12.3000006215304,8.65,-20.0000000000001));
#4078=CARTESIAN_POINT('',(12.3000006215304,6.9,-20.0000000000001));
#4079=CARTESIAN_POINT('Origin',(12.3000006215304,8.65,-20.0000000000001));
#4080=CARTESIAN_POINT('Origin',(10.3000007697861,0.,-23.199505958628));
#4081=CARTESIAN_POINT('',(10.3000007697861,33.5,-18.3999998039082));
#4082=CARTESIAN_POINT('',(10.3000007697861,0.,-18.3999998039082));
#4083=CARTESIAN_POINT('',(10.3000007697861,33.5,-23.199505958628));
#4084=CARTESIAN_POINT('',(10.3000007697861,33.5,-15.3999998039082));
#4085=CARTESIAN_POINT('',(10.3000007697861,-3.,-23.199505958628));
#4086=CARTESIAN_POINT('',(10.3000007697861,0.,-23.199505958628));
#4087=CARTESIAN_POINT('',(10.3000007697861,-3.,-18.3999998039082));
#4088=CARTESIAN_POINT('',(10.3000007697861,-3.,-15.3999998039082));
#4089=CARTESIAN_POINT('',(10.3000007697861,0.,-18.3999998039082));
#4090=CARTESIAN_POINT('',(10.3000007697861,0.,-18.3999998039082));
#4091=CARTESIAN_POINT('Origin',(-30.1999993784696,0.,-16.8999998039082));
#4092=CARTESIAN_POINT('',(-31.6999993784696,33.5,-18.3999998039082));
#4093=CARTESIAN_POINT('',(-31.6999993784696,0.,-18.3999998039082));
#4094=CARTESIAN_POINT('',(-28.6999993784696,33.5,-15.3999998039082));
#4095=CARTESIAN_POINT('',(-23.9999377620554,33.5,-10.6999381874939));
#4096=CARTESIAN_POINT('',(-28.6999993784696,-3.,-15.3999998039082));
#4097=CARTESIAN_POINT('',(-28.6999993784696,0.,-15.3999998039082));
#4098=CARTESIAN_POINT('',(-31.6999993784696,-3.,-18.3999998039082));
#4099=CARTESIAN_POINT('',(-23.9999377620554,-3.,-10.6999381874939));
#4100=CARTESIAN_POINT('',(-31.6999993784696,0.,-18.3999998039082));
#4101=CARTESIAN_POINT('',(-31.6999993784696,0.,-18.3999998039082));
#4102=CARTESIAN_POINT('Origin',(-16.1999993043417,28.2403810567666,-15.3999998039082));
#4103=CARTESIAN_POINT('',(-3.19999930434175,28.2403810567666,-12.4000003668927));
#4104=CARTESIAN_POINT('',(-16.1999993043417,28.2403810567666,-12.4000001416989));
#4105=CARTESIAN_POINT('',(-3.28999939772423,28.2403810567666,-12.4000003653337));
#4106=CARTESIAN_POINT('',(-16.1999993043417,28.2403810567666,-15.3999998039082));
#4107=CARTESIAN_POINT('',(-16.1999993043417,28.2403810567666,-15.3999998039082));
#4108=CARTESIAN_POINT('',(-3.19999930434175,28.2403810567666,-15.3999998039082));
#4109=CARTESIAN_POINT('',(-2.9499992672778,28.2403810567666,-15.3999998039082));
#4110=CARTESIAN_POINT('',(-3.19999930434175,28.2403810567666,-15.3999998039082));
#4111=CARTESIAN_POINT('Origin',(-2.19999930434176,3.99166975080229,-15.3999998039082));
#4112=CARTESIAN_POINT('',(-2.19999930434176,3.99166975080229,-12.4000003842153));
#4113=CARTESIAN_POINT('',(0.141722524240788,-0.0643114334957838,-12.4000004247801));
#4114=CARTESIAN_POINT('',(-2.19999930434176,3.99166975080229,-15.3999998039082));
#4115=CARTESIAN_POINT('',(-2.19999930434176,3.99166975080229,-15.3999998039082));
#4116=CARTESIAN_POINT('',(0.226722556852396,-0.211535808624099,-15.3999998039082));
#4117=CARTESIAN_POINT('Origin',(4.30000069565825,15.25,-15.3999998039082));
#4118=CARTESIAN_POINT('',(4.30000069565825,15.25,-12.4000004968123));
#4119=CARTESIAN_POINT('',(1.66327882038445,10.6830637465975,-12.4000004511374));
#4120=CARTESIAN_POINT('',(4.30000069565825,15.25,-15.3999998039082));
#4121=CARTESIAN_POINT('',(4.30000069565825,15.25,-15.3999998039082));
#4122=CARTESIAN_POINT('',(1.74827885299606,10.8302881217258,-15.3999998039082));
#4123=CARTESIAN_POINT('Origin',(-3.19999930434175,28.2403810567666,-15.3999998039082));
#4124=CARTESIAN_POINT('',(4.5167225242408,14.8746267817858,-12.4000005005665));
#4125=CARTESIAN_POINT('',(4.60172255685241,14.7274024066575,-15.3999998039082));
#4126=CARTESIAN_POINT('Origin',(-25.6999993043418,15.25,-15.3999998039082));
#4127=CARTESIAN_POINT('',(-19.1999993043418,26.5083302491977,-12.4000000897311));
#4128=CARTESIAN_POINT('',(-25.6999993043418,15.25,-12.3999999771342));
#4129=CARTESIAN_POINT('',(-24.5867211796155,17.1782542749808,-12.3999999964191));
#4130=CARTESIAN_POINT('',(-25.6999993043418,15.25,-15.3999998039082));
#4131=CARTESIAN_POINT('',(-25.6999993043418,15.25,-15.3999998039082));
#4132=CARTESIAN_POINT('',(-19.1999993043418,26.5083302491977,-15.3999998039082));
#4133=CARTESIAN_POINT('',(-24.5017211470039,17.3254786501091,-15.3999998039082));
#4134=CARTESIAN_POINT('',(-19.1999993043418,26.5083302491977,-15.3999998039082));
#4135=CARTESIAN_POINT('Origin',(-18.1999993043418,2.25961894323342,-15.3999998039082));
#4136=CARTESIAN_POINT('',(-18.1999993043418,2.25961894323342,-12.4000001070537));
#4137=CARTESIAN_POINT('',(-14.2332774757592,-4.61094480336408,-12.4000001757677));
#4138=CARTESIAN_POINT('',(-18.1999993043418,2.25961894323342,-15.3999998039082));
#4139=CARTESIAN_POINT('',(-18.1999993043418,2.25961894323342,-15.3999998039082));
#4140=CARTESIAN_POINT('',(-14.1482774431476,-4.75816917849239,-15.3999998039082));
#4141=CARTESIAN_POINT('Origin',(-5.19999930434178,2.25961894323342,-15.3999998039082));
#4142=CARTESIAN_POINT('',(-5.19999930434178,2.25961894323341,-12.4000003322475));
#4143=CARTESIAN_POINT('',(2.21000060227575,2.25961894323341,-12.400000460608));
#4144=CARTESIAN_POINT('',(-5.19999930434178,2.25961894323341,-15.3999998039082));
#4145=CARTESIAN_POINT('',(-5.19999930434178,2.25961894323341,-15.3999998039082));
#4146=CARTESIAN_POINT('',(2.55000073272218,2.25961894323341,-15.3999998039082));
#4147=CARTESIAN_POINT('Origin',(-19.1999993043418,26.5083302491977,-15.3999998039082));
#4148=CARTESIAN_POINT('',(-9.85827747575922,10.3279934119175,-12.400000251554));
#4149=CARTESIAN_POINT('',(-9.77327744314762,10.1807690367892,-15.3999998039082));
#4150=CARTESIAN_POINT('Origin',(-17.19999961555,0.,-10.2499997708946));
#4151=CARTESIAN_POINT('',(-16.39999961555,-3.,-10.2499997708946));
#4152=CARTESIAN_POINT('',(-16.39999961555,0.,-10.2499997708946));
#4153=CARTESIAN_POINT('Origin',(-17.19999961555,-3.,-10.2499997708946));
#4154=CARTESIAN_POINT('Origin',(7.24999983794987,0.,-10.2499997708946));
#4155=CARTESIAN_POINT('',(8.04999983794987,-3.,-10.2499997708946));
#4156=CARTESIAN_POINT('',(8.04999983794987,0.,-10.2499997708946));
#4157=CARTESIAN_POINT('Origin',(7.24999983794987,-3.,-10.2499997708946));
#4158=CARTESIAN_POINT('Origin',(14.3000007697862,28.65,-20.0000000000001));
#4159=CARTESIAN_POINT('',(-35.6999992302138,26.9,-20.0000000000001));
#4160=CARTESIAN_POINT('',(14.3000007697862,26.9,-20.0000000000001));
#4161=CARTESIAN_POINT('Origin',(-35.6999993784696,28.65,-20.0000000000001));
#4162=CARTESIAN_POINT('Origin',(14.3000007697862,28.65,-20.0000000000001));
#4163=CARTESIAN_POINT('',(14.3000007697862,26.9,-20.0000000000001));
#4164=CARTESIAN_POINT('Origin',(14.3000007697861,28.65,-20.0000000000001));
#4165=CARTESIAN_POINT('',(14.3000007697862,26.9,-20.0000000000001));
#4166=CARTESIAN_POINT('Origin',(14.3000007697862,8.65,-20.0000000000001));
#4167=CARTESIAN_POINT('',(-35.6999992302138,6.9,-20.0000000000001));
#4168=CARTESIAN_POINT('',(14.3000007697862,6.9,-20.0000000000001));
#4169=CARTESIAN_POINT('Origin',(-35.6999993784696,8.65,-20.0000000000001));
#4170=CARTESIAN_POINT('Origin',(14.3000007697862,8.65,-20.0000000000001));
#4171=CARTESIAN_POINT('',(14.3000007697862,6.9,-20.0000000000001));
#4172=CARTESIAN_POINT('Origin',(14.3000007697861,8.65,-20.0000000000001));
#4173=CARTESIAN_POINT('',(14.3000007697862,6.9,-20.0000000000001));
#4174=CARTESIAN_POINT('Origin',(-31.6999993784696,0.,-15.3999998039082));
#4175=CARTESIAN_POINT('',(-31.6999993784696,-3.,-23.199505958628));
#4176=CARTESIAN_POINT('',(-31.6999993784696,-3.,-15.3999998039082));
#4177=CARTESIAN_POINT('',(-31.6999993784696,33.5,-23.199505958628));
#4178=CARTESIAN_POINT('',(-31.6999993784696,0.,-23.199505958628));
#4179=CARTESIAN_POINT('',(-31.6999993784696,33.5,-15.3999998039082));
#4180=CARTESIAN_POINT('Origin',(8.80000076978614,0.,-16.8999998039082));
#4181=CARTESIAN_POINT('',(7.30000076978614,-3.,-15.3999998039082));
#4182=CARTESIAN_POINT('',(2.59993915337188,-3.,-10.6999381874939));
#4183=CARTESIAN_POINT('',(7.30000076978614,33.5,-15.3999998039082));
#4184=CARTESIAN_POINT('',(7.30000076978614,0.,-15.3999998039082));
#4185=CARTESIAN_POINT('',(2.59993915337188,33.5,-10.6999381874939));
#4186=CARTESIAN_POINT('Origin',(10.3000007697861,0.,-15.3999998039082));
#4187=CARTESIAN_POINT('',(-31.6999993784696,-3.,-15.3999998039082));
#4188=CARTESIAN_POINT('',(-31.6999993784696,33.5,-15.3999998039082));
#4189=CARTESIAN_POINT('Origin',(9.62000045692548,0.,-12.4000005889685));
#4190=CARTESIAN_POINT('',(-35.6999993784696,33.5,-12.3999998039082));
#4191=CARTESIAN_POINT('',(-35.2528801343894,33.5,-12.3999998116534));
#4192=CARTESIAN_POINT('',(-35.6999993784696,0.,-12.3999998039082));
#4193=CARTESIAN_POINT('Origin',(4.62000433908029,0.,-9.50000308644204));
#4194=CARTESIAN_POINT('',(4.62000433908029,-3.,-9.50000308644204));
#4195=CARTESIAN_POINT('',(4.62000433908029,0.,-9.50000308644204));
#4196=CARTESIAN_POINT('',(4.62000269343305,-3.,1.73225971789037E-6));
#4197=CARTESIAN_POINT('',(4.62000433908029,-3.,-9.50000308644204));
#4198=CARTESIAN_POINT('',(4.62000269343305,0.,1.73225971789037E-6));
#4199=CARTESIAN_POINT('Origin',(-7.37999706402455,0.,-9.50000516515406));
#4200=CARTESIAN_POINT('',(-7.37999706402455,-3.,-9.50000516515406));
#4201=CARTESIAN_POINT('',(-7.37999706402455,0.,-9.50000516515406));
#4202=CARTESIAN_POINT('',(-7.37999706402455,-3.,-9.50000516515406));
#4203=CARTESIAN_POINT('Origin',(-7.3799968215005,0.,-10.9000043856581));
#4204=CARTESIAN_POINT('',(-7.37999706401718,-3.,-10.9000043856582));
#4205=CARTESIAN_POINT('',(-7.37999706401718,0.,-10.9000043856582));
#4206=CARTESIAN_POINT('',(-7.3799968215005,-3.,-10.9000043856581));
#4207=CARTESIAN_POINT('Origin',(-14.8799977222801,0.,-10.900005684895));
#4208=CARTESIAN_POINT('',(-14.8799977222801,-3.,-10.900005684895));
#4209=CARTESIAN_POINT('',(-14.8799977222801,0.,-10.900005684895));
#4210=CARTESIAN_POINT('',(-14.8799977222801,-3.,-10.900005684895));
#4211=CARTESIAN_POINT('Origin',(-14.8799983805392,0.,-7.1000048013799));
#4212=CARTESIAN_POINT('',(-14.8799983805392,-3.,-7.1000048013799));
#4213=CARTESIAN_POINT('',(-14.8799983805392,0.,-7.1000048013799));
#4214=CARTESIAN_POINT('',(-14.8799983805392,-3.,-7.1000048013799));
#4215=CARTESIAN_POINT('Origin',(-17.2800001821182,0.,-7.1000052171227));
#4216=CARTESIAN_POINT('',(-17.2800001821182,-3.,-7.1000052171227));
#4217=CARTESIAN_POINT('',(-17.2800001821182,0.,-7.1000052171227));
#4218=CARTESIAN_POINT('',(-17.2800001821182,-3.,-7.1000052171227));
#4219=CARTESIAN_POINT('Origin',(-20.9510357064973,0.,-10.9000045810329));
#4220=CARTESIAN_POINT('',(-20.9510359087356,-3.,-10.9000043856582));
#4221=CARTESIAN_POINT('',(-20.9510359087356,0.,-10.9000043856582));
#4222=CARTESIAN_POINT('',(-20.9510359087356,-3.,-10.9000047903759));
#4223=CARTESIAN_POINT('Origin',(-30.6999989206982,0.,-10.9000043856582));
#4224=CARTESIAN_POINT('',(-30.6999989206982,-3.,-10.9000043856582));
#4225=CARTESIAN_POINT('',(-30.6999989206982,0.,-10.9000043856582));
#4226=CARTESIAN_POINT('',(-20.9510359087356,-3.,-10.9000043856582));
#4227=CARTESIAN_POINT('Origin',(-31.6999993784696,0.,-23.199505958628));
#4228=CARTESIAN_POINT('',(-35.6999993784696,-3.,-23.199505958628));
#4229=CARTESIAN_POINT('',(-35.6999993784696,33.5,-23.199505958628));
#4230=CARTESIAN_POINT('',(-35.6999993784696,0.,-23.199505958628));
#4231=CARTESIAN_POINT('',(-31.6999993784696,33.5,-23.199505958628));
#4232=CARTESIAN_POINT('',(-31.6999993784696,-3.,-23.199505958628));
#4233=CARTESIAN_POINT('Origin',(14.3000007697861,0.,-23.199505958628));
#4234=CARTESIAN_POINT('',(14.3000007697861,33.5,-23.199505958628));
#4235=CARTESIAN_POINT('',(10.3000007697861,33.5,-23.199505958628));
#4236=CARTESIAN_POINT('',(14.3000007697861,-3.,-23.199505958628));
#4237=CARTESIAN_POINT('',(14.3000007697861,0.,-23.199505958628));
#4238=CARTESIAN_POINT('',(10.3000007697861,-3.,-23.199505958628));
#4239=CARTESIAN_POINT('Origin',(14.3000007697861,0.,-15.3999998039082));
#4240=CARTESIAN_POINT('',(14.3000007697861,33.5,-15.3999998039082));
#4241=CARTESIAN_POINT('',(14.3000007697861,33.5,-23.199505958628));
#4242=CARTESIAN_POINT('',(14.3000007697861,-3.,-15.3999998039082));
#4243=CARTESIAN_POINT('',(14.3000007697861,0.,-15.3999998039082));
#4244=CARTESIAN_POINT('',(14.3000007697861,-3.,-23.199505958628));
#4245=CARTESIAN_POINT('Origin',(14.2999996803701,0.,-12.4000005889684));
#4246=CARTESIAN_POINT('',(14.2999996803701,33.5,-12.4000005889684));
#4247=CARTESIAN_POINT('',(14.3000007697861,33.5,-15.3999998039082));
#4248=CARTESIAN_POINT('',(14.2999996803701,-3.,-12.4000005889684));
#4249=CARTESIAN_POINT('',(14.2999996803701,0.,-12.4000005889684));
#4250=CARTESIAN_POINT('',(14.3000007697861,-3.,-15.3999998039082));
#4251=CARTESIAN_POINT('Origin',(-31.6999993784696,30.2377132402715,17.2500000000001));
#4252=CARTESIAN_POINT('',(-31.6999993784696,31.825426480543,20.0000000000001));
#4253=CARTESIAN_POINT('',(-31.6999993784696,30.9016659366258,18.3999998039082));
#4254=CARTESIAN_POINT('',(-31.6999993784696,26.057462293532,10.0095929718595));
#4255=CARTESIAN_POINT('',(-33.6999993784696,31.825426480543,20.0000000000001));
#4256=CARTESIAN_POINT('',(-31.6999993784696,31.825426480543,20.0000000000001));
#4257=CARTESIAN_POINT('',(-33.6999993784696,30.2377132402715,17.2500000000001));
#4258=CARTESIAN_POINT('',(-33.6999993784696,30.2377132402715,17.2500000000001));
#4259=CARTESIAN_POINT('',(-30.5499995745615,30.2377132402715,17.2500000000001));
#4260=CARTESIAN_POINT('',(-31.6999993784696,30.2377132402715,17.2500000000001));
#4261=CARTESIAN_POINT('',(-26.9054811887275,28.1335495691437,13.6054816141661));
#4262=CARTESIAN_POINT('Origin',(-31.6999993784696,31.825426480543,20.0000000000001));
#4263=CARTESIAN_POINT('',(-31.6999993784696,30.2377132402715,22.7500000000001));
#4264=CARTESIAN_POINT('',(-31.6999993784696,28.8431774272823,25.1654068810716));
#4265=CARTESIAN_POINT('',(-33.6999993784696,30.2377132402715,22.7500000000001));
#4266=CARTESIAN_POINT('',(-31.6999993784696,30.2377132402715,22.7500000000001));
#4267=CARTESIAN_POINT('',(-33.6999993784696,31.825426480543,20.0000000000001));
#4268=CARTESIAN_POINT('Origin',(-31.6999993784696,31.825426480543,20.0000000000001));
#4269=CARTESIAN_POINT('',(10.3000007697861,31.825426480543,20.0000000000001));
#4270=CARTESIAN_POINT('',(10.3000007697861,30.2377132402715,22.7500000000001));
#4271=CARTESIAN_POINT('',(10.3000007697861,27.1545348105422,28.0902216890916));
#4272=CARTESIAN_POINT('',(12.3000006215304,31.825426480543,20.0000000000001));
#4273=CARTESIAN_POINT('',(-31.6999993784696,31.825426480543,20.0000000000001));
#4274=CARTESIAN_POINT('',(12.3000006215304,30.2377132402715,22.7500000000001));
#4275=CARTESIAN_POINT('',(12.3000006215304,31.825426480543,20.0000000000001));
#4276=CARTESIAN_POINT('',(-31.6999993784696,30.2377132402715,22.7500000000001));
#4277=CARTESIAN_POINT('Origin',(-31.6999993784696,30.2377132402715,22.7500000000001));
#4278=CARTESIAN_POINT('',(-31.6999993784696,27.0622867597285,22.7500000000001));
#4279=CARTESIAN_POINT('',(-31.6999993784696,15.1188566201357,22.7500000000001));
#4280=CARTESIAN_POINT('',(-33.6999993784696,27.0622867597285,22.7500000000001));
#4281=CARTESIAN_POINT('',(-31.6999993784696,27.0622867597285,22.7500000000001));
#4282=CARTESIAN_POINT('',(-33.6999993784696,30.2377132402715,22.7500000000001));
#4283=CARTESIAN_POINT('Origin',(-31.6999993784696,30.2377132402715,22.7500000000001));
#4284=CARTESIAN_POINT('',(10.3000007697861,27.0622867597285,22.7500000000001));
#4285=CARTESIAN_POINT('',(10.3000007697861,15.1188566201357,22.7500000000001));
#4286=CARTESIAN_POINT('',(12.3000006215304,27.0622867597285,22.7500000000001));
#4287=CARTESIAN_POINT('',(12.3000006215304,30.2377132402715,22.7500000000001));
#4288=CARTESIAN_POINT('',(-31.6999993784696,27.0622867597285,22.7500000000001));
#4289=CARTESIAN_POINT('Origin',(-31.6999993784696,27.0622867597285,17.2500000000001));
#4290=CARTESIAN_POINT('',(-30.5499995745615,27.0622867597285,17.2500000000001));
#4291=CARTESIAN_POINT('',(-30.5499995745616,13.5311433798643,17.2500000000001));
#4292=CARTESIAN_POINT('',(-33.6999993784696,27.0622867597285,17.2500000000001));
#4293=CARTESIAN_POINT('',(-33.6999993784696,27.0622867597285,17.2500000000001));
#4294=CARTESIAN_POINT('',(-31.6999993784696,27.0622867597285,17.2500000000001));
#4295=CARTESIAN_POINT('Origin',(-31.6999993784696,27.0622867597285,22.7500000000001));
#4296=CARTESIAN_POINT('',(-31.6999993784696,25.4745735194571,20.0000000000001));
#4297=CARTESIAN_POINT('',(-31.6999993784696,22.0881791928534,14.1345929718596));
#4298=CARTESIAN_POINT('',(-33.6999993784696,25.4745735194571,20.0000000000001));
#4299=CARTESIAN_POINT('',(-31.6999993784696,25.4745735194571,20.0000000000001));
#4300=CARTESIAN_POINT('',(-33.6999993784696,27.0622867597285,22.7500000000001));
#4301=CARTESIAN_POINT('Origin',(-31.6999993784696,27.0622867597285,22.7500000000001));
#4302=CARTESIAN_POINT('',(10.3000007697861,25.4745735194571,20.0000000000001));
#4303=CARTESIAN_POINT('',(10.3000007697861,23.7768218095935,17.0594077798795));
#4304=CARTESIAN_POINT('',(12.3000006215304,25.4745735194571,20.0000000000001));
#4305=CARTESIAN_POINT('',(12.3000006215304,27.0622867597285,22.7500000000001));
#4306=CARTESIAN_POINT('',(-31.6999993784696,25.4745735194571,20.0000000000001));
#4307=CARTESIAN_POINT('Origin',(-31.6999993784696,25.4745735194571,20.0000000000001));
#4308=CARTESIAN_POINT('',(-31.6999993784696,26.3983340633742,18.3999998039082));
#4309=CARTESIAN_POINT('',(-34.7802319939916,24.6199609336359,21.4802324194301));
#4310=CARTESIAN_POINT('',(-33.6999993784696,25.4745735194571,20.0000000000001));
#4311=CARTESIAN_POINT('',(-31.6999993784696,23.2861810863322,23.7904068810716));
#4312=CARTESIAN_POINT('Origin',(-33.6999993784696,28.65,20.0000000000001));
#4313=CARTESIAN_POINT('',(-33.6999993784696,26.9,20.0000000000001));
#4314=CARTESIAN_POINT('Origin',(-33.6999993784696,28.65,20.0000000000001));
#4315=CARTESIAN_POINT('Origin',(-31.6999993784696,30.2377132402715,17.2500000000001));
#4316=CARTESIAN_POINT('',(10.3000007697861,30.9016659366258,18.3999998039082));
#4317=CARTESIAN_POINT('',(10.3000007697861,27.7461049102722,12.9344077798795));
#4318=CARTESIAN_POINT('',(9.15000096587804,30.2377132402715,17.2500000000001));
#4319=CARTESIAN_POINT('',(-3.49451745172503,22.9373971280951,4.605481582397));
#4320=CARTESIAN_POINT('',(12.3000006215304,30.2377132402715,17.2500000000001));
#4321=CARTESIAN_POINT('',(-31.6999993784696,30.2377132402715,17.2500000000001));
#4322=CARTESIAN_POINT('',(12.3000006215304,30.2377132402715,17.2500000000001));
#4323=CARTESIAN_POINT('Origin',(-31.6999993784696,27.0622867597285,17.2500000000001));
#4324=CARTESIAN_POINT('',(9.15000096587804,27.0622867597285,17.2500000000001));
#4325=CARTESIAN_POINT('',(9.15000096587807,13.5311433798643,17.2500000000001));
#4326=CARTESIAN_POINT('',(12.3000006215304,27.0622867597285,17.2500000000001));
#4327=CARTESIAN_POINT('',(-31.6999993784696,27.0622867597285,17.2500000000001));
#4328=CARTESIAN_POINT('',(12.3000006215304,27.0622867597285,17.2500000000001));
#4329=CARTESIAN_POINT('Origin',(-31.6999993784696,25.4745735194571,20.0000000000001));
#4330=CARTESIAN_POINT('',(10.3000007697861,26.3983340633742,18.3999998039082));
#4331=CARTESIAN_POINT('',(4.38023335353899,29.8161133746844,12.480232387661));
#4332=CARTESIAN_POINT('',(10.3000007697861,21.5975384695921,26.7152216890916));
#4333=CARTESIAN_POINT('',(12.3000006215304,25.4745735194571,20.0000000000001));
#4334=CARTESIAN_POINT('Origin',(12.3000006215304,28.65,20.0000000000001));
#4335=CARTESIAN_POINT('',(12.3000006215304,26.9,20.0000000000001));
#4336=CARTESIAN_POINT('Origin',(12.3000006215304,28.65,20.0000000000001));
#4337=CARTESIAN_POINT('Origin',(-31.6999993784696,10.2954482671904,17.1500000000001));
#4338=CARTESIAN_POINT('',(-31.6999993784696,11.9408965343809,20.0000000000001));
#4339=CARTESIAN_POINT('',(-31.6999993784696,11.0171359904638,18.3999998039082));
#4340=CARTESIAN_POINT('',(-31.6999993784696,8.62963107718079,14.2647199907818));
#4341=CARTESIAN_POINT('',(-33.6999993784696,11.9408965343809,20.0000000000001));
#4342=CARTESIAN_POINT('',(-31.6999993784696,11.9408965343809,20.0000000000001));
#4343=CARTESIAN_POINT('',(-33.6999993784696,10.2954482671904,17.1500000000001));
#4344=CARTESIAN_POINT('',(-33.6999993784696,10.2954482671904,17.1500000000001));
#4345=CARTESIAN_POINT('',(-30.4499995745615,10.2954482671904,17.1500000000001));
#4346=CARTESIAN_POINT('',(-31.6999993784696,10.2954482671904,17.1500000000001));
#4347=CARTESIAN_POINT('',(-29.3369823423974,9.65284746858777,16.0369827678359));
#4348=CARTESIAN_POINT('Origin',(-31.6999993784696,11.9408965343809,20.0000000000001));
#4349=CARTESIAN_POINT('',(-31.6999993784696,10.2954482671904,22.8500000000001));
#4350=CARTESIAN_POINT('',(-31.6999993784696,11.4442137243905,20.8602798621494));
#4351=CARTESIAN_POINT('',(-33.6999993784696,10.2954482671904,22.8500000000001));
#4352=CARTESIAN_POINT('',(-31.6999993784696,10.2954482671904,22.8500000000001));
#4353=CARTESIAN_POINT('',(-33.6999993784696,11.9408965343809,20.0000000000001));
#4354=CARTESIAN_POINT('Origin',(-31.6999993784696,11.9408965343809,20.0000000000001));
#4355=CARTESIAN_POINT('',(10.3000007697861,11.9408965343809,20.0000000000001));
#4356=CARTESIAN_POINT('',(10.3000007697861,10.2954482671904,22.8500000000001));
#4357=CARTESIAN_POINT('',(10.3000007697861,9.7555711076504,23.7850946701694));
#4358=CARTESIAN_POINT('',(12.3000006215304,11.9408965343809,20.0000000000001));
#4359=CARTESIAN_POINT('',(-31.6999993784696,11.9408965343809,20.0000000000001));
#4360=CARTESIAN_POINT('',(12.3000006215304,10.2954482671904,22.8500000000001));
#4361=CARTESIAN_POINT('',(12.3000006215304,11.9408965343809,20.0000000000001));
#4362=CARTESIAN_POINT('',(-31.6999993784696,10.2954482671904,22.8500000000001));
#4363=CARTESIAN_POINT('Origin',(-31.6999993784696,10.2954482671904,22.8500000000001));
#4364=CARTESIAN_POINT('',(-31.6999993784696,7.00455173280957,22.8500000000001));
#4365=CARTESIAN_POINT('',(-31.6999993784696,5.14772413359522,22.8500000000001));
#4366=CARTESIAN_POINT('',(-33.6999993784696,7.00455173280957,22.8500000000001));
#4367=CARTESIAN_POINT('',(-31.6999993784696,7.00455173280957,22.8500000000001));
#4368=CARTESIAN_POINT('',(-33.6999993784696,10.2954482671904,22.8500000000001));
#4369=CARTESIAN_POINT('Origin',(-31.6999993784696,10.2954482671904,22.8500000000001));
#4370=CARTESIAN_POINT('',(10.3000007697861,7.00455173280957,22.8500000000001));
#4371=CARTESIAN_POINT('',(10.3000007697861,5.14772413359522,22.8500000000001));
#4372=CARTESIAN_POINT('',(12.3000006215304,7.00455173280957,22.8500000000001));
#4373=CARTESIAN_POINT('',(12.3000006215304,10.2954482671904,22.8500000000001));
#4374=CARTESIAN_POINT('',(-31.6999993784696,7.00455173280957,22.8500000000001));
#4375=CARTESIAN_POINT('Origin',(-31.6999993784696,7.00455173280956,17.1500000000001));
#4376=CARTESIAN_POINT('',(-30.4499995745615,7.00455173280956,17.1500000000001));
#4377=CARTESIAN_POINT('',(-30.4499995745615,3.50227586640478,17.1500000000001));
#4378=CARTESIAN_POINT('',(-33.6999993784696,7.00455173280956,17.1500000000001));
#4379=CARTESIAN_POINT('',(-33.6999993784696,7.00455173280956,17.1500000000001));
#4380=CARTESIAN_POINT('',(-31.6999993784696,7.00455173280956,17.1500000000001));
#4381=CARTESIAN_POINT('Origin',(-31.6999993784696,7.00455173280957,22.8500000000001));
#4382=CARTESIAN_POINT('',(-31.6999993784696,5.35910346561914,20.0000000000001));
#4383=CARTESIAN_POINT('',(-31.6999993784696,4.51601040920471,18.5397199907818));
#4384=CARTESIAN_POINT('',(-33.6999993784696,5.35910346561914,20.0000000000001));
#4385=CARTESIAN_POINT('',(-31.6999993784696,5.35910346561914,20.0000000000001));
#4386=CARTESIAN_POINT('',(-33.6999993784696,7.00455173280957,22.8500000000001));
#4387=CARTESIAN_POINT('Origin',(-31.6999993784696,7.00455173280957,22.8500000000001));
#4388=CARTESIAN_POINT('',(10.3000007697861,5.35910346561914,20.0000000000001));
#4389=CARTESIAN_POINT('',(10.3000007697861,6.20465302594483,21.4645347988017));
#4390=CARTESIAN_POINT('',(12.3000006215304,5.35910346561914,20.0000000000001));
#4391=CARTESIAN_POINT('',(12.3000006215304,7.00455173280957,22.8500000000001));
#4392=CARTESIAN_POINT('',(-31.6999993784696,5.35910346561914,20.0000000000001));
#4393=CARTESIAN_POINT('Origin',(-31.6999993784696,5.35910346561914,20.0000000000001));
#4394=CARTESIAN_POINT('',(-31.6999993784696,6.28286400953624,18.3999998039082));
#4395=CARTESIAN_POINT('',(-32.2915879831789,5.94131016935781,18.9915884086175));
#4396=CARTESIAN_POINT('',(-33.6999993784696,5.35910346561914,20.0000000000001));
#4397=CARTESIAN_POINT('',(-31.6999993784696,5.68514478922399,19.4352798621495));
#4398=CARTESIAN_POINT('Origin',(-33.6999993784696,8.65,20.0000000000001));
#4399=CARTESIAN_POINT('',(-33.6999993784696,6.9,20.0000000000001));
#4400=CARTESIAN_POINT('Origin',(-33.6999993784696,8.65,20.0000000000001));
#4401=CARTESIAN_POINT('Origin',(-31.6999993784696,7.00455173280956,17.1500000000001));
#4402=CARTESIAN_POINT('',(9.05000096587806,7.00455173280956,17.1500000000001));
#4403=CARTESIAN_POINT('',(9.05000096587804,10.2954482671904,17.1500000000001));
#4404=CARTESIAN_POINT('',(9.05000096587806,3.50227586640482,17.1500000000001));
#4405=CARTESIAN_POINT('',(12.3000006215304,7.00455173280956,17.1500000000001));
#4406=CARTESIAN_POINT('',(-31.6999993784696,7.00455173280956,17.1500000000001));
#4407=CARTESIAN_POINT('',(12.3000006215304,10.2954482671904,17.1500000000001));
#4408=CARTESIAN_POINT('',(12.3000006215304,7.00455173280956,17.1500000000001));
#4409=CARTESIAN_POINT('',(-31.6999993784696,10.2954482671904,17.1500000000001));
#4410=CARTESIAN_POINT('Origin',(-31.6999993784696,5.35910346561914,20.0000000000001));
#4411=CARTESIAN_POINT('',(10.3000007697861,6.28286400953625,18.3999998039082));
#4412=CARTESIAN_POINT('',(1.89158934272633,11.1374626104063,9.99158837684836));
#4413=CARTESIAN_POINT('',(10.3000007697861,3.99650217248388,22.3600946701694));
#4414=CARTESIAN_POINT('',(12.3000006215304,5.35910346561914,20.0000000000001));
#4415=CARTESIAN_POINT('Origin',(-31.6999993784696,10.2954482671904,17.1500000000001));
#4416=CARTESIAN_POINT('',(10.3000007697861,11.0171359904638,18.3999998039082));
#4417=CARTESIAN_POINT('',(10.3000007697861,10.3182736939209,17.1895347988017));
#4418=CARTESIAN_POINT('',(-1.06301629805519,4.45669502753923,7.03698273606684));
#4419=CARTESIAN_POINT('',(12.3000006215304,10.2954482671904,17.1500000000001));
#4420=CARTESIAN_POINT('Origin',(12.3000006215304,8.65,20.0000000000001));
#4421=CARTESIAN_POINT('',(12.3000006215304,6.9,20.0000000000001));
#4422=CARTESIAN_POINT('Origin',(12.3000006215304,8.65,20.0000000000001));
#4423=CARTESIAN_POINT('Origin',(10.3000007697861,0.,23.199505958628));
#4424=CARTESIAN_POINT('',(10.3000007697861,0.,18.3999998039082));
#4425=CARTESIAN_POINT('',(10.3000007697861,-3.,18.3999998039082));
#4426=CARTESIAN_POINT('',(10.3000007697861,0.,18.3999998039082));
#4427=CARTESIAN_POINT('',(10.3000007697861,-3.,23.199505958628));
#4428=CARTESIAN_POINT('',(10.3000007697861,-3.,15.3999998039082));
#4429=CARTESIAN_POINT('',(10.3000007697861,33.5,23.199505958628));
#4430=CARTESIAN_POINT('',(10.3000007697861,0.,23.199505958628));
#4431=CARTESIAN_POINT('',(10.3000007697861,33.5,18.3999998039082));
#4432=CARTESIAN_POINT('',(10.3000007697861,33.5,15.3999998039082));
#4433=CARTESIAN_POINT('',(10.3000007697861,0.,18.3999998039082));
#4434=CARTESIAN_POINT('Origin',(-30.1999993784696,0.,16.8999998039082));
#4435=CARTESIAN_POINT('',(-31.6999993784696,0.,18.3999998039082));
#4436=CARTESIAN_POINT('',(-31.6999993784696,-3.,18.3999998039082));
#4437=CARTESIAN_POINT('',(-31.6999993784696,0.,18.3999998039082));
#4438=CARTESIAN_POINT('',(-28.6999993784696,-3.,15.3999998039082));
#4439=CARTESIAN_POINT('',(-23.9999377620554,-3.,10.6999381874939));
#4440=CARTESIAN_POINT('',(-28.6999993784696,33.5,15.3999998039082));
#4441=CARTESIAN_POINT('',(-28.6999993784696,0.,15.3999998039082));
#4442=CARTESIAN_POINT('',(-31.6999993784696,33.5,18.3999998039082));
#4443=CARTESIAN_POINT('',(-23.9999377620554,33.5,10.6999381874939));
#4444=CARTESIAN_POINT('',(-31.6999993784696,0.,18.3999998039082));
#4445=CARTESIAN_POINT('Origin',(-16.1999993043417,28.2403810567666,15.3999998039082));
#4446=CARTESIAN_POINT('',(-3.19999930434175,28.2403810567666,12.4000003668927));
#4447=CARTESIAN_POINT('',(-16.1999993043417,28.2403810567666,12.4000001416989));
#4448=CARTESIAN_POINT('',(-3.28999939772423,28.2403810567666,12.4000003653337));
#4449=CARTESIAN_POINT('',(-3.19999930434175,28.2403810567666,15.3999998039082));
#4450=CARTESIAN_POINT('',(-3.19999930434175,28.2403810567666,15.3999998039082));
#4451=CARTESIAN_POINT('',(-16.1999993043417,28.2403810567666,15.3999998039082));
#4452=CARTESIAN_POINT('',(-2.9499992672778,28.2403810567666,15.3999998039082));
#4453=CARTESIAN_POINT('',(-16.1999993043417,28.2403810567666,15.3999998039082));
#4454=CARTESIAN_POINT('Origin',(-2.19999930434176,3.99166975080229,15.3999998039082));
#4455=CARTESIAN_POINT('',(-2.19999930434176,3.99166975080229,12.4000003842153));
#4456=CARTESIAN_POINT('',(0.141722524240788,-0.0643114334957838,12.4000004247801));
#4457=CARTESIAN_POINT('',(-2.19999930434176,3.99166975080229,15.3999998039082));
#4458=CARTESIAN_POINT('',(0.226722556852396,-0.211535808624099,15.3999998039082));
#4459=CARTESIAN_POINT('',(-2.19999930434176,3.99166975080229,15.3999998039082));
#4460=CARTESIAN_POINT('Origin',(4.30000069565825,15.25,15.3999998039082));
#4461=CARTESIAN_POINT('',(4.30000069565825,15.25,12.4000004968123));
#4462=CARTESIAN_POINT('',(1.66327882038445,10.6830637465975,12.4000004511374));
#4463=CARTESIAN_POINT('',(4.30000069565825,15.25,15.3999998039082));
#4464=CARTESIAN_POINT('',(1.74827885299606,10.8302881217258,15.3999998039082));
#4465=CARTESIAN_POINT('',(4.30000069565825,15.25,15.3999998039082));
#4466=CARTESIAN_POINT('Origin',(-3.19999930434175,28.2403810567666,15.3999998039082));
#4467=CARTESIAN_POINT('',(4.5167225242408,14.8746267817858,12.4000005005665));
#4468=CARTESIAN_POINT('',(4.60172255685241,14.7274024066575,15.3999998039082));
#4469=CARTESIAN_POINT('Origin',(-25.6999993043418,15.25,15.3999998039082));
#4470=CARTESIAN_POINT('',(-19.1999993043418,26.5083302491977,12.4000000897311));
#4471=CARTESIAN_POINT('',(-25.6999993043418,15.25,12.3999999771342));
#4472=CARTESIAN_POINT('',(-24.5867211796155,17.1782542749808,12.3999999964191));
#4473=CARTESIAN_POINT('',(-19.1999993043418,26.5083302491977,15.3999998039082));
#4474=CARTESIAN_POINT('',(-19.1999993043418,26.5083302491977,15.3999998039082));
#4475=CARTESIAN_POINT('',(-25.6999993043418,15.25,15.3999998039082));
#4476=CARTESIAN_POINT('',(-24.5017211470039,17.3254786501091,15.3999998039082));
#4477=CARTESIAN_POINT('',(-25.6999993043418,15.25,15.3999998039082));
#4478=CARTESIAN_POINT('Origin',(-18.1999993043418,2.25961894323342,15.3999998039082));
#4479=CARTESIAN_POINT('',(-18.1999993043418,2.25961894323342,12.4000001070537));
#4480=CARTESIAN_POINT('',(-14.2332774757592,-4.61094480336408,12.4000001757677));
#4481=CARTESIAN_POINT('',(-18.1999993043418,2.25961894323342,15.3999998039082));
#4482=CARTESIAN_POINT('',(-14.1482774431476,-4.75816917849239,15.3999998039082));
#4483=CARTESIAN_POINT('',(-18.1999993043418,2.25961894323342,15.3999998039082));
#4484=CARTESIAN_POINT('Origin',(-5.19999930434178,2.25961894323342,15.3999998039082));
#4485=CARTESIAN_POINT('',(-5.19999930434178,2.25961894323341,12.4000003322475));
#4486=CARTESIAN_POINT('',(2.21000060227575,2.25961894323341,12.400000460608));
#4487=CARTESIAN_POINT('',(-5.19999930434178,2.25961894323341,15.3999998039082));
#4488=CARTESIAN_POINT('',(2.55000073272218,2.25961894323341,15.3999998039082));
#4489=CARTESIAN_POINT('',(-5.19999930434178,2.25961894323341,15.3999998039082));
#4490=CARTESIAN_POINT('Origin',(-19.1999993043418,26.5083302491977,15.3999998039082));
#4491=CARTESIAN_POINT('',(-9.85827747575922,10.3279934119175,12.400000251554));
#4492=CARTESIAN_POINT('',(-9.77327744314762,10.1807690367892,15.3999998039082));
#4493=CARTESIAN_POINT('Origin',(-17.19999961555,0.,10.2499997708946));
#4494=CARTESIAN_POINT('',(-16.39999961555,-3.,10.2499997708946));
#4495=CARTESIAN_POINT('',(-16.39999961555,0.,10.2499997708946));
#4496=CARTESIAN_POINT('Origin',(-17.19999961555,-3.,10.2499997708946));
#4497=CARTESIAN_POINT('Origin',(7.24999983794987,0.,10.2499997708946));
#4498=CARTESIAN_POINT('',(8.04999983794987,-3.,10.2499997708946));
#4499=CARTESIAN_POINT('',(8.04999983794987,0.,10.2499997708946));
#4500=CARTESIAN_POINT('Origin',(7.24999983794987,-3.,10.2499997708946));
#4501=CARTESIAN_POINT('Origin',(14.3000007697862,28.65,20.0000000000001));
#4502=CARTESIAN_POINT('',(-35.6999992302138,26.9,20.0000000000001));
#4503=CARTESIAN_POINT('',(14.3000007697862,26.9,20.0000000000001));
#4504=CARTESIAN_POINT('Origin',(-35.6999993784696,28.65,20.0000000000001));
#4505=CARTESIAN_POINT('Origin',(14.3000007697862,28.65,20.0000000000001));
#4506=CARTESIAN_POINT('',(14.3000007697862,26.9,20.0000000000001));
#4507=CARTESIAN_POINT('Origin',(14.3000007697861,28.65,20.0000000000001));
#4508=CARTESIAN_POINT('',(14.3000007697862,26.9,20.0000000000001));
#4509=CARTESIAN_POINT('Origin',(14.3000007697862,8.65,20.0000000000001));
#4510=CARTESIAN_POINT('',(-35.6999992302138,6.9,20.0000000000001));
#4511=CARTESIAN_POINT('',(14.3000007697862,6.9,20.0000000000001));
#4512=CARTESIAN_POINT('Origin',(-35.6999993784696,8.65,20.0000000000001));
#4513=CARTESIAN_POINT('Origin',(14.3000007697862,8.65,20.0000000000001));
#4514=CARTESIAN_POINT('',(14.3000007697862,6.9,20.0000000000001));
#4515=CARTESIAN_POINT('Origin',(14.3000007697861,8.65,20.0000000000001));
#4516=CARTESIAN_POINT('',(14.3000007697862,6.9,20.0000000000001));
#4517=CARTESIAN_POINT('Origin',(-31.6999993784696,0.,15.3999998039082));
#4518=CARTESIAN_POINT('',(-31.6999993784696,33.5,23.199505958628));
#4519=CARTESIAN_POINT('',(-31.6999993784696,33.5,15.3999998039082));
#4520=CARTESIAN_POINT('',(-31.6999993784696,-3.,23.199505958628));
#4521=CARTESIAN_POINT('',(-31.6999993784696,0.,23.199505958628));
#4522=CARTESIAN_POINT('',(-31.6999993784696,-3.,15.3999998039082));
#4523=CARTESIAN_POINT('Origin',(8.80000076978614,0.,16.8999998039082));
#4524=CARTESIAN_POINT('',(7.30000076978614,33.5,15.3999998039082));
#4525=CARTESIAN_POINT('',(2.59993915337188,33.5,10.6999381874939));
#4526=CARTESIAN_POINT('',(7.30000076978614,-3.,15.3999998039082));
#4527=CARTESIAN_POINT('',(7.30000076978614,0.,15.3999998039082));
#4528=CARTESIAN_POINT('',(2.59993915337188,-3.,10.6999381874939));
#4529=CARTESIAN_POINT('Origin',(10.3000007697861,0.,15.3999998039082));
#4530=CARTESIAN_POINT('',(-31.6999993784696,33.5,15.3999998039082));
#4531=CARTESIAN_POINT('',(-31.6999993784696,-3.,15.3999998039082));
#4532=CARTESIAN_POINT('Origin',(9.62000045692548,0.,12.4000005889685));
#4533=CARTESIAN_POINT('',(-35.6999993784696,33.5,12.3999998039082));
#4534=CARTESIAN_POINT('',(-35.6999993784696,0.,12.3999998039082));
#4535=CARTESIAN_POINT('',(-35.2528801343894,33.5,12.3999998116534));
#4536=CARTESIAN_POINT('Origin',(-10.6999993043418,33.5,11.599753412379));
#4537=CARTESIAN_POINT('',(-35.6999993784696,33.5,23.199505958628));
#4538=CARTESIAN_POINT('',(-35.6999993784696,33.5,12.3999998039082));
#4539=CARTESIAN_POINT('',(-31.6999993784696,33.5,23.199505958628));
#4540=CARTESIAN_POINT('',(14.3000007697861,33.5,23.199505958628));
#4541=CARTESIAN_POINT('',(10.3000007697861,33.5,23.199505958628));
#4542=CARTESIAN_POINT('',(14.3000007697861,33.5,15.3999998039082));
#4543=CARTESIAN_POINT('',(14.3000007697861,33.5,23.199505958628));
#4544=CARTESIAN_POINT('',(14.2999996803701,33.5,12.4000005889684));
#4545=CARTESIAN_POINT('',(14.3000007697861,33.5,15.3999998039082));
#4546=CARTESIAN_POINT('',(14.2999996803701,33.5,8.66130001053733E-7));
#4547=CARTESIAN_POINT('',(-35.6999993784696,33.5,-12.3999998039082));
#4548=CARTESIAN_POINT('Origin',(-30.6999989206982,0.,8.66130001053733E-7));
#4549=CARTESIAN_POINT('',(-30.6999989206982,-3.,10.9000043856582));
#4550=CARTESIAN_POINT('',(-30.6999989206982,0.,10.9000043856582));
#4551=CARTESIAN_POINT('',(-30.6999989206982,-3.,-10.9000043856582));
#4552=CARTESIAN_POINT('Origin',(4.62000433908029,0.,9.50000308644204));
#4553=CARTESIAN_POINT('',(4.62000433908029,-3.,9.50000308644204));
#4554=CARTESIAN_POINT('',(4.62000433908029,-3.,9.50000308644204));
#4555=CARTESIAN_POINT('',(4.62000433908029,0.,9.50000308644204));
#4556=CARTESIAN_POINT('Origin',(-7.37999706402455,0.,9.50000516515406));
#4557=CARTESIAN_POINT('',(-7.37999706402455,-3.,9.50000516515406));
#4558=CARTESIAN_POINT('',(-7.37999706402455,-3.,9.50000516515406));
#4559=CARTESIAN_POINT('',(-7.37999706402455,0.,9.50000516515406));
#4560=CARTESIAN_POINT('Origin',(-7.3799968215005,0.,10.9000043856581));
#4561=CARTESIAN_POINT('',(-7.37999706401718,-3.,10.9000043856582));
#4562=CARTESIAN_POINT('',(-7.3799968215005,-3.,10.9000043856581));
#4563=CARTESIAN_POINT('',(-7.37999706401718,0.,10.9000043856582));
#4564=CARTESIAN_POINT('Origin',(-14.8799977222801,0.,10.900005684895));
#4565=CARTESIAN_POINT('',(-14.8799977222801,-3.,10.900005684895));
#4566=CARTESIAN_POINT('',(-14.8799977222801,-3.,10.900005684895));
#4567=CARTESIAN_POINT('',(-14.8799977222801,0.,10.900005684895));
#4568=CARTESIAN_POINT('Origin',(-14.8799983805392,0.,7.1000048013799));
#4569=CARTESIAN_POINT('',(-14.8799983805392,-3.,7.1000048013799));
#4570=CARTESIAN_POINT('',(-14.8799983805392,-3.,7.1000048013799));
#4571=CARTESIAN_POINT('',(-14.8799983805392,0.,7.1000048013799));
#4572=CARTESIAN_POINT('Origin',(-17.2800001821182,0.,7.1000052171227));
#4573=CARTESIAN_POINT('',(-17.2800001821182,-3.,7.1000052171227));
#4574=CARTESIAN_POINT('',(-17.2800001821182,-3.,7.1000052171227));
#4575=CARTESIAN_POINT('',(-17.2800001821182,0.,7.1000052171227));
#4576=CARTESIAN_POINT('Origin',(-20.9510357064973,0.,10.9000045810329));
#4577=CARTESIAN_POINT('',(-20.9510359087356,-3.,10.9000043856582));
#4578=CARTESIAN_POINT('',(-20.9510359087356,-3.,10.9000047903759));
#4579=CARTESIAN_POINT('',(-20.9510359087356,0.,10.9000043856582));
#4580=CARTESIAN_POINT('Origin',(-30.6999989206982,0.,10.9000043856582));
#4581=CARTESIAN_POINT('',(-20.9510359087356,-3.,10.9000043856582));
#4582=CARTESIAN_POINT('Origin',(-35.6999993784696,0.,23.199505958628));
#4583=CARTESIAN_POINT('',(-35.6999993784696,-3.,23.199505958628));
#4584=CARTESIAN_POINT('',(-35.6999993784696,-3.,12.3999998039082));
#4585=CARTESIAN_POINT('',(-35.6999993784696,0.,23.199505958628));
#4586=CARTESIAN_POINT('Origin',(-31.6999993784696,0.,23.199505958628));
#4587=CARTESIAN_POINT('',(-31.6999993784696,-3.,23.199505958628));
#4588=CARTESIAN_POINT('Origin',(14.3000007697861,0.,23.199505958628));
#4589=CARTESIAN_POINT('',(14.3000007697861,-3.,23.199505958628));
#4590=CARTESIAN_POINT('',(10.3000007697861,-3.,23.199505958628));
#4591=CARTESIAN_POINT('',(14.3000007697861,0.,23.199505958628));
#4592=CARTESIAN_POINT('Origin',(14.3000007697861,0.,15.3999998039082));
#4593=CARTESIAN_POINT('',(14.3000007697861,-3.,15.3999998039082));
#4594=CARTESIAN_POINT('',(14.3000007697861,-3.,23.199505958628));
#4595=CARTESIAN_POINT('',(14.3000007697861,0.,15.3999998039082));
#4596=CARTESIAN_POINT('Origin',(14.2999996803701,0.,12.4000005889684));
#4597=CARTESIAN_POINT('',(14.2999996803701,-3.,12.4000005889684));
#4598=CARTESIAN_POINT('',(14.3000007697861,-3.,15.3999998039082));
#4599=CARTESIAN_POINT('',(14.2999996803701,0.,12.4000005889684));
#4600=CARTESIAN_POINT('Origin',(14.2999996803701,0.,8.66130001053733E-7));
#4601=CARTESIAN_POINT('',(14.2999996803701,-3.,-8.66130001053733E-7));
#4602=CARTESIAN_POINT('Origin',(-10.6999993043418,-3.,11.599753412379));
#4603=UNCERTAINTY_MEASURE_WITH_UNIT(LENGTH_MEASURE(0.01),#4607,
'DISTANCE_ACCURACY_VALUE',
'Maximum model space distance between geometric entities at asserted c
onnectivities');
#4604=UNCERTAINTY_MEASURE_WITH_UNIT(LENGTH_MEASURE(0.01),#4607,
'DISTANCE_ACCURACY_VALUE',
'Maximum model space distance between geometric entities at asserted c
onnectivities');
#4605=(
GEOMETRIC_REPRESENTATION_CONTEXT(3)
GLOBAL_UNCERTAINTY_ASSIGNED_CONTEXT((#4603))
GLOBAL_UNIT_ASSIGNED_CONTEXT((#4607,#4609,#4610))
REPRESENTATION_CONTEXT('','3D')
);
#4606=(
GEOMETRIC_REPRESENTATION_CONTEXT(3)
GLOBAL_UNCERTAINTY_ASSIGNED_CONTEXT((#4604))
GLOBAL_UNIT_ASSIGNED_CONTEXT((#4607,#4609,#4610))
REPRESENTATION_CONTEXT('','3D')
);
#4607=(
LENGTH_UNIT()
NAMED_UNIT(*)
SI_UNIT(.MILLI.,.METRE.)
);
#4608=(
LENGTH_UNIT()
NAMED_UNIT(*)
SI_UNIT($,.METRE.)
);
#4609=(
NAMED_UNIT(*)
PLANE_ANGLE_UNIT()
SI_UNIT($,.RADIAN.)
);
#4610=(
NAMED_UNIT(*)
SI_UNIT($,.STERADIAN.)
SOLID_ANGLE_UNIT()
);
#4611=SHAPE_DEFINITION_REPRESENTATION(#4612,#4613);
#4612=PRODUCT_DEFINITION_SHAPE('',$,#4615);
#4613=SHAPE_REPRESENTATION('',(#2923),#4605);
#4614=PRODUCT_DEFINITION_CONTEXT('part definition',#4619,'design');
#4615=PRODUCT_DEFINITION('2026-04-21-16-31-17-612','Motor Support',#4616,
#4614);
#4616=PRODUCT_DEFINITION_FORMATION('',$,#4621);
#4617=PRODUCT_RELATED_PRODUCT_CATEGORY('Motor Support','Motor Support',
(#4621));
#4618=APPLICATION_PROTOCOL_DEFINITION('international standard',
'automotive_design',2009,#4619);
#4619=APPLICATION_CONTEXT(
'Core Data for Automotive Mechanical Design Process');
#4620=PRODUCT_CONTEXT('part definition',#4619,'mechanical');
#4621=PRODUCT('2026-04-21-16-31-17-612','Motor Support',$,(#4620));
#4622=PRESENTATION_STYLE_ASSIGNMENT((#4626));
#4623=PRESENTATION_STYLE_ASSIGNMENT((#4627));
#4624=PRESENTATION_STYLE_ASSIGNMENT((#4628));
#4625=PRESENTATION_STYLE_ASSIGNMENT((#4629));
#4626=SURFACE_STYLE_USAGE(.BOTH.,#4630);
#4627=SURFACE_STYLE_USAGE(.BOTH.,#4631);
#4628=SURFACE_STYLE_USAGE(.BOTH.,#4632);
#4629=SURFACE_STYLE_USAGE(.BOTH.,#4633);
#4630=SURFACE_SIDE_STYLE('',(#4634));
#4631=SURFACE_SIDE_STYLE('',(#4635));
#4632=SURFACE_SIDE_STYLE('',(#4636));
#4633=SURFACE_SIDE_STYLE('',(#4637));
#4634=SURFACE_STYLE_FILL_AREA(#4638);
#4635=SURFACE_STYLE_FILL_AREA(#4639);
#4636=SURFACE_STYLE_FILL_AREA(#4640);
#4637=SURFACE_STYLE_FILL_AREA(#4641);
#4638=FILL_AREA_STYLE('Steel - Satin',(#4642));
#4639=FILL_AREA_STYLE('Opaque(245,245,246)',(#4643));
#4640=FILL_AREA_STYLE('Opaque(25,25,25)',(#4644));
#4641=FILL_AREA_STYLE('Plastic - Matte (Blue)',(#4645));
#4642=FILL_AREA_STYLE_COLOUR('Steel - Satin',#4646);
#4643=FILL_AREA_STYLE_COLOUR('Opaque(245,245,246)',#4647);
#4644=FILL_AREA_STYLE_COLOUR('Opaque(25,25,25)',#4648);
#4645=FILL_AREA_STYLE_COLOUR('Plastic - Matte (Blue)',#4649);
#4646=COLOUR_RGB('Steel - Satin',0.627450980392157,0.627450980392157,0.627450980392157);
#4647=COLOUR_RGB('Opaque(245,245,246)',0.96078431372549,0.96078431372549,
0.964705882352941);
#4648=COLOUR_RGB('Opaque(25,25,25)',0.0980392156862745,0.0980392156862745,
0.0980392156862745);
#4649=COLOUR_RGB('Plastic - Matte (Blue)',0.192156862745098,0.345098039215686,
0.596078431372549);
ENDSEC;
END-ISO-10303-21;
