ISO-10303-21;
HEADER;
/* Generated by software containing ST-Developer
 * from STEP Tools, Inc. (www.steptools.com) 
 */

FILE_DESCRIPTION(
/* description */ (''),
/* implementation_level */ '2;1');

FILE_NAME(
/* name */ 'Pi Bottom.step',
/* time_stamp */ '2026-05-29T14:08:07+01:00',
/* author */ (''),
/* organization */ (''),
/* preprocessor_version */ 'ST-DEVELOPER v20.1',
/* originating_system */ 'Autodesk Translation Framework v15.8.0.0',
/* authorisation */ '');

FILE_SCHEMA (('AUTOMOTIVE_DESIGN { 1 0 10303 214 3 1 1 }'));
ENDSEC;

DATA;
#10=MECHANICAL_DESIGN_GEOMETRIC_PRESENTATION_REPRESENTATION('',(#17),#10201);
#11=ITEM_DEFINED_TRANSFORMATION($,$,#6285,#6746);
#12=(
REPRESENTATION_RELATIONSHIP($,$,#10212,#10211)
REPRESENTATION_RELATIONSHIP_WITH_TRANSFORMATION(#11)
SHAPE_REPRESENTATION_RELATIONSHIP()
);
#13=CONTEXT_DEPENDENT_SHAPE_REPRESENTATION(#12,#10210);
#14=NEXT_ASSEMBLY_USAGE_OCCURRENCE('V2:1','V2:1','V2:1',#10214,#10215,
'V2:1');
#15=SHAPE_REPRESENTATION_RELATIONSHIP('SRR','None',#10212,#16);
#16=ADVANCED_BREP_SHAPE_REPRESENTATION('',(#18),#10200);
#17=STYLED_ITEM('',(#10225),#18);
#18=MANIFOLD_SOLID_BREP('Pi Bottom',#6271);
#19=SPHERICAL_SURFACE('',#6599,1.5);
#20=SPHERICAL_SURFACE('',#6615,1.5);
#21=SPHERICAL_SURFACE('',#6637,1.5);
#22=SPHERICAL_SURFACE('',#6650,1.5);
#23=SPHERICAL_SURFACE('',#6664,1.5);
#24=SPHERICAL_SURFACE('',#6668,1.5);
#25=SPHERICAL_SURFACE('',#6671,1.5);
#26=SPHERICAL_SURFACE('',#6678,1.5);
#27=ELLIPSE('',#6574,0.707106781186548,0.5);
#28=ELLIPSE('',#6575,0.707106781186548,0.5);
#29=ELLIPSE('',#6579,0.707106781186548,0.5);
#30=ELLIPSE('',#6580,0.707106781186548,0.5);
#31=B_SPLINE_CURVE_WITH_KNOTS('',3,(#9659,#9660,#9661,#9662,#9663,#9664,
#9665,#9666,#9667,#9668,#9669,#9670,#9671,#9672),.UNSPECIFIED.,.F.,.F.,
(4,2,2,2,2,2,4),(-0.418320680601838,-0.403904641445341,-0.346877169270617,
-0.289849697095893,-0.232822224921169,-0.175794752746445,-0.161378713589946),
 .UNSPECIFIED.);
#32=B_SPLINE_CURVE_WITH_KNOTS('',3,(#9682,#9683,#9684,#9685,#9686,#9687,
#9688,#9689,#9690,#9691,#9692,#9693,#9694,#9695),.UNSPECIFIED.,.F.,.F.,
(4,2,2,2,2,2,4),(-0.418320680601859,-0.403904641445338,-0.346877169270615,
-0.289849697095891,-0.232822224921168,-0.175794752746445,-0.161378713589925),
 .UNSPECIFIED.);
#33=CONICAL_SURFACE('',#6555,3.5,0.785398163397449);
#34=CONICAL_SURFACE('',#6559,3.5,0.785398163397447);
#35=CYLINDRICAL_SURFACE('',#6486,1.75);
#36=CYLINDRICAL_SURFACE('',#6488,1.75);
#37=CYLINDRICAL_SURFACE('',#6490,1.75);
#38=CYLINDRICAL_SURFACE('',#6492,1.75);
#39=CYLINDRICAL_SURFACE('',#6494,1.75);
#40=CYLINDRICAL_SURFACE('',#6496,1.75);
#41=CYLINDRICAL_SURFACE('',#6498,1.75);
#42=CYLINDRICAL_SURFACE('',#6500,1.75);
#43=CYLINDRICAL_SURFACE('',#6502,1.75);
#44=CYLINDRICAL_SURFACE('',#6504,1.75);
#45=CYLINDRICAL_SURFACE('',#6506,1.75);
#46=CYLINDRICAL_SURFACE('',#6508,1.75);
#47=CYLINDRICAL_SURFACE('',#6510,1.75);
#48=CYLINDRICAL_SURFACE('',#6512,1.75);
#49=CYLINDRICAL_SURFACE('',#6514,1.75);
#50=CYLINDRICAL_SURFACE('',#6516,1.75);
#51=CYLINDRICAL_SURFACE('',#6518,1.75);
#52=CYLINDRICAL_SURFACE('',#6520,1.75);
#53=CYLINDRICAL_SURFACE('',#6522,1.75);
#54=CYLINDRICAL_SURFACE('',#6524,1.75);
#55=CYLINDRICAL_SURFACE('',#6526,1.75);
#56=CYLINDRICAL_SURFACE('',#6528,1.75);
#57=CYLINDRICAL_SURFACE('',#6530,1.75);
#58=CYLINDRICAL_SURFACE('',#6532,1.75);
#59=CYLINDRICAL_SURFACE('',#6534,1.75);
#60=CYLINDRICAL_SURFACE('',#6573,0.5);
#61=CYLINDRICAL_SURFACE('',#6578,0.5);
#62=CYLINDRICAL_SURFACE('',#6594,1.5);
#63=CYLINDRICAL_SURFACE('',#6596,1.5);
#64=CYLINDRICAL_SURFACE('',#6601,1.5);
#65=CYLINDRICAL_SURFACE('',#6610,1.5);
#66=CYLINDRICAL_SURFACE('',#6613,1.5);
#67=CYLINDRICAL_SURFACE('',#6617,1.5);
#68=CYLINDRICAL_SURFACE('',#6630,3.);
#69=CYLINDRICAL_SURFACE('',#6632,1.5);
#70=CYLINDRICAL_SURFACE('',#6635,1.5);
#71=CYLINDRICAL_SURFACE('',#6646,1.5);
#72=CYLINDRICAL_SURFACE('',#6648,1.5);
#73=CYLINDRICAL_SURFACE('',#6654,1.5);
#74=CYLINDRICAL_SURFACE('',#6656,1.5);
#75=CYLINDRICAL_SURFACE('',#6662,1.5);
#76=CYLINDRICAL_SURFACE('',#6666,1.5);
#77=CYLINDRICAL_SURFACE('',#6674,1.5);
#78=CYLINDRICAL_SURFACE('',#6675,1.5);
#79=CYLINDRICAL_SURFACE('',#6676,1.5);
#80=CYLINDRICAL_SURFACE('',#6680,1.5);
#81=CYLINDRICAL_SURFACE('',#6684,10.);
#82=CYLINDRICAL_SURFACE('',#6686,3.);
#83=CYLINDRICAL_SURFACE('',#6687,0.999999999999996);
#84=CYLINDRICAL_SURFACE('',#6700,1.);
#85=CYLINDRICAL_SURFACE('',#6701,1.);
#86=CYLINDRICAL_SURFACE('',#6709,1.15);
#87=CYLINDRICAL_SURFACE('',#6711,1.15);
#88=CYLINDRICAL_SURFACE('',#6717,2.00000000000001);
#89=CYLINDRICAL_SURFACE('',#6718,2.);
#90=CYLINDRICAL_SURFACE('',#6735,2.);
#91=CYLINDRICAL_SURFACE('',#6737,2.);
#92=CYLINDRICAL_SURFACE('',#6743,1.15);
#93=CYLINDRICAL_SURFACE('',#6744,1.15);
#94=FACE_BOUND('',#645,.T.);
#95=FACE_BOUND('',#653,.T.);
#96=FACE_BOUND('',#661,.T.);
#97=FACE_BOUND('',#669,.T.);
#98=FACE_BOUND('',#677,.T.);
#99=FACE_BOUND('',#685,.T.);
#100=FACE_BOUND('',#693,.T.);
#101=FACE_BOUND('',#701,.T.);
#102=FACE_BOUND('',#709,.T.);
#103=FACE_BOUND('',#717,.T.);
#104=FACE_BOUND('',#725,.T.);
#105=FACE_BOUND('',#733,.T.);
#106=FACE_BOUND('',#741,.T.);
#107=FACE_BOUND('',#749,.T.);
#108=FACE_BOUND('',#757,.T.);
#109=FACE_BOUND('',#765,.T.);
#110=FACE_BOUND('',#773,.T.);
#111=FACE_BOUND('',#781,.T.);
#112=FACE_BOUND('',#789,.T.);
#113=FACE_BOUND('',#797,.T.);
#114=FACE_BOUND('',#805,.T.);
#115=FACE_BOUND('',#813,.T.);
#116=FACE_BOUND('',#821,.T.);
#117=FACE_BOUND('',#829,.T.);
#118=FACE_BOUND('',#837,.T.);
#119=FACE_BOUND('',#896,.T.);
#120=FACE_BOUND('',#897,.T.);
#121=FACE_BOUND('',#904,.T.);
#122=FACE_BOUND('',#905,.T.);
#123=FACE_BOUND('',#906,.T.);
#124=FACE_BOUND('',#907,.T.);
#125=FACE_BOUND('',#908,.T.);
#126=FACE_BOUND('',#909,.T.);
#127=FACE_BOUND('',#910,.T.);
#128=FACE_BOUND('',#911,.T.);
#129=FACE_BOUND('',#912,.T.);
#130=FACE_BOUND('',#913,.T.);
#131=FACE_BOUND('',#914,.T.);
#132=FACE_BOUND('',#915,.T.);
#133=FACE_BOUND('',#916,.T.);
#134=FACE_BOUND('',#917,.T.);
#135=FACE_BOUND('',#918,.T.);
#136=FACE_BOUND('',#919,.T.);
#137=FACE_BOUND('',#920,.T.);
#138=FACE_BOUND('',#921,.T.);
#139=FACE_BOUND('',#922,.T.);
#140=FACE_BOUND('',#923,.T.);
#141=FACE_BOUND('',#924,.T.);
#142=FACE_BOUND('',#925,.T.);
#143=FACE_BOUND('',#926,.T.);
#144=FACE_BOUND('',#927,.T.);
#145=FACE_BOUND('',#928,.T.);
#146=FACE_BOUND('',#929,.T.);
#147=FACE_BOUND('',#930,.T.);
#148=FACE_BOUND('',#931,.T.);
#149=FACE_BOUND('',#932,.T.);
#150=FACE_BOUND('',#938,.T.);
#151=FACE_BOUND('',#947,.T.);
#152=FACE_BOUND('',#948,.T.);
#153=FACE_BOUND('',#954,.T.);
#154=FACE_BOUND('',#955,.T.);
#155=FACE_BOUND('',#956,.T.);
#156=FACE_BOUND('',#957,.T.);
#157=FACE_BOUND('',#958,.T.);
#158=FACE_BOUND('',#959,.T.);
#159=FACE_BOUND('',#960,.T.);
#160=FACE_BOUND('',#961,.T.);
#161=FACE_BOUND('',#962,.T.);
#162=FACE_BOUND('',#963,.T.);
#163=FACE_BOUND('',#964,.T.);
#164=FACE_BOUND('',#965,.T.);
#165=FACE_BOUND('',#966,.T.);
#166=FACE_BOUND('',#967,.T.);
#167=FACE_BOUND('',#968,.T.);
#168=FACE_BOUND('',#969,.T.);
#169=FACE_BOUND('',#970,.T.);
#170=FACE_BOUND('',#971,.T.);
#171=FACE_BOUND('',#972,.T.);
#172=FACE_BOUND('',#973,.T.);
#173=FACE_BOUND('',#974,.T.);
#174=FACE_BOUND('',#975,.T.);
#175=FACE_BOUND('',#976,.T.);
#176=FACE_BOUND('',#977,.T.);
#177=FACE_BOUND('',#978,.T.);
#178=FACE_BOUND('',#1026,.T.);
#179=FACE_BOUND('',#1028,.T.);
#180=FACE_BOUND('',#1050,.T.);
#181=FACE_BOUND('',#1052,.T.);
#182=CIRCLE('',#6293,1.75);
#183=CIRCLE('',#6301,1.75);
#184=CIRCLE('',#6309,1.75);
#185=CIRCLE('',#6317,1.75);
#186=CIRCLE('',#6325,1.75);
#187=CIRCLE('',#6333,1.75);
#188=CIRCLE('',#6341,1.75);
#189=CIRCLE('',#6349,1.75);
#190=CIRCLE('',#6357,1.75);
#191=CIRCLE('',#6365,1.75);
#192=CIRCLE('',#6373,1.75);
#193=CIRCLE('',#6381,1.75);
#194=CIRCLE('',#6389,1.75);
#195=CIRCLE('',#6397,1.75);
#196=CIRCLE('',#6405,1.75);
#197=CIRCLE('',#6413,1.75);
#198=CIRCLE('',#6421,1.75);
#199=CIRCLE('',#6429,1.75);
#200=CIRCLE('',#6437,1.75);
#201=CIRCLE('',#6445,1.75);
#202=CIRCLE('',#6453,1.75);
#203=CIRCLE('',#6461,1.75);
#204=CIRCLE('',#6469,1.75);
#205=CIRCLE('',#6477,1.75);
#206=CIRCLE('',#6485,1.75);
#207=CIRCLE('',#6487,1.75);
#208=CIRCLE('',#6489,1.75);
#209=CIRCLE('',#6491,1.75);
#210=CIRCLE('',#6493,1.75);
#211=CIRCLE('',#6495,1.75);
#212=CIRCLE('',#6497,1.75);
#213=CIRCLE('',#6499,1.75);
#214=CIRCLE('',#6501,1.75);
#215=CIRCLE('',#6503,1.75);
#216=CIRCLE('',#6505,1.75);
#217=CIRCLE('',#6507,1.75);
#218=CIRCLE('',#6509,1.75);
#219=CIRCLE('',#6511,1.75);
#220=CIRCLE('',#6513,1.75);
#221=CIRCLE('',#6515,1.75);
#222=CIRCLE('',#6517,1.75);
#223=CIRCLE('',#6519,1.75);
#224=CIRCLE('',#6521,1.75);
#225=CIRCLE('',#6523,1.75);
#226=CIRCLE('',#6525,1.75);
#227=CIRCLE('',#6527,1.75);
#228=CIRCLE('',#6529,1.75);
#229=CIRCLE('',#6531,1.75);
#230=CIRCLE('',#6533,1.75);
#231=CIRCLE('',#6535,1.75);
#232=CIRCLE('',#6541,1.5);
#233=CIRCLE('',#6542,1.5);
#234=CIRCLE('',#6543,1.5);
#235=CIRCLE('',#6544,1.5);
#236=CIRCLE('',#6546,1.5);
#237=CIRCLE('',#6547,1.5);
#238=CIRCLE('',#6556,2.5);
#239=CIRCLE('',#6557,4.5);
#240=CIRCLE('',#6558,4.5);
#241=CIRCLE('',#6560,2.5);
#242=CIRCLE('',#6561,4.49999999999999);
#243=CIRCLE('',#6562,4.49999999999999);
#244=CIRCLE('',#6566,1.15);
#245=CIRCLE('',#6568,1.15);
#246=CIRCLE('',#6570,1.15);
#247=CIRCLE('',#6572,1.15);
#248=CIRCLE('',#6589,3.);
#249=CIRCLE('',#6590,3.);
#250=CIRCLE('',#6591,3.);
#251=CIRCLE('',#6592,0.999999999999996);
#252=CIRCLE('',#6595,1.5);
#253=CIRCLE('',#6597,1.5);
#254=CIRCLE('',#6598,1.5);
#255=CIRCLE('',#6600,1.5);
#256=CIRCLE('',#6602,1.5);
#257=CIRCLE('',#6604,2.00000000000001);
#258=CIRCLE('',#6605,2.00000000000001);
#259=CIRCLE('',#6606,2.);
#260=CIRCLE('',#6607,2.);
#261=CIRCLE('',#6608,2.);
#262=CIRCLE('',#6609,2.);
#263=CIRCLE('',#6611,1.5);
#264=CIRCLE('',#6612,1.5);
#265=CIRCLE('',#6614,1.5);
#266=CIRCLE('',#6616,1.5);
#267=CIRCLE('',#6618,1.5);
#268=CIRCLE('',#6620,3.);
#269=CIRCLE('',#6621,1.);
#270=CIRCLE('',#6622,1.);
#271=CIRCLE('',#6623,10.);
#272=CIRCLE('',#6625,1.5);
#273=CIRCLE('',#6627,3.);
#274=CIRCLE('',#6629,3.);
#275=CIRCLE('',#6631,3.);
#276=CIRCLE('',#6633,1.5);
#277=CIRCLE('',#6634,1.5);
#278=CIRCLE('',#6636,1.5);
#279=CIRCLE('',#6638,1.5);
#280=CIRCLE('',#6640,0.999999999999996);
#281=CIRCLE('',#6642,10.);
#282=CIRCLE('',#6643,1.);
#283=CIRCLE('',#6644,1.);
#284=CIRCLE('',#6645,3.);
#285=CIRCLE('',#6647,1.5);
#286=CIRCLE('',#6649,1.5);
#287=CIRCLE('',#6651,1.5);
#288=CIRCLE('',#6655,1.5);
#289=CIRCLE('',#6657,1.5);
#290=CIRCLE('',#6663,1.5);
#291=CIRCLE('',#6665,1.5);
#292=CIRCLE('',#6667,1.5);
#293=CIRCLE('',#6669,1.5);
#294=CIRCLE('',#6670,1.5);
#295=CIRCLE('',#6672,1.5);
#296=CIRCLE('',#6673,1.5);
#297=CIRCLE('',#6677,1.5);
#298=CIRCLE('',#6679,1.5);
#299=CIRCLE('',#6681,1.5);
#300=CIRCLE('',#6710,1.15);
#301=CIRCLE('',#6712,1.15);
#302=CIRCLE('',#6714,2.00000000000001);
#303=CIRCLE('',#6716,2.);
#304=CIRCLE('',#6736,2.);
#305=CIRCLE('',#6738,2.);
#306=CIRCLE('',#6740,1.15);
#307=CIRCLE('',#6742,1.15);
#308=FACE_OUTER_BOUND('',#638,.T.);
#309=FACE_OUTER_BOUND('',#639,.T.);
#310=FACE_OUTER_BOUND('',#640,.T.);
#311=FACE_OUTER_BOUND('',#641,.T.);
#312=FACE_OUTER_BOUND('',#642,.T.);
#313=FACE_OUTER_BOUND('',#643,.T.);
#314=FACE_OUTER_BOUND('',#644,.T.);
#315=FACE_OUTER_BOUND('',#646,.T.);
#316=FACE_OUTER_BOUND('',#647,.T.);
#317=FACE_OUTER_BOUND('',#648,.T.);
#318=FACE_OUTER_BOUND('',#649,.T.);
#319=FACE_OUTER_BOUND('',#650,.T.);
#320=FACE_OUTER_BOUND('',#651,.T.);
#321=FACE_OUTER_BOUND('',#652,.T.);
#322=FACE_OUTER_BOUND('',#654,.T.);
#323=FACE_OUTER_BOUND('',#655,.T.);
#324=FACE_OUTER_BOUND('',#656,.T.);
#325=FACE_OUTER_BOUND('',#657,.T.);
#326=FACE_OUTER_BOUND('',#658,.T.);
#327=FACE_OUTER_BOUND('',#659,.T.);
#328=FACE_OUTER_BOUND('',#660,.T.);
#329=FACE_OUTER_BOUND('',#662,.T.);
#330=FACE_OUTER_BOUND('',#663,.T.);
#331=FACE_OUTER_BOUND('',#664,.T.);
#332=FACE_OUTER_BOUND('',#665,.T.);
#333=FACE_OUTER_BOUND('',#666,.T.);
#334=FACE_OUTER_BOUND('',#667,.T.);
#335=FACE_OUTER_BOUND('',#668,.T.);
#336=FACE_OUTER_BOUND('',#670,.T.);
#337=FACE_OUTER_BOUND('',#671,.T.);
#338=FACE_OUTER_BOUND('',#672,.T.);
#339=FACE_OUTER_BOUND('',#673,.T.);
#340=FACE_OUTER_BOUND('',#674,.T.);
#341=FACE_OUTER_BOUND('',#675,.T.);
#342=FACE_OUTER_BOUND('',#676,.T.);
#343=FACE_OUTER_BOUND('',#678,.T.);
#344=FACE_OUTER_BOUND('',#679,.T.);
#345=FACE_OUTER_BOUND('',#680,.T.);
#346=FACE_OUTER_BOUND('',#681,.T.);
#347=FACE_OUTER_BOUND('',#682,.T.);
#348=FACE_OUTER_BOUND('',#683,.T.);
#349=FACE_OUTER_BOUND('',#684,.T.);
#350=FACE_OUTER_BOUND('',#686,.T.);
#351=FACE_OUTER_BOUND('',#687,.T.);
#352=FACE_OUTER_BOUND('',#688,.T.);
#353=FACE_OUTER_BOUND('',#689,.T.);
#354=FACE_OUTER_BOUND('',#690,.T.);
#355=FACE_OUTER_BOUND('',#691,.T.);
#356=FACE_OUTER_BOUND('',#692,.T.);
#357=FACE_OUTER_BOUND('',#694,.T.);
#358=FACE_OUTER_BOUND('',#695,.T.);
#359=FACE_OUTER_BOUND('',#696,.T.);
#360=FACE_OUTER_BOUND('',#697,.T.);
#361=FACE_OUTER_BOUND('',#698,.T.);
#362=FACE_OUTER_BOUND('',#699,.T.);
#363=FACE_OUTER_BOUND('',#700,.T.);
#364=FACE_OUTER_BOUND('',#702,.T.);
#365=FACE_OUTER_BOUND('',#703,.T.);
#366=FACE_OUTER_BOUND('',#704,.T.);
#367=FACE_OUTER_BOUND('',#705,.T.);
#368=FACE_OUTER_BOUND('',#706,.T.);
#369=FACE_OUTER_BOUND('',#707,.T.);
#370=FACE_OUTER_BOUND('',#708,.T.);
#371=FACE_OUTER_BOUND('',#710,.T.);
#372=FACE_OUTER_BOUND('',#711,.T.);
#373=FACE_OUTER_BOUND('',#712,.T.);
#374=FACE_OUTER_BOUND('',#713,.T.);
#375=FACE_OUTER_BOUND('',#714,.T.);
#376=FACE_OUTER_BOUND('',#715,.T.);
#377=FACE_OUTER_BOUND('',#716,.T.);
#378=FACE_OUTER_BOUND('',#718,.T.);
#379=FACE_OUTER_BOUND('',#719,.T.);
#380=FACE_OUTER_BOUND('',#720,.T.);
#381=FACE_OUTER_BOUND('',#721,.T.);
#382=FACE_OUTER_BOUND('',#722,.T.);
#383=FACE_OUTER_BOUND('',#723,.T.);
#384=FACE_OUTER_BOUND('',#724,.T.);
#385=FACE_OUTER_BOUND('',#726,.T.);
#386=FACE_OUTER_BOUND('',#727,.T.);
#387=FACE_OUTER_BOUND('',#728,.T.);
#388=FACE_OUTER_BOUND('',#729,.T.);
#389=FACE_OUTER_BOUND('',#730,.T.);
#390=FACE_OUTER_BOUND('',#731,.T.);
#391=FACE_OUTER_BOUND('',#732,.T.);
#392=FACE_OUTER_BOUND('',#734,.T.);
#393=FACE_OUTER_BOUND('',#735,.T.);
#394=FACE_OUTER_BOUND('',#736,.T.);
#395=FACE_OUTER_BOUND('',#737,.T.);
#396=FACE_OUTER_BOUND('',#738,.T.);
#397=FACE_OUTER_BOUND('',#739,.T.);
#398=FACE_OUTER_BOUND('',#740,.T.);
#399=FACE_OUTER_BOUND('',#742,.T.);
#400=FACE_OUTER_BOUND('',#743,.T.);
#401=FACE_OUTER_BOUND('',#744,.T.);
#402=FACE_OUTER_BOUND('',#745,.T.);
#403=FACE_OUTER_BOUND('',#746,.T.);
#404=FACE_OUTER_BOUND('',#747,.T.);
#405=FACE_OUTER_BOUND('',#748,.T.);
#406=FACE_OUTER_BOUND('',#750,.T.);
#407=FACE_OUTER_BOUND('',#751,.T.);
#408=FACE_OUTER_BOUND('',#752,.T.);
#409=FACE_OUTER_BOUND('',#753,.T.);
#410=FACE_OUTER_BOUND('',#754,.T.);
#411=FACE_OUTER_BOUND('',#755,.T.);
#412=FACE_OUTER_BOUND('',#756,.T.);
#413=FACE_OUTER_BOUND('',#758,.T.);
#414=FACE_OUTER_BOUND('',#759,.T.);
#415=FACE_OUTER_BOUND('',#760,.T.);
#416=FACE_OUTER_BOUND('',#761,.T.);
#417=FACE_OUTER_BOUND('',#762,.T.);
#418=FACE_OUTER_BOUND('',#763,.T.);
#419=FACE_OUTER_BOUND('',#764,.T.);
#420=FACE_OUTER_BOUND('',#766,.T.);
#421=FACE_OUTER_BOUND('',#767,.T.);
#422=FACE_OUTER_BOUND('',#768,.T.);
#423=FACE_OUTER_BOUND('',#769,.T.);
#424=FACE_OUTER_BOUND('',#770,.T.);
#425=FACE_OUTER_BOUND('',#771,.T.);
#426=FACE_OUTER_BOUND('',#772,.T.);
#427=FACE_OUTER_BOUND('',#774,.T.);
#428=FACE_OUTER_BOUND('',#775,.T.);
#429=FACE_OUTER_BOUND('',#776,.T.);
#430=FACE_OUTER_BOUND('',#777,.T.);
#431=FACE_OUTER_BOUND('',#778,.T.);
#432=FACE_OUTER_BOUND('',#779,.T.);
#433=FACE_OUTER_BOUND('',#780,.T.);
#434=FACE_OUTER_BOUND('',#782,.T.);
#435=FACE_OUTER_BOUND('',#783,.T.);
#436=FACE_OUTER_BOUND('',#784,.T.);
#437=FACE_OUTER_BOUND('',#785,.T.);
#438=FACE_OUTER_BOUND('',#786,.T.);
#439=FACE_OUTER_BOUND('',#787,.T.);
#440=FACE_OUTER_BOUND('',#788,.T.);
#441=FACE_OUTER_BOUND('',#790,.T.);
#442=FACE_OUTER_BOUND('',#791,.T.);
#443=FACE_OUTER_BOUND('',#792,.T.);
#444=FACE_OUTER_BOUND('',#793,.T.);
#445=FACE_OUTER_BOUND('',#794,.T.);
#446=FACE_OUTER_BOUND('',#795,.T.);
#447=FACE_OUTER_BOUND('',#796,.T.);
#448=FACE_OUTER_BOUND('',#798,.T.);
#449=FACE_OUTER_BOUND('',#799,.T.);
#450=FACE_OUTER_BOUND('',#800,.T.);
#451=FACE_OUTER_BOUND('',#801,.T.);
#452=FACE_OUTER_BOUND('',#802,.T.);
#453=FACE_OUTER_BOUND('',#803,.T.);
#454=FACE_OUTER_BOUND('',#804,.T.);
#455=FACE_OUTER_BOUND('',#806,.T.);
#456=FACE_OUTER_BOUND('',#807,.T.);
#457=FACE_OUTER_BOUND('',#808,.T.);
#458=FACE_OUTER_BOUND('',#809,.T.);
#459=FACE_OUTER_BOUND('',#810,.T.);
#460=FACE_OUTER_BOUND('',#811,.T.);
#461=FACE_OUTER_BOUND('',#812,.T.);
#462=FACE_OUTER_BOUND('',#814,.T.);
#463=FACE_OUTER_BOUND('',#815,.T.);
#464=FACE_OUTER_BOUND('',#816,.T.);
#465=FACE_OUTER_BOUND('',#817,.T.);
#466=FACE_OUTER_BOUND('',#818,.T.);
#467=FACE_OUTER_BOUND('',#819,.T.);
#468=FACE_OUTER_BOUND('',#820,.T.);
#469=FACE_OUTER_BOUND('',#822,.T.);
#470=FACE_OUTER_BOUND('',#823,.T.);
#471=FACE_OUTER_BOUND('',#824,.T.);
#472=FACE_OUTER_BOUND('',#825,.T.);
#473=FACE_OUTER_BOUND('',#826,.T.);
#474=FACE_OUTER_BOUND('',#827,.T.);
#475=FACE_OUTER_BOUND('',#828,.T.);
#476=FACE_OUTER_BOUND('',#830,.T.);
#477=FACE_OUTER_BOUND('',#831,.T.);
#478=FACE_OUTER_BOUND('',#832,.T.);
#479=FACE_OUTER_BOUND('',#833,.T.);
#480=FACE_OUTER_BOUND('',#834,.T.);
#481=FACE_OUTER_BOUND('',#835,.T.);
#482=FACE_OUTER_BOUND('',#836,.T.);
#483=FACE_OUTER_BOUND('',#838,.T.);
#484=FACE_OUTER_BOUND('',#839,.T.);
#485=FACE_OUTER_BOUND('',#840,.T.);
#486=FACE_OUTER_BOUND('',#841,.T.);
#487=FACE_OUTER_BOUND('',#842,.T.);
#488=FACE_OUTER_BOUND('',#843,.T.);
#489=FACE_OUTER_BOUND('',#844,.T.);
#490=FACE_OUTER_BOUND('',#845,.T.);
#491=FACE_OUTER_BOUND('',#846,.T.);
#492=FACE_OUTER_BOUND('',#847,.T.);
#493=FACE_OUTER_BOUND('',#848,.T.);
#494=FACE_OUTER_BOUND('',#849,.T.);
#495=FACE_OUTER_BOUND('',#850,.T.);
#496=FACE_OUTER_BOUND('',#851,.T.);
#497=FACE_OUTER_BOUND('',#852,.T.);
#498=FACE_OUTER_BOUND('',#853,.T.);
#499=FACE_OUTER_BOUND('',#854,.T.);
#500=FACE_OUTER_BOUND('',#855,.T.);
#501=FACE_OUTER_BOUND('',#856,.T.);
#502=FACE_OUTER_BOUND('',#857,.T.);
#503=FACE_OUTER_BOUND('',#858,.T.);
#504=FACE_OUTER_BOUND('',#859,.T.);
#505=FACE_OUTER_BOUND('',#860,.T.);
#506=FACE_OUTER_BOUND('',#861,.T.);
#507=FACE_OUTER_BOUND('',#862,.T.);
#508=FACE_OUTER_BOUND('',#863,.T.);
#509=FACE_OUTER_BOUND('',#864,.T.);
#510=FACE_OUTER_BOUND('',#865,.T.);
#511=FACE_OUTER_BOUND('',#866,.T.);
#512=FACE_OUTER_BOUND('',#867,.T.);
#513=FACE_OUTER_BOUND('',#868,.T.);
#514=FACE_OUTER_BOUND('',#869,.T.);
#515=FACE_OUTER_BOUND('',#870,.T.);
#516=FACE_OUTER_BOUND('',#871,.T.);
#517=FACE_OUTER_BOUND('',#872,.T.);
#518=FACE_OUTER_BOUND('',#873,.T.);
#519=FACE_OUTER_BOUND('',#874,.T.);
#520=FACE_OUTER_BOUND('',#875,.T.);
#521=FACE_OUTER_BOUND('',#876,.T.);
#522=FACE_OUTER_BOUND('',#877,.T.);
#523=FACE_OUTER_BOUND('',#878,.T.);
#524=FACE_OUTER_BOUND('',#879,.T.);
#525=FACE_OUTER_BOUND('',#880,.T.);
#526=FACE_OUTER_BOUND('',#881,.T.);
#527=FACE_OUTER_BOUND('',#882,.T.);
#528=FACE_OUTER_BOUND('',#883,.T.);
#529=FACE_OUTER_BOUND('',#884,.T.);
#530=FACE_OUTER_BOUND('',#885,.T.);
#531=FACE_OUTER_BOUND('',#886,.T.);
#532=FACE_OUTER_BOUND('',#887,.T.);
#533=FACE_OUTER_BOUND('',#888,.T.);
#534=FACE_OUTER_BOUND('',#889,.T.);
#535=FACE_OUTER_BOUND('',#890,.T.);
#536=FACE_OUTER_BOUND('',#891,.T.);
#537=FACE_OUTER_BOUND('',#892,.T.);
#538=FACE_OUTER_BOUND('',#893,.T.);
#539=FACE_OUTER_BOUND('',#894,.T.);
#540=FACE_OUTER_BOUND('',#895,.T.);
#541=FACE_OUTER_BOUND('',#898,.T.);
#542=FACE_OUTER_BOUND('',#899,.T.);
#543=FACE_OUTER_BOUND('',#900,.T.);
#544=FACE_OUTER_BOUND('',#901,.T.);
#545=FACE_OUTER_BOUND('',#902,.T.);
#546=FACE_OUTER_BOUND('',#903,.T.);
#547=FACE_OUTER_BOUND('',#933,.T.);
#548=FACE_OUTER_BOUND('',#934,.T.);
#549=FACE_OUTER_BOUND('',#935,.T.);
#550=FACE_OUTER_BOUND('',#936,.T.);
#551=FACE_OUTER_BOUND('',#937,.T.);
#552=FACE_OUTER_BOUND('',#939,.T.);
#553=FACE_OUTER_BOUND('',#940,.T.);
#554=FACE_OUTER_BOUND('',#941,.T.);
#555=FACE_OUTER_BOUND('',#942,.T.);
#556=FACE_OUTER_BOUND('',#943,.T.);
#557=FACE_OUTER_BOUND('',#944,.T.);
#558=FACE_OUTER_BOUND('',#945,.T.);
#559=FACE_OUTER_BOUND('',#946,.T.);
#560=FACE_OUTER_BOUND('',#949,.T.);
#561=FACE_OUTER_BOUND('',#950,.T.);
#562=FACE_OUTER_BOUND('',#951,.T.);
#563=FACE_OUTER_BOUND('',#952,.T.);
#564=FACE_OUTER_BOUND('',#953,.T.);
#565=FACE_OUTER_BOUND('',#979,.T.);
#566=FACE_OUTER_BOUND('',#980,.T.);
#567=FACE_OUTER_BOUND('',#981,.T.);
#568=FACE_OUTER_BOUND('',#982,.T.);
#569=FACE_OUTER_BOUND('',#983,.T.);
#570=FACE_OUTER_BOUND('',#984,.T.);
#571=FACE_OUTER_BOUND('',#985,.T.);
#572=FACE_OUTER_BOUND('',#986,.T.);
#573=FACE_OUTER_BOUND('',#987,.T.);
#574=FACE_OUTER_BOUND('',#988,.T.);
#575=FACE_OUTER_BOUND('',#989,.T.);
#576=FACE_OUTER_BOUND('',#990,.T.);
#577=FACE_OUTER_BOUND('',#991,.T.);
#578=FACE_OUTER_BOUND('',#992,.T.);
#579=FACE_OUTER_BOUND('',#993,.T.);
#580=FACE_OUTER_BOUND('',#994,.T.);
#581=FACE_OUTER_BOUND('',#995,.T.);
#582=FACE_OUTER_BOUND('',#996,.T.);
#583=FACE_OUTER_BOUND('',#997,.T.);
#584=FACE_OUTER_BOUND('',#998,.T.);
#585=FACE_OUTER_BOUND('',#999,.T.);
#586=FACE_OUTER_BOUND('',#1000,.T.);
#587=FACE_OUTER_BOUND('',#1001,.T.);
#588=FACE_OUTER_BOUND('',#1002,.T.);
#589=FACE_OUTER_BOUND('',#1003,.T.);
#590=FACE_OUTER_BOUND('',#1004,.T.);
#591=FACE_OUTER_BOUND('',#1005,.T.);
#592=FACE_OUTER_BOUND('',#1006,.T.);
#593=FACE_OUTER_BOUND('',#1007,.T.);
#594=FACE_OUTER_BOUND('',#1008,.T.);
#595=FACE_OUTER_BOUND('',#1009,.T.);
#596=FACE_OUTER_BOUND('',#1010,.T.);
#597=FACE_OUTER_BOUND('',#1011,.T.);
#598=FACE_OUTER_BOUND('',#1012,.T.);
#599=FACE_OUTER_BOUND('',#1013,.T.);
#600=FACE_OUTER_BOUND('',#1014,.T.);
#601=FACE_OUTER_BOUND('',#1015,.T.);
#602=FACE_OUTER_BOUND('',#1016,.T.);
#603=FACE_OUTER_BOUND('',#1017,.T.);
#604=FACE_OUTER_BOUND('',#1018,.T.);
#605=FACE_OUTER_BOUND('',#1019,.T.);
#606=FACE_OUTER_BOUND('',#1020,.T.);
#607=FACE_OUTER_BOUND('',#1021,.T.);
#608=FACE_OUTER_BOUND('',#1022,.T.);
#609=FACE_OUTER_BOUND('',#1023,.T.);
#610=FACE_OUTER_BOUND('',#1024,.T.);
#611=FACE_OUTER_BOUND('',#1025,.T.);
#612=FACE_OUTER_BOUND('',#1027,.T.);
#613=FACE_OUTER_BOUND('',#1029,.T.);
#614=FACE_OUTER_BOUND('',#1030,.T.);
#615=FACE_OUTER_BOUND('',#1031,.T.);
#616=FACE_OUTER_BOUND('',#1032,.T.);
#617=FACE_OUTER_BOUND('',#1033,.T.);
#618=FACE_OUTER_BOUND('',#1034,.T.);
#619=FACE_OUTER_BOUND('',#1035,.T.);
#620=FACE_OUTER_BOUND('',#1036,.T.);
#621=FACE_OUTER_BOUND('',#1037,.T.);
#622=FACE_OUTER_BOUND('',#1038,.T.);
#623=FACE_OUTER_BOUND('',#1039,.T.);
#624=FACE_OUTER_BOUND('',#1040,.T.);
#625=FACE_OUTER_BOUND('',#1041,.T.);
#626=FACE_OUTER_BOUND('',#1042,.T.);
#627=FACE_OUTER_BOUND('',#1043,.T.);
#628=FACE_OUTER_BOUND('',#1044,.T.);
#629=FACE_OUTER_BOUND('',#1045,.T.);
#630=FACE_OUTER_BOUND('',#1046,.T.);
#631=FACE_OUTER_BOUND('',#1047,.T.);
#632=FACE_OUTER_BOUND('',#1048,.T.);
#633=FACE_OUTER_BOUND('',#1049,.T.);
#634=FACE_OUTER_BOUND('',#1051,.T.);
#635=FACE_OUTER_BOUND('',#1053,.T.);
#636=FACE_OUTER_BOUND('',#1054,.T.);
#637=FACE_OUTER_BOUND('',#1055,.T.);
#638=EDGE_LOOP('',(#3952,#3953,#3954,#3955));
#639=EDGE_LOOP('',(#3956,#3957,#3958,#3959));
#640=EDGE_LOOP('',(#3960,#3961,#3962,#3963));
#641=EDGE_LOOP('',(#3964,#3965,#3966,#3967));
#642=EDGE_LOOP('',(#3968,#3969,#3970,#3971));
#643=EDGE_LOOP('',(#3972,#3973,#3974,#3975));
#644=EDGE_LOOP('',(#3976,#3977,#3978,#3979,#3980,#3981));
#645=EDGE_LOOP('',(#3982));
#646=EDGE_LOOP('',(#3983,#3984,#3985,#3986));
#647=EDGE_LOOP('',(#3987,#3988,#3989,#3990));
#648=EDGE_LOOP('',(#3991,#3992,#3993,#3994));
#649=EDGE_LOOP('',(#3995,#3996,#3997,#3998));
#650=EDGE_LOOP('',(#3999,#4000,#4001,#4002));
#651=EDGE_LOOP('',(#4003,#4004,#4005,#4006));
#652=EDGE_LOOP('',(#4007,#4008,#4009,#4010,#4011,#4012));
#653=EDGE_LOOP('',(#4013));
#654=EDGE_LOOP('',(#4014,#4015,#4016,#4017));
#655=EDGE_LOOP('',(#4018,#4019,#4020,#4021));
#656=EDGE_LOOP('',(#4022,#4023,#4024,#4025));
#657=EDGE_LOOP('',(#4026,#4027,#4028,#4029));
#658=EDGE_LOOP('',(#4030,#4031,#4032,#4033));
#659=EDGE_LOOP('',(#4034,#4035,#4036,#4037));
#660=EDGE_LOOP('',(#4038,#4039,#4040,#4041,#4042,#4043));
#661=EDGE_LOOP('',(#4044));
#662=EDGE_LOOP('',(#4045,#4046,#4047,#4048));
#663=EDGE_LOOP('',(#4049,#4050,#4051,#4052));
#664=EDGE_LOOP('',(#4053,#4054,#4055,#4056));
#665=EDGE_LOOP('',(#4057,#4058,#4059,#4060));
#666=EDGE_LOOP('',(#4061,#4062,#4063,#4064));
#667=EDGE_LOOP('',(#4065,#4066,#4067,#4068));
#668=EDGE_LOOP('',(#4069,#4070,#4071,#4072,#4073,#4074));
#669=EDGE_LOOP('',(#4075));
#670=EDGE_LOOP('',(#4076,#4077,#4078,#4079));
#671=EDGE_LOOP('',(#4080,#4081,#4082,#4083));
#672=EDGE_LOOP('',(#4084,#4085,#4086,#4087));
#673=EDGE_LOOP('',(#4088,#4089,#4090,#4091));
#674=EDGE_LOOP('',(#4092,#4093,#4094,#4095));
#675=EDGE_LOOP('',(#4096,#4097,#4098,#4099));
#676=EDGE_LOOP('',(#4100,#4101,#4102,#4103,#4104,#4105));
#677=EDGE_LOOP('',(#4106));
#678=EDGE_LOOP('',(#4107,#4108,#4109,#4110));
#679=EDGE_LOOP('',(#4111,#4112,#4113,#4114));
#680=EDGE_LOOP('',(#4115,#4116,#4117,#4118));
#681=EDGE_LOOP('',(#4119,#4120,#4121,#4122));
#682=EDGE_LOOP('',(#4123,#4124,#4125,#4126));
#683=EDGE_LOOP('',(#4127,#4128,#4129,#4130));
#684=EDGE_LOOP('',(#4131,#4132,#4133,#4134,#4135,#4136));
#685=EDGE_LOOP('',(#4137));
#686=EDGE_LOOP('',(#4138,#4139,#4140,#4141));
#687=EDGE_LOOP('',(#4142,#4143,#4144,#4145));
#688=EDGE_LOOP('',(#4146,#4147,#4148,#4149));
#689=EDGE_LOOP('',(#4150,#4151,#4152,#4153));
#690=EDGE_LOOP('',(#4154,#4155,#4156,#4157));
#691=EDGE_LOOP('',(#4158,#4159,#4160,#4161));
#692=EDGE_LOOP('',(#4162,#4163,#4164,#4165,#4166,#4167));
#693=EDGE_LOOP('',(#4168));
#694=EDGE_LOOP('',(#4169,#4170,#4171,#4172));
#695=EDGE_LOOP('',(#4173,#4174,#4175,#4176));
#696=EDGE_LOOP('',(#4177,#4178,#4179,#4180));
#697=EDGE_LOOP('',(#4181,#4182,#4183,#4184));
#698=EDGE_LOOP('',(#4185,#4186,#4187,#4188));
#699=EDGE_LOOP('',(#4189,#4190,#4191,#4192));
#700=EDGE_LOOP('',(#4193,#4194,#4195,#4196,#4197,#4198));
#701=EDGE_LOOP('',(#4199));
#702=EDGE_LOOP('',(#4200,#4201,#4202,#4203));
#703=EDGE_LOOP('',(#4204,#4205,#4206,#4207));
#704=EDGE_LOOP('',(#4208,#4209,#4210,#4211));
#705=EDGE_LOOP('',(#4212,#4213,#4214,#4215));
#706=EDGE_LOOP('',(#4216,#4217,#4218,#4219));
#707=EDGE_LOOP('',(#4220,#4221,#4222,#4223));
#708=EDGE_LOOP('',(#4224,#4225,#4226,#4227,#4228,#4229));
#709=EDGE_LOOP('',(#4230));
#710=EDGE_LOOP('',(#4231,#4232,#4233,#4234));
#711=EDGE_LOOP('',(#4235,#4236,#4237,#4238));
#712=EDGE_LOOP('',(#4239,#4240,#4241,#4242));
#713=EDGE_LOOP('',(#4243,#4244,#4245,#4246));
#714=EDGE_LOOP('',(#4247,#4248,#4249,#4250));
#715=EDGE_LOOP('',(#4251,#4252,#4253,#4254));
#716=EDGE_LOOP('',(#4255,#4256,#4257,#4258,#4259,#4260));
#717=EDGE_LOOP('',(#4261));
#718=EDGE_LOOP('',(#4262,#4263,#4264,#4265));
#719=EDGE_LOOP('',(#4266,#4267,#4268,#4269));
#720=EDGE_LOOP('',(#4270,#4271,#4272,#4273));
#721=EDGE_LOOP('',(#4274,#4275,#4276,#4277));
#722=EDGE_LOOP('',(#4278,#4279,#4280,#4281));
#723=EDGE_LOOP('',(#4282,#4283,#4284,#4285));
#724=EDGE_LOOP('',(#4286,#4287,#4288,#4289,#4290,#4291));
#725=EDGE_LOOP('',(#4292));
#726=EDGE_LOOP('',(#4293,#4294,#4295,#4296));
#727=EDGE_LOOP('',(#4297,#4298,#4299,#4300));
#728=EDGE_LOOP('',(#4301,#4302,#4303,#4304));
#729=EDGE_LOOP('',(#4305,#4306,#4307,#4308));
#730=EDGE_LOOP('',(#4309,#4310,#4311,#4312));
#731=EDGE_LOOP('',(#4313,#4314,#4315,#4316));
#732=EDGE_LOOP('',(#4317,#4318,#4319,#4320,#4321,#4322));
#733=EDGE_LOOP('',(#4323));
#734=EDGE_LOOP('',(#4324,#4325,#4326,#4327));
#735=EDGE_LOOP('',(#4328,#4329,#4330,#4331));
#736=EDGE_LOOP('',(#4332,#4333,#4334,#4335));
#737=EDGE_LOOP('',(#4336,#4337,#4338,#4339));
#738=EDGE_LOOP('',(#4340,#4341,#4342,#4343));
#739=EDGE_LOOP('',(#4344,#4345,#4346,#4347));
#740=EDGE_LOOP('',(#4348,#4349,#4350,#4351,#4352,#4353));
#741=EDGE_LOOP('',(#4354));
#742=EDGE_LOOP('',(#4355,#4356,#4357,#4358));
#743=EDGE_LOOP('',(#4359,#4360,#4361,#4362));
#744=EDGE_LOOP('',(#4363,#4364,#4365,#4366));
#745=EDGE_LOOP('',(#4367,#4368,#4369,#4370));
#746=EDGE_LOOP('',(#4371,#4372,#4373,#4374));
#747=EDGE_LOOP('',(#4375,#4376,#4377,#4378));
#748=EDGE_LOOP('',(#4379,#4380,#4381,#4382,#4383,#4384));
#749=EDGE_LOOP('',(#4385));
#750=EDGE_LOOP('',(#4386,#4387,#4388,#4389));
#751=EDGE_LOOP('',(#4390,#4391,#4392,#4393));
#752=EDGE_LOOP('',(#4394,#4395,#4396,#4397));
#753=EDGE_LOOP('',(#4398,#4399,#4400,#4401));
#754=EDGE_LOOP('',(#4402,#4403,#4404,#4405));
#755=EDGE_LOOP('',(#4406,#4407,#4408,#4409));
#756=EDGE_LOOP('',(#4410,#4411,#4412,#4413,#4414,#4415));
#757=EDGE_LOOP('',(#4416));
#758=EDGE_LOOP('',(#4417,#4418,#4419,#4420));
#759=EDGE_LOOP('',(#4421,#4422,#4423,#4424));
#760=EDGE_LOOP('',(#4425,#4426,#4427,#4428));
#761=EDGE_LOOP('',(#4429,#4430,#4431,#4432));
#762=EDGE_LOOP('',(#4433,#4434,#4435,#4436));
#763=EDGE_LOOP('',(#4437,#4438,#4439,#4440));
#764=EDGE_LOOP('',(#4441,#4442,#4443,#4444,#4445,#4446));
#765=EDGE_LOOP('',(#4447));
#766=EDGE_LOOP('',(#4448,#4449,#4450,#4451));
#767=EDGE_LOOP('',(#4452,#4453,#4454,#4455));
#768=EDGE_LOOP('',(#4456,#4457,#4458,#4459));
#769=EDGE_LOOP('',(#4460,#4461,#4462,#4463));
#770=EDGE_LOOP('',(#4464,#4465,#4466,#4467));
#771=EDGE_LOOP('',(#4468,#4469,#4470,#4471));
#772=EDGE_LOOP('',(#4472,#4473,#4474,#4475,#4476,#4477));
#773=EDGE_LOOP('',(#4478));
#774=EDGE_LOOP('',(#4479,#4480,#4481,#4482));
#775=EDGE_LOOP('',(#4483,#4484,#4485,#4486));
#776=EDGE_LOOP('',(#4487,#4488,#4489,#4490));
#777=EDGE_LOOP('',(#4491,#4492,#4493,#4494));
#778=EDGE_LOOP('',(#4495,#4496,#4497,#4498));
#779=EDGE_LOOP('',(#4499,#4500,#4501,#4502));
#780=EDGE_LOOP('',(#4503,#4504,#4505,#4506,#4507,#4508));
#781=EDGE_LOOP('',(#4509));
#782=EDGE_LOOP('',(#4510,#4511,#4512,#4513));
#783=EDGE_LOOP('',(#4514,#4515,#4516,#4517));
#784=EDGE_LOOP('',(#4518,#4519,#4520,#4521));
#785=EDGE_LOOP('',(#4522,#4523,#4524,#4525));
#786=EDGE_LOOP('',(#4526,#4527,#4528,#4529));
#787=EDGE_LOOP('',(#4530,#4531,#4532,#4533));
#788=EDGE_LOOP('',(#4534,#4535,#4536,#4537,#4538,#4539));
#789=EDGE_LOOP('',(#4540));
#790=EDGE_LOOP('',(#4541,#4542,#4543,#4544));
#791=EDGE_LOOP('',(#4545,#4546,#4547,#4548));
#792=EDGE_LOOP('',(#4549,#4550,#4551,#4552));
#793=EDGE_LOOP('',(#4553,#4554,#4555,#4556));
#794=EDGE_LOOP('',(#4557,#4558,#4559,#4560));
#795=EDGE_LOOP('',(#4561,#4562,#4563,#4564));
#796=EDGE_LOOP('',(#4565,#4566,#4567,#4568,#4569,#4570));
#797=EDGE_LOOP('',(#4571));
#798=EDGE_LOOP('',(#4572,#4573,#4574,#4575));
#799=EDGE_LOOP('',(#4576,#4577,#4578,#4579));
#800=EDGE_LOOP('',(#4580,#4581,#4582,#4583));
#801=EDGE_LOOP('',(#4584,#4585,#4586,#4587));
#802=EDGE_LOOP('',(#4588,#4589,#4590,#4591));
#803=EDGE_LOOP('',(#4592,#4593,#4594,#4595));
#804=EDGE_LOOP('',(#4596,#4597,#4598,#4599,#4600,#4601));
#805=EDGE_LOOP('',(#4602));
#806=EDGE_LOOP('',(#4603,#4604,#4605,#4606));
#807=EDGE_LOOP('',(#4607,#4608,#4609,#4610));
#808=EDGE_LOOP('',(#4611,#4612,#4613,#4614));
#809=EDGE_LOOP('',(#4615,#4616,#4617,#4618));
#810=EDGE_LOOP('',(#4619,#4620,#4621,#4622));
#811=EDGE_LOOP('',(#4623,#4624,#4625,#4626));
#812=EDGE_LOOP('',(#4627,#4628,#4629,#4630,#4631,#4632));
#813=EDGE_LOOP('',(#4633));
#814=EDGE_LOOP('',(#4634,#4635,#4636,#4637));
#815=EDGE_LOOP('',(#4638,#4639,#4640,#4641));
#816=EDGE_LOOP('',(#4642,#4643,#4644,#4645));
#817=EDGE_LOOP('',(#4646,#4647,#4648,#4649));
#818=EDGE_LOOP('',(#4650,#4651,#4652,#4653));
#819=EDGE_LOOP('',(#4654,#4655,#4656,#4657));
#820=EDGE_LOOP('',(#4658,#4659,#4660,#4661,#4662,#4663));
#821=EDGE_LOOP('',(#4664));
#822=EDGE_LOOP('',(#4665,#4666,#4667,#4668));
#823=EDGE_LOOP('',(#4669,#4670,#4671,#4672));
#824=EDGE_LOOP('',(#4673,#4674,#4675,#4676));
#825=EDGE_LOOP('',(#4677,#4678,#4679,#4680));
#826=EDGE_LOOP('',(#4681,#4682,#4683,#4684));
#827=EDGE_LOOP('',(#4685,#4686,#4687,#4688));
#828=EDGE_LOOP('',(#4689,#4690,#4691,#4692,#4693,#4694));
#829=EDGE_LOOP('',(#4695));
#830=EDGE_LOOP('',(#4696,#4697,#4698,#4699));
#831=EDGE_LOOP('',(#4700,#4701,#4702,#4703));
#832=EDGE_LOOP('',(#4704,#4705,#4706,#4707));
#833=EDGE_LOOP('',(#4708,#4709,#4710,#4711));
#834=EDGE_LOOP('',(#4712,#4713,#4714,#4715));
#835=EDGE_LOOP('',(#4716,#4717,#4718,#4719));
#836=EDGE_LOOP('',(#4720,#4721,#4722,#4723,#4724,#4725));
#837=EDGE_LOOP('',(#4726));
#838=EDGE_LOOP('',(#4727,#4728,#4729,#4730));
#839=EDGE_LOOP('',(#4731,#4732,#4733,#4734));
#840=EDGE_LOOP('',(#4735,#4736,#4737,#4738));
#841=EDGE_LOOP('',(#4739,#4740,#4741,#4742));
#842=EDGE_LOOP('',(#4743,#4744,#4745,#4746));
#843=EDGE_LOOP('',(#4747,#4748,#4749,#4750));
#844=EDGE_LOOP('',(#4751,#4752,#4753,#4754));
#845=EDGE_LOOP('',(#4755,#4756,#4757,#4758));
#846=EDGE_LOOP('',(#4759,#4760,#4761,#4762));
#847=EDGE_LOOP('',(#4763,#4764,#4765,#4766));
#848=EDGE_LOOP('',(#4767,#4768,#4769,#4770));
#849=EDGE_LOOP('',(#4771,#4772,#4773,#4774));
#850=EDGE_LOOP('',(#4775,#4776,#4777,#4778));
#851=EDGE_LOOP('',(#4779,#4780,#4781,#4782));
#852=EDGE_LOOP('',(#4783,#4784,#4785,#4786));
#853=EDGE_LOOP('',(#4787,#4788,#4789,#4790));
#854=EDGE_LOOP('',(#4791,#4792,#4793,#4794));
#855=EDGE_LOOP('',(#4795,#4796,#4797,#4798));
#856=EDGE_LOOP('',(#4799,#4800,#4801,#4802));
#857=EDGE_LOOP('',(#4803,#4804,#4805,#4806));
#858=EDGE_LOOP('',(#4807,#4808,#4809,#4810));
#859=EDGE_LOOP('',(#4811,#4812,#4813,#4814));
#860=EDGE_LOOP('',(#4815,#4816,#4817,#4818));
#861=EDGE_LOOP('',(#4819,#4820,#4821,#4822));
#862=EDGE_LOOP('',(#4823,#4824,#4825,#4826));
#863=EDGE_LOOP('',(#4827,#4828,#4829,#4830));
#864=EDGE_LOOP('',(#4831,#4832,#4833,#4834));
#865=EDGE_LOOP('',(#4835,#4836,#4837,#4838));
#866=EDGE_LOOP('',(#4839,#4840,#4841,#4842,#4843,#4844,#4845,#4846,#4847,
#4848,#4849,#4850));
#867=EDGE_LOOP('',(#4851,#4852,#4853,#4854,#4855,#4856,#4857,#4858,#4859,
#4860,#4861,#4862,#4863,#4864,#4865,#4866,#4867,#4868,#4869,#4870));
#868=EDGE_LOOP('',(#4871,#4872,#4873,#4874,#4875,#4876,#4877,#4878,#4879,
#4880,#4881,#4882));
#869=EDGE_LOOP('',(#4883,#4884,#4885,#4886,#4887));
#870=EDGE_LOOP('',(#4888,#4889,#4890,#4891,#4892,#4893,#4894,#4895,#4896,
#4897,#4898,#4899,#4900,#4901,#4902,#4903));
#871=EDGE_LOOP('',(#4904,#4905,#4906,#4907,#4908));
#872=EDGE_LOOP('',(#4909,#4910,#4911,#4912));
#873=EDGE_LOOP('',(#4913,#4914,#4915,#4916,#4917,#4918,#4919,#4920,#4921,
#4922,#4923,#4924,#4925,#4926,#4927,#4928));
#874=EDGE_LOOP('',(#4929,#4930,#4931,#4932));
#875=EDGE_LOOP('',(#4933,#4934,#4935,#4936));
#876=EDGE_LOOP('',(#4937,#4938,#4939,#4940,#4941,#4942));
#877=EDGE_LOOP('',(#4943,#4944,#4945,#4946,#4947,#4948));
#878=EDGE_LOOP('',(#4949));
#879=EDGE_LOOP('',(#4950));
#880=EDGE_LOOP('',(#4951));
#881=EDGE_LOOP('',(#4952));
#882=EDGE_LOOP('',(#4953));
#883=EDGE_LOOP('',(#4954));
#884=EDGE_LOOP('',(#4955,#4956,#4957,#4958));
#885=EDGE_LOOP('',(#4959,#4960,#4961,#4962,#4963,#4964));
#886=EDGE_LOOP('',(#4965,#4966,#4967,#4968));
#887=EDGE_LOOP('',(#4969,#4970,#4971,#4972));
#888=EDGE_LOOP('',(#4973,#4974,#4975,#4976,#4977,#4978));
#889=EDGE_LOOP('',(#4979,#4980,#4981,#4982));
#890=EDGE_LOOP('',(#4983,#4984,#4985,#4986,#4987,#4988));
#891=EDGE_LOOP('',(#4989,#4990,#4991,#4992,#4993,#4994));
#892=EDGE_LOOP('',(#4995,#4996,#4997,#4998));
#893=EDGE_LOOP('',(#4999,#5000,#5001,#5002));
#894=EDGE_LOOP('',(#5003,#5004,#5005,#5006));
#895=EDGE_LOOP('',(#5007,#5008,#5009,#5010,#5011,#5012,#5013,#5014,#5015,
#5016,#5017,#5018,#5019,#5020,#5021,#5022));
#896=EDGE_LOOP('',(#5023,#5024,#5025,#5026,#5027,#5028,#5029,#5030,#5031));
#897=EDGE_LOOP('',(#5032));
#898=EDGE_LOOP('',(#5033,#5034,#5035,#5036));
#899=EDGE_LOOP('',(#5037,#5038,#5039,#5040));
#900=EDGE_LOOP('',(#5041,#5042,#5043,#5044));
#901=EDGE_LOOP('',(#5045,#5046,#5047));
#902=EDGE_LOOP('',(#5048,#5049,#5050,#5051));
#903=EDGE_LOOP('',(#5052,#5053,#5054,#5055,#5056,#5057,#5058,#5059));
#904=EDGE_LOOP('',(#5060,#5061,#5062,#5063));
#905=EDGE_LOOP('',(#5064,#5065,#5066,#5067));
#906=EDGE_LOOP('',(#5068));
#907=EDGE_LOOP('',(#5069));
#908=EDGE_LOOP('',(#5070,#5071,#5072,#5073,#5074,#5075));
#909=EDGE_LOOP('',(#5076,#5077,#5078,#5079,#5080,#5081));
#910=EDGE_LOOP('',(#5082,#5083,#5084,#5085,#5086,#5087));
#911=EDGE_LOOP('',(#5088,#5089,#5090,#5091,#5092,#5093));
#912=EDGE_LOOP('',(#5094,#5095,#5096,#5097,#5098,#5099));
#913=EDGE_LOOP('',(#5100,#5101,#5102,#5103,#5104,#5105));
#914=EDGE_LOOP('',(#5106,#5107,#5108,#5109,#5110,#5111));
#915=EDGE_LOOP('',(#5112,#5113,#5114,#5115,#5116,#5117));
#916=EDGE_LOOP('',(#5118,#5119,#5120,#5121,#5122,#5123));
#917=EDGE_LOOP('',(#5124,#5125,#5126,#5127,#5128,#5129));
#918=EDGE_LOOP('',(#5130,#5131,#5132,#5133,#5134,#5135));
#919=EDGE_LOOP('',(#5136,#5137,#5138,#5139,#5140,#5141));
#920=EDGE_LOOP('',(#5142,#5143,#5144,#5145,#5146,#5147));
#921=EDGE_LOOP('',(#5148,#5149,#5150,#5151,#5152,#5153));
#922=EDGE_LOOP('',(#5154,#5155,#5156,#5157,#5158,#5159));
#923=EDGE_LOOP('',(#5160,#5161,#5162,#5163,#5164,#5165));
#924=EDGE_LOOP('',(#5166,#5167,#5168,#5169,#5170,#5171));
#925=EDGE_LOOP('',(#5172,#5173,#5174,#5175,#5176,#5177));
#926=EDGE_LOOP('',(#5178,#5179,#5180,#5181,#5182,#5183));
#927=EDGE_LOOP('',(#5184,#5185,#5186,#5187,#5188,#5189));
#928=EDGE_LOOP('',(#5190,#5191,#5192,#5193,#5194,#5195));
#929=EDGE_LOOP('',(#5196,#5197,#5198,#5199,#5200,#5201));
#930=EDGE_LOOP('',(#5202,#5203,#5204,#5205,#5206,#5207));
#931=EDGE_LOOP('',(#5208,#5209,#5210,#5211,#5212,#5213));
#932=EDGE_LOOP('',(#5214,#5215,#5216,#5217,#5218,#5219));
#933=EDGE_LOOP('',(#5220,#5221,#5222,#5223));
#934=EDGE_LOOP('',(#5224,#5225,#5226,#5227));
#935=EDGE_LOOP('',(#5228,#5229,#5230));
#936=EDGE_LOOP('',(#5231,#5232,#5233,#5234));
#937=EDGE_LOOP('',(#5235,#5236,#5237,#5238,#5239,#5240,#5241,#5242,#5243,
#5244,#5245,#5246,#5247,#5248,#5249,#5250,#5251,#5252,#5253,#5254,#5255,
#5256,#5257,#5258,#5259,#5260));
#938=EDGE_LOOP('',(#5261,#5262,#5263,#5264));
#939=EDGE_LOOP('',(#5265,#5266,#5267,#5268,#5269,#5270,#5271,#5272));
#940=EDGE_LOOP('',(#5273,#5274,#5275,#5276));
#941=EDGE_LOOP('',(#5277,#5278,#5279,#5280));
#942=EDGE_LOOP('',(#5281,#5282,#5283,#5284,#5285,#5286,#5287,#5288,#5289,
#5290,#5291,#5292));
#943=EDGE_LOOP('',(#5293,#5294,#5295,#5296));
#944=EDGE_LOOP('',(#5297,#5298,#5299,#5300));
#945=EDGE_LOOP('',(#5301,#5302,#5303));
#946=EDGE_LOOP('',(#5304,#5305,#5306,#5307,#5308,#5309,#5310,#5311));
#947=EDGE_LOOP('',(#5312));
#948=EDGE_LOOP('',(#5313));
#949=EDGE_LOOP('',(#5314,#5315,#5316,#5317,#5318,#5319,#5320,#5321,#5322,
#5323,#5324,#5325,#5326,#5327,#5328,#5329,#5330,#5331,#5332,#5333,#5334,
#5335,#5336,#5337,#5338,#5339));
#950=EDGE_LOOP('',(#5340,#5341,#5342,#5343));
#951=EDGE_LOOP('',(#5344,#5345,#5346,#5347));
#952=EDGE_LOOP('',(#5348,#5349,#5350));
#953=EDGE_LOOP('',(#5351,#5352,#5353,#5354,#5355,#5356,#5357,#5358));
#954=EDGE_LOOP('',(#5359));
#955=EDGE_LOOP('',(#5360));
#956=EDGE_LOOP('',(#5361));
#957=EDGE_LOOP('',(#5362));
#958=EDGE_LOOP('',(#5363));
#959=EDGE_LOOP('',(#5364));
#960=EDGE_LOOP('',(#5365));
#961=EDGE_LOOP('',(#5366));
#962=EDGE_LOOP('',(#5367));
#963=EDGE_LOOP('',(#5368));
#964=EDGE_LOOP('',(#5369));
#965=EDGE_LOOP('',(#5370));
#966=EDGE_LOOP('',(#5371));
#967=EDGE_LOOP('',(#5372));
#968=EDGE_LOOP('',(#5373));
#969=EDGE_LOOP('',(#5374));
#970=EDGE_LOOP('',(#5375));
#971=EDGE_LOOP('',(#5376));
#972=EDGE_LOOP('',(#5377));
#973=EDGE_LOOP('',(#5378));
#974=EDGE_LOOP('',(#5379));
#975=EDGE_LOOP('',(#5380));
#976=EDGE_LOOP('',(#5381));
#977=EDGE_LOOP('',(#5382));
#978=EDGE_LOOP('',(#5383));
#979=EDGE_LOOP('',(#5384,#5385,#5386,#5387,#5388,#5389,#5390,#5391));
#980=EDGE_LOOP('',(#5392,#5393,#5394,#5395));
#981=EDGE_LOOP('',(#5396,#5397,#5398,#5399));
#982=EDGE_LOOP('',(#5400,#5401,#5402,#5403,#5404,#5405,#5406,#5407));
#983=EDGE_LOOP('',(#5408,#5409,#5410,#5411));
#984=EDGE_LOOP('',(#5412,#5413,#5414,#5415));
#985=EDGE_LOOP('',(#5416,#5417,#5418,#5419));
#986=EDGE_LOOP('',(#5420,#5421,#5422,#5423));
#987=EDGE_LOOP('',(#5424,#5425,#5426));
#988=EDGE_LOOP('',(#5427,#5428,#5429,#5430));
#989=EDGE_LOOP('',(#5431,#5432,#5433));
#990=EDGE_LOOP('',(#5434,#5435,#5436));
#991=EDGE_LOOP('',(#5437,#5438,#5439,#5440));
#992=EDGE_LOOP('',(#5441,#5442,#5443,#5444));
#993=EDGE_LOOP('',(#5445,#5446,#5447,#5448));
#994=EDGE_LOOP('',(#5449,#5450,#5451));
#995=EDGE_LOOP('',(#5452,#5453,#5454,#5455));
#996=EDGE_LOOP('',(#5456,#5457,#5458,#5459,#5460));
#997=EDGE_LOOP('',(#5461,#5462,#5463,#5464,#5465));
#998=EDGE_LOOP('',(#5466,#5467,#5468,#5469));
#999=EDGE_LOOP('',(#5470,#5471,#5472,#5473,#5474,#5475,#5476,#5477));
#1000=EDGE_LOOP('',(#5478,#5479,#5480,#5481));
#1001=EDGE_LOOP('',(#5482,#5483,#5484,#5485));
#1002=EDGE_LOOP('',(#5486,#5487,#5488,#5489));
#1003=EDGE_LOOP('',(#5490,#5491,#5492,#5493));
#1004=EDGE_LOOP('',(#5494,#5495,#5496));
#1005=EDGE_LOOP('',(#5497,#5498,#5499,#5500));
#1006=EDGE_LOOP('',(#5501,#5502,#5503));
#1007=EDGE_LOOP('',(#5504,#5505,#5506,#5507));
#1008=EDGE_LOOP('',(#5508,#5509,#5510,#5511));
#1009=EDGE_LOOP('',(#5512,#5513,#5514,#5515));
#1010=EDGE_LOOP('',(#5516,#5517,#5518,#5519));
#1011=EDGE_LOOP('',(#5520,#5521,#5522,#5523));
#1012=EDGE_LOOP('',(#5524,#5525,#5526,#5527));
#1013=EDGE_LOOP('',(#5528,#5529,#5530,#5531));
#1014=EDGE_LOOP('',(#5532,#5533,#5534,#5535));
#1015=EDGE_LOOP('',(#5536,#5537,#5538,#5539));
#1016=EDGE_LOOP('',(#5540,#5541,#5542,#5543));
#1017=EDGE_LOOP('',(#5544,#5545,#5546,#5547));
#1018=EDGE_LOOP('',(#5548,#5549,#5550,#5551));
#1019=EDGE_LOOP('',(#5552,#5553,#5554,#5555));
#1020=EDGE_LOOP('',(#5556,#5557,#5558,#5559));
#1021=EDGE_LOOP('',(#5560,#5561,#5562,#5563));
#1022=EDGE_LOOP('',(#5564,#5565,#5566,#5567));
#1023=EDGE_LOOP('',(#5568,#5569,#5570,#5571));
#1024=EDGE_LOOP('',(#5572,#5573,#5574,#5575));
#1025=EDGE_LOOP('',(#5576));
#1026=EDGE_LOOP('',(#5577));
#1027=EDGE_LOOP('',(#5578));
#1028=EDGE_LOOP('',(#5579));
#1029=EDGE_LOOP('',(#5580,#5581,#5582,#5583,#5584,#5585));
#1030=EDGE_LOOP('',(#5586,#5587,#5588,#5589));
#1031=EDGE_LOOP('',(#5590,#5591,#5592,#5593));
#1032=EDGE_LOOP('',(#5594,#5595,#5596,#5597));
#1033=EDGE_LOOP('',(#5598,#5599,#5600,#5601));
#1034=EDGE_LOOP('',(#5602,#5603,#5604,#5605));
#1035=EDGE_LOOP('',(#5606,#5607,#5608,#5609));
#1036=EDGE_LOOP('',(#5610,#5611,#5612,#5613));
#1037=EDGE_LOOP('',(#5614,#5615,#5616,#5617));
#1038=EDGE_LOOP('',(#5618,#5619,#5620,#5621));
#1039=EDGE_LOOP('',(#5622,#5623,#5624,#5625));
#1040=EDGE_LOOP('',(#5626,#5627,#5628,#5629));
#1041=EDGE_LOOP('',(#5630,#5631,#5632,#5633));
#1042=EDGE_LOOP('',(#5634,#5635,#5636,#5637));
#1043=EDGE_LOOP('',(#5638,#5639,#5640,#5641));
#1044=EDGE_LOOP('',(#5642,#5643,#5644,#5645));
#1045=EDGE_LOOP('',(#5646,#5647,#5648,#5649));
#1046=EDGE_LOOP('',(#5650,#5651,#5652,#5653));
#1047=EDGE_LOOP('',(#5654,#5655,#5656,#5657,#5658,#5659));
#1048=EDGE_LOOP('',(#5660,#5661,#5662,#5663));
#1049=EDGE_LOOP('',(#5664));
#1050=EDGE_LOOP('',(#5665));
#1051=EDGE_LOOP('',(#5666));
#1052=EDGE_LOOP('',(#5667));
#1053=EDGE_LOOP('',(#5668,#5669,#5670,#5671));
#1054=EDGE_LOOP('',(#5672,#5673,#5674,#5675));
#1055=EDGE_LOOP('',(#5676,#5677,#5678,#5679));
#1056=LINE('',#8410,#1788);
#1057=LINE('',#8412,#1789);
#1058=LINE('',#8414,#1790);
#1059=LINE('',#8415,#1791);
#1060=LINE('',#8418,#1792);
#1061=LINE('',#8420,#1793);
#1062=LINE('',#8421,#1794);
#1063=LINE('',#8424,#1795);
#1064=LINE('',#8426,#1796);
#1065=LINE('',#8427,#1797);
#1066=LINE('',#8430,#1798);
#1067=LINE('',#8432,#1799);
#1068=LINE('',#8433,#1800);
#1069=LINE('',#8436,#1801);
#1070=LINE('',#8438,#1802);
#1071=LINE('',#8439,#1803);
#1072=LINE('',#8441,#1804);
#1073=LINE('',#8442,#1805);
#1074=LINE('',#8449,#1806);
#1075=LINE('',#8451,#1807);
#1076=LINE('',#8453,#1808);
#1077=LINE('',#8454,#1809);
#1078=LINE('',#8457,#1810);
#1079=LINE('',#8459,#1811);
#1080=LINE('',#8460,#1812);
#1081=LINE('',#8463,#1813);
#1082=LINE('',#8465,#1814);
#1083=LINE('',#8466,#1815);
#1084=LINE('',#8469,#1816);
#1085=LINE('',#8471,#1817);
#1086=LINE('',#8472,#1818);
#1087=LINE('',#8475,#1819);
#1088=LINE('',#8477,#1820);
#1089=LINE('',#8478,#1821);
#1090=LINE('',#8480,#1822);
#1091=LINE('',#8481,#1823);
#1092=LINE('',#8488,#1824);
#1093=LINE('',#8490,#1825);
#1094=LINE('',#8492,#1826);
#1095=LINE('',#8493,#1827);
#1096=LINE('',#8496,#1828);
#1097=LINE('',#8498,#1829);
#1098=LINE('',#8499,#1830);
#1099=LINE('',#8502,#1831);
#1100=LINE('',#8504,#1832);
#1101=LINE('',#8505,#1833);
#1102=LINE('',#8508,#1834);
#1103=LINE('',#8510,#1835);
#1104=LINE('',#8511,#1836);
#1105=LINE('',#8514,#1837);
#1106=LINE('',#8516,#1838);
#1107=LINE('',#8517,#1839);
#1108=LINE('',#8519,#1840);
#1109=LINE('',#8520,#1841);
#1110=LINE('',#8527,#1842);
#1111=LINE('',#8529,#1843);
#1112=LINE('',#8531,#1844);
#1113=LINE('',#8532,#1845);
#1114=LINE('',#8535,#1846);
#1115=LINE('',#8537,#1847);
#1116=LINE('',#8538,#1848);
#1117=LINE('',#8541,#1849);
#1118=LINE('',#8543,#1850);
#1119=LINE('',#8544,#1851);
#1120=LINE('',#8547,#1852);
#1121=LINE('',#8549,#1853);
#1122=LINE('',#8550,#1854);
#1123=LINE('',#8553,#1855);
#1124=LINE('',#8555,#1856);
#1125=LINE('',#8556,#1857);
#1126=LINE('',#8558,#1858);
#1127=LINE('',#8559,#1859);
#1128=LINE('',#8566,#1860);
#1129=LINE('',#8568,#1861);
#1130=LINE('',#8570,#1862);
#1131=LINE('',#8571,#1863);
#1132=LINE('',#8574,#1864);
#1133=LINE('',#8576,#1865);
#1134=LINE('',#8577,#1866);
#1135=LINE('',#8580,#1867);
#1136=LINE('',#8582,#1868);
#1137=LINE('',#8583,#1869);
#1138=LINE('',#8586,#1870);
#1139=LINE('',#8588,#1871);
#1140=LINE('',#8589,#1872);
#1141=LINE('',#8592,#1873);
#1142=LINE('',#8594,#1874);
#1143=LINE('',#8595,#1875);
#1144=LINE('',#8597,#1876);
#1145=LINE('',#8598,#1877);
#1146=LINE('',#8605,#1878);
#1147=LINE('',#8607,#1879);
#1148=LINE('',#8609,#1880);
#1149=LINE('',#8610,#1881);
#1150=LINE('',#8613,#1882);
#1151=LINE('',#8615,#1883);
#1152=LINE('',#8616,#1884);
#1153=LINE('',#8619,#1885);
#1154=LINE('',#8621,#1886);
#1155=LINE('',#8622,#1887);
#1156=LINE('',#8625,#1888);
#1157=LINE('',#8627,#1889);
#1158=LINE('',#8628,#1890);
#1159=LINE('',#8631,#1891);
#1160=LINE('',#8633,#1892);
#1161=LINE('',#8634,#1893);
#1162=LINE('',#8636,#1894);
#1163=LINE('',#8637,#1895);
#1164=LINE('',#8644,#1896);
#1165=LINE('',#8646,#1897);
#1166=LINE('',#8648,#1898);
#1167=LINE('',#8649,#1899);
#1168=LINE('',#8652,#1900);
#1169=LINE('',#8654,#1901);
#1170=LINE('',#8655,#1902);
#1171=LINE('',#8658,#1903);
#1172=LINE('',#8660,#1904);
#1173=LINE('',#8661,#1905);
#1174=LINE('',#8664,#1906);
#1175=LINE('',#8666,#1907);
#1176=LINE('',#8667,#1908);
#1177=LINE('',#8670,#1909);
#1178=LINE('',#8672,#1910);
#1179=LINE('',#8673,#1911);
#1180=LINE('',#8675,#1912);
#1181=LINE('',#8676,#1913);
#1182=LINE('',#8683,#1914);
#1183=LINE('',#8685,#1915);
#1184=LINE('',#8687,#1916);
#1185=LINE('',#8688,#1917);
#1186=LINE('',#8691,#1918);
#1187=LINE('',#8693,#1919);
#1188=LINE('',#8694,#1920);
#1189=LINE('',#8697,#1921);
#1190=LINE('',#8699,#1922);
#1191=LINE('',#8700,#1923);
#1192=LINE('',#8703,#1924);
#1193=LINE('',#8705,#1925);
#1194=LINE('',#8706,#1926);
#1195=LINE('',#8709,#1927);
#1196=LINE('',#8711,#1928);
#1197=LINE('',#8712,#1929);
#1198=LINE('',#8714,#1930);
#1199=LINE('',#8715,#1931);
#1200=LINE('',#8722,#1932);
#1201=LINE('',#8724,#1933);
#1202=LINE('',#8726,#1934);
#1203=LINE('',#8727,#1935);
#1204=LINE('',#8730,#1936);
#1205=LINE('',#8732,#1937);
#1206=LINE('',#8733,#1938);
#1207=LINE('',#8736,#1939);
#1208=LINE('',#8738,#1940);
#1209=LINE('',#8739,#1941);
#1210=LINE('',#8742,#1942);
#1211=LINE('',#8744,#1943);
#1212=LINE('',#8745,#1944);
#1213=LINE('',#8748,#1945);
#1214=LINE('',#8750,#1946);
#1215=LINE('',#8751,#1947);
#1216=LINE('',#8753,#1948);
#1217=LINE('',#8754,#1949);
#1218=LINE('',#8761,#1950);
#1219=LINE('',#8763,#1951);
#1220=LINE('',#8765,#1952);
#1221=LINE('',#8766,#1953);
#1222=LINE('',#8769,#1954);
#1223=LINE('',#8771,#1955);
#1224=LINE('',#8772,#1956);
#1225=LINE('',#8775,#1957);
#1226=LINE('',#8777,#1958);
#1227=LINE('',#8778,#1959);
#1228=LINE('',#8781,#1960);
#1229=LINE('',#8783,#1961);
#1230=LINE('',#8784,#1962);
#1231=LINE('',#8787,#1963);
#1232=LINE('',#8789,#1964);
#1233=LINE('',#8790,#1965);
#1234=LINE('',#8792,#1966);
#1235=LINE('',#8793,#1967);
#1236=LINE('',#8800,#1968);
#1237=LINE('',#8802,#1969);
#1238=LINE('',#8804,#1970);
#1239=LINE('',#8805,#1971);
#1240=LINE('',#8808,#1972);
#1241=LINE('',#8810,#1973);
#1242=LINE('',#8811,#1974);
#1243=LINE('',#8814,#1975);
#1244=LINE('',#8816,#1976);
#1245=LINE('',#8817,#1977);
#1246=LINE('',#8820,#1978);
#1247=LINE('',#8822,#1979);
#1248=LINE('',#8823,#1980);
#1249=LINE('',#8826,#1981);
#1250=LINE('',#8828,#1982);
#1251=LINE('',#8829,#1983);
#1252=LINE('',#8831,#1984);
#1253=LINE('',#8832,#1985);
#1254=LINE('',#8839,#1986);
#1255=LINE('',#8841,#1987);
#1256=LINE('',#8843,#1988);
#1257=LINE('',#8844,#1989);
#1258=LINE('',#8847,#1990);
#1259=LINE('',#8849,#1991);
#1260=LINE('',#8850,#1992);
#1261=LINE('',#8853,#1993);
#1262=LINE('',#8855,#1994);
#1263=LINE('',#8856,#1995);
#1264=LINE('',#8859,#1996);
#1265=LINE('',#8861,#1997);
#1266=LINE('',#8862,#1998);
#1267=LINE('',#8865,#1999);
#1268=LINE('',#8867,#2000);
#1269=LINE('',#8868,#2001);
#1270=LINE('',#8870,#2002);
#1271=LINE('',#8871,#2003);
#1272=LINE('',#8878,#2004);
#1273=LINE('',#8880,#2005);
#1274=LINE('',#8882,#2006);
#1275=LINE('',#8883,#2007);
#1276=LINE('',#8886,#2008);
#1277=LINE('',#8888,#2009);
#1278=LINE('',#8889,#2010);
#1279=LINE('',#8892,#2011);
#1280=LINE('',#8894,#2012);
#1281=LINE('',#8895,#2013);
#1282=LINE('',#8898,#2014);
#1283=LINE('',#8900,#2015);
#1284=LINE('',#8901,#2016);
#1285=LINE('',#8904,#2017);
#1286=LINE('',#8906,#2018);
#1287=LINE('',#8907,#2019);
#1288=LINE('',#8909,#2020);
#1289=LINE('',#8910,#2021);
#1290=LINE('',#8917,#2022);
#1291=LINE('',#8919,#2023);
#1292=LINE('',#8921,#2024);
#1293=LINE('',#8922,#2025);
#1294=LINE('',#8925,#2026);
#1295=LINE('',#8927,#2027);
#1296=LINE('',#8928,#2028);
#1297=LINE('',#8931,#2029);
#1298=LINE('',#8933,#2030);
#1299=LINE('',#8934,#2031);
#1300=LINE('',#8937,#2032);
#1301=LINE('',#8939,#2033);
#1302=LINE('',#8940,#2034);
#1303=LINE('',#8943,#2035);
#1304=LINE('',#8945,#2036);
#1305=LINE('',#8946,#2037);
#1306=LINE('',#8948,#2038);
#1307=LINE('',#8949,#2039);
#1308=LINE('',#8956,#2040);
#1309=LINE('',#8958,#2041);
#1310=LINE('',#8960,#2042);
#1311=LINE('',#8961,#2043);
#1312=LINE('',#8964,#2044);
#1313=LINE('',#8966,#2045);
#1314=LINE('',#8967,#2046);
#1315=LINE('',#8970,#2047);
#1316=LINE('',#8972,#2048);
#1317=LINE('',#8973,#2049);
#1318=LINE('',#8976,#2050);
#1319=LINE('',#8978,#2051);
#1320=LINE('',#8979,#2052);
#1321=LINE('',#8982,#2053);
#1322=LINE('',#8984,#2054);
#1323=LINE('',#8985,#2055);
#1324=LINE('',#8987,#2056);
#1325=LINE('',#8988,#2057);
#1326=LINE('',#8995,#2058);
#1327=LINE('',#8997,#2059);
#1328=LINE('',#8999,#2060);
#1329=LINE('',#9000,#2061);
#1330=LINE('',#9003,#2062);
#1331=LINE('',#9005,#2063);
#1332=LINE('',#9006,#2064);
#1333=LINE('',#9009,#2065);
#1334=LINE('',#9011,#2066);
#1335=LINE('',#9012,#2067);
#1336=LINE('',#9015,#2068);
#1337=LINE('',#9017,#2069);
#1338=LINE('',#9018,#2070);
#1339=LINE('',#9021,#2071);
#1340=LINE('',#9023,#2072);
#1341=LINE('',#9024,#2073);
#1342=LINE('',#9026,#2074);
#1343=LINE('',#9027,#2075);
#1344=LINE('',#9034,#2076);
#1345=LINE('',#9036,#2077);
#1346=LINE('',#9038,#2078);
#1347=LINE('',#9039,#2079);
#1348=LINE('',#9042,#2080);
#1349=LINE('',#9044,#2081);
#1350=LINE('',#9045,#2082);
#1351=LINE('',#9048,#2083);
#1352=LINE('',#9050,#2084);
#1353=LINE('',#9051,#2085);
#1354=LINE('',#9054,#2086);
#1355=LINE('',#9056,#2087);
#1356=LINE('',#9057,#2088);
#1357=LINE('',#9060,#2089);
#1358=LINE('',#9062,#2090);
#1359=LINE('',#9063,#2091);
#1360=LINE('',#9065,#2092);
#1361=LINE('',#9066,#2093);
#1362=LINE('',#9073,#2094);
#1363=LINE('',#9075,#2095);
#1364=LINE('',#9077,#2096);
#1365=LINE('',#9078,#2097);
#1366=LINE('',#9081,#2098);
#1367=LINE('',#9083,#2099);
#1368=LINE('',#9084,#2100);
#1369=LINE('',#9087,#2101);
#1370=LINE('',#9089,#2102);
#1371=LINE('',#9090,#2103);
#1372=LINE('',#9093,#2104);
#1373=LINE('',#9095,#2105);
#1374=LINE('',#9096,#2106);
#1375=LINE('',#9099,#2107);
#1376=LINE('',#9101,#2108);
#1377=LINE('',#9102,#2109);
#1378=LINE('',#9104,#2110);
#1379=LINE('',#9105,#2111);
#1380=LINE('',#9112,#2112);
#1381=LINE('',#9114,#2113);
#1382=LINE('',#9116,#2114);
#1383=LINE('',#9117,#2115);
#1384=LINE('',#9120,#2116);
#1385=LINE('',#9122,#2117);
#1386=LINE('',#9123,#2118);
#1387=LINE('',#9126,#2119);
#1388=LINE('',#9128,#2120);
#1389=LINE('',#9129,#2121);
#1390=LINE('',#9132,#2122);
#1391=LINE('',#9134,#2123);
#1392=LINE('',#9135,#2124);
#1393=LINE('',#9138,#2125);
#1394=LINE('',#9140,#2126);
#1395=LINE('',#9141,#2127);
#1396=LINE('',#9143,#2128);
#1397=LINE('',#9144,#2129);
#1398=LINE('',#9151,#2130);
#1399=LINE('',#9153,#2131);
#1400=LINE('',#9155,#2132);
#1401=LINE('',#9156,#2133);
#1402=LINE('',#9159,#2134);
#1403=LINE('',#9161,#2135);
#1404=LINE('',#9162,#2136);
#1405=LINE('',#9165,#2137);
#1406=LINE('',#9167,#2138);
#1407=LINE('',#9168,#2139);
#1408=LINE('',#9171,#2140);
#1409=LINE('',#9173,#2141);
#1410=LINE('',#9174,#2142);
#1411=LINE('',#9177,#2143);
#1412=LINE('',#9179,#2144);
#1413=LINE('',#9180,#2145);
#1414=LINE('',#9182,#2146);
#1415=LINE('',#9183,#2147);
#1416=LINE('',#9190,#2148);
#1417=LINE('',#9192,#2149);
#1418=LINE('',#9194,#2150);
#1419=LINE('',#9195,#2151);
#1420=LINE('',#9198,#2152);
#1421=LINE('',#9200,#2153);
#1422=LINE('',#9201,#2154);
#1423=LINE('',#9204,#2155);
#1424=LINE('',#9206,#2156);
#1425=LINE('',#9207,#2157);
#1426=LINE('',#9210,#2158);
#1427=LINE('',#9212,#2159);
#1428=LINE('',#9213,#2160);
#1429=LINE('',#9216,#2161);
#1430=LINE('',#9218,#2162);
#1431=LINE('',#9219,#2163);
#1432=LINE('',#9221,#2164);
#1433=LINE('',#9222,#2165);
#1434=LINE('',#9229,#2166);
#1435=LINE('',#9231,#2167);
#1436=LINE('',#9233,#2168);
#1437=LINE('',#9234,#2169);
#1438=LINE('',#9237,#2170);
#1439=LINE('',#9239,#2171);
#1440=LINE('',#9240,#2172);
#1441=LINE('',#9243,#2173);
#1442=LINE('',#9245,#2174);
#1443=LINE('',#9246,#2175);
#1444=LINE('',#9249,#2176);
#1445=LINE('',#9251,#2177);
#1446=LINE('',#9252,#2178);
#1447=LINE('',#9255,#2179);
#1448=LINE('',#9257,#2180);
#1449=LINE('',#9258,#2181);
#1450=LINE('',#9260,#2182);
#1451=LINE('',#9261,#2183);
#1452=LINE('',#9268,#2184);
#1453=LINE('',#9270,#2185);
#1454=LINE('',#9272,#2186);
#1455=LINE('',#9273,#2187);
#1456=LINE('',#9276,#2188);
#1457=LINE('',#9278,#2189);
#1458=LINE('',#9279,#2190);
#1459=LINE('',#9282,#2191);
#1460=LINE('',#9284,#2192);
#1461=LINE('',#9285,#2193);
#1462=LINE('',#9288,#2194);
#1463=LINE('',#9290,#2195);
#1464=LINE('',#9291,#2196);
#1465=LINE('',#9294,#2197);
#1466=LINE('',#9296,#2198);
#1467=LINE('',#9297,#2199);
#1468=LINE('',#9299,#2200);
#1469=LINE('',#9300,#2201);
#1470=LINE('',#9307,#2202);
#1471=LINE('',#9309,#2203);
#1472=LINE('',#9311,#2204);
#1473=LINE('',#9312,#2205);
#1474=LINE('',#9315,#2206);
#1475=LINE('',#9317,#2207);
#1476=LINE('',#9318,#2208);
#1477=LINE('',#9321,#2209);
#1478=LINE('',#9323,#2210);
#1479=LINE('',#9324,#2211);
#1480=LINE('',#9327,#2212);
#1481=LINE('',#9329,#2213);
#1482=LINE('',#9330,#2214);
#1483=LINE('',#9333,#2215);
#1484=LINE('',#9335,#2216);
#1485=LINE('',#9336,#2217);
#1486=LINE('',#9338,#2218);
#1487=LINE('',#9339,#2219);
#1488=LINE('',#9346,#2220);
#1489=LINE('',#9348,#2221);
#1490=LINE('',#9350,#2222);
#1491=LINE('',#9351,#2223);
#1492=LINE('',#9354,#2224);
#1493=LINE('',#9356,#2225);
#1494=LINE('',#9357,#2226);
#1495=LINE('',#9360,#2227);
#1496=LINE('',#9362,#2228);
#1497=LINE('',#9363,#2229);
#1498=LINE('',#9366,#2230);
#1499=LINE('',#9368,#2231);
#1500=LINE('',#9369,#2232);
#1501=LINE('',#9372,#2233);
#1502=LINE('',#9374,#2234);
#1503=LINE('',#9375,#2235);
#1504=LINE('',#9377,#2236);
#1505=LINE('',#9378,#2237);
#1506=LINE('',#9384,#2238);
#1507=LINE('',#9388,#2239);
#1508=LINE('',#9392,#2240);
#1509=LINE('',#9396,#2241);
#1510=LINE('',#9400,#2242);
#1511=LINE('',#9404,#2243);
#1512=LINE('',#9408,#2244);
#1513=LINE('',#9412,#2245);
#1514=LINE('',#9416,#2246);
#1515=LINE('',#9420,#2247);
#1516=LINE('',#9424,#2248);
#1517=LINE('',#9428,#2249);
#1518=LINE('',#9432,#2250);
#1519=LINE('',#9436,#2251);
#1520=LINE('',#9440,#2252);
#1521=LINE('',#9444,#2253);
#1522=LINE('',#9448,#2254);
#1523=LINE('',#9452,#2255);
#1524=LINE('',#9456,#2256);
#1525=LINE('',#9460,#2257);
#1526=LINE('',#9464,#2258);
#1527=LINE('',#9468,#2259);
#1528=LINE('',#9472,#2260);
#1529=LINE('',#9476,#2261);
#1530=LINE('',#9480,#2262);
#1531=LINE('',#9485,#2263);
#1532=LINE('',#9487,#2264);
#1533=LINE('',#9489,#2265);
#1534=LINE('',#9490,#2266);
#1535=LINE('',#9494,#2267);
#1536=LINE('',#9496,#2268);
#1537=LINE('',#9498,#2269);
#1538=LINE('',#9499,#2270);
#1539=LINE('',#9501,#2271);
#1540=LINE('',#9502,#2272);
#1541=LINE('',#9505,#2273);
#1542=LINE('',#9507,#2274);
#1543=LINE('',#9509,#2275);
#1544=LINE('',#9511,#2276);
#1545=LINE('',#9513,#2277);
#1546=LINE('',#9515,#2278);
#1547=LINE('',#9517,#2279);
#1548=LINE('',#9519,#2280);
#1549=LINE('',#9520,#2281);
#1550=LINE('',#9523,#2282);
#1551=LINE('',#9527,#2283);
#1552=LINE('',#9531,#2284);
#1553=LINE('',#9533,#2285);
#1554=LINE('',#9535,#2286);
#1555=LINE('',#9539,#2287);
#1556=LINE('',#9541,#2288);
#1557=LINE('',#9543,#2289);
#1558=LINE('',#9545,#2290);
#1559=LINE('',#9547,#2291);
#1560=LINE('',#9549,#2292);
#1561=LINE('',#9551,#2293);
#1562=LINE('',#9553,#2294);
#1563=LINE('',#9555,#2295);
#1564=LINE('',#9559,#2296);
#1565=LINE('',#9561,#2297);
#1566=LINE('',#9562,#2298);
#1567=LINE('',#9566,#2299);
#1568=LINE('',#9568,#2300);
#1569=LINE('',#9570,#2301);
#1570=LINE('',#9573,#2302);
#1571=LINE('',#9577,#2303);
#1572=LINE('',#9579,#2304);
#1573=LINE('',#9581,#2305);
#1574=LINE('',#9583,#2306);
#1575=LINE('',#9584,#2307);
#1576=LINE('',#9587,#2308);
#1577=LINE('',#9589,#2309);
#1578=LINE('',#9591,#2310);
#1579=LINE('',#9593,#2311);
#1580=LINE('',#9595,#2312);
#1581=LINE('',#9597,#2313);
#1582=LINE('',#9599,#2314);
#1583=LINE('',#9601,#2315);
#1584=LINE('',#9603,#2316);
#1585=LINE('',#9605,#2317);
#1586=LINE('',#9606,#2318);
#1587=LINE('',#9608,#2319);
#1588=LINE('',#9610,#2320);
#1589=LINE('',#9611,#2321);
#1590=LINE('',#9614,#2322);
#1591=LINE('',#9616,#2323);
#1592=LINE('',#9618,#2324);
#1593=LINE('',#9619,#2325);
#1594=LINE('',#9622,#2326);
#1595=LINE('',#9623,#2327);
#1596=LINE('',#9626,#2328);
#1597=LINE('',#9628,#2329);
#1598=LINE('',#9630,#2330);
#1599=LINE('',#9631,#2331);
#1600=LINE('',#9633,#2332);
#1601=LINE('',#9635,#2333);
#1602=LINE('',#9637,#2334);
#1603=LINE('',#9639,#2335);
#1604=LINE('',#9640,#2336);
#1605=LINE('',#9642,#2337);
#1606=LINE('',#9644,#2338);
#1607=LINE('',#9645,#2339);
#1608=LINE('',#9647,#2340);
#1609=LINE('',#9648,#2341);
#1610=LINE('',#9650,#2342);
#1611=LINE('',#9655,#2343);
#1612=LINE('',#9678,#2344);
#1613=LINE('',#9716,#2345);
#1614=LINE('',#9719,#2346);
#1615=LINE('',#9722,#2347);
#1616=LINE('',#9724,#2348);
#1617=LINE('',#9725,#2349);
#1618=LINE('',#9726,#2350);
#1619=LINE('',#9729,#2351);
#1620=LINE('',#9730,#2352);
#1621=LINE('',#9736,#2353);
#1622=LINE('',#9739,#2354);
#1623=LINE('',#9742,#2355);
#1624=LINE('',#9744,#2356);
#1625=LINE('',#9745,#2357);
#1626=LINE('',#9746,#2358);
#1627=LINE('',#9749,#2359);
#1628=LINE('',#9750,#2360);
#1629=LINE('',#9752,#2361);
#1630=LINE('',#9754,#2362);
#1631=LINE('',#9755,#2363);
#1632=LINE('',#9757,#2364);
#1633=LINE('',#9759,#2365);
#1634=LINE('',#9760,#2366);
#1635=LINE('',#9764,#2367);
#1636=LINE('',#9767,#2368);
#1637=LINE('',#9769,#2369);
#1638=LINE('',#9771,#2370);
#1639=LINE('',#9773,#2371);
#1640=LINE('',#9775,#2372);
#1641=LINE('',#9777,#2373);
#1642=LINE('',#9778,#2374);
#1643=LINE('',#9779,#2375);
#1644=LINE('',#9784,#2376);
#1645=LINE('',#9786,#2377);
#1646=LINE('',#9788,#2378);
#1647=LINE('',#9794,#2379);
#1648=LINE('',#9796,#2380);
#1649=LINE('',#9797,#2381);
#1650=LINE('',#9808,#2382);
#1651=LINE('',#9813,#2383);
#1652=LINE('',#9817,#2384);
#1653=LINE('',#9819,#2385);
#1654=LINE('',#9821,#2386);
#1655=LINE('',#9823,#2387);
#1656=LINE('',#9825,#2388);
#1657=LINE('',#9826,#2389);
#1658=LINE('',#9843,#2390);
#1659=LINE('',#9848,#2391);
#1660=LINE('',#9854,#2392);
#1661=LINE('',#9856,#2393);
#1662=LINE('',#9860,#2394);
#1663=LINE('',#9864,#2395);
#1664=LINE('',#9866,#2396);
#1665=LINE('',#9868,#2397);
#1666=LINE('',#9870,#2398);
#1667=LINE('',#9872,#2399);
#1668=LINE('',#9874,#2400);
#1669=LINE('',#9876,#2401);
#1670=LINE('',#9878,#2402);
#1671=LINE('',#9880,#2403);
#1672=LINE('',#9882,#2404);
#1673=LINE('',#9884,#2405);
#1674=LINE('',#9886,#2406);
#1675=LINE('',#9888,#2407);
#1676=LINE('',#9890,#2408);
#1677=LINE('',#9894,#2409);
#1678=LINE('',#9895,#2410);
#1679=LINE('',#9898,#2411);
#1680=LINE('',#9900,#2412);
#1681=LINE('',#9902,#2413);
#1682=LINE('',#9903,#2414);
#1683=LINE('',#9906,#2415);
#1684=LINE('',#9908,#2416);
#1685=LINE('',#9912,#2417);
#1686=LINE('',#9913,#2418);
#1687=LINE('',#9919,#2419);
#1688=LINE('',#9921,#2420);
#1689=LINE('',#9922,#2421);
#1690=LINE('',#9928,#2422);
#1691=LINE('',#9930,#2423);
#1692=LINE('',#9931,#2424);
#1693=LINE('',#9933,#2425);
#1694=LINE('',#9934,#2426);
#1695=LINE('',#9935,#2427);
#1696=LINE('',#9936,#2428);
#1697=LINE('',#9938,#2429);
#1698=LINE('',#9945,#2430);
#1699=LINE('',#9948,#2431);
#1700=LINE('',#9950,#2432);
#1701=LINE('',#9953,#2433);
#1702=LINE('',#9958,#2434);
#1703=LINE('',#9959,#2435);
#1704=LINE('',#9961,#2436);
#1705=LINE('',#9962,#2437);
#1706=LINE('',#9967,#2438);
#1707=LINE('',#9969,#2439);
#1708=LINE('',#9971,#2440);
#1709=LINE('',#9975,#2441);
#1710=LINE('',#9977,#2442);
#1711=LINE('',#9979,#2443);
#1712=LINE('',#9981,#2444);
#1713=LINE('',#9983,#2445);
#1714=LINE('',#9985,#2446);
#1715=LINE('',#9987,#2447);
#1716=LINE('',#9989,#2448);
#1717=LINE('',#9991,#2449);
#1718=LINE('',#9993,#2450);
#1719=LINE('',#9995,#2451);
#1720=LINE('',#9997,#2452);
#1721=LINE('',#9999,#2453);
#1722=LINE('',#10001,#2454);
#1723=LINE('',#10005,#2455);
#1724=LINE('',#10009,#2456);
#1725=LINE('',#10011,#2457);
#1726=LINE('',#10015,#2458);
#1727=LINE('',#10020,#2459);
#1728=LINE('',#10025,#2460);
#1729=LINE('',#10026,#2461);
#1730=LINE('',#10028,#2462);
#1731=LINE('',#10030,#2463);
#1732=LINE('',#10031,#2464);
#1733=LINE('',#10033,#2465);
#1734=LINE('',#10034,#2466);
#1735=LINE('',#10039,#2467);
#1736=LINE('',#10042,#2468);
#1737=LINE('',#10045,#2469);
#1738=LINE('',#10047,#2470);
#1739=LINE('',#10048,#2471);
#1740=LINE('',#10050,#2472);
#1741=LINE('',#10052,#2473);
#1742=LINE('',#10075,#2474);
#1743=LINE('',#10076,#2475);
#1744=LINE('',#10079,#2476);
#1745=LINE('',#10080,#2477);
#1746=LINE('',#10082,#2478);
#1747=LINE('',#10083,#2479);
#1748=LINE('',#10085,#2480);
#1749=LINE('',#10087,#2481);
#1750=LINE('',#10089,#2482);
#1751=LINE('',#10093,#2483);
#1752=LINE('',#10095,#2484);
#1753=LINE('',#10096,#2485);
#1754=LINE('',#10098,#2486);
#1755=LINE('',#10100,#2487);
#1756=LINE('',#10103,#2488);
#1757=LINE('',#10104,#2489);
#1758=LINE('',#10106,#2490);
#1759=LINE('',#10107,#2491);
#1760=LINE('',#10109,#2492);
#1761=LINE('',#10111,#2493);
#1762=LINE('',#10113,#2494);
#1763=LINE('',#10115,#2495);
#1764=LINE('',#10117,#2496);
#1765=LINE('',#10119,#2497);
#1766=LINE('',#10121,#2498);
#1767=LINE('',#10122,#2499);
#1768=LINE('',#10125,#2500);
#1769=LINE('',#10127,#2501);
#1770=LINE('',#10130,#2502);
#1771=LINE('',#10132,#2503);
#1772=LINE('',#10136,#2504);
#1773=LINE('',#10140,#2505);
#1774=LINE('',#10149,#2506);
#1775=LINE('',#10151,#2507);
#1776=LINE('',#10154,#2508);
#1777=LINE('',#10155,#2509);
#1778=LINE('',#10158,#2510);
#1779=LINE('',#10159,#2511);
#1780=LINE('',#10162,#2512);
#1781=LINE('',#10167,#2513);
#1782=LINE('',#10171,#2514);
#1783=LINE('',#10174,#2515);
#1784=LINE('',#10178,#2516);
#1785=LINE('',#10182,#2517);
#1786=LINE('',#10191,#2518);
#1787=LINE('',#10193,#2519);
#1788=VECTOR('',#6753,10.);
#1789=VECTOR('',#6754,10.);
#1790=VECTOR('',#6755,10.);
#1791=VECTOR('',#6756,10.);
#1792=VECTOR('',#6759,10.);
#1793=VECTOR('',#6760,10.);
#1794=VECTOR('',#6761,10.);
#1795=VECTOR('',#6764,10.);
#1796=VECTOR('',#6765,10.);
#1797=VECTOR('',#6766,10.);
#1798=VECTOR('',#6769,10.);
#1799=VECTOR('',#6770,10.);
#1800=VECTOR('',#6771,10.);
#1801=VECTOR('',#6774,10.);
#1802=VECTOR('',#6775,10.);
#1803=VECTOR('',#6776,10.);
#1804=VECTOR('',#6779,10.);
#1805=VECTOR('',#6780,10.);
#1806=VECTOR('',#6787,10.);
#1807=VECTOR('',#6788,10.);
#1808=VECTOR('',#6789,10.);
#1809=VECTOR('',#6790,10.);
#1810=VECTOR('',#6793,10.);
#1811=VECTOR('',#6794,10.);
#1812=VECTOR('',#6795,10.);
#1813=VECTOR('',#6798,10.);
#1814=VECTOR('',#6799,10.);
#1815=VECTOR('',#6800,10.);
#1816=VECTOR('',#6803,10.);
#1817=VECTOR('',#6804,10.);
#1818=VECTOR('',#6805,10.);
#1819=VECTOR('',#6808,10.);
#1820=VECTOR('',#6809,10.);
#1821=VECTOR('',#6810,10.);
#1822=VECTOR('',#6813,10.);
#1823=VECTOR('',#6814,10.);
#1824=VECTOR('',#6821,10.);
#1825=VECTOR('',#6822,10.);
#1826=VECTOR('',#6823,10.);
#1827=VECTOR('',#6824,10.);
#1828=VECTOR('',#6827,10.);
#1829=VECTOR('',#6828,10.);
#1830=VECTOR('',#6829,10.);
#1831=VECTOR('',#6832,10.);
#1832=VECTOR('',#6833,10.);
#1833=VECTOR('',#6834,10.);
#1834=VECTOR('',#6837,10.);
#1835=VECTOR('',#6838,10.);
#1836=VECTOR('',#6839,10.);
#1837=VECTOR('',#6842,10.);
#1838=VECTOR('',#6843,10.);
#1839=VECTOR('',#6844,10.);
#1840=VECTOR('',#6847,10.);
#1841=VECTOR('',#6848,10.);
#1842=VECTOR('',#6855,10.);
#1843=VECTOR('',#6856,10.);
#1844=VECTOR('',#6857,10.);
#1845=VECTOR('',#6858,10.);
#1846=VECTOR('',#6861,10.);
#1847=VECTOR('',#6862,10.);
#1848=VECTOR('',#6863,10.);
#1849=VECTOR('',#6866,10.);
#1850=VECTOR('',#6867,10.);
#1851=VECTOR('',#6868,10.);
#1852=VECTOR('',#6871,10.);
#1853=VECTOR('',#6872,10.);
#1854=VECTOR('',#6873,10.);
#1855=VECTOR('',#6876,10.);
#1856=VECTOR('',#6877,10.);
#1857=VECTOR('',#6878,10.);
#1858=VECTOR('',#6881,10.);
#1859=VECTOR('',#6882,10.);
#1860=VECTOR('',#6889,10.);
#1861=VECTOR('',#6890,10.);
#1862=VECTOR('',#6891,10.);
#1863=VECTOR('',#6892,10.);
#1864=VECTOR('',#6895,10.);
#1865=VECTOR('',#6896,10.);
#1866=VECTOR('',#6897,10.);
#1867=VECTOR('',#6900,10.);
#1868=VECTOR('',#6901,10.);
#1869=VECTOR('',#6902,10.);
#1870=VECTOR('',#6905,10.);
#1871=VECTOR('',#6906,10.);
#1872=VECTOR('',#6907,10.);
#1873=VECTOR('',#6910,10.);
#1874=VECTOR('',#6911,10.);
#1875=VECTOR('',#6912,10.);
#1876=VECTOR('',#6915,10.);
#1877=VECTOR('',#6916,10.);
#1878=VECTOR('',#6923,10.);
#1879=VECTOR('',#6924,10.);
#1880=VECTOR('',#6925,10.);
#1881=VECTOR('',#6926,10.);
#1882=VECTOR('',#6929,10.);
#1883=VECTOR('',#6930,10.);
#1884=VECTOR('',#6931,10.);
#1885=VECTOR('',#6934,10.);
#1886=VECTOR('',#6935,10.);
#1887=VECTOR('',#6936,10.);
#1888=VECTOR('',#6939,10.);
#1889=VECTOR('',#6940,10.);
#1890=VECTOR('',#6941,10.);
#1891=VECTOR('',#6944,10.);
#1892=VECTOR('',#6945,10.);
#1893=VECTOR('',#6946,10.);
#1894=VECTOR('',#6949,10.);
#1895=VECTOR('',#6950,10.);
#1896=VECTOR('',#6957,10.);
#1897=VECTOR('',#6958,10.);
#1898=VECTOR('',#6959,10.);
#1899=VECTOR('',#6960,10.);
#1900=VECTOR('',#6963,10.);
#1901=VECTOR('',#6964,10.);
#1902=VECTOR('',#6965,10.);
#1903=VECTOR('',#6968,10.);
#1904=VECTOR('',#6969,10.);
#1905=VECTOR('',#6970,10.);
#1906=VECTOR('',#6973,10.);
#1907=VECTOR('',#6974,10.);
#1908=VECTOR('',#6975,10.);
#1909=VECTOR('',#6978,10.);
#1910=VECTOR('',#6979,10.);
#1911=VECTOR('',#6980,10.);
#1912=VECTOR('',#6983,10.);
#1913=VECTOR('',#6984,10.);
#1914=VECTOR('',#6991,10.);
#1915=VECTOR('',#6992,10.);
#1916=VECTOR('',#6993,10.);
#1917=VECTOR('',#6994,10.);
#1918=VECTOR('',#6997,10.);
#1919=VECTOR('',#6998,10.);
#1920=VECTOR('',#6999,10.);
#1921=VECTOR('',#7002,10.);
#1922=VECTOR('',#7003,10.);
#1923=VECTOR('',#7004,10.);
#1924=VECTOR('',#7007,10.);
#1925=VECTOR('',#7008,10.);
#1926=VECTOR('',#7009,10.);
#1927=VECTOR('',#7012,10.);
#1928=VECTOR('',#7013,10.);
#1929=VECTOR('',#7014,10.);
#1930=VECTOR('',#7017,10.);
#1931=VECTOR('',#7018,10.);
#1932=VECTOR('',#7025,10.);
#1933=VECTOR('',#7026,10.);
#1934=VECTOR('',#7027,10.);
#1935=VECTOR('',#7028,10.);
#1936=VECTOR('',#7031,10.);
#1937=VECTOR('',#7032,10.);
#1938=VECTOR('',#7033,10.);
#1939=VECTOR('',#7036,10.);
#1940=VECTOR('',#7037,10.);
#1941=VECTOR('',#7038,10.);
#1942=VECTOR('',#7041,10.);
#1943=VECTOR('',#7042,10.);
#1944=VECTOR('',#7043,10.);
#1945=VECTOR('',#7046,10.);
#1946=VECTOR('',#7047,10.);
#1947=VECTOR('',#7048,10.);
#1948=VECTOR('',#7051,10.);
#1949=VECTOR('',#7052,10.);
#1950=VECTOR('',#7059,10.);
#1951=VECTOR('',#7060,10.);
#1952=VECTOR('',#7061,10.);
#1953=VECTOR('',#7062,10.);
#1954=VECTOR('',#7065,10.);
#1955=VECTOR('',#7066,10.);
#1956=VECTOR('',#7067,10.);
#1957=VECTOR('',#7070,10.);
#1958=VECTOR('',#7071,10.);
#1959=VECTOR('',#7072,10.);
#1960=VECTOR('',#7075,10.);
#1961=VECTOR('',#7076,10.);
#1962=VECTOR('',#7077,10.);
#1963=VECTOR('',#7080,10.);
#1964=VECTOR('',#7081,10.);
#1965=VECTOR('',#7082,10.);
#1966=VECTOR('',#7085,10.);
#1967=VECTOR('',#7086,10.);
#1968=VECTOR('',#7093,10.);
#1969=VECTOR('',#7094,10.);
#1970=VECTOR('',#7095,10.);
#1971=VECTOR('',#7096,10.);
#1972=VECTOR('',#7099,10.);
#1973=VECTOR('',#7100,10.);
#1974=VECTOR('',#7101,10.);
#1975=VECTOR('',#7104,10.);
#1976=VECTOR('',#7105,10.);
#1977=VECTOR('',#7106,10.);
#1978=VECTOR('',#7109,10.);
#1979=VECTOR('',#7110,10.);
#1980=VECTOR('',#7111,10.);
#1981=VECTOR('',#7114,10.);
#1982=VECTOR('',#7115,10.);
#1983=VECTOR('',#7116,10.);
#1984=VECTOR('',#7119,10.);
#1985=VECTOR('',#7120,10.);
#1986=VECTOR('',#7127,10.);
#1987=VECTOR('',#7128,10.);
#1988=VECTOR('',#7129,10.);
#1989=VECTOR('',#7130,10.);
#1990=VECTOR('',#7133,10.);
#1991=VECTOR('',#7134,10.);
#1992=VECTOR('',#7135,10.);
#1993=VECTOR('',#7138,10.);
#1994=VECTOR('',#7139,10.);
#1995=VECTOR('',#7140,10.);
#1996=VECTOR('',#7143,10.);
#1997=VECTOR('',#7144,10.);
#1998=VECTOR('',#7145,10.);
#1999=VECTOR('',#7148,10.);
#2000=VECTOR('',#7149,10.);
#2001=VECTOR('',#7150,10.);
#2002=VECTOR('',#7153,10.);
#2003=VECTOR('',#7154,10.);
#2004=VECTOR('',#7161,10.);
#2005=VECTOR('',#7162,10.);
#2006=VECTOR('',#7163,10.);
#2007=VECTOR('',#7164,10.);
#2008=VECTOR('',#7167,10.);
#2009=VECTOR('',#7168,10.);
#2010=VECTOR('',#7169,10.);
#2011=VECTOR('',#7172,10.);
#2012=VECTOR('',#7173,10.);
#2013=VECTOR('',#7174,10.);
#2014=VECTOR('',#7177,10.);
#2015=VECTOR('',#7178,10.);
#2016=VECTOR('',#7179,10.);
#2017=VECTOR('',#7182,10.);
#2018=VECTOR('',#7183,10.);
#2019=VECTOR('',#7184,10.);
#2020=VECTOR('',#7187,10.);
#2021=VECTOR('',#7188,10.);
#2022=VECTOR('',#7195,10.);
#2023=VECTOR('',#7196,10.);
#2024=VECTOR('',#7197,10.);
#2025=VECTOR('',#7198,10.);
#2026=VECTOR('',#7201,10.);
#2027=VECTOR('',#7202,10.);
#2028=VECTOR('',#7203,10.);
#2029=VECTOR('',#7206,10.);
#2030=VECTOR('',#7207,10.);
#2031=VECTOR('',#7208,10.);
#2032=VECTOR('',#7211,10.);
#2033=VECTOR('',#7212,10.);
#2034=VECTOR('',#7213,10.);
#2035=VECTOR('',#7216,10.);
#2036=VECTOR('',#7217,10.);
#2037=VECTOR('',#7218,10.);
#2038=VECTOR('',#7221,10.);
#2039=VECTOR('',#7222,10.);
#2040=VECTOR('',#7229,10.);
#2041=VECTOR('',#7230,10.);
#2042=VECTOR('',#7231,10.);
#2043=VECTOR('',#7232,10.);
#2044=VECTOR('',#7235,10.);
#2045=VECTOR('',#7236,10.);
#2046=VECTOR('',#7237,10.);
#2047=VECTOR('',#7240,10.);
#2048=VECTOR('',#7241,10.);
#2049=VECTOR('',#7242,10.);
#2050=VECTOR('',#7245,10.);
#2051=VECTOR('',#7246,10.);
#2052=VECTOR('',#7247,10.);
#2053=VECTOR('',#7250,10.);
#2054=VECTOR('',#7251,10.);
#2055=VECTOR('',#7252,10.);
#2056=VECTOR('',#7255,10.);
#2057=VECTOR('',#7256,10.);
#2058=VECTOR('',#7263,10.);
#2059=VECTOR('',#7264,10.);
#2060=VECTOR('',#7265,10.);
#2061=VECTOR('',#7266,10.);
#2062=VECTOR('',#7269,10.);
#2063=VECTOR('',#7270,10.);
#2064=VECTOR('',#7271,10.);
#2065=VECTOR('',#7274,10.);
#2066=VECTOR('',#7275,10.);
#2067=VECTOR('',#7276,10.);
#2068=VECTOR('',#7279,10.);
#2069=VECTOR('',#7280,10.);
#2070=VECTOR('',#7281,10.);
#2071=VECTOR('',#7284,10.);
#2072=VECTOR('',#7285,10.);
#2073=VECTOR('',#7286,10.);
#2074=VECTOR('',#7289,10.);
#2075=VECTOR('',#7290,10.);
#2076=VECTOR('',#7297,10.);
#2077=VECTOR('',#7298,10.);
#2078=VECTOR('',#7299,10.);
#2079=VECTOR('',#7300,10.);
#2080=VECTOR('',#7303,10.);
#2081=VECTOR('',#7304,10.);
#2082=VECTOR('',#7305,10.);
#2083=VECTOR('',#7308,10.);
#2084=VECTOR('',#7309,10.);
#2085=VECTOR('',#7310,10.);
#2086=VECTOR('',#7313,10.);
#2087=VECTOR('',#7314,10.);
#2088=VECTOR('',#7315,10.);
#2089=VECTOR('',#7318,10.);
#2090=VECTOR('',#7319,10.);
#2091=VECTOR('',#7320,10.);
#2092=VECTOR('',#7323,10.);
#2093=VECTOR('',#7324,10.);
#2094=VECTOR('',#7331,10.);
#2095=VECTOR('',#7332,10.);
#2096=VECTOR('',#7333,10.);
#2097=VECTOR('',#7334,10.);
#2098=VECTOR('',#7337,10.);
#2099=VECTOR('',#7338,10.);
#2100=VECTOR('',#7339,10.);
#2101=VECTOR('',#7342,10.);
#2102=VECTOR('',#7343,10.);
#2103=VECTOR('',#7344,10.);
#2104=VECTOR('',#7347,10.);
#2105=VECTOR('',#7348,10.);
#2106=VECTOR('',#7349,10.);
#2107=VECTOR('',#7352,10.);
#2108=VECTOR('',#7353,10.);
#2109=VECTOR('',#7354,10.);
#2110=VECTOR('',#7357,10.);
#2111=VECTOR('',#7358,10.);
#2112=VECTOR('',#7365,10.);
#2113=VECTOR('',#7366,10.);
#2114=VECTOR('',#7367,10.);
#2115=VECTOR('',#7368,10.);
#2116=VECTOR('',#7371,10.);
#2117=VECTOR('',#7372,10.);
#2118=VECTOR('',#7373,10.);
#2119=VECTOR('',#7376,10.);
#2120=VECTOR('',#7377,10.);
#2121=VECTOR('',#7378,10.);
#2122=VECTOR('',#7381,10.);
#2123=VECTOR('',#7382,10.);
#2124=VECTOR('',#7383,10.);
#2125=VECTOR('',#7386,10.);
#2126=VECTOR('',#7387,10.);
#2127=VECTOR('',#7388,10.);
#2128=VECTOR('',#7391,10.);
#2129=VECTOR('',#7392,10.);
#2130=VECTOR('',#7399,10.);
#2131=VECTOR('',#7400,10.);
#2132=VECTOR('',#7401,10.);
#2133=VECTOR('',#7402,10.);
#2134=VECTOR('',#7405,10.);
#2135=VECTOR('',#7406,10.);
#2136=VECTOR('',#7407,10.);
#2137=VECTOR('',#7410,10.);
#2138=VECTOR('',#7411,10.);
#2139=VECTOR('',#7412,10.);
#2140=VECTOR('',#7415,10.);
#2141=VECTOR('',#7416,10.);
#2142=VECTOR('',#7417,10.);
#2143=VECTOR('',#7420,10.);
#2144=VECTOR('',#7421,10.);
#2145=VECTOR('',#7422,10.);
#2146=VECTOR('',#7425,10.);
#2147=VECTOR('',#7426,10.);
#2148=VECTOR('',#7433,10.);
#2149=VECTOR('',#7434,10.);
#2150=VECTOR('',#7435,10.);
#2151=VECTOR('',#7436,10.);
#2152=VECTOR('',#7439,10.);
#2153=VECTOR('',#7440,10.);
#2154=VECTOR('',#7441,10.);
#2155=VECTOR('',#7444,10.);
#2156=VECTOR('',#7445,10.);
#2157=VECTOR('',#7446,10.);
#2158=VECTOR('',#7449,10.);
#2159=VECTOR('',#7450,10.);
#2160=VECTOR('',#7451,10.);
#2161=VECTOR('',#7454,10.);
#2162=VECTOR('',#7455,10.);
#2163=VECTOR('',#7456,10.);
#2164=VECTOR('',#7459,10.);
#2165=VECTOR('',#7460,10.);
#2166=VECTOR('',#7467,10.);
#2167=VECTOR('',#7468,10.);
#2168=VECTOR('',#7469,10.);
#2169=VECTOR('',#7470,10.);
#2170=VECTOR('',#7473,10.);
#2171=VECTOR('',#7474,10.);
#2172=VECTOR('',#7475,10.);
#2173=VECTOR('',#7478,10.);
#2174=VECTOR('',#7479,10.);
#2175=VECTOR('',#7480,10.);
#2176=VECTOR('',#7483,10.);
#2177=VECTOR('',#7484,10.);
#2178=VECTOR('',#7485,10.);
#2179=VECTOR('',#7488,10.);
#2180=VECTOR('',#7489,10.);
#2181=VECTOR('',#7490,10.);
#2182=VECTOR('',#7493,10.);
#2183=VECTOR('',#7494,10.);
#2184=VECTOR('',#7501,10.);
#2185=VECTOR('',#7502,10.);
#2186=VECTOR('',#7503,10.);
#2187=VECTOR('',#7504,10.);
#2188=VECTOR('',#7507,10.);
#2189=VECTOR('',#7508,10.);
#2190=VECTOR('',#7509,10.);
#2191=VECTOR('',#7512,10.);
#2192=VECTOR('',#7513,10.);
#2193=VECTOR('',#7514,10.);
#2194=VECTOR('',#7517,10.);
#2195=VECTOR('',#7518,10.);
#2196=VECTOR('',#7519,10.);
#2197=VECTOR('',#7522,10.);
#2198=VECTOR('',#7523,10.);
#2199=VECTOR('',#7524,10.);
#2200=VECTOR('',#7527,10.);
#2201=VECTOR('',#7528,10.);
#2202=VECTOR('',#7535,10.);
#2203=VECTOR('',#7536,10.);
#2204=VECTOR('',#7537,10.);
#2205=VECTOR('',#7538,10.);
#2206=VECTOR('',#7541,10.);
#2207=VECTOR('',#7542,10.);
#2208=VECTOR('',#7543,10.);
#2209=VECTOR('',#7546,10.);
#2210=VECTOR('',#7547,10.);
#2211=VECTOR('',#7548,10.);
#2212=VECTOR('',#7551,10.);
#2213=VECTOR('',#7552,10.);
#2214=VECTOR('',#7553,10.);
#2215=VECTOR('',#7556,10.);
#2216=VECTOR('',#7557,10.);
#2217=VECTOR('',#7558,10.);
#2218=VECTOR('',#7561,10.);
#2219=VECTOR('',#7562,10.);
#2220=VECTOR('',#7569,10.);
#2221=VECTOR('',#7570,10.);
#2222=VECTOR('',#7571,10.);
#2223=VECTOR('',#7572,10.);
#2224=VECTOR('',#7575,10.);
#2225=VECTOR('',#7576,10.);
#2226=VECTOR('',#7577,10.);
#2227=VECTOR('',#7580,10.);
#2228=VECTOR('',#7581,10.);
#2229=VECTOR('',#7582,10.);
#2230=VECTOR('',#7585,10.);
#2231=VECTOR('',#7586,10.);
#2232=VECTOR('',#7587,10.);
#2233=VECTOR('',#7590,10.);
#2234=VECTOR('',#7591,10.);
#2235=VECTOR('',#7592,10.);
#2236=VECTOR('',#7595,10.);
#2237=VECTOR('',#7596,10.);
#2238=VECTOR('',#7603,1.75);
#2239=VECTOR('',#7608,1.75);
#2240=VECTOR('',#7613,1.75);
#2241=VECTOR('',#7618,1.75);
#2242=VECTOR('',#7623,1.75);
#2243=VECTOR('',#7628,1.75);
#2244=VECTOR('',#7633,1.75);
#2245=VECTOR('',#7638,1.75);
#2246=VECTOR('',#7643,1.75);
#2247=VECTOR('',#7648,1.75);
#2248=VECTOR('',#7653,1.75);
#2249=VECTOR('',#7658,1.75);
#2250=VECTOR('',#7663,1.75);
#2251=VECTOR('',#7668,1.75);
#2252=VECTOR('',#7673,1.75);
#2253=VECTOR('',#7678,1.75);
#2254=VECTOR('',#7683,1.75);
#2255=VECTOR('',#7688,1.75);
#2256=VECTOR('',#7693,1.75);
#2257=VECTOR('',#7698,1.75);
#2258=VECTOR('',#7703,1.75);
#2259=VECTOR('',#7708,1.75);
#2260=VECTOR('',#7713,1.75);
#2261=VECTOR('',#7718,1.75);
#2262=VECTOR('',#7723,1.75);
#2263=VECTOR('',#7728,10.);
#2264=VECTOR('',#7729,10.);
#2265=VECTOR('',#7730,10.);
#2266=VECTOR('',#7731,10.);
#2267=VECTOR('',#7734,10.);
#2268=VECTOR('',#7735,10.);
#2269=VECTOR('',#7736,10.);
#2270=VECTOR('',#7737,10.);
#2271=VECTOR('',#7740,10.);
#2272=VECTOR('',#7741,10.);
#2273=VECTOR('',#7744,10.);
#2274=VECTOR('',#7745,10.);
#2275=VECTOR('',#7746,10.);
#2276=VECTOR('',#7747,10.);
#2277=VECTOR('',#7748,10.);
#2278=VECTOR('',#7749,10.);
#2279=VECTOR('',#7750,10.);
#2280=VECTOR('',#7751,10.);
#2281=VECTOR('',#7752,10.);
#2282=VECTOR('',#7755,10.);
#2283=VECTOR('',#7758,10.);
#2284=VECTOR('',#7761,10.);
#2285=VECTOR('',#7762,10.);
#2286=VECTOR('',#7763,10.);
#2287=VECTOR('',#7766,10.);
#2288=VECTOR('',#7767,10.);
#2289=VECTOR('',#7768,10.);
#2290=VECTOR('',#7769,10.);
#2291=VECTOR('',#7770,10.);
#2292=VECTOR('',#7771,10.);
#2293=VECTOR('',#7772,10.);
#2294=VECTOR('',#7773,10.);
#2295=VECTOR('',#7774,10.);
#2296=VECTOR('',#7779,10.);
#2297=VECTOR('',#7780,10.);
#2298=VECTOR('',#7781,10.);
#2299=VECTOR('',#7784,10.);
#2300=VECTOR('',#7785,10.);
#2301=VECTOR('',#7786,10.);
#2302=VECTOR('',#7789,10.);
#2303=VECTOR('',#7792,10.);
#2304=VECTOR('',#7793,10.);
#2305=VECTOR('',#7794,10.);
#2306=VECTOR('',#7795,10.);
#2307=VECTOR('',#7796,10.);
#2308=VECTOR('',#7799,10.);
#2309=VECTOR('',#7800,10.);
#2310=VECTOR('',#7801,10.);
#2311=VECTOR('',#7802,10.);
#2312=VECTOR('',#7803,10.);
#2313=VECTOR('',#7804,10.);
#2314=VECTOR('',#7805,10.);
#2315=VECTOR('',#7806,10.);
#2316=VECTOR('',#7807,10.);
#2317=VECTOR('',#7808,10.);
#2318=VECTOR('',#7809,10.);
#2319=VECTOR('',#7810,10.);
#2320=VECTOR('',#7811,10.);
#2321=VECTOR('',#7812,10.);
#2322=VECTOR('',#7815,10.);
#2323=VECTOR('',#7816,10.);
#2324=VECTOR('',#7817,10.);
#2325=VECTOR('',#7818,10.);
#2326=VECTOR('',#7821,10.);
#2327=VECTOR('',#7822,10.);
#2328=VECTOR('',#7825,10.);
#2329=VECTOR('',#7826,10.);
#2330=VECTOR('',#7827,10.);
#2331=VECTOR('',#7828,10.);
#2332=VECTOR('',#7829,10.);
#2333=VECTOR('',#7830,10.);
#2334=VECTOR('',#7831,10.);
#2335=VECTOR('',#7832,10.);
#2336=VECTOR('',#7833,10.);
#2337=VECTOR('',#7834,10.);
#2338=VECTOR('',#7835,10.);
#2339=VECTOR('',#7836,10.);
#2340=VECTOR('',#7839,10.);
#2341=VECTOR('',#7840,10.);
#2342=VECTOR('',#7843,10.);
#2343=VECTOR('',#7848,3.5);
#2344=VECTOR('',#7857,3.5);
#2345=VECTOR('',#7886,10.);
#2346=VECTOR('',#7889,10.);
#2347=VECTOR('',#7892,10.);
#2348=VECTOR('',#7893,10.);
#2349=VECTOR('',#7894,10.);
#2350=VECTOR('',#7895,10.);
#2351=VECTOR('',#7898,10.);
#2352=VECTOR('',#7899,10.);
#2353=VECTOR('',#7904,10.);
#2354=VECTOR('',#7907,10.);
#2355=VECTOR('',#7910,10.);
#2356=VECTOR('',#7911,10.);
#2357=VECTOR('',#7912,10.);
#2358=VECTOR('',#7913,10.);
#2359=VECTOR('',#7916,10.);
#2360=VECTOR('',#7917,10.);
#2361=VECTOR('',#7920,10.);
#2362=VECTOR('',#7921,10.);
#2363=VECTOR('',#7922,10.);
#2364=VECTOR('',#7925,10.);
#2365=VECTOR('',#7926,10.);
#2366=VECTOR('',#7927,10.);
#2367=VECTOR('',#7934,10.);
#2368=VECTOR('',#7937,10.);
#2369=VECTOR('',#7938,10.);
#2370=VECTOR('',#7939,10.);
#2371=VECTOR('',#7940,10.);
#2372=VECTOR('',#7941,10.);
#2373=VECTOR('',#7942,10.);
#2374=VECTOR('',#7943,10.);
#2375=VECTOR('',#7944,10.);
#2376=VECTOR('',#7947,10.);
#2377=VECTOR('',#7948,10.);
#2378=VECTOR('',#7949,10.);
#2379=VECTOR('',#7954,10.);
#2380=VECTOR('',#7955,10.);
#2381=VECTOR('',#7956,10.);
#2382=VECTOR('',#7971,10.);
#2383=VECTOR('',#7978,10.);
#2384=VECTOR('',#7983,10.);
#2385=VECTOR('',#7984,10.);
#2386=VECTOR('',#7985,10.);
#2387=VECTOR('',#7986,10.);
#2388=VECTOR('',#7987,10.);
#2389=VECTOR('',#7988,10.);
#2390=VECTOR('',#8011,10.);
#2391=VECTOR('',#8018,10.);
#2392=VECTOR('',#8025,10.);
#2393=VECTOR('',#8026,10.);
#2394=VECTOR('',#8029,10.);
#2395=VECTOR('',#8032,10.);
#2396=VECTOR('',#8033,10.);
#2397=VECTOR('',#8034,10.);
#2398=VECTOR('',#8035,10.);
#2399=VECTOR('',#8036,10.);
#2400=VECTOR('',#8037,10.);
#2401=VECTOR('',#8038,10.);
#2402=VECTOR('',#8039,10.);
#2403=VECTOR('',#8040,10.);
#2404=VECTOR('',#8041,10.);
#2405=VECTOR('',#8042,10.);
#2406=VECTOR('',#8043,10.);
#2407=VECTOR('',#8044,10.);
#2408=VECTOR('',#8045,10.);
#2409=VECTOR('',#8048,10.);
#2410=VECTOR('',#8049,10.);
#2411=VECTOR('',#8050,10.);
#2412=VECTOR('',#8051,10.);
#2413=VECTOR('',#8052,10.);
#2414=VECTOR('',#8053,10.);
#2415=VECTOR('',#8056,10.);
#2416=VECTOR('',#8057,10.);
#2417=VECTOR('',#8060,10.);
#2418=VECTOR('',#8061,10.);
#2419=VECTOR('',#8066,10.);
#2420=VECTOR('',#8067,10.);
#2421=VECTOR('',#8068,10.);
#2422=VECTOR('',#8073,10.);
#2423=VECTOR('',#8074,10.);
#2424=VECTOR('',#8075,10.);
#2425=VECTOR('',#8078,10.);
#2426=VECTOR('',#8079,10.);
#2427=VECTOR('',#8080,10.);
#2428=VECTOR('',#8081,10.);
#2429=VECTOR('',#8082,3.);
#2430=VECTOR('',#8089,10.);
#2431=VECTOR('',#8092,10.);
#2432=VECTOR('',#8095,10.);
#2433=VECTOR('',#8098,10.);
#2434=VECTOR('',#8105,10.);
#2435=VECTOR('',#8106,10.);
#2436=VECTOR('',#8107,10.);
#2437=VECTOR('',#8108,10.);
#2438=VECTOR('',#8113,10.);
#2439=VECTOR('',#8114,10.);
#2440=VECTOR('',#8115,10.);
#2441=VECTOR('',#8118,10.);
#2442=VECTOR('',#8119,10.);
#2443=VECTOR('',#8120,10.);
#2444=VECTOR('',#8121,10.);
#2445=VECTOR('',#8122,10.);
#2446=VECTOR('',#8123,10.);
#2447=VECTOR('',#8124,10.);
#2448=VECTOR('',#8125,10.);
#2449=VECTOR('',#8126,10.);
#2450=VECTOR('',#8127,10.);
#2451=VECTOR('',#8128,10.);
#2452=VECTOR('',#8129,10.);
#2453=VECTOR('',#8130,10.);
#2454=VECTOR('',#8131,10.);
#2455=VECTOR('',#8134,10.);
#2456=VECTOR('',#8137,10.);
#2457=VECTOR('',#8138,10.);
#2458=VECTOR('',#8143,10.);
#2459=VECTOR('',#8150,10.);
#2460=VECTOR('',#8157,10.);
#2461=VECTOR('',#8158,10.);
#2462=VECTOR('',#8159,10.);
#2463=VECTOR('',#8160,10.);
#2464=VECTOR('',#8161,10.);
#2465=VECTOR('',#8164,10.);
#2466=VECTOR('',#8165,10.);
#2467=VECTOR('',#8172,10.);
#2468=VECTOR('',#8177,10.);
#2469=VECTOR('',#8180,10.);
#2470=VECTOR('',#8181,10.);
#2471=VECTOR('',#8182,10.);
#2472=VECTOR('',#8185,10.);
#2473=VECTOR('',#8188,10.);
#2474=VECTOR('',#8231,10.);
#2475=VECTOR('',#8232,10.);
#2476=VECTOR('',#8235,10.);
#2477=VECTOR('',#8236,10.);
#2478=VECTOR('',#8239,10.);
#2479=VECTOR('',#8240,10.);
#2480=VECTOR('',#8243,10.);
#2481=VECTOR('',#8246,10.);
#2482=VECTOR('',#8249,0.999999999999996);
#2483=VECTOR('',#8254,10.);
#2484=VECTOR('',#8255,10.);
#2485=VECTOR('',#8256,10.);
#2486=VECTOR('',#8259,10.);
#2487=VECTOR('',#8262,10.);
#2488=VECTOR('',#8267,10.);
#2489=VECTOR('',#8268,10.);
#2490=VECTOR('',#8271,10.);
#2491=VECTOR('',#8272,10.);
#2492=VECTOR('',#8275,10.);
#2493=VECTOR('',#8278,10.);
#2494=VECTOR('',#8281,10.);
#2495=VECTOR('',#8284,10.);
#2496=VECTOR('',#8287,10.);
#2497=VECTOR('',#8290,10.);
#2498=VECTOR('',#8293,10.);
#2499=VECTOR('',#8294,10.);
#2500=VECTOR('',#8299,10.);
#2501=VECTOR('',#8302,10.);
#2502=VECTOR('',#8307,10.);
#2503=VECTOR('',#8310,10.);
#2504=VECTOR('',#8315,1.15);
#2505=VECTOR('',#8320,1.15);
#2506=VECTOR('',#8333,2.00000000000001);
#2507=VECTOR('',#8336,2.);
#2508=VECTOR('',#8341,10.);
#2509=VECTOR('',#8342,10.);
#2510=VECTOR('',#8347,10.);
#2511=VECTOR('',#8348,10.);
#2512=VECTOR('',#8353,10.);
#2513=VECTOR('',#8362,10.);
#2514=VECTOR('',#8369,10.);
#2515=VECTOR('',#8374,10.);
#2516=VECTOR('',#8379,2.);
#2517=VECTOR('',#8384,2.);
#2518=VECTOR('',#8397,1.15);
#2519=VECTOR('',#8400,1.15);
#2520=VERTEX_POINT('',#8408);
#2521=VERTEX_POINT('',#8409);
#2522=VERTEX_POINT('',#8411);
#2523=VERTEX_POINT('',#8413);
#2524=VERTEX_POINT('',#8417);
#2525=VERTEX_POINT('',#8419);
#2526=VERTEX_POINT('',#8423);
#2527=VERTEX_POINT('',#8425);
#2528=VERTEX_POINT('',#8429);
#2529=VERTEX_POINT('',#8431);
#2530=VERTEX_POINT('',#8435);
#2531=VERTEX_POINT('',#8437);
#2532=VERTEX_POINT('',#8444);
#2533=VERTEX_POINT('',#8447);
#2534=VERTEX_POINT('',#8448);
#2535=VERTEX_POINT('',#8450);
#2536=VERTEX_POINT('',#8452);
#2537=VERTEX_POINT('',#8456);
#2538=VERTEX_POINT('',#8458);
#2539=VERTEX_POINT('',#8462);
#2540=VERTEX_POINT('',#8464);
#2541=VERTEX_POINT('',#8468);
#2542=VERTEX_POINT('',#8470);
#2543=VERTEX_POINT('',#8474);
#2544=VERTEX_POINT('',#8476);
#2545=VERTEX_POINT('',#8483);
#2546=VERTEX_POINT('',#8486);
#2547=VERTEX_POINT('',#8487);
#2548=VERTEX_POINT('',#8489);
#2549=VERTEX_POINT('',#8491);
#2550=VERTEX_POINT('',#8495);
#2551=VERTEX_POINT('',#8497);
#2552=VERTEX_POINT('',#8501);
#2553=VERTEX_POINT('',#8503);
#2554=VERTEX_POINT('',#8507);
#2555=VERTEX_POINT('',#8509);
#2556=VERTEX_POINT('',#8513);
#2557=VERTEX_POINT('',#8515);
#2558=VERTEX_POINT('',#8522);
#2559=VERTEX_POINT('',#8525);
#2560=VERTEX_POINT('',#8526);
#2561=VERTEX_POINT('',#8528);
#2562=VERTEX_POINT('',#8530);
#2563=VERTEX_POINT('',#8534);
#2564=VERTEX_POINT('',#8536);
#2565=VERTEX_POINT('',#8540);
#2566=VERTEX_POINT('',#8542);
#2567=VERTEX_POINT('',#8546);
#2568=VERTEX_POINT('',#8548);
#2569=VERTEX_POINT('',#8552);
#2570=VERTEX_POINT('',#8554);
#2571=VERTEX_POINT('',#8561);
#2572=VERTEX_POINT('',#8564);
#2573=VERTEX_POINT('',#8565);
#2574=VERTEX_POINT('',#8567);
#2575=VERTEX_POINT('',#8569);
#2576=VERTEX_POINT('',#8573);
#2577=VERTEX_POINT('',#8575);
#2578=VERTEX_POINT('',#8579);
#2579=VERTEX_POINT('',#8581);
#2580=VERTEX_POINT('',#8585);
#2581=VERTEX_POINT('',#8587);
#2582=VERTEX_POINT('',#8591);
#2583=VERTEX_POINT('',#8593);
#2584=VERTEX_POINT('',#8600);
#2585=VERTEX_POINT('',#8603);
#2586=VERTEX_POINT('',#8604);
#2587=VERTEX_POINT('',#8606);
#2588=VERTEX_POINT('',#8608);
#2589=VERTEX_POINT('',#8612);
#2590=VERTEX_POINT('',#8614);
#2591=VERTEX_POINT('',#8618);
#2592=VERTEX_POINT('',#8620);
#2593=VERTEX_POINT('',#8624);
#2594=VERTEX_POINT('',#8626);
#2595=VERTEX_POINT('',#8630);
#2596=VERTEX_POINT('',#8632);
#2597=VERTEX_POINT('',#8639);
#2598=VERTEX_POINT('',#8642);
#2599=VERTEX_POINT('',#8643);
#2600=VERTEX_POINT('',#8645);
#2601=VERTEX_POINT('',#8647);
#2602=VERTEX_POINT('',#8651);
#2603=VERTEX_POINT('',#8653);
#2604=VERTEX_POINT('',#8657);
#2605=VERTEX_POINT('',#8659);
#2606=VERTEX_POINT('',#8663);
#2607=VERTEX_POINT('',#8665);
#2608=VERTEX_POINT('',#8669);
#2609=VERTEX_POINT('',#8671);
#2610=VERTEX_POINT('',#8678);
#2611=VERTEX_POINT('',#8681);
#2612=VERTEX_POINT('',#8682);
#2613=VERTEX_POINT('',#8684);
#2614=VERTEX_POINT('',#8686);
#2615=VERTEX_POINT('',#8690);
#2616=VERTEX_POINT('',#8692);
#2617=VERTEX_POINT('',#8696);
#2618=VERTEX_POINT('',#8698);
#2619=VERTEX_POINT('',#8702);
#2620=VERTEX_POINT('',#8704);
#2621=VERTEX_POINT('',#8708);
#2622=VERTEX_POINT('',#8710);
#2623=VERTEX_POINT('',#8717);
#2624=VERTEX_POINT('',#8720);
#2625=VERTEX_POINT('',#8721);
#2626=VERTEX_POINT('',#8723);
#2627=VERTEX_POINT('',#8725);
#2628=VERTEX_POINT('',#8729);
#2629=VERTEX_POINT('',#8731);
#2630=VERTEX_POINT('',#8735);
#2631=VERTEX_POINT('',#8737);
#2632=VERTEX_POINT('',#8741);
#2633=VERTEX_POINT('',#8743);
#2634=VERTEX_POINT('',#8747);
#2635=VERTEX_POINT('',#8749);
#2636=VERTEX_POINT('',#8756);
#2637=VERTEX_POINT('',#8759);
#2638=VERTEX_POINT('',#8760);
#2639=VERTEX_POINT('',#8762);
#2640=VERTEX_POINT('',#8764);
#2641=VERTEX_POINT('',#8768);
#2642=VERTEX_POINT('',#8770);
#2643=VERTEX_POINT('',#8774);
#2644=VERTEX_POINT('',#8776);
#2645=VERTEX_POINT('',#8780);
#2646=VERTEX_POINT('',#8782);
#2647=VERTEX_POINT('',#8786);
#2648=VERTEX_POINT('',#8788);
#2649=VERTEX_POINT('',#8795);
#2650=VERTEX_POINT('',#8798);
#2651=VERTEX_POINT('',#8799);
#2652=VERTEX_POINT('',#8801);
#2653=VERTEX_POINT('',#8803);
#2654=VERTEX_POINT('',#8807);
#2655=VERTEX_POINT('',#8809);
#2656=VERTEX_POINT('',#8813);
#2657=VERTEX_POINT('',#8815);
#2658=VERTEX_POINT('',#8819);
#2659=VERTEX_POINT('',#8821);
#2660=VERTEX_POINT('',#8825);
#2661=VERTEX_POINT('',#8827);
#2662=VERTEX_POINT('',#8834);
#2663=VERTEX_POINT('',#8837);
#2664=VERTEX_POINT('',#8838);
#2665=VERTEX_POINT('',#8840);
#2666=VERTEX_POINT('',#8842);
#2667=VERTEX_POINT('',#8846);
#2668=VERTEX_POINT('',#8848);
#2669=VERTEX_POINT('',#8852);
#2670=VERTEX_POINT('',#8854);
#2671=VERTEX_POINT('',#8858);
#2672=VERTEX_POINT('',#8860);
#2673=VERTEX_POINT('',#8864);
#2674=VERTEX_POINT('',#8866);
#2675=VERTEX_POINT('',#8873);
#2676=VERTEX_POINT('',#8876);
#2677=VERTEX_POINT('',#8877);
#2678=VERTEX_POINT('',#8879);
#2679=VERTEX_POINT('',#8881);
#2680=VERTEX_POINT('',#8885);
#2681=VERTEX_POINT('',#8887);
#2682=VERTEX_POINT('',#8891);
#2683=VERTEX_POINT('',#8893);
#2684=VERTEX_POINT('',#8897);
#2685=VERTEX_POINT('',#8899);
#2686=VERTEX_POINT('',#8903);
#2687=VERTEX_POINT('',#8905);
#2688=VERTEX_POINT('',#8912);
#2689=VERTEX_POINT('',#8915);
#2690=VERTEX_POINT('',#8916);
#2691=VERTEX_POINT('',#8918);
#2692=VERTEX_POINT('',#8920);
#2693=VERTEX_POINT('',#8924);
#2694=VERTEX_POINT('',#8926);
#2695=VERTEX_POINT('',#8930);
#2696=VERTEX_POINT('',#8932);
#2697=VERTEX_POINT('',#8936);
#2698=VERTEX_POINT('',#8938);
#2699=VERTEX_POINT('',#8942);
#2700=VERTEX_POINT('',#8944);
#2701=VERTEX_POINT('',#8951);
#2702=VERTEX_POINT('',#8954);
#2703=VERTEX_POINT('',#8955);
#2704=VERTEX_POINT('',#8957);
#2705=VERTEX_POINT('',#8959);
#2706=VERTEX_POINT('',#8963);
#2707=VERTEX_POINT('',#8965);
#2708=VERTEX_POINT('',#8969);
#2709=VERTEX_POINT('',#8971);
#2710=VERTEX_POINT('',#8975);
#2711=VERTEX_POINT('',#8977);
#2712=VERTEX_POINT('',#8981);
#2713=VERTEX_POINT('',#8983);
#2714=VERTEX_POINT('',#8990);
#2715=VERTEX_POINT('',#8993);
#2716=VERTEX_POINT('',#8994);
#2717=VERTEX_POINT('',#8996);
#2718=VERTEX_POINT('',#8998);
#2719=VERTEX_POINT('',#9002);
#2720=VERTEX_POINT('',#9004);
#2721=VERTEX_POINT('',#9008);
#2722=VERTEX_POINT('',#9010);
#2723=VERTEX_POINT('',#9014);
#2724=VERTEX_POINT('',#9016);
#2725=VERTEX_POINT('',#9020);
#2726=VERTEX_POINT('',#9022);
#2727=VERTEX_POINT('',#9029);
#2728=VERTEX_POINT('',#9032);
#2729=VERTEX_POINT('',#9033);
#2730=VERTEX_POINT('',#9035);
#2731=VERTEX_POINT('',#9037);
#2732=VERTEX_POINT('',#9041);
#2733=VERTEX_POINT('',#9043);
#2734=VERTEX_POINT('',#9047);
#2735=VERTEX_POINT('',#9049);
#2736=VERTEX_POINT('',#9053);
#2737=VERTEX_POINT('',#9055);
#2738=VERTEX_POINT('',#9059);
#2739=VERTEX_POINT('',#9061);
#2740=VERTEX_POINT('',#9068);
#2741=VERTEX_POINT('',#9071);
#2742=VERTEX_POINT('',#9072);
#2743=VERTEX_POINT('',#9074);
#2744=VERTEX_POINT('',#9076);
#2745=VERTEX_POINT('',#9080);
#2746=VERTEX_POINT('',#9082);
#2747=VERTEX_POINT('',#9086);
#2748=VERTEX_POINT('',#9088);
#2749=VERTEX_POINT('',#9092);
#2750=VERTEX_POINT('',#9094);
#2751=VERTEX_POINT('',#9098);
#2752=VERTEX_POINT('',#9100);
#2753=VERTEX_POINT('',#9107);
#2754=VERTEX_POINT('',#9110);
#2755=VERTEX_POINT('',#9111);
#2756=VERTEX_POINT('',#9113);
#2757=VERTEX_POINT('',#9115);
#2758=VERTEX_POINT('',#9119);
#2759=VERTEX_POINT('',#9121);
#2760=VERTEX_POINT('',#9125);
#2761=VERTEX_POINT('',#9127);
#2762=VERTEX_POINT('',#9131);
#2763=VERTEX_POINT('',#9133);
#2764=VERTEX_POINT('',#9137);
#2765=VERTEX_POINT('',#9139);
#2766=VERTEX_POINT('',#9146);
#2767=VERTEX_POINT('',#9149);
#2768=VERTEX_POINT('',#9150);
#2769=VERTEX_POINT('',#9152);
#2770=VERTEX_POINT('',#9154);
#2771=VERTEX_POINT('',#9158);
#2772=VERTEX_POINT('',#9160);
#2773=VERTEX_POINT('',#9164);
#2774=VERTEX_POINT('',#9166);
#2775=VERTEX_POINT('',#9170);
#2776=VERTEX_POINT('',#9172);
#2777=VERTEX_POINT('',#9176);
#2778=VERTEX_POINT('',#9178);
#2779=VERTEX_POINT('',#9185);
#2780=VERTEX_POINT('',#9188);
#2781=VERTEX_POINT('',#9189);
#2782=VERTEX_POINT('',#9191);
#2783=VERTEX_POINT('',#9193);
#2784=VERTEX_POINT('',#9197);
#2785=VERTEX_POINT('',#9199);
#2786=VERTEX_POINT('',#9203);
#2787=VERTEX_POINT('',#9205);
#2788=VERTEX_POINT('',#9209);
#2789=VERTEX_POINT('',#9211);
#2790=VERTEX_POINT('',#9215);
#2791=VERTEX_POINT('',#9217);
#2792=VERTEX_POINT('',#9224);
#2793=VERTEX_POINT('',#9227);
#2794=VERTEX_POINT('',#9228);
#2795=VERTEX_POINT('',#9230);
#2796=VERTEX_POINT('',#9232);
#2797=VERTEX_POINT('',#9236);
#2798=VERTEX_POINT('',#9238);
#2799=VERTEX_POINT('',#9242);
#2800=VERTEX_POINT('',#9244);
#2801=VERTEX_POINT('',#9248);
#2802=VERTEX_POINT('',#9250);
#2803=VERTEX_POINT('',#9254);
#2804=VERTEX_POINT('',#9256);
#2805=VERTEX_POINT('',#9263);
#2806=VERTEX_POINT('',#9266);
#2807=VERTEX_POINT('',#9267);
#2808=VERTEX_POINT('',#9269);
#2809=VERTEX_POINT('',#9271);
#2810=VERTEX_POINT('',#9275);
#2811=VERTEX_POINT('',#9277);
#2812=VERTEX_POINT('',#9281);
#2813=VERTEX_POINT('',#9283);
#2814=VERTEX_POINT('',#9287);
#2815=VERTEX_POINT('',#9289);
#2816=VERTEX_POINT('',#9293);
#2817=VERTEX_POINT('',#9295);
#2818=VERTEX_POINT('',#9302);
#2819=VERTEX_POINT('',#9305);
#2820=VERTEX_POINT('',#9306);
#2821=VERTEX_POINT('',#9308);
#2822=VERTEX_POINT('',#9310);
#2823=VERTEX_POINT('',#9314);
#2824=VERTEX_POINT('',#9316);
#2825=VERTEX_POINT('',#9320);
#2826=VERTEX_POINT('',#9322);
#2827=VERTEX_POINT('',#9326);
#2828=VERTEX_POINT('',#9328);
#2829=VERTEX_POINT('',#9332);
#2830=VERTEX_POINT('',#9334);
#2831=VERTEX_POINT('',#9341);
#2832=VERTEX_POINT('',#9344);
#2833=VERTEX_POINT('',#9345);
#2834=VERTEX_POINT('',#9347);
#2835=VERTEX_POINT('',#9349);
#2836=VERTEX_POINT('',#9353);
#2837=VERTEX_POINT('',#9355);
#2838=VERTEX_POINT('',#9359);
#2839=VERTEX_POINT('',#9361);
#2840=VERTEX_POINT('',#9365);
#2841=VERTEX_POINT('',#9367);
#2842=VERTEX_POINT('',#9371);
#2843=VERTEX_POINT('',#9373);
#2844=VERTEX_POINT('',#9380);
#2845=VERTEX_POINT('',#9383);
#2846=VERTEX_POINT('',#9387);
#2847=VERTEX_POINT('',#9391);
#2848=VERTEX_POINT('',#9395);
#2849=VERTEX_POINT('',#9399);
#2850=VERTEX_POINT('',#9403);
#2851=VERTEX_POINT('',#9407);
#2852=VERTEX_POINT('',#9411);
#2853=VERTEX_POINT('',#9415);
#2854=VERTEX_POINT('',#9419);
#2855=VERTEX_POINT('',#9423);
#2856=VERTEX_POINT('',#9427);
#2857=VERTEX_POINT('',#9431);
#2858=VERTEX_POINT('',#9435);
#2859=VERTEX_POINT('',#9439);
#2860=VERTEX_POINT('',#9443);
#2861=VERTEX_POINT('',#9447);
#2862=VERTEX_POINT('',#9451);
#2863=VERTEX_POINT('',#9455);
#2864=VERTEX_POINT('',#9459);
#2865=VERTEX_POINT('',#9463);
#2866=VERTEX_POINT('',#9467);
#2867=VERTEX_POINT('',#9471);
#2868=VERTEX_POINT('',#9475);
#2869=VERTEX_POINT('',#9479);
#2870=VERTEX_POINT('',#9483);
#2871=VERTEX_POINT('',#9484);
#2872=VERTEX_POINT('',#9486);
#2873=VERTEX_POINT('',#9488);
#2874=VERTEX_POINT('',#9492);
#2875=VERTEX_POINT('',#9493);
#2876=VERTEX_POINT('',#9495);
#2877=VERTEX_POINT('',#9497);
#2878=VERTEX_POINT('',#9504);
#2879=VERTEX_POINT('',#9506);
#2880=VERTEX_POINT('',#9508);
#2881=VERTEX_POINT('',#9510);
#2882=VERTEX_POINT('',#9512);
#2883=VERTEX_POINT('',#9514);
#2884=VERTEX_POINT('',#9516);
#2885=VERTEX_POINT('',#9518);
#2886=VERTEX_POINT('',#9522);
#2887=VERTEX_POINT('',#9524);
#2888=VERTEX_POINT('',#9526);
#2889=VERTEX_POINT('',#9528);
#2890=VERTEX_POINT('',#9530);
#2891=VERTEX_POINT('',#9532);
#2892=VERTEX_POINT('',#9534);
#2893=VERTEX_POINT('',#9536);
#2894=VERTEX_POINT('',#9538);
#2895=VERTEX_POINT('',#9540);
#2896=VERTEX_POINT('',#9542);
#2897=VERTEX_POINT('',#9544);
#2898=VERTEX_POINT('',#9546);
#2899=VERTEX_POINT('',#9548);
#2900=VERTEX_POINT('',#9550);
#2901=VERTEX_POINT('',#9552);
#2902=VERTEX_POINT('',#9554);
#2903=VERTEX_POINT('',#9558);
#2904=VERTEX_POINT('',#9560);
#2905=VERTEX_POINT('',#9563);
#2906=VERTEX_POINT('',#9565);
#2907=VERTEX_POINT('',#9567);
#2908=VERTEX_POINT('',#9569);
#2909=VERTEX_POINT('',#9571);
#2910=VERTEX_POINT('',#9575);
#2911=VERTEX_POINT('',#9576);
#2912=VERTEX_POINT('',#9578);
#2913=VERTEX_POINT('',#9580);
#2914=VERTEX_POINT('',#9582);
#2915=VERTEX_POINT('',#9586);
#2916=VERTEX_POINT('',#9588);
#2917=VERTEX_POINT('',#9590);
#2918=VERTEX_POINT('',#9592);
#2919=VERTEX_POINT('',#9594);
#2920=VERTEX_POINT('',#9596);
#2921=VERTEX_POINT('',#9598);
#2922=VERTEX_POINT('',#9600);
#2923=VERTEX_POINT('',#9602);
#2924=VERTEX_POINT('',#9604);
#2925=VERTEX_POINT('',#9607);
#2926=VERTEX_POINT('',#9609);
#2927=VERTEX_POINT('',#9613);
#2928=VERTEX_POINT('',#9615);
#2929=VERTEX_POINT('',#9617);
#2930=VERTEX_POINT('',#9621);
#2931=VERTEX_POINT('',#9625);
#2932=VERTEX_POINT('',#9627);
#2933=VERTEX_POINT('',#9629);
#2934=VERTEX_POINT('',#9632);
#2935=VERTEX_POINT('',#9634);
#2936=VERTEX_POINT('',#9636);
#2937=VERTEX_POINT('',#9638);
#2938=VERTEX_POINT('',#9641);
#2939=VERTEX_POINT('',#9643);
#2940=VERTEX_POINT('',#9652);
#2941=VERTEX_POINT('',#9654);
#2942=VERTEX_POINT('',#9656);
#2943=VERTEX_POINT('',#9658);
#2944=VERTEX_POINT('',#9675);
#2945=VERTEX_POINT('',#9677);
#2946=VERTEX_POINT('',#9679);
#2947=VERTEX_POINT('',#9681);
#2948=VERTEX_POINT('',#9700);
#2949=VERTEX_POINT('',#9703);
#2950=VERTEX_POINT('',#9706);
#2951=VERTEX_POINT('',#9709);
#2952=VERTEX_POINT('',#9712);
#2953=VERTEX_POINT('',#9713);
#2954=VERTEX_POINT('',#9715);
#2955=VERTEX_POINT('',#9717);
#2956=VERTEX_POINT('',#9721);
#2957=VERTEX_POINT('',#9723);
#2958=VERTEX_POINT('',#9728);
#2959=VERTEX_POINT('',#9732);
#2960=VERTEX_POINT('',#9733);
#2961=VERTEX_POINT('',#9735);
#2962=VERTEX_POINT('',#9737);
#2963=VERTEX_POINT('',#9741);
#2964=VERTEX_POINT('',#9743);
#2965=VERTEX_POINT('',#9748);
#2966=VERTEX_POINT('',#9753);
#2967=VERTEX_POINT('',#9758);
#2968=VERTEX_POINT('',#9766);
#2969=VERTEX_POINT('',#9768);
#2970=VERTEX_POINT('',#9770);
#2971=VERTEX_POINT('',#9772);
#2972=VERTEX_POINT('',#9774);
#2973=VERTEX_POINT('',#9776);
#2974=VERTEX_POINT('',#9780);
#2975=VERTEX_POINT('',#9781);
#2976=VERTEX_POINT('',#9783);
#2977=VERTEX_POINT('',#9785);
#2978=VERTEX_POINT('',#9787);
#2979=VERTEX_POINT('',#9789);
#2980=VERTEX_POINT('',#9791);
#2981=VERTEX_POINT('',#9793);
#2982=VERTEX_POINT('',#9795);
#2983=VERTEX_POINT('',#9798);
#2984=VERTEX_POINT('',#9804);
#2985=VERTEX_POINT('',#9806);
#2986=VERTEX_POINT('',#9812);
#2987=VERTEX_POINT('',#9816);
#2988=VERTEX_POINT('',#9818);
#2989=VERTEX_POINT('',#9820);
#2990=VERTEX_POINT('',#9822);
#2991=VERTEX_POINT('',#9824);
#2992=VERTEX_POINT('',#9827);
#2993=VERTEX_POINT('',#9830);
#2994=VERTEX_POINT('',#9833);
#2995=VERTEX_POINT('',#9835);
#2996=VERTEX_POINT('',#9841);
#2997=VERTEX_POINT('',#9847);
#2998=VERTEX_POINT('',#9851);
#2999=VERTEX_POINT('',#9853);
#3000=VERTEX_POINT('',#9855);
#3001=VERTEX_POINT('',#9857);
#3002=VERTEX_POINT('',#9859);
#3003=VERTEX_POINT('',#9861);
#3004=VERTEX_POINT('',#9863);
#3005=VERTEX_POINT('',#9865);
#3006=VERTEX_POINT('',#9867);
#3007=VERTEX_POINT('',#9869);
#3008=VERTEX_POINT('',#9871);
#3009=VERTEX_POINT('',#9873);
#3010=VERTEX_POINT('',#9875);
#3011=VERTEX_POINT('',#9877);
#3012=VERTEX_POINT('',#9879);
#3013=VERTEX_POINT('',#9881);
#3014=VERTEX_POINT('',#9883);
#3015=VERTEX_POINT('',#9885);
#3016=VERTEX_POINT('',#9887);
#3017=VERTEX_POINT('',#9889);
#3018=VERTEX_POINT('',#9891);
#3019=VERTEX_POINT('',#9893);
#3020=VERTEX_POINT('',#9896);
#3021=VERTEX_POINT('',#9897);
#3022=VERTEX_POINT('',#9899);
#3023=VERTEX_POINT('',#9901);
#3024=VERTEX_POINT('',#9905);
#3025=VERTEX_POINT('',#9907);
#3026=VERTEX_POINT('',#9909);
#3027=VERTEX_POINT('',#9911);
#3028=VERTEX_POINT('',#9915);
#3029=VERTEX_POINT('',#9916);
#3030=VERTEX_POINT('',#9918);
#3031=VERTEX_POINT('',#9920);
#3032=VERTEX_POINT('',#9924);
#3033=VERTEX_POINT('',#9925);
#3034=VERTEX_POINT('',#9927);
#3035=VERTEX_POINT('',#9929);
#3036=VERTEX_POINT('',#9937);
#3037=VERTEX_POINT('',#9941);
#3038=VERTEX_POINT('',#9942);
#3039=VERTEX_POINT('',#9944);
#3040=VERTEX_POINT('',#9946);
#3041=VERTEX_POINT('',#9951);
#3042=VERTEX_POINT('',#9957);
#3043=VERTEX_POINT('',#9960);
#3044=VERTEX_POINT('',#9963);
#3045=VERTEX_POINT('',#9966);
#3046=VERTEX_POINT('',#9968);
#3047=VERTEX_POINT('',#9970);
#3048=VERTEX_POINT('',#9972);
#3049=VERTEX_POINT('',#9974);
#3050=VERTEX_POINT('',#9976);
#3051=VERTEX_POINT('',#9978);
#3052=VERTEX_POINT('',#9980);
#3053=VERTEX_POINT('',#9982);
#3054=VERTEX_POINT('',#9984);
#3055=VERTEX_POINT('',#9986);
#3056=VERTEX_POINT('',#9988);
#3057=VERTEX_POINT('',#9990);
#3058=VERTEX_POINT('',#9992);
#3059=VERTEX_POINT('',#9994);
#3060=VERTEX_POINT('',#9996);
#3061=VERTEX_POINT('',#9998);
#3062=VERTEX_POINT('',#10000);
#3063=VERTEX_POINT('',#10002);
#3064=VERTEX_POINT('',#10004);
#3065=VERTEX_POINT('',#10006);
#3066=VERTEX_POINT('',#10008);
#3067=VERTEX_POINT('',#10010);
#3068=VERTEX_POINT('',#10014);
#3069=VERTEX_POINT('',#10018);
#3070=VERTEX_POINT('',#10024);
#3071=VERTEX_POINT('',#10027);
#3072=VERTEX_POINT('',#10029);
#3073=VERTEX_POINT('',#10038);
#3074=VERTEX_POINT('',#10044);
#3075=VERTEX_POINT('',#10046);
#3076=VERTEX_POINT('',#10074);
#3077=VERTEX_POINT('',#10078);
#3078=VERTEX_POINT('',#10092);
#3079=VERTEX_POINT('',#10094);
#3080=VERTEX_POINT('',#10135);
#3081=VERTEX_POINT('',#10139);
#3082=VERTEX_POINT('',#10143);
#3083=VERTEX_POINT('',#10146);
#3084=VERTEX_POINT('',#10177);
#3085=VERTEX_POINT('',#10181);
#3086=VERTEX_POINT('',#10185);
#3087=VERTEX_POINT('',#10188);
#3088=EDGE_CURVE('',#2520,#2521,#1056,.T.);
#3089=EDGE_CURVE('',#2520,#2522,#1057,.T.);
#3090=EDGE_CURVE('',#2522,#2523,#1058,.T.);
#3091=EDGE_CURVE('',#2521,#2523,#1059,.T.);
#3092=EDGE_CURVE('',#2524,#2520,#1060,.T.);
#3093=EDGE_CURVE('',#2524,#2525,#1061,.T.);
#3094=EDGE_CURVE('',#2525,#2522,#1062,.T.);
#3095=EDGE_CURVE('',#2526,#2524,#1063,.T.);
#3096=EDGE_CURVE('',#2526,#2527,#1064,.T.);
#3097=EDGE_CURVE('',#2527,#2525,#1065,.T.);
#3098=EDGE_CURVE('',#2528,#2526,#1066,.T.);
#3099=EDGE_CURVE('',#2528,#2529,#1067,.T.);
#3100=EDGE_CURVE('',#2529,#2527,#1068,.T.);
#3101=EDGE_CURVE('',#2530,#2528,#1069,.T.);
#3102=EDGE_CURVE('',#2530,#2531,#1070,.T.);
#3103=EDGE_CURVE('',#2531,#2529,#1071,.T.);
#3104=EDGE_CURVE('',#2521,#2530,#1072,.T.);
#3105=EDGE_CURVE('',#2523,#2531,#1073,.T.);
#3106=EDGE_CURVE('',#2532,#2532,#182,.T.);
#3107=EDGE_CURVE('',#2533,#2534,#1074,.T.);
#3108=EDGE_CURVE('',#2533,#2535,#1075,.T.);
#3109=EDGE_CURVE('',#2535,#2536,#1076,.T.);
#3110=EDGE_CURVE('',#2534,#2536,#1077,.T.);
#3111=EDGE_CURVE('',#2537,#2533,#1078,.T.);
#3112=EDGE_CURVE('',#2537,#2538,#1079,.T.);
#3113=EDGE_CURVE('',#2538,#2535,#1080,.T.);
#3114=EDGE_CURVE('',#2539,#2537,#1081,.T.);
#3115=EDGE_CURVE('',#2539,#2540,#1082,.T.);
#3116=EDGE_CURVE('',#2540,#2538,#1083,.T.);
#3117=EDGE_CURVE('',#2541,#2539,#1084,.T.);
#3118=EDGE_CURVE('',#2541,#2542,#1085,.T.);
#3119=EDGE_CURVE('',#2542,#2540,#1086,.T.);
#3120=EDGE_CURVE('',#2543,#2541,#1087,.T.);
#3121=EDGE_CURVE('',#2543,#2544,#1088,.T.);
#3122=EDGE_CURVE('',#2544,#2542,#1089,.T.);
#3123=EDGE_CURVE('',#2534,#2543,#1090,.T.);
#3124=EDGE_CURVE('',#2536,#2544,#1091,.T.);
#3125=EDGE_CURVE('',#2545,#2545,#183,.T.);
#3126=EDGE_CURVE('',#2546,#2547,#1092,.T.);
#3127=EDGE_CURVE('',#2546,#2548,#1093,.T.);
#3128=EDGE_CURVE('',#2548,#2549,#1094,.T.);
#3129=EDGE_CURVE('',#2547,#2549,#1095,.T.);
#3130=EDGE_CURVE('',#2550,#2546,#1096,.T.);
#3131=EDGE_CURVE('',#2550,#2551,#1097,.T.);
#3132=EDGE_CURVE('',#2551,#2548,#1098,.T.);
#3133=EDGE_CURVE('',#2552,#2550,#1099,.T.);
#3134=EDGE_CURVE('',#2552,#2553,#1100,.T.);
#3135=EDGE_CURVE('',#2553,#2551,#1101,.T.);
#3136=EDGE_CURVE('',#2554,#2552,#1102,.T.);
#3137=EDGE_CURVE('',#2554,#2555,#1103,.T.);
#3138=EDGE_CURVE('',#2555,#2553,#1104,.T.);
#3139=EDGE_CURVE('',#2556,#2554,#1105,.T.);
#3140=EDGE_CURVE('',#2556,#2557,#1106,.T.);
#3141=EDGE_CURVE('',#2557,#2555,#1107,.T.);
#3142=EDGE_CURVE('',#2547,#2556,#1108,.T.);
#3143=EDGE_CURVE('',#2549,#2557,#1109,.T.);
#3144=EDGE_CURVE('',#2558,#2558,#184,.T.);
#3145=EDGE_CURVE('',#2559,#2560,#1110,.T.);
#3146=EDGE_CURVE('',#2559,#2561,#1111,.T.);
#3147=EDGE_CURVE('',#2561,#2562,#1112,.T.);
#3148=EDGE_CURVE('',#2560,#2562,#1113,.T.);
#3149=EDGE_CURVE('',#2563,#2559,#1114,.T.);
#3150=EDGE_CURVE('',#2563,#2564,#1115,.T.);
#3151=EDGE_CURVE('',#2564,#2561,#1116,.T.);
#3152=EDGE_CURVE('',#2565,#2563,#1117,.T.);
#3153=EDGE_CURVE('',#2565,#2566,#1118,.T.);
#3154=EDGE_CURVE('',#2566,#2564,#1119,.T.);
#3155=EDGE_CURVE('',#2567,#2565,#1120,.T.);
#3156=EDGE_CURVE('',#2567,#2568,#1121,.T.);
#3157=EDGE_CURVE('',#2568,#2566,#1122,.T.);
#3158=EDGE_CURVE('',#2569,#2567,#1123,.T.);
#3159=EDGE_CURVE('',#2569,#2570,#1124,.T.);
#3160=EDGE_CURVE('',#2570,#2568,#1125,.T.);
#3161=EDGE_CURVE('',#2560,#2569,#1126,.T.);
#3162=EDGE_CURVE('',#2562,#2570,#1127,.T.);
#3163=EDGE_CURVE('',#2571,#2571,#185,.T.);
#3164=EDGE_CURVE('',#2572,#2573,#1128,.T.);
#3165=EDGE_CURVE('',#2572,#2574,#1129,.T.);
#3166=EDGE_CURVE('',#2574,#2575,#1130,.T.);
#3167=EDGE_CURVE('',#2573,#2575,#1131,.T.);
#3168=EDGE_CURVE('',#2576,#2572,#1132,.T.);
#3169=EDGE_CURVE('',#2576,#2577,#1133,.T.);
#3170=EDGE_CURVE('',#2577,#2574,#1134,.T.);
#3171=EDGE_CURVE('',#2578,#2576,#1135,.T.);
#3172=EDGE_CURVE('',#2578,#2579,#1136,.T.);
#3173=EDGE_CURVE('',#2579,#2577,#1137,.T.);
#3174=EDGE_CURVE('',#2580,#2578,#1138,.T.);
#3175=EDGE_CURVE('',#2580,#2581,#1139,.T.);
#3176=EDGE_CURVE('',#2581,#2579,#1140,.T.);
#3177=EDGE_CURVE('',#2582,#2580,#1141,.T.);
#3178=EDGE_CURVE('',#2582,#2583,#1142,.T.);
#3179=EDGE_CURVE('',#2583,#2581,#1143,.T.);
#3180=EDGE_CURVE('',#2573,#2582,#1144,.T.);
#3181=EDGE_CURVE('',#2575,#2583,#1145,.T.);
#3182=EDGE_CURVE('',#2584,#2584,#186,.T.);
#3183=EDGE_CURVE('',#2585,#2586,#1146,.T.);
#3184=EDGE_CURVE('',#2585,#2587,#1147,.T.);
#3185=EDGE_CURVE('',#2587,#2588,#1148,.T.);
#3186=EDGE_CURVE('',#2586,#2588,#1149,.T.);
#3187=EDGE_CURVE('',#2589,#2585,#1150,.T.);
#3188=EDGE_CURVE('',#2589,#2590,#1151,.T.);
#3189=EDGE_CURVE('',#2590,#2587,#1152,.T.);
#3190=EDGE_CURVE('',#2591,#2589,#1153,.T.);
#3191=EDGE_CURVE('',#2591,#2592,#1154,.T.);
#3192=EDGE_CURVE('',#2592,#2590,#1155,.T.);
#3193=EDGE_CURVE('',#2593,#2591,#1156,.T.);
#3194=EDGE_CURVE('',#2593,#2594,#1157,.T.);
#3195=EDGE_CURVE('',#2594,#2592,#1158,.T.);
#3196=EDGE_CURVE('',#2595,#2593,#1159,.T.);
#3197=EDGE_CURVE('',#2595,#2596,#1160,.T.);
#3198=EDGE_CURVE('',#2596,#2594,#1161,.T.);
#3199=EDGE_CURVE('',#2586,#2595,#1162,.T.);
#3200=EDGE_CURVE('',#2588,#2596,#1163,.T.);
#3201=EDGE_CURVE('',#2597,#2597,#187,.T.);
#3202=EDGE_CURVE('',#2598,#2599,#1164,.T.);
#3203=EDGE_CURVE('',#2598,#2600,#1165,.T.);
#3204=EDGE_CURVE('',#2600,#2601,#1166,.T.);
#3205=EDGE_CURVE('',#2599,#2601,#1167,.T.);
#3206=EDGE_CURVE('',#2602,#2598,#1168,.T.);
#3207=EDGE_CURVE('',#2602,#2603,#1169,.T.);
#3208=EDGE_CURVE('',#2603,#2600,#1170,.T.);
#3209=EDGE_CURVE('',#2604,#2602,#1171,.T.);
#3210=EDGE_CURVE('',#2604,#2605,#1172,.T.);
#3211=EDGE_CURVE('',#2605,#2603,#1173,.T.);
#3212=EDGE_CURVE('',#2606,#2604,#1174,.T.);
#3213=EDGE_CURVE('',#2606,#2607,#1175,.T.);
#3214=EDGE_CURVE('',#2607,#2605,#1176,.T.);
#3215=EDGE_CURVE('',#2608,#2606,#1177,.T.);
#3216=EDGE_CURVE('',#2608,#2609,#1178,.T.);
#3217=EDGE_CURVE('',#2609,#2607,#1179,.T.);
#3218=EDGE_CURVE('',#2599,#2608,#1180,.T.);
#3219=EDGE_CURVE('',#2601,#2609,#1181,.T.);
#3220=EDGE_CURVE('',#2610,#2610,#188,.T.);
#3221=EDGE_CURVE('',#2611,#2612,#1182,.T.);
#3222=EDGE_CURVE('',#2611,#2613,#1183,.T.);
#3223=EDGE_CURVE('',#2613,#2614,#1184,.T.);
#3224=EDGE_CURVE('',#2612,#2614,#1185,.T.);
#3225=EDGE_CURVE('',#2615,#2611,#1186,.T.);
#3226=EDGE_CURVE('',#2615,#2616,#1187,.T.);
#3227=EDGE_CURVE('',#2616,#2613,#1188,.T.);
#3228=EDGE_CURVE('',#2617,#2615,#1189,.T.);
#3229=EDGE_CURVE('',#2617,#2618,#1190,.T.);
#3230=EDGE_CURVE('',#2618,#2616,#1191,.T.);
#3231=EDGE_CURVE('',#2619,#2617,#1192,.T.);
#3232=EDGE_CURVE('',#2619,#2620,#1193,.T.);
#3233=EDGE_CURVE('',#2620,#2618,#1194,.T.);
#3234=EDGE_CURVE('',#2621,#2619,#1195,.T.);
#3235=EDGE_CURVE('',#2621,#2622,#1196,.T.);
#3236=EDGE_CURVE('',#2622,#2620,#1197,.T.);
#3237=EDGE_CURVE('',#2612,#2621,#1198,.T.);
#3238=EDGE_CURVE('',#2614,#2622,#1199,.T.);
#3239=EDGE_CURVE('',#2623,#2623,#189,.T.);
#3240=EDGE_CURVE('',#2624,#2625,#1200,.T.);
#3241=EDGE_CURVE('',#2624,#2626,#1201,.T.);
#3242=EDGE_CURVE('',#2626,#2627,#1202,.T.);
#3243=EDGE_CURVE('',#2625,#2627,#1203,.T.);
#3244=EDGE_CURVE('',#2628,#2624,#1204,.T.);
#3245=EDGE_CURVE('',#2628,#2629,#1205,.T.);
#3246=EDGE_CURVE('',#2629,#2626,#1206,.T.);
#3247=EDGE_CURVE('',#2630,#2628,#1207,.T.);
#3248=EDGE_CURVE('',#2630,#2631,#1208,.T.);
#3249=EDGE_CURVE('',#2631,#2629,#1209,.T.);
#3250=EDGE_CURVE('',#2632,#2630,#1210,.T.);
#3251=EDGE_CURVE('',#2632,#2633,#1211,.T.);
#3252=EDGE_CURVE('',#2633,#2631,#1212,.T.);
#3253=EDGE_CURVE('',#2634,#2632,#1213,.T.);
#3254=EDGE_CURVE('',#2634,#2635,#1214,.T.);
#3255=EDGE_CURVE('',#2635,#2633,#1215,.T.);
#3256=EDGE_CURVE('',#2625,#2634,#1216,.T.);
#3257=EDGE_CURVE('',#2627,#2635,#1217,.T.);
#3258=EDGE_CURVE('',#2636,#2636,#190,.T.);
#3259=EDGE_CURVE('',#2637,#2638,#1218,.T.);
#3260=EDGE_CURVE('',#2637,#2639,#1219,.T.);
#3261=EDGE_CURVE('',#2639,#2640,#1220,.T.);
#3262=EDGE_CURVE('',#2638,#2640,#1221,.T.);
#3263=EDGE_CURVE('',#2641,#2637,#1222,.T.);
#3264=EDGE_CURVE('',#2641,#2642,#1223,.T.);
#3265=EDGE_CURVE('',#2642,#2639,#1224,.T.);
#3266=EDGE_CURVE('',#2643,#2641,#1225,.T.);
#3267=EDGE_CURVE('',#2643,#2644,#1226,.T.);
#3268=EDGE_CURVE('',#2644,#2642,#1227,.T.);
#3269=EDGE_CURVE('',#2645,#2643,#1228,.T.);
#3270=EDGE_CURVE('',#2645,#2646,#1229,.T.);
#3271=EDGE_CURVE('',#2646,#2644,#1230,.T.);
#3272=EDGE_CURVE('',#2647,#2645,#1231,.T.);
#3273=EDGE_CURVE('',#2647,#2648,#1232,.T.);
#3274=EDGE_CURVE('',#2648,#2646,#1233,.T.);
#3275=EDGE_CURVE('',#2638,#2647,#1234,.T.);
#3276=EDGE_CURVE('',#2640,#2648,#1235,.T.);
#3277=EDGE_CURVE('',#2649,#2649,#191,.T.);
#3278=EDGE_CURVE('',#2650,#2651,#1236,.T.);
#3279=EDGE_CURVE('',#2650,#2652,#1237,.T.);
#3280=EDGE_CURVE('',#2652,#2653,#1238,.T.);
#3281=EDGE_CURVE('',#2651,#2653,#1239,.T.);
#3282=EDGE_CURVE('',#2654,#2650,#1240,.T.);
#3283=EDGE_CURVE('',#2654,#2655,#1241,.T.);
#3284=EDGE_CURVE('',#2655,#2652,#1242,.T.);
#3285=EDGE_CURVE('',#2656,#2654,#1243,.T.);
#3286=EDGE_CURVE('',#2656,#2657,#1244,.T.);
#3287=EDGE_CURVE('',#2657,#2655,#1245,.T.);
#3288=EDGE_CURVE('',#2658,#2656,#1246,.T.);
#3289=EDGE_CURVE('',#2658,#2659,#1247,.T.);
#3290=EDGE_CURVE('',#2659,#2657,#1248,.T.);
#3291=EDGE_CURVE('',#2660,#2658,#1249,.T.);
#3292=EDGE_CURVE('',#2660,#2661,#1250,.T.);
#3293=EDGE_CURVE('',#2661,#2659,#1251,.T.);
#3294=EDGE_CURVE('',#2651,#2660,#1252,.T.);
#3295=EDGE_CURVE('',#2653,#2661,#1253,.T.);
#3296=EDGE_CURVE('',#2662,#2662,#192,.T.);
#3297=EDGE_CURVE('',#2663,#2664,#1254,.T.);
#3298=EDGE_CURVE('',#2663,#2665,#1255,.T.);
#3299=EDGE_CURVE('',#2665,#2666,#1256,.T.);
#3300=EDGE_CURVE('',#2664,#2666,#1257,.T.);
#3301=EDGE_CURVE('',#2667,#2663,#1258,.T.);
#3302=EDGE_CURVE('',#2667,#2668,#1259,.T.);
#3303=EDGE_CURVE('',#2668,#2665,#1260,.T.);
#3304=EDGE_CURVE('',#2669,#2667,#1261,.T.);
#3305=EDGE_CURVE('',#2669,#2670,#1262,.T.);
#3306=EDGE_CURVE('',#2670,#2668,#1263,.T.);
#3307=EDGE_CURVE('',#2671,#2669,#1264,.T.);
#3308=EDGE_CURVE('',#2671,#2672,#1265,.T.);
#3309=EDGE_CURVE('',#2672,#2670,#1266,.T.);
#3310=EDGE_CURVE('',#2673,#2671,#1267,.T.);
#3311=EDGE_CURVE('',#2673,#2674,#1268,.T.);
#3312=EDGE_CURVE('',#2674,#2672,#1269,.T.);
#3313=EDGE_CURVE('',#2664,#2673,#1270,.T.);
#3314=EDGE_CURVE('',#2666,#2674,#1271,.T.);
#3315=EDGE_CURVE('',#2675,#2675,#193,.T.);
#3316=EDGE_CURVE('',#2676,#2677,#1272,.T.);
#3317=EDGE_CURVE('',#2676,#2678,#1273,.T.);
#3318=EDGE_CURVE('',#2678,#2679,#1274,.T.);
#3319=EDGE_CURVE('',#2677,#2679,#1275,.T.);
#3320=EDGE_CURVE('',#2680,#2676,#1276,.T.);
#3321=EDGE_CURVE('',#2680,#2681,#1277,.T.);
#3322=EDGE_CURVE('',#2681,#2678,#1278,.T.);
#3323=EDGE_CURVE('',#2682,#2680,#1279,.T.);
#3324=EDGE_CURVE('',#2682,#2683,#1280,.T.);
#3325=EDGE_CURVE('',#2683,#2681,#1281,.T.);
#3326=EDGE_CURVE('',#2684,#2682,#1282,.T.);
#3327=EDGE_CURVE('',#2684,#2685,#1283,.T.);
#3328=EDGE_CURVE('',#2685,#2683,#1284,.T.);
#3329=EDGE_CURVE('',#2686,#2684,#1285,.T.);
#3330=EDGE_CURVE('',#2686,#2687,#1286,.T.);
#3331=EDGE_CURVE('',#2687,#2685,#1287,.T.);
#3332=EDGE_CURVE('',#2677,#2686,#1288,.T.);
#3333=EDGE_CURVE('',#2679,#2687,#1289,.T.);
#3334=EDGE_CURVE('',#2688,#2688,#194,.T.);
#3335=EDGE_CURVE('',#2689,#2690,#1290,.T.);
#3336=EDGE_CURVE('',#2689,#2691,#1291,.T.);
#3337=EDGE_CURVE('',#2691,#2692,#1292,.T.);
#3338=EDGE_CURVE('',#2690,#2692,#1293,.T.);
#3339=EDGE_CURVE('',#2693,#2689,#1294,.T.);
#3340=EDGE_CURVE('',#2693,#2694,#1295,.T.);
#3341=EDGE_CURVE('',#2694,#2691,#1296,.T.);
#3342=EDGE_CURVE('',#2695,#2693,#1297,.T.);
#3343=EDGE_CURVE('',#2695,#2696,#1298,.T.);
#3344=EDGE_CURVE('',#2696,#2694,#1299,.T.);
#3345=EDGE_CURVE('',#2697,#2695,#1300,.T.);
#3346=EDGE_CURVE('',#2697,#2698,#1301,.T.);
#3347=EDGE_CURVE('',#2698,#2696,#1302,.T.);
#3348=EDGE_CURVE('',#2699,#2697,#1303,.T.);
#3349=EDGE_CURVE('',#2699,#2700,#1304,.T.);
#3350=EDGE_CURVE('',#2700,#2698,#1305,.T.);
#3351=EDGE_CURVE('',#2690,#2699,#1306,.T.);
#3352=EDGE_CURVE('',#2692,#2700,#1307,.T.);
#3353=EDGE_CURVE('',#2701,#2701,#195,.T.);
#3354=EDGE_CURVE('',#2702,#2703,#1308,.T.);
#3355=EDGE_CURVE('',#2702,#2704,#1309,.T.);
#3356=EDGE_CURVE('',#2704,#2705,#1310,.T.);
#3357=EDGE_CURVE('',#2703,#2705,#1311,.T.);
#3358=EDGE_CURVE('',#2706,#2702,#1312,.T.);
#3359=EDGE_CURVE('',#2706,#2707,#1313,.T.);
#3360=EDGE_CURVE('',#2707,#2704,#1314,.T.);
#3361=EDGE_CURVE('',#2708,#2706,#1315,.T.);
#3362=EDGE_CURVE('',#2708,#2709,#1316,.T.);
#3363=EDGE_CURVE('',#2709,#2707,#1317,.T.);
#3364=EDGE_CURVE('',#2710,#2708,#1318,.T.);
#3365=EDGE_CURVE('',#2710,#2711,#1319,.T.);
#3366=EDGE_CURVE('',#2711,#2709,#1320,.T.);
#3367=EDGE_CURVE('',#2712,#2710,#1321,.T.);
#3368=EDGE_CURVE('',#2712,#2713,#1322,.T.);
#3369=EDGE_CURVE('',#2713,#2711,#1323,.T.);
#3370=EDGE_CURVE('',#2703,#2712,#1324,.T.);
#3371=EDGE_CURVE('',#2705,#2713,#1325,.T.);
#3372=EDGE_CURVE('',#2714,#2714,#196,.T.);
#3373=EDGE_CURVE('',#2715,#2716,#1326,.T.);
#3374=EDGE_CURVE('',#2715,#2717,#1327,.T.);
#3375=EDGE_CURVE('',#2717,#2718,#1328,.T.);
#3376=EDGE_CURVE('',#2716,#2718,#1329,.T.);
#3377=EDGE_CURVE('',#2719,#2715,#1330,.T.);
#3378=EDGE_CURVE('',#2719,#2720,#1331,.T.);
#3379=EDGE_CURVE('',#2720,#2717,#1332,.T.);
#3380=EDGE_CURVE('',#2721,#2719,#1333,.T.);
#3381=EDGE_CURVE('',#2721,#2722,#1334,.T.);
#3382=EDGE_CURVE('',#2722,#2720,#1335,.T.);
#3383=EDGE_CURVE('',#2723,#2721,#1336,.T.);
#3384=EDGE_CURVE('',#2723,#2724,#1337,.T.);
#3385=EDGE_CURVE('',#2724,#2722,#1338,.T.);
#3386=EDGE_CURVE('',#2725,#2723,#1339,.T.);
#3387=EDGE_CURVE('',#2725,#2726,#1340,.T.);
#3388=EDGE_CURVE('',#2726,#2724,#1341,.T.);
#3389=EDGE_CURVE('',#2716,#2725,#1342,.T.);
#3390=EDGE_CURVE('',#2718,#2726,#1343,.T.);
#3391=EDGE_CURVE('',#2727,#2727,#197,.T.);
#3392=EDGE_CURVE('',#2728,#2729,#1344,.T.);
#3393=EDGE_CURVE('',#2728,#2730,#1345,.T.);
#3394=EDGE_CURVE('',#2730,#2731,#1346,.T.);
#3395=EDGE_CURVE('',#2729,#2731,#1347,.T.);
#3396=EDGE_CURVE('',#2732,#2728,#1348,.T.);
#3397=EDGE_CURVE('',#2732,#2733,#1349,.T.);
#3398=EDGE_CURVE('',#2733,#2730,#1350,.T.);
#3399=EDGE_CURVE('',#2734,#2732,#1351,.T.);
#3400=EDGE_CURVE('',#2734,#2735,#1352,.T.);
#3401=EDGE_CURVE('',#2735,#2733,#1353,.T.);
#3402=EDGE_CURVE('',#2736,#2734,#1354,.T.);
#3403=EDGE_CURVE('',#2736,#2737,#1355,.T.);
#3404=EDGE_CURVE('',#2737,#2735,#1356,.T.);
#3405=EDGE_CURVE('',#2738,#2736,#1357,.T.);
#3406=EDGE_CURVE('',#2738,#2739,#1358,.T.);
#3407=EDGE_CURVE('',#2739,#2737,#1359,.T.);
#3408=EDGE_CURVE('',#2729,#2738,#1360,.T.);
#3409=EDGE_CURVE('',#2731,#2739,#1361,.T.);
#3410=EDGE_CURVE('',#2740,#2740,#198,.T.);
#3411=EDGE_CURVE('',#2741,#2742,#1362,.T.);
#3412=EDGE_CURVE('',#2741,#2743,#1363,.T.);
#3413=EDGE_CURVE('',#2743,#2744,#1364,.T.);
#3414=EDGE_CURVE('',#2742,#2744,#1365,.T.);
#3415=EDGE_CURVE('',#2745,#2741,#1366,.T.);
#3416=EDGE_CURVE('',#2745,#2746,#1367,.T.);
#3417=EDGE_CURVE('',#2746,#2743,#1368,.T.);
#3418=EDGE_CURVE('',#2747,#2745,#1369,.T.);
#3419=EDGE_CURVE('',#2747,#2748,#1370,.T.);
#3420=EDGE_CURVE('',#2748,#2746,#1371,.T.);
#3421=EDGE_CURVE('',#2749,#2747,#1372,.T.);
#3422=EDGE_CURVE('',#2749,#2750,#1373,.T.);
#3423=EDGE_CURVE('',#2750,#2748,#1374,.T.);
#3424=EDGE_CURVE('',#2751,#2749,#1375,.T.);
#3425=EDGE_CURVE('',#2751,#2752,#1376,.T.);
#3426=EDGE_CURVE('',#2752,#2750,#1377,.T.);
#3427=EDGE_CURVE('',#2742,#2751,#1378,.T.);
#3428=EDGE_CURVE('',#2744,#2752,#1379,.T.);
#3429=EDGE_CURVE('',#2753,#2753,#199,.T.);
#3430=EDGE_CURVE('',#2754,#2755,#1380,.T.);
#3431=EDGE_CURVE('',#2754,#2756,#1381,.T.);
#3432=EDGE_CURVE('',#2756,#2757,#1382,.T.);
#3433=EDGE_CURVE('',#2755,#2757,#1383,.T.);
#3434=EDGE_CURVE('',#2758,#2754,#1384,.T.);
#3435=EDGE_CURVE('',#2758,#2759,#1385,.T.);
#3436=EDGE_CURVE('',#2759,#2756,#1386,.T.);
#3437=EDGE_CURVE('',#2760,#2758,#1387,.T.);
#3438=EDGE_CURVE('',#2760,#2761,#1388,.T.);
#3439=EDGE_CURVE('',#2761,#2759,#1389,.T.);
#3440=EDGE_CURVE('',#2762,#2760,#1390,.T.);
#3441=EDGE_CURVE('',#2762,#2763,#1391,.T.);
#3442=EDGE_CURVE('',#2763,#2761,#1392,.T.);
#3443=EDGE_CURVE('',#2764,#2762,#1393,.T.);
#3444=EDGE_CURVE('',#2764,#2765,#1394,.T.);
#3445=EDGE_CURVE('',#2765,#2763,#1395,.T.);
#3446=EDGE_CURVE('',#2755,#2764,#1396,.T.);
#3447=EDGE_CURVE('',#2757,#2765,#1397,.T.);
#3448=EDGE_CURVE('',#2766,#2766,#200,.T.);
#3449=EDGE_CURVE('',#2767,#2768,#1398,.T.);
#3450=EDGE_CURVE('',#2767,#2769,#1399,.T.);
#3451=EDGE_CURVE('',#2769,#2770,#1400,.T.);
#3452=EDGE_CURVE('',#2768,#2770,#1401,.T.);
#3453=EDGE_CURVE('',#2771,#2767,#1402,.T.);
#3454=EDGE_CURVE('',#2771,#2772,#1403,.T.);
#3455=EDGE_CURVE('',#2772,#2769,#1404,.T.);
#3456=EDGE_CURVE('',#2773,#2771,#1405,.T.);
#3457=EDGE_CURVE('',#2773,#2774,#1406,.T.);
#3458=EDGE_CURVE('',#2774,#2772,#1407,.T.);
#3459=EDGE_CURVE('',#2775,#2773,#1408,.T.);
#3460=EDGE_CURVE('',#2775,#2776,#1409,.T.);
#3461=EDGE_CURVE('',#2776,#2774,#1410,.T.);
#3462=EDGE_CURVE('',#2777,#2775,#1411,.T.);
#3463=EDGE_CURVE('',#2777,#2778,#1412,.T.);
#3464=EDGE_CURVE('',#2778,#2776,#1413,.T.);
#3465=EDGE_CURVE('',#2768,#2777,#1414,.T.);
#3466=EDGE_CURVE('',#2770,#2778,#1415,.T.);
#3467=EDGE_CURVE('',#2779,#2779,#201,.T.);
#3468=EDGE_CURVE('',#2780,#2781,#1416,.T.);
#3469=EDGE_CURVE('',#2780,#2782,#1417,.T.);
#3470=EDGE_CURVE('',#2782,#2783,#1418,.T.);
#3471=EDGE_CURVE('',#2781,#2783,#1419,.T.);
#3472=EDGE_CURVE('',#2784,#2780,#1420,.T.);
#3473=EDGE_CURVE('',#2784,#2785,#1421,.T.);
#3474=EDGE_CURVE('',#2785,#2782,#1422,.T.);
#3475=EDGE_CURVE('',#2786,#2784,#1423,.T.);
#3476=EDGE_CURVE('',#2786,#2787,#1424,.T.);
#3477=EDGE_CURVE('',#2787,#2785,#1425,.T.);
#3478=EDGE_CURVE('',#2788,#2786,#1426,.T.);
#3479=EDGE_CURVE('',#2788,#2789,#1427,.T.);
#3480=EDGE_CURVE('',#2789,#2787,#1428,.T.);
#3481=EDGE_CURVE('',#2790,#2788,#1429,.T.);
#3482=EDGE_CURVE('',#2790,#2791,#1430,.T.);
#3483=EDGE_CURVE('',#2791,#2789,#1431,.T.);
#3484=EDGE_CURVE('',#2781,#2790,#1432,.T.);
#3485=EDGE_CURVE('',#2783,#2791,#1433,.T.);
#3486=EDGE_CURVE('',#2792,#2792,#202,.T.);
#3487=EDGE_CURVE('',#2793,#2794,#1434,.T.);
#3488=EDGE_CURVE('',#2793,#2795,#1435,.T.);
#3489=EDGE_CURVE('',#2795,#2796,#1436,.T.);
#3490=EDGE_CURVE('',#2794,#2796,#1437,.T.);
#3491=EDGE_CURVE('',#2797,#2793,#1438,.T.);
#3492=EDGE_CURVE('',#2797,#2798,#1439,.T.);
#3493=EDGE_CURVE('',#2798,#2795,#1440,.T.);
#3494=EDGE_CURVE('',#2799,#2797,#1441,.T.);
#3495=EDGE_CURVE('',#2799,#2800,#1442,.T.);
#3496=EDGE_CURVE('',#2800,#2798,#1443,.T.);
#3497=EDGE_CURVE('',#2801,#2799,#1444,.T.);
#3498=EDGE_CURVE('',#2801,#2802,#1445,.T.);
#3499=EDGE_CURVE('',#2802,#2800,#1446,.T.);
#3500=EDGE_CURVE('',#2803,#2801,#1447,.T.);
#3501=EDGE_CURVE('',#2803,#2804,#1448,.T.);
#3502=EDGE_CURVE('',#2804,#2802,#1449,.T.);
#3503=EDGE_CURVE('',#2794,#2803,#1450,.T.);
#3504=EDGE_CURVE('',#2796,#2804,#1451,.T.);
#3505=EDGE_CURVE('',#2805,#2805,#203,.T.);
#3506=EDGE_CURVE('',#2806,#2807,#1452,.T.);
#3507=EDGE_CURVE('',#2806,#2808,#1453,.T.);
#3508=EDGE_CURVE('',#2808,#2809,#1454,.T.);
#3509=EDGE_CURVE('',#2807,#2809,#1455,.T.);
#3510=EDGE_CURVE('',#2810,#2806,#1456,.T.);
#3511=EDGE_CURVE('',#2810,#2811,#1457,.T.);
#3512=EDGE_CURVE('',#2811,#2808,#1458,.T.);
#3513=EDGE_CURVE('',#2812,#2810,#1459,.T.);
#3514=EDGE_CURVE('',#2812,#2813,#1460,.T.);
#3515=EDGE_CURVE('',#2813,#2811,#1461,.T.);
#3516=EDGE_CURVE('',#2814,#2812,#1462,.T.);
#3517=EDGE_CURVE('',#2814,#2815,#1463,.T.);
#3518=EDGE_CURVE('',#2815,#2813,#1464,.T.);
#3519=EDGE_CURVE('',#2816,#2814,#1465,.T.);
#3520=EDGE_CURVE('',#2816,#2817,#1466,.T.);
#3521=EDGE_CURVE('',#2817,#2815,#1467,.T.);
#3522=EDGE_CURVE('',#2807,#2816,#1468,.T.);
#3523=EDGE_CURVE('',#2809,#2817,#1469,.T.);
#3524=EDGE_CURVE('',#2818,#2818,#204,.T.);
#3525=EDGE_CURVE('',#2819,#2820,#1470,.T.);
#3526=EDGE_CURVE('',#2819,#2821,#1471,.T.);
#3527=EDGE_CURVE('',#2821,#2822,#1472,.T.);
#3528=EDGE_CURVE('',#2820,#2822,#1473,.T.);
#3529=EDGE_CURVE('',#2823,#2819,#1474,.T.);
#3530=EDGE_CURVE('',#2823,#2824,#1475,.T.);
#3531=EDGE_CURVE('',#2824,#2821,#1476,.T.);
#3532=EDGE_CURVE('',#2825,#2823,#1477,.T.);
#3533=EDGE_CURVE('',#2825,#2826,#1478,.T.);
#3534=EDGE_CURVE('',#2826,#2824,#1479,.T.);
#3535=EDGE_CURVE('',#2827,#2825,#1480,.T.);
#3536=EDGE_CURVE('',#2827,#2828,#1481,.T.);
#3537=EDGE_CURVE('',#2828,#2826,#1482,.T.);
#3538=EDGE_CURVE('',#2829,#2827,#1483,.T.);
#3539=EDGE_CURVE('',#2829,#2830,#1484,.T.);
#3540=EDGE_CURVE('',#2830,#2828,#1485,.T.);
#3541=EDGE_CURVE('',#2820,#2829,#1486,.T.);
#3542=EDGE_CURVE('',#2822,#2830,#1487,.T.);
#3543=EDGE_CURVE('',#2831,#2831,#205,.T.);
#3544=EDGE_CURVE('',#2832,#2833,#1488,.T.);
#3545=EDGE_CURVE('',#2832,#2834,#1489,.T.);
#3546=EDGE_CURVE('',#2834,#2835,#1490,.T.);
#3547=EDGE_CURVE('',#2833,#2835,#1491,.T.);
#3548=EDGE_CURVE('',#2836,#2832,#1492,.T.);
#3549=EDGE_CURVE('',#2836,#2837,#1493,.T.);
#3550=EDGE_CURVE('',#2837,#2834,#1494,.T.);
#3551=EDGE_CURVE('',#2838,#2836,#1495,.T.);
#3552=EDGE_CURVE('',#2838,#2839,#1496,.T.);
#3553=EDGE_CURVE('',#2839,#2837,#1497,.T.);
#3554=EDGE_CURVE('',#2840,#2838,#1498,.T.);
#3555=EDGE_CURVE('',#2840,#2841,#1499,.T.);
#3556=EDGE_CURVE('',#2841,#2839,#1500,.T.);
#3557=EDGE_CURVE('',#2842,#2840,#1501,.T.);
#3558=EDGE_CURVE('',#2842,#2843,#1502,.T.);
#3559=EDGE_CURVE('',#2843,#2841,#1503,.T.);
#3560=EDGE_CURVE('',#2833,#2842,#1504,.T.);
#3561=EDGE_CURVE('',#2835,#2843,#1505,.T.);
#3562=EDGE_CURVE('',#2844,#2844,#206,.T.);
#3563=EDGE_CURVE('',#2844,#2845,#1506,.T.);
#3564=EDGE_CURVE('',#2845,#2845,#207,.T.);
#3565=EDGE_CURVE('',#2727,#2846,#1507,.T.);
#3566=EDGE_CURVE('',#2846,#2846,#208,.T.);
#3567=EDGE_CURVE('',#2740,#2847,#1508,.T.);
#3568=EDGE_CURVE('',#2847,#2847,#209,.T.);
#3569=EDGE_CURVE('',#2675,#2848,#1509,.T.);
#3570=EDGE_CURVE('',#2848,#2848,#210,.T.);
#3571=EDGE_CURVE('',#2610,#2849,#1510,.T.);
#3572=EDGE_CURVE('',#2849,#2849,#211,.T.);
#3573=EDGE_CURVE('',#2701,#2850,#1511,.T.);
#3574=EDGE_CURVE('',#2850,#2850,#212,.T.);
#3575=EDGE_CURVE('',#2766,#2851,#1512,.T.);
#3576=EDGE_CURVE('',#2851,#2851,#213,.T.);
#3577=EDGE_CURVE('',#2662,#2852,#1513,.T.);
#3578=EDGE_CURVE('',#2852,#2852,#214,.T.);
#3579=EDGE_CURVE('',#2714,#2853,#1514,.T.);
#3580=EDGE_CURVE('',#2853,#2853,#215,.T.);
#3581=EDGE_CURVE('',#2584,#2854,#1515,.T.);
#3582=EDGE_CURVE('',#2854,#2854,#216,.T.);
#3583=EDGE_CURVE('',#2545,#2855,#1516,.T.);
#3584=EDGE_CURVE('',#2855,#2855,#217,.T.);
#3585=EDGE_CURVE('',#2649,#2856,#1517,.T.);
#3586=EDGE_CURVE('',#2856,#2856,#218,.T.);
#3587=EDGE_CURVE('',#2688,#2857,#1518,.T.);
#3588=EDGE_CURVE('',#2857,#2857,#219,.T.);
#3589=EDGE_CURVE('',#2558,#2858,#1519,.T.);
#3590=EDGE_CURVE('',#2858,#2858,#220,.T.);
#3591=EDGE_CURVE('',#2792,#2859,#1520,.T.);
#3592=EDGE_CURVE('',#2859,#2859,#221,.T.);
#3593=EDGE_CURVE('',#2571,#2860,#1521,.T.);
#3594=EDGE_CURVE('',#2860,#2860,#222,.T.);
#3595=EDGE_CURVE('',#2753,#2861,#1522,.T.);
#3596=EDGE_CURVE('',#2861,#2861,#223,.T.);
#3597=EDGE_CURVE('',#2831,#2862,#1523,.T.);
#3598=EDGE_CURVE('',#2862,#2862,#224,.T.);
#3599=EDGE_CURVE('',#2779,#2863,#1524,.T.);
#3600=EDGE_CURVE('',#2863,#2863,#225,.T.);
#3601=EDGE_CURVE('',#2818,#2864,#1525,.T.);
#3602=EDGE_CURVE('',#2864,#2864,#226,.T.);
#3603=EDGE_CURVE('',#2597,#2865,#1526,.T.);
#3604=EDGE_CURVE('',#2865,#2865,#227,.T.);
#3605=EDGE_CURVE('',#2623,#2866,#1527,.T.);
#3606=EDGE_CURVE('',#2866,#2866,#228,.T.);
#3607=EDGE_CURVE('',#2636,#2867,#1528,.T.);
#3608=EDGE_CURVE('',#2867,#2867,#229,.T.);
#3609=EDGE_CURVE('',#2805,#2868,#1529,.T.);
#3610=EDGE_CURVE('',#2868,#2868,#230,.T.);
#3611=EDGE_CURVE('',#2532,#2869,#1530,.T.);
#3612=EDGE_CURVE('',#2869,#2869,#231,.T.);
#3613=EDGE_CURVE('',#2870,#2871,#1531,.T.);
#3614=EDGE_CURVE('',#2870,#2872,#1532,.T.);
#3615=EDGE_CURVE('',#2873,#2872,#1533,.T.);
#3616=EDGE_CURVE('',#2871,#2873,#1534,.T.);
#3617=EDGE_CURVE('',#2874,#2875,#1535,.T.);
#3618=EDGE_CURVE('',#2876,#2874,#1536,.T.);
#3619=EDGE_CURVE('',#2877,#2876,#1537,.T.);
#3620=EDGE_CURVE('',#2877,#2875,#1538,.T.);
#3621=EDGE_CURVE('',#2875,#2870,#1539,.T.);
#3622=EDGE_CURVE('',#2872,#2877,#1540,.T.);
#3623=EDGE_CURVE('',#2878,#2876,#1541,.F.);
#3624=EDGE_CURVE('',#2879,#2878,#1542,.T.);
#3625=EDGE_CURVE('',#2880,#2879,#1543,.T.);
#3626=EDGE_CURVE('',#2881,#2880,#1544,.T.);
#3627=EDGE_CURVE('',#2882,#2881,#1545,.F.);
#3628=EDGE_CURVE('',#2882,#2883,#1546,.F.);
#3629=EDGE_CURVE('',#2883,#2884,#1547,.F.);
#3630=EDGE_CURVE('',#2884,#2885,#1548,.F.);
#3631=EDGE_CURVE('',#2873,#2885,#1549,.F.);
#3632=EDGE_CURVE('',#2874,#2886,#1550,.T.);
#3633=EDGE_CURVE('',#2887,#2886,#232,.T.);
#3634=EDGE_CURVE('',#2887,#2888,#1551,.F.);
#3635=EDGE_CURVE('',#2889,#2888,#233,.T.);
#3636=EDGE_CURVE('',#2889,#2890,#1552,.T.);
#3637=EDGE_CURVE('',#2891,#2890,#1553,.T.);
#3638=EDGE_CURVE('',#2891,#2892,#1554,.T.);
#3639=EDGE_CURVE('',#2893,#2892,#234,.T.);
#3640=EDGE_CURVE('',#2893,#2894,#1555,.F.);
#3641=EDGE_CURVE('',#2895,#2894,#1556,.T.);
#3642=EDGE_CURVE('',#2896,#2895,#1557,.T.);
#3643=EDGE_CURVE('',#2897,#2896,#1558,.T.);
#3644=EDGE_CURVE('',#2897,#2898,#1559,.F.);
#3645=EDGE_CURVE('',#2899,#2898,#1560,.T.);
#3646=EDGE_CURVE('',#2900,#2899,#1561,.T.);
#3647=EDGE_CURVE('',#2901,#2900,#1562,.T.);
#3648=EDGE_CURVE('',#2901,#2902,#1563,.F.);
#3649=EDGE_CURVE('',#2878,#2902,#235,.T.);
#3650=EDGE_CURVE('',#2885,#2903,#1564,.T.);
#3651=EDGE_CURVE('',#2903,#2904,#1565,.T.);
#3652=EDGE_CURVE('',#2882,#2904,#1566,.T.);
#3653=EDGE_CURVE('',#2905,#2881,#236,.T.);
#3654=EDGE_CURVE('',#2905,#2906,#1567,.T.);
#3655=EDGE_CURVE('',#2906,#2907,#1568,.T.);
#3656=EDGE_CURVE('',#2907,#2908,#1569,.T.);
#3657=EDGE_CURVE('',#2909,#2908,#237,.T.);
#3658=EDGE_CURVE('',#2909,#2871,#1570,.T.);
#3659=EDGE_CURVE('',#2910,#2911,#1571,.T.);
#3660=EDGE_CURVE('',#2912,#2910,#1572,.T.);
#3661=EDGE_CURVE('',#2913,#2912,#1573,.T.);
#3662=EDGE_CURVE('',#2914,#2913,#1574,.T.);
#3663=EDGE_CURVE('',#2911,#2914,#1575,.T.);
#3664=EDGE_CURVE('',#2915,#2914,#1576,.T.);
#3665=EDGE_CURVE('',#2916,#2913,#1577,.T.);
#3666=EDGE_CURVE('',#2917,#2916,#1578,.F.);
#3667=EDGE_CURVE('',#2917,#2918,#1579,.T.);
#3668=EDGE_CURVE('',#2918,#2919,#1580,.T.);
#3669=EDGE_CURVE('',#2920,#2919,#1581,.T.);
#3670=EDGE_CURVE('',#2920,#2921,#1582,.T.);
#3671=EDGE_CURVE('',#2922,#2921,#1583,.T.);
#3672=EDGE_CURVE('',#2923,#2922,#1584,.T.);
#3673=EDGE_CURVE('',#2924,#2923,#1585,.T.);
#3674=EDGE_CURVE('',#2908,#2924,#1586,.T.);
#3675=EDGE_CURVE('',#2925,#2907,#1587,.T.);
#3676=EDGE_CURVE('',#2926,#2925,#1588,.T.);
#3677=EDGE_CURVE('',#2915,#2926,#1589,.F.);
#3678=EDGE_CURVE('',#2927,#2918,#1590,.T.);
#3679=EDGE_CURVE('',#2928,#2927,#1591,.T.);
#3680=EDGE_CURVE('',#2929,#2928,#1592,.T.);
#3681=EDGE_CURVE('',#2919,#2929,#1593,.T.);
#3682=EDGE_CURVE('',#2929,#2930,#1594,.T.);
#3683=EDGE_CURVE('',#2920,#2930,#1595,.T.);
#3684=EDGE_CURVE('',#2931,#2910,#1596,.T.);
#3685=EDGE_CURVE('',#2931,#2932,#1597,.T.);
#3686=EDGE_CURVE('',#2933,#2932,#1598,.T.);
#3687=EDGE_CURVE('',#2933,#2906,#1599,.T.);
#3688=EDGE_CURVE('',#2934,#2905,#1600,.T.);
#3689=EDGE_CURVE('',#2935,#2934,#1601,.T.);
#3690=EDGE_CURVE('',#2936,#2935,#1602,.T.);
#3691=EDGE_CURVE('',#2937,#2936,#1603,.T.);
#3692=EDGE_CURVE('',#2930,#2937,#1604,.T.);
#3693=EDGE_CURVE('',#2938,#2928,#1605,.T.);
#3694=EDGE_CURVE('',#2938,#2939,#1606,.T.);
#3695=EDGE_CURVE('',#2912,#2939,#1607,.T.);
#3696=EDGE_CURVE('',#2932,#2926,#1608,.T.);
#3697=EDGE_CURVE('',#2933,#2925,#1609,.T.);
#3698=EDGE_CURVE('',#2939,#2916,#1610,.T.);
#3699=EDGE_CURVE('',#2940,#2940,#238,.T.);
#3700=EDGE_CURVE('',#2940,#2941,#1611,.T.);
#3701=EDGE_CURVE('',#2941,#2942,#239,.T.);
#3702=EDGE_CURVE('',#2943,#2942,#31,.F.);
#3703=EDGE_CURVE('',#2943,#2941,#240,.T.);
#3704=EDGE_CURVE('',#2944,#2944,#241,.T.);
#3705=EDGE_CURVE('',#2944,#2945,#1612,.T.);
#3706=EDGE_CURVE('',#2945,#2946,#242,.T.);
#3707=EDGE_CURVE('',#2947,#2946,#32,.F.);
#3708=EDGE_CURVE('',#2947,#2945,#243,.T.);
#3709=EDGE_CURVE('',#2948,#2948,#244,.T.);
#3710=EDGE_CURVE('',#2949,#2949,#245,.T.);
#3711=EDGE_CURVE('',#2950,#2950,#246,.T.);
#3712=EDGE_CURVE('',#2951,#2951,#247,.T.);
#3713=EDGE_CURVE('',#2952,#2953,#27,.T.);
#3714=EDGE_CURVE('',#2953,#2954,#1613,.T.);
#3715=EDGE_CURVE('',#2954,#2955,#28,.T.);
#3716=EDGE_CURVE('',#2955,#2952,#1614,.T.);
#3717=EDGE_CURVE('',#2956,#2952,#1615,.T.);
#3718=EDGE_CURVE('',#2956,#2957,#1616,.T.);
#3719=EDGE_CURVE('',#2897,#2957,#1617,.T.);
#3720=EDGE_CURVE('',#2953,#2896,#1618,.T.);
#3721=EDGE_CURVE('',#2955,#2958,#1619,.T.);
#3722=EDGE_CURVE('',#2958,#2956,#1620,.T.);
#3723=EDGE_CURVE('',#2959,#2960,#29,.T.);
#3724=EDGE_CURVE('',#2960,#2961,#1621,.T.);
#3725=EDGE_CURVE('',#2961,#2962,#30,.T.);
#3726=EDGE_CURVE('',#2962,#2959,#1622,.T.);
#3727=EDGE_CURVE('',#2963,#2959,#1623,.T.);
#3728=EDGE_CURVE('',#2963,#2964,#1624,.T.);
#3729=EDGE_CURVE('',#2901,#2964,#1625,.T.);
#3730=EDGE_CURVE('',#2960,#2900,#1626,.T.);
#3731=EDGE_CURVE('',#2962,#2965,#1627,.T.);
#3732=EDGE_CURVE('',#2965,#2963,#1628,.T.);
#3733=EDGE_CURVE('',#2899,#2961,#1629,.T.);
#3734=EDGE_CURVE('',#2966,#2898,#1630,.T.);
#3735=EDGE_CURVE('',#2966,#2965,#1631,.T.);
#3736=EDGE_CURVE('',#2895,#2954,#1632,.T.);
#3737=EDGE_CURVE('',#2967,#2894,#1633,.T.);
#3738=EDGE_CURVE('',#2967,#2958,#1634,.T.);
#3739=EDGE_CURVE('',#2957,#2967,#1635,.T.);
#3740=EDGE_CURVE('',#2968,#2893,#1636,.T.);
#3741=EDGE_CURVE('',#2969,#2968,#1637,.T.);
#3742=EDGE_CURVE('',#2969,#2970,#1638,.F.);
#3743=EDGE_CURVE('',#2970,#2971,#1639,.F.);
#3744=EDGE_CURVE('',#2972,#2971,#1640,.T.);
#3745=EDGE_CURVE('',#2973,#2972,#1641,.T.);
#3746=EDGE_CURVE('',#2902,#2973,#1642,.T.);
#3747=EDGE_CURVE('',#2964,#2966,#1643,.T.);
#3748=EDGE_CURVE('',#2974,#2975,#248,.F.);
#3749=EDGE_CURVE('',#2975,#2976,#1644,.F.);
#3750=EDGE_CURVE('',#2976,#2977,#1645,.F.);
#3751=EDGE_CURVE('',#2977,#2978,#1646,.F.);
#3752=EDGE_CURVE('',#2978,#2979,#249,.F.);
#3753=EDGE_CURVE('',#2979,#2980,#250,.F.);
#3754=EDGE_CURVE('',#2980,#2981,#1647,.F.);
#3755=EDGE_CURVE('',#2981,#2982,#1648,.F.);
#3756=EDGE_CURVE('',#2982,#2974,#1649,.F.);
#3757=EDGE_CURVE('',#2983,#2983,#251,.F.);
#3758=EDGE_CURVE('',#2973,#2879,#252,.T.);
#3759=EDGE_CURVE('',#2984,#2973,#253,.T.);
#3760=EDGE_CURVE('',#2972,#2985,#254,.T.);
#3761=EDGE_CURVE('',#2985,#2984,#1650,.T.);
#3762=EDGE_CURVE('',#2984,#2879,#255,.T.);
#3763=EDGE_CURVE('',#2984,#2986,#1651,.T.);
#3764=EDGE_CURVE('',#2986,#2880,#256,.T.);
#3765=EDGE_CURVE('',#2987,#2985,#1652,.T.);
#3766=EDGE_CURVE('',#2987,#2988,#1653,.T.);
#3767=EDGE_CURVE('',#2988,#2989,#1654,.T.);
#3768=EDGE_CURVE('',#2990,#2989,#1655,.T.);
#3769=EDGE_CURVE('',#2991,#2990,#1656,.T.);
#3770=EDGE_CURVE('',#2986,#2991,#1657,.T.);
#3771=EDGE_CURVE('',#2943,#2992,#257,.T.);
#3772=EDGE_CURVE('',#2992,#2942,#258,.T.);
#3773=EDGE_CURVE('',#2947,#2993,#259,.T.);
#3774=EDGE_CURVE('',#2993,#2946,#260,.T.);
#3775=EDGE_CURVE('',#2994,#2994,#261,.T.);
#3776=EDGE_CURVE('',#2995,#2995,#262,.T.);
#3777=EDGE_CURVE('',#2968,#2990,#263,.T.);
#3778=EDGE_CURVE('',#2989,#2969,#264,.T.);
#3779=EDGE_CURVE('',#2996,#2968,#265,.T.);
#3780=EDGE_CURVE('',#2892,#2996,#1658,.T.);
#3781=EDGE_CURVE('',#2996,#2990,#266,.T.);
#3782=EDGE_CURVE('',#2996,#2997,#1659,.T.);
#3783=EDGE_CURVE('',#2997,#2991,#267,.F.);
#3784=EDGE_CURVE('',#2998,#2891,#268,.T.);
#3785=EDGE_CURVE('',#2998,#2999,#1660,.T.);
#3786=EDGE_CURVE('',#3000,#2999,#1661,.T.);
#3787=EDGE_CURVE('',#3001,#3000,#269,.T.);
#3788=EDGE_CURVE('',#3002,#3001,#1662,.T.);
#3789=EDGE_CURVE('',#3003,#3002,#270,.T.);
#3790=EDGE_CURVE('',#3003,#3004,#1663,.T.);
#3791=EDGE_CURVE('',#3004,#3005,#1664,.T.);
#3792=EDGE_CURVE('',#3006,#3005,#1665,.T.);
#3793=EDGE_CURVE('',#3007,#3006,#1666,.T.);
#3794=EDGE_CURVE('',#3008,#3007,#1667,.T.);
#3795=EDGE_CURVE('',#3009,#3008,#1668,.T.);
#3796=EDGE_CURVE('',#3009,#3010,#1669,.T.);
#3797=EDGE_CURVE('',#3010,#3011,#1670,.T.);
#3798=EDGE_CURVE('',#3012,#3011,#1671,.T.);
#3799=EDGE_CURVE('',#3013,#3012,#1672,.T.);
#3800=EDGE_CURVE('',#3014,#3013,#1673,.T.);
#3801=EDGE_CURVE('',#3015,#3014,#1674,.T.);
#3802=EDGE_CURVE('',#3015,#3016,#1675,.T.);
#3803=EDGE_CURVE('',#3016,#3017,#1676,.T.);
#3804=EDGE_CURVE('',#3018,#3017,#271,.T.);
#3805=EDGE_CURVE('',#3018,#3019,#1677,.T.);
#3806=EDGE_CURVE('',#2997,#3019,#1678,.T.);
#3807=EDGE_CURVE('',#3020,#3021,#1679,.T.);
#3808=EDGE_CURVE('',#3021,#3022,#1680,.T.);
#3809=EDGE_CURVE('',#3022,#3023,#1681,.T.);
#3810=EDGE_CURVE('',#3023,#3020,#1682,.T.);
#3811=EDGE_CURVE('',#2971,#3024,#1683,.T.);
#3812=EDGE_CURVE('',#3024,#3025,#1684,.T.);
#3813=EDGE_CURVE('',#3026,#3025,#272,.T.);
#3814=EDGE_CURVE('',#3027,#3026,#1685,.T.);
#3815=EDGE_CURVE('',#2987,#3027,#1686,.T.);
#3816=EDGE_CURVE('',#3028,#3029,#273,.T.);
#3817=EDGE_CURVE('',#3030,#3028,#1687,.T.);
#3818=EDGE_CURVE('',#3031,#3030,#1688,.T.);
#3819=EDGE_CURVE('',#3029,#3031,#1689,.T.);
#3820=EDGE_CURVE('',#3032,#3033,#274,.T.);
#3821=EDGE_CURVE('',#3034,#3032,#1690,.T.);
#3822=EDGE_CURVE('',#3035,#3034,#1691,.T.);
#3823=EDGE_CURVE('',#3033,#3035,#1692,.T.);
#3824=EDGE_CURVE('',#2978,#3028,#1693,.T.);
#3825=EDGE_CURVE('',#2975,#3029,#1694,.T.);
#3826=EDGE_CURVE('',#2974,#3032,#1695,.T.);
#3827=EDGE_CURVE('',#3033,#2980,#1696,.T.);
#3828=EDGE_CURVE('',#2979,#3036,#1697,.T.);
#3829=EDGE_CURVE('',#3036,#3036,#275,.T.);
#3830=EDGE_CURVE('',#3037,#3038,#276,.T.);
#3831=EDGE_CURVE('',#3038,#3039,#1698,.T.);
#3832=EDGE_CURVE('',#3039,#3040,#277,.T.);
#3833=EDGE_CURVE('',#3040,#3037,#1699,.T.);
#3834=EDGE_CURVE('',#2888,#3040,#1700,.T.);
#3835=EDGE_CURVE('',#3040,#3041,#278,.T.);
#3836=EDGE_CURVE('',#3041,#2889,#1701,.T.);
#3837=EDGE_CURVE('',#3039,#3041,#279,.T.);
#3838=EDGE_CURVE('',#3042,#2887,#1702,.T.);
#3839=EDGE_CURVE('',#3025,#3042,#1703,.T.);
#3840=EDGE_CURVE('',#3043,#3024,#1704,.T.);
#3841=EDGE_CURVE('',#3037,#3043,#1705,.T.);
#3842=EDGE_CURVE('',#3044,#3044,#280,.F.);
#3843=EDGE_CURVE('',#3045,#3041,#1706,.T.);
#3844=EDGE_CURVE('',#3046,#3045,#1707,.T.);
#3845=EDGE_CURVE('',#3047,#3046,#1708,.T.);
#3846=EDGE_CURVE('',#3048,#3047,#281,.T.);
#3847=EDGE_CURVE('',#3048,#3049,#1709,.T.);
#3848=EDGE_CURVE('',#3050,#3049,#1710,.T.);
#3849=EDGE_CURVE('',#3051,#3050,#1711,.T.);
#3850=EDGE_CURVE('',#3052,#3051,#1712,.T.);
#3851=EDGE_CURVE('',#3053,#3052,#1713,.T.);
#3852=EDGE_CURVE('',#3053,#3054,#1714,.T.);
#3853=EDGE_CURVE('',#3054,#3055,#1715,.T.);
#3854=EDGE_CURVE('',#3056,#3055,#1716,.T.);
#3855=EDGE_CURVE('',#3057,#3056,#1717,.T.);
#3856=EDGE_CURVE('',#3058,#3057,#1718,.T.);
#3857=EDGE_CURVE('',#3059,#3058,#1719,.T.);
#3858=EDGE_CURVE('',#3059,#3060,#1720,.T.);
#3859=EDGE_CURVE('',#3060,#3061,#1721,.T.);
#3860=EDGE_CURVE('',#3062,#3061,#1722,.T.);
#3861=EDGE_CURVE('',#3063,#3062,#282,.T.);
#3862=EDGE_CURVE('',#3064,#3063,#1723,.T.);
#3863=EDGE_CURVE('',#3065,#3064,#283,.T.);
#3864=EDGE_CURVE('',#3065,#3066,#1724,.T.);
#3865=EDGE_CURVE('',#3066,#3067,#1725,.T.);
#3866=EDGE_CURVE('',#2890,#3067,#284,.T.);
#3867=EDGE_CURVE('',#2886,#3068,#1726,.T.);
#3868=EDGE_CURVE('',#3068,#3042,#285,.T.);
#3869=EDGE_CURVE('',#3042,#3069,#286,.T.);
#3870=EDGE_CURVE('',#3069,#3026,#1727,.T.);
#3871=EDGE_CURVE('',#3068,#3069,#287,.T.);
#3872=EDGE_CURVE('',#3070,#3038,#1728,.T.);
#3873=EDGE_CURVE('',#3070,#3027,#1729,.T.);
#3874=EDGE_CURVE('',#3071,#3069,#1730,.T.);
#3875=EDGE_CURVE('',#3072,#3071,#1731,.T.);
#3876=EDGE_CURVE('',#3039,#3072,#1732,.T.);
#3877=EDGE_CURVE('',#3070,#2988,#1733,.T.);
#3878=EDGE_CURVE('',#3043,#2970,#1734,.T.);
#3879=EDGE_CURVE('',#3072,#3045,#288,.F.);
#3880=EDGE_CURVE('',#3068,#3073,#1735,.T.);
#3881=EDGE_CURVE('',#3073,#3071,#289,.F.);
#3882=EDGE_CURVE('',#3073,#2909,#1736,.T.);
#3883=EDGE_CURVE('',#2903,#3074,#1737,.T.);
#3884=EDGE_CURVE('',#3074,#3075,#1738,.F.);
#3885=EDGE_CURVE('',#2904,#3075,#1739,.T.);
#3886=EDGE_CURVE('',#2884,#3074,#1740,.T.);
#3887=EDGE_CURVE('',#2883,#3075,#1741,.T.);
#3888=EDGE_CURVE('',#2880,#2934,#290,.T.);
#3889=EDGE_CURVE('',#2986,#2934,#291,.T.);
#3890=EDGE_CURVE('',#2991,#2935,#292,.F.);
#3891=EDGE_CURVE('',#2923,#3072,#293,.F.);
#3892=EDGE_CURVE('',#3045,#2923,#294,.F.);
#3893=EDGE_CURVE('',#2924,#3073,#295,.F.);
#3894=EDGE_CURVE('',#3071,#2924,#296,.F.);
#3895=EDGE_CURVE('',#2922,#3046,#297,.T.);
#3896=EDGE_CURVE('',#2935,#2997,#298,.F.);
#3897=EDGE_CURVE('',#3019,#2936,#299,.T.);
#3898=EDGE_CURVE('',#3076,#2931,#1742,.F.);
#3899=EDGE_CURVE('',#3076,#2915,#1743,.F.);
#3900=EDGE_CURVE('',#3077,#2938,#1744,.F.);
#3901=EDGE_CURVE('',#3077,#2917,#1745,.F.);
#3902=EDGE_CURVE('',#3047,#3018,#1746,.T.);
#3903=EDGE_CURVE('',#3017,#3048,#1747,.T.);
#3904=EDGE_CURVE('',#2921,#2937,#1748,.T.);
#3905=EDGE_CURVE('',#3067,#2998,#1749,.T.);
#3906=EDGE_CURVE('',#2983,#3044,#1750,.T.);
#3907=EDGE_CURVE('',#3021,#3078,#1751,.T.);
#3908=EDGE_CURVE('',#3020,#3079,#1752,.T.);
#3909=EDGE_CURVE('',#3078,#3079,#1753,.F.);
#3910=EDGE_CURVE('',#3023,#3079,#1754,.T.);
#3911=EDGE_CURVE('',#3022,#3078,#1755,.T.);
#3912=EDGE_CURVE('',#3004,#3061,#1756,.T.);
#3913=EDGE_CURVE('',#3005,#3060,#1757,.T.);
#3914=EDGE_CURVE('',#3011,#3054,#1758,.T.);
#3915=EDGE_CURVE('',#3055,#3010,#1759,.T.);
#3916=EDGE_CURVE('',#3049,#3016,#1760,.T.);
#3917=EDGE_CURVE('',#3066,#2999,#1761,.T.);
#3918=EDGE_CURVE('',#3006,#3059,#1762,.T.);
#3919=EDGE_CURVE('',#3012,#3053,#1763,.T.);
#3920=EDGE_CURVE('',#3062,#3003,#1764,.T.);
#3921=EDGE_CURVE('',#3002,#3063,#1765,.T.);
#3922=EDGE_CURVE('',#3000,#3065,#1766,.T.);
#3923=EDGE_CURVE('',#3064,#3001,#1767,.T.);
#3924=EDGE_CURVE('',#2981,#3035,#1768,.T.);
#3925=EDGE_CURVE('',#2982,#3034,#1769,.T.);
#3926=EDGE_CURVE('',#2976,#3031,#1770,.T.);
#3927=EDGE_CURVE('',#2977,#3030,#1771,.T.);
#3928=EDGE_CURVE('',#2950,#3080,#1772,.T.);
#3929=EDGE_CURVE('',#3080,#3080,#300,.T.);
#3930=EDGE_CURVE('',#2949,#3081,#1773,.T.);
#3931=EDGE_CURVE('',#3081,#3081,#301,.T.);
#3932=EDGE_CURVE('',#3082,#3082,#302,.F.);
#3933=EDGE_CURVE('',#3083,#3083,#303,.F.);
#3934=EDGE_CURVE('',#2992,#3082,#1774,.T.);
#3935=EDGE_CURVE('',#2994,#3083,#1775,.T.);
#3936=EDGE_CURVE('',#3058,#3007,#1776,.T.);
#3937=EDGE_CURVE('',#3008,#3057,#1777,.T.);
#3938=EDGE_CURVE('',#3014,#3051,#1778,.T.);
#3939=EDGE_CURVE('',#3052,#3013,#1779,.T.);
#3940=EDGE_CURVE('',#3056,#3009,#1780,.T.);
#3941=EDGE_CURVE('',#3050,#3015,#1781,.T.);
#3942=EDGE_CURVE('',#2927,#3077,#1782,.T.);
#3943=EDGE_CURVE('',#2911,#3076,#1783,.T.);
#3944=EDGE_CURVE('',#2993,#3084,#1784,.T.);
#3945=EDGE_CURVE('',#3084,#3084,#304,.F.);
#3946=EDGE_CURVE('',#2995,#3085,#1785,.T.);
#3947=EDGE_CURVE('',#3085,#3085,#305,.F.);
#3948=EDGE_CURVE('',#3086,#3086,#306,.T.);
#3949=EDGE_CURVE('',#3087,#3087,#307,.T.);
#3950=EDGE_CURVE('',#2951,#3086,#1786,.T.);
#3951=EDGE_CURVE('',#2948,#3087,#1787,.T.);
#3952=ORIENTED_EDGE('',*,*,#3088,.F.);
#3953=ORIENTED_EDGE('',*,*,#3089,.T.);
#3954=ORIENTED_EDGE('',*,*,#3090,.T.);
#3955=ORIENTED_EDGE('',*,*,#3091,.F.);
#3956=ORIENTED_EDGE('',*,*,#3092,.F.);
#3957=ORIENTED_EDGE('',*,*,#3093,.T.);
#3958=ORIENTED_EDGE('',*,*,#3094,.T.);
#3959=ORIENTED_EDGE('',*,*,#3089,.F.);
#3960=ORIENTED_EDGE('',*,*,#3095,.F.);
#3961=ORIENTED_EDGE('',*,*,#3096,.T.);
#3962=ORIENTED_EDGE('',*,*,#3097,.T.);
#3963=ORIENTED_EDGE('',*,*,#3093,.F.);
#3964=ORIENTED_EDGE('',*,*,#3098,.F.);
#3965=ORIENTED_EDGE('',*,*,#3099,.T.);
#3966=ORIENTED_EDGE('',*,*,#3100,.T.);
#3967=ORIENTED_EDGE('',*,*,#3096,.F.);
#3968=ORIENTED_EDGE('',*,*,#3101,.F.);
#3969=ORIENTED_EDGE('',*,*,#3102,.T.);
#3970=ORIENTED_EDGE('',*,*,#3103,.T.);
#3971=ORIENTED_EDGE('',*,*,#3099,.F.);
#3972=ORIENTED_EDGE('',*,*,#3104,.F.);
#3973=ORIENTED_EDGE('',*,*,#3091,.T.);
#3974=ORIENTED_EDGE('',*,*,#3105,.T.);
#3975=ORIENTED_EDGE('',*,*,#3102,.F.);
#3976=ORIENTED_EDGE('',*,*,#3105,.F.);
#3977=ORIENTED_EDGE('',*,*,#3090,.F.);
#3978=ORIENTED_EDGE('',*,*,#3094,.F.);
#3979=ORIENTED_EDGE('',*,*,#3097,.F.);
#3980=ORIENTED_EDGE('',*,*,#3100,.F.);
#3981=ORIENTED_EDGE('',*,*,#3103,.F.);
#3982=ORIENTED_EDGE('',*,*,#3106,.F.);
#3983=ORIENTED_EDGE('',*,*,#3107,.F.);
#3984=ORIENTED_EDGE('',*,*,#3108,.T.);
#3985=ORIENTED_EDGE('',*,*,#3109,.T.);
#3986=ORIENTED_EDGE('',*,*,#3110,.F.);
#3987=ORIENTED_EDGE('',*,*,#3111,.F.);
#3988=ORIENTED_EDGE('',*,*,#3112,.T.);
#3989=ORIENTED_EDGE('',*,*,#3113,.T.);
#3990=ORIENTED_EDGE('',*,*,#3108,.F.);
#3991=ORIENTED_EDGE('',*,*,#3114,.F.);
#3992=ORIENTED_EDGE('',*,*,#3115,.T.);
#3993=ORIENTED_EDGE('',*,*,#3116,.T.);
#3994=ORIENTED_EDGE('',*,*,#3112,.F.);
#3995=ORIENTED_EDGE('',*,*,#3117,.F.);
#3996=ORIENTED_EDGE('',*,*,#3118,.T.);
#3997=ORIENTED_EDGE('',*,*,#3119,.T.);
#3998=ORIENTED_EDGE('',*,*,#3115,.F.);
#3999=ORIENTED_EDGE('',*,*,#3120,.F.);
#4000=ORIENTED_EDGE('',*,*,#3121,.T.);
#4001=ORIENTED_EDGE('',*,*,#3122,.T.);
#4002=ORIENTED_EDGE('',*,*,#3118,.F.);
#4003=ORIENTED_EDGE('',*,*,#3123,.F.);
#4004=ORIENTED_EDGE('',*,*,#3110,.T.);
#4005=ORIENTED_EDGE('',*,*,#3124,.T.);
#4006=ORIENTED_EDGE('',*,*,#3121,.F.);
#4007=ORIENTED_EDGE('',*,*,#3124,.F.);
#4008=ORIENTED_EDGE('',*,*,#3109,.F.);
#4009=ORIENTED_EDGE('',*,*,#3113,.F.);
#4010=ORIENTED_EDGE('',*,*,#3116,.F.);
#4011=ORIENTED_EDGE('',*,*,#3119,.F.);
#4012=ORIENTED_EDGE('',*,*,#3122,.F.);
#4013=ORIENTED_EDGE('',*,*,#3125,.F.);
#4014=ORIENTED_EDGE('',*,*,#3126,.F.);
#4015=ORIENTED_EDGE('',*,*,#3127,.T.);
#4016=ORIENTED_EDGE('',*,*,#3128,.T.);
#4017=ORIENTED_EDGE('',*,*,#3129,.F.);
#4018=ORIENTED_EDGE('',*,*,#3130,.F.);
#4019=ORIENTED_EDGE('',*,*,#3131,.T.);
#4020=ORIENTED_EDGE('',*,*,#3132,.T.);
#4021=ORIENTED_EDGE('',*,*,#3127,.F.);
#4022=ORIENTED_EDGE('',*,*,#3133,.F.);
#4023=ORIENTED_EDGE('',*,*,#3134,.T.);
#4024=ORIENTED_EDGE('',*,*,#3135,.T.);
#4025=ORIENTED_EDGE('',*,*,#3131,.F.);
#4026=ORIENTED_EDGE('',*,*,#3136,.F.);
#4027=ORIENTED_EDGE('',*,*,#3137,.T.);
#4028=ORIENTED_EDGE('',*,*,#3138,.T.);
#4029=ORIENTED_EDGE('',*,*,#3134,.F.);
#4030=ORIENTED_EDGE('',*,*,#3139,.F.);
#4031=ORIENTED_EDGE('',*,*,#3140,.T.);
#4032=ORIENTED_EDGE('',*,*,#3141,.T.);
#4033=ORIENTED_EDGE('',*,*,#3137,.F.);
#4034=ORIENTED_EDGE('',*,*,#3142,.F.);
#4035=ORIENTED_EDGE('',*,*,#3129,.T.);
#4036=ORIENTED_EDGE('',*,*,#3143,.T.);
#4037=ORIENTED_EDGE('',*,*,#3140,.F.);
#4038=ORIENTED_EDGE('',*,*,#3143,.F.);
#4039=ORIENTED_EDGE('',*,*,#3128,.F.);
#4040=ORIENTED_EDGE('',*,*,#3132,.F.);
#4041=ORIENTED_EDGE('',*,*,#3135,.F.);
#4042=ORIENTED_EDGE('',*,*,#3138,.F.);
#4043=ORIENTED_EDGE('',*,*,#3141,.F.);
#4044=ORIENTED_EDGE('',*,*,#3144,.F.);
#4045=ORIENTED_EDGE('',*,*,#3145,.F.);
#4046=ORIENTED_EDGE('',*,*,#3146,.T.);
#4047=ORIENTED_EDGE('',*,*,#3147,.T.);
#4048=ORIENTED_EDGE('',*,*,#3148,.F.);
#4049=ORIENTED_EDGE('',*,*,#3149,.F.);
#4050=ORIENTED_EDGE('',*,*,#3150,.T.);
#4051=ORIENTED_EDGE('',*,*,#3151,.T.);
#4052=ORIENTED_EDGE('',*,*,#3146,.F.);
#4053=ORIENTED_EDGE('',*,*,#3152,.F.);
#4054=ORIENTED_EDGE('',*,*,#3153,.T.);
#4055=ORIENTED_EDGE('',*,*,#3154,.T.);
#4056=ORIENTED_EDGE('',*,*,#3150,.F.);
#4057=ORIENTED_EDGE('',*,*,#3155,.F.);
#4058=ORIENTED_EDGE('',*,*,#3156,.T.);
#4059=ORIENTED_EDGE('',*,*,#3157,.T.);
#4060=ORIENTED_EDGE('',*,*,#3153,.F.);
#4061=ORIENTED_EDGE('',*,*,#3158,.F.);
#4062=ORIENTED_EDGE('',*,*,#3159,.T.);
#4063=ORIENTED_EDGE('',*,*,#3160,.T.);
#4064=ORIENTED_EDGE('',*,*,#3156,.F.);
#4065=ORIENTED_EDGE('',*,*,#3161,.F.);
#4066=ORIENTED_EDGE('',*,*,#3148,.T.);
#4067=ORIENTED_EDGE('',*,*,#3162,.T.);
#4068=ORIENTED_EDGE('',*,*,#3159,.F.);
#4069=ORIENTED_EDGE('',*,*,#3162,.F.);
#4070=ORIENTED_EDGE('',*,*,#3147,.F.);
#4071=ORIENTED_EDGE('',*,*,#3151,.F.);
#4072=ORIENTED_EDGE('',*,*,#3154,.F.);
#4073=ORIENTED_EDGE('',*,*,#3157,.F.);
#4074=ORIENTED_EDGE('',*,*,#3160,.F.);
#4075=ORIENTED_EDGE('',*,*,#3163,.F.);
#4076=ORIENTED_EDGE('',*,*,#3164,.F.);
#4077=ORIENTED_EDGE('',*,*,#3165,.T.);
#4078=ORIENTED_EDGE('',*,*,#3166,.T.);
#4079=ORIENTED_EDGE('',*,*,#3167,.F.);
#4080=ORIENTED_EDGE('',*,*,#3168,.F.);
#4081=ORIENTED_EDGE('',*,*,#3169,.T.);
#4082=ORIENTED_EDGE('',*,*,#3170,.T.);
#4083=ORIENTED_EDGE('',*,*,#3165,.F.);
#4084=ORIENTED_EDGE('',*,*,#3171,.F.);
#4085=ORIENTED_EDGE('',*,*,#3172,.T.);
#4086=ORIENTED_EDGE('',*,*,#3173,.T.);
#4087=ORIENTED_EDGE('',*,*,#3169,.F.);
#4088=ORIENTED_EDGE('',*,*,#3174,.F.);
#4089=ORIENTED_EDGE('',*,*,#3175,.T.);
#4090=ORIENTED_EDGE('',*,*,#3176,.T.);
#4091=ORIENTED_EDGE('',*,*,#3172,.F.);
#4092=ORIENTED_EDGE('',*,*,#3177,.F.);
#4093=ORIENTED_EDGE('',*,*,#3178,.T.);
#4094=ORIENTED_EDGE('',*,*,#3179,.T.);
#4095=ORIENTED_EDGE('',*,*,#3175,.F.);
#4096=ORIENTED_EDGE('',*,*,#3180,.F.);
#4097=ORIENTED_EDGE('',*,*,#3167,.T.);
#4098=ORIENTED_EDGE('',*,*,#3181,.T.);
#4099=ORIENTED_EDGE('',*,*,#3178,.F.);
#4100=ORIENTED_EDGE('',*,*,#3181,.F.);
#4101=ORIENTED_EDGE('',*,*,#3166,.F.);
#4102=ORIENTED_EDGE('',*,*,#3170,.F.);
#4103=ORIENTED_EDGE('',*,*,#3173,.F.);
#4104=ORIENTED_EDGE('',*,*,#3176,.F.);
#4105=ORIENTED_EDGE('',*,*,#3179,.F.);
#4106=ORIENTED_EDGE('',*,*,#3182,.F.);
#4107=ORIENTED_EDGE('',*,*,#3183,.F.);
#4108=ORIENTED_EDGE('',*,*,#3184,.T.);
#4109=ORIENTED_EDGE('',*,*,#3185,.T.);
#4110=ORIENTED_EDGE('',*,*,#3186,.F.);
#4111=ORIENTED_EDGE('',*,*,#3187,.F.);
#4112=ORIENTED_EDGE('',*,*,#3188,.T.);
#4113=ORIENTED_EDGE('',*,*,#3189,.T.);
#4114=ORIENTED_EDGE('',*,*,#3184,.F.);
#4115=ORIENTED_EDGE('',*,*,#3190,.F.);
#4116=ORIENTED_EDGE('',*,*,#3191,.T.);
#4117=ORIENTED_EDGE('',*,*,#3192,.T.);
#4118=ORIENTED_EDGE('',*,*,#3188,.F.);
#4119=ORIENTED_EDGE('',*,*,#3193,.F.);
#4120=ORIENTED_EDGE('',*,*,#3194,.T.);
#4121=ORIENTED_EDGE('',*,*,#3195,.T.);
#4122=ORIENTED_EDGE('',*,*,#3191,.F.);
#4123=ORIENTED_EDGE('',*,*,#3196,.F.);
#4124=ORIENTED_EDGE('',*,*,#3197,.T.);
#4125=ORIENTED_EDGE('',*,*,#3198,.T.);
#4126=ORIENTED_EDGE('',*,*,#3194,.F.);
#4127=ORIENTED_EDGE('',*,*,#3199,.F.);
#4128=ORIENTED_EDGE('',*,*,#3186,.T.);
#4129=ORIENTED_EDGE('',*,*,#3200,.T.);
#4130=ORIENTED_EDGE('',*,*,#3197,.F.);
#4131=ORIENTED_EDGE('',*,*,#3200,.F.);
#4132=ORIENTED_EDGE('',*,*,#3185,.F.);
#4133=ORIENTED_EDGE('',*,*,#3189,.F.);
#4134=ORIENTED_EDGE('',*,*,#3192,.F.);
#4135=ORIENTED_EDGE('',*,*,#3195,.F.);
#4136=ORIENTED_EDGE('',*,*,#3198,.F.);
#4137=ORIENTED_EDGE('',*,*,#3201,.F.);
#4138=ORIENTED_EDGE('',*,*,#3202,.F.);
#4139=ORIENTED_EDGE('',*,*,#3203,.T.);
#4140=ORIENTED_EDGE('',*,*,#3204,.T.);
#4141=ORIENTED_EDGE('',*,*,#3205,.F.);
#4142=ORIENTED_EDGE('',*,*,#3206,.F.);
#4143=ORIENTED_EDGE('',*,*,#3207,.T.);
#4144=ORIENTED_EDGE('',*,*,#3208,.T.);
#4145=ORIENTED_EDGE('',*,*,#3203,.F.);
#4146=ORIENTED_EDGE('',*,*,#3209,.F.);
#4147=ORIENTED_EDGE('',*,*,#3210,.T.);
#4148=ORIENTED_EDGE('',*,*,#3211,.T.);
#4149=ORIENTED_EDGE('',*,*,#3207,.F.);
#4150=ORIENTED_EDGE('',*,*,#3212,.F.);
#4151=ORIENTED_EDGE('',*,*,#3213,.T.);
#4152=ORIENTED_EDGE('',*,*,#3214,.T.);
#4153=ORIENTED_EDGE('',*,*,#3210,.F.);
#4154=ORIENTED_EDGE('',*,*,#3215,.F.);
#4155=ORIENTED_EDGE('',*,*,#3216,.T.);
#4156=ORIENTED_EDGE('',*,*,#3217,.T.);
#4157=ORIENTED_EDGE('',*,*,#3213,.F.);
#4158=ORIENTED_EDGE('',*,*,#3218,.F.);
#4159=ORIENTED_EDGE('',*,*,#3205,.T.);
#4160=ORIENTED_EDGE('',*,*,#3219,.T.);
#4161=ORIENTED_EDGE('',*,*,#3216,.F.);
#4162=ORIENTED_EDGE('',*,*,#3219,.F.);
#4163=ORIENTED_EDGE('',*,*,#3204,.F.);
#4164=ORIENTED_EDGE('',*,*,#3208,.F.);
#4165=ORIENTED_EDGE('',*,*,#3211,.F.);
#4166=ORIENTED_EDGE('',*,*,#3214,.F.);
#4167=ORIENTED_EDGE('',*,*,#3217,.F.);
#4168=ORIENTED_EDGE('',*,*,#3220,.F.);
#4169=ORIENTED_EDGE('',*,*,#3221,.F.);
#4170=ORIENTED_EDGE('',*,*,#3222,.T.);
#4171=ORIENTED_EDGE('',*,*,#3223,.T.);
#4172=ORIENTED_EDGE('',*,*,#3224,.F.);
#4173=ORIENTED_EDGE('',*,*,#3225,.F.);
#4174=ORIENTED_EDGE('',*,*,#3226,.T.);
#4175=ORIENTED_EDGE('',*,*,#3227,.T.);
#4176=ORIENTED_EDGE('',*,*,#3222,.F.);
#4177=ORIENTED_EDGE('',*,*,#3228,.F.);
#4178=ORIENTED_EDGE('',*,*,#3229,.T.);
#4179=ORIENTED_EDGE('',*,*,#3230,.T.);
#4180=ORIENTED_EDGE('',*,*,#3226,.F.);
#4181=ORIENTED_EDGE('',*,*,#3231,.F.);
#4182=ORIENTED_EDGE('',*,*,#3232,.T.);
#4183=ORIENTED_EDGE('',*,*,#3233,.T.);
#4184=ORIENTED_EDGE('',*,*,#3229,.F.);
#4185=ORIENTED_EDGE('',*,*,#3234,.F.);
#4186=ORIENTED_EDGE('',*,*,#3235,.T.);
#4187=ORIENTED_EDGE('',*,*,#3236,.T.);
#4188=ORIENTED_EDGE('',*,*,#3232,.F.);
#4189=ORIENTED_EDGE('',*,*,#3237,.F.);
#4190=ORIENTED_EDGE('',*,*,#3224,.T.);
#4191=ORIENTED_EDGE('',*,*,#3238,.T.);
#4192=ORIENTED_EDGE('',*,*,#3235,.F.);
#4193=ORIENTED_EDGE('',*,*,#3238,.F.);
#4194=ORIENTED_EDGE('',*,*,#3223,.F.);
#4195=ORIENTED_EDGE('',*,*,#3227,.F.);
#4196=ORIENTED_EDGE('',*,*,#3230,.F.);
#4197=ORIENTED_EDGE('',*,*,#3233,.F.);
#4198=ORIENTED_EDGE('',*,*,#3236,.F.);
#4199=ORIENTED_EDGE('',*,*,#3239,.F.);
#4200=ORIENTED_EDGE('',*,*,#3240,.F.);
#4201=ORIENTED_EDGE('',*,*,#3241,.T.);
#4202=ORIENTED_EDGE('',*,*,#3242,.T.);
#4203=ORIENTED_EDGE('',*,*,#3243,.F.);
#4204=ORIENTED_EDGE('',*,*,#3244,.F.);
#4205=ORIENTED_EDGE('',*,*,#3245,.T.);
#4206=ORIENTED_EDGE('',*,*,#3246,.T.);
#4207=ORIENTED_EDGE('',*,*,#3241,.F.);
#4208=ORIENTED_EDGE('',*,*,#3247,.F.);
#4209=ORIENTED_EDGE('',*,*,#3248,.T.);
#4210=ORIENTED_EDGE('',*,*,#3249,.T.);
#4211=ORIENTED_EDGE('',*,*,#3245,.F.);
#4212=ORIENTED_EDGE('',*,*,#3250,.F.);
#4213=ORIENTED_EDGE('',*,*,#3251,.T.);
#4214=ORIENTED_EDGE('',*,*,#3252,.T.);
#4215=ORIENTED_EDGE('',*,*,#3248,.F.);
#4216=ORIENTED_EDGE('',*,*,#3253,.F.);
#4217=ORIENTED_EDGE('',*,*,#3254,.T.);
#4218=ORIENTED_EDGE('',*,*,#3255,.T.);
#4219=ORIENTED_EDGE('',*,*,#3251,.F.);
#4220=ORIENTED_EDGE('',*,*,#3256,.F.);
#4221=ORIENTED_EDGE('',*,*,#3243,.T.);
#4222=ORIENTED_EDGE('',*,*,#3257,.T.);
#4223=ORIENTED_EDGE('',*,*,#3254,.F.);
#4224=ORIENTED_EDGE('',*,*,#3257,.F.);
#4225=ORIENTED_EDGE('',*,*,#3242,.F.);
#4226=ORIENTED_EDGE('',*,*,#3246,.F.);
#4227=ORIENTED_EDGE('',*,*,#3249,.F.);
#4228=ORIENTED_EDGE('',*,*,#3252,.F.);
#4229=ORIENTED_EDGE('',*,*,#3255,.F.);
#4230=ORIENTED_EDGE('',*,*,#3258,.F.);
#4231=ORIENTED_EDGE('',*,*,#3259,.F.);
#4232=ORIENTED_EDGE('',*,*,#3260,.T.);
#4233=ORIENTED_EDGE('',*,*,#3261,.T.);
#4234=ORIENTED_EDGE('',*,*,#3262,.F.);
#4235=ORIENTED_EDGE('',*,*,#3263,.F.);
#4236=ORIENTED_EDGE('',*,*,#3264,.T.);
#4237=ORIENTED_EDGE('',*,*,#3265,.T.);
#4238=ORIENTED_EDGE('',*,*,#3260,.F.);
#4239=ORIENTED_EDGE('',*,*,#3266,.F.);
#4240=ORIENTED_EDGE('',*,*,#3267,.T.);
#4241=ORIENTED_EDGE('',*,*,#3268,.T.);
#4242=ORIENTED_EDGE('',*,*,#3264,.F.);
#4243=ORIENTED_EDGE('',*,*,#3269,.F.);
#4244=ORIENTED_EDGE('',*,*,#3270,.T.);
#4245=ORIENTED_EDGE('',*,*,#3271,.T.);
#4246=ORIENTED_EDGE('',*,*,#3267,.F.);
#4247=ORIENTED_EDGE('',*,*,#3272,.F.);
#4248=ORIENTED_EDGE('',*,*,#3273,.T.);
#4249=ORIENTED_EDGE('',*,*,#3274,.T.);
#4250=ORIENTED_EDGE('',*,*,#3270,.F.);
#4251=ORIENTED_EDGE('',*,*,#3275,.F.);
#4252=ORIENTED_EDGE('',*,*,#3262,.T.);
#4253=ORIENTED_EDGE('',*,*,#3276,.T.);
#4254=ORIENTED_EDGE('',*,*,#3273,.F.);
#4255=ORIENTED_EDGE('',*,*,#3276,.F.);
#4256=ORIENTED_EDGE('',*,*,#3261,.F.);
#4257=ORIENTED_EDGE('',*,*,#3265,.F.);
#4258=ORIENTED_EDGE('',*,*,#3268,.F.);
#4259=ORIENTED_EDGE('',*,*,#3271,.F.);
#4260=ORIENTED_EDGE('',*,*,#3274,.F.);
#4261=ORIENTED_EDGE('',*,*,#3277,.F.);
#4262=ORIENTED_EDGE('',*,*,#3278,.F.);
#4263=ORIENTED_EDGE('',*,*,#3279,.T.);
#4264=ORIENTED_EDGE('',*,*,#3280,.T.);
#4265=ORIENTED_EDGE('',*,*,#3281,.F.);
#4266=ORIENTED_EDGE('',*,*,#3282,.F.);
#4267=ORIENTED_EDGE('',*,*,#3283,.T.);
#4268=ORIENTED_EDGE('',*,*,#3284,.T.);
#4269=ORIENTED_EDGE('',*,*,#3279,.F.);
#4270=ORIENTED_EDGE('',*,*,#3285,.F.);
#4271=ORIENTED_EDGE('',*,*,#3286,.T.);
#4272=ORIENTED_EDGE('',*,*,#3287,.T.);
#4273=ORIENTED_EDGE('',*,*,#3283,.F.);
#4274=ORIENTED_EDGE('',*,*,#3288,.F.);
#4275=ORIENTED_EDGE('',*,*,#3289,.T.);
#4276=ORIENTED_EDGE('',*,*,#3290,.T.);
#4277=ORIENTED_EDGE('',*,*,#3286,.F.);
#4278=ORIENTED_EDGE('',*,*,#3291,.F.);
#4279=ORIENTED_EDGE('',*,*,#3292,.T.);
#4280=ORIENTED_EDGE('',*,*,#3293,.T.);
#4281=ORIENTED_EDGE('',*,*,#3289,.F.);
#4282=ORIENTED_EDGE('',*,*,#3294,.F.);
#4283=ORIENTED_EDGE('',*,*,#3281,.T.);
#4284=ORIENTED_EDGE('',*,*,#3295,.T.);
#4285=ORIENTED_EDGE('',*,*,#3292,.F.);
#4286=ORIENTED_EDGE('',*,*,#3295,.F.);
#4287=ORIENTED_EDGE('',*,*,#3280,.F.);
#4288=ORIENTED_EDGE('',*,*,#3284,.F.);
#4289=ORIENTED_EDGE('',*,*,#3287,.F.);
#4290=ORIENTED_EDGE('',*,*,#3290,.F.);
#4291=ORIENTED_EDGE('',*,*,#3293,.F.);
#4292=ORIENTED_EDGE('',*,*,#3296,.F.);
#4293=ORIENTED_EDGE('',*,*,#3297,.F.);
#4294=ORIENTED_EDGE('',*,*,#3298,.T.);
#4295=ORIENTED_EDGE('',*,*,#3299,.T.);
#4296=ORIENTED_EDGE('',*,*,#3300,.F.);
#4297=ORIENTED_EDGE('',*,*,#3301,.F.);
#4298=ORIENTED_EDGE('',*,*,#3302,.T.);
#4299=ORIENTED_EDGE('',*,*,#3303,.T.);
#4300=ORIENTED_EDGE('',*,*,#3298,.F.);
#4301=ORIENTED_EDGE('',*,*,#3304,.F.);
#4302=ORIENTED_EDGE('',*,*,#3305,.T.);
#4303=ORIENTED_EDGE('',*,*,#3306,.T.);
#4304=ORIENTED_EDGE('',*,*,#3302,.F.);
#4305=ORIENTED_EDGE('',*,*,#3307,.F.);
#4306=ORIENTED_EDGE('',*,*,#3308,.T.);
#4307=ORIENTED_EDGE('',*,*,#3309,.T.);
#4308=ORIENTED_EDGE('',*,*,#3305,.F.);
#4309=ORIENTED_EDGE('',*,*,#3310,.F.);
#4310=ORIENTED_EDGE('',*,*,#3311,.T.);
#4311=ORIENTED_EDGE('',*,*,#3312,.T.);
#4312=ORIENTED_EDGE('',*,*,#3308,.F.);
#4313=ORIENTED_EDGE('',*,*,#3313,.F.);
#4314=ORIENTED_EDGE('',*,*,#3300,.T.);
#4315=ORIENTED_EDGE('',*,*,#3314,.T.);
#4316=ORIENTED_EDGE('',*,*,#3311,.F.);
#4317=ORIENTED_EDGE('',*,*,#3314,.F.);
#4318=ORIENTED_EDGE('',*,*,#3299,.F.);
#4319=ORIENTED_EDGE('',*,*,#3303,.F.);
#4320=ORIENTED_EDGE('',*,*,#3306,.F.);
#4321=ORIENTED_EDGE('',*,*,#3309,.F.);
#4322=ORIENTED_EDGE('',*,*,#3312,.F.);
#4323=ORIENTED_EDGE('',*,*,#3315,.F.);
#4324=ORIENTED_EDGE('',*,*,#3316,.F.);
#4325=ORIENTED_EDGE('',*,*,#3317,.T.);
#4326=ORIENTED_EDGE('',*,*,#3318,.T.);
#4327=ORIENTED_EDGE('',*,*,#3319,.F.);
#4328=ORIENTED_EDGE('',*,*,#3320,.F.);
#4329=ORIENTED_EDGE('',*,*,#3321,.T.);
#4330=ORIENTED_EDGE('',*,*,#3322,.T.);
#4331=ORIENTED_EDGE('',*,*,#3317,.F.);
#4332=ORIENTED_EDGE('',*,*,#3323,.F.);
#4333=ORIENTED_EDGE('',*,*,#3324,.T.);
#4334=ORIENTED_EDGE('',*,*,#3325,.T.);
#4335=ORIENTED_EDGE('',*,*,#3321,.F.);
#4336=ORIENTED_EDGE('',*,*,#3326,.F.);
#4337=ORIENTED_EDGE('',*,*,#3327,.T.);
#4338=ORIENTED_EDGE('',*,*,#3328,.T.);
#4339=ORIENTED_EDGE('',*,*,#3324,.F.);
#4340=ORIENTED_EDGE('',*,*,#3329,.F.);
#4341=ORIENTED_EDGE('',*,*,#3330,.T.);
#4342=ORIENTED_EDGE('',*,*,#3331,.T.);
#4343=ORIENTED_EDGE('',*,*,#3327,.F.);
#4344=ORIENTED_EDGE('',*,*,#3332,.F.);
#4345=ORIENTED_EDGE('',*,*,#3319,.T.);
#4346=ORIENTED_EDGE('',*,*,#3333,.T.);
#4347=ORIENTED_EDGE('',*,*,#3330,.F.);
#4348=ORIENTED_EDGE('',*,*,#3333,.F.);
#4349=ORIENTED_EDGE('',*,*,#3318,.F.);
#4350=ORIENTED_EDGE('',*,*,#3322,.F.);
#4351=ORIENTED_EDGE('',*,*,#3325,.F.);
#4352=ORIENTED_EDGE('',*,*,#3328,.F.);
#4353=ORIENTED_EDGE('',*,*,#3331,.F.);
#4354=ORIENTED_EDGE('',*,*,#3334,.F.);
#4355=ORIENTED_EDGE('',*,*,#3335,.F.);
#4356=ORIENTED_EDGE('',*,*,#3336,.T.);
#4357=ORIENTED_EDGE('',*,*,#3337,.T.);
#4358=ORIENTED_EDGE('',*,*,#3338,.F.);
#4359=ORIENTED_EDGE('',*,*,#3339,.F.);
#4360=ORIENTED_EDGE('',*,*,#3340,.T.);
#4361=ORIENTED_EDGE('',*,*,#3341,.T.);
#4362=ORIENTED_EDGE('',*,*,#3336,.F.);
#4363=ORIENTED_EDGE('',*,*,#3342,.F.);
#4364=ORIENTED_EDGE('',*,*,#3343,.T.);
#4365=ORIENTED_EDGE('',*,*,#3344,.T.);
#4366=ORIENTED_EDGE('',*,*,#3340,.F.);
#4367=ORIENTED_EDGE('',*,*,#3345,.F.);
#4368=ORIENTED_EDGE('',*,*,#3346,.T.);
#4369=ORIENTED_EDGE('',*,*,#3347,.T.);
#4370=ORIENTED_EDGE('',*,*,#3343,.F.);
#4371=ORIENTED_EDGE('',*,*,#3348,.F.);
#4372=ORIENTED_EDGE('',*,*,#3349,.T.);
#4373=ORIENTED_EDGE('',*,*,#3350,.T.);
#4374=ORIENTED_EDGE('',*,*,#3346,.F.);
#4375=ORIENTED_EDGE('',*,*,#3351,.F.);
#4376=ORIENTED_EDGE('',*,*,#3338,.T.);
#4377=ORIENTED_EDGE('',*,*,#3352,.T.);
#4378=ORIENTED_EDGE('',*,*,#3349,.F.);
#4379=ORIENTED_EDGE('',*,*,#3352,.F.);
#4380=ORIENTED_EDGE('',*,*,#3337,.F.);
#4381=ORIENTED_EDGE('',*,*,#3341,.F.);
#4382=ORIENTED_EDGE('',*,*,#3344,.F.);
#4383=ORIENTED_EDGE('',*,*,#3347,.F.);
#4384=ORIENTED_EDGE('',*,*,#3350,.F.);
#4385=ORIENTED_EDGE('',*,*,#3353,.F.);
#4386=ORIENTED_EDGE('',*,*,#3354,.F.);
#4387=ORIENTED_EDGE('',*,*,#3355,.T.);
#4388=ORIENTED_EDGE('',*,*,#3356,.T.);
#4389=ORIENTED_EDGE('',*,*,#3357,.F.);
#4390=ORIENTED_EDGE('',*,*,#3358,.F.);
#4391=ORIENTED_EDGE('',*,*,#3359,.T.);
#4392=ORIENTED_EDGE('',*,*,#3360,.T.);
#4393=ORIENTED_EDGE('',*,*,#3355,.F.);
#4394=ORIENTED_EDGE('',*,*,#3361,.F.);
#4395=ORIENTED_EDGE('',*,*,#3362,.T.);
#4396=ORIENTED_EDGE('',*,*,#3363,.T.);
#4397=ORIENTED_EDGE('',*,*,#3359,.F.);
#4398=ORIENTED_EDGE('',*,*,#3364,.F.);
#4399=ORIENTED_EDGE('',*,*,#3365,.T.);
#4400=ORIENTED_EDGE('',*,*,#3366,.T.);
#4401=ORIENTED_EDGE('',*,*,#3362,.F.);
#4402=ORIENTED_EDGE('',*,*,#3367,.F.);
#4403=ORIENTED_EDGE('',*,*,#3368,.T.);
#4404=ORIENTED_EDGE('',*,*,#3369,.T.);
#4405=ORIENTED_EDGE('',*,*,#3365,.F.);
#4406=ORIENTED_EDGE('',*,*,#3370,.F.);
#4407=ORIENTED_EDGE('',*,*,#3357,.T.);
#4408=ORIENTED_EDGE('',*,*,#3371,.T.);
#4409=ORIENTED_EDGE('',*,*,#3368,.F.);
#4410=ORIENTED_EDGE('',*,*,#3371,.F.);
#4411=ORIENTED_EDGE('',*,*,#3356,.F.);
#4412=ORIENTED_EDGE('',*,*,#3360,.F.);
#4413=ORIENTED_EDGE('',*,*,#3363,.F.);
#4414=ORIENTED_EDGE('',*,*,#3366,.F.);
#4415=ORIENTED_EDGE('',*,*,#3369,.F.);
#4416=ORIENTED_EDGE('',*,*,#3372,.F.);
#4417=ORIENTED_EDGE('',*,*,#3373,.F.);
#4418=ORIENTED_EDGE('',*,*,#3374,.T.);
#4419=ORIENTED_EDGE('',*,*,#3375,.T.);
#4420=ORIENTED_EDGE('',*,*,#3376,.F.);
#4421=ORIENTED_EDGE('',*,*,#3377,.F.);
#4422=ORIENTED_EDGE('',*,*,#3378,.T.);
#4423=ORIENTED_EDGE('',*,*,#3379,.T.);
#4424=ORIENTED_EDGE('',*,*,#3374,.F.);
#4425=ORIENTED_EDGE('',*,*,#3380,.F.);
#4426=ORIENTED_EDGE('',*,*,#3381,.T.);
#4427=ORIENTED_EDGE('',*,*,#3382,.T.);
#4428=ORIENTED_EDGE('',*,*,#3378,.F.);
#4429=ORIENTED_EDGE('',*,*,#3383,.F.);
#4430=ORIENTED_EDGE('',*,*,#3384,.T.);
#4431=ORIENTED_EDGE('',*,*,#3385,.T.);
#4432=ORIENTED_EDGE('',*,*,#3381,.F.);
#4433=ORIENTED_EDGE('',*,*,#3386,.F.);
#4434=ORIENTED_EDGE('',*,*,#3387,.T.);
#4435=ORIENTED_EDGE('',*,*,#3388,.T.);
#4436=ORIENTED_EDGE('',*,*,#3384,.F.);
#4437=ORIENTED_EDGE('',*,*,#3389,.F.);
#4438=ORIENTED_EDGE('',*,*,#3376,.T.);
#4439=ORIENTED_EDGE('',*,*,#3390,.T.);
#4440=ORIENTED_EDGE('',*,*,#3387,.F.);
#4441=ORIENTED_EDGE('',*,*,#3390,.F.);
#4442=ORIENTED_EDGE('',*,*,#3375,.F.);
#4443=ORIENTED_EDGE('',*,*,#3379,.F.);
#4444=ORIENTED_EDGE('',*,*,#3382,.F.);
#4445=ORIENTED_EDGE('',*,*,#3385,.F.);
#4446=ORIENTED_EDGE('',*,*,#3388,.F.);
#4447=ORIENTED_EDGE('',*,*,#3391,.F.);
#4448=ORIENTED_EDGE('',*,*,#3392,.F.);
#4449=ORIENTED_EDGE('',*,*,#3393,.T.);
#4450=ORIENTED_EDGE('',*,*,#3394,.T.);
#4451=ORIENTED_EDGE('',*,*,#3395,.F.);
#4452=ORIENTED_EDGE('',*,*,#3396,.F.);
#4453=ORIENTED_EDGE('',*,*,#3397,.T.);
#4454=ORIENTED_EDGE('',*,*,#3398,.T.);
#4455=ORIENTED_EDGE('',*,*,#3393,.F.);
#4456=ORIENTED_EDGE('',*,*,#3399,.F.);
#4457=ORIENTED_EDGE('',*,*,#3400,.T.);
#4458=ORIENTED_EDGE('',*,*,#3401,.T.);
#4459=ORIENTED_EDGE('',*,*,#3397,.F.);
#4460=ORIENTED_EDGE('',*,*,#3402,.F.);
#4461=ORIENTED_EDGE('',*,*,#3403,.T.);
#4462=ORIENTED_EDGE('',*,*,#3404,.T.);
#4463=ORIENTED_EDGE('',*,*,#3400,.F.);
#4464=ORIENTED_EDGE('',*,*,#3405,.F.);
#4465=ORIENTED_EDGE('',*,*,#3406,.T.);
#4466=ORIENTED_EDGE('',*,*,#3407,.T.);
#4467=ORIENTED_EDGE('',*,*,#3403,.F.);
#4468=ORIENTED_EDGE('',*,*,#3408,.F.);
#4469=ORIENTED_EDGE('',*,*,#3395,.T.);
#4470=ORIENTED_EDGE('',*,*,#3409,.T.);
#4471=ORIENTED_EDGE('',*,*,#3406,.F.);
#4472=ORIENTED_EDGE('',*,*,#3409,.F.);
#4473=ORIENTED_EDGE('',*,*,#3394,.F.);
#4474=ORIENTED_EDGE('',*,*,#3398,.F.);
#4475=ORIENTED_EDGE('',*,*,#3401,.F.);
#4476=ORIENTED_EDGE('',*,*,#3404,.F.);
#4477=ORIENTED_EDGE('',*,*,#3407,.F.);
#4478=ORIENTED_EDGE('',*,*,#3410,.F.);
#4479=ORIENTED_EDGE('',*,*,#3411,.F.);
#4480=ORIENTED_EDGE('',*,*,#3412,.T.);
#4481=ORIENTED_EDGE('',*,*,#3413,.T.);
#4482=ORIENTED_EDGE('',*,*,#3414,.F.);
#4483=ORIENTED_EDGE('',*,*,#3415,.F.);
#4484=ORIENTED_EDGE('',*,*,#3416,.T.);
#4485=ORIENTED_EDGE('',*,*,#3417,.T.);
#4486=ORIENTED_EDGE('',*,*,#3412,.F.);
#4487=ORIENTED_EDGE('',*,*,#3418,.F.);
#4488=ORIENTED_EDGE('',*,*,#3419,.T.);
#4489=ORIENTED_EDGE('',*,*,#3420,.T.);
#4490=ORIENTED_EDGE('',*,*,#3416,.F.);
#4491=ORIENTED_EDGE('',*,*,#3421,.F.);
#4492=ORIENTED_EDGE('',*,*,#3422,.T.);
#4493=ORIENTED_EDGE('',*,*,#3423,.T.);
#4494=ORIENTED_EDGE('',*,*,#3419,.F.);
#4495=ORIENTED_EDGE('',*,*,#3424,.F.);
#4496=ORIENTED_EDGE('',*,*,#3425,.T.);
#4497=ORIENTED_EDGE('',*,*,#3426,.T.);
#4498=ORIENTED_EDGE('',*,*,#3422,.F.);
#4499=ORIENTED_EDGE('',*,*,#3427,.F.);
#4500=ORIENTED_EDGE('',*,*,#3414,.T.);
#4501=ORIENTED_EDGE('',*,*,#3428,.T.);
#4502=ORIENTED_EDGE('',*,*,#3425,.F.);
#4503=ORIENTED_EDGE('',*,*,#3428,.F.);
#4504=ORIENTED_EDGE('',*,*,#3413,.F.);
#4505=ORIENTED_EDGE('',*,*,#3417,.F.);
#4506=ORIENTED_EDGE('',*,*,#3420,.F.);
#4507=ORIENTED_EDGE('',*,*,#3423,.F.);
#4508=ORIENTED_EDGE('',*,*,#3426,.F.);
#4509=ORIENTED_EDGE('',*,*,#3429,.F.);
#4510=ORIENTED_EDGE('',*,*,#3430,.F.);
#4511=ORIENTED_EDGE('',*,*,#3431,.T.);
#4512=ORIENTED_EDGE('',*,*,#3432,.T.);
#4513=ORIENTED_EDGE('',*,*,#3433,.F.);
#4514=ORIENTED_EDGE('',*,*,#3434,.F.);
#4515=ORIENTED_EDGE('',*,*,#3435,.T.);
#4516=ORIENTED_EDGE('',*,*,#3436,.T.);
#4517=ORIENTED_EDGE('',*,*,#3431,.F.);
#4518=ORIENTED_EDGE('',*,*,#3437,.F.);
#4519=ORIENTED_EDGE('',*,*,#3438,.T.);
#4520=ORIENTED_EDGE('',*,*,#3439,.T.);
#4521=ORIENTED_EDGE('',*,*,#3435,.F.);
#4522=ORIENTED_EDGE('',*,*,#3440,.F.);
#4523=ORIENTED_EDGE('',*,*,#3441,.T.);
#4524=ORIENTED_EDGE('',*,*,#3442,.T.);
#4525=ORIENTED_EDGE('',*,*,#3438,.F.);
#4526=ORIENTED_EDGE('',*,*,#3443,.F.);
#4527=ORIENTED_EDGE('',*,*,#3444,.T.);
#4528=ORIENTED_EDGE('',*,*,#3445,.T.);
#4529=ORIENTED_EDGE('',*,*,#3441,.F.);
#4530=ORIENTED_EDGE('',*,*,#3446,.F.);
#4531=ORIENTED_EDGE('',*,*,#3433,.T.);
#4532=ORIENTED_EDGE('',*,*,#3447,.T.);
#4533=ORIENTED_EDGE('',*,*,#3444,.F.);
#4534=ORIENTED_EDGE('',*,*,#3447,.F.);
#4535=ORIENTED_EDGE('',*,*,#3432,.F.);
#4536=ORIENTED_EDGE('',*,*,#3436,.F.);
#4537=ORIENTED_EDGE('',*,*,#3439,.F.);
#4538=ORIENTED_EDGE('',*,*,#3442,.F.);
#4539=ORIENTED_EDGE('',*,*,#3445,.F.);
#4540=ORIENTED_EDGE('',*,*,#3448,.F.);
#4541=ORIENTED_EDGE('',*,*,#3449,.F.);
#4542=ORIENTED_EDGE('',*,*,#3450,.T.);
#4543=ORIENTED_EDGE('',*,*,#3451,.T.);
#4544=ORIENTED_EDGE('',*,*,#3452,.F.);
#4545=ORIENTED_EDGE('',*,*,#3453,.F.);
#4546=ORIENTED_EDGE('',*,*,#3454,.T.);
#4547=ORIENTED_EDGE('',*,*,#3455,.T.);
#4548=ORIENTED_EDGE('',*,*,#3450,.F.);
#4549=ORIENTED_EDGE('',*,*,#3456,.F.);
#4550=ORIENTED_EDGE('',*,*,#3457,.T.);
#4551=ORIENTED_EDGE('',*,*,#3458,.T.);
#4552=ORIENTED_EDGE('',*,*,#3454,.F.);
#4553=ORIENTED_EDGE('',*,*,#3459,.F.);
#4554=ORIENTED_EDGE('',*,*,#3460,.T.);
#4555=ORIENTED_EDGE('',*,*,#3461,.T.);
#4556=ORIENTED_EDGE('',*,*,#3457,.F.);
#4557=ORIENTED_EDGE('',*,*,#3462,.F.);
#4558=ORIENTED_EDGE('',*,*,#3463,.T.);
#4559=ORIENTED_EDGE('',*,*,#3464,.T.);
#4560=ORIENTED_EDGE('',*,*,#3460,.F.);
#4561=ORIENTED_EDGE('',*,*,#3465,.F.);
#4562=ORIENTED_EDGE('',*,*,#3452,.T.);
#4563=ORIENTED_EDGE('',*,*,#3466,.T.);
#4564=ORIENTED_EDGE('',*,*,#3463,.F.);
#4565=ORIENTED_EDGE('',*,*,#3466,.F.);
#4566=ORIENTED_EDGE('',*,*,#3451,.F.);
#4567=ORIENTED_EDGE('',*,*,#3455,.F.);
#4568=ORIENTED_EDGE('',*,*,#3458,.F.);
#4569=ORIENTED_EDGE('',*,*,#3461,.F.);
#4570=ORIENTED_EDGE('',*,*,#3464,.F.);
#4571=ORIENTED_EDGE('',*,*,#3467,.F.);
#4572=ORIENTED_EDGE('',*,*,#3468,.F.);
#4573=ORIENTED_EDGE('',*,*,#3469,.T.);
#4574=ORIENTED_EDGE('',*,*,#3470,.T.);
#4575=ORIENTED_EDGE('',*,*,#3471,.F.);
#4576=ORIENTED_EDGE('',*,*,#3472,.F.);
#4577=ORIENTED_EDGE('',*,*,#3473,.T.);
#4578=ORIENTED_EDGE('',*,*,#3474,.T.);
#4579=ORIENTED_EDGE('',*,*,#3469,.F.);
#4580=ORIENTED_EDGE('',*,*,#3475,.F.);
#4581=ORIENTED_EDGE('',*,*,#3476,.T.);
#4582=ORIENTED_EDGE('',*,*,#3477,.T.);
#4583=ORIENTED_EDGE('',*,*,#3473,.F.);
#4584=ORIENTED_EDGE('',*,*,#3478,.F.);
#4585=ORIENTED_EDGE('',*,*,#3479,.T.);
#4586=ORIENTED_EDGE('',*,*,#3480,.T.);
#4587=ORIENTED_EDGE('',*,*,#3476,.F.);
#4588=ORIENTED_EDGE('',*,*,#3481,.F.);
#4589=ORIENTED_EDGE('',*,*,#3482,.T.);
#4590=ORIENTED_EDGE('',*,*,#3483,.T.);
#4591=ORIENTED_EDGE('',*,*,#3479,.F.);
#4592=ORIENTED_EDGE('',*,*,#3484,.F.);
#4593=ORIENTED_EDGE('',*,*,#3471,.T.);
#4594=ORIENTED_EDGE('',*,*,#3485,.T.);
#4595=ORIENTED_EDGE('',*,*,#3482,.F.);
#4596=ORIENTED_EDGE('',*,*,#3485,.F.);
#4597=ORIENTED_EDGE('',*,*,#3470,.F.);
#4598=ORIENTED_EDGE('',*,*,#3474,.F.);
#4599=ORIENTED_EDGE('',*,*,#3477,.F.);
#4600=ORIENTED_EDGE('',*,*,#3480,.F.);
#4601=ORIENTED_EDGE('',*,*,#3483,.F.);
#4602=ORIENTED_EDGE('',*,*,#3486,.F.);
#4603=ORIENTED_EDGE('',*,*,#3487,.F.);
#4604=ORIENTED_EDGE('',*,*,#3488,.T.);
#4605=ORIENTED_EDGE('',*,*,#3489,.T.);
#4606=ORIENTED_EDGE('',*,*,#3490,.F.);
#4607=ORIENTED_EDGE('',*,*,#3491,.F.);
#4608=ORIENTED_EDGE('',*,*,#3492,.T.);
#4609=ORIENTED_EDGE('',*,*,#3493,.T.);
#4610=ORIENTED_EDGE('',*,*,#3488,.F.);
#4611=ORIENTED_EDGE('',*,*,#3494,.F.);
#4612=ORIENTED_EDGE('',*,*,#3495,.T.);
#4613=ORIENTED_EDGE('',*,*,#3496,.T.);
#4614=ORIENTED_EDGE('',*,*,#3492,.F.);
#4615=ORIENTED_EDGE('',*,*,#3497,.F.);
#4616=ORIENTED_EDGE('',*,*,#3498,.T.);
#4617=ORIENTED_EDGE('',*,*,#3499,.T.);
#4618=ORIENTED_EDGE('',*,*,#3495,.F.);
#4619=ORIENTED_EDGE('',*,*,#3500,.F.);
#4620=ORIENTED_EDGE('',*,*,#3501,.T.);
#4621=ORIENTED_EDGE('',*,*,#3502,.T.);
#4622=ORIENTED_EDGE('',*,*,#3498,.F.);
#4623=ORIENTED_EDGE('',*,*,#3503,.F.);
#4624=ORIENTED_EDGE('',*,*,#3490,.T.);
#4625=ORIENTED_EDGE('',*,*,#3504,.T.);
#4626=ORIENTED_EDGE('',*,*,#3501,.F.);
#4627=ORIENTED_EDGE('',*,*,#3504,.F.);
#4628=ORIENTED_EDGE('',*,*,#3489,.F.);
#4629=ORIENTED_EDGE('',*,*,#3493,.F.);
#4630=ORIENTED_EDGE('',*,*,#3496,.F.);
#4631=ORIENTED_EDGE('',*,*,#3499,.F.);
#4632=ORIENTED_EDGE('',*,*,#3502,.F.);
#4633=ORIENTED_EDGE('',*,*,#3505,.F.);
#4634=ORIENTED_EDGE('',*,*,#3506,.F.);
#4635=ORIENTED_EDGE('',*,*,#3507,.T.);
#4636=ORIENTED_EDGE('',*,*,#3508,.T.);
#4637=ORIENTED_EDGE('',*,*,#3509,.F.);
#4638=ORIENTED_EDGE('',*,*,#3510,.F.);
#4639=ORIENTED_EDGE('',*,*,#3511,.T.);
#4640=ORIENTED_EDGE('',*,*,#3512,.T.);
#4641=ORIENTED_EDGE('',*,*,#3507,.F.);
#4642=ORIENTED_EDGE('',*,*,#3513,.F.);
#4643=ORIENTED_EDGE('',*,*,#3514,.T.);
#4644=ORIENTED_EDGE('',*,*,#3515,.T.);
#4645=ORIENTED_EDGE('',*,*,#3511,.F.);
#4646=ORIENTED_EDGE('',*,*,#3516,.F.);
#4647=ORIENTED_EDGE('',*,*,#3517,.T.);
#4648=ORIENTED_EDGE('',*,*,#3518,.T.);
#4649=ORIENTED_EDGE('',*,*,#3514,.F.);
#4650=ORIENTED_EDGE('',*,*,#3519,.F.);
#4651=ORIENTED_EDGE('',*,*,#3520,.T.);
#4652=ORIENTED_EDGE('',*,*,#3521,.T.);
#4653=ORIENTED_EDGE('',*,*,#3517,.F.);
#4654=ORIENTED_EDGE('',*,*,#3522,.F.);
#4655=ORIENTED_EDGE('',*,*,#3509,.T.);
#4656=ORIENTED_EDGE('',*,*,#3523,.T.);
#4657=ORIENTED_EDGE('',*,*,#3520,.F.);
#4658=ORIENTED_EDGE('',*,*,#3523,.F.);
#4659=ORIENTED_EDGE('',*,*,#3508,.F.);
#4660=ORIENTED_EDGE('',*,*,#3512,.F.);
#4661=ORIENTED_EDGE('',*,*,#3515,.F.);
#4662=ORIENTED_EDGE('',*,*,#3518,.F.);
#4663=ORIENTED_EDGE('',*,*,#3521,.F.);
#4664=ORIENTED_EDGE('',*,*,#3524,.F.);
#4665=ORIENTED_EDGE('',*,*,#3525,.F.);
#4666=ORIENTED_EDGE('',*,*,#3526,.T.);
#4667=ORIENTED_EDGE('',*,*,#3527,.T.);
#4668=ORIENTED_EDGE('',*,*,#3528,.F.);
#4669=ORIENTED_EDGE('',*,*,#3529,.F.);
#4670=ORIENTED_EDGE('',*,*,#3530,.T.);
#4671=ORIENTED_EDGE('',*,*,#3531,.T.);
#4672=ORIENTED_EDGE('',*,*,#3526,.F.);
#4673=ORIENTED_EDGE('',*,*,#3532,.F.);
#4674=ORIENTED_EDGE('',*,*,#3533,.T.);
#4675=ORIENTED_EDGE('',*,*,#3534,.T.);
#4676=ORIENTED_EDGE('',*,*,#3530,.F.);
#4677=ORIENTED_EDGE('',*,*,#3535,.F.);
#4678=ORIENTED_EDGE('',*,*,#3536,.T.);
#4679=ORIENTED_EDGE('',*,*,#3537,.T.);
#4680=ORIENTED_EDGE('',*,*,#3533,.F.);
#4681=ORIENTED_EDGE('',*,*,#3538,.F.);
#4682=ORIENTED_EDGE('',*,*,#3539,.T.);
#4683=ORIENTED_EDGE('',*,*,#3540,.T.);
#4684=ORIENTED_EDGE('',*,*,#3536,.F.);
#4685=ORIENTED_EDGE('',*,*,#3541,.F.);
#4686=ORIENTED_EDGE('',*,*,#3528,.T.);
#4687=ORIENTED_EDGE('',*,*,#3542,.T.);
#4688=ORIENTED_EDGE('',*,*,#3539,.F.);
#4689=ORIENTED_EDGE('',*,*,#3542,.F.);
#4690=ORIENTED_EDGE('',*,*,#3527,.F.);
#4691=ORIENTED_EDGE('',*,*,#3531,.F.);
#4692=ORIENTED_EDGE('',*,*,#3534,.F.);
#4693=ORIENTED_EDGE('',*,*,#3537,.F.);
#4694=ORIENTED_EDGE('',*,*,#3540,.F.);
#4695=ORIENTED_EDGE('',*,*,#3543,.F.);
#4696=ORIENTED_EDGE('',*,*,#3544,.F.);
#4697=ORIENTED_EDGE('',*,*,#3545,.T.);
#4698=ORIENTED_EDGE('',*,*,#3546,.T.);
#4699=ORIENTED_EDGE('',*,*,#3547,.F.);
#4700=ORIENTED_EDGE('',*,*,#3548,.F.);
#4701=ORIENTED_EDGE('',*,*,#3549,.T.);
#4702=ORIENTED_EDGE('',*,*,#3550,.T.);
#4703=ORIENTED_EDGE('',*,*,#3545,.F.);
#4704=ORIENTED_EDGE('',*,*,#3551,.F.);
#4705=ORIENTED_EDGE('',*,*,#3552,.T.);
#4706=ORIENTED_EDGE('',*,*,#3553,.T.);
#4707=ORIENTED_EDGE('',*,*,#3549,.F.);
#4708=ORIENTED_EDGE('',*,*,#3554,.F.);
#4709=ORIENTED_EDGE('',*,*,#3555,.T.);
#4710=ORIENTED_EDGE('',*,*,#3556,.T.);
#4711=ORIENTED_EDGE('',*,*,#3552,.F.);
#4712=ORIENTED_EDGE('',*,*,#3557,.F.);
#4713=ORIENTED_EDGE('',*,*,#3558,.T.);
#4714=ORIENTED_EDGE('',*,*,#3559,.T.);
#4715=ORIENTED_EDGE('',*,*,#3555,.F.);
#4716=ORIENTED_EDGE('',*,*,#3560,.F.);
#4717=ORIENTED_EDGE('',*,*,#3547,.T.);
#4718=ORIENTED_EDGE('',*,*,#3561,.T.);
#4719=ORIENTED_EDGE('',*,*,#3558,.F.);
#4720=ORIENTED_EDGE('',*,*,#3561,.F.);
#4721=ORIENTED_EDGE('',*,*,#3546,.F.);
#4722=ORIENTED_EDGE('',*,*,#3550,.F.);
#4723=ORIENTED_EDGE('',*,*,#3553,.F.);
#4724=ORIENTED_EDGE('',*,*,#3556,.F.);
#4725=ORIENTED_EDGE('',*,*,#3559,.F.);
#4726=ORIENTED_EDGE('',*,*,#3562,.F.);
#4727=ORIENTED_EDGE('',*,*,#3562,.T.);
#4728=ORIENTED_EDGE('',*,*,#3563,.T.);
#4729=ORIENTED_EDGE('',*,*,#3564,.F.);
#4730=ORIENTED_EDGE('',*,*,#3563,.F.);
#4731=ORIENTED_EDGE('',*,*,#3391,.T.);
#4732=ORIENTED_EDGE('',*,*,#3565,.T.);
#4733=ORIENTED_EDGE('',*,*,#3566,.F.);
#4734=ORIENTED_EDGE('',*,*,#3565,.F.);
#4735=ORIENTED_EDGE('',*,*,#3410,.T.);
#4736=ORIENTED_EDGE('',*,*,#3567,.T.);
#4737=ORIENTED_EDGE('',*,*,#3568,.F.);
#4738=ORIENTED_EDGE('',*,*,#3567,.F.);
#4739=ORIENTED_EDGE('',*,*,#3315,.T.);
#4740=ORIENTED_EDGE('',*,*,#3569,.T.);
#4741=ORIENTED_EDGE('',*,*,#3570,.F.);
#4742=ORIENTED_EDGE('',*,*,#3569,.F.);
#4743=ORIENTED_EDGE('',*,*,#3220,.T.);
#4744=ORIENTED_EDGE('',*,*,#3571,.T.);
#4745=ORIENTED_EDGE('',*,*,#3572,.F.);
#4746=ORIENTED_EDGE('',*,*,#3571,.F.);
#4747=ORIENTED_EDGE('',*,*,#3353,.T.);
#4748=ORIENTED_EDGE('',*,*,#3573,.T.);
#4749=ORIENTED_EDGE('',*,*,#3574,.F.);
#4750=ORIENTED_EDGE('',*,*,#3573,.F.);
#4751=ORIENTED_EDGE('',*,*,#3448,.T.);
#4752=ORIENTED_EDGE('',*,*,#3575,.T.);
#4753=ORIENTED_EDGE('',*,*,#3576,.F.);
#4754=ORIENTED_EDGE('',*,*,#3575,.F.);
#4755=ORIENTED_EDGE('',*,*,#3296,.T.);
#4756=ORIENTED_EDGE('',*,*,#3577,.T.);
#4757=ORIENTED_EDGE('',*,*,#3578,.F.);
#4758=ORIENTED_EDGE('',*,*,#3577,.F.);
#4759=ORIENTED_EDGE('',*,*,#3372,.T.);
#4760=ORIENTED_EDGE('',*,*,#3579,.T.);
#4761=ORIENTED_EDGE('',*,*,#3580,.F.);
#4762=ORIENTED_EDGE('',*,*,#3579,.F.);
#4763=ORIENTED_EDGE('',*,*,#3182,.T.);
#4764=ORIENTED_EDGE('',*,*,#3581,.T.);
#4765=ORIENTED_EDGE('',*,*,#3582,.F.);
#4766=ORIENTED_EDGE('',*,*,#3581,.F.);
#4767=ORIENTED_EDGE('',*,*,#3125,.T.);
#4768=ORIENTED_EDGE('',*,*,#3583,.T.);
#4769=ORIENTED_EDGE('',*,*,#3584,.F.);
#4770=ORIENTED_EDGE('',*,*,#3583,.F.);
#4771=ORIENTED_EDGE('',*,*,#3277,.T.);
#4772=ORIENTED_EDGE('',*,*,#3585,.T.);
#4773=ORIENTED_EDGE('',*,*,#3586,.F.);
#4774=ORIENTED_EDGE('',*,*,#3585,.F.);
#4775=ORIENTED_EDGE('',*,*,#3334,.T.);
#4776=ORIENTED_EDGE('',*,*,#3587,.T.);
#4777=ORIENTED_EDGE('',*,*,#3588,.F.);
#4778=ORIENTED_EDGE('',*,*,#3587,.F.);
#4779=ORIENTED_EDGE('',*,*,#3144,.T.);
#4780=ORIENTED_EDGE('',*,*,#3589,.T.);
#4781=ORIENTED_EDGE('',*,*,#3590,.F.);
#4782=ORIENTED_EDGE('',*,*,#3589,.F.);
#4783=ORIENTED_EDGE('',*,*,#3486,.T.);
#4784=ORIENTED_EDGE('',*,*,#3591,.T.);
#4785=ORIENTED_EDGE('',*,*,#3592,.F.);
#4786=ORIENTED_EDGE('',*,*,#3591,.F.);
#4787=ORIENTED_EDGE('',*,*,#3163,.T.);
#4788=ORIENTED_EDGE('',*,*,#3593,.T.);
#4789=ORIENTED_EDGE('',*,*,#3594,.F.);
#4790=ORIENTED_EDGE('',*,*,#3593,.F.);
#4791=ORIENTED_EDGE('',*,*,#3429,.T.);
#4792=ORIENTED_EDGE('',*,*,#3595,.T.);
#4793=ORIENTED_EDGE('',*,*,#3596,.F.);
#4794=ORIENTED_EDGE('',*,*,#3595,.F.);
#4795=ORIENTED_EDGE('',*,*,#3543,.T.);
#4796=ORIENTED_EDGE('',*,*,#3597,.T.);
#4797=ORIENTED_EDGE('',*,*,#3598,.F.);
#4798=ORIENTED_EDGE('',*,*,#3597,.F.);
#4799=ORIENTED_EDGE('',*,*,#3467,.T.);
#4800=ORIENTED_EDGE('',*,*,#3599,.T.);
#4801=ORIENTED_EDGE('',*,*,#3600,.F.);
#4802=ORIENTED_EDGE('',*,*,#3599,.F.);
#4803=ORIENTED_EDGE('',*,*,#3524,.T.);
#4804=ORIENTED_EDGE('',*,*,#3601,.T.);
#4805=ORIENTED_EDGE('',*,*,#3602,.F.);
#4806=ORIENTED_EDGE('',*,*,#3601,.F.);
#4807=ORIENTED_EDGE('',*,*,#3201,.T.);
#4808=ORIENTED_EDGE('',*,*,#3603,.T.);
#4809=ORIENTED_EDGE('',*,*,#3604,.F.);
#4810=ORIENTED_EDGE('',*,*,#3603,.F.);
#4811=ORIENTED_EDGE('',*,*,#3239,.T.);
#4812=ORIENTED_EDGE('',*,*,#3605,.T.);
#4813=ORIENTED_EDGE('',*,*,#3606,.F.);
#4814=ORIENTED_EDGE('',*,*,#3605,.F.);
#4815=ORIENTED_EDGE('',*,*,#3258,.T.);
#4816=ORIENTED_EDGE('',*,*,#3607,.T.);
#4817=ORIENTED_EDGE('',*,*,#3608,.F.);
#4818=ORIENTED_EDGE('',*,*,#3607,.F.);
#4819=ORIENTED_EDGE('',*,*,#3505,.T.);
#4820=ORIENTED_EDGE('',*,*,#3609,.T.);
#4821=ORIENTED_EDGE('',*,*,#3610,.F.);
#4822=ORIENTED_EDGE('',*,*,#3609,.F.);
#4823=ORIENTED_EDGE('',*,*,#3106,.T.);
#4824=ORIENTED_EDGE('',*,*,#3611,.T.);
#4825=ORIENTED_EDGE('',*,*,#3612,.F.);
#4826=ORIENTED_EDGE('',*,*,#3611,.F.);
#4827=ORIENTED_EDGE('',*,*,#3613,.F.);
#4828=ORIENTED_EDGE('',*,*,#3614,.T.);
#4829=ORIENTED_EDGE('',*,*,#3615,.F.);
#4830=ORIENTED_EDGE('',*,*,#3616,.F.);
#4831=ORIENTED_EDGE('',*,*,#3617,.F.);
#4832=ORIENTED_EDGE('',*,*,#3618,.F.);
#4833=ORIENTED_EDGE('',*,*,#3619,.F.);
#4834=ORIENTED_EDGE('',*,*,#3620,.T.);
#4835=ORIENTED_EDGE('',*,*,#3621,.F.);
#4836=ORIENTED_EDGE('',*,*,#3620,.F.);
#4837=ORIENTED_EDGE('',*,*,#3622,.F.);
#4838=ORIENTED_EDGE('',*,*,#3614,.F.);
#4839=ORIENTED_EDGE('',*,*,#3615,.T.);
#4840=ORIENTED_EDGE('',*,*,#3622,.T.);
#4841=ORIENTED_EDGE('',*,*,#3619,.T.);
#4842=ORIENTED_EDGE('',*,*,#3623,.F.);
#4843=ORIENTED_EDGE('',*,*,#3624,.F.);
#4844=ORIENTED_EDGE('',*,*,#3625,.F.);
#4845=ORIENTED_EDGE('',*,*,#3626,.F.);
#4846=ORIENTED_EDGE('',*,*,#3627,.F.);
#4847=ORIENTED_EDGE('',*,*,#3628,.T.);
#4848=ORIENTED_EDGE('',*,*,#3629,.T.);
#4849=ORIENTED_EDGE('',*,*,#3630,.T.);
#4850=ORIENTED_EDGE('',*,*,#3631,.F.);
#4851=ORIENTED_EDGE('',*,*,#3618,.T.);
#4852=ORIENTED_EDGE('',*,*,#3632,.T.);
#4853=ORIENTED_EDGE('',*,*,#3633,.F.);
#4854=ORIENTED_EDGE('',*,*,#3634,.T.);
#4855=ORIENTED_EDGE('',*,*,#3635,.F.);
#4856=ORIENTED_EDGE('',*,*,#3636,.T.);
#4857=ORIENTED_EDGE('',*,*,#3637,.F.);
#4858=ORIENTED_EDGE('',*,*,#3638,.T.);
#4859=ORIENTED_EDGE('',*,*,#3639,.F.);
#4860=ORIENTED_EDGE('',*,*,#3640,.T.);
#4861=ORIENTED_EDGE('',*,*,#3641,.F.);
#4862=ORIENTED_EDGE('',*,*,#3642,.F.);
#4863=ORIENTED_EDGE('',*,*,#3643,.F.);
#4864=ORIENTED_EDGE('',*,*,#3644,.T.);
#4865=ORIENTED_EDGE('',*,*,#3645,.F.);
#4866=ORIENTED_EDGE('',*,*,#3646,.F.);
#4867=ORIENTED_EDGE('',*,*,#3647,.F.);
#4868=ORIENTED_EDGE('',*,*,#3648,.T.);
#4869=ORIENTED_EDGE('',*,*,#3649,.F.);
#4870=ORIENTED_EDGE('',*,*,#3623,.T.);
#4871=ORIENTED_EDGE('',*,*,#3616,.T.);
#4872=ORIENTED_EDGE('',*,*,#3631,.T.);
#4873=ORIENTED_EDGE('',*,*,#3650,.T.);
#4874=ORIENTED_EDGE('',*,*,#3651,.T.);
#4875=ORIENTED_EDGE('',*,*,#3652,.F.);
#4876=ORIENTED_EDGE('',*,*,#3627,.T.);
#4877=ORIENTED_EDGE('',*,*,#3653,.F.);
#4878=ORIENTED_EDGE('',*,*,#3654,.T.);
#4879=ORIENTED_EDGE('',*,*,#3655,.T.);
#4880=ORIENTED_EDGE('',*,*,#3656,.T.);
#4881=ORIENTED_EDGE('',*,*,#3657,.F.);
#4882=ORIENTED_EDGE('',*,*,#3658,.T.);
#4883=ORIENTED_EDGE('',*,*,#3659,.F.);
#4884=ORIENTED_EDGE('',*,*,#3660,.F.);
#4885=ORIENTED_EDGE('',*,*,#3661,.F.);
#4886=ORIENTED_EDGE('',*,*,#3662,.F.);
#4887=ORIENTED_EDGE('',*,*,#3663,.F.);
#4888=ORIENTED_EDGE('',*,*,#3664,.T.);
#4889=ORIENTED_EDGE('',*,*,#3662,.T.);
#4890=ORIENTED_EDGE('',*,*,#3665,.F.);
#4891=ORIENTED_EDGE('',*,*,#3666,.F.);
#4892=ORIENTED_EDGE('',*,*,#3667,.T.);
#4893=ORIENTED_EDGE('',*,*,#3668,.T.);
#4894=ORIENTED_EDGE('',*,*,#3669,.F.);
#4895=ORIENTED_EDGE('',*,*,#3670,.T.);
#4896=ORIENTED_EDGE('',*,*,#3671,.F.);
#4897=ORIENTED_EDGE('',*,*,#3672,.F.);
#4898=ORIENTED_EDGE('',*,*,#3673,.F.);
#4899=ORIENTED_EDGE('',*,*,#3674,.F.);
#4900=ORIENTED_EDGE('',*,*,#3656,.F.);
#4901=ORIENTED_EDGE('',*,*,#3675,.F.);
#4902=ORIENTED_EDGE('',*,*,#3676,.F.);
#4903=ORIENTED_EDGE('',*,*,#3677,.F.);
#4904=ORIENTED_EDGE('',*,*,#3678,.F.);
#4905=ORIENTED_EDGE('',*,*,#3679,.F.);
#4906=ORIENTED_EDGE('',*,*,#3680,.F.);
#4907=ORIENTED_EDGE('',*,*,#3681,.F.);
#4908=ORIENTED_EDGE('',*,*,#3668,.F.);
#4909=ORIENTED_EDGE('',*,*,#3681,.T.);
#4910=ORIENTED_EDGE('',*,*,#3682,.T.);
#4911=ORIENTED_EDGE('',*,*,#3683,.F.);
#4912=ORIENTED_EDGE('',*,*,#3669,.T.);
#4913=ORIENTED_EDGE('',*,*,#3684,.F.);
#4914=ORIENTED_EDGE('',*,*,#3685,.T.);
#4915=ORIENTED_EDGE('',*,*,#3686,.F.);
#4916=ORIENTED_EDGE('',*,*,#3687,.T.);
#4917=ORIENTED_EDGE('',*,*,#3654,.F.);
#4918=ORIENTED_EDGE('',*,*,#3688,.F.);
#4919=ORIENTED_EDGE('',*,*,#3689,.F.);
#4920=ORIENTED_EDGE('',*,*,#3690,.F.);
#4921=ORIENTED_EDGE('',*,*,#3691,.F.);
#4922=ORIENTED_EDGE('',*,*,#3692,.F.);
#4923=ORIENTED_EDGE('',*,*,#3682,.F.);
#4924=ORIENTED_EDGE('',*,*,#3680,.T.);
#4925=ORIENTED_EDGE('',*,*,#3693,.F.);
#4926=ORIENTED_EDGE('',*,*,#3694,.T.);
#4927=ORIENTED_EDGE('',*,*,#3695,.F.);
#4928=ORIENTED_EDGE('',*,*,#3660,.T.);
#4929=ORIENTED_EDGE('',*,*,#3696,.T.);
#4930=ORIENTED_EDGE('',*,*,#3676,.T.);
#4931=ORIENTED_EDGE('',*,*,#3697,.F.);
#4932=ORIENTED_EDGE('',*,*,#3686,.T.);
#4933=ORIENTED_EDGE('',*,*,#3661,.T.);
#4934=ORIENTED_EDGE('',*,*,#3695,.T.);
#4935=ORIENTED_EDGE('',*,*,#3698,.T.);
#4936=ORIENTED_EDGE('',*,*,#3665,.T.);
#4937=ORIENTED_EDGE('',*,*,#3699,.T.);
#4938=ORIENTED_EDGE('',*,*,#3700,.T.);
#4939=ORIENTED_EDGE('',*,*,#3701,.T.);
#4940=ORIENTED_EDGE('',*,*,#3702,.F.);
#4941=ORIENTED_EDGE('',*,*,#3703,.T.);
#4942=ORIENTED_EDGE('',*,*,#3700,.F.);
#4943=ORIENTED_EDGE('',*,*,#3704,.T.);
#4944=ORIENTED_EDGE('',*,*,#3705,.T.);
#4945=ORIENTED_EDGE('',*,*,#3706,.T.);
#4946=ORIENTED_EDGE('',*,*,#3707,.F.);
#4947=ORIENTED_EDGE('',*,*,#3708,.T.);
#4948=ORIENTED_EDGE('',*,*,#3705,.F.);
#4949=ORIENTED_EDGE('',*,*,#3704,.F.);
#4950=ORIENTED_EDGE('',*,*,#3699,.F.);
#4951=ORIENTED_EDGE('',*,*,#3709,.F.);
#4952=ORIENTED_EDGE('',*,*,#3710,.F.);
#4953=ORIENTED_EDGE('',*,*,#3711,.F.);
#4954=ORIENTED_EDGE('',*,*,#3712,.F.);
#4955=ORIENTED_EDGE('',*,*,#3713,.T.);
#4956=ORIENTED_EDGE('',*,*,#3714,.T.);
#4957=ORIENTED_EDGE('',*,*,#3715,.T.);
#4958=ORIENTED_EDGE('',*,*,#3716,.T.);
#4959=ORIENTED_EDGE('',*,*,#3713,.F.);
#4960=ORIENTED_EDGE('',*,*,#3717,.F.);
#4961=ORIENTED_EDGE('',*,*,#3718,.T.);
#4962=ORIENTED_EDGE('',*,*,#3719,.F.);
#4963=ORIENTED_EDGE('',*,*,#3643,.T.);
#4964=ORIENTED_EDGE('',*,*,#3720,.F.);
#4965=ORIENTED_EDGE('',*,*,#3716,.F.);
#4966=ORIENTED_EDGE('',*,*,#3721,.T.);
#4967=ORIENTED_EDGE('',*,*,#3722,.T.);
#4968=ORIENTED_EDGE('',*,*,#3717,.T.);
#4969=ORIENTED_EDGE('',*,*,#3723,.T.);
#4970=ORIENTED_EDGE('',*,*,#3724,.T.);
#4971=ORIENTED_EDGE('',*,*,#3725,.T.);
#4972=ORIENTED_EDGE('',*,*,#3726,.T.);
#4973=ORIENTED_EDGE('',*,*,#3723,.F.);
#4974=ORIENTED_EDGE('',*,*,#3727,.F.);
#4975=ORIENTED_EDGE('',*,*,#3728,.T.);
#4976=ORIENTED_EDGE('',*,*,#3729,.F.);
#4977=ORIENTED_EDGE('',*,*,#3647,.T.);
#4978=ORIENTED_EDGE('',*,*,#3730,.F.);
#4979=ORIENTED_EDGE('',*,*,#3726,.F.);
#4980=ORIENTED_EDGE('',*,*,#3731,.T.);
#4981=ORIENTED_EDGE('',*,*,#3732,.T.);
#4982=ORIENTED_EDGE('',*,*,#3727,.T.);
#4983=ORIENTED_EDGE('',*,*,#3725,.F.);
#4984=ORIENTED_EDGE('',*,*,#3733,.F.);
#4985=ORIENTED_EDGE('',*,*,#3645,.T.);
#4986=ORIENTED_EDGE('',*,*,#3734,.F.);
#4987=ORIENTED_EDGE('',*,*,#3735,.T.);
#4988=ORIENTED_EDGE('',*,*,#3731,.F.);
#4989=ORIENTED_EDGE('',*,*,#3715,.F.);
#4990=ORIENTED_EDGE('',*,*,#3736,.F.);
#4991=ORIENTED_EDGE('',*,*,#3641,.T.);
#4992=ORIENTED_EDGE('',*,*,#3737,.F.);
#4993=ORIENTED_EDGE('',*,*,#3738,.T.);
#4994=ORIENTED_EDGE('',*,*,#3721,.F.);
#4995=ORIENTED_EDGE('',*,*,#3714,.F.);
#4996=ORIENTED_EDGE('',*,*,#3720,.T.);
#4997=ORIENTED_EDGE('',*,*,#3642,.T.);
#4998=ORIENTED_EDGE('',*,*,#3736,.T.);
#4999=ORIENTED_EDGE('',*,*,#3724,.F.);
#5000=ORIENTED_EDGE('',*,*,#3730,.T.);
#5001=ORIENTED_EDGE('',*,*,#3646,.T.);
#5002=ORIENTED_EDGE('',*,*,#3733,.T.);
#5003=ORIENTED_EDGE('',*,*,#3722,.F.);
#5004=ORIENTED_EDGE('',*,*,#3738,.F.);
#5005=ORIENTED_EDGE('',*,*,#3739,.F.);
#5006=ORIENTED_EDGE('',*,*,#3718,.F.);
#5007=ORIENTED_EDGE('',*,*,#3719,.T.);
#5008=ORIENTED_EDGE('',*,*,#3739,.T.);
#5009=ORIENTED_EDGE('',*,*,#3737,.T.);
#5010=ORIENTED_EDGE('',*,*,#3640,.F.);
#5011=ORIENTED_EDGE('',*,*,#3740,.F.);
#5012=ORIENTED_EDGE('',*,*,#3741,.F.);
#5013=ORIENTED_EDGE('',*,*,#3742,.T.);
#5014=ORIENTED_EDGE('',*,*,#3743,.T.);
#5015=ORIENTED_EDGE('',*,*,#3744,.F.);
#5016=ORIENTED_EDGE('',*,*,#3745,.F.);
#5017=ORIENTED_EDGE('',*,*,#3746,.F.);
#5018=ORIENTED_EDGE('',*,*,#3648,.F.);
#5019=ORIENTED_EDGE('',*,*,#3729,.T.);
#5020=ORIENTED_EDGE('',*,*,#3747,.T.);
#5021=ORIENTED_EDGE('',*,*,#3734,.T.);
#5022=ORIENTED_EDGE('',*,*,#3644,.F.);
#5023=ORIENTED_EDGE('',*,*,#3748,.T.);
#5024=ORIENTED_EDGE('',*,*,#3749,.T.);
#5025=ORIENTED_EDGE('',*,*,#3750,.T.);
#5026=ORIENTED_EDGE('',*,*,#3751,.T.);
#5027=ORIENTED_EDGE('',*,*,#3752,.T.);
#5028=ORIENTED_EDGE('',*,*,#3753,.T.);
#5029=ORIENTED_EDGE('',*,*,#3754,.T.);
#5030=ORIENTED_EDGE('',*,*,#3755,.T.);
#5031=ORIENTED_EDGE('',*,*,#3756,.T.);
#5032=ORIENTED_EDGE('',*,*,#3757,.T.);
#5033=ORIENTED_EDGE('',*,*,#3732,.F.);
#5034=ORIENTED_EDGE('',*,*,#3735,.F.);
#5035=ORIENTED_EDGE('',*,*,#3747,.F.);
#5036=ORIENTED_EDGE('',*,*,#3728,.F.);
#5037=ORIENTED_EDGE('',*,*,#3758,.T.);
#5038=ORIENTED_EDGE('',*,*,#3624,.T.);
#5039=ORIENTED_EDGE('',*,*,#3649,.T.);
#5040=ORIENTED_EDGE('',*,*,#3746,.T.);
#5041=ORIENTED_EDGE('',*,*,#3759,.T.);
#5042=ORIENTED_EDGE('',*,*,#3745,.T.);
#5043=ORIENTED_EDGE('',*,*,#3760,.T.);
#5044=ORIENTED_EDGE('',*,*,#3761,.T.);
#5045=ORIENTED_EDGE('',*,*,#3759,.F.);
#5046=ORIENTED_EDGE('',*,*,#3762,.T.);
#5047=ORIENTED_EDGE('',*,*,#3758,.F.);
#5048=ORIENTED_EDGE('',*,*,#3762,.F.);
#5049=ORIENTED_EDGE('',*,*,#3763,.T.);
#5050=ORIENTED_EDGE('',*,*,#3764,.T.);
#5051=ORIENTED_EDGE('',*,*,#3625,.T.);
#5052=ORIENTED_EDGE('',*,*,#3761,.F.);
#5053=ORIENTED_EDGE('',*,*,#3765,.F.);
#5054=ORIENTED_EDGE('',*,*,#3766,.T.);
#5055=ORIENTED_EDGE('',*,*,#3767,.T.);
#5056=ORIENTED_EDGE('',*,*,#3768,.F.);
#5057=ORIENTED_EDGE('',*,*,#3769,.F.);
#5058=ORIENTED_EDGE('',*,*,#3770,.F.);
#5059=ORIENTED_EDGE('',*,*,#3763,.F.);
#5060=ORIENTED_EDGE('',*,*,#3703,.F.);
#5061=ORIENTED_EDGE('',*,*,#3771,.T.);
#5062=ORIENTED_EDGE('',*,*,#3772,.T.);
#5063=ORIENTED_EDGE('',*,*,#3701,.F.);
#5064=ORIENTED_EDGE('',*,*,#3708,.F.);
#5065=ORIENTED_EDGE('',*,*,#3773,.T.);
#5066=ORIENTED_EDGE('',*,*,#3774,.T.);
#5067=ORIENTED_EDGE('',*,*,#3706,.F.);
#5068=ORIENTED_EDGE('',*,*,#3775,.T.);
#5069=ORIENTED_EDGE('',*,*,#3776,.T.);
#5070=ORIENTED_EDGE('',*,*,#3544,.T.);
#5071=ORIENTED_EDGE('',*,*,#3560,.T.);
#5072=ORIENTED_EDGE('',*,*,#3557,.T.);
#5073=ORIENTED_EDGE('',*,*,#3554,.T.);
#5074=ORIENTED_EDGE('',*,*,#3551,.T.);
#5075=ORIENTED_EDGE('',*,*,#3548,.T.);
#5076=ORIENTED_EDGE('',*,*,#3525,.T.);
#5077=ORIENTED_EDGE('',*,*,#3541,.T.);
#5078=ORIENTED_EDGE('',*,*,#3538,.T.);
#5079=ORIENTED_EDGE('',*,*,#3535,.T.);
#5080=ORIENTED_EDGE('',*,*,#3532,.T.);
#5081=ORIENTED_EDGE('',*,*,#3529,.T.);
#5082=ORIENTED_EDGE('',*,*,#3506,.T.);
#5083=ORIENTED_EDGE('',*,*,#3522,.T.);
#5084=ORIENTED_EDGE('',*,*,#3519,.T.);
#5085=ORIENTED_EDGE('',*,*,#3516,.T.);
#5086=ORIENTED_EDGE('',*,*,#3513,.T.);
#5087=ORIENTED_EDGE('',*,*,#3510,.T.);
#5088=ORIENTED_EDGE('',*,*,#3487,.T.);
#5089=ORIENTED_EDGE('',*,*,#3503,.T.);
#5090=ORIENTED_EDGE('',*,*,#3500,.T.);
#5091=ORIENTED_EDGE('',*,*,#3497,.T.);
#5092=ORIENTED_EDGE('',*,*,#3494,.T.);
#5093=ORIENTED_EDGE('',*,*,#3491,.T.);
#5094=ORIENTED_EDGE('',*,*,#3468,.T.);
#5095=ORIENTED_EDGE('',*,*,#3484,.T.);
#5096=ORIENTED_EDGE('',*,*,#3481,.T.);
#5097=ORIENTED_EDGE('',*,*,#3478,.T.);
#5098=ORIENTED_EDGE('',*,*,#3475,.T.);
#5099=ORIENTED_EDGE('',*,*,#3472,.T.);
#5100=ORIENTED_EDGE('',*,*,#3449,.T.);
#5101=ORIENTED_EDGE('',*,*,#3465,.T.);
#5102=ORIENTED_EDGE('',*,*,#3462,.T.);
#5103=ORIENTED_EDGE('',*,*,#3459,.T.);
#5104=ORIENTED_EDGE('',*,*,#3456,.T.);
#5105=ORIENTED_EDGE('',*,*,#3453,.T.);
#5106=ORIENTED_EDGE('',*,*,#3430,.T.);
#5107=ORIENTED_EDGE('',*,*,#3446,.T.);
#5108=ORIENTED_EDGE('',*,*,#3443,.T.);
#5109=ORIENTED_EDGE('',*,*,#3440,.T.);
#5110=ORIENTED_EDGE('',*,*,#3437,.T.);
#5111=ORIENTED_EDGE('',*,*,#3434,.T.);
#5112=ORIENTED_EDGE('',*,*,#3411,.T.);
#5113=ORIENTED_EDGE('',*,*,#3427,.T.);
#5114=ORIENTED_EDGE('',*,*,#3424,.T.);
#5115=ORIENTED_EDGE('',*,*,#3421,.T.);
#5116=ORIENTED_EDGE('',*,*,#3418,.T.);
#5117=ORIENTED_EDGE('',*,*,#3415,.T.);
#5118=ORIENTED_EDGE('',*,*,#3392,.T.);
#5119=ORIENTED_EDGE('',*,*,#3408,.T.);
#5120=ORIENTED_EDGE('',*,*,#3405,.T.);
#5121=ORIENTED_EDGE('',*,*,#3402,.T.);
#5122=ORIENTED_EDGE('',*,*,#3399,.T.);
#5123=ORIENTED_EDGE('',*,*,#3396,.T.);
#5124=ORIENTED_EDGE('',*,*,#3373,.T.);
#5125=ORIENTED_EDGE('',*,*,#3389,.T.);
#5126=ORIENTED_EDGE('',*,*,#3386,.T.);
#5127=ORIENTED_EDGE('',*,*,#3383,.T.);
#5128=ORIENTED_EDGE('',*,*,#3380,.T.);
#5129=ORIENTED_EDGE('',*,*,#3377,.T.);
#5130=ORIENTED_EDGE('',*,*,#3354,.T.);
#5131=ORIENTED_EDGE('',*,*,#3370,.T.);
#5132=ORIENTED_EDGE('',*,*,#3367,.T.);
#5133=ORIENTED_EDGE('',*,*,#3364,.T.);
#5134=ORIENTED_EDGE('',*,*,#3361,.T.);
#5135=ORIENTED_EDGE('',*,*,#3358,.T.);
#5136=ORIENTED_EDGE('',*,*,#3335,.T.);
#5137=ORIENTED_EDGE('',*,*,#3351,.T.);
#5138=ORIENTED_EDGE('',*,*,#3348,.T.);
#5139=ORIENTED_EDGE('',*,*,#3345,.T.);
#5140=ORIENTED_EDGE('',*,*,#3342,.T.);
#5141=ORIENTED_EDGE('',*,*,#3339,.T.);
#5142=ORIENTED_EDGE('',*,*,#3316,.T.);
#5143=ORIENTED_EDGE('',*,*,#3332,.T.);
#5144=ORIENTED_EDGE('',*,*,#3329,.T.);
#5145=ORIENTED_EDGE('',*,*,#3326,.T.);
#5146=ORIENTED_EDGE('',*,*,#3323,.T.);
#5147=ORIENTED_EDGE('',*,*,#3320,.T.);
#5148=ORIENTED_EDGE('',*,*,#3297,.T.);
#5149=ORIENTED_EDGE('',*,*,#3313,.T.);
#5150=ORIENTED_EDGE('',*,*,#3310,.T.);
#5151=ORIENTED_EDGE('',*,*,#3307,.T.);
#5152=ORIENTED_EDGE('',*,*,#3304,.T.);
#5153=ORIENTED_EDGE('',*,*,#3301,.T.);
#5154=ORIENTED_EDGE('',*,*,#3278,.T.);
#5155=ORIENTED_EDGE('',*,*,#3294,.T.);
#5156=ORIENTED_EDGE('',*,*,#3291,.T.);
#5157=ORIENTED_EDGE('',*,*,#3288,.T.);
#5158=ORIENTED_EDGE('',*,*,#3285,.T.);
#5159=ORIENTED_EDGE('',*,*,#3282,.T.);
#5160=ORIENTED_EDGE('',*,*,#3259,.T.);
#5161=ORIENTED_EDGE('',*,*,#3275,.T.);
#5162=ORIENTED_EDGE('',*,*,#3272,.T.);
#5163=ORIENTED_EDGE('',*,*,#3269,.T.);
#5164=ORIENTED_EDGE('',*,*,#3266,.T.);
#5165=ORIENTED_EDGE('',*,*,#3263,.T.);
#5166=ORIENTED_EDGE('',*,*,#3240,.T.);
#5167=ORIENTED_EDGE('',*,*,#3256,.T.);
#5168=ORIENTED_EDGE('',*,*,#3253,.T.);
#5169=ORIENTED_EDGE('',*,*,#3250,.T.);
#5170=ORIENTED_EDGE('',*,*,#3247,.T.);
#5171=ORIENTED_EDGE('',*,*,#3244,.T.);
#5172=ORIENTED_EDGE('',*,*,#3221,.T.);
#5173=ORIENTED_EDGE('',*,*,#3237,.T.);
#5174=ORIENTED_EDGE('',*,*,#3234,.T.);
#5175=ORIENTED_EDGE('',*,*,#3231,.T.);
#5176=ORIENTED_EDGE('',*,*,#3228,.T.);
#5177=ORIENTED_EDGE('',*,*,#3225,.T.);
#5178=ORIENTED_EDGE('',*,*,#3202,.T.);
#5179=ORIENTED_EDGE('',*,*,#3218,.T.);
#5180=ORIENTED_EDGE('',*,*,#3215,.T.);
#5181=ORIENTED_EDGE('',*,*,#3212,.T.);
#5182=ORIENTED_EDGE('',*,*,#3209,.T.);
#5183=ORIENTED_EDGE('',*,*,#3206,.T.);
#5184=ORIENTED_EDGE('',*,*,#3183,.T.);
#5185=ORIENTED_EDGE('',*,*,#3199,.T.);
#5186=ORIENTED_EDGE('',*,*,#3196,.T.);
#5187=ORIENTED_EDGE('',*,*,#3193,.T.);
#5188=ORIENTED_EDGE('',*,*,#3190,.T.);
#5189=ORIENTED_EDGE('',*,*,#3187,.T.);
#5190=ORIENTED_EDGE('',*,*,#3164,.T.);
#5191=ORIENTED_EDGE('',*,*,#3180,.T.);
#5192=ORIENTED_EDGE('',*,*,#3177,.T.);
#5193=ORIENTED_EDGE('',*,*,#3174,.T.);
#5194=ORIENTED_EDGE('',*,*,#3171,.T.);
#5195=ORIENTED_EDGE('',*,*,#3168,.T.);
#5196=ORIENTED_EDGE('',*,*,#3145,.T.);
#5197=ORIENTED_EDGE('',*,*,#3161,.T.);
#5198=ORIENTED_EDGE('',*,*,#3158,.T.);
#5199=ORIENTED_EDGE('',*,*,#3155,.T.);
#5200=ORIENTED_EDGE('',*,*,#3152,.T.);
#5201=ORIENTED_EDGE('',*,*,#3149,.T.);
#5202=ORIENTED_EDGE('',*,*,#3126,.T.);
#5203=ORIENTED_EDGE('',*,*,#3142,.T.);
#5204=ORIENTED_EDGE('',*,*,#3139,.T.);
#5205=ORIENTED_EDGE('',*,*,#3136,.T.);
#5206=ORIENTED_EDGE('',*,*,#3133,.T.);
#5207=ORIENTED_EDGE('',*,*,#3130,.T.);
#5208=ORIENTED_EDGE('',*,*,#3107,.T.);
#5209=ORIENTED_EDGE('',*,*,#3123,.T.);
#5210=ORIENTED_EDGE('',*,*,#3120,.T.);
#5211=ORIENTED_EDGE('',*,*,#3117,.T.);
#5212=ORIENTED_EDGE('',*,*,#3114,.T.);
#5213=ORIENTED_EDGE('',*,*,#3111,.T.);
#5214=ORIENTED_EDGE('',*,*,#3088,.T.);
#5215=ORIENTED_EDGE('',*,*,#3104,.T.);
#5216=ORIENTED_EDGE('',*,*,#3101,.T.);
#5217=ORIENTED_EDGE('',*,*,#3098,.T.);
#5218=ORIENTED_EDGE('',*,*,#3095,.T.);
#5219=ORIENTED_EDGE('',*,*,#3092,.T.);
#5220=ORIENTED_EDGE('',*,*,#3777,.T.);
#5221=ORIENTED_EDGE('',*,*,#3768,.T.);
#5222=ORIENTED_EDGE('',*,*,#3778,.T.);
#5223=ORIENTED_EDGE('',*,*,#3741,.T.);
#5224=ORIENTED_EDGE('',*,*,#3779,.T.);
#5225=ORIENTED_EDGE('',*,*,#3740,.T.);
#5226=ORIENTED_EDGE('',*,*,#3639,.T.);
#5227=ORIENTED_EDGE('',*,*,#3780,.T.);
#5228=ORIENTED_EDGE('',*,*,#3779,.F.);
#5229=ORIENTED_EDGE('',*,*,#3781,.T.);
#5230=ORIENTED_EDGE('',*,*,#3777,.F.);
#5231=ORIENTED_EDGE('',*,*,#3781,.F.);
#5232=ORIENTED_EDGE('',*,*,#3782,.T.);
#5233=ORIENTED_EDGE('',*,*,#3783,.T.);
#5234=ORIENTED_EDGE('',*,*,#3769,.T.);
#5235=ORIENTED_EDGE('',*,*,#3780,.F.);
#5236=ORIENTED_EDGE('',*,*,#3638,.F.);
#5237=ORIENTED_EDGE('',*,*,#3784,.F.);
#5238=ORIENTED_EDGE('',*,*,#3785,.T.);
#5239=ORIENTED_EDGE('',*,*,#3786,.F.);
#5240=ORIENTED_EDGE('',*,*,#3787,.F.);
#5241=ORIENTED_EDGE('',*,*,#3788,.F.);
#5242=ORIENTED_EDGE('',*,*,#3789,.F.);
#5243=ORIENTED_EDGE('',*,*,#3790,.T.);
#5244=ORIENTED_EDGE('',*,*,#3791,.T.);
#5245=ORIENTED_EDGE('',*,*,#3792,.F.);
#5246=ORIENTED_EDGE('',*,*,#3793,.F.);
#5247=ORIENTED_EDGE('',*,*,#3794,.F.);
#5248=ORIENTED_EDGE('',*,*,#3795,.F.);
#5249=ORIENTED_EDGE('',*,*,#3796,.T.);
#5250=ORIENTED_EDGE('',*,*,#3797,.T.);
#5251=ORIENTED_EDGE('',*,*,#3798,.F.);
#5252=ORIENTED_EDGE('',*,*,#3799,.F.);
#5253=ORIENTED_EDGE('',*,*,#3800,.F.);
#5254=ORIENTED_EDGE('',*,*,#3801,.F.);
#5255=ORIENTED_EDGE('',*,*,#3802,.T.);
#5256=ORIENTED_EDGE('',*,*,#3803,.T.);
#5257=ORIENTED_EDGE('',*,*,#3804,.F.);
#5258=ORIENTED_EDGE('',*,*,#3805,.T.);
#5259=ORIENTED_EDGE('',*,*,#3806,.F.);
#5260=ORIENTED_EDGE('',*,*,#3782,.F.);
#5261=ORIENTED_EDGE('',*,*,#3807,.T.);
#5262=ORIENTED_EDGE('',*,*,#3808,.T.);
#5263=ORIENTED_EDGE('',*,*,#3809,.T.);
#5264=ORIENTED_EDGE('',*,*,#3810,.T.);
#5265=ORIENTED_EDGE('',*,*,#3765,.T.);
#5266=ORIENTED_EDGE('',*,*,#3760,.F.);
#5267=ORIENTED_EDGE('',*,*,#3744,.T.);
#5268=ORIENTED_EDGE('',*,*,#3811,.T.);
#5269=ORIENTED_EDGE('',*,*,#3812,.T.);
#5270=ORIENTED_EDGE('',*,*,#3813,.F.);
#5271=ORIENTED_EDGE('',*,*,#3814,.F.);
#5272=ORIENTED_EDGE('',*,*,#3815,.F.);
#5273=ORIENTED_EDGE('',*,*,#3816,.F.);
#5274=ORIENTED_EDGE('',*,*,#3817,.F.);
#5275=ORIENTED_EDGE('',*,*,#3818,.F.);
#5276=ORIENTED_EDGE('',*,*,#3819,.F.);
#5277=ORIENTED_EDGE('',*,*,#3820,.F.);
#5278=ORIENTED_EDGE('',*,*,#3821,.F.);
#5279=ORIENTED_EDGE('',*,*,#3822,.F.);
#5280=ORIENTED_EDGE('',*,*,#3823,.F.);
#5281=ORIENTED_EDGE('',*,*,#3752,.F.);
#5282=ORIENTED_EDGE('',*,*,#3824,.T.);
#5283=ORIENTED_EDGE('',*,*,#3816,.T.);
#5284=ORIENTED_EDGE('',*,*,#3825,.F.);
#5285=ORIENTED_EDGE('',*,*,#3748,.F.);
#5286=ORIENTED_EDGE('',*,*,#3826,.T.);
#5287=ORIENTED_EDGE('',*,*,#3820,.T.);
#5288=ORIENTED_EDGE('',*,*,#3827,.T.);
#5289=ORIENTED_EDGE('',*,*,#3753,.F.);
#5290=ORIENTED_EDGE('',*,*,#3828,.T.);
#5291=ORIENTED_EDGE('',*,*,#3829,.T.);
#5292=ORIENTED_EDGE('',*,*,#3828,.F.);
#5293=ORIENTED_EDGE('',*,*,#3830,.T.);
#5294=ORIENTED_EDGE('',*,*,#3831,.T.);
#5295=ORIENTED_EDGE('',*,*,#3832,.T.);
#5296=ORIENTED_EDGE('',*,*,#3833,.T.);
#5297=ORIENTED_EDGE('',*,*,#3635,.T.);
#5298=ORIENTED_EDGE('',*,*,#3834,.T.);
#5299=ORIENTED_EDGE('',*,*,#3835,.T.);
#5300=ORIENTED_EDGE('',*,*,#3836,.T.);
#5301=ORIENTED_EDGE('',*,*,#3835,.F.);
#5302=ORIENTED_EDGE('',*,*,#3832,.F.);
#5303=ORIENTED_EDGE('',*,*,#3837,.T.);
#5304=ORIENTED_EDGE('',*,*,#3833,.F.);
#5305=ORIENTED_EDGE('',*,*,#3834,.F.);
#5306=ORIENTED_EDGE('',*,*,#3634,.F.);
#5307=ORIENTED_EDGE('',*,*,#3838,.F.);
#5308=ORIENTED_EDGE('',*,*,#3839,.F.);
#5309=ORIENTED_EDGE('',*,*,#3812,.F.);
#5310=ORIENTED_EDGE('',*,*,#3840,.F.);
#5311=ORIENTED_EDGE('',*,*,#3841,.F.);
#5312=ORIENTED_EDGE('',*,*,#3842,.T.);
#5313=ORIENTED_EDGE('',*,*,#3829,.F.);
#5314=ORIENTED_EDGE('',*,*,#3836,.F.);
#5315=ORIENTED_EDGE('',*,*,#3843,.F.);
#5316=ORIENTED_EDGE('',*,*,#3844,.F.);
#5317=ORIENTED_EDGE('',*,*,#3845,.F.);
#5318=ORIENTED_EDGE('',*,*,#3846,.F.);
#5319=ORIENTED_EDGE('',*,*,#3847,.T.);
#5320=ORIENTED_EDGE('',*,*,#3848,.F.);
#5321=ORIENTED_EDGE('',*,*,#3849,.F.);
#5322=ORIENTED_EDGE('',*,*,#3850,.F.);
#5323=ORIENTED_EDGE('',*,*,#3851,.F.);
#5324=ORIENTED_EDGE('',*,*,#3852,.T.);
#5325=ORIENTED_EDGE('',*,*,#3853,.T.);
#5326=ORIENTED_EDGE('',*,*,#3854,.F.);
#5327=ORIENTED_EDGE('',*,*,#3855,.F.);
#5328=ORIENTED_EDGE('',*,*,#3856,.F.);
#5329=ORIENTED_EDGE('',*,*,#3857,.F.);
#5330=ORIENTED_EDGE('',*,*,#3858,.T.);
#5331=ORIENTED_EDGE('',*,*,#3859,.T.);
#5332=ORIENTED_EDGE('',*,*,#3860,.F.);
#5333=ORIENTED_EDGE('',*,*,#3861,.F.);
#5334=ORIENTED_EDGE('',*,*,#3862,.F.);
#5335=ORIENTED_EDGE('',*,*,#3863,.F.);
#5336=ORIENTED_EDGE('',*,*,#3864,.T.);
#5337=ORIENTED_EDGE('',*,*,#3865,.T.);
#5338=ORIENTED_EDGE('',*,*,#3866,.F.);
#5339=ORIENTED_EDGE('',*,*,#3636,.F.);
#5340=ORIENTED_EDGE('',*,*,#3633,.T.);
#5341=ORIENTED_EDGE('',*,*,#3867,.T.);
#5342=ORIENTED_EDGE('',*,*,#3868,.T.);
#5343=ORIENTED_EDGE('',*,*,#3838,.T.);
#5344=ORIENTED_EDGE('',*,*,#3813,.T.);
#5345=ORIENTED_EDGE('',*,*,#3839,.T.);
#5346=ORIENTED_EDGE('',*,*,#3869,.T.);
#5347=ORIENTED_EDGE('',*,*,#3870,.T.);
#5348=ORIENTED_EDGE('',*,*,#3869,.F.);
#5349=ORIENTED_EDGE('',*,*,#3868,.F.);
#5350=ORIENTED_EDGE('',*,*,#3871,.T.);
#5351=ORIENTED_EDGE('',*,*,#3831,.F.);
#5352=ORIENTED_EDGE('',*,*,#3872,.F.);
#5353=ORIENTED_EDGE('',*,*,#3873,.T.);
#5354=ORIENTED_EDGE('',*,*,#3814,.T.);
#5355=ORIENTED_EDGE('',*,*,#3870,.F.);
#5356=ORIENTED_EDGE('',*,*,#3874,.F.);
#5357=ORIENTED_EDGE('',*,*,#3875,.F.);
#5358=ORIENTED_EDGE('',*,*,#3876,.F.);
#5359=ORIENTED_EDGE('',*,*,#3612,.T.);
#5360=ORIENTED_EDGE('',*,*,#3610,.T.);
#5361=ORIENTED_EDGE('',*,*,#3608,.T.);
#5362=ORIENTED_EDGE('',*,*,#3606,.T.);
#5363=ORIENTED_EDGE('',*,*,#3604,.T.);
#5364=ORIENTED_EDGE('',*,*,#3602,.T.);
#5365=ORIENTED_EDGE('',*,*,#3600,.T.);
#5366=ORIENTED_EDGE('',*,*,#3598,.T.);
#5367=ORIENTED_EDGE('',*,*,#3596,.T.);
#5368=ORIENTED_EDGE('',*,*,#3594,.T.);
#5369=ORIENTED_EDGE('',*,*,#3592,.T.);
#5370=ORIENTED_EDGE('',*,*,#3590,.T.);
#5371=ORIENTED_EDGE('',*,*,#3588,.T.);
#5372=ORIENTED_EDGE('',*,*,#3586,.T.);
#5373=ORIENTED_EDGE('',*,*,#3584,.T.);
#5374=ORIENTED_EDGE('',*,*,#3582,.T.);
#5375=ORIENTED_EDGE('',*,*,#3580,.T.);
#5376=ORIENTED_EDGE('',*,*,#3578,.T.);
#5377=ORIENTED_EDGE('',*,*,#3576,.T.);
#5378=ORIENTED_EDGE('',*,*,#3574,.T.);
#5379=ORIENTED_EDGE('',*,*,#3572,.T.);
#5380=ORIENTED_EDGE('',*,*,#3570,.T.);
#5381=ORIENTED_EDGE('',*,*,#3568,.T.);
#5382=ORIENTED_EDGE('',*,*,#3566,.T.);
#5383=ORIENTED_EDGE('',*,*,#3564,.T.);
#5384=ORIENTED_EDGE('',*,*,#3767,.F.);
#5385=ORIENTED_EDGE('',*,*,#3877,.F.);
#5386=ORIENTED_EDGE('',*,*,#3872,.T.);
#5387=ORIENTED_EDGE('',*,*,#3830,.F.);
#5388=ORIENTED_EDGE('',*,*,#3841,.T.);
#5389=ORIENTED_EDGE('',*,*,#3878,.T.);
#5390=ORIENTED_EDGE('',*,*,#3742,.F.);
#5391=ORIENTED_EDGE('',*,*,#3778,.F.);
#5392=ORIENTED_EDGE('',*,*,#3837,.F.);
#5393=ORIENTED_EDGE('',*,*,#3876,.T.);
#5394=ORIENTED_EDGE('',*,*,#3879,.T.);
#5395=ORIENTED_EDGE('',*,*,#3843,.T.);
#5396=ORIENTED_EDGE('',*,*,#3871,.F.);
#5397=ORIENTED_EDGE('',*,*,#3880,.T.);
#5398=ORIENTED_EDGE('',*,*,#3881,.T.);
#5399=ORIENTED_EDGE('',*,*,#3874,.T.);
#5400=ORIENTED_EDGE('',*,*,#3613,.T.);
#5401=ORIENTED_EDGE('',*,*,#3658,.F.);
#5402=ORIENTED_EDGE('',*,*,#3882,.F.);
#5403=ORIENTED_EDGE('',*,*,#3880,.F.);
#5404=ORIENTED_EDGE('',*,*,#3867,.F.);
#5405=ORIENTED_EDGE('',*,*,#3632,.F.);
#5406=ORIENTED_EDGE('',*,*,#3617,.T.);
#5407=ORIENTED_EDGE('',*,*,#3621,.T.);
#5408=ORIENTED_EDGE('',*,*,#3651,.F.);
#5409=ORIENTED_EDGE('',*,*,#3883,.T.);
#5410=ORIENTED_EDGE('',*,*,#3884,.T.);
#5411=ORIENTED_EDGE('',*,*,#3885,.F.);
#5412=ORIENTED_EDGE('',*,*,#3650,.F.);
#5413=ORIENTED_EDGE('',*,*,#3630,.F.);
#5414=ORIENTED_EDGE('',*,*,#3886,.T.);
#5415=ORIENTED_EDGE('',*,*,#3883,.F.);
#5416=ORIENTED_EDGE('',*,*,#3652,.T.);
#5417=ORIENTED_EDGE('',*,*,#3885,.T.);
#5418=ORIENTED_EDGE('',*,*,#3887,.F.);
#5419=ORIENTED_EDGE('',*,*,#3628,.F.);
#5420=ORIENTED_EDGE('',*,*,#3888,.T.);
#5421=ORIENTED_EDGE('',*,*,#3688,.T.);
#5422=ORIENTED_EDGE('',*,*,#3653,.T.);
#5423=ORIENTED_EDGE('',*,*,#3626,.T.);
#5424=ORIENTED_EDGE('',*,*,#3764,.F.);
#5425=ORIENTED_EDGE('',*,*,#3889,.T.);
#5426=ORIENTED_EDGE('',*,*,#3888,.F.);
#5427=ORIENTED_EDGE('',*,*,#3889,.F.);
#5428=ORIENTED_EDGE('',*,*,#3770,.T.);
#5429=ORIENTED_EDGE('',*,*,#3890,.T.);
#5430=ORIENTED_EDGE('',*,*,#3689,.T.);
#5431=ORIENTED_EDGE('',*,*,#3879,.F.);
#5432=ORIENTED_EDGE('',*,*,#3891,.F.);
#5433=ORIENTED_EDGE('',*,*,#3892,.F.);
#5434=ORIENTED_EDGE('',*,*,#3893,.F.);
#5435=ORIENTED_EDGE('',*,*,#3894,.F.);
#5436=ORIENTED_EDGE('',*,*,#3881,.F.);
#5437=ORIENTED_EDGE('',*,*,#3894,.T.);
#5438=ORIENTED_EDGE('',*,*,#3673,.T.);
#5439=ORIENTED_EDGE('',*,*,#3891,.T.);
#5440=ORIENTED_EDGE('',*,*,#3875,.T.);
#5441=ORIENTED_EDGE('',*,*,#3657,.T.);
#5442=ORIENTED_EDGE('',*,*,#3674,.T.);
#5443=ORIENTED_EDGE('',*,*,#3893,.T.);
#5444=ORIENTED_EDGE('',*,*,#3882,.T.);
#5445=ORIENTED_EDGE('',*,*,#3895,.T.);
#5446=ORIENTED_EDGE('',*,*,#3844,.T.);
#5447=ORIENTED_EDGE('',*,*,#3892,.T.);
#5448=ORIENTED_EDGE('',*,*,#3672,.T.);
#5449=ORIENTED_EDGE('',*,*,#3890,.F.);
#5450=ORIENTED_EDGE('',*,*,#3783,.F.);
#5451=ORIENTED_EDGE('',*,*,#3896,.F.);
#5452=ORIENTED_EDGE('',*,*,#3897,.T.);
#5453=ORIENTED_EDGE('',*,*,#3690,.T.);
#5454=ORIENTED_EDGE('',*,*,#3896,.T.);
#5455=ORIENTED_EDGE('',*,*,#3806,.T.);
#5456=ORIENTED_EDGE('',*,*,#3898,.F.);
#5457=ORIENTED_EDGE('',*,*,#3899,.T.);
#5458=ORIENTED_EDGE('',*,*,#3677,.T.);
#5459=ORIENTED_EDGE('',*,*,#3696,.F.);
#5460=ORIENTED_EDGE('',*,*,#3685,.F.);
#5461=ORIENTED_EDGE('',*,*,#3900,.F.);
#5462=ORIENTED_EDGE('',*,*,#3901,.T.);
#5463=ORIENTED_EDGE('',*,*,#3666,.T.);
#5464=ORIENTED_EDGE('',*,*,#3698,.F.);
#5465=ORIENTED_EDGE('',*,*,#3694,.F.);
#5466=ORIENTED_EDGE('',*,*,#3846,.T.);
#5467=ORIENTED_EDGE('',*,*,#3902,.T.);
#5468=ORIENTED_EDGE('',*,*,#3804,.T.);
#5469=ORIENTED_EDGE('',*,*,#3903,.T.);
#5470=ORIENTED_EDGE('',*,*,#3895,.F.);
#5471=ORIENTED_EDGE('',*,*,#3671,.T.);
#5472=ORIENTED_EDGE('',*,*,#3904,.T.);
#5473=ORIENTED_EDGE('',*,*,#3691,.T.);
#5474=ORIENTED_EDGE('',*,*,#3897,.F.);
#5475=ORIENTED_EDGE('',*,*,#3805,.F.);
#5476=ORIENTED_EDGE('',*,*,#3902,.F.);
#5477=ORIENTED_EDGE('',*,*,#3845,.T.);
#5478=ORIENTED_EDGE('',*,*,#3866,.T.);
#5479=ORIENTED_EDGE('',*,*,#3905,.T.);
#5480=ORIENTED_EDGE('',*,*,#3784,.T.);
#5481=ORIENTED_EDGE('',*,*,#3637,.T.);
#5482=ORIENTED_EDGE('',*,*,#3757,.F.);
#5483=ORIENTED_EDGE('',*,*,#3906,.T.);
#5484=ORIENTED_EDGE('',*,*,#3842,.F.);
#5485=ORIENTED_EDGE('',*,*,#3906,.F.);
#5486=ORIENTED_EDGE('',*,*,#3886,.F.);
#5487=ORIENTED_EDGE('',*,*,#3629,.F.);
#5488=ORIENTED_EDGE('',*,*,#3887,.T.);
#5489=ORIENTED_EDGE('',*,*,#3884,.F.);
#5490=ORIENTED_EDGE('',*,*,#3907,.F.);
#5491=ORIENTED_EDGE('',*,*,#3807,.F.);
#5492=ORIENTED_EDGE('',*,*,#3908,.T.);
#5493=ORIENTED_EDGE('',*,*,#3909,.F.);
#5494=ORIENTED_EDGE('',*,*,#3910,.T.);
#5495=ORIENTED_EDGE('',*,*,#3908,.F.);
#5496=ORIENTED_EDGE('',*,*,#3810,.F.);
#5497=ORIENTED_EDGE('',*,*,#3910,.F.);
#5498=ORIENTED_EDGE('',*,*,#3809,.F.);
#5499=ORIENTED_EDGE('',*,*,#3911,.T.);
#5500=ORIENTED_EDGE('',*,*,#3909,.T.);
#5501=ORIENTED_EDGE('',*,*,#3907,.T.);
#5502=ORIENTED_EDGE('',*,*,#3911,.F.);
#5503=ORIENTED_EDGE('',*,*,#3808,.F.);
#5504=ORIENTED_EDGE('',*,*,#3912,.T.);
#5505=ORIENTED_EDGE('',*,*,#3859,.F.);
#5506=ORIENTED_EDGE('',*,*,#3913,.F.);
#5507=ORIENTED_EDGE('',*,*,#3791,.F.);
#5508=ORIENTED_EDGE('',*,*,#3853,.F.);
#5509=ORIENTED_EDGE('',*,*,#3914,.F.);
#5510=ORIENTED_EDGE('',*,*,#3797,.F.);
#5511=ORIENTED_EDGE('',*,*,#3915,.F.);
#5512=ORIENTED_EDGE('',*,*,#3903,.F.);
#5513=ORIENTED_EDGE('',*,*,#3803,.F.);
#5514=ORIENTED_EDGE('',*,*,#3916,.F.);
#5515=ORIENTED_EDGE('',*,*,#3847,.F.);
#5516=ORIENTED_EDGE('',*,*,#3905,.F.);
#5517=ORIENTED_EDGE('',*,*,#3865,.F.);
#5518=ORIENTED_EDGE('',*,*,#3917,.T.);
#5519=ORIENTED_EDGE('',*,*,#3785,.F.);
#5520=ORIENTED_EDGE('',*,*,#3913,.T.);
#5521=ORIENTED_EDGE('',*,*,#3858,.F.);
#5522=ORIENTED_EDGE('',*,*,#3918,.F.);
#5523=ORIENTED_EDGE('',*,*,#3792,.T.);
#5524=ORIENTED_EDGE('',*,*,#3914,.T.);
#5525=ORIENTED_EDGE('',*,*,#3852,.F.);
#5526=ORIENTED_EDGE('',*,*,#3919,.F.);
#5527=ORIENTED_EDGE('',*,*,#3798,.T.);
#5528=ORIENTED_EDGE('',*,*,#3912,.F.);
#5529=ORIENTED_EDGE('',*,*,#3790,.F.);
#5530=ORIENTED_EDGE('',*,*,#3920,.F.);
#5531=ORIENTED_EDGE('',*,*,#3860,.T.);
#5532=ORIENTED_EDGE('',*,*,#3861,.T.);
#5533=ORIENTED_EDGE('',*,*,#3920,.T.);
#5534=ORIENTED_EDGE('',*,*,#3789,.T.);
#5535=ORIENTED_EDGE('',*,*,#3921,.T.);
#5536=ORIENTED_EDGE('',*,*,#3787,.T.);
#5537=ORIENTED_EDGE('',*,*,#3922,.T.);
#5538=ORIENTED_EDGE('',*,*,#3863,.T.);
#5539=ORIENTED_EDGE('',*,*,#3923,.T.);
#5540=ORIENTED_EDGE('',*,*,#3922,.F.);
#5541=ORIENTED_EDGE('',*,*,#3786,.T.);
#5542=ORIENTED_EDGE('',*,*,#3917,.F.);
#5543=ORIENTED_EDGE('',*,*,#3864,.F.);
#5544=ORIENTED_EDGE('',*,*,#3924,.F.);
#5545=ORIENTED_EDGE('',*,*,#3754,.F.);
#5546=ORIENTED_EDGE('',*,*,#3827,.F.);
#5547=ORIENTED_EDGE('',*,*,#3823,.T.);
#5548=ORIENTED_EDGE('',*,*,#3925,.F.);
#5549=ORIENTED_EDGE('',*,*,#3755,.F.);
#5550=ORIENTED_EDGE('',*,*,#3924,.T.);
#5551=ORIENTED_EDGE('',*,*,#3822,.T.);
#5552=ORIENTED_EDGE('',*,*,#3826,.F.);
#5553=ORIENTED_EDGE('',*,*,#3756,.F.);
#5554=ORIENTED_EDGE('',*,*,#3925,.T.);
#5555=ORIENTED_EDGE('',*,*,#3821,.T.);
#5556=ORIENTED_EDGE('',*,*,#3926,.F.);
#5557=ORIENTED_EDGE('',*,*,#3749,.F.);
#5558=ORIENTED_EDGE('',*,*,#3825,.T.);
#5559=ORIENTED_EDGE('',*,*,#3819,.T.);
#5560=ORIENTED_EDGE('',*,*,#3927,.F.);
#5561=ORIENTED_EDGE('',*,*,#3750,.F.);
#5562=ORIENTED_EDGE('',*,*,#3926,.T.);
#5563=ORIENTED_EDGE('',*,*,#3818,.T.);
#5564=ORIENTED_EDGE('',*,*,#3824,.F.);
#5565=ORIENTED_EDGE('',*,*,#3751,.F.);
#5566=ORIENTED_EDGE('',*,*,#3927,.T.);
#5567=ORIENTED_EDGE('',*,*,#3817,.T.);
#5568=ORIENTED_EDGE('',*,*,#3711,.T.);
#5569=ORIENTED_EDGE('',*,*,#3928,.T.);
#5570=ORIENTED_EDGE('',*,*,#3929,.F.);
#5571=ORIENTED_EDGE('',*,*,#3928,.F.);
#5572=ORIENTED_EDGE('',*,*,#3710,.T.);
#5573=ORIENTED_EDGE('',*,*,#3930,.T.);
#5574=ORIENTED_EDGE('',*,*,#3931,.F.);
#5575=ORIENTED_EDGE('',*,*,#3930,.F.);
#5576=ORIENTED_EDGE('',*,*,#3932,.T.);
#5577=ORIENTED_EDGE('',*,*,#3931,.T.);
#5578=ORIENTED_EDGE('',*,*,#3933,.T.);
#5579=ORIENTED_EDGE('',*,*,#3929,.T.);
#5580=ORIENTED_EDGE('',*,*,#3771,.F.);
#5581=ORIENTED_EDGE('',*,*,#3702,.T.);
#5582=ORIENTED_EDGE('',*,*,#3772,.F.);
#5583=ORIENTED_EDGE('',*,*,#3934,.T.);
#5584=ORIENTED_EDGE('',*,*,#3932,.F.);
#5585=ORIENTED_EDGE('',*,*,#3934,.F.);
#5586=ORIENTED_EDGE('',*,*,#3775,.F.);
#5587=ORIENTED_EDGE('',*,*,#3935,.T.);
#5588=ORIENTED_EDGE('',*,*,#3933,.F.);
#5589=ORIENTED_EDGE('',*,*,#3935,.F.);
#5590=ORIENTED_EDGE('',*,*,#3697,.T.);
#5591=ORIENTED_EDGE('',*,*,#3675,.T.);
#5592=ORIENTED_EDGE('',*,*,#3655,.F.);
#5593=ORIENTED_EDGE('',*,*,#3687,.F.);
#5594=ORIENTED_EDGE('',*,*,#3936,.F.);
#5595=ORIENTED_EDGE('',*,*,#3856,.T.);
#5596=ORIENTED_EDGE('',*,*,#3937,.F.);
#5597=ORIENTED_EDGE('',*,*,#3794,.T.);
#5598=ORIENTED_EDGE('',*,*,#3921,.F.);
#5599=ORIENTED_EDGE('',*,*,#3788,.T.);
#5600=ORIENTED_EDGE('',*,*,#3923,.F.);
#5601=ORIENTED_EDGE('',*,*,#3862,.T.);
#5602=ORIENTED_EDGE('',*,*,#3938,.F.);
#5603=ORIENTED_EDGE('',*,*,#3800,.T.);
#5604=ORIENTED_EDGE('',*,*,#3939,.F.);
#5605=ORIENTED_EDGE('',*,*,#3850,.T.);
#5606=ORIENTED_EDGE('',*,*,#3840,.T.);
#5607=ORIENTED_EDGE('',*,*,#3811,.F.);
#5608=ORIENTED_EDGE('',*,*,#3743,.F.);
#5609=ORIENTED_EDGE('',*,*,#3878,.F.);
#5610=ORIENTED_EDGE('',*,*,#3915,.T.);
#5611=ORIENTED_EDGE('',*,*,#3796,.F.);
#5612=ORIENTED_EDGE('',*,*,#3940,.F.);
#5613=ORIENTED_EDGE('',*,*,#3854,.T.);
#5614=ORIENTED_EDGE('',*,*,#3855,.T.);
#5615=ORIENTED_EDGE('',*,*,#3940,.T.);
#5616=ORIENTED_EDGE('',*,*,#3795,.T.);
#5617=ORIENTED_EDGE('',*,*,#3937,.T.);
#5618=ORIENTED_EDGE('',*,*,#3793,.T.);
#5619=ORIENTED_EDGE('',*,*,#3918,.T.);
#5620=ORIENTED_EDGE('',*,*,#3857,.T.);
#5621=ORIENTED_EDGE('',*,*,#3936,.T.);
#5622=ORIENTED_EDGE('',*,*,#3799,.T.);
#5623=ORIENTED_EDGE('',*,*,#3919,.T.);
#5624=ORIENTED_EDGE('',*,*,#3851,.T.);
#5625=ORIENTED_EDGE('',*,*,#3939,.T.);
#5626=ORIENTED_EDGE('',*,*,#3916,.T.);
#5627=ORIENTED_EDGE('',*,*,#3802,.F.);
#5628=ORIENTED_EDGE('',*,*,#3941,.F.);
#5629=ORIENTED_EDGE('',*,*,#3848,.T.);
#5630=ORIENTED_EDGE('',*,*,#3849,.T.);
#5631=ORIENTED_EDGE('',*,*,#3941,.T.);
#5632=ORIENTED_EDGE('',*,*,#3801,.T.);
#5633=ORIENTED_EDGE('',*,*,#3938,.T.);
#5634=ORIENTED_EDGE('',*,*,#3683,.T.);
#5635=ORIENTED_EDGE('',*,*,#3692,.T.);
#5636=ORIENTED_EDGE('',*,*,#3904,.F.);
#5637=ORIENTED_EDGE('',*,*,#3670,.F.);
#5638=ORIENTED_EDGE('',*,*,#3900,.T.);
#5639=ORIENTED_EDGE('',*,*,#3693,.T.);
#5640=ORIENTED_EDGE('',*,*,#3679,.T.);
#5641=ORIENTED_EDGE('',*,*,#3942,.T.);
#5642=ORIENTED_EDGE('',*,*,#3942,.F.);
#5643=ORIENTED_EDGE('',*,*,#3678,.T.);
#5644=ORIENTED_EDGE('',*,*,#3667,.F.);
#5645=ORIENTED_EDGE('',*,*,#3901,.F.);
#5646=ORIENTED_EDGE('',*,*,#3898,.T.);
#5647=ORIENTED_EDGE('',*,*,#3684,.T.);
#5648=ORIENTED_EDGE('',*,*,#3659,.T.);
#5649=ORIENTED_EDGE('',*,*,#3943,.T.);
#5650=ORIENTED_EDGE('',*,*,#3943,.F.);
#5651=ORIENTED_EDGE('',*,*,#3663,.T.);
#5652=ORIENTED_EDGE('',*,*,#3664,.F.);
#5653=ORIENTED_EDGE('',*,*,#3899,.F.);
#5654=ORIENTED_EDGE('',*,*,#3773,.F.);
#5655=ORIENTED_EDGE('',*,*,#3707,.T.);
#5656=ORIENTED_EDGE('',*,*,#3774,.F.);
#5657=ORIENTED_EDGE('',*,*,#3944,.T.);
#5658=ORIENTED_EDGE('',*,*,#3945,.F.);
#5659=ORIENTED_EDGE('',*,*,#3944,.F.);
#5660=ORIENTED_EDGE('',*,*,#3776,.F.);
#5661=ORIENTED_EDGE('',*,*,#3946,.T.);
#5662=ORIENTED_EDGE('',*,*,#3947,.F.);
#5663=ORIENTED_EDGE('',*,*,#3946,.F.);
#5664=ORIENTED_EDGE('',*,*,#3945,.T.);
#5665=ORIENTED_EDGE('',*,*,#3948,.T.);
#5666=ORIENTED_EDGE('',*,*,#3947,.T.);
#5667=ORIENTED_EDGE('',*,*,#3949,.T.);
#5668=ORIENTED_EDGE('',*,*,#3712,.T.);
#5669=ORIENTED_EDGE('',*,*,#3950,.T.);
#5670=ORIENTED_EDGE('',*,*,#3948,.F.);
#5671=ORIENTED_EDGE('',*,*,#3950,.F.);
#5672=ORIENTED_EDGE('',*,*,#3709,.T.);
#5673=ORIENTED_EDGE('',*,*,#3951,.T.);
#5674=ORIENTED_EDGE('',*,*,#3949,.F.);
#5675=ORIENTED_EDGE('',*,*,#3951,.F.);
#5676=ORIENTED_EDGE('',*,*,#3815,.T.);
#5677=ORIENTED_EDGE('',*,*,#3873,.F.);
#5678=ORIENTED_EDGE('',*,*,#3877,.T.);
#5679=ORIENTED_EDGE('',*,*,#3766,.F.);
#5680=PLANE('',#6286);
#5681=PLANE('',#6287);
#5682=PLANE('',#6288);
#5683=PLANE('',#6289);
#5684=PLANE('',#6290);
#5685=PLANE('',#6291);
#5686=PLANE('',#6292);
#5687=PLANE('',#6294);
#5688=PLANE('',#6295);
#5689=PLANE('',#6296);
#5690=PLANE('',#6297);
#5691=PLANE('',#6298);
#5692=PLANE('',#6299);
#5693=PLANE('',#6300);
#5694=PLANE('',#6302);
#5695=PLANE('',#6303);
#5696=PLANE('',#6304);
#5697=PLANE('',#6305);
#5698=PLANE('',#6306);
#5699=PLANE('',#6307);
#5700=PLANE('',#6308);
#5701=PLANE('',#6310);
#5702=PLANE('',#6311);
#5703=PLANE('',#6312);
#5704=PLANE('',#6313);
#5705=PLANE('',#6314);
#5706=PLANE('',#6315);
#5707=PLANE('',#6316);
#5708=PLANE('',#6318);
#5709=PLANE('',#6319);
#5710=PLANE('',#6320);
#5711=PLANE('',#6321);
#5712=PLANE('',#6322);
#5713=PLANE('',#6323);
#5714=PLANE('',#6324);
#5715=PLANE('',#6326);
#5716=PLANE('',#6327);
#5717=PLANE('',#6328);
#5718=PLANE('',#6329);
#5719=PLANE('',#6330);
#5720=PLANE('',#6331);
#5721=PLANE('',#6332);
#5722=PLANE('',#6334);
#5723=PLANE('',#6335);
#5724=PLANE('',#6336);
#5725=PLANE('',#6337);
#5726=PLANE('',#6338);
#5727=PLANE('',#6339);
#5728=PLANE('',#6340);
#5729=PLANE('',#6342);
#5730=PLANE('',#6343);
#5731=PLANE('',#6344);
#5732=PLANE('',#6345);
#5733=PLANE('',#6346);
#5734=PLANE('',#6347);
#5735=PLANE('',#6348);
#5736=PLANE('',#6350);
#5737=PLANE('',#6351);
#5738=PLANE('',#6352);
#5739=PLANE('',#6353);
#5740=PLANE('',#6354);
#5741=PLANE('',#6355);
#5742=PLANE('',#6356);
#5743=PLANE('',#6358);
#5744=PLANE('',#6359);
#5745=PLANE('',#6360);
#5746=PLANE('',#6361);
#5747=PLANE('',#6362);
#5748=PLANE('',#6363);
#5749=PLANE('',#6364);
#5750=PLANE('',#6366);
#5751=PLANE('',#6367);
#5752=PLANE('',#6368);
#5753=PLANE('',#6369);
#5754=PLANE('',#6370);
#5755=PLANE('',#6371);
#5756=PLANE('',#6372);
#5757=PLANE('',#6374);
#5758=PLANE('',#6375);
#5759=PLANE('',#6376);
#5760=PLANE('',#6377);
#5761=PLANE('',#6378);
#5762=PLANE('',#6379);
#5763=PLANE('',#6380);
#5764=PLANE('',#6382);
#5765=PLANE('',#6383);
#5766=PLANE('',#6384);
#5767=PLANE('',#6385);
#5768=PLANE('',#6386);
#5769=PLANE('',#6387);
#5770=PLANE('',#6388);
#5771=PLANE('',#6390);
#5772=PLANE('',#6391);
#5773=PLANE('',#6392);
#5774=PLANE('',#6393);
#5775=PLANE('',#6394);
#5776=PLANE('',#6395);
#5777=PLANE('',#6396);
#5778=PLANE('',#6398);
#5779=PLANE('',#6399);
#5780=PLANE('',#6400);
#5781=PLANE('',#6401);
#5782=PLANE('',#6402);
#5783=PLANE('',#6403);
#5784=PLANE('',#6404);
#5785=PLANE('',#6406);
#5786=PLANE('',#6407);
#5787=PLANE('',#6408);
#5788=PLANE('',#6409);
#5789=PLANE('',#6410);
#5790=PLANE('',#6411);
#5791=PLANE('',#6412);
#5792=PLANE('',#6414);
#5793=PLANE('',#6415);
#5794=PLANE('',#6416);
#5795=PLANE('',#6417);
#5796=PLANE('',#6418);
#5797=PLANE('',#6419);
#5798=PLANE('',#6420);
#5799=PLANE('',#6422);
#5800=PLANE('',#6423);
#5801=PLANE('',#6424);
#5802=PLANE('',#6425);
#5803=PLANE('',#6426);
#5804=PLANE('',#6427);
#5805=PLANE('',#6428);
#5806=PLANE('',#6430);
#5807=PLANE('',#6431);
#5808=PLANE('',#6432);
#5809=PLANE('',#6433);
#5810=PLANE('',#6434);
#5811=PLANE('',#6435);
#5812=PLANE('',#6436);
#5813=PLANE('',#6438);
#5814=PLANE('',#6439);
#5815=PLANE('',#6440);
#5816=PLANE('',#6441);
#5817=PLANE('',#6442);
#5818=PLANE('',#6443);
#5819=PLANE('',#6444);
#5820=PLANE('',#6446);
#5821=PLANE('',#6447);
#5822=PLANE('',#6448);
#5823=PLANE('',#6449);
#5824=PLANE('',#6450);
#5825=PLANE('',#6451);
#5826=PLANE('',#6452);
#5827=PLANE('',#6454);
#5828=PLANE('',#6455);
#5829=PLANE('',#6456);
#5830=PLANE('',#6457);
#5831=PLANE('',#6458);
#5832=PLANE('',#6459);
#5833=PLANE('',#6460);
#5834=PLANE('',#6462);
#5835=PLANE('',#6463);
#5836=PLANE('',#6464);
#5837=PLANE('',#6465);
#5838=PLANE('',#6466);
#5839=PLANE('',#6467);
#5840=PLANE('',#6468);
#5841=PLANE('',#6470);
#5842=PLANE('',#6471);
#5843=PLANE('',#6472);
#5844=PLANE('',#6473);
#5845=PLANE('',#6474);
#5846=PLANE('',#6475);
#5847=PLANE('',#6476);
#5848=PLANE('',#6478);
#5849=PLANE('',#6479);
#5850=PLANE('',#6480);
#5851=PLANE('',#6481);
#5852=PLANE('',#6482);
#5853=PLANE('',#6483);
#5854=PLANE('',#6484);
#5855=PLANE('',#6536);
#5856=PLANE('',#6537);
#5857=PLANE('',#6538);
#5858=PLANE('',#6539);
#5859=PLANE('',#6540);
#5860=PLANE('',#6545);
#5861=PLANE('',#6548);
#5862=PLANE('',#6549);
#5863=PLANE('',#6550);
#5864=PLANE('',#6551);
#5865=PLANE('',#6552);
#5866=PLANE('',#6553);
#5867=PLANE('',#6554);
#5868=PLANE('',#6563);
#5869=PLANE('',#6564);
#5870=PLANE('',#6565);
#5871=PLANE('',#6567);
#5872=PLANE('',#6569);
#5873=PLANE('',#6571);
#5874=PLANE('',#6576);
#5875=PLANE('',#6577);
#5876=PLANE('',#6581);
#5877=PLANE('',#6582);
#5878=PLANE('',#6583);
#5879=PLANE('',#6584);
#5880=PLANE('',#6585);
#5881=PLANE('',#6586);
#5882=PLANE('',#6587);
#5883=PLANE('',#6588);
#5884=PLANE('',#6593);
#5885=PLANE('',#6603);
#5886=PLANE('',#6619);
#5887=PLANE('',#6624);
#5888=PLANE('',#6626);
#5889=PLANE('',#6628);
#5890=PLANE('',#6639);
#5891=PLANE('',#6641);
#5892=PLANE('',#6652);
#5893=PLANE('',#6653);
#5894=PLANE('',#6658);
#5895=PLANE('',#6659);
#5896=PLANE('',#6660);
#5897=PLANE('',#6661);
#5898=PLANE('',#6682);
#5899=PLANE('',#6683);
#5900=PLANE('',#6685);
#5901=PLANE('',#6688);
#5902=PLANE('',#6689);
#5903=PLANE('',#6690);
#5904=PLANE('',#6691);
#5905=PLANE('',#6692);
#5906=PLANE('',#6693);
#5907=PLANE('',#6694);
#5908=PLANE('',#6695);
#5909=PLANE('',#6696);
#5910=PLANE('',#6697);
#5911=PLANE('',#6698);
#5912=PLANE('',#6699);
#5913=PLANE('',#6702);
#5914=PLANE('',#6703);
#5915=PLANE('',#6704);
#5916=PLANE('',#6705);
#5917=PLANE('',#6706);
#5918=PLANE('',#6707);
#5919=PLANE('',#6708);
#5920=PLANE('',#6713);
#5921=PLANE('',#6715);
#5922=PLANE('',#6719);
#5923=PLANE('',#6720);
#5924=PLANE('',#6721);
#5925=PLANE('',#6722);
#5926=PLANE('',#6723);
#5927=PLANE('',#6724);
#5928=PLANE('',#6725);
#5929=PLANE('',#6726);
#5930=PLANE('',#6727);
#5931=PLANE('',#6728);
#5932=PLANE('',#6729);
#5933=PLANE('',#6730);
#5934=PLANE('',#6731);
#5935=PLANE('',#6732);
#5936=PLANE('',#6733);
#5937=PLANE('',#6734);
#5938=PLANE('',#6739);
#5939=PLANE('',#6741);
#5940=PLANE('',#6745);
#5941=ADVANCED_FACE('',(#308),#5680,.F.);
#5942=ADVANCED_FACE('',(#309),#5681,.F.);
#5943=ADVANCED_FACE('',(#310),#5682,.F.);
#5944=ADVANCED_FACE('',(#311),#5683,.F.);
#5945=ADVANCED_FACE('',(#312),#5684,.F.);
#5946=ADVANCED_FACE('',(#313),#5685,.F.);
#5947=ADVANCED_FACE('',(#314,#94),#5686,.T.);
#5948=ADVANCED_FACE('',(#315),#5687,.F.);
#5949=ADVANCED_FACE('',(#316),#5688,.F.);
#5950=ADVANCED_FACE('',(#317),#5689,.F.);
#5951=ADVANCED_FACE('',(#318),#5690,.F.);
#5952=ADVANCED_FACE('',(#319),#5691,.F.);
#5953=ADVANCED_FACE('',(#320),#5692,.F.);
#5954=ADVANCED_FACE('',(#321,#95),#5693,.T.);
#5955=ADVANCED_FACE('',(#322),#5694,.F.);
#5956=ADVANCED_FACE('',(#323),#5695,.F.);
#5957=ADVANCED_FACE('',(#324),#5696,.F.);
#5958=ADVANCED_FACE('',(#325),#5697,.F.);
#5959=ADVANCED_FACE('',(#326),#5698,.F.);
#5960=ADVANCED_FACE('',(#327),#5699,.F.);
#5961=ADVANCED_FACE('',(#328,#96),#5700,.T.);
#5962=ADVANCED_FACE('',(#329),#5701,.F.);
#5963=ADVANCED_FACE('',(#330),#5702,.F.);
#5964=ADVANCED_FACE('',(#331),#5703,.F.);
#5965=ADVANCED_FACE('',(#332),#5704,.F.);
#5966=ADVANCED_FACE('',(#333),#5705,.F.);
#5967=ADVANCED_FACE('',(#334),#5706,.F.);
#5968=ADVANCED_FACE('',(#335,#97),#5707,.T.);
#5969=ADVANCED_FACE('',(#336),#5708,.F.);
#5970=ADVANCED_FACE('',(#337),#5709,.F.);
#5971=ADVANCED_FACE('',(#338),#5710,.F.);
#5972=ADVANCED_FACE('',(#339),#5711,.F.);
#5973=ADVANCED_FACE('',(#340),#5712,.F.);
#5974=ADVANCED_FACE('',(#341),#5713,.F.);
#5975=ADVANCED_FACE('',(#342,#98),#5714,.T.);
#5976=ADVANCED_FACE('',(#343),#5715,.F.);
#5977=ADVANCED_FACE('',(#344),#5716,.F.);
#5978=ADVANCED_FACE('',(#345),#5717,.F.);
#5979=ADVANCED_FACE('',(#346),#5718,.F.);
#5980=ADVANCED_FACE('',(#347),#5719,.F.);
#5981=ADVANCED_FACE('',(#348),#5720,.F.);
#5982=ADVANCED_FACE('',(#349,#99),#5721,.T.);
#5983=ADVANCED_FACE('',(#350),#5722,.F.);
#5984=ADVANCED_FACE('',(#351),#5723,.F.);
#5985=ADVANCED_FACE('',(#352),#5724,.F.);
#5986=ADVANCED_FACE('',(#353),#5725,.F.);
#5987=ADVANCED_FACE('',(#354),#5726,.F.);
#5988=ADVANCED_FACE('',(#355),#5727,.F.);
#5989=ADVANCED_FACE('',(#356,#100),#5728,.T.);
#5990=ADVANCED_FACE('',(#357),#5729,.F.);
#5991=ADVANCED_FACE('',(#358),#5730,.F.);
#5992=ADVANCED_FACE('',(#359),#5731,.F.);
#5993=ADVANCED_FACE('',(#360),#5732,.F.);
#5994=ADVANCED_FACE('',(#361),#5733,.F.);
#5995=ADVANCED_FACE('',(#362),#5734,.F.);
#5996=ADVANCED_FACE('',(#363,#101),#5735,.T.);
#5997=ADVANCED_FACE('',(#364),#5736,.F.);
#5998=ADVANCED_FACE('',(#365),#5737,.F.);
#5999=ADVANCED_FACE('',(#366),#5738,.F.);
#6000=ADVANCED_FACE('',(#367),#5739,.F.);
#6001=ADVANCED_FACE('',(#368),#5740,.F.);
#6002=ADVANCED_FACE('',(#369),#5741,.F.);
#6003=ADVANCED_FACE('',(#370,#102),#5742,.T.);
#6004=ADVANCED_FACE('',(#371),#5743,.F.);
#6005=ADVANCED_FACE('',(#372),#5744,.F.);
#6006=ADVANCED_FACE('',(#373),#5745,.F.);
#6007=ADVANCED_FACE('',(#374),#5746,.F.);
#6008=ADVANCED_FACE('',(#375),#5747,.F.);
#6009=ADVANCED_FACE('',(#376),#5748,.F.);
#6010=ADVANCED_FACE('',(#377,#103),#5749,.T.);
#6011=ADVANCED_FACE('',(#378),#5750,.F.);
#6012=ADVANCED_FACE('',(#379),#5751,.F.);
#6013=ADVANCED_FACE('',(#380),#5752,.F.);
#6014=ADVANCED_FACE('',(#381),#5753,.F.);
#6015=ADVANCED_FACE('',(#382),#5754,.F.);
#6016=ADVANCED_FACE('',(#383),#5755,.F.);
#6017=ADVANCED_FACE('',(#384,#104),#5756,.T.);
#6018=ADVANCED_FACE('',(#385),#5757,.F.);
#6019=ADVANCED_FACE('',(#386),#5758,.F.);
#6020=ADVANCED_FACE('',(#387),#5759,.F.);
#6021=ADVANCED_FACE('',(#388),#5760,.F.);
#6022=ADVANCED_FACE('',(#389),#5761,.F.);
#6023=ADVANCED_FACE('',(#390),#5762,.F.);
#6024=ADVANCED_FACE('',(#391,#105),#5763,.T.);
#6025=ADVANCED_FACE('',(#392),#5764,.F.);
#6026=ADVANCED_FACE('',(#393),#5765,.F.);
#6027=ADVANCED_FACE('',(#394),#5766,.F.);
#6028=ADVANCED_FACE('',(#395),#5767,.F.);
#6029=ADVANCED_FACE('',(#396),#5768,.F.);
#6030=ADVANCED_FACE('',(#397),#5769,.F.);
#6031=ADVANCED_FACE('',(#398,#106),#5770,.T.);
#6032=ADVANCED_FACE('',(#399),#5771,.F.);
#6033=ADVANCED_FACE('',(#400),#5772,.F.);
#6034=ADVANCED_FACE('',(#401),#5773,.F.);
#6035=ADVANCED_FACE('',(#402),#5774,.F.);
#6036=ADVANCED_FACE('',(#403),#5775,.F.);
#6037=ADVANCED_FACE('',(#404),#5776,.F.);
#6038=ADVANCED_FACE('',(#405,#107),#5777,.T.);
#6039=ADVANCED_FACE('',(#406),#5778,.F.);
#6040=ADVANCED_FACE('',(#407),#5779,.F.);
#6041=ADVANCED_FACE('',(#408),#5780,.F.);
#6042=ADVANCED_FACE('',(#409),#5781,.F.);
#6043=ADVANCED_FACE('',(#410),#5782,.F.);
#6044=ADVANCED_FACE('',(#411),#5783,.F.);
#6045=ADVANCED_FACE('',(#412,#108),#5784,.T.);
#6046=ADVANCED_FACE('',(#413),#5785,.F.);
#6047=ADVANCED_FACE('',(#414),#5786,.F.);
#6048=ADVANCED_FACE('',(#415),#5787,.F.);
#6049=ADVANCED_FACE('',(#416),#5788,.F.);
#6050=ADVANCED_FACE('',(#417),#5789,.F.);
#6051=ADVANCED_FACE('',(#418),#5790,.F.);
#6052=ADVANCED_FACE('',(#419,#109),#5791,.T.);
#6053=ADVANCED_FACE('',(#420),#5792,.F.);
#6054=ADVANCED_FACE('',(#421),#5793,.F.);
#6055=ADVANCED_FACE('',(#422),#5794,.F.);
#6056=ADVANCED_FACE('',(#423),#5795,.F.);
#6057=ADVANCED_FACE('',(#424),#5796,.F.);
#6058=ADVANCED_FACE('',(#425),#5797,.F.);
#6059=ADVANCED_FACE('',(#426,#110),#5798,.T.);
#6060=ADVANCED_FACE('',(#427),#5799,.F.);
#6061=ADVANCED_FACE('',(#428),#5800,.F.);
#6062=ADVANCED_FACE('',(#429),#5801,.F.);
#6063=ADVANCED_FACE('',(#430),#5802,.F.);
#6064=ADVANCED_FACE('',(#431),#5803,.F.);
#6065=ADVANCED_FACE('',(#432),#5804,.F.);
#6066=ADVANCED_FACE('',(#433,#111),#5805,.T.);
#6067=ADVANCED_FACE('',(#434),#5806,.F.);
#6068=ADVANCED_FACE('',(#435),#5807,.F.);
#6069=ADVANCED_FACE('',(#436),#5808,.F.);
#6070=ADVANCED_FACE('',(#437),#5809,.F.);
#6071=ADVANCED_FACE('',(#438),#5810,.F.);
#6072=ADVANCED_FACE('',(#439),#5811,.F.);
#6073=ADVANCED_FACE('',(#440,#112),#5812,.T.);
#6074=ADVANCED_FACE('',(#441),#5813,.F.);
#6075=ADVANCED_FACE('',(#442),#5814,.F.);
#6076=ADVANCED_FACE('',(#443),#5815,.F.);
#6077=ADVANCED_FACE('',(#444),#5816,.F.);
#6078=ADVANCED_FACE('',(#445),#5817,.F.);
#6079=ADVANCED_FACE('',(#446),#5818,.F.);
#6080=ADVANCED_FACE('',(#447,#113),#5819,.T.);
#6081=ADVANCED_FACE('',(#448),#5820,.F.);
#6082=ADVANCED_FACE('',(#449),#5821,.F.);
#6083=ADVANCED_FACE('',(#450),#5822,.F.);
#6084=ADVANCED_FACE('',(#451),#5823,.F.);
#6085=ADVANCED_FACE('',(#452),#5824,.F.);
#6086=ADVANCED_FACE('',(#453),#5825,.F.);
#6087=ADVANCED_FACE('',(#454,#114),#5826,.T.);
#6088=ADVANCED_FACE('',(#455),#5827,.F.);
#6089=ADVANCED_FACE('',(#456),#5828,.F.);
#6090=ADVANCED_FACE('',(#457),#5829,.F.);
#6091=ADVANCED_FACE('',(#458),#5830,.F.);
#6092=ADVANCED_FACE('',(#459),#5831,.F.);
#6093=ADVANCED_FACE('',(#460),#5832,.F.);
#6094=ADVANCED_FACE('',(#461,#115),#5833,.T.);
#6095=ADVANCED_FACE('',(#462),#5834,.F.);
#6096=ADVANCED_FACE('',(#463),#5835,.F.);
#6097=ADVANCED_FACE('',(#464),#5836,.F.);
#6098=ADVANCED_FACE('',(#465),#5837,.F.);
#6099=ADVANCED_FACE('',(#466),#5838,.F.);
#6100=ADVANCED_FACE('',(#467),#5839,.F.);
#6101=ADVANCED_FACE('',(#468,#116),#5840,.T.);
#6102=ADVANCED_FACE('',(#469),#5841,.F.);
#6103=ADVANCED_FACE('',(#470),#5842,.F.);
#6104=ADVANCED_FACE('',(#471),#5843,.F.);
#6105=ADVANCED_FACE('',(#472),#5844,.F.);
#6106=ADVANCED_FACE('',(#473),#5845,.F.);
#6107=ADVANCED_FACE('',(#474),#5846,.F.);
#6108=ADVANCED_FACE('',(#475,#117),#5847,.T.);
#6109=ADVANCED_FACE('',(#476),#5848,.F.);
#6110=ADVANCED_FACE('',(#477),#5849,.F.);
#6111=ADVANCED_FACE('',(#478),#5850,.F.);
#6112=ADVANCED_FACE('',(#479),#5851,.F.);
#6113=ADVANCED_FACE('',(#480),#5852,.F.);
#6114=ADVANCED_FACE('',(#481),#5853,.F.);
#6115=ADVANCED_FACE('',(#482,#118),#5854,.T.);
#6116=ADVANCED_FACE('',(#483),#35,.F.);
#6117=ADVANCED_FACE('',(#484),#36,.F.);
#6118=ADVANCED_FACE('',(#485),#37,.F.);
#6119=ADVANCED_FACE('',(#486),#38,.F.);
#6120=ADVANCED_FACE('',(#487),#39,.F.);
#6121=ADVANCED_FACE('',(#488),#40,.F.);
#6122=ADVANCED_FACE('',(#489),#41,.F.);
#6123=ADVANCED_FACE('',(#490),#42,.F.);
#6124=ADVANCED_FACE('',(#491),#43,.F.);
#6125=ADVANCED_FACE('',(#492),#44,.F.);
#6126=ADVANCED_FACE('',(#493),#45,.F.);
#6127=ADVANCED_FACE('',(#494),#46,.F.);
#6128=ADVANCED_FACE('',(#495),#47,.F.);
#6129=ADVANCED_FACE('',(#496),#48,.F.);
#6130=ADVANCED_FACE('',(#497),#49,.F.);
#6131=ADVANCED_FACE('',(#498),#50,.F.);
#6132=ADVANCED_FACE('',(#499),#51,.F.);
#6133=ADVANCED_FACE('',(#500),#52,.F.);
#6134=ADVANCED_FACE('',(#501),#53,.F.);
#6135=ADVANCED_FACE('',(#502),#54,.F.);
#6136=ADVANCED_FACE('',(#503),#55,.F.);
#6137=ADVANCED_FACE('',(#504),#56,.F.);
#6138=ADVANCED_FACE('',(#505),#57,.F.);
#6139=ADVANCED_FACE('',(#506),#58,.F.);
#6140=ADVANCED_FACE('',(#507),#59,.F.);
#6141=ADVANCED_FACE('',(#508),#5855,.F.);
#6142=ADVANCED_FACE('',(#509),#5856,.F.);
#6143=ADVANCED_FACE('',(#510),#5857,.F.);
#6144=ADVANCED_FACE('',(#511),#5858,.T.);
#6145=ADVANCED_FACE('',(#512),#5859,.T.);
#6146=ADVANCED_FACE('',(#513),#5860,.T.);
#6147=ADVANCED_FACE('',(#514),#5861,.F.);
#6148=ADVANCED_FACE('',(#515),#5862,.T.);
#6149=ADVANCED_FACE('',(#516),#5863,.F.);
#6150=ADVANCED_FACE('',(#517),#5864,.T.);
#6151=ADVANCED_FACE('',(#518),#5865,.T.);
#6152=ADVANCED_FACE('',(#519),#5866,.T.);
#6153=ADVANCED_FACE('',(#520),#5867,.T.);
#6154=ADVANCED_FACE('',(#521),#33,.F.);
#6155=ADVANCED_FACE('',(#522),#34,.F.);
#6156=ADVANCED_FACE('',(#523),#5868,.F.);
#6157=ADVANCED_FACE('',(#524),#5869,.F.);
#6158=ADVANCED_FACE('',(#525),#5870,.T.);
#6159=ADVANCED_FACE('',(#526),#5871,.T.);
#6160=ADVANCED_FACE('',(#527),#5872,.T.);
#6161=ADVANCED_FACE('',(#528),#5873,.T.);
#6162=ADVANCED_FACE('',(#529),#60,.T.);
#6163=ADVANCED_FACE('',(#530),#5874,.T.);
#6164=ADVANCED_FACE('',(#531),#5875,.T.);
#6165=ADVANCED_FACE('',(#532),#61,.T.);
#6166=ADVANCED_FACE('',(#533),#5876,.T.);
#6167=ADVANCED_FACE('',(#534),#5877,.T.);
#6168=ADVANCED_FACE('',(#535),#5878,.T.);
#6169=ADVANCED_FACE('',(#536),#5879,.T.);
#6170=ADVANCED_FACE('',(#537),#5880,.T.);
#6171=ADVANCED_FACE('',(#538),#5881,.T.);
#6172=ADVANCED_FACE('',(#539),#5882,.T.);
#6173=ADVANCED_FACE('',(#540,#119,#120),#5883,.T.);
#6174=ADVANCED_FACE('',(#541),#5884,.T.);
#6175=ADVANCED_FACE('',(#542),#62,.F.);
#6176=ADVANCED_FACE('',(#543),#63,.F.);
#6177=ADVANCED_FACE('',(#544),#19,.F.);
#6178=ADVANCED_FACE('',(#545),#64,.F.);
#6179=ADVANCED_FACE('',(#546,#121,#122,#123,#124,#125,#126,#127,#128,#129,
#130,#131,#132,#133,#134,#135,#136,#137,#138,#139,#140,#141,#142,#143,#144,
#145,#146,#147,#148,#149),#5885,.T.);
#6180=ADVANCED_FACE('',(#547),#65,.F.);
#6181=ADVANCED_FACE('',(#548),#66,.F.);
#6182=ADVANCED_FACE('',(#549),#20,.F.);
#6183=ADVANCED_FACE('',(#550),#67,.F.);
#6184=ADVANCED_FACE('',(#551,#150),#5886,.T.);
#6185=ADVANCED_FACE('',(#552),#5887,.F.);
#6186=ADVANCED_FACE('',(#553),#5888,.T.);
#6187=ADVANCED_FACE('',(#554),#5889,.T.);
#6188=ADVANCED_FACE('',(#555),#68,.F.);
#6189=ADVANCED_FACE('',(#556),#69,.T.);
#6190=ADVANCED_FACE('',(#557),#70,.T.);
#6191=ADVANCED_FACE('',(#558),#21,.T.);
#6192=ADVANCED_FACE('',(#559,#151,#152),#5890,.T.);
#6193=ADVANCED_FACE('',(#560),#5891,.T.);
#6194=ADVANCED_FACE('',(#561),#71,.T.);
#6195=ADVANCED_FACE('',(#562),#72,.T.);
#6196=ADVANCED_FACE('',(#563),#22,.T.);
#6197=ADVANCED_FACE('',(#564,#153,#154,#155,#156,#157,#158,#159,#160,#161,
#162,#163,#164,#165,#166,#167,#168,#169,#170,#171,#172,#173,#174,#175,#176,
#177),#5892,.F.);
#6198=ADVANCED_FACE('',(#565),#5893,.F.);
#6199=ADVANCED_FACE('',(#566),#73,.T.);
#6200=ADVANCED_FACE('',(#567),#74,.T.);
#6201=ADVANCED_FACE('',(#568),#5894,.T.);
#6202=ADVANCED_FACE('',(#569),#5895,.T.);
#6203=ADVANCED_FACE('',(#570),#5896,.T.);
#6204=ADVANCED_FACE('',(#571),#5897,.T.);
#6205=ADVANCED_FACE('',(#572),#75,.F.);
#6206=ADVANCED_FACE('',(#573),#23,.F.);
#6207=ADVANCED_FACE('',(#574),#76,.F.);
#6208=ADVANCED_FACE('',(#575),#24,.T.);
#6209=ADVANCED_FACE('',(#576),#25,.T.);
#6210=ADVANCED_FACE('',(#577),#77,.T.);
#6211=ADVANCED_FACE('',(#578),#78,.T.);
#6212=ADVANCED_FACE('',(#579),#79,.T.);
#6213=ADVANCED_FACE('',(#580),#26,.F.);
#6214=ADVANCED_FACE('',(#581),#80,.F.);
#6215=ADVANCED_FACE('',(#582),#5898,.F.);
#6216=ADVANCED_FACE('',(#583),#5899,.F.);
#6217=ADVANCED_FACE('',(#584),#81,.T.);
#6218=ADVANCED_FACE('',(#585),#5900,.T.);
#6219=ADVANCED_FACE('',(#586),#82,.T.);
#6220=ADVANCED_FACE('',(#587),#83,.F.);
#6221=ADVANCED_FACE('',(#588),#5901,.T.);
#6222=ADVANCED_FACE('',(#589),#5902,.T.);
#6223=ADVANCED_FACE('',(#590),#5903,.T.);
#6224=ADVANCED_FACE('',(#591),#5904,.T.);
#6225=ADVANCED_FACE('',(#592),#5905,.T.);
#6226=ADVANCED_FACE('',(#593),#5906,.F.);
#6227=ADVANCED_FACE('',(#594),#5907,.F.);
#6228=ADVANCED_FACE('',(#595),#5908,.F.);
#6229=ADVANCED_FACE('',(#596),#5909,.F.);
#6230=ADVANCED_FACE('',(#597),#5910,.T.);
#6231=ADVANCED_FACE('',(#598),#5911,.T.);
#6232=ADVANCED_FACE('',(#599),#5912,.T.);
#6233=ADVANCED_FACE('',(#600),#84,.F.);
#6234=ADVANCED_FACE('',(#601),#85,.F.);
#6235=ADVANCED_FACE('',(#602),#5913,.T.);
#6236=ADVANCED_FACE('',(#603),#5914,.F.);
#6237=ADVANCED_FACE('',(#604),#5915,.F.);
#6238=ADVANCED_FACE('',(#605),#5916,.F.);
#6239=ADVANCED_FACE('',(#606),#5917,.F.);
#6240=ADVANCED_FACE('',(#607),#5918,.F.);
#6241=ADVANCED_FACE('',(#608),#5919,.F.);
#6242=ADVANCED_FACE('',(#609),#86,.T.);
#6243=ADVANCED_FACE('',(#610),#87,.T.);
#6244=ADVANCED_FACE('',(#611,#178),#5920,.T.);
#6245=ADVANCED_FACE('',(#612,#179),#5921,.T.);
#6246=ADVANCED_FACE('',(#613),#88,.T.);
#6247=ADVANCED_FACE('',(#614),#89,.T.);
#6248=ADVANCED_FACE('',(#615),#5922,.T.);
#6249=ADVANCED_FACE('',(#616),#5923,.T.);
#6250=ADVANCED_FACE('',(#617),#5924,.T.);
#6251=ADVANCED_FACE('',(#618),#5925,.T.);
#6252=ADVANCED_FACE('',(#619),#5926,.F.);
#6253=ADVANCED_FACE('',(#620),#5927,.T.);
#6254=ADVANCED_FACE('',(#621),#5928,.T.);
#6255=ADVANCED_FACE('',(#622),#5929,.T.);
#6256=ADVANCED_FACE('',(#623),#5930,.T.);
#6257=ADVANCED_FACE('',(#624),#5931,.T.);
#6258=ADVANCED_FACE('',(#625),#5932,.T.);
#6259=ADVANCED_FACE('',(#626),#5933,.T.);
#6260=ADVANCED_FACE('',(#627),#5934,.T.);
#6261=ADVANCED_FACE('',(#628),#5935,.F.);
#6262=ADVANCED_FACE('',(#629),#5936,.T.);
#6263=ADVANCED_FACE('',(#630),#5937,.F.);
#6264=ADVANCED_FACE('',(#631),#90,.T.);
#6265=ADVANCED_FACE('',(#632),#91,.T.);
#6266=ADVANCED_FACE('',(#633,#180),#5938,.T.);
#6267=ADVANCED_FACE('',(#634,#181),#5939,.T.);
#6268=ADVANCED_FACE('',(#635),#92,.T.);
#6269=ADVANCED_FACE('',(#636),#93,.T.);
#6270=ADVANCED_FACE('',(#637),#5940,.F.);
#6271=CLOSED_SHELL('',(#5941,#5942,#5943,#5944,#5945,#5946,#5947,#5948,
#5949,#5950,#5951,#5952,#5953,#5954,#5955,#5956,#5957,#5958,#5959,#5960,
#5961,#5962,#5963,#5964,#5965,#5966,#5967,#5968,#5969,#5970,#5971,#5972,
#5973,#5974,#5975,#5976,#5977,#5978,#5979,#5980,#5981,#5982,#5983,#5984,
#5985,#5986,#5987,#5988,#5989,#5990,#5991,#5992,#5993,#5994,#5995,#5996,
#5997,#5998,#5999,#6000,#6001,#6002,#6003,#6004,#6005,#6006,#6007,#6008,
#6009,#6010,#6011,#6012,#6013,#6014,#6015,#6016,#6017,#6018,#6019,#6020,
#6021,#6022,#6023,#6024,#6025,#6026,#6027,#6028,#6029,#6030,#6031,#6032,
#6033,#6034,#6035,#6036,#6037,#6038,#6039,#6040,#6041,#6042,#6043,#6044,
#6045,#6046,#6047,#6048,#6049,#6050,#6051,#6052,#6053,#6054,#6055,#6056,
#6057,#6058,#6059,#6060,#6061,#6062,#6063,#6064,#6065,#6066,#6067,#6068,
#6069,#6070,#6071,#6072,#6073,#6074,#6075,#6076,#6077,#6078,#6079,#6080,
#6081,#6082,#6083,#6084,#6085,#6086,#6087,#6088,#6089,#6090,#6091,#6092,
#6093,#6094,#6095,#6096,#6097,#6098,#6099,#6100,#6101,#6102,#6103,#6104,
#6105,#6106,#6107,#6108,#6109,#6110,#6111,#6112,#6113,#6114,#6115,#6116,
#6117,#6118,#6119,#6120,#6121,#6122,#6123,#6124,#6125,#6126,#6127,#6128,
#6129,#6130,#6131,#6132,#6133,#6134,#6135,#6136,#6137,#6138,#6139,#6140,
#6141,#6142,#6143,#6144,#6145,#6146,#6147,#6148,#6149,#6150,#6151,#6152,
#6153,#6154,#6155,#6156,#6157,#6158,#6159,#6160,#6161,#6162,#6163,#6164,
#6165,#6166,#6167,#6168,#6169,#6170,#6171,#6172,#6173,#6174,#6175,#6176,
#6177,#6178,#6179,#6180,#6181,#6182,#6183,#6184,#6185,#6186,#6187,#6188,
#6189,#6190,#6191,#6192,#6193,#6194,#6195,#6196,#6197,#6198,#6199,#6200,
#6201,#6202,#6203,#6204,#6205,#6206,#6207,#6208,#6209,#6210,#6211,#6212,
#6213,#6214,#6215,#6216,#6217,#6218,#6219,#6220,#6221,#6222,#6223,#6224,
#6225,#6226,#6227,#6228,#6229,#6230,#6231,#6232,#6233,#6234,#6235,#6236,
#6237,#6238,#6239,#6240,#6241,#6242,#6243,#6244,#6245,#6246,#6247,#6248,
#6249,#6250,#6251,#6252,#6253,#6254,#6255,#6256,#6257,#6258,#6259,#6260,
#6261,#6262,#6263,#6264,#6265,#6266,#6267,#6268,#6269,#6270));
#6272=DERIVED_UNIT_ELEMENT(#6274,1.);
#6273=DERIVED_UNIT_ELEMENT(#10203,-3.);
#6274=(
MASS_UNIT()
NAMED_UNIT(*)
SI_UNIT(.KILO.,.GRAM.)
);
#6275=DERIVED_UNIT((#6272,#6273));
#6276=MEASURE_REPRESENTATION_ITEM('density measure',
POSITIVE_RATIO_MEASURE(7850.),#6275);
#6277=PROPERTY_DEFINITION_REPRESENTATION(#6282,#6279);
#6278=PROPERTY_DEFINITION_REPRESENTATION(#6283,#6280);
#6279=REPRESENTATION('material name',(#6281),#10200);
#6280=REPRESENTATION('density',(#6276),#10200);
#6281=DESCRIPTIVE_REPRESENTATION_ITEM('Steel','Steel');
#6282=PROPERTY_DEFINITION('material property','material name',#10215);
#6283=PROPERTY_DEFINITION('material property','density of part',#10215);
#6284=AXIS2_PLACEMENT_3D('',#8405,#6747,#6748);
#6285=AXIS2_PLACEMENT_3D('',#8406,#6749,#6750);
#6286=AXIS2_PLACEMENT_3D('',#8407,#6751,#6752);
#6287=AXIS2_PLACEMENT_3D('',#8416,#6757,#6758);
#6288=AXIS2_PLACEMENT_3D('',#8422,#6762,#6763);
#6289=AXIS2_PLACEMENT_3D('',#8428,#6767,#6768);
#6290=AXIS2_PLACEMENT_3D('',#8434,#6772,#6773);
#6291=AXIS2_PLACEMENT_3D('',#8440,#6777,#6778);
#6292=AXIS2_PLACEMENT_3D('',#8443,#6781,#6782);
#6293=AXIS2_PLACEMENT_3D('',#8445,#6783,#6784);
#6294=AXIS2_PLACEMENT_3D('',#8446,#6785,#6786);
#6295=AXIS2_PLACEMENT_3D('',#8455,#6791,#6792);
#6296=AXIS2_PLACEMENT_3D('',#8461,#6796,#6797);
#6297=AXIS2_PLACEMENT_3D('',#8467,#6801,#6802);
#6298=AXIS2_PLACEMENT_3D('',#8473,#6806,#6807);
#6299=AXIS2_PLACEMENT_3D('',#8479,#6811,#6812);
#6300=AXIS2_PLACEMENT_3D('',#8482,#6815,#6816);
#6301=AXIS2_PLACEMENT_3D('',#8484,#6817,#6818);
#6302=AXIS2_PLACEMENT_3D('',#8485,#6819,#6820);
#6303=AXIS2_PLACEMENT_3D('',#8494,#6825,#6826);
#6304=AXIS2_PLACEMENT_3D('',#8500,#6830,#6831);
#6305=AXIS2_PLACEMENT_3D('',#8506,#6835,#6836);
#6306=AXIS2_PLACEMENT_3D('',#8512,#6840,#6841);
#6307=AXIS2_PLACEMENT_3D('',#8518,#6845,#6846);
#6308=AXIS2_PLACEMENT_3D('',#8521,#6849,#6850);
#6309=AXIS2_PLACEMENT_3D('',#8523,#6851,#6852);
#6310=AXIS2_PLACEMENT_3D('',#8524,#6853,#6854);
#6311=AXIS2_PLACEMENT_3D('',#8533,#6859,#6860);
#6312=AXIS2_PLACEMENT_3D('',#8539,#6864,#6865);
#6313=AXIS2_PLACEMENT_3D('',#8545,#6869,#6870);
#6314=AXIS2_PLACEMENT_3D('',#8551,#6874,#6875);
#6315=AXIS2_PLACEMENT_3D('',#8557,#6879,#6880);
#6316=AXIS2_PLACEMENT_3D('',#8560,#6883,#6884);
#6317=AXIS2_PLACEMENT_3D('',#8562,#6885,#6886);
#6318=AXIS2_PLACEMENT_3D('',#8563,#6887,#6888);
#6319=AXIS2_PLACEMENT_3D('',#8572,#6893,#6894);
#6320=AXIS2_PLACEMENT_3D('',#8578,#6898,#6899);
#6321=AXIS2_PLACEMENT_3D('',#8584,#6903,#6904);
#6322=AXIS2_PLACEMENT_3D('',#8590,#6908,#6909);
#6323=AXIS2_PLACEMENT_3D('',#8596,#6913,#6914);
#6324=AXIS2_PLACEMENT_3D('',#8599,#6917,#6918);
#6325=AXIS2_PLACEMENT_3D('',#8601,#6919,#6920);
#6326=AXIS2_PLACEMENT_3D('',#8602,#6921,#6922);
#6327=AXIS2_PLACEMENT_3D('',#8611,#6927,#6928);
#6328=AXIS2_PLACEMENT_3D('',#8617,#6932,#6933);
#6329=AXIS2_PLACEMENT_3D('',#8623,#6937,#6938);
#6330=AXIS2_PLACEMENT_3D('',#8629,#6942,#6943);
#6331=AXIS2_PLACEMENT_3D('',#8635,#6947,#6948);
#6332=AXIS2_PLACEMENT_3D('',#8638,#6951,#6952);
#6333=AXIS2_PLACEMENT_3D('',#8640,#6953,#6954);
#6334=AXIS2_PLACEMENT_3D('',#8641,#6955,#6956);
#6335=AXIS2_PLACEMENT_3D('',#8650,#6961,#6962);
#6336=AXIS2_PLACEMENT_3D('',#8656,#6966,#6967);
#6337=AXIS2_PLACEMENT_3D('',#8662,#6971,#6972);
#6338=AXIS2_PLACEMENT_3D('',#8668,#6976,#6977);
#6339=AXIS2_PLACEMENT_3D('',#8674,#6981,#6982);
#6340=AXIS2_PLACEMENT_3D('',#8677,#6985,#6986);
#6341=AXIS2_PLACEMENT_3D('',#8679,#6987,#6988);
#6342=AXIS2_PLACEMENT_3D('',#8680,#6989,#6990);
#6343=AXIS2_PLACEMENT_3D('',#8689,#6995,#6996);
#6344=AXIS2_PLACEMENT_3D('',#8695,#7000,#7001);
#6345=AXIS2_PLACEMENT_3D('',#8701,#7005,#7006);
#6346=AXIS2_PLACEMENT_3D('',#8707,#7010,#7011);
#6347=AXIS2_PLACEMENT_3D('',#8713,#7015,#7016);
#6348=AXIS2_PLACEMENT_3D('',#8716,#7019,#7020);
#6349=AXIS2_PLACEMENT_3D('',#8718,#7021,#7022);
#6350=AXIS2_PLACEMENT_3D('',#8719,#7023,#7024);
#6351=AXIS2_PLACEMENT_3D('',#8728,#7029,#7030);
#6352=AXIS2_PLACEMENT_3D('',#8734,#7034,#7035);
#6353=AXIS2_PLACEMENT_3D('',#8740,#7039,#7040);
#6354=AXIS2_PLACEMENT_3D('',#8746,#7044,#7045);
#6355=AXIS2_PLACEMENT_3D('',#8752,#7049,#7050);
#6356=AXIS2_PLACEMENT_3D('',#8755,#7053,#7054);
#6357=AXIS2_PLACEMENT_3D('',#8757,#7055,#7056);
#6358=AXIS2_PLACEMENT_3D('',#8758,#7057,#7058);
#6359=AXIS2_PLACEMENT_3D('',#8767,#7063,#7064);
#6360=AXIS2_PLACEMENT_3D('',#8773,#7068,#7069);
#6361=AXIS2_PLACEMENT_3D('',#8779,#7073,#7074);
#6362=AXIS2_PLACEMENT_3D('',#8785,#7078,#7079);
#6363=AXIS2_PLACEMENT_3D('',#8791,#7083,#7084);
#6364=AXIS2_PLACEMENT_3D('',#8794,#7087,#7088);
#6365=AXIS2_PLACEMENT_3D('',#8796,#7089,#7090);
#6366=AXIS2_PLACEMENT_3D('',#8797,#7091,#7092);
#6367=AXIS2_PLACEMENT_3D('',#8806,#7097,#7098);
#6368=AXIS2_PLACEMENT_3D('',#8812,#7102,#7103);
#6369=AXIS2_PLACEMENT_3D('',#8818,#7107,#7108);
#6370=AXIS2_PLACEMENT_3D('',#8824,#7112,#7113);
#6371=AXIS2_PLACEMENT_3D('',#8830,#7117,#7118);
#6372=AXIS2_PLACEMENT_3D('',#8833,#7121,#7122);
#6373=AXIS2_PLACEMENT_3D('',#8835,#7123,#7124);
#6374=AXIS2_PLACEMENT_3D('',#8836,#7125,#7126);
#6375=AXIS2_PLACEMENT_3D('',#8845,#7131,#7132);
#6376=AXIS2_PLACEMENT_3D('',#8851,#7136,#7137);
#6377=AXIS2_PLACEMENT_3D('',#8857,#7141,#7142);
#6378=AXIS2_PLACEMENT_3D('',#8863,#7146,#7147);
#6379=AXIS2_PLACEMENT_3D('',#8869,#7151,#7152);
#6380=AXIS2_PLACEMENT_3D('',#8872,#7155,#7156);
#6381=AXIS2_PLACEMENT_3D('',#8874,#7157,#7158);
#6382=AXIS2_PLACEMENT_3D('',#8875,#7159,#7160);
#6383=AXIS2_PLACEMENT_3D('',#8884,#7165,#7166);
#6384=AXIS2_PLACEMENT_3D('',#8890,#7170,#7171);
#6385=AXIS2_PLACEMENT_3D('',#8896,#7175,#7176);
#6386=AXIS2_PLACEMENT_3D('',#8902,#7180,#7181);
#6387=AXIS2_PLACEMENT_3D('',#8908,#7185,#7186);
#6388=AXIS2_PLACEMENT_3D('',#8911,#7189,#7190);
#6389=AXIS2_PLACEMENT_3D('',#8913,#7191,#7192);
#6390=AXIS2_PLACEMENT_3D('',#8914,#7193,#7194);
#6391=AXIS2_PLACEMENT_3D('',#8923,#7199,#7200);
#6392=AXIS2_PLACEMENT_3D('',#8929,#7204,#7205);
#6393=AXIS2_PLACEMENT_3D('',#8935,#7209,#7210);
#6394=AXIS2_PLACEMENT_3D('',#8941,#7214,#7215);
#6395=AXIS2_PLACEMENT_3D('',#8947,#7219,#7220);
#6396=AXIS2_PLACEMENT_3D('',#8950,#7223,#7224);
#6397=AXIS2_PLACEMENT_3D('',#8952,#7225,#7226);
#6398=AXIS2_PLACEMENT_3D('',#8953,#7227,#7228);
#6399=AXIS2_PLACEMENT_3D('',#8962,#7233,#7234);
#6400=AXIS2_PLACEMENT_3D('',#8968,#7238,#7239);
#6401=AXIS2_PLACEMENT_3D('',#8974,#7243,#7244);
#6402=AXIS2_PLACEMENT_3D('',#8980,#7248,#7249);
#6403=AXIS2_PLACEMENT_3D('',#8986,#7253,#7254);
#6404=AXIS2_PLACEMENT_3D('',#8989,#7257,#7258);
#6405=AXIS2_PLACEMENT_3D('',#8991,#7259,#7260);
#6406=AXIS2_PLACEMENT_3D('',#8992,#7261,#7262);
#6407=AXIS2_PLACEMENT_3D('',#9001,#7267,#7268);
#6408=AXIS2_PLACEMENT_3D('',#9007,#7272,#7273);
#6409=AXIS2_PLACEMENT_3D('',#9013,#7277,#7278);
#6410=AXIS2_PLACEMENT_3D('',#9019,#7282,#7283);
#6411=AXIS2_PLACEMENT_3D('',#9025,#7287,#7288);
#6412=AXIS2_PLACEMENT_3D('',#9028,#7291,#7292);
#6413=AXIS2_PLACEMENT_3D('',#9030,#7293,#7294);
#6414=AXIS2_PLACEMENT_3D('',#9031,#7295,#7296);
#6415=AXIS2_PLACEMENT_3D('',#9040,#7301,#7302);
#6416=AXIS2_PLACEMENT_3D('',#9046,#7306,#7307);
#6417=AXIS2_PLACEMENT_3D('',#9052,#7311,#7312);
#6418=AXIS2_PLACEMENT_3D('',#9058,#7316,#7317);
#6419=AXIS2_PLACEMENT_3D('',#9064,#7321,#7322);
#6420=AXIS2_PLACEMENT_3D('',#9067,#7325,#7326);
#6421=AXIS2_PLACEMENT_3D('',#9069,#7327,#7328);
#6422=AXIS2_PLACEMENT_3D('',#9070,#7329,#7330);
#6423=AXIS2_PLACEMENT_3D('',#9079,#7335,#7336);
#6424=AXIS2_PLACEMENT_3D('',#9085,#7340,#7341);
#6425=AXIS2_PLACEMENT_3D('',#9091,#7345,#7346);
#6426=AXIS2_PLACEMENT_3D('',#9097,#7350,#7351);
#6427=AXIS2_PLACEMENT_3D('',#9103,#7355,#7356);
#6428=AXIS2_PLACEMENT_3D('',#9106,#7359,#7360);
#6429=AXIS2_PLACEMENT_3D('',#9108,#7361,#7362);
#6430=AXIS2_PLACEMENT_3D('',#9109,#7363,#7364);
#6431=AXIS2_PLACEMENT_3D('',#9118,#7369,#7370);
#6432=AXIS2_PLACEMENT_3D('',#9124,#7374,#7375);
#6433=AXIS2_PLACEMENT_3D('',#9130,#7379,#7380);
#6434=AXIS2_PLACEMENT_3D('',#9136,#7384,#7385);
#6435=AXIS2_PLACEMENT_3D('',#9142,#7389,#7390);
#6436=AXIS2_PLACEMENT_3D('',#9145,#7393,#7394);
#6437=AXIS2_PLACEMENT_3D('',#9147,#7395,#7396);
#6438=AXIS2_PLACEMENT_3D('',#9148,#7397,#7398);
#6439=AXIS2_PLACEMENT_3D('',#9157,#7403,#7404);
#6440=AXIS2_PLACEMENT_3D('',#9163,#7408,#7409);
#6441=AXIS2_PLACEMENT_3D('',#9169,#7413,#7414);
#6442=AXIS2_PLACEMENT_3D('',#9175,#7418,#7419);
#6443=AXIS2_PLACEMENT_3D('',#9181,#7423,#7424);
#6444=AXIS2_PLACEMENT_3D('',#9184,#7427,#7428);
#6445=AXIS2_PLACEMENT_3D('',#9186,#7429,#7430);
#6446=AXIS2_PLACEMENT_3D('',#9187,#7431,#7432);
#6447=AXIS2_PLACEMENT_3D('',#9196,#7437,#7438);
#6448=AXIS2_PLACEMENT_3D('',#9202,#7442,#7443);
#6449=AXIS2_PLACEMENT_3D('',#9208,#7447,#7448);
#6450=AXIS2_PLACEMENT_3D('',#9214,#7452,#7453);
#6451=AXIS2_PLACEMENT_3D('',#9220,#7457,#7458);
#6452=AXIS2_PLACEMENT_3D('',#9223,#7461,#7462);
#6453=AXIS2_PLACEMENT_3D('',#9225,#7463,#7464);
#6454=AXIS2_PLACEMENT_3D('',#9226,#7465,#7466);
#6455=AXIS2_PLACEMENT_3D('',#9235,#7471,#7472);
#6456=AXIS2_PLACEMENT_3D('',#9241,#7476,#7477);
#6457=AXIS2_PLACEMENT_3D('',#9247,#7481,#7482);
#6458=AXIS2_PLACEMENT_3D('',#9253,#7486,#7487);
#6459=AXIS2_PLACEMENT_3D('',#9259,#7491,#7492);
#6460=AXIS2_PLACEMENT_3D('',#9262,#7495,#7496);
#6461=AXIS2_PLACEMENT_3D('',#9264,#7497,#7498);
#6462=AXIS2_PLACEMENT_3D('',#9265,#7499,#7500);
#6463=AXIS2_PLACEMENT_3D('',#9274,#7505,#7506);
#6464=AXIS2_PLACEMENT_3D('',#9280,#7510,#7511);
#6465=AXIS2_PLACEMENT_3D('',#9286,#7515,#7516);
#6466=AXIS2_PLACEMENT_3D('',#9292,#7520,#7521);
#6467=AXIS2_PLACEMENT_3D('',#9298,#7525,#7526);
#6468=AXIS2_PLACEMENT_3D('',#9301,#7529,#7530);
#6469=AXIS2_PLACEMENT_3D('',#9303,#7531,#7532);
#6470=AXIS2_PLACEMENT_3D('',#9304,#7533,#7534);
#6471=AXIS2_PLACEMENT_3D('',#9313,#7539,#7540);
#6472=AXIS2_PLACEMENT_3D('',#9319,#7544,#7545);
#6473=AXIS2_PLACEMENT_3D('',#9325,#7549,#7550);
#6474=AXIS2_PLACEMENT_3D('',#9331,#7554,#7555);
#6475=AXIS2_PLACEMENT_3D('',#9337,#7559,#7560);
#6476=AXIS2_PLACEMENT_3D('',#9340,#7563,#7564);
#6477=AXIS2_PLACEMENT_3D('',#9342,#7565,#7566);
#6478=AXIS2_PLACEMENT_3D('',#9343,#7567,#7568);
#6479=AXIS2_PLACEMENT_3D('',#9352,#7573,#7574);
#6480=AXIS2_PLACEMENT_3D('',#9358,#7578,#7579);
#6481=AXIS2_PLACEMENT_3D('',#9364,#7583,#7584);
#6482=AXIS2_PLACEMENT_3D('',#9370,#7588,#7589);
#6483=AXIS2_PLACEMENT_3D('',#9376,#7593,#7594);
#6484=AXIS2_PLACEMENT_3D('',#9379,#7597,#7598);
#6485=AXIS2_PLACEMENT_3D('',#9381,#7599,#7600);
#6486=AXIS2_PLACEMENT_3D('',#9382,#7601,#7602);
#6487=AXIS2_PLACEMENT_3D('',#9385,#7604,#7605);
#6488=AXIS2_PLACEMENT_3D('',#9386,#7606,#7607);
#6489=AXIS2_PLACEMENT_3D('',#9389,#7609,#7610);
#6490=AXIS2_PLACEMENT_3D('',#9390,#7611,#7612);
#6491=AXIS2_PLACEMENT_3D('',#9393,#7614,#7615);
#6492=AXIS2_PLACEMENT_3D('',#9394,#7616,#7617);
#6493=AXIS2_PLACEMENT_3D('',#9397,#7619,#7620);
#6494=AXIS2_PLACEMENT_3D('',#9398,#7621,#7622);
#6495=AXIS2_PLACEMENT_3D('',#9401,#7624,#7625);
#6496=AXIS2_PLACEMENT_3D('',#9402,#7626,#7627);
#6497=AXIS2_PLACEMENT_3D('',#9405,#7629,#7630);
#6498=AXIS2_PLACEMENT_3D('',#9406,#7631,#7632);
#6499=AXIS2_PLACEMENT_3D('',#9409,#7634,#7635);
#6500=AXIS2_PLACEMENT_3D('',#9410,#7636,#7637);
#6501=AXIS2_PLACEMENT_3D('',#9413,#7639,#7640);
#6502=AXIS2_PLACEMENT_3D('',#9414,#7641,#7642);
#6503=AXIS2_PLACEMENT_3D('',#9417,#7644,#7645);
#6504=AXIS2_PLACEMENT_3D('',#9418,#7646,#7647);
#6505=AXIS2_PLACEMENT_3D('',#9421,#7649,#7650);
#6506=AXIS2_PLACEMENT_3D('',#9422,#7651,#7652);
#6507=AXIS2_PLACEMENT_3D('',#9425,#7654,#7655);
#6508=AXIS2_PLACEMENT_3D('',#9426,#7656,#7657);
#6509=AXIS2_PLACEMENT_3D('',#9429,#7659,#7660);
#6510=AXIS2_PLACEMENT_3D('',#9430,#7661,#7662);
#6511=AXIS2_PLACEMENT_3D('',#9433,#7664,#7665);
#6512=AXIS2_PLACEMENT_3D('',#9434,#7666,#7667);
#6513=AXIS2_PLACEMENT_3D('',#9437,#7669,#7670);
#6514=AXIS2_PLACEMENT_3D('',#9438,#7671,#7672);
#6515=AXIS2_PLACEMENT_3D('',#9441,#7674,#7675);
#6516=AXIS2_PLACEMENT_3D('',#9442,#7676,#7677);
#6517=AXIS2_PLACEMENT_3D('',#9445,#7679,#7680);
#6518=AXIS2_PLACEMENT_3D('',#9446,#7681,#7682);
#6519=AXIS2_PLACEMENT_3D('',#9449,#7684,#7685);
#6520=AXIS2_PLACEMENT_3D('',#9450,#7686,#7687);
#6521=AXIS2_PLACEMENT_3D('',#9453,#7689,#7690);
#6522=AXIS2_PLACEMENT_3D('',#9454,#7691,#7692);
#6523=AXIS2_PLACEMENT_3D('',#9457,#7694,#7695);
#6524=AXIS2_PLACEMENT_3D('',#9458,#7696,#7697);
#6525=AXIS2_PLACEMENT_3D('',#9461,#7699,#7700);
#6526=AXIS2_PLACEMENT_3D('',#9462,#7701,#7702);
#6527=AXIS2_PLACEMENT_3D('',#9465,#7704,#7705);
#6528=AXIS2_PLACEMENT_3D('',#9466,#7706,#7707);
#6529=AXIS2_PLACEMENT_3D('',#9469,#7709,#7710);
#6530=AXIS2_PLACEMENT_3D('',#9470,#7711,#7712);
#6531=AXIS2_PLACEMENT_3D('',#9473,#7714,#7715);
#6532=AXIS2_PLACEMENT_3D('',#9474,#7716,#7717);
#6533=AXIS2_PLACEMENT_3D('',#9477,#7719,#7720);
#6534=AXIS2_PLACEMENT_3D('',#9478,#7721,#7722);
#6535=AXIS2_PLACEMENT_3D('',#9481,#7724,#7725);
#6536=AXIS2_PLACEMENT_3D('',#9482,#7726,#7727);
#6537=AXIS2_PLACEMENT_3D('',#9491,#7732,#7733);
#6538=AXIS2_PLACEMENT_3D('',#9500,#7738,#7739);
#6539=AXIS2_PLACEMENT_3D('',#9503,#7742,#7743);
#6540=AXIS2_PLACEMENT_3D('',#9521,#7753,#7754);
#6541=AXIS2_PLACEMENT_3D('',#9525,#7756,#7757);
#6542=AXIS2_PLACEMENT_3D('',#9529,#7759,#7760);
#6543=AXIS2_PLACEMENT_3D('',#9537,#7764,#7765);
#6544=AXIS2_PLACEMENT_3D('',#9556,#7775,#7776);
#6545=AXIS2_PLACEMENT_3D('',#9557,#7777,#7778);
#6546=AXIS2_PLACEMENT_3D('',#9564,#7782,#7783);
#6547=AXIS2_PLACEMENT_3D('',#9572,#7787,#7788);
#6548=AXIS2_PLACEMENT_3D('',#9574,#7790,#7791);
#6549=AXIS2_PLACEMENT_3D('',#9585,#7797,#7798);
#6550=AXIS2_PLACEMENT_3D('',#9612,#7813,#7814);
#6551=AXIS2_PLACEMENT_3D('',#9620,#7819,#7820);
#6552=AXIS2_PLACEMENT_3D('',#9624,#7823,#7824);
#6553=AXIS2_PLACEMENT_3D('',#9646,#7837,#7838);
#6554=AXIS2_PLACEMENT_3D('',#9649,#7841,#7842);
#6555=AXIS2_PLACEMENT_3D('',#9651,#7844,#7845);
#6556=AXIS2_PLACEMENT_3D('',#9653,#7846,#7847);
#6557=AXIS2_PLACEMENT_3D('',#9657,#7849,#7850);
#6558=AXIS2_PLACEMENT_3D('',#9673,#7851,#7852);
#6559=AXIS2_PLACEMENT_3D('',#9674,#7853,#7854);
#6560=AXIS2_PLACEMENT_3D('',#9676,#7855,#7856);
#6561=AXIS2_PLACEMENT_3D('',#9680,#7858,#7859);
#6562=AXIS2_PLACEMENT_3D('',#9696,#7860,#7861);
#6563=AXIS2_PLACEMENT_3D('',#9697,#7862,#7863);
#6564=AXIS2_PLACEMENT_3D('',#9698,#7864,#7865);
#6565=AXIS2_PLACEMENT_3D('',#9699,#7866,#7867);
#6566=AXIS2_PLACEMENT_3D('',#9701,#7868,#7869);
#6567=AXIS2_PLACEMENT_3D('',#9702,#7870,#7871);
#6568=AXIS2_PLACEMENT_3D('',#9704,#7872,#7873);
#6569=AXIS2_PLACEMENT_3D('',#9705,#7874,#7875);
#6570=AXIS2_PLACEMENT_3D('',#9707,#7876,#7877);
#6571=AXIS2_PLACEMENT_3D('',#9708,#7878,#7879);
#6572=AXIS2_PLACEMENT_3D('',#9710,#7880,#7881);
#6573=AXIS2_PLACEMENT_3D('',#9711,#7882,#7883);
#6574=AXIS2_PLACEMENT_3D('',#9714,#7884,#7885);
#6575=AXIS2_PLACEMENT_3D('',#9718,#7887,#7888);
#6576=AXIS2_PLACEMENT_3D('',#9720,#7890,#7891);
#6577=AXIS2_PLACEMENT_3D('',#9727,#7896,#7897);
#6578=AXIS2_PLACEMENT_3D('',#9731,#7900,#7901);
#6579=AXIS2_PLACEMENT_3D('',#9734,#7902,#7903);
#6580=AXIS2_PLACEMENT_3D('',#9738,#7905,#7906);
#6581=AXIS2_PLACEMENT_3D('',#9740,#7908,#7909);
#6582=AXIS2_PLACEMENT_3D('',#9747,#7914,#7915);
#6583=AXIS2_PLACEMENT_3D('',#9751,#7918,#7919);
#6584=AXIS2_PLACEMENT_3D('',#9756,#7923,#7924);
#6585=AXIS2_PLACEMENT_3D('',#9761,#7928,#7929);
#6586=AXIS2_PLACEMENT_3D('',#9762,#7930,#7931);
#6587=AXIS2_PLACEMENT_3D('',#9763,#7932,#7933);
#6588=AXIS2_PLACEMENT_3D('',#9765,#7935,#7936);
#6589=AXIS2_PLACEMENT_3D('',#9782,#7945,#7946);
#6590=AXIS2_PLACEMENT_3D('',#9790,#7950,#7951);
#6591=AXIS2_PLACEMENT_3D('',#9792,#7952,#7953);
#6592=AXIS2_PLACEMENT_3D('',#9799,#7957,#7958);
#6593=AXIS2_PLACEMENT_3D('',#9800,#7959,#7960);
#6594=AXIS2_PLACEMENT_3D('',#9801,#7961,#7962);
#6595=AXIS2_PLACEMENT_3D('',#9802,#7963,#7964);
#6596=AXIS2_PLACEMENT_3D('',#9803,#7965,#7966);
#6597=AXIS2_PLACEMENT_3D('',#9805,#7967,#7968);
#6598=AXIS2_PLACEMENT_3D('',#9807,#7969,#7970);
#6599=AXIS2_PLACEMENT_3D('',#9809,#7972,#7973);
#6600=AXIS2_PLACEMENT_3D('',#9810,#7974,#7975);
#6601=AXIS2_PLACEMENT_3D('',#9811,#7976,#7977);
#6602=AXIS2_PLACEMENT_3D('',#9814,#7979,#7980);
#6603=AXIS2_PLACEMENT_3D('',#9815,#7981,#7982);
#6604=AXIS2_PLACEMENT_3D('',#9828,#7989,#7990);
#6605=AXIS2_PLACEMENT_3D('',#9829,#7991,#7992);
#6606=AXIS2_PLACEMENT_3D('',#9831,#7993,#7994);
#6607=AXIS2_PLACEMENT_3D('',#9832,#7995,#7996);
#6608=AXIS2_PLACEMENT_3D('',#9834,#7997,#7998);
#6609=AXIS2_PLACEMENT_3D('',#9836,#7999,#8000);
#6610=AXIS2_PLACEMENT_3D('',#9837,#8001,#8002);
#6611=AXIS2_PLACEMENT_3D('',#9838,#8003,#8004);
#6612=AXIS2_PLACEMENT_3D('',#9839,#8005,#8006);
#6613=AXIS2_PLACEMENT_3D('',#9840,#8007,#8008);
#6614=AXIS2_PLACEMENT_3D('',#9842,#8009,#8010);
#6615=AXIS2_PLACEMENT_3D('',#9844,#8012,#8013);
#6616=AXIS2_PLACEMENT_3D('',#9845,#8014,#8015);
#6617=AXIS2_PLACEMENT_3D('',#9846,#8016,#8017);
#6618=AXIS2_PLACEMENT_3D('',#9849,#8019,#8020);
#6619=AXIS2_PLACEMENT_3D('',#9850,#8021,#8022);
#6620=AXIS2_PLACEMENT_3D('',#9852,#8023,#8024);
#6621=AXIS2_PLACEMENT_3D('',#9858,#8027,#8028);
#6622=AXIS2_PLACEMENT_3D('',#9862,#8030,#8031);
#6623=AXIS2_PLACEMENT_3D('',#9892,#8046,#8047);
#6624=AXIS2_PLACEMENT_3D('',#9904,#8054,#8055);
#6625=AXIS2_PLACEMENT_3D('',#9910,#8058,#8059);
#6626=AXIS2_PLACEMENT_3D('',#9914,#8062,#8063);
#6627=AXIS2_PLACEMENT_3D('',#9917,#8064,#8065);
#6628=AXIS2_PLACEMENT_3D('',#9923,#8069,#8070);
#6629=AXIS2_PLACEMENT_3D('',#9926,#8071,#8072);
#6630=AXIS2_PLACEMENT_3D('',#9932,#8076,#8077);
#6631=AXIS2_PLACEMENT_3D('',#9939,#8083,#8084);
#6632=AXIS2_PLACEMENT_3D('',#9940,#8085,#8086);
#6633=AXIS2_PLACEMENT_3D('',#9943,#8087,#8088);
#6634=AXIS2_PLACEMENT_3D('',#9947,#8090,#8091);
#6635=AXIS2_PLACEMENT_3D('',#9949,#8093,#8094);
#6636=AXIS2_PLACEMENT_3D('',#9952,#8096,#8097);
#6637=AXIS2_PLACEMENT_3D('',#9954,#8099,#8100);
#6638=AXIS2_PLACEMENT_3D('',#9955,#8101,#8102);
#6639=AXIS2_PLACEMENT_3D('',#9956,#8103,#8104);
#6640=AXIS2_PLACEMENT_3D('',#9964,#8109,#8110);
#6641=AXIS2_PLACEMENT_3D('',#9965,#8111,#8112);
#6642=AXIS2_PLACEMENT_3D('',#9973,#8116,#8117);
#6643=AXIS2_PLACEMENT_3D('',#10003,#8132,#8133);
#6644=AXIS2_PLACEMENT_3D('',#10007,#8135,#8136);
#6645=AXIS2_PLACEMENT_3D('',#10012,#8139,#8140);
#6646=AXIS2_PLACEMENT_3D('',#10013,#8141,#8142);
#6647=AXIS2_PLACEMENT_3D('',#10016,#8144,#8145);
#6648=AXIS2_PLACEMENT_3D('',#10017,#8146,#8147);
#6649=AXIS2_PLACEMENT_3D('',#10019,#8148,#8149);
#6650=AXIS2_PLACEMENT_3D('',#10021,#8151,#8152);
#6651=AXIS2_PLACEMENT_3D('',#10022,#8153,#8154);
#6652=AXIS2_PLACEMENT_3D('',#10023,#8155,#8156);
#6653=AXIS2_PLACEMENT_3D('',#10032,#8162,#8163);
#6654=AXIS2_PLACEMENT_3D('',#10035,#8166,#8167);
#6655=AXIS2_PLACEMENT_3D('',#10036,#8168,#8169);
#6656=AXIS2_PLACEMENT_3D('',#10037,#8170,#8171);
#6657=AXIS2_PLACEMENT_3D('',#10040,#8173,#8174);
#6658=AXIS2_PLACEMENT_3D('',#10041,#8175,#8176);
#6659=AXIS2_PLACEMENT_3D('',#10043,#8178,#8179);
#6660=AXIS2_PLACEMENT_3D('',#10049,#8183,#8184);
#6661=AXIS2_PLACEMENT_3D('',#10051,#8186,#8187);
#6662=AXIS2_PLACEMENT_3D('',#10053,#8189,#8190);
#6663=AXIS2_PLACEMENT_3D('',#10054,#8191,#8192);
#6664=AXIS2_PLACEMENT_3D('',#10055,#8193,#8194);
#6665=AXIS2_PLACEMENT_3D('',#10056,#8195,#8196);
#6666=AXIS2_PLACEMENT_3D('',#10057,#8197,#8198);
#6667=AXIS2_PLACEMENT_3D('',#10058,#8199,#8200);
#6668=AXIS2_PLACEMENT_3D('',#10059,#8201,#8202);
#6669=AXIS2_PLACEMENT_3D('',#10060,#8203,#8204);
#6670=AXIS2_PLACEMENT_3D('',#10061,#8205,#8206);
#6671=AXIS2_PLACEMENT_3D('',#10062,#8207,#8208);
#6672=AXIS2_PLACEMENT_3D('',#10063,#8209,#8210);
#6673=AXIS2_PLACEMENT_3D('',#10064,#8211,#8212);
#6674=AXIS2_PLACEMENT_3D('',#10065,#8213,#8214);
#6675=AXIS2_PLACEMENT_3D('',#10066,#8215,#8216);
#6676=AXIS2_PLACEMENT_3D('',#10067,#8217,#8218);
#6677=AXIS2_PLACEMENT_3D('',#10068,#8219,#8220);
#6678=AXIS2_PLACEMENT_3D('',#10069,#8221,#8222);
#6679=AXIS2_PLACEMENT_3D('',#10070,#8223,#8224);
#6680=AXIS2_PLACEMENT_3D('',#10071,#8225,#8226);
#6681=AXIS2_PLACEMENT_3D('',#10072,#8227,#8228);
#6682=AXIS2_PLACEMENT_3D('',#10073,#8229,#8230);
#6683=AXIS2_PLACEMENT_3D('',#10077,#8233,#8234);
#6684=AXIS2_PLACEMENT_3D('',#10081,#8237,#8238);
#6685=AXIS2_PLACEMENT_3D('',#10084,#8241,#8242);
#6686=AXIS2_PLACEMENT_3D('',#10086,#8244,#8245);
#6687=AXIS2_PLACEMENT_3D('',#10088,#8247,#8248);
#6688=AXIS2_PLACEMENT_3D('',#10090,#8250,#8251);
#6689=AXIS2_PLACEMENT_3D('',#10091,#8252,#8253);
#6690=AXIS2_PLACEMENT_3D('',#10097,#8257,#8258);
#6691=AXIS2_PLACEMENT_3D('',#10099,#8260,#8261);
#6692=AXIS2_PLACEMENT_3D('',#10101,#8263,#8264);
#6693=AXIS2_PLACEMENT_3D('',#10102,#8265,#8266);
#6694=AXIS2_PLACEMENT_3D('',#10105,#8269,#8270);
#6695=AXIS2_PLACEMENT_3D('',#10108,#8273,#8274);
#6696=AXIS2_PLACEMENT_3D('',#10110,#8276,#8277);
#6697=AXIS2_PLACEMENT_3D('',#10112,#8279,#8280);
#6698=AXIS2_PLACEMENT_3D('',#10114,#8282,#8283);
#6699=AXIS2_PLACEMENT_3D('',#10116,#8285,#8286);
#6700=AXIS2_PLACEMENT_3D('',#10118,#8288,#8289);
#6701=AXIS2_PLACEMENT_3D('',#10120,#8291,#8292);
#6702=AXIS2_PLACEMENT_3D('',#10123,#8295,#8296);
#6703=AXIS2_PLACEMENT_3D('',#10124,#8297,#8298);
#6704=AXIS2_PLACEMENT_3D('',#10126,#8300,#8301);
#6705=AXIS2_PLACEMENT_3D('',#10128,#8303,#8304);
#6706=AXIS2_PLACEMENT_3D('',#10129,#8305,#8306);
#6707=AXIS2_PLACEMENT_3D('',#10131,#8308,#8309);
#6708=AXIS2_PLACEMENT_3D('',#10133,#8311,#8312);
#6709=AXIS2_PLACEMENT_3D('',#10134,#8313,#8314);
#6710=AXIS2_PLACEMENT_3D('',#10137,#8316,#8317);
#6711=AXIS2_PLACEMENT_3D('',#10138,#8318,#8319);
#6712=AXIS2_PLACEMENT_3D('',#10141,#8321,#8322);
#6713=AXIS2_PLACEMENT_3D('',#10142,#8323,#8324);
#6714=AXIS2_PLACEMENT_3D('',#10144,#8325,#8326);
#6715=AXIS2_PLACEMENT_3D('',#10145,#8327,#8328);
#6716=AXIS2_PLACEMENT_3D('',#10147,#8329,#8330);
#6717=AXIS2_PLACEMENT_3D('',#10148,#8331,#8332);
#6718=AXIS2_PLACEMENT_3D('',#10150,#8334,#8335);
#6719=AXIS2_PLACEMENT_3D('',#10152,#8337,#8338);
#6720=AXIS2_PLACEMENT_3D('',#10153,#8339,#8340);
#6721=AXIS2_PLACEMENT_3D('',#10156,#8343,#8344);
#6722=AXIS2_PLACEMENT_3D('',#10157,#8345,#8346);
#6723=AXIS2_PLACEMENT_3D('',#10160,#8349,#8350);
#6724=AXIS2_PLACEMENT_3D('',#10161,#8351,#8352);
#6725=AXIS2_PLACEMENT_3D('',#10163,#8354,#8355);
#6726=AXIS2_PLACEMENT_3D('',#10164,#8356,#8357);
#6727=AXIS2_PLACEMENT_3D('',#10165,#8358,#8359);
#6728=AXIS2_PLACEMENT_3D('',#10166,#8360,#8361);
#6729=AXIS2_PLACEMENT_3D('',#10168,#8363,#8364);
#6730=AXIS2_PLACEMENT_3D('',#10169,#8365,#8366);
#6731=AXIS2_PLACEMENT_3D('',#10170,#8367,#8368);
#6732=AXIS2_PLACEMENT_3D('',#10172,#8370,#8371);
#6733=AXIS2_PLACEMENT_3D('',#10173,#8372,#8373);
#6734=AXIS2_PLACEMENT_3D('',#10175,#8375,#8376);
#6735=AXIS2_PLACEMENT_3D('',#10176,#8377,#8378);
#6736=AXIS2_PLACEMENT_3D('',#10179,#8380,#8381);
#6737=AXIS2_PLACEMENT_3D('',#10180,#8382,#8383);
#6738=AXIS2_PLACEMENT_3D('',#10183,#8385,#8386);
#6739=AXIS2_PLACEMENT_3D('',#10184,#8387,#8388);
#6740=AXIS2_PLACEMENT_3D('',#10186,#8389,#8390);
#6741=AXIS2_PLACEMENT_3D('',#10187,#8391,#8392);
#6742=AXIS2_PLACEMENT_3D('',#10189,#8393,#8394);
#6743=AXIS2_PLACEMENT_3D('',#10190,#8395,#8396);
#6744=AXIS2_PLACEMENT_3D('',#10192,#8398,#8399);
#6745=AXIS2_PLACEMENT_3D('',#10194,#8401,#8402);
#6746=AXIS2_PLACEMENT_3D('',#10195,#8403,#8404);
#6747=DIRECTION('axis',(0.,0.,1.));
#6748=DIRECTION('refdir',(1.,0.,0.));
#6749=DIRECTION('axis',(0.,0.,1.));
#6750=DIRECTION('refdir',(1.,0.,0.));
#6751=DIRECTION('center_axis',(-1.,0.,-4.125815060799E-16));
#6752=DIRECTION('ref_axis',(4.125815060799E-16,0.,-1.));
#6753=DIRECTION('',(4.125815060799E-16,0.,-1.));
#6754=DIRECTION('',(0.,-1.,0.));
#6755=DIRECTION('',(4.125815060799E-16,0.,-1.));
#6756=DIRECTION('',(0.,-1.,0.));
#6757=DIRECTION('center_axis',(-0.5,0.,0.866025403784439));
#6758=DIRECTION('ref_axis',(-0.866025403784439,0.,-0.5));
#6759=DIRECTION('',(-0.866025403784439,0.,-0.5));
#6760=DIRECTION('',(0.,-1.,0.));
#6761=DIRECTION('',(-0.866025403784439,0.,-0.5));
#6762=DIRECTION('center_axis',(0.5,0.,0.866025403784439));
#6763=DIRECTION('ref_axis',(-0.866025403784439,0.,0.5));
#6764=DIRECTION('',(-0.866025403784439,0.,0.5));
#6765=DIRECTION('',(0.,-1.,0.));
#6766=DIRECTION('',(-0.866025403784439,0.,0.5));
#6767=DIRECTION('center_axis',(1.,0.,4.125815060799E-16));
#6768=DIRECTION('ref_axis',(-4.125815060799E-16,0.,1.));
#6769=DIRECTION('',(-4.125815060799E-16,0.,1.));
#6770=DIRECTION('',(0.,-1.,0.));
#6771=DIRECTION('',(-4.125815060799E-16,0.,1.));
#6772=DIRECTION('center_axis',(0.5,0.,-0.866025403784439));
#6773=DIRECTION('ref_axis',(0.866025403784439,0.,0.5));
#6774=DIRECTION('',(0.866025403784439,0.,0.5));
#6775=DIRECTION('',(0.,-1.,0.));
#6776=DIRECTION('',(0.866025403784439,0.,0.5));
#6777=DIRECTION('center_axis',(-0.499999999999999,0.,-0.866025403784439));
#6778=DIRECTION('ref_axis',(0.866025403784439,0.,-0.499999999999999));
#6779=DIRECTION('',(0.866025403784439,0.,-0.499999999999999));
#6780=DIRECTION('',(0.866025403784439,0.,-0.499999999999999));
#6781=DIRECTION('center_axis',(0.,1.,0.));
#6782=DIRECTION('ref_axis',(-1.,0.,1.11862862933799E-16));
#6783=DIRECTION('center_axis',(0.,1.,0.));
#6784=DIRECTION('ref_axis',(-1.,0.,1.11862862933799E-16));
#6785=DIRECTION('center_axis',(-0.5,0.,0.866025403784439));
#6786=DIRECTION('ref_axis',(-0.866025403784439,0.,-0.5));
#6787=DIRECTION('',(-0.866025403784439,0.,-0.5));
#6788=DIRECTION('',(0.,-1.,0.));
#6789=DIRECTION('',(-0.866025403784439,0.,-0.5));
#6790=DIRECTION('',(0.,-1.,0.));
#6791=DIRECTION('center_axis',(0.5,0.,0.866025403784439));
#6792=DIRECTION('ref_axis',(-0.866025403784439,0.,0.5));
#6793=DIRECTION('',(-0.866025403784439,0.,0.5));
#6794=DIRECTION('',(0.,-1.,0.));
#6795=DIRECTION('',(-0.866025403784439,0.,0.5));
#6796=DIRECTION('center_axis',(1.,0.,4.125815060799E-16));
#6797=DIRECTION('ref_axis',(-4.125815060799E-16,0.,1.));
#6798=DIRECTION('',(-4.125815060799E-16,0.,1.));
#6799=DIRECTION('',(0.,-1.,0.));
#6800=DIRECTION('',(-4.125815060799E-16,0.,1.));
#6801=DIRECTION('center_axis',(0.500000000000001,0.,-0.866025403784438));
#6802=DIRECTION('ref_axis',(0.866025403784438,0.,0.5));
#6803=DIRECTION('',(0.866025403784438,0.,0.5));
#6804=DIRECTION('',(0.,-1.,0.));
#6805=DIRECTION('',(0.866025403784438,0.,0.5));
#6806=DIRECTION('center_axis',(-0.5,0.,-0.866025403784439));
#6807=DIRECTION('ref_axis',(0.866025403784439,0.,-0.499999999999999));
#6808=DIRECTION('',(0.866025403784439,0.,-0.499999999999999));
#6809=DIRECTION('',(0.,-1.,0.));
#6810=DIRECTION('',(0.866025403784439,0.,-0.499999999999999));
#6811=DIRECTION('center_axis',(-1.,0.,-4.125815060799E-16));
#6812=DIRECTION('ref_axis',(4.125815060799E-16,0.,-1.));
#6813=DIRECTION('',(4.125815060799E-16,0.,-1.));
#6814=DIRECTION('',(4.125815060799E-16,0.,-1.));
#6815=DIRECTION('center_axis',(0.,1.,0.));
#6816=DIRECTION('ref_axis',(-1.,0.,1.11862862933799E-16));
#6817=DIRECTION('center_axis',(0.,1.,0.));
#6818=DIRECTION('ref_axis',(-1.,0.,1.11862862933799E-16));
#6819=DIRECTION('center_axis',(-1.,0.,-5.87396295751133E-16));
#6820=DIRECTION('ref_axis',(5.87396295751133E-16,0.,-1.));
#6821=DIRECTION('',(5.87396295751133E-16,0.,-1.));
#6822=DIRECTION('',(0.,-1.,0.));
#6823=DIRECTION('',(5.87396295751133E-16,0.,-1.));
#6824=DIRECTION('',(0.,-1.,0.));
#6825=DIRECTION('center_axis',(-0.5,0.,0.866025403784439));
#6826=DIRECTION('ref_axis',(-0.866025403784439,0.,-0.5));
#6827=DIRECTION('',(-0.866025403784439,0.,-0.5));
#6828=DIRECTION('',(0.,-1.,0.));
#6829=DIRECTION('',(-0.866025403784439,0.,-0.5));
#6830=DIRECTION('center_axis',(0.5,0.,0.866025403784439));
#6831=DIRECTION('ref_axis',(-0.866025403784439,0.,0.5));
#6832=DIRECTION('',(-0.866025403784439,0.,0.5));
#6833=DIRECTION('',(0.,-1.,0.));
#6834=DIRECTION('',(-0.866025403784439,0.,0.5));
#6835=DIRECTION('center_axis',(1.,0.,5.87396295751133E-16));
#6836=DIRECTION('ref_axis',(-5.87396295751133E-16,0.,1.));
#6837=DIRECTION('',(-5.87396295751133E-16,0.,1.));
#6838=DIRECTION('',(0.,-1.,0.));
#6839=DIRECTION('',(-5.87396295751133E-16,0.,1.));
#6840=DIRECTION('center_axis',(0.500000000000001,0.,-0.866025403784438));
#6841=DIRECTION('ref_axis',(0.866025403784438,0.,0.500000000000001));
#6842=DIRECTION('',(0.866025403784438,0.,0.500000000000001));
#6843=DIRECTION('',(0.,-1.,0.));
#6844=DIRECTION('',(0.866025403784438,0.,0.500000000000001));
#6845=DIRECTION('center_axis',(-0.5,0.,-0.866025403784439));
#6846=DIRECTION('ref_axis',(0.866025403784439,0.,-0.499999999999999));
#6847=DIRECTION('',(0.866025403784439,0.,-0.499999999999999));
#6848=DIRECTION('',(0.866025403784439,0.,-0.499999999999999));
#6849=DIRECTION('center_axis',(0.,1.,0.));
#6850=DIRECTION('ref_axis',(-1.,0.,1.11862862933799E-16));
#6851=DIRECTION('center_axis',(0.,1.,0.));
#6852=DIRECTION('ref_axis',(-1.,0.,1.11862862933799E-16));
#6853=DIRECTION('center_axis',(-1.,0.,1.11862862933799E-16));
#6854=DIRECTION('ref_axis',(-1.11862862933799E-16,0.,-1.));
#6855=DIRECTION('',(-1.11862862933799E-16,0.,-1.));
#6856=DIRECTION('',(0.,-1.,0.));
#6857=DIRECTION('',(-1.11862862933799E-16,0.,-1.));
#6858=DIRECTION('',(0.,-1.,0.));
#6859=DIRECTION('center_axis',(-0.5,0.,0.866025403784439));
#6860=DIRECTION('ref_axis',(-0.866025403784439,0.,-0.5));
#6861=DIRECTION('',(-0.866025403784439,0.,-0.5));
#6862=DIRECTION('',(0.,-1.,0.));
#6863=DIRECTION('',(-0.866025403784439,0.,-0.5));
#6864=DIRECTION('center_axis',(0.5,0.,0.866025403784438));
#6865=DIRECTION('ref_axis',(-0.866025403784438,0.,0.5));
#6866=DIRECTION('',(-0.866025403784438,0.,0.5));
#6867=DIRECTION('',(0.,-1.,0.));
#6868=DIRECTION('',(-0.866025403784438,0.,0.5));
#6869=DIRECTION('center_axis',(1.,0.,-1.11862862933799E-16));
#6870=DIRECTION('ref_axis',(1.11862862933799E-16,0.,1.));
#6871=DIRECTION('',(1.11862862933799E-16,0.,1.));
#6872=DIRECTION('',(0.,-1.,0.));
#6873=DIRECTION('',(1.11862862933799E-16,0.,1.));
#6874=DIRECTION('center_axis',(0.500000000000001,0.,-0.866025403784438));
#6875=DIRECTION('ref_axis',(0.866025403784438,0.,0.500000000000001));
#6876=DIRECTION('',(0.866025403784438,0.,0.500000000000001));
#6877=DIRECTION('',(0.,-1.,0.));
#6878=DIRECTION('',(0.866025403784438,0.,0.500000000000001));
#6879=DIRECTION('center_axis',(-0.5,0.,-0.866025403784439));
#6880=DIRECTION('ref_axis',(0.866025403784439,0.,-0.5));
#6881=DIRECTION('',(0.866025403784439,0.,-0.5));
#6882=DIRECTION('',(0.866025403784439,0.,-0.5));
#6883=DIRECTION('center_axis',(0.,1.,0.));
#6884=DIRECTION('ref_axis',(-1.,0.,1.11862862933799E-16));
#6885=DIRECTION('center_axis',(0.,1.,0.));
#6886=DIRECTION('ref_axis',(-1.,0.,1.11862862933799E-16));
#6887=DIRECTION('center_axis',(-1.,0.,-5.87396295751133E-16));
#6888=DIRECTION('ref_axis',(5.87396295751133E-16,0.,-1.));
#6889=DIRECTION('',(5.87396295751133E-16,0.,-1.));
#6890=DIRECTION('',(0.,-1.,0.));
#6891=DIRECTION('',(5.87396295751133E-16,0.,-1.));
#6892=DIRECTION('',(0.,-1.,0.));
#6893=DIRECTION('center_axis',(-0.5,0.,0.866025403784439));
#6894=DIRECTION('ref_axis',(-0.866025403784439,0.,-0.5));
#6895=DIRECTION('',(-0.866025403784439,0.,-0.5));
#6896=DIRECTION('',(0.,-1.,0.));
#6897=DIRECTION('',(-0.866025403784439,0.,-0.5));
#6898=DIRECTION('center_axis',(0.5,0.,0.866025403784439));
#6899=DIRECTION('ref_axis',(-0.866025403784439,0.,0.5));
#6900=DIRECTION('',(-0.866025403784439,0.,0.5));
#6901=DIRECTION('',(0.,-1.,0.));
#6902=DIRECTION('',(-0.866025403784439,0.,0.5));
#6903=DIRECTION('center_axis',(1.,0.,5.87396295751133E-16));
#6904=DIRECTION('ref_axis',(-5.87396295751133E-16,0.,1.));
#6905=DIRECTION('',(-5.87396295751133E-16,0.,1.));
#6906=DIRECTION('',(0.,-1.,0.));
#6907=DIRECTION('',(-5.87396295751133E-16,0.,1.));
#6908=DIRECTION('center_axis',(0.500000000000001,0.,-0.866025403784438));
#6909=DIRECTION('ref_axis',(0.866025403784438,0.,0.500000000000001));
#6910=DIRECTION('',(0.866025403784438,0.,0.500000000000001));
#6911=DIRECTION('',(0.,-1.,0.));
#6912=DIRECTION('',(0.866025403784438,0.,0.500000000000001));
#6913=DIRECTION('center_axis',(-0.5,0.,-0.866025403784439));
#6914=DIRECTION('ref_axis',(0.866025403784439,0.,-0.499999999999999));
#6915=DIRECTION('',(0.866025403784439,0.,-0.499999999999999));
#6916=DIRECTION('',(0.866025403784439,0.,-0.499999999999999));
#6917=DIRECTION('center_axis',(0.,1.,0.));
#6918=DIRECTION('ref_axis',(-1.,0.,1.11862862933799E-16));
#6919=DIRECTION('center_axis',(0.,1.,0.));
#6920=DIRECTION('ref_axis',(-1.,0.,1.11862862933799E-16));
#6921=DIRECTION('center_axis',(-1.,0.,-5.87396295751133E-16));
#6922=DIRECTION('ref_axis',(5.87396295751133E-16,0.,-1.));
#6923=DIRECTION('',(5.87396295751133E-16,0.,-1.));
#6924=DIRECTION('',(0.,-1.,0.));
#6925=DIRECTION('',(5.87396295751133E-16,0.,-1.));
#6926=DIRECTION('',(0.,-1.,0.));
#6927=DIRECTION('center_axis',(-0.5,0.,0.866025403784439));
#6928=DIRECTION('ref_axis',(-0.866025403784439,0.,-0.5));
#6929=DIRECTION('',(-0.866025403784439,0.,-0.5));
#6930=DIRECTION('',(0.,-1.,0.));
#6931=DIRECTION('',(-0.866025403784439,0.,-0.5));
#6932=DIRECTION('center_axis',(0.5,0.,0.866025403784439));
#6933=DIRECTION('ref_axis',(-0.866025403784439,0.,0.5));
#6934=DIRECTION('',(-0.866025403784439,0.,0.5));
#6935=DIRECTION('',(0.,-1.,0.));
#6936=DIRECTION('',(-0.866025403784439,0.,0.5));
#6937=DIRECTION('center_axis',(1.,0.,5.87396295751133E-16));
#6938=DIRECTION('ref_axis',(-5.87396295751133E-16,0.,1.));
#6939=DIRECTION('',(-5.87396295751133E-16,0.,1.));
#6940=DIRECTION('',(0.,-1.,0.));
#6941=DIRECTION('',(-5.87396295751133E-16,0.,1.));
#6942=DIRECTION('center_axis',(0.5,0.,-0.866025403784438));
#6943=DIRECTION('ref_axis',(0.866025403784438,0.,0.5));
#6944=DIRECTION('',(0.866025403784438,0.,0.5));
#6945=DIRECTION('',(0.,-1.,0.));
#6946=DIRECTION('',(0.866025403784438,0.,0.5));
#6947=DIRECTION('center_axis',(-0.5,0.,-0.866025403784439));
#6948=DIRECTION('ref_axis',(0.866025403784439,0.,-0.499999999999999));
#6949=DIRECTION('',(0.866025403784439,0.,-0.499999999999999));
#6950=DIRECTION('',(0.866025403784439,0.,-0.499999999999999));
#6951=DIRECTION('center_axis',(0.,1.,0.));
#6952=DIRECTION('ref_axis',(-1.,0.,1.11862862933799E-16));
#6953=DIRECTION('center_axis',(0.,1.,0.));
#6954=DIRECTION('ref_axis',(-1.,0.,1.11862862933799E-16));
#6955=DIRECTION('center_axis',(-1.,0.,-5.87396295751133E-16));
#6956=DIRECTION('ref_axis',(5.87396295751133E-16,0.,-1.));
#6957=DIRECTION('',(5.87396295751133E-16,0.,-1.));
#6958=DIRECTION('',(0.,-1.,0.));
#6959=DIRECTION('',(5.87396295751133E-16,0.,-1.));
#6960=DIRECTION('',(0.,-1.,0.));
#6961=DIRECTION('center_axis',(-0.5,0.,0.866025403784439));
#6962=DIRECTION('ref_axis',(-0.866025403784439,0.,-0.5));
#6963=DIRECTION('',(-0.866025403784439,0.,-0.5));
#6964=DIRECTION('',(0.,-1.,0.));
#6965=DIRECTION('',(-0.866025403784439,0.,-0.5));
#6966=DIRECTION('center_axis',(0.5,0.,0.866025403784439));
#6967=DIRECTION('ref_axis',(-0.866025403784439,0.,0.5));
#6968=DIRECTION('',(-0.866025403784439,0.,0.5));
#6969=DIRECTION('',(0.,-1.,0.));
#6970=DIRECTION('',(-0.866025403784439,0.,0.5));
#6971=DIRECTION('center_axis',(1.,0.,-1.11862862933799E-16));
#6972=DIRECTION('ref_axis',(1.11862862933799E-16,0.,1.));
#6973=DIRECTION('',(1.11862862933799E-16,0.,1.));
#6974=DIRECTION('',(0.,-1.,0.));
#6975=DIRECTION('',(1.11862862933799E-16,0.,1.));
#6976=DIRECTION('center_axis',(0.5,0.,-0.866025403784438));
#6977=DIRECTION('ref_axis',(0.866025403784438,0.,0.5));
#6978=DIRECTION('',(0.866025403784438,0.,0.5));
#6979=DIRECTION('',(0.,-1.,0.));
#6980=DIRECTION('',(0.866025403784438,0.,0.5));
#6981=DIRECTION('center_axis',(-0.5,0.,-0.866025403784439));
#6982=DIRECTION('ref_axis',(0.866025403784439,0.,-0.499999999999999));
#6983=DIRECTION('',(0.866025403784439,0.,-0.499999999999999));
#6984=DIRECTION('',(0.866025403784439,0.,-0.499999999999999));
#6985=DIRECTION('center_axis',(0.,1.,0.));
#6986=DIRECTION('ref_axis',(-1.,0.,1.11862862933799E-16));
#6987=DIRECTION('center_axis',(0.,1.,0.));
#6988=DIRECTION('ref_axis',(-1.,0.,1.11862862933799E-16));
#6989=DIRECTION('center_axis',(-1.,0.,-4.125815060799E-16));
#6990=DIRECTION('ref_axis',(4.125815060799E-16,0.,-1.));
#6991=DIRECTION('',(4.125815060799E-16,0.,-1.));
#6992=DIRECTION('',(0.,-1.,0.));
#6993=DIRECTION('',(4.125815060799E-16,0.,-1.));
#6994=DIRECTION('',(0.,-1.,0.));
#6995=DIRECTION('center_axis',(-0.5,0.,0.866025403784439));
#6996=DIRECTION('ref_axis',(-0.866025403784439,0.,-0.5));
#6997=DIRECTION('',(-0.866025403784439,0.,-0.5));
#6998=DIRECTION('',(0.,-1.,0.));
#6999=DIRECTION('',(-0.866025403784439,0.,-0.5));
#7000=DIRECTION('center_axis',(0.5,0.,0.866025403784439));
#7001=DIRECTION('ref_axis',(-0.866025403784439,0.,0.5));
#7002=DIRECTION('',(-0.866025403784439,0.,0.5));
#7003=DIRECTION('',(0.,-1.,0.));
#7004=DIRECTION('',(-0.866025403784439,0.,0.5));
#7005=DIRECTION('center_axis',(1.,0.,4.125815060799E-16));
#7006=DIRECTION('ref_axis',(-4.125815060799E-16,0.,1.));
#7007=DIRECTION('',(-4.125815060799E-16,0.,1.));
#7008=DIRECTION('',(0.,-1.,0.));
#7009=DIRECTION('',(-4.125815060799E-16,0.,1.));
#7010=DIRECTION('center_axis',(0.500000000000001,0.,-0.866025403784438));
#7011=DIRECTION('ref_axis',(0.866025403784438,0.,0.500000000000001));
#7012=DIRECTION('',(0.866025403784438,0.,0.500000000000001));
#7013=DIRECTION('',(0.,-1.,0.));
#7014=DIRECTION('',(0.866025403784438,0.,0.500000000000001));
#7015=DIRECTION('center_axis',(-0.5,0.,-0.866025403784439));
#7016=DIRECTION('ref_axis',(0.866025403784439,0.,-0.5));
#7017=DIRECTION('',(0.866025403784439,0.,-0.5));
#7018=DIRECTION('',(0.866025403784439,0.,-0.5));
#7019=DIRECTION('center_axis',(0.,1.,0.));
#7020=DIRECTION('ref_axis',(-1.,0.,1.11862862933799E-16));
#7021=DIRECTION('center_axis',(0.,1.,0.));
#7022=DIRECTION('ref_axis',(-1.,0.,1.11862862933799E-16));
#7023=DIRECTION('center_axis',(-1.,0.,1.11862862933799E-16));
#7024=DIRECTION('ref_axis',(-1.11862862933799E-16,0.,-1.));
#7025=DIRECTION('',(-1.11862862933799E-16,0.,-1.));
#7026=DIRECTION('',(0.,-1.,0.));
#7027=DIRECTION('',(-1.11862862933799E-16,0.,-1.));
#7028=DIRECTION('',(0.,-1.,0.));
#7029=DIRECTION('center_axis',(-0.5,0.,0.866025403784439));
#7030=DIRECTION('ref_axis',(-0.866025403784439,0.,-0.5));
#7031=DIRECTION('',(-0.866025403784439,0.,-0.5));
#7032=DIRECTION('',(0.,-1.,0.));
#7033=DIRECTION('',(-0.866025403784439,0.,-0.5));
#7034=DIRECTION('center_axis',(0.5,0.,0.866025403784439));
#7035=DIRECTION('ref_axis',(-0.866025403784439,0.,0.5));
#7036=DIRECTION('',(-0.866025403784439,0.,0.5));
#7037=DIRECTION('',(0.,-1.,0.));
#7038=DIRECTION('',(-0.866025403784439,0.,0.5));
#7039=DIRECTION('center_axis',(1.,0.,-1.11862862933799E-16));
#7040=DIRECTION('ref_axis',(1.11862862933799E-16,0.,1.));
#7041=DIRECTION('',(1.11862862933799E-16,0.,1.));
#7042=DIRECTION('',(0.,-1.,0.));
#7043=DIRECTION('',(1.11862862933799E-16,0.,1.));
#7044=DIRECTION('center_axis',(0.5,0.,-0.866025403784438));
#7045=DIRECTION('ref_axis',(0.866025403784438,0.,0.5));
#7046=DIRECTION('',(0.866025403784438,0.,0.5));
#7047=DIRECTION('',(0.,-1.,0.));
#7048=DIRECTION('',(0.866025403784438,0.,0.5));
#7049=DIRECTION('center_axis',(-0.5,0.,-0.866025403784439));
#7050=DIRECTION('ref_axis',(0.866025403784439,0.,-0.5));
#7051=DIRECTION('',(0.866025403784439,0.,-0.5));
#7052=DIRECTION('',(0.866025403784439,0.,-0.5));
#7053=DIRECTION('center_axis',(0.,1.,0.));
#7054=DIRECTION('ref_axis',(-1.,0.,1.11862862933799E-16));
#7055=DIRECTION('center_axis',(0.,1.,0.));
#7056=DIRECTION('ref_axis',(-1.,0.,1.11862862933799E-16));
#7057=DIRECTION('center_axis',(-1.,0.,1.11862862933799E-16));
#7058=DIRECTION('ref_axis',(-1.11862862933799E-16,0.,-1.));
#7059=DIRECTION('',(-1.11862862933799E-16,0.,-1.));
#7060=DIRECTION('',(0.,-1.,0.));
#7061=DIRECTION('',(-1.11862862933799E-16,0.,-1.));
#7062=DIRECTION('',(0.,-1.,0.));
#7063=DIRECTION('center_axis',(-0.5,0.,0.866025403784439));
#7064=DIRECTION('ref_axis',(-0.866025403784439,0.,-0.5));
#7065=DIRECTION('',(-0.866025403784439,0.,-0.5));
#7066=DIRECTION('',(0.,-1.,0.));
#7067=DIRECTION('',(-0.866025403784439,0.,-0.5));
#7068=DIRECTION('center_axis',(0.5,0.,0.866025403784439));
#7069=DIRECTION('ref_axis',(-0.866025403784439,0.,0.5));
#7070=DIRECTION('',(-0.866025403784439,0.,0.5));
#7071=DIRECTION('',(0.,-1.,0.));
#7072=DIRECTION('',(-0.866025403784439,0.,0.5));
#7073=DIRECTION('center_axis',(1.,0.,-1.11862862933799E-16));
#7074=DIRECTION('ref_axis',(1.11862862933799E-16,0.,1.));
#7075=DIRECTION('',(1.11862862933799E-16,0.,1.));
#7076=DIRECTION('',(0.,-1.,0.));
#7077=DIRECTION('',(1.11862862933799E-16,0.,1.));
#7078=DIRECTION('center_axis',(0.500000000000001,0.,-0.866025403784438));
#7079=DIRECTION('ref_axis',(0.866025403784438,0.,0.500000000000001));
#7080=DIRECTION('',(0.866025403784438,0.,0.500000000000001));
#7081=DIRECTION('',(0.,-1.,0.));
#7082=DIRECTION('',(0.866025403784438,0.,0.500000000000001));
#7083=DIRECTION('center_axis',(-0.5,0.,-0.866025403784439));
#7084=DIRECTION('ref_axis',(0.866025403784439,0.,-0.5));
#7085=DIRECTION('',(0.866025403784439,0.,-0.5));
#7086=DIRECTION('',(0.866025403784439,0.,-0.5));
#7087=DIRECTION('center_axis',(0.,1.,0.));
#7088=DIRECTION('ref_axis',(-1.,0.,1.11862862933799E-16));
#7089=DIRECTION('center_axis',(0.,1.,0.));
#7090=DIRECTION('ref_axis',(-1.,0.,1.11862862933799E-16));
#7091=DIRECTION('center_axis',(-1.,0.,-5.87396295751133E-16));
#7092=DIRECTION('ref_axis',(5.87396295751133E-16,0.,-1.));
#7093=DIRECTION('',(5.87396295751133E-16,0.,-1.));
#7094=DIRECTION('',(0.,-1.,0.));
#7095=DIRECTION('',(5.87396295751133E-16,0.,-1.));
#7096=DIRECTION('',(0.,-1.,0.));
#7097=DIRECTION('center_axis',(-0.5,0.,0.866025403784439));
#7098=DIRECTION('ref_axis',(-0.866025403784439,0.,-0.5));
#7099=DIRECTION('',(-0.866025403784439,0.,-0.5));
#7100=DIRECTION('',(0.,-1.,0.));
#7101=DIRECTION('',(-0.866025403784439,0.,-0.5));
#7102=DIRECTION('center_axis',(0.5,0.,0.866025403784439));
#7103=DIRECTION('ref_axis',(-0.866025403784439,0.,0.5));
#7104=DIRECTION('',(-0.866025403784439,0.,0.5));
#7105=DIRECTION('',(0.,-1.,0.));
#7106=DIRECTION('',(-0.866025403784439,0.,0.5));
#7107=DIRECTION('center_axis',(1.,0.,-1.11862862933799E-16));
#7108=DIRECTION('ref_axis',(1.11862862933799E-16,0.,1.));
#7109=DIRECTION('',(1.11862862933799E-16,0.,1.));
#7110=DIRECTION('',(0.,-1.,0.));
#7111=DIRECTION('',(1.11862862933799E-16,0.,1.));
#7112=DIRECTION('center_axis',(0.5,0.,-0.866025403784438));
#7113=DIRECTION('ref_axis',(0.866025403784438,0.,0.5));
#7114=DIRECTION('',(0.866025403784438,0.,0.5));
#7115=DIRECTION('',(0.,-1.,0.));
#7116=DIRECTION('',(0.866025403784438,0.,0.5));
#7117=DIRECTION('center_axis',(-0.499999999999999,0.,-0.866025403784439));
#7118=DIRECTION('ref_axis',(0.866025403784439,0.,-0.499999999999999));
#7119=DIRECTION('',(0.866025403784439,0.,-0.499999999999999));
#7120=DIRECTION('',(0.866025403784439,0.,-0.499999999999999));
#7121=DIRECTION('center_axis',(0.,1.,0.));
#7122=DIRECTION('ref_axis',(-1.,0.,1.11862862933799E-16));
#7123=DIRECTION('center_axis',(0.,1.,0.));
#7124=DIRECTION('ref_axis',(-1.,0.,1.11862862933799E-16));
#7125=DIRECTION('center_axis',(-1.,0.,-5.87396295751133E-16));
#7126=DIRECTION('ref_axis',(5.87396295751133E-16,0.,-1.));
#7127=DIRECTION('',(5.87396295751133E-16,0.,-1.));
#7128=DIRECTION('',(0.,-1.,0.));
#7129=DIRECTION('',(5.87396295751133E-16,0.,-1.));
#7130=DIRECTION('',(0.,-1.,0.));
#7131=DIRECTION('center_axis',(-0.5,0.,0.866025403784439));
#7132=DIRECTION('ref_axis',(-0.866025403784439,0.,-0.5));
#7133=DIRECTION('',(-0.866025403784439,0.,-0.5));
#7134=DIRECTION('',(0.,-1.,0.));
#7135=DIRECTION('',(-0.866025403784439,0.,-0.5));
#7136=DIRECTION('center_axis',(0.5,0.,0.866025403784439));
#7137=DIRECTION('ref_axis',(-0.866025403784439,0.,0.5));
#7138=DIRECTION('',(-0.866025403784439,0.,0.5));
#7139=DIRECTION('',(0.,-1.,0.));
#7140=DIRECTION('',(-0.866025403784439,0.,0.5));
#7141=DIRECTION('center_axis',(1.,0.,5.87396295751133E-16));
#7142=DIRECTION('ref_axis',(-5.87396295751133E-16,0.,1.));
#7143=DIRECTION('',(-5.87396295751133E-16,0.,1.));
#7144=DIRECTION('',(0.,-1.,0.));
#7145=DIRECTION('',(-5.87396295751133E-16,0.,1.));
#7146=DIRECTION('center_axis',(0.5,0.,-0.866025403784439));
#7147=DIRECTION('ref_axis',(0.866025403784439,0.,0.5));
#7148=DIRECTION('',(0.866025403784439,0.,0.5));
#7149=DIRECTION('',(0.,-1.,0.));
#7150=DIRECTION('',(0.866025403784439,0.,0.5));
#7151=DIRECTION('center_axis',(-0.499999999999999,0.,-0.866025403784439));
#7152=DIRECTION('ref_axis',(0.866025403784439,0.,-0.499999999999999));
#7153=DIRECTION('',(0.866025403784439,0.,-0.499999999999999));
#7154=DIRECTION('',(0.866025403784439,0.,-0.499999999999999));
#7155=DIRECTION('center_axis',(0.,1.,0.));
#7156=DIRECTION('ref_axis',(-1.,0.,1.11862862933799E-16));
#7157=DIRECTION('center_axis',(0.,1.,0.));
#7158=DIRECTION('ref_axis',(-1.,0.,1.11862862933799E-16));
#7159=DIRECTION('center_axis',(-1.,0.,-5.87396295751133E-16));
#7160=DIRECTION('ref_axis',(5.87396295751133E-16,0.,-1.));
#7161=DIRECTION('',(5.87396295751133E-16,0.,-1.));
#7162=DIRECTION('',(0.,-1.,0.));
#7163=DIRECTION('',(5.87396295751133E-16,0.,-1.));
#7164=DIRECTION('',(0.,-1.,0.));
#7165=DIRECTION('center_axis',(-0.5,0.,0.866025403784439));
#7166=DIRECTION('ref_axis',(-0.866025403784439,0.,-0.5));
#7167=DIRECTION('',(-0.866025403784439,0.,-0.5));
#7168=DIRECTION('',(0.,-1.,0.));
#7169=DIRECTION('',(-0.866025403784439,0.,-0.5));
#7170=DIRECTION('center_axis',(0.5,0.,0.866025403784439));
#7171=DIRECTION('ref_axis',(-0.866025403784439,0.,0.5));
#7172=DIRECTION('',(-0.866025403784439,0.,0.5));
#7173=DIRECTION('',(0.,-1.,0.));
#7174=DIRECTION('',(-0.866025403784439,0.,0.5));
#7175=DIRECTION('center_axis',(1.,0.,5.87396295751133E-16));
#7176=DIRECTION('ref_axis',(-5.87396295751133E-16,0.,1.));
#7177=DIRECTION('',(-5.87396295751133E-16,0.,1.));
#7178=DIRECTION('',(0.,-1.,0.));
#7179=DIRECTION('',(-5.87396295751133E-16,0.,1.));
#7180=DIRECTION('center_axis',(0.5,0.,-0.866025403784439));
#7181=DIRECTION('ref_axis',(0.866025403784439,0.,0.5));
#7182=DIRECTION('',(0.866025403784439,0.,0.5));
#7183=DIRECTION('',(0.,-1.,0.));
#7184=DIRECTION('',(0.866025403784439,0.,0.5));
#7185=DIRECTION('center_axis',(-0.499999999999999,0.,-0.866025403784439));
#7186=DIRECTION('ref_axis',(0.866025403784439,0.,-0.499999999999999));
#7187=DIRECTION('',(0.866025403784439,0.,-0.499999999999999));
#7188=DIRECTION('',(0.866025403784439,0.,-0.499999999999999));
#7189=DIRECTION('center_axis',(0.,1.,0.));
#7190=DIRECTION('ref_axis',(-1.,0.,1.11862862933799E-16));
#7191=DIRECTION('center_axis',(0.,1.,0.));
#7192=DIRECTION('ref_axis',(-1.,0.,1.11862862933799E-16));
#7193=DIRECTION('center_axis',(-1.,0.,1.11862862933799E-16));
#7194=DIRECTION('ref_axis',(-1.11862862933799E-16,0.,-1.));
#7195=DIRECTION('',(-1.11862862933799E-16,0.,-1.));
#7196=DIRECTION('',(0.,-1.,0.));
#7197=DIRECTION('',(-1.11862862933799E-16,0.,-1.));
#7198=DIRECTION('',(0.,-1.,0.));
#7199=DIRECTION('center_axis',(-0.5,0.,0.866025403784439));
#7200=DIRECTION('ref_axis',(-0.866025403784439,0.,-0.5));
#7201=DIRECTION('',(-0.866025403784439,0.,-0.5));
#7202=DIRECTION('',(0.,-1.,0.));
#7203=DIRECTION('',(-0.866025403784439,0.,-0.5));
#7204=DIRECTION('center_axis',(0.5,0.,0.866025403784439));
#7205=DIRECTION('ref_axis',(-0.866025403784439,0.,0.5));
#7206=DIRECTION('',(-0.866025403784439,0.,0.5));
#7207=DIRECTION('',(0.,-1.,0.));
#7208=DIRECTION('',(-0.866025403784439,0.,0.5));
#7209=DIRECTION('center_axis',(1.,0.,-1.11862862933799E-16));
#7210=DIRECTION('ref_axis',(1.11862862933799E-16,0.,1.));
#7211=DIRECTION('',(1.11862862933799E-16,0.,1.));
#7212=DIRECTION('',(0.,-1.,0.));
#7213=DIRECTION('',(1.11862862933799E-16,0.,1.));
#7214=DIRECTION('center_axis',(0.500000000000001,0.,-0.866025403784438));
#7215=DIRECTION('ref_axis',(0.866025403784438,0.,0.500000000000001));
#7216=DIRECTION('',(0.866025403784438,0.,0.500000000000001));
#7217=DIRECTION('',(0.,-1.,0.));
#7218=DIRECTION('',(0.866025403784438,0.,0.500000000000001));
#7219=DIRECTION('center_axis',(-0.5,0.,-0.866025403784439));
#7220=DIRECTION('ref_axis',(0.866025403784439,0.,-0.5));
#7221=DIRECTION('',(0.866025403784439,0.,-0.5));
#7222=DIRECTION('',(0.866025403784439,0.,-0.5));
#7223=DIRECTION('center_axis',(0.,1.,0.));
#7224=DIRECTION('ref_axis',(-1.,0.,1.11862862933799E-16));
#7225=DIRECTION('center_axis',(0.,1.,0.));
#7226=DIRECTION('ref_axis',(-1.,0.,1.11862862933799E-16));
#7227=DIRECTION('center_axis',(-1.,0.,-5.87396295751133E-16));
#7228=DIRECTION('ref_axis',(5.87396295751133E-16,0.,-1.));
#7229=DIRECTION('',(5.87396295751133E-16,0.,-1.));
#7230=DIRECTION('',(0.,-1.,0.));
#7231=DIRECTION('',(5.87396295751133E-16,0.,-1.));
#7232=DIRECTION('',(0.,-1.,0.));
#7233=DIRECTION('center_axis',(-0.5,0.,0.866025403784439));
#7234=DIRECTION('ref_axis',(-0.866025403784439,0.,-0.5));
#7235=DIRECTION('',(-0.866025403784439,0.,-0.5));
#7236=DIRECTION('',(0.,-1.,0.));
#7237=DIRECTION('',(-0.866025403784439,0.,-0.5));
#7238=DIRECTION('center_axis',(0.5,0.,0.866025403784439));
#7239=DIRECTION('ref_axis',(-0.866025403784439,0.,0.5));
#7240=DIRECTION('',(-0.866025403784439,0.,0.5));
#7241=DIRECTION('',(0.,-1.,0.));
#7242=DIRECTION('',(-0.866025403784439,0.,0.5));
#7243=DIRECTION('center_axis',(1.,0.,5.87396295751133E-16));
#7244=DIRECTION('ref_axis',(-5.87396295751133E-16,0.,1.));
#7245=DIRECTION('',(-5.87396295751133E-16,0.,1.));
#7246=DIRECTION('',(0.,-1.,0.));
#7247=DIRECTION('',(-5.87396295751133E-16,0.,1.));
#7248=DIRECTION('center_axis',(0.500000000000001,0.,-0.866025403784438));
#7249=DIRECTION('ref_axis',(0.866025403784438,0.,0.500000000000001));
#7250=DIRECTION('',(0.866025403784438,0.,0.500000000000001));
#7251=DIRECTION('',(0.,-1.,0.));
#7252=DIRECTION('',(0.866025403784438,0.,0.500000000000001));
#7253=DIRECTION('center_axis',(-0.5,0.,-0.866025403784439));
#7254=DIRECTION('ref_axis',(0.866025403784439,0.,-0.499999999999999));
#7255=DIRECTION('',(0.866025403784439,0.,-0.499999999999999));
#7256=DIRECTION('',(0.866025403784439,0.,-0.499999999999999));
#7257=DIRECTION('center_axis',(0.,1.,0.));
#7258=DIRECTION('ref_axis',(-1.,0.,1.11862862933799E-16));
#7259=DIRECTION('center_axis',(0.,1.,0.));
#7260=DIRECTION('ref_axis',(-1.,0.,1.11862862933799E-16));
#7261=DIRECTION('center_axis',(-1.,0.,1.11862862933799E-16));
#7262=DIRECTION('ref_axis',(-1.11862862933799E-16,0.,-1.));
#7263=DIRECTION('',(-1.11862862933799E-16,0.,-1.));
#7264=DIRECTION('',(0.,-1.,0.));
#7265=DIRECTION('',(-1.11862862933799E-16,0.,-1.));
#7266=DIRECTION('',(0.,-1.,0.));
#7267=DIRECTION('center_axis',(-0.5,0.,0.866025403784439));
#7268=DIRECTION('ref_axis',(-0.866025403784439,0.,-0.5));
#7269=DIRECTION('',(-0.866025403784439,0.,-0.5));
#7270=DIRECTION('',(0.,-1.,0.));
#7271=DIRECTION('',(-0.866025403784439,0.,-0.5));
#7272=DIRECTION('center_axis',(0.5,0.,0.866025403784439));
#7273=DIRECTION('ref_axis',(-0.866025403784439,0.,0.5));
#7274=DIRECTION('',(-0.866025403784439,0.,0.5));
#7275=DIRECTION('',(0.,-1.,0.));
#7276=DIRECTION('',(-0.866025403784439,0.,0.5));
#7277=DIRECTION('center_axis',(1.,0.,5.87396295751133E-16));
#7278=DIRECTION('ref_axis',(-5.87396295751133E-16,0.,1.));
#7279=DIRECTION('',(-5.87396295751133E-16,0.,1.));
#7280=DIRECTION('',(0.,-1.,0.));
#7281=DIRECTION('',(-5.87396295751133E-16,0.,1.));
#7282=DIRECTION('center_axis',(0.5,0.,-0.866025403784438));
#7283=DIRECTION('ref_axis',(0.866025403784438,0.,0.5));
#7284=DIRECTION('',(0.866025403784438,0.,0.5));
#7285=DIRECTION('',(0.,-1.,0.));
#7286=DIRECTION('',(0.866025403784438,0.,0.5));
#7287=DIRECTION('center_axis',(-0.499999999999999,0.,-0.866025403784439));
#7288=DIRECTION('ref_axis',(0.866025403784439,0.,-0.499999999999999));
#7289=DIRECTION('',(0.866025403784439,0.,-0.499999999999999));
#7290=DIRECTION('',(0.866025403784439,0.,-0.499999999999999));
#7291=DIRECTION('center_axis',(0.,1.,0.));
#7292=DIRECTION('ref_axis',(-1.,0.,1.11862862933799E-16));
#7293=DIRECTION('center_axis',(0.,1.,0.));
#7294=DIRECTION('ref_axis',(-1.,0.,1.11862862933799E-16));
#7295=DIRECTION('center_axis',(-1.,0.,-5.87396295751133E-16));
#7296=DIRECTION('ref_axis',(5.87396295751133E-16,0.,-1.));
#7297=DIRECTION('',(5.87396295751133E-16,0.,-1.));
#7298=DIRECTION('',(0.,-1.,0.));
#7299=DIRECTION('',(5.87396295751133E-16,0.,-1.));
#7300=DIRECTION('',(0.,-1.,0.));
#7301=DIRECTION('center_axis',(-0.5,0.,0.866025403784439));
#7302=DIRECTION('ref_axis',(-0.866025403784439,0.,-0.5));
#7303=DIRECTION('',(-0.866025403784439,0.,-0.5));
#7304=DIRECTION('',(0.,-1.,0.));
#7305=DIRECTION('',(-0.866025403784439,0.,-0.5));
#7306=DIRECTION('center_axis',(0.5,0.,0.866025403784439));
#7307=DIRECTION('ref_axis',(-0.866025403784439,0.,0.5));
#7308=DIRECTION('',(-0.866025403784439,0.,0.5));
#7309=DIRECTION('',(0.,-1.,0.));
#7310=DIRECTION('',(-0.866025403784439,0.,0.5));
#7311=DIRECTION('center_axis',(1.,0.,5.87396295751133E-16));
#7312=DIRECTION('ref_axis',(-5.87396295751133E-16,0.,1.));
#7313=DIRECTION('',(-5.87396295751133E-16,0.,1.));
#7314=DIRECTION('',(0.,-1.,0.));
#7315=DIRECTION('',(-5.87396295751133E-16,0.,1.));
#7316=DIRECTION('center_axis',(0.5,0.,-0.866025403784438));
#7317=DIRECTION('ref_axis',(0.866025403784438,0.,0.5));
#7318=DIRECTION('',(0.866025403784438,0.,0.5));
#7319=DIRECTION('',(0.,-1.,0.));
#7320=DIRECTION('',(0.866025403784438,0.,0.5));
#7321=DIRECTION('center_axis',(-0.5,0.,-0.866025403784439));
#7322=DIRECTION('ref_axis',(0.866025403784439,0.,-0.499999999999999));
#7323=DIRECTION('',(0.866025403784439,0.,-0.499999999999999));
#7324=DIRECTION('',(0.866025403784439,0.,-0.499999999999999));
#7325=DIRECTION('center_axis',(0.,1.,0.));
#7326=DIRECTION('ref_axis',(-1.,0.,1.11862862933799E-16));
#7327=DIRECTION('center_axis',(0.,1.,0.));
#7328=DIRECTION('ref_axis',(-1.,0.,1.11862862933799E-16));
#7329=DIRECTION('center_axis',(-1.,0.,-5.87396295751133E-16));
#7330=DIRECTION('ref_axis',(5.87396295751133E-16,0.,-1.));
#7331=DIRECTION('',(5.87396295751133E-16,0.,-1.));
#7332=DIRECTION('',(0.,-1.,0.));
#7333=DIRECTION('',(5.87396295751133E-16,0.,-1.));
#7334=DIRECTION('',(0.,-1.,0.));
#7335=DIRECTION('center_axis',(-0.5,0.,0.866025403784439));
#7336=DIRECTION('ref_axis',(-0.866025403784439,0.,-0.5));
#7337=DIRECTION('',(-0.866025403784439,0.,-0.5));
#7338=DIRECTION('',(0.,-1.,0.));
#7339=DIRECTION('',(-0.866025403784439,0.,-0.5));
#7340=DIRECTION('center_axis',(0.5,0.,0.866025403784438));
#7341=DIRECTION('ref_axis',(-0.866025403784438,0.,0.5));
#7342=DIRECTION('',(-0.866025403784438,0.,0.5));
#7343=DIRECTION('',(0.,-1.,0.));
#7344=DIRECTION('',(-0.866025403784438,0.,0.5));
#7345=DIRECTION('center_axis',(1.,0.,5.87396295751133E-16));
#7346=DIRECTION('ref_axis',(-5.87396295751133E-16,0.,1.));
#7347=DIRECTION('',(-5.87396295751133E-16,0.,1.));
#7348=DIRECTION('',(0.,-1.,0.));
#7349=DIRECTION('',(-5.87396295751133E-16,0.,1.));
#7350=DIRECTION('center_axis',(0.500000000000001,0.,-0.866025403784438));
#7351=DIRECTION('ref_axis',(0.866025403784438,0.,0.500000000000001));
#7352=DIRECTION('',(0.866025403784438,0.,0.500000000000001));
#7353=DIRECTION('',(0.,-1.,0.));
#7354=DIRECTION('',(0.866025403784438,0.,0.500000000000001));
#7355=DIRECTION('center_axis',(-0.5,0.,-0.866025403784439));
#7356=DIRECTION('ref_axis',(0.866025403784439,0.,-0.499999999999999));
#7357=DIRECTION('',(0.866025403784439,0.,-0.499999999999999));
#7358=DIRECTION('',(0.866025403784439,0.,-0.499999999999999));
#7359=DIRECTION('center_axis',(0.,1.,0.));
#7360=DIRECTION('ref_axis',(-1.,0.,1.11862862933799E-16));
#7361=DIRECTION('center_axis',(0.,1.,0.));
#7362=DIRECTION('ref_axis',(-1.,0.,1.11862862933799E-16));
#7363=DIRECTION('center_axis',(-1.,0.,1.11862862933799E-16));
#7364=DIRECTION('ref_axis',(-1.11862862933799E-16,0.,-1.));
#7365=DIRECTION('',(-1.11862862933799E-16,0.,-1.));
#7366=DIRECTION('',(0.,-1.,0.));
#7367=DIRECTION('',(-1.11862862933799E-16,0.,-1.));
#7368=DIRECTION('',(0.,-1.,0.));
#7369=DIRECTION('center_axis',(-0.5,0.,0.866025403784439));
#7370=DIRECTION('ref_axis',(-0.866025403784439,0.,-0.5));
#7371=DIRECTION('',(-0.866025403784439,0.,-0.5));
#7372=DIRECTION('',(0.,-1.,0.));
#7373=DIRECTION('',(-0.866025403784439,0.,-0.5));
#7374=DIRECTION('center_axis',(0.5,0.,0.866025403784439));
#7375=DIRECTION('ref_axis',(-0.866025403784439,0.,0.5));
#7376=DIRECTION('',(-0.866025403784439,0.,0.5));
#7377=DIRECTION('',(0.,-1.,0.));
#7378=DIRECTION('',(-0.866025403784439,0.,0.5));
#7379=DIRECTION('center_axis',(1.,0.,-1.11862862933799E-16));
#7380=DIRECTION('ref_axis',(1.11862862933799E-16,0.,1.));
#7381=DIRECTION('',(1.11862862933799E-16,0.,1.));
#7382=DIRECTION('',(0.,-1.,0.));
#7383=DIRECTION('',(1.11862862933799E-16,0.,1.));
#7384=DIRECTION('center_axis',(0.5,0.,-0.866025403784438));
#7385=DIRECTION('ref_axis',(0.866025403784438,0.,0.5));
#7386=DIRECTION('',(0.866025403784438,0.,0.5));
#7387=DIRECTION('',(0.,-1.,0.));
#7388=DIRECTION('',(0.866025403784438,0.,0.5));
#7389=DIRECTION('center_axis',(-0.5,0.,-0.866025403784439));
#7390=DIRECTION('ref_axis',(0.866025403784439,0.,-0.5));
#7391=DIRECTION('',(0.866025403784439,0.,-0.5));
#7392=DIRECTION('',(0.866025403784439,0.,-0.5));
#7393=DIRECTION('center_axis',(0.,1.,0.));
#7394=DIRECTION('ref_axis',(-1.,0.,1.11862862933799E-16));
#7395=DIRECTION('center_axis',(0.,1.,0.));
#7396=DIRECTION('ref_axis',(-1.,0.,1.11862862933799E-16));
#7397=DIRECTION('center_axis',(-1.,0.,1.11862862933799E-16));
#7398=DIRECTION('ref_axis',(-1.11862862933799E-16,0.,-1.));
#7399=DIRECTION('',(-1.11862862933799E-16,0.,-1.));
#7400=DIRECTION('',(0.,-1.,0.));
#7401=DIRECTION('',(-1.11862862933799E-16,0.,-1.));
#7402=DIRECTION('',(0.,-1.,0.));
#7403=DIRECTION('center_axis',(-0.5,0.,0.866025403784439));
#7404=DIRECTION('ref_axis',(-0.866025403784439,0.,-0.5));
#7405=DIRECTION('',(-0.866025403784439,0.,-0.5));
#7406=DIRECTION('',(0.,-1.,0.));
#7407=DIRECTION('',(-0.866025403784439,0.,-0.5));
#7408=DIRECTION('center_axis',(0.5,0.,0.866025403784438));
#7409=DIRECTION('ref_axis',(-0.866025403784438,0.,0.5));
#7410=DIRECTION('',(-0.866025403784438,0.,0.5));
#7411=DIRECTION('',(0.,-1.,0.));
#7412=DIRECTION('',(-0.866025403784438,0.,0.5));
#7413=DIRECTION('center_axis',(1.,0.,-1.11862862933799E-16));
#7414=DIRECTION('ref_axis',(1.11862862933799E-16,0.,1.));
#7415=DIRECTION('',(1.11862862933799E-16,0.,1.));
#7416=DIRECTION('',(0.,-1.,0.));
#7417=DIRECTION('',(1.11862862933799E-16,0.,1.));
#7418=DIRECTION('center_axis',(0.500000000000001,0.,-0.866025403784438));
#7419=DIRECTION('ref_axis',(0.866025403784438,0.,0.500000000000001));
#7420=DIRECTION('',(0.866025403784438,0.,0.500000000000001));
#7421=DIRECTION('',(0.,-1.,0.));
#7422=DIRECTION('',(0.866025403784438,0.,0.500000000000001));
#7423=DIRECTION('center_axis',(-0.5,0.,-0.866025403784439));
#7424=DIRECTION('ref_axis',(0.866025403784439,0.,-0.5));
#7425=DIRECTION('',(0.866025403784439,0.,-0.5));
#7426=DIRECTION('',(0.866025403784439,0.,-0.5));
#7427=DIRECTION('center_axis',(0.,1.,0.));
#7428=DIRECTION('ref_axis',(-1.,0.,1.11862862933799E-16));
#7429=DIRECTION('center_axis',(0.,1.,0.));
#7430=DIRECTION('ref_axis',(-1.,0.,1.11862862933799E-16));
#7431=DIRECTION('center_axis',(-1.,0.,1.11862862933799E-16));
#7432=DIRECTION('ref_axis',(-1.11862862933799E-16,0.,-1.));
#7433=DIRECTION('',(-1.11862862933799E-16,0.,-1.));
#7434=DIRECTION('',(0.,-1.,0.));
#7435=DIRECTION('',(-1.11862862933799E-16,0.,-1.));
#7436=DIRECTION('',(0.,-1.,0.));
#7437=DIRECTION('center_axis',(-0.5,0.,0.866025403784439));
#7438=DIRECTION('ref_axis',(-0.866025403784439,0.,-0.5));
#7439=DIRECTION('',(-0.866025403784439,0.,-0.5));
#7440=DIRECTION('',(0.,-1.,0.));
#7441=DIRECTION('',(-0.866025403784439,0.,-0.5));
#7442=DIRECTION('center_axis',(0.5,0.,0.866025403784439));
#7443=DIRECTION('ref_axis',(-0.866025403784439,0.,0.5));
#7444=DIRECTION('',(-0.866025403784439,0.,0.5));
#7445=DIRECTION('',(0.,-1.,0.));
#7446=DIRECTION('',(-0.866025403784439,0.,0.5));
#7447=DIRECTION('center_axis',(1.,0.,5.87396295751133E-16));
#7448=DIRECTION('ref_axis',(-5.87396295751133E-16,0.,1.));
#7449=DIRECTION('',(-5.87396295751133E-16,0.,1.));
#7450=DIRECTION('',(0.,-1.,0.));
#7451=DIRECTION('',(-5.87396295751133E-16,0.,1.));
#7452=DIRECTION('center_axis',(0.5,0.,-0.866025403784438));
#7453=DIRECTION('ref_axis',(0.866025403784438,0.,0.5));
#7454=DIRECTION('',(0.866025403784438,0.,0.5));
#7455=DIRECTION('',(0.,-1.,0.));
#7456=DIRECTION('',(0.866025403784438,0.,0.5));
#7457=DIRECTION('center_axis',(-0.5,0.,-0.866025403784439));
#7458=DIRECTION('ref_axis',(0.866025403784439,0.,-0.499999999999999));
#7459=DIRECTION('',(0.866025403784439,0.,-0.499999999999999));
#7460=DIRECTION('',(0.866025403784439,0.,-0.499999999999999));
#7461=DIRECTION('center_axis',(0.,1.,0.));
#7462=DIRECTION('ref_axis',(-1.,0.,1.11862862933799E-16));
#7463=DIRECTION('center_axis',(0.,1.,0.));
#7464=DIRECTION('ref_axis',(-1.,0.,1.11862862933799E-16));
#7465=DIRECTION('center_axis',(-1.,0.,1.11862862933799E-16));
#7466=DIRECTION('ref_axis',(-1.11862862933799E-16,0.,-1.));
#7467=DIRECTION('',(-1.11862862933799E-16,0.,-1.));
#7468=DIRECTION('',(0.,-1.,0.));
#7469=DIRECTION('',(-1.11862862933799E-16,0.,-1.));
#7470=DIRECTION('',(0.,-1.,0.));
#7471=DIRECTION('center_axis',(-0.5,0.,0.866025403784439));
#7472=DIRECTION('ref_axis',(-0.866025403784439,0.,-0.5));
#7473=DIRECTION('',(-0.866025403784439,0.,-0.5));
#7474=DIRECTION('',(0.,-1.,0.));
#7475=DIRECTION('',(-0.866025403784439,0.,-0.5));
#7476=DIRECTION('center_axis',(0.5,0.,0.866025403784439));
#7477=DIRECTION('ref_axis',(-0.866025403784439,0.,0.5));
#7478=DIRECTION('',(-0.866025403784439,0.,0.5));
#7479=DIRECTION('',(0.,-1.,0.));
#7480=DIRECTION('',(-0.866025403784439,0.,0.5));
#7481=DIRECTION('center_axis',(1.,0.,5.87396295751133E-16));
#7482=DIRECTION('ref_axis',(-5.87396295751133E-16,0.,1.));
#7483=DIRECTION('',(-5.87396295751133E-16,0.,1.));
#7484=DIRECTION('',(0.,-1.,0.));
#7485=DIRECTION('',(-5.87396295751133E-16,0.,1.));
#7486=DIRECTION('center_axis',(0.500000000000001,0.,-0.866025403784438));
#7487=DIRECTION('ref_axis',(0.866025403784438,0.,0.500000000000001));
#7488=DIRECTION('',(0.866025403784438,0.,0.500000000000001));
#7489=DIRECTION('',(0.,-1.,0.));
#7490=DIRECTION('',(0.866025403784438,0.,0.500000000000001));
#7491=DIRECTION('center_axis',(-0.5,0.,-0.866025403784439));
#7492=DIRECTION('ref_axis',(0.866025403784439,0.,-0.499999999999999));
#7493=DIRECTION('',(0.866025403784439,0.,-0.499999999999999));
#7494=DIRECTION('',(0.866025403784439,0.,-0.499999999999999));
#7495=DIRECTION('center_axis',(0.,1.,0.));
#7496=DIRECTION('ref_axis',(-1.,0.,1.11862862933799E-16));
#7497=DIRECTION('center_axis',(0.,1.,0.));
#7498=DIRECTION('ref_axis',(-1.,0.,1.11862862933799E-16));
#7499=DIRECTION('center_axis',(-1.,0.,-5.87396295751133E-16));
#7500=DIRECTION('ref_axis',(5.87396295751133E-16,0.,-1.));
#7501=DIRECTION('',(5.87396295751133E-16,0.,-1.));
#7502=DIRECTION('',(0.,-1.,0.));
#7503=DIRECTION('',(5.87396295751133E-16,0.,-1.));
#7504=DIRECTION('',(0.,-1.,0.));
#7505=DIRECTION('center_axis',(-0.5,0.,0.866025403784439));
#7506=DIRECTION('ref_axis',(-0.866025403784439,0.,-0.5));
#7507=DIRECTION('',(-0.866025403784439,0.,-0.5));
#7508=DIRECTION('',(0.,-1.,0.));
#7509=DIRECTION('',(-0.866025403784439,0.,-0.5));
#7510=DIRECTION('center_axis',(0.5,0.,0.866025403784439));
#7511=DIRECTION('ref_axis',(-0.866025403784439,0.,0.5));
#7512=DIRECTION('',(-0.866025403784439,0.,0.5));
#7513=DIRECTION('',(0.,-1.,0.));
#7514=DIRECTION('',(-0.866025403784439,0.,0.5));
#7515=DIRECTION('center_axis',(1.,0.,-1.11862862933799E-16));
#7516=DIRECTION('ref_axis',(1.11862862933799E-16,0.,1.));
#7517=DIRECTION('',(1.11862862933799E-16,0.,1.));
#7518=DIRECTION('',(0.,-1.,0.));
#7519=DIRECTION('',(1.11862862933799E-16,0.,1.));
#7520=DIRECTION('center_axis',(0.500000000000001,0.,-0.866025403784438));
#7521=DIRECTION('ref_axis',(0.866025403784438,0.,0.500000000000001));
#7522=DIRECTION('',(0.866025403784438,0.,0.500000000000001));
#7523=DIRECTION('',(0.,-1.,0.));
#7524=DIRECTION('',(0.866025403784438,0.,0.500000000000001));
#7525=DIRECTION('center_axis',(-0.5,0.,-0.866025403784439));
#7526=DIRECTION('ref_axis',(0.866025403784439,0.,-0.499999999999999));
#7527=DIRECTION('',(0.866025403784439,0.,-0.499999999999999));
#7528=DIRECTION('',(0.866025403784439,0.,-0.499999999999999));
#7529=DIRECTION('center_axis',(0.,1.,0.));
#7530=DIRECTION('ref_axis',(-1.,0.,1.11862862933799E-16));
#7531=DIRECTION('center_axis',(0.,1.,0.));
#7532=DIRECTION('ref_axis',(-1.,0.,1.11862862933799E-16));
#7533=DIRECTION('center_axis',(-1.,0.,1.11862862933799E-16));
#7534=DIRECTION('ref_axis',(-1.11862862933799E-16,0.,-1.));
#7535=DIRECTION('',(-1.11862862933799E-16,0.,-1.));
#7536=DIRECTION('',(0.,-1.,0.));
#7537=DIRECTION('',(-1.11862862933799E-16,0.,-1.));
#7538=DIRECTION('',(0.,-1.,0.));
#7539=DIRECTION('center_axis',(-0.5,0.,0.866025403784439));
#7540=DIRECTION('ref_axis',(-0.866025403784439,0.,-0.5));
#7541=DIRECTION('',(-0.866025403784439,0.,-0.5));
#7542=DIRECTION('',(0.,-1.,0.));
#7543=DIRECTION('',(-0.866025403784439,0.,-0.5));
#7544=DIRECTION('center_axis',(0.5,0.,0.866025403784439));
#7545=DIRECTION('ref_axis',(-0.866025403784439,0.,0.5));
#7546=DIRECTION('',(-0.866025403784439,0.,0.5));
#7547=DIRECTION('',(0.,-1.,0.));
#7548=DIRECTION('',(-0.866025403784439,0.,0.5));
#7549=DIRECTION('center_axis',(1.,0.,-1.11862862933799E-16));
#7550=DIRECTION('ref_axis',(1.11862862933799E-16,0.,1.));
#7551=DIRECTION('',(1.11862862933799E-16,0.,1.));
#7552=DIRECTION('',(0.,-1.,0.));
#7553=DIRECTION('',(1.11862862933799E-16,0.,1.));
#7554=DIRECTION('center_axis',(0.5,0.,-0.866025403784439));
#7555=DIRECTION('ref_axis',(0.866025403784439,0.,0.5));
#7556=DIRECTION('',(0.866025403784439,0.,0.5));
#7557=DIRECTION('',(0.,-1.,0.));
#7558=DIRECTION('',(0.866025403784439,0.,0.5));
#7559=DIRECTION('center_axis',(-0.499999999999999,0.,-0.866025403784439));
#7560=DIRECTION('ref_axis',(0.866025403784439,0.,-0.499999999999999));
#7561=DIRECTION('',(0.866025403784439,0.,-0.499999999999999));
#7562=DIRECTION('',(0.866025403784439,0.,-0.499999999999999));
#7563=DIRECTION('center_axis',(0.,1.,0.));
#7564=DIRECTION('ref_axis',(-1.,0.,1.11862862933799E-16));
#7565=DIRECTION('center_axis',(0.,1.,0.));
#7566=DIRECTION('ref_axis',(-1.,0.,1.11862862933799E-16));
#7567=DIRECTION('center_axis',(-1.,0.,1.11862862933799E-16));
#7568=DIRECTION('ref_axis',(-1.11862862933799E-16,0.,-1.));
#7569=DIRECTION('',(-1.11862862933799E-16,0.,-1.));
#7570=DIRECTION('',(0.,-1.,0.));
#7571=DIRECTION('',(-1.11862862933799E-16,0.,-1.));
#7572=DIRECTION('',(0.,-1.,0.));
#7573=DIRECTION('center_axis',(-0.5,0.,0.866025403784439));
#7574=DIRECTION('ref_axis',(-0.866025403784439,0.,-0.5));
#7575=DIRECTION('',(-0.866025403784439,0.,-0.5));
#7576=DIRECTION('',(0.,-1.,0.));
#7577=DIRECTION('',(-0.866025403784439,0.,-0.5));
#7578=DIRECTION('center_axis',(0.5,0.,0.866025403784439));
#7579=DIRECTION('ref_axis',(-0.866025403784439,0.,0.5));
#7580=DIRECTION('',(-0.866025403784439,0.,0.5));
#7581=DIRECTION('',(0.,-1.,0.));
#7582=DIRECTION('',(-0.866025403784439,0.,0.5));
#7583=DIRECTION('center_axis',(1.,0.,-1.11862862933799E-16));
#7584=DIRECTION('ref_axis',(1.11862862933799E-16,0.,1.));
#7585=DIRECTION('',(1.11862862933799E-16,0.,1.));
#7586=DIRECTION('',(0.,-1.,0.));
#7587=DIRECTION('',(1.11862862933799E-16,0.,1.));
#7588=DIRECTION('center_axis',(0.5,0.,-0.866025403784439));
#7589=DIRECTION('ref_axis',(0.866025403784439,0.,0.5));
#7590=DIRECTION('',(0.866025403784439,0.,0.5));
#7591=DIRECTION('',(0.,-1.,0.));
#7592=DIRECTION('',(0.866025403784439,0.,0.5));
#7593=DIRECTION('center_axis',(-0.499999999999999,0.,-0.866025403784439));
#7594=DIRECTION('ref_axis',(0.866025403784439,0.,-0.499999999999999));
#7595=DIRECTION('',(0.866025403784439,0.,-0.499999999999999));
#7596=DIRECTION('',(0.866025403784439,0.,-0.499999999999999));
#7597=DIRECTION('center_axis',(0.,1.,0.));
#7598=DIRECTION('ref_axis',(-1.,0.,1.11862862933799E-16));
#7599=DIRECTION('center_axis',(0.,1.,0.));
#7600=DIRECTION('ref_axis',(-1.,0.,1.11862862933799E-16));
#7601=DIRECTION('center_axis',(0.,-1.,0.));
#7602=DIRECTION('ref_axis',(-1.,0.,1.11862862933799E-16));
#7603=DIRECTION('',(0.,-1.,0.));
#7604=DIRECTION('center_axis',(0.,1.,0.));
#7605=DIRECTION('ref_axis',(-1.,0.,1.11862862933799E-16));
#7606=DIRECTION('center_axis',(0.,-1.,0.));
#7607=DIRECTION('ref_axis',(-1.,0.,1.11862862933799E-16));
#7608=DIRECTION('',(0.,-1.,0.));
#7609=DIRECTION('center_axis',(0.,1.,0.));
#7610=DIRECTION('ref_axis',(-1.,0.,1.11862862933799E-16));
#7611=DIRECTION('center_axis',(0.,-1.,0.));
#7612=DIRECTION('ref_axis',(-1.,0.,1.11862862933799E-16));
#7613=DIRECTION('',(0.,-1.,0.));
#7614=DIRECTION('center_axis',(0.,1.,0.));
#7615=DIRECTION('ref_axis',(-1.,0.,1.11862862933799E-16));
#7616=DIRECTION('center_axis',(0.,-1.,0.));
#7617=DIRECTION('ref_axis',(-1.,0.,1.11862862933799E-16));
#7618=DIRECTION('',(0.,-1.,0.));
#7619=DIRECTION('center_axis',(0.,1.,0.));
#7620=DIRECTION('ref_axis',(-1.,0.,1.11862862933799E-16));
#7621=DIRECTION('center_axis',(0.,-1.,0.));
#7622=DIRECTION('ref_axis',(-1.,0.,1.11862862933799E-16));
#7623=DIRECTION('',(0.,-1.,0.));
#7624=DIRECTION('center_axis',(0.,1.,0.));
#7625=DIRECTION('ref_axis',(-1.,0.,1.11862862933799E-16));
#7626=DIRECTION('center_axis',(0.,-1.,0.));
#7627=DIRECTION('ref_axis',(-1.,0.,1.11862862933799E-16));
#7628=DIRECTION('',(0.,-1.,0.));
#7629=DIRECTION('center_axis',(0.,1.,0.));
#7630=DIRECTION('ref_axis',(-1.,0.,1.11862862933799E-16));
#7631=DIRECTION('center_axis',(0.,-1.,0.));
#7632=DIRECTION('ref_axis',(-1.,0.,1.11862862933799E-16));
#7633=DIRECTION('',(0.,-1.,0.));
#7634=DIRECTION('center_axis',(0.,1.,0.));
#7635=DIRECTION('ref_axis',(-1.,0.,1.11862862933799E-16));
#7636=DIRECTION('center_axis',(0.,-1.,0.));
#7637=DIRECTION('ref_axis',(-1.,0.,1.11862862933799E-16));
#7638=DIRECTION('',(0.,-1.,0.));
#7639=DIRECTION('center_axis',(0.,1.,0.));
#7640=DIRECTION('ref_axis',(-1.,0.,1.11862862933799E-16));
#7641=DIRECTION('center_axis',(0.,-1.,0.));
#7642=DIRECTION('ref_axis',(-1.,0.,1.11862862933799E-16));
#7643=DIRECTION('',(0.,-1.,0.));
#7644=DIRECTION('center_axis',(0.,1.,0.));
#7645=DIRECTION('ref_axis',(-1.,0.,1.11862862933799E-16));
#7646=DIRECTION('center_axis',(0.,-1.,0.));
#7647=DIRECTION('ref_axis',(-1.,0.,1.11862862933799E-16));
#7648=DIRECTION('',(0.,-1.,0.));
#7649=DIRECTION('center_axis',(0.,1.,0.));
#7650=DIRECTION('ref_axis',(-1.,0.,1.11862862933799E-16));
#7651=DIRECTION('center_axis',(0.,-1.,0.));
#7652=DIRECTION('ref_axis',(-1.,0.,1.11862862933799E-16));
#7653=DIRECTION('',(0.,-1.,0.));
#7654=DIRECTION('center_axis',(0.,1.,0.));
#7655=DIRECTION('ref_axis',(-1.,0.,1.11862862933799E-16));
#7656=DIRECTION('center_axis',(0.,-1.,0.));
#7657=DIRECTION('ref_axis',(-1.,0.,1.11862862933799E-16));
#7658=DIRECTION('',(0.,-1.,0.));
#7659=DIRECTION('center_axis',(0.,1.,0.));
#7660=DIRECTION('ref_axis',(-1.,0.,1.11862862933799E-16));
#7661=DIRECTION('center_axis',(0.,-1.,0.));
#7662=DIRECTION('ref_axis',(-1.,0.,1.11862862933799E-16));
#7663=DIRECTION('',(0.,-1.,0.));
#7664=DIRECTION('center_axis',(0.,1.,0.));
#7665=DIRECTION('ref_axis',(-1.,0.,1.11862862933799E-16));
#7666=DIRECTION('center_axis',(0.,-1.,0.));
#7667=DIRECTION('ref_axis',(-1.,0.,1.11862862933799E-16));
#7668=DIRECTION('',(0.,-1.,0.));
#7669=DIRECTION('center_axis',(0.,1.,0.));
#7670=DIRECTION('ref_axis',(-1.,0.,1.11862862933799E-16));
#7671=DIRECTION('center_axis',(0.,-1.,0.));
#7672=DIRECTION('ref_axis',(-1.,0.,1.11862862933799E-16));
#7673=DIRECTION('',(0.,-1.,0.));
#7674=DIRECTION('center_axis',(0.,1.,0.));
#7675=DIRECTION('ref_axis',(-1.,0.,1.11862862933799E-16));
#7676=DIRECTION('center_axis',(0.,-1.,0.));
#7677=DIRECTION('ref_axis',(-1.,0.,1.11862862933799E-16));
#7678=DIRECTION('',(0.,-1.,0.));
#7679=DIRECTION('center_axis',(0.,1.,0.));
#7680=DIRECTION('ref_axis',(-1.,0.,1.11862862933799E-16));
#7681=DIRECTION('center_axis',(0.,-1.,0.));
#7682=DIRECTION('ref_axis',(-1.,0.,1.11862862933799E-16));
#7683=DIRECTION('',(0.,-1.,0.));
#7684=DIRECTION('center_axis',(0.,1.,0.));
#7685=DIRECTION('ref_axis',(-1.,0.,1.11862862933799E-16));
#7686=DIRECTION('center_axis',(0.,-1.,0.));
#7687=DIRECTION('ref_axis',(-1.,0.,1.11862862933799E-16));
#7688=DIRECTION('',(0.,-1.,0.));
#7689=DIRECTION('center_axis',(0.,1.,0.));
#7690=DIRECTION('ref_axis',(-1.,0.,1.11862862933799E-16));
#7691=DIRECTION('center_axis',(0.,-1.,0.));
#7692=DIRECTION('ref_axis',(-1.,0.,1.11862862933799E-16));
#7693=DIRECTION('',(0.,-1.,0.));
#7694=DIRECTION('center_axis',(0.,1.,0.));
#7695=DIRECTION('ref_axis',(-1.,0.,1.11862862933799E-16));
#7696=DIRECTION('center_axis',(0.,-1.,0.));
#7697=DIRECTION('ref_axis',(-1.,0.,1.11862862933799E-16));
#7698=DIRECTION('',(0.,-1.,0.));
#7699=DIRECTION('center_axis',(0.,1.,0.));
#7700=DIRECTION('ref_axis',(-1.,0.,1.11862862933799E-16));
#7701=DIRECTION('center_axis',(0.,-1.,0.));
#7702=DIRECTION('ref_axis',(-1.,0.,1.11862862933799E-16));
#7703=DIRECTION('',(0.,-1.,0.));
#7704=DIRECTION('center_axis',(0.,1.,0.));
#7705=DIRECTION('ref_axis',(-1.,0.,1.11862862933799E-16));
#7706=DIRECTION('center_axis',(0.,-1.,0.));
#7707=DIRECTION('ref_axis',(-1.,0.,1.11862862933799E-16));
#7708=DIRECTION('',(0.,-1.,0.));
#7709=DIRECTION('center_axis',(0.,1.,0.));
#7710=DIRECTION('ref_axis',(-1.,0.,1.11862862933799E-16));
#7711=DIRECTION('center_axis',(0.,-1.,0.));
#7712=DIRECTION('ref_axis',(-1.,0.,1.11862862933799E-16));
#7713=DIRECTION('',(0.,-1.,0.));
#7714=DIRECTION('center_axis',(0.,1.,0.));
#7715=DIRECTION('ref_axis',(-1.,0.,1.11862862933799E-16));
#7716=DIRECTION('center_axis',(0.,-1.,0.));
#7717=DIRECTION('ref_axis',(-1.,0.,1.11862862933799E-16));
#7718=DIRECTION('',(0.,-1.,0.));
#7719=DIRECTION('center_axis',(0.,1.,0.));
#7720=DIRECTION('ref_axis',(-1.,0.,1.11862862933799E-16));
#7721=DIRECTION('center_axis',(0.,-1.,0.));
#7722=DIRECTION('ref_axis',(-1.,0.,1.11862862933799E-16));
#7723=DIRECTION('',(0.,-1.,0.));
#7724=DIRECTION('center_axis',(0.,1.,0.));
#7725=DIRECTION('ref_axis',(-1.,0.,1.11862862933799E-16));
#7726=DIRECTION('center_axis',(1.,0.,2.29907887146908E-33));
#7727=DIRECTION('ref_axis',(-2.29907887146908E-33,2.57111693798015E-26,
1.));
#7728=DIRECTION('',(0.,1.,0.));
#7729=DIRECTION('',(-2.29907887146908E-33,2.57111693798015E-26,1.));
#7730=DIRECTION('',(0.,-1.,0.));
#7731=DIRECTION('',(-2.29907887146908E-33,0.,1.));
#7732=DIRECTION('center_axis',(-1.,0.,-2.29907887146908E-33));
#7733=DIRECTION('ref_axis',(2.29907887146908E-33,-2.57111693798015E-26,
-1.));
#7734=DIRECTION('',(0.,-1.,0.));
#7735=DIRECTION('',(2.29907887146908E-33,0.,-1.));
#7736=DIRECTION('',(0.,1.,0.));
#7737=DIRECTION('',(2.29907887146908E-33,-2.57111693798015E-26,-1.));
#7738=DIRECTION('center_axis',(0.,-1.,0.));
#7739=DIRECTION('ref_axis',(0.,0.,-1.));
#7740=DIRECTION('',(1.,0.,0.));
#7741=DIRECTION('',(-1.,0.,0.));
#7742=DIRECTION('center_axis',(0.,0.,1.));
#7743=DIRECTION('ref_axis',(1.,0.,0.));
#7744=DIRECTION('',(-1.,0.,0.));
#7745=DIRECTION('',(0.,1.,0.));
#7746=DIRECTION('',(-1.,0.,0.));
#7747=DIRECTION('',(0.,-1.,0.));
#7748=DIRECTION('',(-1.,0.,0.));
#7749=DIRECTION('',(0.,1.,0.));
#7750=DIRECTION('',(1.,6.38059209554688E-18,0.));
#7751=DIRECTION('',(0.,-1.,0.));
#7752=DIRECTION('',(-1.,0.,0.));
#7753=DIRECTION('center_axis',(0.,1.,0.));
#7754=DIRECTION('ref_axis',(-1.,0.,0.));
#7755=DIRECTION('',(-1.,0.,0.));
#7756=DIRECTION('center_axis',(0.,-1.,0.));
#7757=DIRECTION('ref_axis',(-0.707106781186543,0.,-0.707106781186552));
#7758=DIRECTION('',(0.,0.,-1.));
#7759=DIRECTION('center_axis',(0.,-1.,0.));
#7760=DIRECTION('ref_axis',(-0.707106781186539,0.,0.707106781186556));
#7761=DIRECTION('',(1.,0.,0.));
#7762=DIRECTION('',(0.,0.,1.));
#7763=DIRECTION('',(-1.,0.,0.));
#7764=DIRECTION('center_axis',(0.,1.,0.));
#7765=DIRECTION('ref_axis',(-0.707106781186547,0.,0.707106781186547));
#7766=DIRECTION('',(0.,0.,1.));
#7767=DIRECTION('',(-0.707106781186547,0.,0.707106781186547));
#7768=DIRECTION('',(0.,0.,1.));
#7769=DIRECTION('',(0.707106781186547,0.,0.707106781186547));
#7770=DIRECTION('',(0.,0.,1.));
#7771=DIRECTION('',(-0.707106781186547,0.,0.707106781186547));
#7772=DIRECTION('',(0.,0.,1.));
#7773=DIRECTION('',(0.707106781186547,0.,0.707106781186547));
#7774=DIRECTION('',(0.,0.,1.));
#7775=DIRECTION('center_axis',(0.,1.,0.));
#7776=DIRECTION('ref_axis',(-0.707106781186547,0.,-0.707106781186547));
#7777=DIRECTION('center_axis',(0.,1.,0.));
#7778=DIRECTION('ref_axis',(-1.,0.,0.));
#7779=DIRECTION('',(0.707106781186547,0.,0.707106781186548));
#7780=DIRECTION('',(1.,0.,-6.38059209554688E-18));
#7781=DIRECTION('',(-0.707106781186547,0.,0.707106781186548));
#7782=DIRECTION('center_axis',(0.,1.,0.));
#7783=DIRECTION('ref_axis',(0.707106781186546,0.,-0.707106781186549));
#7784=DIRECTION('',(0.,0.,1.));
#7785=DIRECTION('',(1.,0.,-7.70371977754894E-34));
#7786=DIRECTION('',(0.,0.,-1.));
#7787=DIRECTION('center_axis',(0.,-1.,0.));
#7788=DIRECTION('ref_axis',(0.707106781186548,0.,-0.707106781186547));
#7789=DIRECTION('',(-1.,0.,0.));
#7790=DIRECTION('center_axis',(0.,0.,1.));
#7791=DIRECTION('ref_axis',(1.,0.,0.));
#7792=DIRECTION('',(0.707106781186549,0.707106781186546,0.));
#7793=DIRECTION('',(0.,-1.,0.));
#7794=DIRECTION('',(-1.,0.,0.));
#7795=DIRECTION('',(0.,1.,0.));
#7796=DIRECTION('',(1.,0.,0.));
#7797=DIRECTION('center_axis',(1.,0.,0.));
#7798=DIRECTION('ref_axis',(0.,0.,-1.));
#7799=DIRECTION('',(0.,0.,1.));
#7800=DIRECTION('',(0.,0.,-1.));
#7801=DIRECTION('',(0.,-1.,0.));
#7802=DIRECTION('',(0.,0.,1.));
#7803=DIRECTION('',(0.,1.,0.));
#7804=DIRECTION('',(0.,0.,-1.));
#7805=DIRECTION('',(0.,1.,0.));
#7806=DIRECTION('',(0.,0.,-1.));
#7807=DIRECTION('',(0.,1.,0.));
#7808=DIRECTION('',(0.,0.,1.));
#7809=DIRECTION('',(0.,-1.,0.));
#7810=DIRECTION('',(0.,1.,0.));
#7811=DIRECTION('',(0.,0.,-1.));
#7812=DIRECTION('',(0.,-1.,0.));
#7813=DIRECTION('center_axis',(0.,0.,1.));
#7814=DIRECTION('ref_axis',(1.,0.,0.));
#7815=DIRECTION('',(1.,0.,0.));
#7816=DIRECTION('',(0.707106781186549,0.707106781186546,0.));
#7817=DIRECTION('',(0.,-1.,0.));
#7818=DIRECTION('',(-1.,0.,0.));
#7819=DIRECTION('center_axis',(0.,1.,0.));
#7820=DIRECTION('ref_axis',(0.,0.,1.));
#7821=DIRECTION('',(0.,0.,1.));
#7822=DIRECTION('',(-1.,0.,7.70371977754894E-34));
#7823=DIRECTION('center_axis',(-1.,0.,0.));
#7824=DIRECTION('ref_axis',(0.,0.,1.));
#7825=DIRECTION('',(0.,0.,1.));
#7826=DIRECTION('',(0.,1.,0.));
#7827=DIRECTION('',(0.,0.,1.));
#7828=DIRECTION('',(0.,1.,0.));
#7829=DIRECTION('',(0.,1.,0.));
#7830=DIRECTION('',(0.,0.,-1.));
#7831=DIRECTION('',(0.,-1.,0.));
#7832=DIRECTION('',(0.,0.,1.));
#7833=DIRECTION('',(0.,1.,0.));
#7834=DIRECTION('',(0.,0.,1.));
#7835=DIRECTION('',(0.,1.,0.));
#7836=DIRECTION('',(0.,0.,1.));
#7837=DIRECTION('center_axis',(0.,1.,0.));
#7838=DIRECTION('ref_axis',(0.,0.,1.));
#7839=DIRECTION('',(1.,0.,0.));
#7840=DIRECTION('',(1.,0.,-7.70371977754894E-34));
#7841=DIRECTION('center_axis',(0.,1.,0.));
#7842=DIRECTION('ref_axis',(0.,0.,1.));
#7843=DIRECTION('',(1.,0.,0.));
#7844=DIRECTION('center_axis',(0.,1.,0.));
#7845=DIRECTION('ref_axis',(-1.,0.,0.));
#7846=DIRECTION('center_axis',(1.38777878078145E-17,-1.,0.));
#7847=DIRECTION('ref_axis',(-1.,-1.38777878078145E-17,0.));
#7848=DIRECTION('',(0.707106781186548,0.707106781186547,-8.65956056235494E-17));
#7849=DIRECTION('center_axis',(0.,1.,0.));
#7850=DIRECTION('ref_axis',(-1.,0.,0.));
#7851=DIRECTION('center_axis',(0.,1.,0.));
#7852=DIRECTION('ref_axis',(-1.,0.,0.));
#7853=DIRECTION('center_axis',(0.,1.,0.));
#7854=DIRECTION('ref_axis',(-1.,0.,0.));
#7855=DIRECTION('center_axis',(1.38777878078145E-17,-1.,0.));
#7856=DIRECTION('ref_axis',(-1.,-1.38777878078145E-17,0.));
#7857=DIRECTION('',(0.707106781186547,0.707106781186548,-8.65956056235492E-17));
#7858=DIRECTION('center_axis',(0.,1.,0.));
#7859=DIRECTION('ref_axis',(-1.,0.,0.));
#7860=DIRECTION('center_axis',(0.,1.,0.));
#7861=DIRECTION('ref_axis',(-1.,0.,0.));
#7862=DIRECTION('center_axis',(1.38777878078145E-17,-1.,0.));
#7863=DIRECTION('ref_axis',(1.,1.38777878078145E-17,2.29907887111226E-33));
#7864=DIRECTION('center_axis',(1.38777878078145E-17,-1.,0.));
#7865=DIRECTION('ref_axis',(1.,1.38777878078145E-17,2.29907887111226E-33));
#7866=DIRECTION('center_axis',(0.,1.,0.));
#7867=DIRECTION('ref_axis',(1.,0.,0.));
#7868=DIRECTION('center_axis',(0.,-1.,0.));
#7869=DIRECTION('ref_axis',(1.,0.,0.));
#7870=DIRECTION('center_axis',(0.,1.,0.));
#7871=DIRECTION('ref_axis',(1.,0.,0.));
#7872=DIRECTION('center_axis',(0.,-1.,0.));
#7873=DIRECTION('ref_axis',(1.,0.,0.));
#7874=DIRECTION('center_axis',(0.,1.,0.));
#7875=DIRECTION('ref_axis',(1.,0.,0.));
#7876=DIRECTION('center_axis',(0.,-1.,0.));
#7877=DIRECTION('ref_axis',(1.,0.,0.));
#7878=DIRECTION('center_axis',(0.,1.,0.));
#7879=DIRECTION('ref_axis',(1.,0.,0.));
#7880=DIRECTION('center_axis',(0.,-1.,0.));
#7881=DIRECTION('ref_axis',(1.,0.,0.));
#7882=DIRECTION('center_axis',(2.6727647100922E-51,-2.6727647100922E-51,
-1.));
#7883=DIRECTION('ref_axis',(1.,-3.14018491736756E-15,2.67276471009221E-51));
#7884=DIRECTION('center_axis',(-0.707106781186548,3.77986010204458E-51,
0.707106781186548));
#7885=DIRECTION('ref_axis',(0.707106781186547,-2.22044604925032E-15,0.707106781186547));
#7886=DIRECTION('',(-2.6727647100922E-51,2.6727647100922E-51,1.));
#7887=DIRECTION('center_axis',(-0.707106781186548,-3.77986010204458E-51,
-0.707106781186548));
#7888=DIRECTION('ref_axis',(0.707106781186547,-2.22044604925032E-15,-0.707106781186547));
#7889=DIRECTION('',(2.6727647100922E-51,-2.6727647100922E-51,-1.));
#7890=DIRECTION('center_axis',(0.707106781186548,-3.77986010204458E-51,
-0.707106781186548));
#7891=DIRECTION('ref_axis',(-0.707106781186548,0.,-0.707106781186548));
#7892=DIRECTION('',(0.577350269189626,0.577350269189625,0.577350269189626));
#7893=DIRECTION('',(-0.707106781186547,-3.77986010204458E-51,-0.707106781186547));
#7894=DIRECTION('',(0.,-1.,5.34552942018439E-51));
#7895=DIRECTION('',(-0.577350269189626,0.577350269189625,-0.577350269189626));
#7896=DIRECTION('center_axis',(0.707106781186547,-0.707106781186548,3.77986010204458E-51));
#7897=DIRECTION('ref_axis',(5.3455294201844E-51,0.,-1.));
#7898=DIRECTION('',(-0.577350269189626,-0.577350269189625,0.577350269189626));
#7899=DIRECTION('',(0.,-5.34552942018439E-51,-1.));
#7900=DIRECTION('center_axis',(2.6727647100922E-51,-2.6727647100922E-51,
-1.));
#7901=DIRECTION('ref_axis',(1.,-3.14018491736756E-15,2.67276471009221E-51));
#7902=DIRECTION('center_axis',(-0.707106781186548,3.77986010204458E-51,
0.707106781186548));
#7903=DIRECTION('ref_axis',(0.707106781186547,-2.22044604925032E-15,0.707106781186547));
#7904=DIRECTION('',(-2.6727647100922E-51,2.6727647100922E-51,1.));
#7905=DIRECTION('center_axis',(-0.707106781186548,-3.77986010204458E-51,
-0.707106781186548));
#7906=DIRECTION('ref_axis',(0.707106781186547,-2.22044604925032E-15,-0.707106781186547));
#7907=DIRECTION('',(2.6727647100922E-51,-2.6727647100922E-51,-1.));
#7908=DIRECTION('center_axis',(0.707106781186548,-3.77986010204458E-51,
-0.707106781186548));
#7909=DIRECTION('ref_axis',(-0.707106781186548,0.,-0.707106781186548));
#7910=DIRECTION('',(0.577350269189626,0.577350269189625,0.577350269189626));
#7911=DIRECTION('',(-0.707106781186547,-3.77986010204458E-51,-0.707106781186547));
#7912=DIRECTION('',(0.,-1.,5.34552942018439E-51));
#7913=DIRECTION('',(-0.577350269189626,0.577350269189625,-0.577350269189626));
#7914=DIRECTION('center_axis',(0.707106781186547,-0.707106781186548,3.77986010204458E-51));
#7915=DIRECTION('ref_axis',(5.3455294201844E-51,0.,-1.));
#7916=DIRECTION('',(-0.577350269189626,-0.577350269189625,0.577350269189626));
#7917=DIRECTION('',(0.,-5.34552942018439E-51,-1.));
#7918=DIRECTION('center_axis',(0.707106781186548,3.77986010204458E-51,0.707106781186548));
#7919=DIRECTION('ref_axis',(0.707106781186548,0.,-0.707106781186548));
#7920=DIRECTION('',(0.577350269189626,-0.577350269189625,-0.577350269189626));
#7921=DIRECTION('',(0.,1.,-5.34552942018439E-51));
#7922=DIRECTION('',(0.707106781186547,-3.77986010204458E-51,-0.707106781186547));
#7923=DIRECTION('center_axis',(0.707106781186548,3.77986010204458E-51,0.707106781186548));
#7924=DIRECTION('ref_axis',(0.707106781186548,0.,-0.707106781186548));
#7925=DIRECTION('',(0.577350269189626,-0.577350269189625,-0.577350269189626));
#7926=DIRECTION('',(0.,1.,-5.34552942018439E-51));
#7927=DIRECTION('',(0.707106781186547,-3.77986010204458E-51,-0.707106781186547));
#7928=DIRECTION('center_axis',(0.707106781186547,0.707106781186548,0.));
#7929=DIRECTION('ref_axis',(0.,0.,-1.));
#7930=DIRECTION('center_axis',(0.707106781186547,0.707106781186548,0.));
#7931=DIRECTION('ref_axis',(0.,0.,-1.));
#7932=DIRECTION('center_axis',(0.,-1.,5.34552942018439E-51));
#7933=DIRECTION('ref_axis',(1.54074395550979E-33,-5.34552942018439E-51,
-1.));
#7934=DIRECTION('',(0.,5.34552942018439E-51,1.));
#7935=DIRECTION('center_axis',(1.,0.,0.));
#7936=DIRECTION('ref_axis',(0.,0.,-1.));
#7937=DIRECTION('',(0.,1.,0.));
#7938=DIRECTION('',(0.,0.,1.));
#7939=DIRECTION('',(0.,-1.,0.));
#7940=DIRECTION('',(0.,0.,1.));
#7941=DIRECTION('',(0.,1.,0.));
#7942=DIRECTION('',(0.,0.,1.));
#7943=DIRECTION('',(0.,-1.,0.));
#7944=DIRECTION('',(0.,5.34552942018439E-51,1.));
#7945=DIRECTION('center_axis',(1.,0.,0.));
#7946=DIRECTION('ref_axis',(0.,0.,-1.));
#7947=DIRECTION('',(0.,1.,0.));
#7948=DIRECTION('',(0.,0.,-1.));
#7949=DIRECTION('',(0.,-1.,0.));
#7950=DIRECTION('center_axis',(1.,0.,0.));
#7951=DIRECTION('ref_axis',(0.,0.,-1.));
#7952=DIRECTION('center_axis',(1.,0.,0.));
#7953=DIRECTION('ref_axis',(0.,0.,-1.));
#7954=DIRECTION('',(0.,-1.,0.));
#7955=DIRECTION('',(0.,0.,1.));
#7956=DIRECTION('',(0.,1.,0.));
#7957=DIRECTION('center_axis',(1.,0.,0.));
#7958=DIRECTION('ref_axis',(0.,0.,1.));
#7959=DIRECTION('center_axis',(0.,-1.,5.34552942018439E-51));
#7960=DIRECTION('ref_axis',(1.54074395550979E-33,-5.34552942018439E-51,
-1.));
#7961=DIRECTION('center_axis',(0.,-1.,0.));
#7962=DIRECTION('ref_axis',(-0.707106781186547,0.,-0.707106781186547));
#7963=DIRECTION('center_axis',(0.,-1.,0.));
#7964=DIRECTION('ref_axis',(-1.,0.,0.));
#7965=DIRECTION('center_axis',(0.,0.,1.));
#7966=DIRECTION('ref_axis',(-0.707106781186553,-0.707106781186542,0.));
#7967=DIRECTION('center_axis',(0.,0.,-1.));
#7968=DIRECTION('ref_axis',(0.,-1.,0.));
#7969=DIRECTION('center_axis',(0.,0.,1.));
#7970=DIRECTION('ref_axis',(-0.707106781186553,-0.707106781186542,0.));
#7971=DIRECTION('',(0.,0.,-1.));
#7972=DIRECTION('center_axis',(0.408248290463859,0.408248290463859,-0.81649658092773));
#7973=DIRECTION('ref_axis',(-0.577350269189631,-0.577350269189626,-0.57735026918962));
#7974=DIRECTION('center_axis',(1.,0.,0.));
#7975=DIRECTION('ref_axis',(0.,-0.707106781186548,-0.707106781186547));
#7976=DIRECTION('center_axis',(-1.,0.,0.));
#7977=DIRECTION('ref_axis',(0.,-0.707106781186547,-0.707106781186548));
#7978=DIRECTION('',(1.,0.,0.));
#7979=DIRECTION('center_axis',(1.,0.,0.));
#7980=DIRECTION('ref_axis',(0.,-1.,0.));
#7981=DIRECTION('center_axis',(0.,1.,0.));
#7982=DIRECTION('ref_axis',(1.,0.,0.));
#7983=DIRECTION('',(-1.,0.,0.));
#7984=DIRECTION('',(0.,0.,1.));
#7985=DIRECTION('',(-1.,0.,0.));
#7986=DIRECTION('',(0.,0.,-1.));
#7987=DIRECTION('',(-1.,0.,0.));
#7988=DIRECTION('',(0.,0.,1.));
#7989=DIRECTION('center_axis',(0.,-1.,0.));
#7990=DIRECTION('ref_axis',(1.,0.,0.));
#7991=DIRECTION('center_axis',(0.,-1.,0.));
#7992=DIRECTION('ref_axis',(1.,0.,0.));
#7993=DIRECTION('center_axis',(0.,-1.,0.));
#7994=DIRECTION('ref_axis',(1.,0.,0.));
#7995=DIRECTION('center_axis',(0.,-1.,0.));
#7996=DIRECTION('ref_axis',(1.,0.,0.));
#7997=DIRECTION('center_axis',(0.,-1.,0.));
#7998=DIRECTION('ref_axis',(1.,0.,0.));
#7999=DIRECTION('center_axis',(0.,-1.,0.));
#8000=DIRECTION('ref_axis',(1.,0.,0.));
#8001=DIRECTION('center_axis',(0.,0.,1.));
#8002=DIRECTION('ref_axis',(-0.707106781186553,-0.707106781186542,0.));
#8003=DIRECTION('center_axis',(0.,0.,1.));
#8004=DIRECTION('ref_axis',(-1.,0.,0.));
#8005=DIRECTION('center_axis',(0.,0.,-1.));
#8006=DIRECTION('ref_axis',(-0.707106781186553,-0.707106781186542,0.));
#8007=DIRECTION('center_axis',(0.,-1.,0.));
#8008=DIRECTION('ref_axis',(-0.707106781186547,0.,0.707106781186547));
#8009=DIRECTION('center_axis',(0.,-1.,0.));
#8010=DIRECTION('ref_axis',(0.,0.,1.));
#8011=DIRECTION('',(0.,-1.,0.));
#8012=DIRECTION('center_axis',(0.40824829046386,-0.816496580927729,-0.40824829046386));
#8013=DIRECTION('ref_axis',(-0.577350269189623,-0.577350269189622,0.577350269189632));
#8014=DIRECTION('center_axis',(1.,0.,0.));
#8015=DIRECTION('ref_axis',(0.,-0.707106781186548,0.707106781186547));
#8016=DIRECTION('center_axis',(1.,0.,0.));
#8017=DIRECTION('ref_axis',(0.,-0.707106781186547,0.707106781186548));
#8018=DIRECTION('',(1.,0.,0.));
#8019=DIRECTION('center_axis',(-1.,-5.9211894646675E-15,0.));
#8020=DIRECTION('ref_axis',(0.,0.,1.));
#8021=DIRECTION('center_axis',(0.,0.,-1.));
#8022=DIRECTION('ref_axis',(-1.,0.,0.));
#8023=DIRECTION('center_axis',(0.,0.,1.));
#8024=DIRECTION('ref_axis',(0.436092132007154,0.899902023778953,0.));
#8025=DIRECTION('',(0.619647304802915,-0.784880384294628,0.));
#8026=DIRECTION('',(0.,1.,0.));
#8027=DIRECTION('center_axis',(0.,0.,-1.));
#8028=DIRECTION('ref_axis',(-0.70710678118654,-0.707106781186555,0.));
#8029=DIRECTION('',(-1.,0.,0.));
#8030=DIRECTION('center_axis',(0.,0.,-1.));
#8031=DIRECTION('ref_axis',(0.70710678118654,-0.707106781186555,0.));
#8032=DIRECTION('',(0.,1.,0.));
#8033=DIRECTION('',(1.,0.,0.));
#8034=DIRECTION('',(0.,1.,0.));
#8035=DIRECTION('',(-0.707106781186545,0.70710678118655,0.));
#8036=DIRECTION('',(-1.,0.,0.));
#8037=DIRECTION('',(-0.707106781186545,-0.70710678118655,0.));
#8038=DIRECTION('',(0.,1.,0.));
#8039=DIRECTION('',(1.,0.,0.));
#8040=DIRECTION('',(0.,1.,0.));
#8041=DIRECTION('',(-0.707106781186545,0.70710678118655,0.));
#8042=DIRECTION('',(-1.,0.,0.));
#8043=DIRECTION('',(-0.707106781186545,-0.70710678118655,0.));
#8044=DIRECTION('',(0.,1.,0.));
#8045=DIRECTION('',(0.93274544668478,0.360535617781114,0.));
#8046=DIRECTION('center_axis',(0.,0.,1.));
#8047=DIRECTION('ref_axis',(-0.183377415887589,0.983042584704442,0.));
#8048=DIRECTION('',(1.,0.,0.));
#8049=DIRECTION('',(0.,1.,0.));
#8050=DIRECTION('',(1.,0.,0.));
#8051=DIRECTION('',(0.,1.,0.));
#8052=DIRECTION('',(-1.,0.,0.));
#8053=DIRECTION('',(0.,-1.,0.));
#8054=DIRECTION('center_axis',(0.,0.,-1.));
#8055=DIRECTION('ref_axis',(1.,0.,0.));
#8056=DIRECTION('',(-1.,0.,0.));
#8057=DIRECTION('',(0.,-1.,0.));
#8058=DIRECTION('center_axis',(0.,0.,-1.));
#8059=DIRECTION('ref_axis',(-0.707106781186544,-0.707106781186551,0.));
#8060=DIRECTION('',(-1.,0.,0.));
#8061=DIRECTION('',(0.,-1.,0.));
#8062=DIRECTION('center_axis',(1.,0.,3.89551938464967E-17));
#8063=DIRECTION('ref_axis',(3.89551938464967E-17,0.,-1.));
#8064=DIRECTION('center_axis',(1.,0.,3.89551938464967E-17));
#8065=DIRECTION('ref_axis',(3.89551938464967E-17,0.,-1.));
#8066=DIRECTION('',(0.,1.,0.));
#8067=DIRECTION('',(-3.89551938464967E-17,0.,1.));
#8068=DIRECTION('',(0.,-1.,0.));
#8069=DIRECTION('center_axis',(1.,0.,3.89551938464967E-17));
#8070=DIRECTION('ref_axis',(3.89551938464967E-17,0.,-1.));
#8071=DIRECTION('center_axis',(1.,0.,3.89551938464967E-17));
#8072=DIRECTION('ref_axis',(3.89551938464967E-17,0.,-1.));
#8073=DIRECTION('',(0.,-1.,0.));
#8074=DIRECTION('',(3.89551938464967E-17,0.,-1.));
#8075=DIRECTION('',(0.,1.,0.));
#8076=DIRECTION('center_axis',(-1.,0.,0.));
#8077=DIRECTION('ref_axis',(0.,0.,-1.));
#8078=DIRECTION('',(-1.,0.,0.));
#8079=DIRECTION('',(-1.,0.,0.));
#8080=DIRECTION('',(-1.,0.,0.));
#8081=DIRECTION('',(1.,0.,0.));
#8082=DIRECTION('',(-1.,0.,0.));
#8083=DIRECTION('center_axis',(-1.,0.,0.));
#8084=DIRECTION('ref_axis',(0.,0.,-1.));
#8085=DIRECTION('center_axis',(0.,0.,1.));
#8086=DIRECTION('ref_axis',(-0.707106781186544,-0.707106781186551,0.));
#8087=DIRECTION('center_axis',(0.,0.,1.));
#8088=DIRECTION('ref_axis',(-0.707106781186544,-0.707106781186551,0.));
#8089=DIRECTION('',(0.,0.,1.));
#8090=DIRECTION('center_axis',(0.,0.,-1.));
#8091=DIRECTION('ref_axis',(0.,-1.,0.));
#8092=DIRECTION('',(0.,0.,-1.));
#8093=DIRECTION('center_axis',(0.,1.,0.));
#8094=DIRECTION('ref_axis',(-0.707106781186539,0.,0.707106781186556));
#8095=DIRECTION('',(0.,-1.,0.));
#8096=DIRECTION('center_axis',(0.,1.,0.));
#8097=DIRECTION('ref_axis',(-1.,0.,0.));
#8098=DIRECTION('',(0.,1.,0.));
#8099=DIRECTION('center_axis',(0.40824829046386,-0.816496580927729,-0.40824829046386));
#8100=DIRECTION('ref_axis',(-0.577350269189623,-0.577350269189622,0.577350269189632));
#8101=DIRECTION('center_axis',(-1.,0.,0.));
#8102=DIRECTION('ref_axis',(0.,-0.707106781186548,0.707106781186547));
#8103=DIRECTION('center_axis',(-1.,0.,0.));
#8104=DIRECTION('ref_axis',(0.,0.,1.));
#8105=DIRECTION('',(0.,1.,0.));
#8106=DIRECTION('',(0.,0.,-1.));
#8107=DIRECTION('',(0.,0.,-1.));
#8108=DIRECTION('',(0.,1.,0.));
#8109=DIRECTION('center_axis',(-1.,0.,0.));
#8110=DIRECTION('ref_axis',(0.,0.,1.));
#8111=DIRECTION('center_axis',(0.,0.,1.));
#8112=DIRECTION('ref_axis',(1.,0.,0.));
#8113=DIRECTION('',(-1.,0.,0.));
#8114=DIRECTION('',(0.,-1.,0.));
#8115=DIRECTION('',(1.,0.,0.));
#8116=DIRECTION('center_axis',(0.,0.,-1.));
#8117=DIRECTION('ref_axis',(-0.183377415887589,0.983042584704442,0.));
#8118=DIRECTION('',(-0.93274544668478,-0.360535617781114,0.));
#8119=DIRECTION('',(0.,1.,0.));
#8120=DIRECTION('',(0.707106781186545,0.70710678118655,0.));
#8121=DIRECTION('',(1.,0.,0.));
#8122=DIRECTION('',(0.707106781186545,-0.70710678118655,0.));
#8123=DIRECTION('',(0.,1.,0.));
#8124=DIRECTION('',(-1.,0.,0.));
#8125=DIRECTION('',(0.,1.,0.));
#8126=DIRECTION('',(0.707106781186545,0.70710678118655,0.));
#8127=DIRECTION('',(1.,0.,0.));
#8128=DIRECTION('',(0.707106781186545,-0.70710678118655,0.));
#8129=DIRECTION('',(0.,1.,0.));
#8130=DIRECTION('',(-1.,0.,0.));
#8131=DIRECTION('',(0.,1.,0.));
#8132=DIRECTION('center_axis',(0.,0.,1.));
#8133=DIRECTION('ref_axis',(0.70710678118654,-0.707106781186555,0.));
#8134=DIRECTION('',(1.,0.,0.));
#8135=DIRECTION('center_axis',(0.,0.,1.));
#8136=DIRECTION('ref_axis',(-0.70710678118654,-0.707106781186555,0.));
#8137=DIRECTION('',(0.,1.,0.));
#8138=DIRECTION('',(-0.619647304802915,0.784880384294628,0.));
#8139=DIRECTION('center_axis',(0.,0.,-1.));
#8140=DIRECTION('ref_axis',(0.436092132007154,0.899902023778953,0.));
#8141=DIRECTION('center_axis',(0.,1.,0.));
#8142=DIRECTION('ref_axis',(-0.707106781186543,0.,-0.707106781186552));
#8143=DIRECTION('',(0.,-1.,0.));
#8144=DIRECTION('center_axis',(0.,1.,0.));
#8145=DIRECTION('ref_axis',(0.,0.,-1.));
#8146=DIRECTION('center_axis',(0.,0.,1.));
#8147=DIRECTION('ref_axis',(-0.707106781186544,-0.707106781186551,0.));
#8148=DIRECTION('center_axis',(0.,0.,1.));
#8149=DIRECTION('ref_axis',(-1.,0.,0.));
#8150=DIRECTION('',(0.,0.,1.));
#8151=DIRECTION('center_axis',(0.40824829046386,-0.816496580927729,0.40824829046386));
#8152=DIRECTION('ref_axis',(-0.577350269189628,-0.577350269189622,-0.577350269189628));
#8153=DIRECTION('center_axis',(-1.,0.,0.));
#8154=DIRECTION('ref_axis',(0.,-0.707106781186548,-0.707106781186547));
#8155=DIRECTION('center_axis',(0.,1.,0.));
#8156=DIRECTION('ref_axis',(1.,0.,0.));
#8157=DIRECTION('',(-1.,0.,0.));
#8158=DIRECTION('',(0.,0.,-1.));
#8159=DIRECTION('',(-1.,0.,0.));
#8160=DIRECTION('',(0.,0.,-1.));
#8161=DIRECTION('',(1.,0.,0.));
#8162=DIRECTION('center_axis',(0.,0.,1.));
#8163=DIRECTION('ref_axis',(-1.,0.,0.));
#8164=DIRECTION('',(0.,1.,0.));
#8165=DIRECTION('',(1.,0.,0.));
#8166=DIRECTION('center_axis',(1.,0.,0.));
#8167=DIRECTION('ref_axis',(0.,-0.707106781186547,0.707106781186548));
#8168=DIRECTION('center_axis',(1.,0.,-2.96059473233374E-15));
#8169=DIRECTION('ref_axis',(0.,-1.,0.));
#8170=DIRECTION('center_axis',(1.,0.,0.));
#8171=DIRECTION('ref_axis',(0.,-0.707106781186548,-0.707106781186547));
#8172=DIRECTION('',(1.,0.,0.));
#8173=DIRECTION('center_axis',(1.,0.,0.));
#8174=DIRECTION('ref_axis',(0.,0.,-1.));
#8175=DIRECTION('center_axis',(0.,0.,-1.));
#8176=DIRECTION('ref_axis',(-1.,0.,0.));
#8177=DIRECTION('',(0.,1.,0.));
#8178=DIRECTION('center_axis',(4.51175993874651E-18,0.707106781186542,0.707106781186553));
#8179=DIRECTION('ref_axis',(-1.,-5.00741785540681E-33,6.38059209554688E-18));
#8180=DIRECTION('',(0.577350269189623,-0.577350269189632,0.577350269189623));
#8181=DIRECTION('',(-1.,3.85185988877447E-34,6.38059209554688E-18));
#8182=DIRECTION('',(-0.577350269189623,-0.577350269189632,0.577350269189623));
#8183=DIRECTION('center_axis',(-0.707106781186548,0.,0.707106781186547));
#8184=DIRECTION('ref_axis',(0.,-1.,0.));
#8185=DIRECTION('',(0.577350269189626,0.577350269189626,0.577350269189626));
#8186=DIRECTION('center_axis',(0.707106781186548,0.,0.707106781186547));
#8187=DIRECTION('ref_axis',(0.,1.,0.));
#8188=DIRECTION('',(-0.577350269189626,0.577350269189626,0.577350269189626));
#8189=DIRECTION('center_axis',(0.,-1.,0.));
#8190=DIRECTION('ref_axis',(0.707106781186546,0.,-0.707106781186549));
#8191=DIRECTION('center_axis',(0.,-1.,0.));
#8192=DIRECTION('ref_axis',(0.,0.,-1.));
#8193=DIRECTION('center_axis',(-0.40824829046386,-0.816496580927725,0.408248290463869));
#8194=DIRECTION('ref_axis',(0.577350269189627,-0.577350269189628,-0.577350269189622));
#8195=DIRECTION('center_axis',(0.,0.,1.));
#8196=DIRECTION('ref_axis',(0.707106781186546,-0.707106781186549,0.));
#8197=DIRECTION('center_axis',(0.,0.,1.));
#8198=DIRECTION('ref_axis',(0.707106781186546,-0.707106781186549,0.));
#8199=DIRECTION('center_axis',(0.,0.,-1.));
#8200=DIRECTION('ref_axis',(0.,-1.,0.));
#8201=DIRECTION('center_axis',(0.408248290463864,-0.408248290463866,-0.816496580927724));
#8202=DIRECTION('ref_axis',(0.577350269189627,-0.577350269189622,0.577350269189629));
#8203=DIRECTION('center_axis',(0.,0.,1.));
#8204=DIRECTION('ref_axis',(1.,0.,0.));
#8205=DIRECTION('center_axis',(0.,-1.,0.));
#8206=DIRECTION('ref_axis',(0.,0.,1.));
#8207=DIRECTION('center_axis',(-0.408248290463864,-0.816496580927727,0.408248290463859));
#8208=DIRECTION('ref_axis',(0.577350269189627,-0.577350269189623,-0.577350269189627));
#8209=DIRECTION('center_axis',(0.,-1.,7.40148683083437E-16));
#8210=DIRECTION('ref_axis',(1.,0.,0.));
#8211=DIRECTION('center_axis',(0.,0.,-1.));
#8212=DIRECTION('ref_axis',(0.,-1.,0.));
#8213=DIRECTION('center_axis',(0.,0.,-1.));
#8214=DIRECTION('ref_axis',(0.707106781186548,-0.707106781186547,0.));
#8215=DIRECTION('center_axis',(0.,1.,0.));
#8216=DIRECTION('ref_axis',(0.707106781186548,0.,-0.707106781186547));
#8217=DIRECTION('center_axis',(0.,1.,0.));
#8218=DIRECTION('ref_axis',(0.707106781186545,0.,0.70710678118655));
#8219=DIRECTION('center_axis',(0.,-1.,0.));
#8220=DIRECTION('ref_axis',(0.707106781186545,0.,0.70710678118655));
#8221=DIRECTION('center_axis',(0.408248290463869,-0.408248290463864,-0.816496580927723));
#8222=DIRECTION('ref_axis',(0.577350269189627,-0.577350269189621,0.577350269189629));
#8223=DIRECTION('center_axis',(0.,1.,0.));
#8224=DIRECTION('ref_axis',(1.,0.,0.));
#8225=DIRECTION('center_axis',(0.,1.,0.));
#8226=DIRECTION('ref_axis',(0.707106781186547,0.,0.707106781186547));
#8227=DIRECTION('center_axis',(0.,1.,0.));
#8228=DIRECTION('ref_axis',(0.707106781186547,0.,0.707106781186547));
#8229=DIRECTION('center_axis',(0.,0.,-1.));
#8230=DIRECTION('ref_axis',(-1.,0.,0.));
#8231=DIRECTION('',(0.707106781186549,0.707106781186546,0.));
#8232=DIRECTION('',(-1.,0.,0.));
#8233=DIRECTION('center_axis',(0.,0.,-1.));
#8234=DIRECTION('ref_axis',(-1.,0.,0.));
#8235=DIRECTION('',(0.707106781186549,0.707106781186546,0.));
#8236=DIRECTION('',(-1.,0.,0.));
#8237=DIRECTION('center_axis',(0.,0.,1.));
#8238=DIRECTION('ref_axis',(-0.183377415887589,0.983042584704442,0.));
#8239=DIRECTION('',(0.,0.,-1.));
#8240=DIRECTION('',(0.,0.,1.));
#8241=DIRECTION('center_axis',(0.,1.,0.));
#8242=DIRECTION('ref_axis',(-1.,0.,0.));
#8243=DIRECTION('',(-1.,0.,7.70371977754894E-34));
#8244=DIRECTION('center_axis',(0.,0.,-1.));
#8245=DIRECTION('ref_axis',(0.436092132007154,0.899902023778953,0.));
#8246=DIRECTION('',(0.,0.,-1.));
#8247=DIRECTION('center_axis',(-1.,0.,0.));
#8248=DIRECTION('ref_axis',(0.,0.,1.));
#8249=DIRECTION('',(-1.,0.,0.));
#8250=DIRECTION('center_axis',(4.51175993874648E-18,-0.707106781186548,
0.707106781186548));
#8251=DIRECTION('ref_axis',(1.,-3.85185988877447E-33,-6.38059209554688E-18));
#8252=DIRECTION('center_axis',(0.,-0.707106781186548,-0.707106781186548));
#8253=DIRECTION('ref_axis',(-1.,0.,0.));
#8254=DIRECTION('',(-0.577350269189626,0.577350269189626,-0.577350269189626));
#8255=DIRECTION('',(0.577350269189626,0.577350269189626,-0.577350269189626));
#8256=DIRECTION('',(1.,0.,0.));
#8257=DIRECTION('center_axis',(-0.707106781186548,0.,-0.707106781186547));
#8258=DIRECTION('ref_axis',(0.,1.,0.));
#8259=DIRECTION('',(0.577350269189628,-0.577350269189622,-0.577350269189628));
#8260=DIRECTION('center_axis',(0.,0.707106781186551,-0.707106781186544));
#8261=DIRECTION('ref_axis',(1.,0.,0.));
#8262=DIRECTION('',(-0.577350269189628,-0.577350269189622,-0.577350269189628));
#8263=DIRECTION('center_axis',(0.707106781186548,0.,-0.707106781186547));
#8264=DIRECTION('ref_axis',(0.,-1.,0.));
#8265=DIRECTION('center_axis',(0.,-1.,0.));
#8266=DIRECTION('ref_axis',(-1.,0.,0.));
#8267=DIRECTION('',(0.,0.,1.));
#8268=DIRECTION('',(0.,0.,1.));
#8269=DIRECTION('center_axis',(0.,-1.,0.));
#8270=DIRECTION('ref_axis',(-1.,0.,0.));
#8271=DIRECTION('',(0.,0.,1.));
#8272=DIRECTION('',(0.,0.,-1.));
#8273=DIRECTION('center_axis',(0.360535617781114,-0.93274544668478,0.));
#8274=DIRECTION('ref_axis',(-0.93274544668478,-0.360535617781114,0.));
#8275=DIRECTION('',(0.,0.,-1.));
#8276=DIRECTION('center_axis',(-0.784880384294628,-0.619647304802915,0.));
#8277=DIRECTION('ref_axis',(-0.619647304802915,0.784880384294628,0.));
#8278=DIRECTION('',(0.,0.,-1.));
#8279=DIRECTION('center_axis',(1.,0.,0.));
#8280=DIRECTION('ref_axis',(0.,0.,-1.));
#8281=DIRECTION('',(0.,0.,1.));
#8282=DIRECTION('center_axis',(1.,0.,0.));
#8283=DIRECTION('ref_axis',(0.,0.,-1.));
#8284=DIRECTION('',(0.,0.,1.));
#8285=DIRECTION('center_axis',(-1.,0.,0.));
#8286=DIRECTION('ref_axis',(0.,0.,1.));
#8287=DIRECTION('',(0.,0.,-1.));
#8288=DIRECTION('center_axis',(0.,0.,-1.));
#8289=DIRECTION('ref_axis',(0.70710678118654,-0.707106781186555,0.));
#8290=DIRECTION('',(0.,0.,1.));
#8291=DIRECTION('center_axis',(0.,0.,1.));
#8292=DIRECTION('ref_axis',(-0.70710678118654,-0.707106781186555,0.));
#8293=DIRECTION('',(0.,0.,1.));
#8294=DIRECTION('',(0.,0.,-1.));
#8295=DIRECTION('center_axis',(1.,0.,0.));
#8296=DIRECTION('ref_axis',(0.,0.,-1.));
#8297=DIRECTION('center_axis',(0.,0.,1.));
#8298=DIRECTION('ref_axis',(0.,1.,0.));
#8299=DIRECTION('',(-1.,0.,0.));
#8300=DIRECTION('center_axis',(0.,1.,0.));
#8301=DIRECTION('ref_axis',(3.89551938464967E-17,0.,-1.));
#8302=DIRECTION('',(-1.,0.,0.));
#8303=DIRECTION('center_axis',(0.,0.,-1.));
#8304=DIRECTION('ref_axis',(0.,-1.,0.));
#8305=DIRECTION('center_axis',(0.,0.,-1.));
#8306=DIRECTION('ref_axis',(0.,-1.,0.));
#8307=DIRECTION('',(-1.,0.,0.));
#8308=DIRECTION('center_axis',(0.,-1.,0.));
#8309=DIRECTION('ref_axis',(-3.89551938464967E-17,0.,1.));
#8310=DIRECTION('',(-1.,0.,0.));
#8311=DIRECTION('center_axis',(0.,0.,1.));
#8312=DIRECTION('ref_axis',(0.,1.,0.));
#8313=DIRECTION('center_axis',(0.,1.,0.));
#8314=DIRECTION('ref_axis',(1.,0.,0.));
#8315=DIRECTION('',(0.,-1.,0.));
#8316=DIRECTION('center_axis',(0.,-1.,0.));
#8317=DIRECTION('ref_axis',(1.,0.,0.));
#8318=DIRECTION('center_axis',(0.,1.,0.));
#8319=DIRECTION('ref_axis',(1.,0.,0.));
#8320=DIRECTION('',(0.,-1.,0.));
#8321=DIRECTION('center_axis',(0.,-1.,0.));
#8322=DIRECTION('ref_axis',(1.,0.,0.));
#8323=DIRECTION('center_axis',(0.,1.,0.));
#8324=DIRECTION('ref_axis',(1.,0.,0.));
#8325=DIRECTION('center_axis',(0.,-1.,0.));
#8326=DIRECTION('ref_axis',(1.,0.,0.));
#8327=DIRECTION('center_axis',(0.,1.,0.));
#8328=DIRECTION('ref_axis',(1.,0.,0.));
#8329=DIRECTION('center_axis',(0.,-1.,0.));
#8330=DIRECTION('ref_axis',(1.,0.,0.));
#8331=DIRECTION('center_axis',(0.,-1.,0.));
#8332=DIRECTION('ref_axis',(1.,0.,0.));
#8333=DIRECTION('',(0.,1.,0.));
#8334=DIRECTION('center_axis',(0.,-1.,0.));
#8335=DIRECTION('ref_axis',(1.,0.,0.));
#8336=DIRECTION('',(0.,1.,0.));
#8337=DIRECTION('center_axis',(7.70371977754894E-34,0.,1.));
#8338=DIRECTION('ref_axis',(1.,-3.46944695195361E-18,-7.70371977754894E-34));
#8339=DIRECTION('center_axis',(0.,1.,0.));
#8340=DIRECTION('ref_axis',(0.,0.,1.));
#8341=DIRECTION('',(0.,0.,-1.));
#8342=DIRECTION('',(0.,0.,1.));
#8343=DIRECTION('center_axis',(0.,1.,0.));
#8344=DIRECTION('ref_axis',(0.,0.,1.));
#8345=DIRECTION('center_axis',(0.,1.,0.));
#8346=DIRECTION('ref_axis',(0.,0.,1.));
#8347=DIRECTION('',(0.,0.,1.));
#8348=DIRECTION('',(0.,0.,-1.));
#8349=DIRECTION('center_axis',(0.,1.,0.));
#8350=DIRECTION('ref_axis',(0.,0.,1.));
#8351=DIRECTION('center_axis',(-1.,0.,0.));
#8352=DIRECTION('ref_axis',(0.,0.,1.));
#8353=DIRECTION('',(0.,0.,-1.));
#8354=DIRECTION('center_axis',(-0.70710678118655,0.707106781186545,0.));
#8355=DIRECTION('ref_axis',(0.,0.,1.));
#8356=DIRECTION('center_axis',(0.70710678118655,0.707106781186545,0.));
#8357=DIRECTION('ref_axis',(0.,0.,-1.));
#8358=DIRECTION('center_axis',(0.70710678118655,0.707106781186545,0.));
#8359=DIRECTION('ref_axis',(0.,0.,-1.));
#8360=DIRECTION('center_axis',(-1.,0.,0.));
#8361=DIRECTION('ref_axis',(0.,0.,1.));
#8362=DIRECTION('',(0.,0.,-1.));
#8363=DIRECTION('center_axis',(-0.70710678118655,0.707106781186545,0.));
#8364=DIRECTION('ref_axis',(0.,0.,1.));
#8365=DIRECTION('center_axis',(-7.70371977754894E-34,0.,-1.));
#8366=DIRECTION('ref_axis',(-1.,3.46944695195361E-18,7.70371977754894E-34));
#8367=DIRECTION('center_axis',(-0.707106781186546,0.707106781186549,0.));
#8368=DIRECTION('ref_axis',(0.,0.,1.));
#8369=DIRECTION('',(0.,0.,-1.));
#8370=DIRECTION('center_axis',(0.,-1.,0.));
#8371=DIRECTION('ref_axis',(0.,0.,-1.));
#8372=DIRECTION('center_axis',(-0.707106781186546,0.707106781186549,0.));
#8373=DIRECTION('ref_axis',(0.,0.,1.));
#8374=DIRECTION('',(0.,0.,-1.));
#8375=DIRECTION('center_axis',(0.,-1.,0.));
#8376=DIRECTION('ref_axis',(0.,0.,-1.));
#8377=DIRECTION('center_axis',(0.,-1.,0.));
#8378=DIRECTION('ref_axis',(1.,0.,0.));
#8379=DIRECTION('',(0.,1.,0.));
#8380=DIRECTION('center_axis',(0.,-1.,0.));
#8381=DIRECTION('ref_axis',(1.,0.,0.));
#8382=DIRECTION('center_axis',(0.,-1.,0.));
#8383=DIRECTION('ref_axis',(1.,0.,0.));
#8384=DIRECTION('',(0.,1.,0.));
#8385=DIRECTION('center_axis',(0.,-1.,0.));
#8386=DIRECTION('ref_axis',(1.,0.,0.));
#8387=DIRECTION('center_axis',(0.,1.,0.));
#8388=DIRECTION('ref_axis',(1.,0.,0.));
#8389=DIRECTION('center_axis',(0.,-1.,0.));
#8390=DIRECTION('ref_axis',(1.,0.,0.));
#8391=DIRECTION('center_axis',(0.,1.,0.));
#8392=DIRECTION('ref_axis',(1.,0.,0.));
#8393=DIRECTION('center_axis',(0.,-1.,0.));
#8394=DIRECTION('ref_axis',(1.,0.,0.));
#8395=DIRECTION('center_axis',(0.,1.,0.));
#8396=DIRECTION('ref_axis',(1.,0.,0.));
#8397=DIRECTION('',(0.,-1.,0.));
#8398=DIRECTION('center_axis',(0.,1.,0.));
#8399=DIRECTION('ref_axis',(1.,0.,0.));
#8400=DIRECTION('',(0.,-1.,0.));
#8401=DIRECTION('center_axis',(1.,0.,0.));
#8402=DIRECTION('ref_axis',(0.,0.,1.));
#8403=DIRECTION('',(-1.11862862933799E-16,-6.11694766455927E-18,1.));
#8404=DIRECTION('',(1.,-7.48670816923494E-34,1.11862862933799E-16));
#8405=CARTESIAN_POINT('',(0.,0.,0.));
#8406=CARTESIAN_POINT('',(0.,0.,0.));
#8407=CARTESIAN_POINT('Origin',(-2.40209629118286,-3.5,-18.3112506581301));
#8408=CARTESIAN_POINT('',(-2.40209629118286,-3.5,-18.3112506581301));
#8409=CARTESIAN_POINT('',(-2.40209629118286,-3.5,-21.486677138673));
#8410=CARTESIAN_POINT('',(-2.40209629118287,-3.5,-8.9801072782658));
#8411=CARTESIAN_POINT('',(-2.40209629118286,-4.5,-18.3112506581301));
#8412=CARTESIAN_POINT('',(-2.40209629118286,-3.5,-18.3112506581301));
#8413=CARTESIAN_POINT('',(-2.40209629118286,-4.5,-21.486677138673));
#8414=CARTESIAN_POINT('',(-2.40209629118286,-4.5,-21.486677138673));
#8415=CARTESIAN_POINT('',(-2.40209629118286,-3.5,-21.486677138673));
#8416=CARTESIAN_POINT('Origin',(0.347903708817136,-3.5,-16.7235374178586));
#8417=CARTESIAN_POINT('',(0.347903708817136,-3.5,-16.7235374178586));
#8418=CARTESIAN_POINT('',(4.73849208612544,-3.5,-14.1886300363188));
#8419=CARTESIAN_POINT('',(0.347903708817136,-4.5,-16.7235374178586));
#8420=CARTESIAN_POINT('',(0.347903708817136,-3.5,-16.7235374178586));
#8421=CARTESIAN_POINT('',(-2.40209629118286,-4.5,-18.3112506581301));
#8422=CARTESIAN_POINT('Origin',(3.09790370881714,-3.5,-18.3112506581301));
#8423=CARTESIAN_POINT('',(3.09790370881714,-3.5,-18.3112506581301));
#8424=CARTESIAN_POINT('',(-1.28001512719201,-3.5,-15.7836580396699));
#8425=CARTESIAN_POINT('',(3.09790370881714,-4.5,-18.3112506581301));
#8426=CARTESIAN_POINT('',(3.09790370881714,-3.5,-18.3112506581301));
#8427=CARTESIAN_POINT('',(0.347903708817136,-4.5,-16.7235374178586));
#8428=CARTESIAN_POINT('Origin',(3.09790370881714,-3.5,-21.486677138673));
#8429=CARTESIAN_POINT('',(3.09790370881714,-3.5,-21.486677138673));
#8430=CARTESIAN_POINT('',(3.09790370881713,-3.5,-10.5678205185373));
#8431=CARTESIAN_POINT('',(3.09790370881714,-4.5,-21.486677138673));
#8432=CARTESIAN_POINT('',(3.09790370881714,-3.5,-21.486677138673));
#8433=CARTESIAN_POINT('',(3.09790370881714,-4.5,-18.3112506581301));
#8434=CARTESIAN_POINT('Origin',(0.347903708817139,-3.5,-23.0743903789445));
#8435=CARTESIAN_POINT('',(0.347903708817139,-3.5,-23.0743903789445));
#8436=CARTESIAN_POINT('',(6.11349208612544,-3.5,-19.745626377269));
#8437=CARTESIAN_POINT('',(0.347903708817139,-4.5,-23.0743903789445));
#8438=CARTESIAN_POINT('',(0.347903708817139,-3.5,-23.0743903789445));
#8439=CARTESIAN_POINT('',(3.09790370881714,-4.5,-21.486677138673));
#8440=CARTESIAN_POINT('Origin',(-2.40209629118286,-3.5,-21.486677138673));
#8441=CARTESIAN_POINT('',(-5.405015127192,-3.5,-19.7529411403485));
#8442=CARTESIAN_POINT('',(0.347903708817139,-4.5,-23.0743903789445));
#8443=CARTESIAN_POINT('Origin',(0.347903708817137,-4.5,-19.8989638984015));
#8444=CARTESIAN_POINT('',(2.09790370881714,-4.5,-19.8989638984015));
#8445=CARTESIAN_POINT('Origin',(0.347903708817137,-4.5,-19.8989638984015));
#8446=CARTESIAN_POINT('Origin',(0.347903708817138,-3.5,3.2764625821414));
#8447=CARTESIAN_POINT('',(0.347903708817138,-3.5,3.2764625821414));
#8448=CARTESIAN_POINT('',(-2.40209629118286,-3.5,1.68874934186993));
#8449=CARTESIAN_POINT('',(0.408365067203247,-3.5,3.31136996368119));
#8450=CARTESIAN_POINT('',(0.347903708817138,-4.5,3.2764625821414));
#8451=CARTESIAN_POINT('',(0.347903708817138,-3.5,3.2764625821414));
#8452=CARTESIAN_POINT('',(-2.40209629118286,-4.5,1.68874934186993));
#8453=CARTESIAN_POINT('',(-2.40209629118286,-4.5,1.68874934186993));
#8454=CARTESIAN_POINT('',(-2.40209629118286,-3.5,1.68874934186993));
#8455=CARTESIAN_POINT('Origin',(3.09790370881714,-3.5,1.68874934186993));
#8456=CARTESIAN_POINT('',(3.09790370881714,-3.5,1.68874934186993));
#8457=CARTESIAN_POINT('',(3.05011189173019,-3.5,1.71634196033015));
#8458=CARTESIAN_POINT('',(3.09790370881714,-4.5,1.68874934186993));
#8459=CARTESIAN_POINT('',(3.09790370881714,-3.5,1.68874934186993));
#8460=CARTESIAN_POINT('',(0.347903708817138,-4.5,3.2764625821414));
#8461=CARTESIAN_POINT('Origin',(3.09790370881714,-3.5,-1.48667713867301));
#8462=CARTESIAN_POINT('',(3.09790370881714,-3.5,-1.48667713867301));
#8463=CARTESIAN_POINT('',(3.09790370881714,-3.5,-0.567820518537267));
#8464=CARTESIAN_POINT('',(3.09790370881714,-4.5,-1.48667713867301));
#8465=CARTESIAN_POINT('',(3.09790370881714,-3.5,-1.48667713867301));
#8466=CARTESIAN_POINT('',(3.09790370881714,-4.5,1.68874934186993));
#8467=CARTESIAN_POINT('Origin',(0.347903708817141,-3.5,-3.07439037894448));
#8468=CARTESIAN_POINT('',(0.347903708817141,-3.5,-3.07439037894448));
#8469=CARTESIAN_POINT('',(1.78336506720325,-3.5,-2.24562637726895));
#8470=CARTESIAN_POINT('',(0.347903708817141,-4.5,-3.07439037894448));
#8471=CARTESIAN_POINT('',(0.347903708817141,-3.5,-3.07439037894448));
#8472=CARTESIAN_POINT('',(3.09790370881714,-4.5,-1.48667713867301));
#8473=CARTESIAN_POINT('Origin',(-2.40209629118286,-3.5,-1.48667713867301));
#8474=CARTESIAN_POINT('',(-2.40209629118286,-3.5,-1.48667713867301));
#8475=CARTESIAN_POINT('',(-1.07488810826981,-3.5,-2.25294114034853));
#8476=CARTESIAN_POINT('',(-2.40209629118286,-4.5,-1.48667713867301));
#8477=CARTESIAN_POINT('',(-2.40209629118286,-3.5,-1.48667713867301));
#8478=CARTESIAN_POINT('',(0.347903708817141,-4.5,-3.07439037894448));
#8479=CARTESIAN_POINT('Origin',(-2.40209629118286,-3.5,1.68874934186993));
#8480=CARTESIAN_POINT('',(-2.40209629118286,-3.5,1.0198927217342));
#8481=CARTESIAN_POINT('',(-2.40209629118286,-4.5,-1.48667713867301));
#8482=CARTESIAN_POINT('Origin',(0.347903708817139,-4.5,0.101036101598462));
#8483=CARTESIAN_POINT('',(2.09790370881714,-4.5,0.101036101598461));
#8484=CARTESIAN_POINT('Origin',(0.347903708817139,-4.5,0.101036101598462));
#8485=CARTESIAN_POINT('Origin',(-12.4020962911829,-3.5,-8.31125065813007));
#8486=CARTESIAN_POINT('',(-12.4020962911829,-3.5,-8.31125065813007));
#8487=CARTESIAN_POINT('',(-12.4020962911829,-3.5,-11.486677138673));
#8488=CARTESIAN_POINT('',(-12.4020962911829,-3.5,-3.9801072782658));
#8489=CARTESIAN_POINT('',(-12.4020962911829,-4.5,-8.31125065813007));
#8490=CARTESIAN_POINT('',(-12.4020962911829,-3.5,-8.31125065813007));
#8491=CARTESIAN_POINT('',(-12.4020962911829,-4.5,-11.486677138673));
#8492=CARTESIAN_POINT('',(-12.4020962911829,-4.5,-11.486677138673));
#8493=CARTESIAN_POINT('',(-12.4020962911829,-3.5,-11.486677138673));
#8494=CARTESIAN_POINT('Origin',(-9.65209629118286,-3.5,-6.7235374178586));
#8495=CARTESIAN_POINT('',(-9.65209629118286,-3.5,-6.7235374178586));
#8496=CARTESIAN_POINT('',(-3.67657142333566,-3.5,-3.27356652685771));
#8497=CARTESIAN_POINT('',(-9.65209629118286,-4.5,-6.7235374178586));
#8498=CARTESIAN_POINT('',(-9.65209629118286,-3.5,-6.7235374178586));
#8499=CARTESIAN_POINT('',(-12.4020962911829,-4.5,-8.31125065813007));
#8500=CARTESIAN_POINT('Origin',(-6.90209629118286,-3.5,-8.31125065813007));
#8501=CARTESIAN_POINT('',(-6.90209629118286,-3.5,-8.31125065813007));
#8502=CARTESIAN_POINT('',(-5.36495161773091,-3.5,-9.19872154913095));
#8503=CARTESIAN_POINT('',(-6.90209629118286,-4.5,-8.31125065813007));
#8504=CARTESIAN_POINT('',(-6.90209629118286,-3.5,-8.31125065813007));
#8505=CARTESIAN_POINT('',(-9.65209629118286,-4.5,-6.7235374178586));
#8506=CARTESIAN_POINT('Origin',(-6.90209629118286,-3.5,-11.486677138673));
#8507=CARTESIAN_POINT('',(-6.90209629118286,-3.5,-11.486677138673));
#8508=CARTESIAN_POINT('',(-6.90209629118286,-3.5,-5.56782051853727));
#8509=CARTESIAN_POINT('',(-6.90209629118286,-4.5,-11.486677138673));
#8510=CARTESIAN_POINT('',(-6.90209629118286,-3.5,-11.486677138673));
#8511=CARTESIAN_POINT('',(-6.90209629118286,-4.5,-8.31125065813007));
#8512=CARTESIAN_POINT('Origin',(-9.65209629118286,-3.5,-13.0743903789445));
#8513=CARTESIAN_POINT('',(-9.65209629118286,-3.5,-13.0743903789445));
#8514=CARTESIAN_POINT('',(-2.30157142333566,-3.5,-8.83056286780785));
#8515=CARTESIAN_POINT('',(-9.65209629118286,-4.5,-13.0743903789445));
#8516=CARTESIAN_POINT('',(-9.65209629118286,-3.5,-13.0743903789445));
#8517=CARTESIAN_POINT('',(-6.90209629118286,-4.5,-11.486677138673));
#8518=CARTESIAN_POINT('Origin',(-12.4020962911829,-3.5,-11.486677138673));
#8519=CARTESIAN_POINT('',(-9.4899516177309,-3.5,-13.1680046498096));
#8520=CARTESIAN_POINT('',(-9.65209629118286,-4.5,-13.0743903789445));
#8521=CARTESIAN_POINT('Origin',(-9.65209629118286,-4.5,-9.89896389840154));
#8522=CARTESIAN_POINT('',(-7.90209629118286,-4.5,-9.89896389840154));
#8523=CARTESIAN_POINT('Origin',(-9.65209629118286,-4.5,-9.89896389840154));
#8524=CARTESIAN_POINT('Origin',(-32.4020962911829,-3.5,21.6887493418699));
#8525=CARTESIAN_POINT('',(-32.4020962911829,-3.5,21.6887493418699));
#8526=CARTESIAN_POINT('',(-32.4020962911829,-3.5,18.513322861327));
#8527=CARTESIAN_POINT('',(-32.4020962911829,-3.5,11.0198927217342));
#8528=CARTESIAN_POINT('',(-32.4020962911829,-4.5,21.6887493418699));
#8529=CARTESIAN_POINT('',(-32.4020962911829,-3.5,21.6887493418699));
#8530=CARTESIAN_POINT('',(-32.4020962911829,-4.5,18.513322861327));
#8531=CARTESIAN_POINT('',(-32.4020962911829,-4.5,18.513322861327));
#8532=CARTESIAN_POINT('',(-32.4020962911829,-3.5,18.513322861327));
#8533=CARTESIAN_POINT('Origin',(-29.6520962911829,-3.5,23.2764625821414));
#8534=CARTESIAN_POINT('',(-29.6520962911829,-3.5,23.2764625821414));
#8535=CARTESIAN_POINT('',(-22.6717619517189,-3.5,27.3065604920645));
#8536=CARTESIAN_POINT('',(-29.6520962911829,-4.5,23.2764625821414));
#8537=CARTESIAN_POINT('',(-29.6520962911829,-3.5,23.2764625821414));
#8538=CARTESIAN_POINT('',(-32.4020962911829,-4.5,21.6887493418699));
#8539=CARTESIAN_POINT('Origin',(-26.9020962911829,-3.5,21.6887493418699));
#8540=CARTESIAN_POINT('',(-26.9020962911829,-3.5,21.6887493418699));
#8541=CARTESIAN_POINT('',(-11.3697610893476,-3.5,12.7211514319469));
#8542=CARTESIAN_POINT('',(-26.9020962911829,-4.5,21.6887493418699));
#8543=CARTESIAN_POINT('',(-26.9020962911829,-3.5,21.6887493418699));
#8544=CARTESIAN_POINT('',(-29.6520962911829,-4.5,23.2764625821414));
#8545=CARTESIAN_POINT('Origin',(-26.9020962911829,-3.5,18.513322861327));
#8546=CARTESIAN_POINT('',(-26.9020962911829,-3.5,18.513322861327));
#8547=CARTESIAN_POINT('',(-26.9020962911829,-3.5,9.43217948146274));
#8548=CARTESIAN_POINT('',(-26.9020962911829,-4.5,18.513322861327));
#8549=CARTESIAN_POINT('',(-26.9020962911829,-3.5,18.513322861327));
#8550=CARTESIAN_POINT('',(-26.9020962911829,-4.5,21.6887493418699));
#8551=CARTESIAN_POINT('Origin',(-29.6520962911829,-3.5,16.9256096210555));
#8552=CARTESIAN_POINT('',(-29.6520962911829,-3.5,16.9256096210555));
#8553=CARTESIAN_POINT('',(-21.296761951719,-3.5,21.7495641511143));
#8554=CARTESIAN_POINT('',(-29.6520962911829,-4.5,16.9256096210555));
#8555=CARTESIAN_POINT('',(-29.6520962911829,-3.5,16.9256096210555));
#8556=CARTESIAN_POINT('',(-26.9020962911829,-4.5,18.513322861327));
#8557=CARTESIAN_POINT('Origin',(-32.4020962911829,-3.5,18.513322861327));
#8558=CARTESIAN_POINT('',(-15.4947610893476,-3.5,8.75186833126818));
#8559=CARTESIAN_POINT('',(-29.6520962911829,-4.5,16.9256096210555));
#8560=CARTESIAN_POINT('Origin',(-29.6520962911829,-4.5,20.1010361015985));
#8561=CARTESIAN_POINT('',(-27.9020962911829,-4.5,20.1010361015985));
#8562=CARTESIAN_POINT('Origin',(-29.6520962911829,-4.5,20.1010361015985));
#8563=CARTESIAN_POINT('Origin',(-12.4020962911829,-3.5,21.6887493418699));
#8564=CARTESIAN_POINT('',(-12.4020962911829,-3.5,21.6887493418699));
#8565=CARTESIAN_POINT('',(-12.4020962911829,-3.5,18.513322861327));
#8566=CARTESIAN_POINT('',(-12.4020962911829,-3.5,11.0198927217342));
#8567=CARTESIAN_POINT('',(-12.4020962911829,-4.5,21.6887493418699));
#8568=CARTESIAN_POINT('',(-12.4020962911829,-3.5,21.6887493418699));
#8569=CARTESIAN_POINT('',(-12.4020962911829,-4.5,18.513322861327));
#8570=CARTESIAN_POINT('',(-12.4020962911829,-4.5,18.513322861327));
#8571=CARTESIAN_POINT('',(-12.4020962911829,-3.5,18.513322861327));
#8572=CARTESIAN_POINT('Origin',(-9.65209629118286,-3.5,23.2764625821414));
#8573=CARTESIAN_POINT('',(-9.65209629118286,-3.5,23.2764625821414));
#8574=CARTESIAN_POINT('',(-10.1717619517189,-3.5,22.9764334731423));
#8575=CARTESIAN_POINT('',(-9.65209629118286,-4.5,23.2764625821414));
#8576=CARTESIAN_POINT('',(-9.65209629118286,-3.5,23.2764625821414));
#8577=CARTESIAN_POINT('',(-12.4020962911829,-4.5,21.6887493418699));
#8578=CARTESIAN_POINT('Origin',(-6.90209629118286,-3.5,21.6887493418699));
#8579=CARTESIAN_POINT('',(-6.90209629118286,-3.5,21.6887493418699));
#8580=CARTESIAN_POINT('',(1.13023891065238,-3.5,17.051278450869));
#8581=CARTESIAN_POINT('',(-6.90209629118286,-4.5,21.6887493418699));
#8582=CARTESIAN_POINT('',(-6.90209629118286,-3.5,21.6887493418699));
#8583=CARTESIAN_POINT('',(-9.65209629118286,-4.5,23.2764625821414));
#8584=CARTESIAN_POINT('Origin',(-6.90209629118286,-3.5,18.513322861327));
#8585=CARTESIAN_POINT('',(-6.90209629118286,-3.5,18.513322861327));
#8586=CARTESIAN_POINT('',(-6.90209629118285,-3.5,9.43217948146273));
#8587=CARTESIAN_POINT('',(-6.90209629118286,-4.5,18.513322861327));
#8588=CARTESIAN_POINT('',(-6.90209629118286,-3.5,18.513322861327));
#8589=CARTESIAN_POINT('',(-6.90209629118286,-4.5,21.6887493418699));
#8590=CARTESIAN_POINT('Origin',(-9.65209629118286,-3.5,16.9256096210555));
#8591=CARTESIAN_POINT('',(-9.65209629118286,-3.5,16.9256096210555));
#8592=CARTESIAN_POINT('',(-8.79676195171895,-3.5,17.4194371321921));
#8593=CARTESIAN_POINT('',(-9.65209629118286,-4.5,16.9256096210555));
#8594=CARTESIAN_POINT('',(-9.65209629118286,-3.5,16.9256096210555));
#8595=CARTESIAN_POINT('',(-6.90209629118286,-4.5,18.513322861327));
#8596=CARTESIAN_POINT('Origin',(-12.4020962911829,-3.5,18.513322861327));
#8597=CARTESIAN_POINT('',(-2.99476108934762,-3.5,13.0819953501904));
#8598=CARTESIAN_POINT('',(-9.65209629118286,-4.5,16.9256096210555));
#8599=CARTESIAN_POINT('Origin',(-9.65209629118286,-4.5,20.1010361015985));
#8600=CARTESIAN_POINT('',(-7.90209629118286,-4.5,20.1010361015985));
#8601=CARTESIAN_POINT('Origin',(-9.65209629118286,-4.5,20.1010361015985));
#8602=CARTESIAN_POINT('Origin',(7.59790370881714,-3.5,11.6887493418699));
#8603=CARTESIAN_POINT('',(7.59790370881714,-3.5,11.6887493418699));
#8604=CARTESIAN_POINT('',(7.59790370881714,-3.5,8.51332286132699));
#8605=CARTESIAN_POINT('',(7.59790370881714,-3.5,6.0198927217342));
#8606=CARTESIAN_POINT('',(7.59790370881714,-4.5,11.6887493418699));
#8607=CARTESIAN_POINT('',(7.59790370881714,-3.5,11.6887493418699));
#8608=CARTESIAN_POINT('',(7.59790370881714,-4.5,8.51332286132699));
#8609=CARTESIAN_POINT('',(7.59790370881714,-4.5,8.51332286132699));
#8610=CARTESIAN_POINT('',(7.59790370881714,-3.5,8.51332286132699));
#8611=CARTESIAN_POINT('Origin',(10.3479037088171,-3.5,13.2764625821414));
#8612=CARTESIAN_POINT('',(10.3479037088171,-3.5,13.2764625821414));
#8613=CARTESIAN_POINT('',(4.49330155774215,-3.5,9.8963064542201));
#8614=CARTESIAN_POINT('',(10.3479037088171,-4.5,13.2764625821414));
#8615=CARTESIAN_POINT('',(10.3479037088171,-3.5,13.2764625821414));
#8616=CARTESIAN_POINT('',(7.59790370881714,-4.5,11.6887493418699));
#8617=CARTESIAN_POINT('Origin',(13.0979037088171,-3.5,11.6887493418699));
#8618=CARTESIAN_POINT('',(13.0979037088171,-3.5,11.6887493418699));
#8619=CARTESIAN_POINT('',(11.4651754011913,-3.5,12.6314054697912));
#8620=CARTESIAN_POINT('',(13.0979037088171,-4.5,11.6887493418699));
#8621=CARTESIAN_POINT('',(13.0979037088171,-3.5,11.6887493418699));
#8622=CARTESIAN_POINT('',(10.3479037088171,-4.5,13.2764625821414));
#8623=CARTESIAN_POINT('Origin',(13.0979037088171,-3.5,8.51332286132699));
#8624=CARTESIAN_POINT('',(13.0979037088171,-3.5,8.51332286132699));
#8625=CARTESIAN_POINT('',(13.0979037088171,-3.5,4.43217948146274));
#8626=CARTESIAN_POINT('',(13.0979037088171,-4.5,8.51332286132699));
#8627=CARTESIAN_POINT('',(13.0979037088171,-3.5,8.51332286132699));
#8628=CARTESIAN_POINT('',(13.0979037088171,-4.5,11.6887493418699));
#8629=CARTESIAN_POINT('Origin',(10.3479037088171,-3.5,6.92560962105552));
#8630=CARTESIAN_POINT('',(10.3479037088171,-3.5,6.92560962105552));
#8631=CARTESIAN_POINT('',(5.86830155774215,-3.5,4.33931011326995));
#8632=CARTESIAN_POINT('',(10.3479037088171,-4.5,6.92560962105552));
#8633=CARTESIAN_POINT('',(10.3479037088171,-3.5,6.92560962105552));
#8634=CARTESIAN_POINT('',(13.0979037088171,-4.5,8.51332286132699));
#8635=CARTESIAN_POINT('Origin',(7.59790370881714,-3.5,8.51332286132699));
#8636=CARTESIAN_POINT('',(7.34017540119128,-3.5,8.66212236911256));
#8637=CARTESIAN_POINT('',(10.3479037088171,-4.5,6.92560962105552));
#8638=CARTESIAN_POINT('Origin',(10.3479037088171,-4.5,10.1010361015985));
#8639=CARTESIAN_POINT('',(12.0979037088171,-4.5,10.1010361015985));
#8640=CARTESIAN_POINT('Origin',(10.3479037088171,-4.5,10.1010361015985));
#8641=CARTESIAN_POINT('Origin',(17.5979037088171,-3.5,11.6887493418699));
#8642=CARTESIAN_POINT('',(17.5979037088171,-3.5,11.6887493418699));
#8643=CARTESIAN_POINT('',(17.5979037088171,-3.5,8.51332286132699));
#8644=CARTESIAN_POINT('',(17.5979037088171,-3.5,6.01989272173421));
#8645=CARTESIAN_POINT('',(17.5979037088171,-4.5,11.6887493418699));
#8646=CARTESIAN_POINT('',(17.5979037088171,-3.5,11.6887493418699));
#8647=CARTESIAN_POINT('',(17.5979037088171,-4.5,8.51332286132699));
#8648=CARTESIAN_POINT('',(17.5979037088171,-4.5,8.51332286132699));
#8649=CARTESIAN_POINT('',(17.5979037088171,-3.5,8.51332286132699));
#8650=CARTESIAN_POINT('Origin',(20.3479037088171,-3.5,13.2764625821414));
#8651=CARTESIAN_POINT('',(20.3479037088171,-3.5,13.2764625821414));
#8652=CARTESIAN_POINT('',(10.7433015577422,-3.5,7.731242944759));
#8653=CARTESIAN_POINT('',(20.3479037088171,-4.5,13.2764625821414));
#8654=CARTESIAN_POINT('',(20.3479037088171,-3.5,13.2764625821414));
#8655=CARTESIAN_POINT('',(17.5979037088171,-4.5,11.6887493418699));
#8656=CARTESIAN_POINT('Origin',(23.0979037088171,-3.5,11.6887493418699));
#8657=CARTESIAN_POINT('',(23.0979037088171,-3.5,11.6887493418699));
#8658=CARTESIAN_POINT('',(17.7151754011913,-3.5,14.7964689792523));
#8659=CARTESIAN_POINT('',(23.0979037088171,-4.5,11.6887493418699));
#8660=CARTESIAN_POINT('',(23.0979037088171,-3.5,11.6887493418699));
#8661=CARTESIAN_POINT('',(20.3479037088171,-4.5,13.2764625821414));
#8662=CARTESIAN_POINT('Origin',(23.0979037088171,-3.5,8.51332286132699));
#8663=CARTESIAN_POINT('',(23.0979037088171,-3.5,8.51332286132699));
#8664=CARTESIAN_POINT('',(23.0979037088171,-3.5,4.43217948146273));
#8665=CARTESIAN_POINT('',(23.0979037088171,-4.5,8.51332286132699));
#8666=CARTESIAN_POINT('',(23.0979037088171,-3.5,8.51332286132699));
#8667=CARTESIAN_POINT('',(23.0979037088171,-4.5,11.6887493418699));
#8668=CARTESIAN_POINT('Origin',(20.3479037088171,-3.5,6.92560962105552));
#8669=CARTESIAN_POINT('',(20.3479037088171,-3.5,6.92560962105552));
#8670=CARTESIAN_POINT('',(12.1183015577422,-3.5,2.17424660380885));
#8671=CARTESIAN_POINT('',(20.3479037088171,-4.5,6.92560962105552));
#8672=CARTESIAN_POINT('',(20.3479037088171,-3.5,6.92560962105552));
#8673=CARTESIAN_POINT('',(23.0979037088171,-4.5,8.51332286132699));
#8674=CARTESIAN_POINT('Origin',(17.5979037088171,-3.5,8.51332286132699));
#8675=CARTESIAN_POINT('',(13.5901754011913,-3.5,10.8271858785737));
#8676=CARTESIAN_POINT('',(20.3479037088171,-4.5,6.92560962105552));
#8677=CARTESIAN_POINT('Origin',(20.3479037088171,-4.5,10.1010361015985));
#8678=CARTESIAN_POINT('',(22.0979037088171,-4.5,10.1010361015985));
#8679=CARTESIAN_POINT('Origin',(20.3479037088171,-4.5,10.1010361015985));
#8680=CARTESIAN_POINT('Origin',(-2.40209629118286,-3.5,21.6887493418699));
#8681=CARTESIAN_POINT('',(-2.40209629118286,-3.5,21.6887493418699));
#8682=CARTESIAN_POINT('',(-2.40209629118286,-3.5,18.513322861327));
#8683=CARTESIAN_POINT('',(-2.40209629118285,-3.5,11.0198927217342));
#8684=CARTESIAN_POINT('',(-2.40209629118286,-4.5,21.6887493418699));
#8685=CARTESIAN_POINT('',(-2.40209629118286,-3.5,21.6887493418699));
#8686=CARTESIAN_POINT('',(-2.40209629118286,-4.5,18.513322861327));
#8687=CARTESIAN_POINT('',(-2.40209629118286,-4.5,18.513322861327));
#8688=CARTESIAN_POINT('',(-2.40209629118286,-3.5,18.513322861327));
#8689=CARTESIAN_POINT('Origin',(0.34790370881714,-3.5,23.2764625821414));
#8690=CARTESIAN_POINT('',(0.34790370881714,-3.5,23.2764625821414));
#8691=CARTESIAN_POINT('',(-3.92176195171895,-3.5,20.8113699636812));
#8692=CARTESIAN_POINT('',(0.34790370881714,-4.5,23.2764625821414));
#8693=CARTESIAN_POINT('',(0.34790370881714,-3.5,23.2764625821414));
#8694=CARTESIAN_POINT('',(-2.40209629118286,-4.5,21.6887493418699));
#8695=CARTESIAN_POINT('Origin',(3.09790370881714,-3.5,21.6887493418699));
#8696=CARTESIAN_POINT('',(3.09790370881714,-3.5,21.6887493418699));
#8697=CARTESIAN_POINT('',(7.38023891065238,-3.5,19.2163419603301));
#8698=CARTESIAN_POINT('',(3.09790370881714,-4.5,21.6887493418699));
#8699=CARTESIAN_POINT('',(3.09790370881714,-3.5,21.6887493418699));
#8700=CARTESIAN_POINT('',(0.347903708817141,-4.5,23.2764625821414));
#8701=CARTESIAN_POINT('Origin',(3.09790370881714,-3.5,18.513322861327));
#8702=CARTESIAN_POINT('',(3.09790370881714,-3.5,18.513322861327));
#8703=CARTESIAN_POINT('',(3.09790370881715,-3.5,9.43217948146273));
#8704=CARTESIAN_POINT('',(3.09790370881714,-4.5,18.513322861327));
#8705=CARTESIAN_POINT('',(3.09790370881714,-3.5,18.513322861327));
#8706=CARTESIAN_POINT('',(3.09790370881714,-4.5,21.6887493418699));
#8707=CARTESIAN_POINT('Origin',(0.347903708817143,-3.5,16.9256096210555));
#8708=CARTESIAN_POINT('',(0.347903708817143,-3.5,16.9256096210555));
#8709=CARTESIAN_POINT('',(-2.54676195171895,-3.5,15.254373622731));
#8710=CARTESIAN_POINT('',(0.347903708817143,-4.5,16.9256096210555));
#8711=CARTESIAN_POINT('',(0.347903708817143,-3.5,16.9256096210555));
#8712=CARTESIAN_POINT('',(3.09790370881714,-4.5,18.513322861327));
#8713=CARTESIAN_POINT('Origin',(-2.40209629118286,-3.5,18.513322861327));
#8714=CARTESIAN_POINT('',(3.25523891065238,-3.5,15.2470588596515));
#8715=CARTESIAN_POINT('',(0.347903708817143,-4.5,16.9256096210555));
#8716=CARTESIAN_POINT('Origin',(0.347903708817142,-4.5,20.1010361015985));
#8717=CARTESIAN_POINT('',(2.09790370881714,-4.5,20.1010361015985));
#8718=CARTESIAN_POINT('Origin',(0.347903708817141,-4.5,20.1010361015985));
#8719=CARTESIAN_POINT('Origin',(-32.4020962911829,-3.5,11.6887493418699));
#8720=CARTESIAN_POINT('',(-32.4020962911829,-3.5,11.6887493418699));
#8721=CARTESIAN_POINT('',(-32.4020962911829,-3.5,8.51332286132699));
#8722=CARTESIAN_POINT('',(-32.4020962911829,-3.5,6.01989272173421));
#8723=CARTESIAN_POINT('',(-32.4020962911829,-4.5,11.6887493418699));
#8724=CARTESIAN_POINT('',(-32.4020962911829,-3.5,11.6887493418699));
#8725=CARTESIAN_POINT('',(-32.4020962911829,-4.5,8.51332286132699));
#8726=CARTESIAN_POINT('',(-32.4020962911829,-4.5,8.51332286132699));
#8727=CARTESIAN_POINT('',(-32.4020962911829,-3.5,8.51332286132699));
#8728=CARTESIAN_POINT('Origin',(-29.6520962911829,-3.5,13.2764625821414));
#8729=CARTESIAN_POINT('',(-29.6520962911829,-3.5,13.2764625821414));
#8730=CARTESIAN_POINT('',(-20.5066984422579,-3.5,18.5565604920645));
#8731=CARTESIAN_POINT('',(-29.6520962911829,-4.5,13.2764625821414));
#8732=CARTESIAN_POINT('',(-29.6520962911829,-3.5,13.2764625821414));
#8733=CARTESIAN_POINT('',(-32.4020962911829,-4.5,11.6887493418699));
#8734=CARTESIAN_POINT('Origin',(-26.9020962911829,-3.5,11.6887493418699));
#8735=CARTESIAN_POINT('',(-26.9020962911829,-3.5,11.6887493418699));
#8736=CARTESIAN_POINT('',(-13.5348245988087,-3.5,3.97115143194686));
#8737=CARTESIAN_POINT('',(-26.9020962911829,-4.5,11.6887493418699));
#8738=CARTESIAN_POINT('',(-26.9020962911829,-3.5,11.6887493418699));
#8739=CARTESIAN_POINT('',(-29.6520962911829,-4.5,13.2764625821414));
#8740=CARTESIAN_POINT('Origin',(-26.9020962911829,-3.5,8.51332286132699));
#8741=CARTESIAN_POINT('',(-26.9020962911829,-3.5,8.513322861327));
#8742=CARTESIAN_POINT('',(-26.9020962911829,-3.5,4.43217948146274));
#8743=CARTESIAN_POINT('',(-26.9020962911829,-4.5,8.513322861327));
#8744=CARTESIAN_POINT('',(-26.9020962911829,-3.5,8.513322861327));
#8745=CARTESIAN_POINT('',(-26.9020962911829,-4.5,11.6887493418699));
#8746=CARTESIAN_POINT('Origin',(-29.6520962911829,-3.5,6.92560962105552));
#8747=CARTESIAN_POINT('',(-29.6520962911829,-3.5,6.92560962105552));
#8748=CARTESIAN_POINT('',(-19.1316984422579,-3.5,12.9995641511143));
#8749=CARTESIAN_POINT('',(-29.6520962911829,-4.5,6.92560962105552));
#8750=CARTESIAN_POINT('',(-29.6520962911829,-3.5,6.92560962105552));
#8751=CARTESIAN_POINT('',(-26.9020962911829,-4.5,8.513322861327));
#8752=CARTESIAN_POINT('Origin',(-32.4020962911829,-3.5,8.51332286132699));
#8753=CARTESIAN_POINT('',(-17.6598245988087,-3.5,0.00186833126818275));
#8754=CARTESIAN_POINT('',(-29.6520962911829,-4.5,6.92560962105552));
#8755=CARTESIAN_POINT('Origin',(-29.6520962911829,-4.5,10.1010361015985));
#8756=CARTESIAN_POINT('',(-27.9020962911829,-4.5,10.1010361015985));
#8757=CARTESIAN_POINT('Origin',(-29.6520962911829,-4.5,10.1010361015985));
#8758=CARTESIAN_POINT('Origin',(-32.4020962911829,-3.5,-8.31125065813006));
#8759=CARTESIAN_POINT('',(-32.4020962911829,-3.5,-8.31125065813006));
#8760=CARTESIAN_POINT('',(-32.4020962911829,-3.5,-11.486677138673));
#8761=CARTESIAN_POINT('',(-32.4020962911829,-3.5,-3.98010727826579));
#8762=CARTESIAN_POINT('',(-32.4020962911829,-4.5,-8.31125065813006));
#8763=CARTESIAN_POINT('',(-32.4020962911829,-3.5,-8.31125065813006));
#8764=CARTESIAN_POINT('',(-32.4020962911829,-4.5,-11.486677138673));
#8765=CARTESIAN_POINT('',(-32.4020962911829,-4.5,-11.486677138673));
#8766=CARTESIAN_POINT('',(-32.4020962911829,-3.5,-11.486677138673));
#8767=CARTESIAN_POINT('Origin',(-29.6520962911829,-3.5,-6.72353741785859));
#8768=CARTESIAN_POINT('',(-29.6520962911829,-3.5,-6.72353741785859));
#8769=CARTESIAN_POINT('',(-16.1765714233357,-3.5,1.05656049206449));
#8770=CARTESIAN_POINT('',(-29.6520962911829,-4.5,-6.72353741785859));
#8771=CARTESIAN_POINT('',(-29.6520962911829,-3.5,-6.72353741785859));
#8772=CARTESIAN_POINT('',(-32.4020962911829,-4.5,-8.31125065813006));
#8773=CARTESIAN_POINT('Origin',(-26.9020962911829,-3.5,-8.31125065813006));
#8774=CARTESIAN_POINT('',(-26.9020962911829,-3.5,-8.31125065813006));
#8775=CARTESIAN_POINT('',(-17.8649516177309,-3.5,-13.5288485680531));
#8776=CARTESIAN_POINT('',(-26.9020962911829,-4.5,-8.31125065813006));
#8777=CARTESIAN_POINT('',(-26.9020962911829,-3.5,-8.31125065813006));
#8778=CARTESIAN_POINT('',(-29.6520962911829,-4.5,-6.72353741785859));
#8779=CARTESIAN_POINT('Origin',(-26.9020962911829,-3.5,-11.486677138673));
#8780=CARTESIAN_POINT('',(-26.9020962911829,-3.5,-11.486677138673));
#8781=CARTESIAN_POINT('',(-26.9020962911829,-3.5,-5.56782051853726));
#8782=CARTESIAN_POINT('',(-26.9020962911829,-4.5,-11.486677138673));
#8783=CARTESIAN_POINT('',(-26.9020962911829,-3.5,-11.486677138673));
#8784=CARTESIAN_POINT('',(-26.9020962911829,-4.5,-8.31125065813006));
#8785=CARTESIAN_POINT('Origin',(-29.6520962911829,-3.5,-13.0743903789445));
#8786=CARTESIAN_POINT('',(-29.6520962911829,-3.5,-13.0743903789445));
#8787=CARTESIAN_POINT('',(-14.8015714233357,-3.5,-4.50043584888565));
#8788=CARTESIAN_POINT('',(-29.6520962911829,-4.5,-13.0743903789445));
#8789=CARTESIAN_POINT('',(-29.6520962911829,-3.5,-13.0743903789445));
#8790=CARTESIAN_POINT('',(-26.9020962911829,-4.5,-11.486677138673));
#8791=CARTESIAN_POINT('Origin',(-32.4020962911829,-3.5,-11.486677138673));
#8792=CARTESIAN_POINT('',(-21.9899516177309,-3.5,-17.4981316687318));
#8793=CARTESIAN_POINT('',(-29.6520962911829,-4.5,-13.0743903789445));
#8794=CARTESIAN_POINT('Origin',(-29.6520962911829,-4.5,-9.89896389840153));
#8795=CARTESIAN_POINT('',(-27.9020962911829,-4.5,-9.89896389840153));
#8796=CARTESIAN_POINT('Origin',(-29.6520962911829,-4.5,-9.89896389840153));
#8797=CARTESIAN_POINT('Origin',(17.5979037088171,-3.5,1.68874934186993));
#8798=CARTESIAN_POINT('',(17.5979037088171,-3.5,1.68874934186993));
#8799=CARTESIAN_POINT('',(17.5979037088171,-3.5,-1.48667713867301));
#8800=CARTESIAN_POINT('',(17.5979037088171,-3.5,1.01989272173421));
#8801=CARTESIAN_POINT('',(17.5979037088171,-4.5,1.68874934186993));
#8802=CARTESIAN_POINT('',(17.5979037088171,-3.5,1.68874934186993));
#8803=CARTESIAN_POINT('',(17.5979037088171,-4.5,-1.48667713867301));
#8804=CARTESIAN_POINT('',(17.5979037088171,-4.5,-1.48667713867301));
#8805=CARTESIAN_POINT('',(17.5979037088171,-3.5,-1.48667713867301));
#8806=CARTESIAN_POINT('Origin',(20.3479037088171,-3.5,3.2764625821414));
#8807=CARTESIAN_POINT('',(20.3479037088171,-3.5,3.2764625821414));
#8808=CARTESIAN_POINT('',(12.9083650672032,-3.5,-1.018757055241));
#8809=CARTESIAN_POINT('',(20.3479037088171,-4.5,3.2764625821414));
#8810=CARTESIAN_POINT('',(20.3479037088171,-3.5,3.2764625821414));
#8811=CARTESIAN_POINT('',(17.5979037088171,-4.5,1.68874934186993));
#8812=CARTESIAN_POINT('Origin',(23.0979037088171,-3.5,1.68874934186993));
#8813=CARTESIAN_POINT('',(23.0979037088171,-3.5,1.68874934186993));
#8814=CARTESIAN_POINT('',(15.5501118917302,-3.5,6.04646897925234));
#8815=CARTESIAN_POINT('',(23.0979037088171,-4.5,1.68874934186993));
#8816=CARTESIAN_POINT('',(23.0979037088171,-3.5,1.68874934186993));
#8817=CARTESIAN_POINT('',(20.3479037088171,-4.5,3.2764625821414));
#8818=CARTESIAN_POINT('Origin',(23.0979037088171,-3.5,-1.48667713867301));
#8819=CARTESIAN_POINT('',(23.0979037088171,-3.5,-1.48667713867301));
#8820=CARTESIAN_POINT('',(23.0979037088171,-3.5,-0.567820518537269));
#8821=CARTESIAN_POINT('',(23.0979037088171,-4.5,-1.48667713867301));
#8822=CARTESIAN_POINT('',(23.0979037088171,-3.5,-1.48667713867301));
#8823=CARTESIAN_POINT('',(23.0979037088171,-4.5,1.68874934186993));
#8824=CARTESIAN_POINT('Origin',(20.3479037088171,-3.5,-3.07439037894448));
#8825=CARTESIAN_POINT('',(20.3479037088171,-3.5,-3.07439037894448));
#8826=CARTESIAN_POINT('',(14.2833650672033,-3.5,-6.57575339619115));
#8827=CARTESIAN_POINT('',(20.3479037088171,-4.5,-3.07439037894448));
#8828=CARTESIAN_POINT('',(20.3479037088171,-3.5,-3.07439037894448));
#8829=CARTESIAN_POINT('',(23.0979037088171,-4.5,-1.48667713867301));
#8830=CARTESIAN_POINT('Origin',(17.5979037088171,-3.5,-1.48667713867301));
#8831=CARTESIAN_POINT('',(11.4251118917302,-3.5,2.07718587857365));
#8832=CARTESIAN_POINT('',(20.3479037088171,-4.5,-3.07439037894448));
#8833=CARTESIAN_POINT('Origin',(20.3479037088171,-4.5,0.10103610159846));
#8834=CARTESIAN_POINT('',(22.0979037088171,-4.5,0.101036101598459));
#8835=CARTESIAN_POINT('Origin',(20.3479037088171,-4.5,0.101036101598459));
#8836=CARTESIAN_POINT('Origin',(7.59790370881714,-3.5,-18.3112506581301));
#8837=CARTESIAN_POINT('',(7.59790370881714,-3.5,-18.3112506581301));
#8838=CARTESIAN_POINT('',(7.59790370881714,-3.5,-21.486677138673));
#8839=CARTESIAN_POINT('',(7.59790370881713,-3.5,-8.98010727826579));
#8840=CARTESIAN_POINT('',(7.59790370881714,-4.5,-18.3112506581301));
#8841=CARTESIAN_POINT('',(7.59790370881714,-3.5,-18.3112506581301));
#8842=CARTESIAN_POINT('',(7.59790370881714,-4.5,-21.486677138673));
#8843=CARTESIAN_POINT('',(7.59790370881714,-4.5,-21.486677138673));
#8844=CARTESIAN_POINT('',(7.59790370881714,-3.5,-21.486677138673));
#8845=CARTESIAN_POINT('Origin',(10.3479037088171,-3.5,-16.7235374178586));
#8846=CARTESIAN_POINT('',(10.3479037088171,-3.5,-16.7235374178586));
#8847=CARTESIAN_POINT('',(10.9884920861254,-3.5,-16.3536935457799));
#8848=CARTESIAN_POINT('',(10.3479037088171,-4.5,-16.7235374178586));
#8849=CARTESIAN_POINT('',(10.3479037088171,-3.5,-16.7235374178586));
#8850=CARTESIAN_POINT('',(7.59790370881714,-4.5,-18.3112506581301));
#8851=CARTESIAN_POINT('Origin',(13.0979037088171,-3.5,-18.3112506581301));
#8852=CARTESIAN_POINT('',(13.0979037088171,-3.5,-18.3112506581301));
#8853=CARTESIAN_POINT('',(4.96998487280799,-3.5,-13.6185945302088));
#8854=CARTESIAN_POINT('',(13.0979037088171,-4.5,-18.3112506581301));
#8855=CARTESIAN_POINT('',(13.0979037088171,-3.5,-18.3112506581301));
#8856=CARTESIAN_POINT('',(10.3479037088171,-4.5,-16.7235374178586));
#8857=CARTESIAN_POINT('Origin',(13.0979037088171,-3.5,-21.486677138673));
#8858=CARTESIAN_POINT('',(13.0979037088171,-3.5,-21.486677138673));
#8859=CARTESIAN_POINT('',(13.0979037088171,-3.5,-10.5678205185373));
#8860=CARTESIAN_POINT('',(13.0979037088171,-4.5,-21.486677138673));
#8861=CARTESIAN_POINT('',(13.0979037088171,-3.5,-21.486677138673));
#8862=CARTESIAN_POINT('',(13.0979037088171,-4.5,-18.3112506581301));
#8863=CARTESIAN_POINT('Origin',(10.3479037088171,-3.5,-23.0743903789445));
#8864=CARTESIAN_POINT('',(10.3479037088171,-3.5,-23.0743903789445));
#8865=CARTESIAN_POINT('',(12.3634920861254,-3.5,-21.9106898867301));
#8866=CARTESIAN_POINT('',(10.3479037088171,-4.5,-23.0743903789445));
#8867=CARTESIAN_POINT('',(10.3479037088171,-3.5,-23.0743903789445));
#8868=CARTESIAN_POINT('',(13.0979037088171,-4.5,-21.486677138673));
#8869=CARTESIAN_POINT('Origin',(7.59790370881714,-3.5,-21.486677138673));
#8870=CARTESIAN_POINT('',(0.844984872807996,-3.5,-17.5878776308875));
#8871=CARTESIAN_POINT('',(10.3479037088171,-4.5,-23.0743903789445));
#8872=CARTESIAN_POINT('Origin',(10.3479037088171,-4.5,-19.8989638984015));
#8873=CARTESIAN_POINT('',(12.0979037088171,-4.5,-19.8989638984015));
#8874=CARTESIAN_POINT('Origin',(10.3479037088171,-4.5,-19.8989638984015));
#8875=CARTESIAN_POINT('Origin',(-12.4020962911829,-3.5,-18.3112506581301));
#8876=CARTESIAN_POINT('',(-12.4020962911829,-3.5,-18.3112506581301));
#8877=CARTESIAN_POINT('',(-12.4020962911829,-3.5,-21.486677138673));
#8878=CARTESIAN_POINT('',(-12.4020962911829,-3.5,-8.9801072782658));
#8879=CARTESIAN_POINT('',(-12.4020962911829,-4.5,-18.3112506581301));
#8880=CARTESIAN_POINT('',(-12.4020962911829,-3.5,-18.3112506581301));
#8881=CARTESIAN_POINT('',(-12.4020962911829,-4.5,-21.486677138673));
#8882=CARTESIAN_POINT('',(-12.4020962911829,-4.5,-21.486677138673));
#8883=CARTESIAN_POINT('',(-12.4020962911829,-3.5,-21.486677138673));
#8884=CARTESIAN_POINT('Origin',(-9.65209629118286,-3.5,-16.7235374178586));
#8885=CARTESIAN_POINT('',(-9.65209629118286,-3.5,-16.7235374178586));
#8886=CARTESIAN_POINT('',(-1.51150791387456,-3.5,-12.0235665268577));
#8887=CARTESIAN_POINT('',(-9.65209629118286,-4.5,-16.7235374178586));
#8888=CARTESIAN_POINT('',(-9.65209629118286,-3.5,-16.7235374178586));
#8889=CARTESIAN_POINT('',(-12.4020962911829,-4.5,-18.3112506581301));
#8890=CARTESIAN_POINT('Origin',(-6.90209629118286,-3.5,-18.3112506581301));
#8891=CARTESIAN_POINT('',(-6.90209629118286,-3.5,-18.3112506581301));
#8892=CARTESIAN_POINT('',(-7.53001512719201,-3.5,-17.948721549131));
#8893=CARTESIAN_POINT('',(-6.90209629118286,-4.5,-18.3112506581301));
#8894=CARTESIAN_POINT('',(-6.90209629118286,-3.5,-18.3112506581301));
#8895=CARTESIAN_POINT('',(-9.65209629118286,-4.5,-16.7235374178586));
#8896=CARTESIAN_POINT('Origin',(-6.90209629118286,-3.5,-21.486677138673));
#8897=CARTESIAN_POINT('',(-6.90209629118286,-3.5,-21.486677138673));
#8898=CARTESIAN_POINT('',(-6.90209629118287,-3.5,-10.5678205185373));
#8899=CARTESIAN_POINT('',(-6.90209629118286,-4.5,-21.486677138673));
#8900=CARTESIAN_POINT('',(-6.90209629118286,-3.5,-21.486677138673));
#8901=CARTESIAN_POINT('',(-6.90209629118286,-4.5,-18.3112506581301));
#8902=CARTESIAN_POINT('Origin',(-9.65209629118286,-3.5,-23.0743903789445));
#8903=CARTESIAN_POINT('',(-9.65209629118286,-3.5,-23.0743903789445));
#8904=CARTESIAN_POINT('',(-0.136507913874559,-3.5,-17.5805628678079));
#8905=CARTESIAN_POINT('',(-9.65209629118286,-4.5,-23.0743903789445));
#8906=CARTESIAN_POINT('',(-9.65209629118286,-3.5,-23.0743903789445));
#8907=CARTESIAN_POINT('',(-6.90209629118286,-4.5,-21.486677138673));
#8908=CARTESIAN_POINT('Origin',(-12.4020962911829,-3.5,-21.486677138673));
#8909=CARTESIAN_POINT('',(-11.655015127192,-3.5,-21.9180046498096));
#8910=CARTESIAN_POINT('',(-9.65209629118286,-4.5,-23.0743903789445));
#8911=CARTESIAN_POINT('Origin',(-9.65209629118286,-4.5,-19.8989638984015));
#8912=CARTESIAN_POINT('',(-7.90209629118286,-4.5,-19.8989638984015));
#8913=CARTESIAN_POINT('Origin',(-9.65209629118286,-4.5,-19.8989638984015));
#8914=CARTESIAN_POINT('Origin',(27.5979037088171,-3.5,-8.31125065813007));
#8915=CARTESIAN_POINT('',(27.5979037088171,-3.5,-8.31125065813007));
#8916=CARTESIAN_POINT('',(27.5979037088171,-3.5,-11.486677138673));
#8917=CARTESIAN_POINT('',(27.5979037088171,-3.5,-3.9801072782658));
#8918=CARTESIAN_POINT('',(27.5979037088171,-4.5,-8.31125065813007));
#8919=CARTESIAN_POINT('',(27.5979037088171,-3.5,-8.31125065813007));
#8920=CARTESIAN_POINT('',(27.5979037088171,-4.5,-11.486677138673));
#8921=CARTESIAN_POINT('',(27.5979037088171,-4.5,-11.486677138673));
#8922=CARTESIAN_POINT('',(27.5979037088171,-3.5,-11.486677138673));
#8923=CARTESIAN_POINT('Origin',(30.3479037088171,-3.5,-6.7235374178586));
#8924=CARTESIAN_POINT('',(30.3479037088171,-3.5,-6.7235374178586));
#8925=CARTESIAN_POINT('',(21.3234285766643,-3.5,-11.9338205647021));
#8926=CARTESIAN_POINT('',(30.3479037088171,-4.5,-6.7235374178586));
#8927=CARTESIAN_POINT('',(30.3479037088171,-3.5,-6.7235374178586));
#8928=CARTESIAN_POINT('',(27.5979037088171,-4.5,-8.31125065813007));
#8929=CARTESIAN_POINT('Origin',(33.0979037088171,-3.5,-8.31125065813007));
#8930=CARTESIAN_POINT('',(33.0979037088171,-3.5,-8.31125065813007));
#8931=CARTESIAN_POINT('',(19.6350483822691,-3.5,-0.538467511286564));
#8932=CARTESIAN_POINT('',(33.0979037088171,-4.5,-8.31125065813007));
#8933=CARTESIAN_POINT('',(33.0979037088171,-3.5,-8.31125065813007));
#8934=CARTESIAN_POINT('',(30.3479037088171,-4.5,-6.7235374178586));
#8935=CARTESIAN_POINT('Origin',(33.0979037088171,-3.5,-11.486677138673));
#8936=CARTESIAN_POINT('',(33.0979037088171,-3.5,-11.486677138673));
#8937=CARTESIAN_POINT('',(33.0979037088171,-3.5,-5.56782051853727));
#8938=CARTESIAN_POINT('',(33.0979037088171,-4.5,-11.486677138673));
#8939=CARTESIAN_POINT('',(33.0979037088171,-3.5,-11.486677138673));
#8940=CARTESIAN_POINT('',(33.0979037088171,-4.5,-8.31125065813007));
#8941=CARTESIAN_POINT('Origin',(30.3479037088171,-3.5,-13.0743903789445));
#8942=CARTESIAN_POINT('',(30.3479037088171,-3.5,-13.0743903789445));
#8943=CARTESIAN_POINT('',(22.6984285766644,-3.5,-17.4908169056522));
#8944=CARTESIAN_POINT('',(30.3479037088171,-4.5,-13.0743903789445));
#8945=CARTESIAN_POINT('',(30.3479037088171,-3.5,-13.0743903789445));
#8946=CARTESIAN_POINT('',(33.0979037088171,-4.5,-11.486677138673));
#8947=CARTESIAN_POINT('Origin',(27.5979037088171,-3.5,-11.486677138673));
#8948=CARTESIAN_POINT('',(15.5100483822691,-3.5,-4.50775061196525));
#8949=CARTESIAN_POINT('',(30.3479037088171,-4.5,-13.0743903789445));
#8950=CARTESIAN_POINT('Origin',(30.3479037088171,-4.5,-9.89896389840154));
#8951=CARTESIAN_POINT('',(32.0979037088171,-4.5,-9.89896389840154));
#8952=CARTESIAN_POINT('Origin',(30.3479037088171,-4.5,-9.89896389840154));
#8953=CARTESIAN_POINT('Origin',(7.59790370881714,-3.5,-8.31125065813007));
#8954=CARTESIAN_POINT('',(7.59790370881714,-3.5,-8.31125065813007));
#8955=CARTESIAN_POINT('',(7.59790370881714,-3.5,-11.486677138673));
#8956=CARTESIAN_POINT('',(7.59790370881713,-3.5,-3.9801072782658));
#8957=CARTESIAN_POINT('',(7.59790370881714,-4.5,-8.31125065813007));
#8958=CARTESIAN_POINT('',(7.59790370881714,-3.5,-8.31125065813007));
#8959=CARTESIAN_POINT('',(7.59790370881714,-4.5,-11.486677138673));
#8960=CARTESIAN_POINT('',(7.59790370881714,-4.5,-11.486677138673));
#8961=CARTESIAN_POINT('',(7.59790370881714,-3.5,-11.486677138673));
#8962=CARTESIAN_POINT('Origin',(10.3479037088171,-3.5,-6.7235374178586));
#8963=CARTESIAN_POINT('',(10.3479037088171,-3.5,-6.7235374178586));
#8964=CARTESIAN_POINT('',(8.82342857666434,-3.5,-7.6036935457799));
#8965=CARTESIAN_POINT('',(10.3479037088171,-4.5,-6.7235374178586));
#8966=CARTESIAN_POINT('',(10.3479037088171,-3.5,-6.7235374178586));
#8967=CARTESIAN_POINT('',(7.59790370881714,-4.5,-8.31125065813007));
#8968=CARTESIAN_POINT('Origin',(13.0979037088171,-3.5,-8.31125065813007));
#8969=CARTESIAN_POINT('',(13.0979037088171,-3.5,-8.31125065813007));
#8970=CARTESIAN_POINT('',(7.13504838226909,-3.5,-4.86859453020876));
#8971=CARTESIAN_POINT('',(13.0979037088171,-4.5,-8.31125065813007));
#8972=CARTESIAN_POINT('',(13.0979037088171,-3.5,-8.31125065813007));
#8973=CARTESIAN_POINT('',(10.3479037088171,-4.5,-6.7235374178586));
#8974=CARTESIAN_POINT('Origin',(13.0979037088171,-3.5,-11.486677138673));
#8975=CARTESIAN_POINT('',(13.0979037088171,-3.5,-11.486677138673));
#8976=CARTESIAN_POINT('',(13.0979037088171,-3.5,-5.56782051853726));
#8977=CARTESIAN_POINT('',(13.0979037088171,-4.5,-11.486677138673));
#8978=CARTESIAN_POINT('',(13.0979037088171,-3.5,-11.486677138673));
#8979=CARTESIAN_POINT('',(13.0979037088171,-4.5,-8.31125065813007));
#8980=CARTESIAN_POINT('Origin',(10.3479037088171,-3.5,-13.0743903789445));
#8981=CARTESIAN_POINT('',(10.3479037088171,-3.5,-13.0743903789445));
#8982=CARTESIAN_POINT('',(10.1984285766643,-3.5,-13.1606898867301));
#8983=CARTESIAN_POINT('',(10.3479037088171,-4.5,-13.0743903789445));
#8984=CARTESIAN_POINT('',(10.3479037088171,-3.5,-13.0743903789445));
#8985=CARTESIAN_POINT('',(13.0979037088171,-4.5,-11.486677138673));
#8986=CARTESIAN_POINT('Origin',(7.59790370881714,-3.5,-11.486677138673));
#8987=CARTESIAN_POINT('',(3.01004838226909,-3.5,-8.83787763088744));
#8988=CARTESIAN_POINT('',(10.3479037088171,-4.5,-13.0743903789445));
#8989=CARTESIAN_POINT('Origin',(10.3479037088171,-4.5,-9.89896389840154));
#8990=CARTESIAN_POINT('',(12.0979037088171,-4.5,-9.89896389840154));
#8991=CARTESIAN_POINT('Origin',(10.3479037088171,-4.5,-9.89896389840154));
#8992=CARTESIAN_POINT('Origin',(-22.4020962911829,-3.5,1.68874934186993));
#8993=CARTESIAN_POINT('',(-22.4020962911829,-3.5,1.68874934186993));
#8994=CARTESIAN_POINT('',(-22.4020962911829,-3.5,-1.48667713867301));
#8995=CARTESIAN_POINT('',(-22.4020962911829,-3.5,1.01989272173421));
#8996=CARTESIAN_POINT('',(-22.4020962911829,-4.5,1.68874934186993));
#8997=CARTESIAN_POINT('',(-22.4020962911829,-3.5,1.68874934186993));
#8998=CARTESIAN_POINT('',(-22.4020962911829,-4.5,-1.48667713867301));
#8999=CARTESIAN_POINT('',(-22.4020962911829,-4.5,-1.48667713867301));
#9000=CARTESIAN_POINT('',(-22.4020962911829,-3.5,-1.48667713867301));
#9001=CARTESIAN_POINT('Origin',(-19.6520962911829,-3.5,3.27646258214141));
#9002=CARTESIAN_POINT('',(-19.6520962911829,-3.5,3.27646258214141));
#9003=CARTESIAN_POINT('',(-12.0916349327968,-3.5,7.64149698260339));
#9004=CARTESIAN_POINT('',(-19.6520962911829,-4.5,3.27646258214141));
#9005=CARTESIAN_POINT('',(-19.6520962911829,-3.5,3.27646258214141));
#9006=CARTESIAN_POINT('',(-22.4020962911829,-4.5,1.68874934186993));
#9007=CARTESIAN_POINT('Origin',(-16.9020962911829,-3.5,1.68874934186994));
#9008=CARTESIAN_POINT('',(-16.9020962911829,-3.5,1.68874934186994));
#9009=CARTESIAN_POINT('',(-9.44988810826981,-3.5,-2.61378505859205));
#9010=CARTESIAN_POINT('',(-16.9020962911829,-4.5,1.68874934186994));
#9011=CARTESIAN_POINT('',(-16.9020962911829,-3.5,1.68874934186994));
#9012=CARTESIAN_POINT('',(-19.6520962911829,-4.5,3.27646258214141));
#9013=CARTESIAN_POINT('Origin',(-16.9020962911829,-3.5,-1.48667713867301));
#9014=CARTESIAN_POINT('',(-16.9020962911829,-3.5,-1.48667713867301));
#9015=CARTESIAN_POINT('',(-16.9020962911829,-3.5,-0.567820518537271));
#9016=CARTESIAN_POINT('',(-16.9020962911829,-4.5,-1.48667713867301));
#9017=CARTESIAN_POINT('',(-16.9020962911829,-3.5,-1.48667713867301));
#9018=CARTESIAN_POINT('',(-16.9020962911829,-4.5,1.68874934186994));
#9019=CARTESIAN_POINT('Origin',(-19.6520962911829,-3.5,-3.07439037894448));
#9020=CARTESIAN_POINT('',(-19.6520962911829,-3.5,-3.07439037894448));
#9021=CARTESIAN_POINT('',(-10.7166349327968,-3.5,2.08450064165324));
#9022=CARTESIAN_POINT('',(-19.6520962911829,-4.5,-3.07439037894448));
#9023=CARTESIAN_POINT('',(-19.6520962911829,-3.5,-3.07439037894448));
#9024=CARTESIAN_POINT('',(-16.9020962911829,-4.5,-1.48667713867301));
#9025=CARTESIAN_POINT('Origin',(-22.4020962911829,-3.5,-1.48667713867301));
#9026=CARTESIAN_POINT('',(-13.5748881082698,-3.5,-6.58306815927072));
#9027=CARTESIAN_POINT('',(-19.6520962911829,-4.5,-3.07439037894448));
#9028=CARTESIAN_POINT('Origin',(-19.6520962911829,-4.5,0.101036101598464));
#9029=CARTESIAN_POINT('',(-17.9020962911829,-4.5,0.101036101598464));
#9030=CARTESIAN_POINT('Origin',(-19.6520962911829,-4.5,0.101036101598464));
#9031=CARTESIAN_POINT('Origin',(-12.4020962911829,-3.5,11.6887493418699));
#9032=CARTESIAN_POINT('',(-12.4020962911829,-3.5,11.6887493418699));
#9033=CARTESIAN_POINT('',(-12.4020962911829,-3.5,8.51332286132699));
#9034=CARTESIAN_POINT('',(-12.4020962911829,-3.5,6.0198927217342));
#9035=CARTESIAN_POINT('',(-12.4020962911829,-4.5,11.6887493418699));
#9036=CARTESIAN_POINT('',(-12.4020962911829,-3.5,11.6887493418699));
#9037=CARTESIAN_POINT('',(-12.4020962911829,-4.5,8.51332286132699));
#9038=CARTESIAN_POINT('',(-12.4020962911829,-4.5,8.51332286132699));
#9039=CARTESIAN_POINT('',(-12.4020962911829,-3.5,8.51332286132699));
#9040=CARTESIAN_POINT('Origin',(-9.65209629118286,-3.5,13.2764625821414));
#9041=CARTESIAN_POINT('',(-9.65209629118286,-3.5,13.2764625821414));
#9042=CARTESIAN_POINT('',(-8.00669844225785,-3.5,14.2264334731423));
#9043=CARTESIAN_POINT('',(-9.65209629118286,-4.5,13.2764625821414));
#9044=CARTESIAN_POINT('',(-9.65209629118286,-3.5,13.2764625821414));
#9045=CARTESIAN_POINT('',(-12.4020962911829,-4.5,11.6887493418699));
#9046=CARTESIAN_POINT('Origin',(-6.90209629118286,-3.5,11.6887493418699));
#9047=CARTESIAN_POINT('',(-6.90209629118286,-3.5,11.6887493418699));
#9048=CARTESIAN_POINT('',(-1.03482459880872,-3.5,8.30127845086905));
#9049=CARTESIAN_POINT('',(-6.90209629118286,-4.5,11.6887493418699));
#9050=CARTESIAN_POINT('',(-6.90209629118286,-3.5,11.6887493418699));
#9051=CARTESIAN_POINT('',(-9.65209629118286,-4.5,13.2764625821414));
#9052=CARTESIAN_POINT('Origin',(-6.90209629118286,-3.5,8.51332286132699));
#9053=CARTESIAN_POINT('',(-6.90209629118286,-3.5,8.51332286132699));
#9054=CARTESIAN_POINT('',(-6.90209629118286,-3.5,4.43217948146273));
#9055=CARTESIAN_POINT('',(-6.90209629118286,-4.5,8.51332286132699));
#9056=CARTESIAN_POINT('',(-6.90209629118286,-3.5,8.51332286132699));
#9057=CARTESIAN_POINT('',(-6.90209629118286,-4.5,11.6887493418699));
#9058=CARTESIAN_POINT('Origin',(-9.65209629118286,-3.5,6.92560962105552));
#9059=CARTESIAN_POINT('',(-9.65209629118286,-3.5,6.92560962105552));
#9060=CARTESIAN_POINT('',(-6.63169844225785,-3.5,8.66943713219214));
#9061=CARTESIAN_POINT('',(-9.65209629118286,-4.5,6.92560962105552));
#9062=CARTESIAN_POINT('',(-9.65209629118286,-3.5,6.92560962105552));
#9063=CARTESIAN_POINT('',(-6.90209629118286,-4.5,8.51332286132699));
#9064=CARTESIAN_POINT('Origin',(-12.4020962911829,-3.5,8.51332286132699));
#9065=CARTESIAN_POINT('',(-5.15982459880871,-3.5,4.33199535019038));
#9066=CARTESIAN_POINT('',(-9.65209629118286,-4.5,6.92560962105552));
#9067=CARTESIAN_POINT('Origin',(-9.65209629118286,-4.5,10.1010361015985));
#9068=CARTESIAN_POINT('',(-7.90209629118286,-4.5,10.1010361015985));
#9069=CARTESIAN_POINT('Origin',(-9.65209629118286,-4.5,10.1010361015985));
#9070=CARTESIAN_POINT('Origin',(7.59790370881714,-3.5,21.6887493418699));
#9071=CARTESIAN_POINT('',(7.59790370881714,-3.5,21.6887493418699));
#9072=CARTESIAN_POINT('',(7.59790370881714,-3.5,18.513322861327));
#9073=CARTESIAN_POINT('',(7.59790370881715,-3.5,11.0198927217342));
#9074=CARTESIAN_POINT('',(7.59790370881714,-4.5,21.6887493418699));
#9075=CARTESIAN_POINT('',(7.59790370881714,-3.5,21.6887493418699));
#9076=CARTESIAN_POINT('',(7.59790370881714,-4.5,18.513322861327));
#9077=CARTESIAN_POINT('',(7.59790370881714,-4.5,18.513322861327));
#9078=CARTESIAN_POINT('',(7.59790370881714,-3.5,18.513322861327));
#9079=CARTESIAN_POINT('Origin',(10.3479037088171,-3.5,23.2764625821414));
#9080=CARTESIAN_POINT('',(10.3479037088171,-3.5,23.2764625821414));
#9081=CARTESIAN_POINT('',(2.32823804828106,-3.5,18.6463064542201));
#9082=CARTESIAN_POINT('',(10.3479037088171,-4.5,23.2764625821414));
#9083=CARTESIAN_POINT('',(10.3479037088171,-3.5,23.2764625821414));
#9084=CARTESIAN_POINT('',(7.59790370881714,-4.5,21.6887493418699));
#9085=CARTESIAN_POINT('Origin',(13.0979037088171,-3.5,21.6887493418699));
#9086=CARTESIAN_POINT('',(13.0979037088171,-3.5,21.6887493418699));
#9087=CARTESIAN_POINT('',(13.6302389106524,-3.5,21.3814054697912));
#9088=CARTESIAN_POINT('',(13.0979037088171,-4.5,21.6887493418699));
#9089=CARTESIAN_POINT('',(13.0979037088171,-3.5,21.6887493418699));
#9090=CARTESIAN_POINT('',(10.3479037088171,-4.5,23.2764625821414));
#9091=CARTESIAN_POINT('Origin',(13.0979037088171,-3.5,18.513322861327));
#9092=CARTESIAN_POINT('',(13.0979037088171,-3.5,18.513322861327));
#9093=CARTESIAN_POINT('',(13.0979037088171,-3.5,9.43217948146274));
#9094=CARTESIAN_POINT('',(13.0979037088171,-4.5,18.513322861327));
#9095=CARTESIAN_POINT('',(13.0979037088171,-3.5,18.513322861327));
#9096=CARTESIAN_POINT('',(13.0979037088171,-4.5,21.6887493418699));
#9097=CARTESIAN_POINT('Origin',(10.3479037088171,-3.5,16.9256096210555));
#9098=CARTESIAN_POINT('',(10.3479037088171,-3.5,16.9256096210555));
#9099=CARTESIAN_POINT('',(3.70323804828106,-3.5,13.0893101132699));
#9100=CARTESIAN_POINT('',(10.3479037088171,-4.5,16.9256096210555));
#9101=CARTESIAN_POINT('',(10.3479037088171,-3.5,16.9256096210555));
#9102=CARTESIAN_POINT('',(13.0979037088171,-4.5,18.513322861327));
#9103=CARTESIAN_POINT('Origin',(7.59790370881714,-3.5,18.513322861327));
#9104=CARTESIAN_POINT('',(9.50523891065238,-3.5,17.4121223691126));
#9105=CARTESIAN_POINT('',(10.3479037088171,-4.5,16.9256096210555));
#9106=CARTESIAN_POINT('Origin',(10.3479037088171,-4.5,20.1010361015985));
#9107=CARTESIAN_POINT('',(12.0979037088171,-4.5,20.1010361015985));
#9108=CARTESIAN_POINT('Origin',(10.3479037088171,-4.5,20.1010361015985));
#9109=CARTESIAN_POINT('Origin',(27.5979037088171,-3.5,11.6887493418699));
#9110=CARTESIAN_POINT('',(27.5979037088171,-3.5,11.6887493418699));
#9111=CARTESIAN_POINT('',(27.5979037088171,-3.5,8.51332286132699));
#9112=CARTESIAN_POINT('',(27.5979037088171,-3.5,6.0198927217342));
#9113=CARTESIAN_POINT('',(27.5979037088171,-4.5,11.6887493418699));
#9114=CARTESIAN_POINT('',(27.5979037088171,-3.5,11.6887493418699));
#9115=CARTESIAN_POINT('',(27.5979037088171,-4.5,8.51332286132699));
#9116=CARTESIAN_POINT('',(27.5979037088171,-4.5,8.51332286132699));
#9117=CARTESIAN_POINT('',(27.5979037088171,-3.5,8.51332286132699));
#9118=CARTESIAN_POINT('Origin',(30.3479037088171,-3.5,13.2764625821414));
#9119=CARTESIAN_POINT('',(30.3479037088171,-3.5,13.2764625821414));
#9120=CARTESIAN_POINT('',(16.9933015577422,-3.5,5.5661794352979));
#9121=CARTESIAN_POINT('',(30.3479037088171,-4.5,13.2764625821414));
#9122=CARTESIAN_POINT('',(30.3479037088171,-3.5,13.2764625821414));
#9123=CARTESIAN_POINT('',(27.5979037088171,-4.5,11.6887493418699));
#9124=CARTESIAN_POINT('Origin',(33.0979037088171,-3.5,11.6887493418699));
#9125=CARTESIAN_POINT('',(33.0979037088171,-3.5,11.6887493418699));
#9126=CARTESIAN_POINT('',(23.9651754011913,-3.5,16.9615324887134));
#9127=CARTESIAN_POINT('',(33.0979037088171,-4.5,11.6887493418699));
#9128=CARTESIAN_POINT('',(33.0979037088171,-3.5,11.6887493418699));
#9129=CARTESIAN_POINT('',(30.3479037088171,-4.5,13.2764625821414));
#9130=CARTESIAN_POINT('Origin',(33.0979037088171,-3.5,8.51332286132699));
#9131=CARTESIAN_POINT('',(33.0979037088171,-3.5,8.51332286132699));
#9132=CARTESIAN_POINT('',(33.0979037088171,-3.5,4.43217948146273));
#9133=CARTESIAN_POINT('',(33.0979037088171,-4.5,8.51332286132699));
#9134=CARTESIAN_POINT('',(33.0979037088171,-3.5,8.51332286132699));
#9135=CARTESIAN_POINT('',(33.0979037088171,-4.5,11.6887493418699));
#9136=CARTESIAN_POINT('Origin',(30.3479037088171,-3.5,6.92560962105552));
#9137=CARTESIAN_POINT('',(30.3479037088171,-3.5,6.92560962105552));
#9138=CARTESIAN_POINT('',(18.3683015577422,-3.5,0.00918309434775));
#9139=CARTESIAN_POINT('',(30.3479037088171,-4.5,6.92560962105552));
#9140=CARTESIAN_POINT('',(30.3479037088171,-3.5,6.92560962105552));
#9141=CARTESIAN_POINT('',(33.0979037088171,-4.5,8.51332286132699));
#9142=CARTESIAN_POINT('Origin',(27.5979037088171,-3.5,8.51332286132699));
#9143=CARTESIAN_POINT('',(19.8401754011913,-3.5,12.9922493880348));
#9144=CARTESIAN_POINT('',(30.3479037088171,-4.5,6.92560962105552));
#9145=CARTESIAN_POINT('Origin',(30.3479037088171,-4.5,10.1010361015985));
#9146=CARTESIAN_POINT('',(32.0979037088171,-4.5,10.1010361015985));
#9147=CARTESIAN_POINT('Origin',(30.3479037088171,-4.5,10.1010361015985));
#9148=CARTESIAN_POINT('Origin',(27.5979037088171,-3.5,21.6887493418699));
#9149=CARTESIAN_POINT('',(27.5979037088171,-3.5,21.6887493418699));
#9150=CARTESIAN_POINT('',(27.5979037088171,-3.5,18.513322861327));
#9151=CARTESIAN_POINT('',(27.5979037088171,-3.5,11.0198927217342));
#9152=CARTESIAN_POINT('',(27.5979037088171,-4.5,21.6887493418699));
#9153=CARTESIAN_POINT('',(27.5979037088171,-3.5,21.6887493418699));
#9154=CARTESIAN_POINT('',(27.5979037088171,-4.5,18.513322861327));
#9155=CARTESIAN_POINT('',(27.5979037088171,-4.5,18.513322861327));
#9156=CARTESIAN_POINT('',(27.5979037088171,-3.5,18.513322861327));
#9157=CARTESIAN_POINT('Origin',(30.3479037088171,-3.5,23.2764625821414));
#9158=CARTESIAN_POINT('',(30.3479037088171,-3.5,23.2764625821414));
#9159=CARTESIAN_POINT('',(14.8282380482811,-3.5,14.3161794352979));
#9160=CARTESIAN_POINT('',(30.3479037088171,-4.5,23.2764625821414));
#9161=CARTESIAN_POINT('',(30.3479037088171,-3.5,23.2764625821414));
#9162=CARTESIAN_POINT('',(27.5979037088171,-4.5,21.6887493418699));
#9163=CARTESIAN_POINT('Origin',(33.0979037088171,-3.5,21.6887493418699));
#9164=CARTESIAN_POINT('',(33.0979037088171,-3.5,21.6887493418699));
#9165=CARTESIAN_POINT('',(26.1302389106524,-3.5,25.7115324887134));
#9166=CARTESIAN_POINT('',(33.0979037088171,-4.5,21.6887493418699));
#9167=CARTESIAN_POINT('',(33.0979037088171,-3.5,21.6887493418699));
#9168=CARTESIAN_POINT('',(30.3479037088171,-4.5,23.2764625821414));
#9169=CARTESIAN_POINT('Origin',(33.0979037088171,-3.5,18.513322861327));
#9170=CARTESIAN_POINT('',(33.0979037088171,-3.5,18.513322861327));
#9171=CARTESIAN_POINT('',(33.0979037088171,-3.5,9.43217948146273));
#9172=CARTESIAN_POINT('',(33.0979037088171,-4.5,18.513322861327));
#9173=CARTESIAN_POINT('',(33.0979037088171,-3.5,18.513322861327));
#9174=CARTESIAN_POINT('',(33.0979037088171,-4.5,21.6887493418699));
#9175=CARTESIAN_POINT('Origin',(30.3479037088171,-3.5,16.9256096210555));
#9176=CARTESIAN_POINT('',(30.3479037088171,-3.5,16.9256096210555));
#9177=CARTESIAN_POINT('',(16.2032380482811,-3.5,8.75918309434774));
#9178=CARTESIAN_POINT('',(30.3479037088171,-4.5,16.9256096210555));
#9179=CARTESIAN_POINT('',(30.3479037088171,-3.5,16.9256096210555));
#9180=CARTESIAN_POINT('',(33.0979037088171,-4.5,18.513322861327));
#9181=CARTESIAN_POINT('Origin',(27.5979037088171,-3.5,18.513322861327));
#9182=CARTESIAN_POINT('',(22.0052389106524,-3.5,21.7422493880348));
#9183=CARTESIAN_POINT('',(30.3479037088171,-4.5,16.9256096210555));
#9184=CARTESIAN_POINT('Origin',(30.3479037088171,-4.5,20.1010361015985));
#9185=CARTESIAN_POINT('',(32.0979037088171,-4.5,20.1010361015985));
#9186=CARTESIAN_POINT('Origin',(30.3479037088171,-4.5,20.1010361015985));
#9187=CARTESIAN_POINT('Origin',(-22.4020962911829,-3.5,11.6887493418699));
#9188=CARTESIAN_POINT('',(-22.4020962911829,-3.5,11.6887493418699));
#9189=CARTESIAN_POINT('',(-22.4020962911829,-3.5,8.51332286132699));
#9190=CARTESIAN_POINT('',(-22.4020962911829,-3.5,6.01989272173421));
#9191=CARTESIAN_POINT('',(-22.4020962911829,-4.5,11.6887493418699));
#9192=CARTESIAN_POINT('',(-22.4020962911829,-3.5,11.6887493418699));
#9193=CARTESIAN_POINT('',(-22.4020962911829,-4.5,8.51332286132699));
#9194=CARTESIAN_POINT('',(-22.4020962911829,-4.5,8.51332286132699));
#9195=CARTESIAN_POINT('',(-22.4020962911829,-3.5,8.51332286132699));
#9196=CARTESIAN_POINT('Origin',(-19.6520962911829,-3.5,13.2764625821414));
#9197=CARTESIAN_POINT('',(-19.6520962911829,-3.5,13.2764625821414));
#9198=CARTESIAN_POINT('',(-14.2566984422579,-3.5,16.3914969826034));
#9199=CARTESIAN_POINT('',(-19.6520962911829,-4.5,13.2764625821414));
#9200=CARTESIAN_POINT('',(-19.6520962911829,-3.5,13.2764625821414));
#9201=CARTESIAN_POINT('',(-22.4020962911829,-4.5,11.6887493418699));
#9202=CARTESIAN_POINT('Origin',(-16.9020962911829,-3.5,11.6887493418699));
#9203=CARTESIAN_POINT('',(-16.9020962911829,-3.5,11.6887493418699));
#9204=CARTESIAN_POINT('',(-7.28482459880871,-3.5,6.13621494140796));
#9205=CARTESIAN_POINT('',(-16.9020962911829,-4.5,11.6887493418699));
#9206=CARTESIAN_POINT('',(-16.9020962911829,-3.5,11.6887493418699));
#9207=CARTESIAN_POINT('',(-19.6520962911829,-4.5,13.2764625821414));
#9208=CARTESIAN_POINT('Origin',(-16.9020962911829,-3.5,8.51332286132699));
#9209=CARTESIAN_POINT('',(-16.9020962911829,-3.5,8.51332286132699));
#9210=CARTESIAN_POINT('',(-16.9020962911829,-3.5,4.43217948146273));
#9211=CARTESIAN_POINT('',(-16.9020962911829,-4.5,8.51332286132699));
#9212=CARTESIAN_POINT('',(-16.9020962911829,-3.5,8.51332286132699));
#9213=CARTESIAN_POINT('',(-16.9020962911829,-4.5,11.6887493418699));
#9214=CARTESIAN_POINT('Origin',(-19.6520962911829,-3.5,6.92560962105552));
#9215=CARTESIAN_POINT('',(-19.6520962911829,-3.5,6.92560962105552));
#9216=CARTESIAN_POINT('',(-12.8816984422579,-3.5,10.8345006416532));
#9217=CARTESIAN_POINT('',(-19.6520962911829,-4.5,6.92560962105552));
#9218=CARTESIAN_POINT('',(-19.6520962911829,-3.5,6.92560962105552));
#9219=CARTESIAN_POINT('',(-16.9020962911829,-4.5,8.51332286132699));
#9220=CARTESIAN_POINT('Origin',(-22.4020962911829,-3.5,8.51332286132699));
#9221=CARTESIAN_POINT('',(-11.4098245988087,-3.5,2.16693184072928));
#9222=CARTESIAN_POINT('',(-19.6520962911829,-4.5,6.92560962105552));
#9223=CARTESIAN_POINT('Origin',(-19.6520962911829,-4.5,10.1010361015985));
#9224=CARTESIAN_POINT('',(-17.9020962911829,-4.5,10.1010361015985));
#9225=CARTESIAN_POINT('Origin',(-19.6520962911829,-4.5,10.1010361015985));
#9226=CARTESIAN_POINT('Origin',(-22.4020962911829,-3.5,-8.31125065813007));
#9227=CARTESIAN_POINT('',(-22.4020962911829,-3.5,-8.31125065813007));
#9228=CARTESIAN_POINT('',(-22.4020962911829,-3.5,-11.486677138673));
#9229=CARTESIAN_POINT('',(-22.4020962911829,-3.5,-3.98010727826579));
#9230=CARTESIAN_POINT('',(-22.4020962911829,-4.5,-8.31125065813007));
#9231=CARTESIAN_POINT('',(-22.4020962911829,-3.5,-8.31125065813007));
#9232=CARTESIAN_POINT('',(-22.4020962911829,-4.5,-11.486677138673));
#9233=CARTESIAN_POINT('',(-22.4020962911829,-4.5,-11.486677138673));
#9234=CARTESIAN_POINT('',(-22.4020962911829,-3.5,-11.486677138673));
#9235=CARTESIAN_POINT('Origin',(-19.6520962911829,-3.5,-6.72353741785859));
#9236=CARTESIAN_POINT('',(-19.6520962911829,-3.5,-6.72353741785859));
#9237=CARTESIAN_POINT('',(-9.92657142333566,-3.5,-1.10850301739661));
#9238=CARTESIAN_POINT('',(-19.6520962911829,-4.5,-6.72353741785859));
#9239=CARTESIAN_POINT('',(-19.6520962911829,-3.5,-6.72353741785859));
#9240=CARTESIAN_POINT('',(-22.4020962911829,-4.5,-8.31125065813007));
#9241=CARTESIAN_POINT('Origin',(-16.9020962911829,-3.5,-8.31125065813006));
#9242=CARTESIAN_POINT('',(-16.9020962911829,-3.5,-8.31125065813006));
#9243=CARTESIAN_POINT('',(-11.6149516177309,-3.5,-11.363785058592));
#9244=CARTESIAN_POINT('',(-16.9020962911829,-4.5,-8.31125065813006));
#9245=CARTESIAN_POINT('',(-16.9020962911829,-3.5,-8.31125065813006));
#9246=CARTESIAN_POINT('',(-19.6520962911829,-4.5,-6.72353741785859));
#9247=CARTESIAN_POINT('Origin',(-16.9020962911829,-3.5,-11.486677138673));
#9248=CARTESIAN_POINT('',(-16.9020962911829,-3.5,-11.486677138673));
#9249=CARTESIAN_POINT('',(-16.9020962911829,-3.5,-5.56782051853727));
#9250=CARTESIAN_POINT('',(-16.9020962911829,-4.5,-11.486677138673));
#9251=CARTESIAN_POINT('',(-16.9020962911829,-3.5,-11.486677138673));
#9252=CARTESIAN_POINT('',(-16.9020962911829,-4.5,-8.31125065813006));
#9253=CARTESIAN_POINT('Origin',(-19.6520962911829,-3.5,-13.0743903789445));
#9254=CARTESIAN_POINT('',(-19.6520962911829,-3.5,-13.0743903789445));
#9255=CARTESIAN_POINT('',(-8.55157142333566,-3.5,-6.66549935834675));
#9256=CARTESIAN_POINT('',(-19.6520962911829,-4.5,-13.0743903789445));
#9257=CARTESIAN_POINT('',(-19.6520962911829,-3.5,-13.0743903789445));
#9258=CARTESIAN_POINT('',(-16.9020962911829,-4.5,-11.486677138673));
#9259=CARTESIAN_POINT('Origin',(-22.4020962911829,-3.5,-11.486677138673));
#9260=CARTESIAN_POINT('',(-15.7399516177309,-3.5,-15.3330681592707));
#9261=CARTESIAN_POINT('',(-19.6520962911829,-4.5,-13.0743903789445));
#9262=CARTESIAN_POINT('Origin',(-19.6520962911829,-4.5,-9.89896389840154));
#9263=CARTESIAN_POINT('',(-17.9020962911829,-4.5,-9.89896389840154));
#9264=CARTESIAN_POINT('Origin',(-19.6520962911829,-4.5,-9.89896389840154));
#9265=CARTESIAN_POINT('Origin',(17.5979037088171,-3.5,-8.31125065813007));
#9266=CARTESIAN_POINT('',(17.5979037088171,-3.5,-8.31125065813007));
#9267=CARTESIAN_POINT('',(17.5979037088171,-3.5,-11.486677138673));
#9268=CARTESIAN_POINT('',(17.5979037088171,-3.5,-3.98010727826579));
#9269=CARTESIAN_POINT('',(17.5979037088171,-4.5,-8.31125065813007));
#9270=CARTESIAN_POINT('',(17.5979037088171,-3.5,-8.31125065813007));
#9271=CARTESIAN_POINT('',(17.5979037088171,-4.5,-11.486677138673));
#9272=CARTESIAN_POINT('',(17.5979037088171,-4.5,-11.486677138673));
#9273=CARTESIAN_POINT('',(17.5979037088171,-3.5,-11.486677138673));
#9274=CARTESIAN_POINT('Origin',(20.3479037088171,-3.5,-6.7235374178586));
#9275=CARTESIAN_POINT('',(20.3479037088171,-3.5,-6.7235374178586));
#9276=CARTESIAN_POINT('',(15.0734285766643,-3.5,-9.768757055241));
#9277=CARTESIAN_POINT('',(20.3479037088171,-4.5,-6.7235374178586));
#9278=CARTESIAN_POINT('',(20.3479037088171,-3.5,-6.7235374178586));
#9279=CARTESIAN_POINT('',(17.5979037088171,-4.5,-8.31125065813007));
#9280=CARTESIAN_POINT('Origin',(23.0979037088171,-3.5,-8.31125065813007));
#9281=CARTESIAN_POINT('',(23.0979037088171,-3.5,-8.31125065813007));
#9282=CARTESIAN_POINT('',(13.3850483822691,-3.5,-2.70353102074766));
#9283=CARTESIAN_POINT('',(23.0979037088171,-4.5,-8.31125065813007));
#9284=CARTESIAN_POINT('',(23.0979037088171,-3.5,-8.31125065813007));
#9285=CARTESIAN_POINT('',(20.3479037088171,-4.5,-6.7235374178586));
#9286=CARTESIAN_POINT('Origin',(23.0979037088171,-3.5,-11.486677138673));
#9287=CARTESIAN_POINT('',(23.0979037088171,-3.5,-11.486677138673));
#9288=CARTESIAN_POINT('',(23.0979037088171,-3.5,-5.56782051853727));
#9289=CARTESIAN_POINT('',(23.0979037088171,-4.5,-11.486677138673));
#9290=CARTESIAN_POINT('',(23.0979037088171,-3.5,-11.486677138673));
#9291=CARTESIAN_POINT('',(23.0979037088171,-4.5,-8.31125065813007));
#9292=CARTESIAN_POINT('Origin',(20.3479037088171,-3.5,-13.0743903789445));
#9293=CARTESIAN_POINT('',(20.3479037088171,-3.5,-13.0743903789445));
#9294=CARTESIAN_POINT('',(16.4484285766644,-3.5,-15.3257533961911));
#9295=CARTESIAN_POINT('',(20.3479037088171,-4.5,-13.0743903789445));
#9296=CARTESIAN_POINT('',(20.3479037088171,-3.5,-13.0743903789445));
#9297=CARTESIAN_POINT('',(23.0979037088171,-4.5,-11.486677138673));
#9298=CARTESIAN_POINT('Origin',(17.5979037088171,-3.5,-11.486677138673));
#9299=CARTESIAN_POINT('',(9.26004838226909,-3.5,-6.67281412142635));
#9300=CARTESIAN_POINT('',(20.3479037088171,-4.5,-13.0743903789445));
#9301=CARTESIAN_POINT('Origin',(20.3479037088171,-4.5,-9.89896389840154));
#9302=CARTESIAN_POINT('',(22.0979037088171,-4.5,-9.89896389840154));
#9303=CARTESIAN_POINT('Origin',(20.3479037088171,-4.5,-9.89896389840154));
#9304=CARTESIAN_POINT('Origin',(27.5979037088171,-3.5,-18.3112506581301));
#9305=CARTESIAN_POINT('',(27.5979037088171,-3.5,-18.3112506581301));
#9306=CARTESIAN_POINT('',(27.5979037088171,-3.5,-21.486677138673));
#9307=CARTESIAN_POINT('',(27.5979037088171,-3.5,-8.9801072782658));
#9308=CARTESIAN_POINT('',(27.5979037088171,-4.5,-18.3112506581301));
#9309=CARTESIAN_POINT('',(27.5979037088171,-3.5,-18.3112506581301));
#9310=CARTESIAN_POINT('',(27.5979037088171,-4.5,-21.486677138673));
#9311=CARTESIAN_POINT('',(27.5979037088171,-4.5,-21.486677138673));
#9312=CARTESIAN_POINT('',(27.5979037088171,-3.5,-21.486677138673));
#9313=CARTESIAN_POINT('Origin',(30.3479037088171,-3.5,-16.7235374178586));
#9314=CARTESIAN_POINT('',(30.3479037088171,-3.5,-16.7235374178586));
#9315=CARTESIAN_POINT('',(23.4884920861254,-3.5,-20.6838205647021));
#9316=CARTESIAN_POINT('',(30.3479037088171,-4.5,-16.7235374178586));
#9317=CARTESIAN_POINT('',(30.3479037088171,-3.5,-16.7235374178586));
#9318=CARTESIAN_POINT('',(27.5979037088171,-4.5,-18.3112506581301));
#9319=CARTESIAN_POINT('Origin',(33.0979037088171,-3.5,-18.3112506581301));
#9320=CARTESIAN_POINT('',(33.0979037088171,-3.5,-18.3112506581301));
#9321=CARTESIAN_POINT('',(17.469984872808,-3.5,-9.28846751128657));
#9322=CARTESIAN_POINT('',(33.0979037088171,-4.5,-18.3112506581301));
#9323=CARTESIAN_POINT('',(33.0979037088171,-3.5,-18.3112506581301));
#9324=CARTESIAN_POINT('',(30.3479037088171,-4.5,-16.7235374178586));
#9325=CARTESIAN_POINT('Origin',(33.0979037088171,-3.5,-21.486677138673));
#9326=CARTESIAN_POINT('',(33.0979037088171,-3.5,-21.486677138673));
#9327=CARTESIAN_POINT('',(33.0979037088171,-3.5,-10.5678205185373));
#9328=CARTESIAN_POINT('',(33.0979037088171,-4.5,-21.486677138673));
#9329=CARTESIAN_POINT('',(33.0979037088171,-3.5,-21.486677138673));
#9330=CARTESIAN_POINT('',(33.0979037088171,-4.5,-18.3112506581301));
#9331=CARTESIAN_POINT('Origin',(30.3479037088171,-3.5,-23.0743903789445));
#9332=CARTESIAN_POINT('',(30.3479037088171,-3.5,-23.0743903789445));
#9333=CARTESIAN_POINT('',(24.8634920861254,-3.5,-26.2408169056522));
#9334=CARTESIAN_POINT('',(30.3479037088171,-4.5,-23.0743903789445));
#9335=CARTESIAN_POINT('',(30.3479037088171,-3.5,-23.0743903789445));
#9336=CARTESIAN_POINT('',(33.0979037088171,-4.5,-21.486677138673));
#9337=CARTESIAN_POINT('Origin',(27.5979037088171,-3.5,-21.486677138673));
#9338=CARTESIAN_POINT('',(13.344984872808,-3.5,-13.2577506119653));
#9339=CARTESIAN_POINT('',(30.3479037088171,-4.5,-23.0743903789445));
#9340=CARTESIAN_POINT('Origin',(30.3479037088171,-4.5,-19.8989638984015));
#9341=CARTESIAN_POINT('',(32.0979037088171,-4.5,-19.8989638984015));
#9342=CARTESIAN_POINT('Origin',(30.3479037088171,-4.5,-19.8989638984015));
#9343=CARTESIAN_POINT('Origin',(-32.4020962911829,-3.5,-18.3112506581301));
#9344=CARTESIAN_POINT('',(-32.4020962911829,-3.5,-18.3112506581301));
#9345=CARTESIAN_POINT('',(-32.4020962911829,-3.5,-21.486677138673));
#9346=CARTESIAN_POINT('',(-32.4020962911829,-3.5,-8.98010727826579));
#9347=CARTESIAN_POINT('',(-32.4020962911829,-4.5,-18.3112506581301));
#9348=CARTESIAN_POINT('',(-32.4020962911829,-3.5,-18.3112506581301));
#9349=CARTESIAN_POINT('',(-32.4020962911829,-4.5,-21.486677138673));
#9350=CARTESIAN_POINT('',(-32.4020962911829,-4.5,-21.486677138673));
#9351=CARTESIAN_POINT('',(-32.4020962911829,-3.5,-21.486677138673));
#9352=CARTESIAN_POINT('Origin',(-29.6520962911829,-3.5,-16.7235374178586));
#9353=CARTESIAN_POINT('',(-29.6520962911829,-3.5,-16.7235374178586));
#9354=CARTESIAN_POINT('',(-14.0115079138746,-3.5,-7.69343950793551));
#9355=CARTESIAN_POINT('',(-29.6520962911829,-4.5,-16.7235374178586));
#9356=CARTESIAN_POINT('',(-29.6520962911829,-3.5,-16.7235374178586));
#9357=CARTESIAN_POINT('',(-32.4020962911829,-4.5,-18.3112506581301));
#9358=CARTESIAN_POINT('Origin',(-26.9020962911829,-3.5,-18.3112506581301));
#9359=CARTESIAN_POINT('',(-26.9020962911829,-3.5,-18.3112506581301));
#9360=CARTESIAN_POINT('',(-20.030015127192,-3.5,-22.2788485680531));
#9361=CARTESIAN_POINT('',(-26.9020962911829,-4.5,-18.3112506581301));
#9362=CARTESIAN_POINT('',(-26.9020962911829,-3.5,-18.3112506581301));
#9363=CARTESIAN_POINT('',(-29.6520962911829,-4.5,-16.7235374178586));
#9364=CARTESIAN_POINT('Origin',(-26.9020962911829,-3.5,-21.486677138673));
#9365=CARTESIAN_POINT('',(-26.9020962911829,-3.5,-21.486677138673));
#9366=CARTESIAN_POINT('',(-26.9020962911829,-3.5,-10.5678205185373));
#9367=CARTESIAN_POINT('',(-26.9020962911829,-4.5,-21.486677138673));
#9368=CARTESIAN_POINT('',(-26.9020962911829,-3.5,-21.486677138673));
#9369=CARTESIAN_POINT('',(-26.9020962911829,-4.5,-18.3112506581301));
#9370=CARTESIAN_POINT('Origin',(-29.6520962911829,-3.5,-23.0743903789445));
#9371=CARTESIAN_POINT('',(-29.6520962911829,-3.5,-23.0743903789445));
#9372=CARTESIAN_POINT('',(-12.6365079138746,-3.5,-13.2504358488857));
#9373=CARTESIAN_POINT('',(-29.6520962911829,-4.5,-23.0743903789445));
#9374=CARTESIAN_POINT('',(-29.6520962911829,-3.5,-23.0743903789445));
#9375=CARTESIAN_POINT('',(-26.9020962911829,-4.5,-21.486677138673));
#9376=CARTESIAN_POINT('Origin',(-32.4020962911829,-3.5,-21.486677138673));
#9377=CARTESIAN_POINT('',(-24.155015127192,-3.5,-26.2481316687318));
#9378=CARTESIAN_POINT('',(-29.6520962911829,-4.5,-23.0743903789445));
#9379=CARTESIAN_POINT('Origin',(-29.6520962911829,-4.5,-19.8989638984015));
#9380=CARTESIAN_POINT('',(-27.9020962911829,-4.5,-19.8989638984015));
#9381=CARTESIAN_POINT('Origin',(-29.6520962911829,-4.5,-19.8989638984015));
#9382=CARTESIAN_POINT('Origin',(-29.6520962911829,-3.5,-19.8989638984015));
#9383=CARTESIAN_POINT('',(-27.9020962911829,-6.,-19.8989638984015));
#9384=CARTESIAN_POINT('',(-27.9020962911829,-3.5,-19.8989638984015));
#9385=CARTESIAN_POINT('Origin',(-29.6520962911829,-6.,-19.8989638984015));
#9386=CARTESIAN_POINT('Origin',(-19.6520962911829,-3.5,0.101036101598464));
#9387=CARTESIAN_POINT('',(-17.9020962911829,-6.,0.101036101598464));
#9388=CARTESIAN_POINT('',(-17.9020962911829,-3.5,0.101036101598464));
#9389=CARTESIAN_POINT('Origin',(-19.6520962911829,-6.,0.101036101598464));
#9390=CARTESIAN_POINT('Origin',(-9.65209629118286,-3.5,10.1010361015985));
#9391=CARTESIAN_POINT('',(-7.90209629118286,-6.,10.1010361015985));
#9392=CARTESIAN_POINT('',(-7.90209629118286,-3.5,10.1010361015985));
#9393=CARTESIAN_POINT('Origin',(-9.65209629118286,-6.,10.1010361015985));
#9394=CARTESIAN_POINT('Origin',(10.3479037088171,-3.5,-19.8989638984015));
#9395=CARTESIAN_POINT('',(12.0979037088171,-6.,-19.8989638984015));
#9396=CARTESIAN_POINT('',(12.0979037088171,-3.5,-19.8989638984015));
#9397=CARTESIAN_POINT('Origin',(10.3479037088171,-6.,-19.8989638984015));
#9398=CARTESIAN_POINT('Origin',(20.3479037088171,-3.5,10.1010361015985));
#9399=CARTESIAN_POINT('',(22.0979037088171,-6.,10.1010361015985));
#9400=CARTESIAN_POINT('',(22.0979037088171,-3.5,10.1010361015985));
#9401=CARTESIAN_POINT('Origin',(20.3479037088171,-6.,10.1010361015985));
#9402=CARTESIAN_POINT('Origin',(30.3479037088171,-3.5,-9.89896389840154));
#9403=CARTESIAN_POINT('',(32.0979037088171,-6.,-9.89896389840154));
#9404=CARTESIAN_POINT('',(32.0979037088171,-3.5,-9.89896389840154));
#9405=CARTESIAN_POINT('Origin',(30.3479037088171,-6.,-9.89896389840154));
#9406=CARTESIAN_POINT('Origin',(30.3479037088171,-3.5,10.1010361015985));
#9407=CARTESIAN_POINT('',(32.0979037088171,-6.,10.1010361015985));
#9408=CARTESIAN_POINT('',(32.0979037088171,-3.5,10.1010361015985));
#9409=CARTESIAN_POINT('Origin',(30.3479037088171,-6.,10.1010361015985));
#9410=CARTESIAN_POINT('Origin',(20.3479037088171,-3.5,0.101036101598459));
#9411=CARTESIAN_POINT('',(22.0979037088171,-6.,0.101036101598459));
#9412=CARTESIAN_POINT('',(22.0979037088171,-3.5,0.101036101598459));
#9413=CARTESIAN_POINT('Origin',(20.3479037088171,-6.,0.101036101598459));
#9414=CARTESIAN_POINT('Origin',(10.3479037088171,-3.5,-9.89896389840154));
#9415=CARTESIAN_POINT('',(12.0979037088171,-6.,-9.89896389840154));
#9416=CARTESIAN_POINT('',(12.0979037088171,-3.5,-9.89896389840154));
#9417=CARTESIAN_POINT('Origin',(10.3479037088171,-6.,-9.89896389840154));
#9418=CARTESIAN_POINT('Origin',(-9.65209629118286,-3.5,20.1010361015985));
#9419=CARTESIAN_POINT('',(-7.90209629118286,-6.,20.1010361015985));
#9420=CARTESIAN_POINT('',(-7.90209629118286,-3.5,20.1010361015985));
#9421=CARTESIAN_POINT('Origin',(-9.65209629118286,-6.,20.1010361015985));
#9422=CARTESIAN_POINT('Origin',(0.347903708817139,-3.5,0.101036101598462));
#9423=CARTESIAN_POINT('',(2.09790370881714,-6.,0.101036101598461));
#9424=CARTESIAN_POINT('',(2.09790370881714,-3.5,0.101036101598462));
#9425=CARTESIAN_POINT('Origin',(0.347903708817139,-6.,0.101036101598462));
#9426=CARTESIAN_POINT('Origin',(-29.6520962911829,-3.5,-9.89896389840153));
#9427=CARTESIAN_POINT('',(-27.9020962911829,-6.,-9.89896389840153));
#9428=CARTESIAN_POINT('',(-27.9020962911829,-3.5,-9.89896389840153));
#9429=CARTESIAN_POINT('Origin',(-29.6520962911829,-6.,-9.89896389840153));
#9430=CARTESIAN_POINT('Origin',(-9.65209629118286,-3.5,-19.8989638984015));
#9431=CARTESIAN_POINT('',(-7.90209629118286,-6.,-19.8989638984015));
#9432=CARTESIAN_POINT('',(-7.90209629118286,-3.5,-19.8989638984015));
#9433=CARTESIAN_POINT('Origin',(-9.65209629118286,-6.,-19.8989638984015));
#9434=CARTESIAN_POINT('Origin',(-9.65209629118286,-3.5,-9.89896389840154));
#9435=CARTESIAN_POINT('',(-7.90209629118286,-6.,-9.89896389840154));
#9436=CARTESIAN_POINT('',(-7.90209629118286,-3.5,-9.89896389840154));
#9437=CARTESIAN_POINT('Origin',(-9.65209629118286,-6.,-9.89896389840154));
#9438=CARTESIAN_POINT('Origin',(-19.6520962911829,-3.5,10.1010361015985));
#9439=CARTESIAN_POINT('',(-17.9020962911829,-6.,10.1010361015985));
#9440=CARTESIAN_POINT('',(-17.9020962911829,-3.5,10.1010361015985));
#9441=CARTESIAN_POINT('Origin',(-19.6520962911829,-6.,10.1010361015985));
#9442=CARTESIAN_POINT('Origin',(-29.6520962911829,-3.5,20.1010361015985));
#9443=CARTESIAN_POINT('',(-27.9020962911829,-6.,20.1010361015985));
#9444=CARTESIAN_POINT('',(-27.9020962911829,-3.5,20.1010361015985));
#9445=CARTESIAN_POINT('Origin',(-29.6520962911829,-6.,20.1010361015985));
#9446=CARTESIAN_POINT('Origin',(10.3479037088171,-3.5,20.1010361015985));
#9447=CARTESIAN_POINT('',(12.0979037088171,-6.,20.1010361015985));
#9448=CARTESIAN_POINT('',(12.0979037088171,-3.5,20.1010361015985));
#9449=CARTESIAN_POINT('Origin',(10.3479037088171,-6.,20.1010361015985));
#9450=CARTESIAN_POINT('Origin',(30.3479037088171,-3.5,-19.8989638984015));
#9451=CARTESIAN_POINT('',(32.0979037088171,-6.,-19.8989638984015));
#9452=CARTESIAN_POINT('',(32.0979037088171,-3.5,-19.8989638984015));
#9453=CARTESIAN_POINT('Origin',(30.3479037088171,-6.,-19.8989638984015));
#9454=CARTESIAN_POINT('Origin',(30.3479037088171,-3.5,20.1010361015985));
#9455=CARTESIAN_POINT('',(32.0979037088171,-6.,20.1010361015985));
#9456=CARTESIAN_POINT('',(32.0979037088171,-3.5,20.1010361015985));
#9457=CARTESIAN_POINT('Origin',(30.3479037088171,-6.,20.1010361015985));
#9458=CARTESIAN_POINT('Origin',(20.3479037088171,-3.5,-9.89896389840154));
#9459=CARTESIAN_POINT('',(22.0979037088171,-6.,-9.89896389840154));
#9460=CARTESIAN_POINT('',(22.0979037088171,-3.5,-9.89896389840154));
#9461=CARTESIAN_POINT('Origin',(20.3479037088171,-6.,-9.89896389840154));
#9462=CARTESIAN_POINT('Origin',(10.3479037088171,-3.5,10.1010361015985));
#9463=CARTESIAN_POINT('',(12.0979037088171,-6.,10.1010361015985));
#9464=CARTESIAN_POINT('',(12.0979037088171,-3.5,10.1010361015985));
#9465=CARTESIAN_POINT('Origin',(10.3479037088171,-6.,10.1010361015985));
#9466=CARTESIAN_POINT('Origin',(0.347903708817141,-3.5,20.1010361015985));
#9467=CARTESIAN_POINT('',(2.09790370881714,-6.,20.1010361015985));
#9468=CARTESIAN_POINT('',(2.09790370881714,-3.5,20.1010361015985));
#9469=CARTESIAN_POINT('Origin',(0.347903708817141,-6.,20.1010361015985));
#9470=CARTESIAN_POINT('Origin',(-29.6520962911829,-3.5,10.1010361015985));
#9471=CARTESIAN_POINT('',(-27.9020962911829,-6.,10.1010361015985));
#9472=CARTESIAN_POINT('',(-27.9020962911829,-3.5,10.1010361015985));
#9473=CARTESIAN_POINT('Origin',(-29.6520962911829,-6.,10.1010361015985));
#9474=CARTESIAN_POINT('Origin',(-19.6520962911829,-3.5,-9.89896389840154));
#9475=CARTESIAN_POINT('',(-17.9020962911829,-6.,-9.89896389840154));
#9476=CARTESIAN_POINT('',(-17.9020962911829,-3.5,-9.89896389840154));
#9477=CARTESIAN_POINT('Origin',(-19.6520962911829,-6.,-9.89896389840154));
#9478=CARTESIAN_POINT('Origin',(0.347903708817137,-3.5,-19.8989638984015));
#9479=CARTESIAN_POINT('',(2.09790370881714,-6.,-19.8989638984015));
#9480=CARTESIAN_POINT('',(2.09790370881714,-3.5,-19.8989638984015));
#9481=CARTESIAN_POINT('Origin',(0.347903708817137,-6.,-19.8989638984015));
#9482=CARTESIAN_POINT('Origin',(17.6539766180035,22.81,-33.9872739542547));
#9483=CARTESIAN_POINT('',(17.6539766180035,2.81,-29.8489638984015));
#9484=CARTESIAN_POINT('',(17.6539766180035,7.28442949051236,-29.8489638984015));
#9485=CARTESIAN_POINT('',(17.6539766180035,8.405,-29.8489638984015));
#9486=CARTESIAN_POINT('',(17.6539766180035,2.81,-28.3489638984015));
#9487=CARTESIAN_POINT('',(17.6539766180035,2.81,-33.9872739542547));
#9488=CARTESIAN_POINT('',(17.6539766180035,7.28442949051236,-28.3489638984015));
#9489=CARTESIAN_POINT('',(17.6539766180035,8.405,-28.3489638984015));
#9490=CARTESIAN_POINT('',(17.6539766180035,7.28442949051236,-2.09311892632853));
#9491=CARTESIAN_POINT('Origin',(-34.2066788698673,22.81,-21.7265966003572));
#9492=CARTESIAN_POINT('',(-34.2066788698673,7.28442949051236,-29.8489638984015));
#9493=CARTESIAN_POINT('',(-34.2066788698673,2.81,-29.8489638984015));
#9494=CARTESIAN_POINT('',(-34.2066788698673,8.405,-29.8489638984015));
#9495=CARTESIAN_POINT('',(-34.2066788698673,7.28442949051236,-28.3489638984015));
#9496=CARTESIAN_POINT('',(-34.2066788698673,7.28442949051236,4.03721975062048));
#9497=CARTESIAN_POINT('',(-34.2066788698673,2.81,-28.3489638984015));
#9498=CARTESIAN_POINT('',(-34.2066788698673,8.405,-28.3489638984015));
#9499=CARTESIAN_POINT('',(-34.2066788698673,2.81,-27.9774997451983));
#9500=CARTESIAN_POINT('Origin',(-8.27635112593182,2.81,-27.856935277306));
#9501=CARTESIAN_POINT('',(19.1606632639099,2.81,-29.8489638984015));
#9502=CARTESIAN_POINT('',(-24.6391106810245,2.81,-28.3489638984015));
#9503=CARTESIAN_POINT('Origin',(-41.0018702361173,-6.,-28.3489638984015));
#9504=CARTESIAN_POINT('',(-42.0018702361173,7.28442949051236,-28.3489638984015));
#9505=CARTESIAN_POINT('',(6.09812964467338,7.28442949051236,-28.3489638984015));
#9506=CARTESIAN_POINT('',(-42.0018702361173,-2.,-28.3489638984015));
#9507=CARTESIAN_POINT('',(-42.0018702361173,-6.,-28.3489638984015));
#9508=CARTESIAN_POINT('',(42.6976776537516,-2.,-28.3489638984015));
#9509=CARTESIAN_POINT('',(-19.4018702361173,-2.,-28.3489638984015));
#9510=CARTESIAN_POINT('',(42.6976776537516,7.28442949051236,-28.3489638984015));
#9511=CARTESIAN_POINT('',(42.6976776537516,-3.24478525474382,-28.3489638984015));
#9512=CARTESIAN_POINT('',(23.1364721580976,7.28442949051236,-28.3489638984015));
#9513=CARTESIAN_POINT('',(6.09812964467338,7.28442949051236,-28.3489638984015));
#9514=CARTESIAN_POINT('',(23.1364721580976,4.7,-28.3489638984015));
#9515=CARTESIAN_POINT('',(23.1364721580976,0.599999999999999,-28.3489638984015));
#9516=CARTESIAN_POINT('',(18.1364721580976,4.7,-28.3489638984015));
#9517=CARTESIAN_POINT('',(-9.18269903900992,4.7,-28.3489638984015));
#9518=CARTESIAN_POINT('',(18.1364721580976,7.28442949051236,-28.3489638984015));
#9519=CARTESIAN_POINT('',(18.1364721580976,-0.400000000000001,-28.3489638984015));
#9520=CARTESIAN_POINT('',(6.09812964467338,7.28442949051236,-28.3489638984015));
#9521=CARTESIAN_POINT('Origin',(53.1981295254641,7.28442949051236,29.8010361015985));
#9522=CARTESIAN_POINT('',(-45.0018702361173,7.28442949051236,-29.8489638984015));
#9523=CARTESIAN_POINT('',(49.8979035896079,7.28442949051236,-29.8489638984015));
#9524=CARTESIAN_POINT('',(-46.5018702361173,7.28442949051236,-28.3489638984015));
#9525=CARTESIAN_POINT('Origin',(-45.0018702361173,7.28442949051236,-28.3489638984015));
#9526=CARTESIAN_POINT('',(-46.5018702361173,7.28442949051236,28.3010361015985));
#9527=CARTESIAN_POINT('',(-46.5018702361173,7.28442949051236,-0.0239638984015222));
#9528=CARTESIAN_POINT('',(-45.0018702361173,7.28442949051236,29.8010361015985));
#9529=CARTESIAN_POINT('Origin',(-45.0018702361173,7.28442949051236,28.3010361015985));
#9530=CARTESIAN_POINT('',(-39.7247202385483,7.28442949051236,29.8010361015985));
#9531=CARTESIAN_POINT('',(48.6979035896079,7.28442949051236,29.8010361015985));
#9532=CARTESIAN_POINT('',(-39.7247202385483,7.28442949051236,28.5510361015985));
#9533=CARTESIAN_POINT('',(-39.7247202385483,7.28442949051236,29.1760361015985));
#9534=CARTESIAN_POINT('',(-42.0018702361173,7.28442949051236,28.5510361015985));
#9535=CARTESIAN_POINT('',(48.6979035896079,7.28442949051236,28.5510361015985));
#9536=CARTESIAN_POINT('',(-43.5018702361173,7.28442949051236,27.0510361015985));
#9537=CARTESIAN_POINT('Origin',(-42.0018702361173,7.28442949051236,27.0510361015985));
#9538=CARTESIAN_POINT('',(-43.5018702361173,7.28442949051236,24.3361441724875));
#9539=CARTESIAN_POINT('',(-43.5018702361173,7.28442949051236,29.8010361015985));
#9540=CARTESIAN_POINT('',(-43.0018702361173,7.28442949051236,23.8361441724875));
#9541=CARTESIAN_POINT('',(-20.1930932779997,7.28442949051236,1.02736721436948));
#9542=CARTESIAN_POINT('',(-43.0018702361173,7.28442949051236,17.8361441724875));
#9543=CARTESIAN_POINT('',(-43.0018702361173,7.28442949051236,25.3185901370435));
#9544=CARTESIAN_POINT('',(-43.5018702361173,7.28442949051236,17.3361441724875));
#9545=CARTESIAN_POINT('',(-15.7106473134442,7.28442949051236,45.1273670951605));
#9546=CARTESIAN_POINT('',(-43.5018702361173,7.28442949051236,-11.9976493197494));
#9547=CARTESIAN_POINT('',(-43.5018702361173,7.28442949051236,29.8010361015985));
#9548=CARTESIAN_POINT('',(-43.0018702361173,7.28442949051236,-12.4976493197494));
#9549=CARTESIAN_POINT('',(-29.2765416510589,7.28442949051236,-26.2229779048078));
#9550=CARTESIAN_POINT('',(-43.0018702361173,7.28442949051236,-18.4976493197494));
#9551=CARTESIAN_POINT('',(-43.0018702361173,7.28442949051236,7.15169339092448));
#9552=CARTESIAN_POINT('',(-43.5018702361173,7.28442949051236,-18.9976493197494));
#9553=CARTESIAN_POINT('',(-6.62719894038503,7.28442949051236,17.8770219759825));
#9554=CARTESIAN_POINT('',(-43.5018702361173,7.28442949051236,-26.8489638984015));
#9555=CARTESIAN_POINT('',(-43.5018702361173,7.28442949051236,29.8010361015985));
#9556=CARTESIAN_POINT('Origin',(-42.0018702361173,7.28442949051236,-26.8489638984015));
#9557=CARTESIAN_POINT('Origin',(53.1981295254641,7.28442949051236,29.8010361015985));
#9558=CARTESIAN_POINT('',(18.5520426675852,7.28442949051236,-27.9333933889139));
#9559=CARTESIAN_POINT('',(41.6893864999392,7.28442949051235,-4.79604955655953));
#9560=CARTESIAN_POINT('',(22.72090164861,7.28442949051236,-27.9333933889139));
#9561=CARTESIAN_POINT('',(35.9173008417809,7.28442949051236,-27.9333933889139));
#9562=CARTESIAN_POINT('',(15.8643864999392,7.28442949051236,-21.0768782402431));
#9563=CARTESIAN_POINT('',(44.1976776537516,7.28442949051236,-26.8489638984015));
#9564=CARTESIAN_POINT('Origin',(42.6976776537516,7.28442949051236,-26.8489638984015));
#9565=CARTESIAN_POINT('',(44.1976776537516,7.28442949051236,-25.5489638984015));
#9566=CARTESIAN_POINT('',(44.1976776537516,7.28442949051236,9.02603610159847));
#9567=CARTESIAN_POINT('',(46.5976776537516,7.28442949051236,-25.5489638984015));
#9568=CARTESIAN_POINT('',(48.6979035896079,7.28442949051235,-25.5489638984015));
#9569=CARTESIAN_POINT('',(46.5976776537516,7.28442949051236,-28.3489638984015));
#9570=CARTESIAN_POINT('',(46.5976776537516,7.28442949051236,11.0760361015985));
#9571=CARTESIAN_POINT('',(45.0976776537516,7.28442949051236,-29.8489638984015));
#9572=CARTESIAN_POINT('Origin',(45.0976776537516,7.28442949051236,-28.3489638984015));
#9573=CARTESIAN_POINT('',(49.8979035896079,7.28442949051236,-29.8489638984015));
#9574=CARTESIAN_POINT('Origin',(44.1976776537516,-0.489570509487645,-7.44896389840152));
#9575=CARTESIAN_POINT('',(44.1976776537516,-1.58957050948764,-7.44896389840152));
#9576=CARTESIAN_POINT('',(45.1976776537516,-0.589570509487645,-7.44896389840152));
#9577=CARTESIAN_POINT('',(48.5225702811235,2.73532211788425,-7.44896389840152));
#9578=CARTESIAN_POINT('',(44.1976776537516,0.41,-7.44896389840152));
#9579=CARTESIAN_POINT('',(44.1976776537516,-0.489570509487645,-7.44896389840152));
#9580=CARTESIAN_POINT('',(46.5976776537516,0.41,-7.44896389840152));
#9581=CARTESIAN_POINT('',(44.7976776537516,0.41,-7.44896389840152));
#9582=CARTESIAN_POINT('',(46.5976776537516,-0.589570509487645,-7.44896389840152));
#9583=CARTESIAN_POINT('',(46.5976776537516,7.11021474525618,-7.44896389840152));
#9584=CARTESIAN_POINT('',(48.6979035896079,-0.589570509487645,-7.44896389840152));
#9585=CARTESIAN_POINT('Origin',(46.5976776537516,14.71,-7.64896389840153));
#9586=CARTESIAN_POINT('',(46.5976776537516,-0.589570509487645,-11.9489638984015));
#9587=CARTESIAN_POINT('',(46.5976776537516,-0.589570509487645,11.0760361015985));
#9588=CARTESIAN_POINT('',(46.5976776537516,0.41,5.95103610159846));
#9589=CARTESIAN_POINT('',(46.5976776537516,0.41,29.8010361015985));
#9590=CARTESIAN_POINT('',(46.5976776537516,-0.589570509487645,5.95103610159846));
#9591=CARTESIAN_POINT('',(46.5976776537516,7.11021474525618,5.95103610159846));
#9592=CARTESIAN_POINT('',(46.5976776537516,-0.589570509487645,9.95103610159846));
#9593=CARTESIAN_POINT('',(46.5976776537516,-0.589570509487645,11.0760361015985));
#9594=CARTESIAN_POINT('',(46.5976776537516,-0.0900000000000006,9.95103610159846));
#9595=CARTESIAN_POINT('',(46.5976776537516,10.9972147452562,9.95103610159846));
#9596=CARTESIAN_POINT('',(46.5976776537516,-0.0900000000000006,26.5510361015985));
#9597=CARTESIAN_POINT('',(46.5976776537516,-0.0900000000000006,29.8010361015985));
#9598=CARTESIAN_POINT('',(46.5976776537516,7.28442949051236,26.5510361015985));
#9599=CARTESIAN_POINT('',(46.5976776537516,14.71,26.5510361015985));
#9600=CARTESIAN_POINT('',(46.5976776537516,7.28442949051236,28.3010361015985));
#9601=CARTESIAN_POINT('',(46.5976776537516,7.28442949051236,11.0760361015985));
#9602=CARTESIAN_POINT('',(46.5976776537516,-4.5,28.3010361015985));
#9603=CARTESIAN_POINT('',(46.5976776537516,14.71,28.3010361015985));
#9604=CARTESIAN_POINT('',(46.5976776537516,-4.5,-28.3489638984015));
#9605=CARTESIAN_POINT('',(46.5976776537516,-4.5,-3.64896389840153));
#9606=CARTESIAN_POINT('',(46.5976776537516,4.355,-28.3489638984015));
#9607=CARTESIAN_POINT('',(46.5976776537516,0.41,-25.5489638984015));
#9608=CARTESIAN_POINT('',(46.5976776537516,-0.29,-25.5489638984015));
#9609=CARTESIAN_POINT('',(46.5976776537516,0.41,-11.9489638984015));
#9610=CARTESIAN_POINT('',(46.5976776537516,0.41,29.8010361015985));
#9611=CARTESIAN_POINT('',(46.5976776537516,7.11021474525618,-11.9489638984015));
#9612=CARTESIAN_POINT('Origin',(46.5976776537516,7.28442949051236,9.95103610159846));
#9613=CARTESIAN_POINT('',(45.1976776537516,-0.589570509487645,9.95103610159846));
#9614=CARTESIAN_POINT('',(48.6979035896079,-0.589570509487645,9.95103610159846));
#9615=CARTESIAN_POINT('',(44.1976776537516,-1.58957050948764,9.95103610159846));
#9616=CARTESIAN_POINT('',(44.7226776537516,-1.06457050948765,9.95103610159846));
#9617=CARTESIAN_POINT('',(44.1976776537516,-0.0899999999999997,9.95103610159846));
#9618=CARTESIAN_POINT('',(44.1976776537516,3.39742949051236,9.95103610159846));
#9619=CARTESIAN_POINT('',(45.9976776537516,-0.0900000000000007,9.95103610159846));
#9620=CARTESIAN_POINT('Origin',(45.3976776537516,-0.0900000000000006,0.976036101598474));
#9621=CARTESIAN_POINT('',(44.1976776537516,-0.0900000000000006,26.5510361015985));
#9622=CARTESIAN_POINT('',(44.1976776537516,-0.0900000000000006,-27.8489638984015));
#9623=CARTESIAN_POINT('',(45.9976776537516,-0.0900000000000013,26.5510361015985));
#9624=CARTESIAN_POINT('Origin',(44.1976776537516,-0.489570509487645,-11.7489638984015));
#9625=CARTESIAN_POINT('',(44.1976776537516,-1.58957050948764,-11.9489638984015));
#9626=CARTESIAN_POINT('',(44.1976776537516,-1.58957050948764,9.02603610159847));
#9627=CARTESIAN_POINT('',(44.1976776537516,0.41,-11.9489638984015));
#9628=CARTESIAN_POINT('',(44.1976776537516,-0.489570509487645,-11.9489638984015));
#9629=CARTESIAN_POINT('',(44.1976776537516,0.41,-25.5489638984015));
#9630=CARTESIAN_POINT('',(44.1976776537516,0.41,-27.8489638984015));
#9631=CARTESIAN_POINT('',(44.1976776537516,17.31,-25.5489638984015));
#9632=CARTESIAN_POINT('',(44.1976776537516,-2.,-26.8489638984015));
#9633=CARTESIAN_POINT('',(44.1976776537516,-3.24478525474382,-26.8489638984015));
#9634=CARTESIAN_POINT('',(44.1976776537516,-2.,27.0510361015985));
#9635=CARTESIAN_POINT('',(44.1976776537516,-2.,-5.69896389840153));
#9636=CARTESIAN_POINT('',(44.1976776537516,7.28442949051236,27.0510361015985));
#9637=CARTESIAN_POINT('',(44.1976776537516,-3.24478525474382,27.0510361015985));
#9638=CARTESIAN_POINT('',(44.1976776537516,7.28442949051236,26.5510361015985));
#9639=CARTESIAN_POINT('',(44.1976776537516,7.28442949051236,9.02603610159847));
#9640=CARTESIAN_POINT('',(44.1976776537516,14.71,26.5510361015985));
#9641=CARTESIAN_POINT('',(44.1976776537516,-1.58957050948764,5.95103610159846));
#9642=CARTESIAN_POINT('',(44.1976776537516,-1.58957050948764,17.9760361015985));
#9643=CARTESIAN_POINT('',(44.1976776537516,0.41,5.95103610159846));
#9644=CARTESIAN_POINT('',(44.1976776537516,-0.489570509487645,5.95103610159846));
#9645=CARTESIAN_POINT('',(44.1976776537516,0.41,-27.8489638984015));
#9646=CARTESIAN_POINT('Origin',(45.3976776537516,0.41,0.976036101598474));
#9647=CARTESIAN_POINT('',(45.9976776537516,0.41,-11.9489638984015));
#9648=CARTESIAN_POINT('',(44.7976776537516,0.410000000000001,-25.5489638984015));
#9649=CARTESIAN_POINT('Origin',(45.3976776537516,0.41,0.976036101598474));
#9650=CARTESIAN_POINT('',(45.9976776537516,0.41,5.95103610159846));
#9651=CARTESIAN_POINT('Origin',(20.6981297638827,-4.5,-18.1489638984015));
#9652=CARTESIAN_POINT('',(23.1981297638827,-5.5,-18.1489638984015));
#9653=CARTESIAN_POINT('Origin',(20.6981297638827,-5.5,-18.1489638984015));
#9654=CARTESIAN_POINT('',(25.1981297638827,-3.49999999999999,-18.1489638984015));
#9655=CARTESIAN_POINT('',(24.1981297638827,-4.5,-18.1489638984015));
#9656=CARTESIAN_POINT('',(21.8344539424906,-3.5,-22.5031305650682));
#9657=CARTESIAN_POINT('Origin',(20.6981297638827,-3.5,-18.1489638984015));
#9658=CARTESIAN_POINT('',(19.5618055852748,-3.5,-22.5031305650682));
#9659=CARTESIAN_POINT('Ctrl Pts',(21.8344539424906,-3.49999999999999,-22.5031305650682));
#9660=CARTESIAN_POINT('Ctrl Pts',(21.8022477890127,-3.5296479035114,-22.4808946374346));
#9661=CARTESIAN_POINT('Ctrl Pts',(21.7693275780807,-3.55838439401503,-22.459562414091));
#9662=CARTESIAN_POINT('Ctrl Pts',(21.6029531038023,-3.69563535217294,-22.3585932712396));
#9663=CARTESIAN_POINT('Ctrl Pts',(21.4412896710953,-3.80325578470722,-22.2828647936157));
#9664=CARTESIAN_POINT('Ctrl Pts',(21.0843383705884,-3.95624195991903,-22.1778078957216));
#9665=CARTESIAN_POINT('Ctrl Pts',(20.8882213377984,-3.99999999999999,-22.1489638984015));
#9666=CARTESIAN_POINT('Ctrl Pts',(20.5080381899669,-3.99999999999999,-22.1489638984015));
#9667=CARTESIAN_POINT('Ctrl Pts',(20.3119211571769,-3.95624195991903,-22.1778078957216));
#9668=CARTESIAN_POINT('Ctrl Pts',(19.9549698566701,-3.80325578470722,-22.2828647936157));
#9669=CARTESIAN_POINT('Ctrl Pts',(19.793306423963,-3.69563535217294,-22.3585932712396));
#9670=CARTESIAN_POINT('Ctrl Pts',(19.6269319496846,-3.55838439401502,-22.459562414091));
#9671=CARTESIAN_POINT('Ctrl Pts',(19.5940117387527,-3.5296479035114,-22.4808946374346));
#9672=CARTESIAN_POINT('Ctrl Pts',(19.5618055852748,-3.49999999999999,-22.5031305650682));
#9673=CARTESIAN_POINT('Origin',(20.6981297638827,-3.5,-18.1489638984015));
#9674=CARTESIAN_POINT('Origin',(-37.3018702361173,-4.5,18.8510361015985));
#9675=CARTESIAN_POINT('',(-34.8018702361173,-5.5,18.8510361015985));
#9676=CARTESIAN_POINT('Origin',(-37.3018702361173,-5.5,18.8510361015985));
#9677=CARTESIAN_POINT('',(-32.8018702361172,-3.49999999999986,18.8510361015985));
#9678=CARTESIAN_POINT('',(-33.8018702361173,-4.5,18.8510361015985));
#9679=CARTESIAN_POINT('',(-38.4381944147253,-3.5,23.2052027682655));
#9680=CARTESIAN_POINT('Origin',(-37.3018702361173,-3.5,18.8510361015985));
#9681=CARTESIAN_POINT('',(-36.1655460575093,-3.5,23.2052027682655));
#9682=CARTESIAN_POINT('Ctrl Pts',(-38.4381944147254,-3.49999999999986,23.2052027682652));
#9683=CARTESIAN_POINT('Ctrl Pts',(-38.4059882612474,-3.52964790351132,23.1829668406316));
#9684=CARTESIAN_POINT('Ctrl Pts',(-38.3730680503154,-3.558384394015,23.161634617288));
#9685=CARTESIAN_POINT('Ctrl Pts',(-38.206693576037,-3.69563535217296,23.0606654744366));
#9686=CARTESIAN_POINT('Ctrl Pts',(-38.0450301433299,-3.80325578470725,22.9849369968126));
#9687=CARTESIAN_POINT('Ctrl Pts',(-37.688078842823,-3.95624195991905,22.8798800989185));
#9688=CARTESIAN_POINT('Ctrl Pts',(-37.4919618100331,-3.99999999999999,22.8510361015985));
#9689=CARTESIAN_POINT('Ctrl Pts',(-37.1117786622016,-3.99999999999999,22.8510361015985));
#9690=CARTESIAN_POINT('Ctrl Pts',(-36.9156616294116,-3.95624195991905,22.8798800989185));
#9691=CARTESIAN_POINT('Ctrl Pts',(-36.5587103289048,-3.80325578470725,22.9849369968126));
#9692=CARTESIAN_POINT('Ctrl Pts',(-36.3970468961977,-3.69563535217296,23.0606654744366));
#9693=CARTESIAN_POINT('Ctrl Pts',(-36.2306724219192,-3.558384394015,23.161634617288));
#9694=CARTESIAN_POINT('Ctrl Pts',(-36.1977522109872,-3.52964790351132,23.1829668406316));
#9695=CARTESIAN_POINT('Ctrl Pts',(-36.1655460575093,-3.49999999999987,23.2052027682652));
#9696=CARTESIAN_POINT('Origin',(-37.3018702361173,-3.5,18.8510361015985));
#9697=CARTESIAN_POINT('Origin',(-37.3018702361173,-5.5,18.8510361015985));
#9698=CARTESIAN_POINT('Origin',(20.6981297638827,-5.5,-18.1489638984015));
#9699=CARTESIAN_POINT('Origin',(-37.3018702361173,0.5,-24.1489638984015));
#9700=CARTESIAN_POINT('',(-38.4518702361173,0.5,-24.1489638984015));
#9701=CARTESIAN_POINT('Origin',(-37.3018702361173,0.5,-24.1489638984015));
#9702=CARTESIAN_POINT('Origin',(20.6981297638827,0.5,-24.1489638984015));
#9703=CARTESIAN_POINT('',(19.5481297638827,0.5,-24.1489638984015));
#9704=CARTESIAN_POINT('Origin',(20.6981297638827,0.5,-24.1489638984015));
#9705=CARTESIAN_POINT('Origin',(20.6981297638827,0.5,24.8510361015985));
#9706=CARTESIAN_POINT('',(19.5481297638827,0.5,24.8510361015985));
#9707=CARTESIAN_POINT('Origin',(20.6981297638827,0.5,24.8510361015985));
#9708=CARTESIAN_POINT('Origin',(-37.3018702361173,0.5,24.8510361015985));
#9709=CARTESIAN_POINT('',(-38.4518702361173,0.5,24.8510361015985));
#9710=CARTESIAN_POINT('Origin',(-37.3018702361173,0.5,24.8510361015985));
#9711=CARTESIAN_POINT('Origin',(-42.2089770173043,5.78442949051236,23.9523671547655));
#9712=CARTESIAN_POINT('',(-41.8554236267103,5.43087609991909,18.9825907818945));
#9713=CARTESIAN_POINT('',(-41.8554236267103,6.13798288110562,18.9825907818945));
#9714=CARTESIAN_POINT('Origin',(-42.2089770173043,5.78442949051236,18.6290373913015));
#9715=CARTESIAN_POINT('',(-41.8554236267103,6.13798288110562,22.6896975630805));
#9716=CARTESIAN_POINT('',(-41.8554236267103,6.13798288110562,23.9523671547655));
#9717=CARTESIAN_POINT('',(-41.8554236267103,5.43087609991909,22.6896975630805));
#9718=CARTESIAN_POINT('Origin',(-42.2089770173043,5.78442949051236,23.0432509536745));
#9719=CARTESIAN_POINT('',(-41.8554236267103,5.43087609991909,23.9523671547655));
#9720=CARTESIAN_POINT('Origin',(-42.5018702361173,5.03442949051236,18.3361441724875));
#9721=CARTESIAN_POINT('',(-43.0018702361173,4.28442949051236,17.8361441724875));
#9722=CARTESIAN_POINT('',(-41.6685369027843,5.6177628238457,19.1694775058205));
#9723=CARTESIAN_POINT('',(-43.5018702361173,4.28442949051236,17.3361441724875));
#9724=CARTESIAN_POINT('',(-41.2518702361173,4.28442949051236,19.5861441724875));
#9725=CARTESIAN_POINT('',(-43.5018702361173,-0.857785254743823,17.3361441724875));
#9726=CARTESIAN_POINT('',(-40.9631292420243,5.24568849641977,19.8748851665805));
#9727=CARTESIAN_POINT('Origin',(-42.2518702361173,5.03442949051236,22.5861441724875));
#9728=CARTESIAN_POINT('',(-43.0018702361173,4.28442949051236,23.8361441724875));
#9729=CARTESIAN_POINT('',(-42.0018702361173,5.28442949051236,22.8361441724875));
#9730=CARTESIAN_POINT('',(-43.0018702361173,4.28442949051236,22.5861441724875));
#9731=CARTESIAN_POINT('Origin',(-42.2089770173043,5.78442949051236,-3.29797796441254));
#9732=CARTESIAN_POINT('',(-41.8554236267103,5.43087609991909,-17.3512027103427));
#9733=CARTESIAN_POINT('',(-41.8554236267103,6.13798288110562,-17.3512027103427));
#9734=CARTESIAN_POINT('Origin',(-42.2089770173043,5.78442949051236,-17.704756100936));
#9735=CARTESIAN_POINT('',(-41.8554236267103,6.13798288110562,-13.6440959291561));
#9736=CARTESIAN_POINT('',(-41.8554236267103,6.13798288110562,-3.29797796441254));
#9737=CARTESIAN_POINT('',(-41.8554236267103,5.43087609991909,-13.6440959291561));
#9738=CARTESIAN_POINT('Origin',(-42.2089770173043,5.78442949051236,-13.2905425385629));
#9739=CARTESIAN_POINT('',(-41.8554236267103,5.43087609991909,-3.29797796441254));
#9740=CARTESIAN_POINT('Origin',(-42.5018702361173,5.03442949051236,-17.9976493197494));
#9741=CARTESIAN_POINT('',(-43.0018702361173,4.28442949051236,-18.4976493197494));
#9742=CARTESIAN_POINT('',(-41.6685369027843,5.6177628238457,-17.1643159864161));
#9743=CARTESIAN_POINT('',(-43.5018702361173,4.28442949051236,-18.9976493197494));
#9744=CARTESIAN_POINT('',(-41.2518702361173,4.28442949051236,-16.7476493197494));
#9745=CARTESIAN_POINT('',(-43.5018702361173,-0.857785254743823,-18.9976493197494));
#9746=CARTESIAN_POINT('',(-37.9353131176713,2.21787237206669,-13.4310922013038));
#9747=CARTESIAN_POINT('Origin',(-42.2518702361173,5.03442949051236,-13.7476493197494));
#9748=CARTESIAN_POINT('',(-43.0018702361173,4.28442949051236,-12.4976493197494));
#9749=CARTESIAN_POINT('',(-42.0018702361173,5.28442949051236,-13.4976493197494));
#9750=CARTESIAN_POINT('',(-43.0018702361173,4.28442949051236,-13.7476493197494));
#9751=CARTESIAN_POINT('Origin',(-42.5018702361173,6.53442949051236,-12.9976493197494));
#9752=CARTESIAN_POINT('',(-45.7350940212293,10.0176532756247,-9.76442553463713));
#9753=CARTESIAN_POINT('',(-43.5018702361173,4.28442949051236,-11.9976493197494));
#9754=CARTESIAN_POINT('',(-43.5018702361173,0.642214745256178,-11.9976493197494));
#9755=CARTESIAN_POINT('',(-43.0018702361173,4.28442949051236,-12.4976493197494));
#9756=CARTESIAN_POINT('Origin',(-42.5018702361173,6.53442949051236,23.3361441724875));
#9757=CARTESIAN_POINT('',(-42.7072778968763,6.98983715127159,23.5415518332465));
#9758=CARTESIAN_POINT('',(-43.5018702361173,4.28442949051236,24.3361441724875));
#9759=CARTESIAN_POINT('',(-43.5018702361173,0.642214745256178,24.3361441724875));
#9760=CARTESIAN_POINT('',(-43.0018702361173,4.28442949051236,23.8361441724875));
#9761=CARTESIAN_POINT('Origin',(-42.2518702361173,6.53442949051235,25.3185901370435));
#9762=CARTESIAN_POINT('Origin',(-42.2518702361173,6.53442949051235,7.15169339092448));
#9763=CARTESIAN_POINT('Origin',(-43.5018702361173,4.28442949051236,24.3361441724875));
#9764=CARTESIAN_POINT('',(-43.5018702361173,4.28442949051236,27.0685901370435));
#9765=CARTESIAN_POINT('Origin',(-43.5018702361173,-6.,29.8010361015985));
#9766=CARTESIAN_POINT('',(-43.5018702361173,-2.,27.0510361015985));
#9767=CARTESIAN_POINT('',(-43.5018702361173,-6.,27.0510361015985));
#9768=CARTESIAN_POINT('',(-43.5018702361173,-2.,6.85103610159848));
#9769=CARTESIAN_POINT('',(-43.5018702361173,-2.,15.0760361015985));
#9770=CARTESIAN_POINT('',(-43.5018702361173,0.0099999999999988,6.85103610159848));
#9771=CARTESIAN_POINT('',(-43.5018702361173,-3.,6.85103610159848));
#9772=CARTESIAN_POINT('',(-43.5018702361173,0.0099999999999988,-6.14896389840153));
#9773=CARTESIAN_POINT('',(-43.5018702361173,0.0099999999999988,18.3260361015985));
#9774=CARTESIAN_POINT('',(-43.5018702361173,-2.,-6.14896389840153));
#9775=CARTESIAN_POINT('',(-43.5018702361173,-3.,-6.14896389840153));
#9776=CARTESIAN_POINT('',(-43.5018702361173,-2.,-26.8489638984015));
#9777=CARTESIAN_POINT('',(-43.5018702361173,-2.,15.0760361015985));
#9778=CARTESIAN_POINT('',(-43.5018702361173,-6.,-26.8489638984015));
#9779=CARTESIAN_POINT('',(-43.5018702361173,4.28442949051236,8.90169339092447));
#9780=CARTESIAN_POINT('',(-43.5018702361173,4.52842712474619,8.94502796465646));
#9781=CARTESIAN_POINT('',(-43.5018702361173,-1.12842712474619,8.94502796465646));
#9782=CARTESIAN_POINT('Origin',(-43.5018702361173,1.7,9.94502796465646));
#9783=CARTESIAN_POINT('',(-43.5018702361173,-1.8,8.94502796465646));
#9784=CARTESIAN_POINT('',(-43.5018702361173,-3.5642135623731,8.94502796465646));
#9785=CARTESIAN_POINT('',(-43.5018702361173,-1.8,10.9450279646565));
#9786=CARTESIAN_POINT('',(-43.5018702361173,-1.8,19.3730320331275));
#9787=CARTESIAN_POINT('',(-43.5018702361173,-1.12842712474619,10.9450279646565));
#9788=CARTESIAN_POINT('',(-43.5018702361173,-3.9,10.9450279646565));
#9789=CARTESIAN_POINT('',(-43.5018702361173,1.7,12.9450279646565));
#9790=CARTESIAN_POINT('Origin',(-43.5018702361173,1.7,9.94502796465646));
#9791=CARTESIAN_POINT('',(-43.5018702361173,4.52842712474619,10.9450279646565));
#9792=CARTESIAN_POINT('Origin',(-43.5018702361173,1.7,9.94502796465646));
#9793=CARTESIAN_POINT('',(-43.5018702361173,5.2,10.9450279646565));
#9794=CARTESIAN_POINT('',(-43.5018702361173,-0.735786437626905,10.9450279646565));
#9795=CARTESIAN_POINT('',(-43.5018702361173,5.2,8.94502796465646));
#9796=CARTESIAN_POINT('',(-43.5018702361173,5.2,20.3730320331275));
#9797=CARTESIAN_POINT('',(-43.5018702361173,-0.4,8.94502796465646));
#9798=CARTESIAN_POINT('',(-43.5018702361173,0.510000000000001,14.1510361015985));
#9799=CARTESIAN_POINT('Origin',(-43.5018702361173,0.510000000000001,15.1510361015985));
#9800=CARTESIAN_POINT('Origin',(-43.5018702361173,4.28442949051236,-11.9976493197494));
#9801=CARTESIAN_POINT('Origin',(-42.0018702361173,-6.,-26.8489638984015));
#9802=CARTESIAN_POINT('Origin',(-42.0018702361173,-2.,-26.8489638984015));
#9803=CARTESIAN_POINT('Origin',(-42.0018702361173,-2.,15.0760361015985));
#9804=CARTESIAN_POINT('',(-42.0018702361173,-3.5,-26.8489638984015));
#9805=CARTESIAN_POINT('Origin',(-42.0018702361173,-2.,-26.8489638984015));
#9806=CARTESIAN_POINT('',(-42.0018702361173,-3.5,-6.14896389840153));
#9807=CARTESIAN_POINT('Origin',(-42.0018702361173,-2.,-6.14896389840153));
#9808=CARTESIAN_POINT('',(-42.0018702361173,-3.5,15.0760361015985));
#9809=CARTESIAN_POINT('Origin',(-42.0018702361173,-2.,-26.8489638984015));
#9810=CARTESIAN_POINT('Origin',(-42.0018702361173,-2.,-26.8489638984015));
#9811=CARTESIAN_POINT('Origin',(-19.4018702361173,-2.,-26.8489638984015));
#9812=CARTESIAN_POINT('',(42.6976776537516,-3.5,-26.8489638984015));
#9813=CARTESIAN_POINT('',(-19.4018702361173,-3.5,-26.8489638984015));
#9814=CARTESIAN_POINT('Origin',(42.6976776537516,-2.,-26.8489638984015));
#9815=CARTESIAN_POINT('Origin',(2.19812976388268,-3.5,0.351036101598474));
#9816=CARTESIAN_POINT('',(-37.3018702361173,-3.5,-6.14896389840153));
#9817=CARTESIAN_POINT('',(-41.0018702361173,-3.5,-6.14896389840153));
#9818=CARTESIAN_POINT('',(-37.3018702361173,-3.5,6.85103610159848));
#9819=CARTESIAN_POINT('',(-37.3018702361173,-3.5,-4.39896389840152));
#9820=CARTESIAN_POINT('',(-42.0018702361173,-3.5,6.85103610159848));
#9821=CARTESIAN_POINT('',(-41.5018702361173,-3.5,6.85103610159848));
#9822=CARTESIAN_POINT('',(-42.0018702361173,-3.5,27.0510361015985));
#9823=CARTESIAN_POINT('',(-42.0018702361173,-3.5,15.0760361015985));
#9824=CARTESIAN_POINT('',(42.6976776537516,-3.5,27.0510361015985));
#9825=CARTESIAN_POINT('',(23.1979037088172,-3.5,27.0510361015985));
#9826=CARTESIAN_POINT('',(42.6976776537516,-3.5,-5.69896389840153));
#9827=CARTESIAN_POINT('',(18.6981297638827,-3.5,-24.1489638984015));
#9828=CARTESIAN_POINT('Origin',(20.6981297638827,-3.5,-24.1489638984015));
#9829=CARTESIAN_POINT('Origin',(20.6981297638827,-3.5,-24.1489638984015));
#9830=CARTESIAN_POINT('',(-39.3018702361173,-3.5,24.8510361015985));
#9831=CARTESIAN_POINT('Origin',(-37.3018702361173,-3.5,24.8510361015985));
#9832=CARTESIAN_POINT('Origin',(-37.3018702361173,-3.5,24.8510361015985));
#9833=CARTESIAN_POINT('',(18.6981297638827,-3.5,24.8510361015985));
#9834=CARTESIAN_POINT('Origin',(20.6981297638827,-3.5,24.8510361015985));
#9835=CARTESIAN_POINT('',(-39.3018702361173,-3.5,-24.1489638984015));
#9836=CARTESIAN_POINT('Origin',(-37.3018702361173,-3.5,-24.1489638984015));
#9837=CARTESIAN_POINT('Origin',(-42.0018702361173,-2.,15.0760361015985));
#9838=CARTESIAN_POINT('Origin',(-42.0018702361173,-2.,27.0510361015985));
#9839=CARTESIAN_POINT('Origin',(-42.0018702361173,-2.,6.85103610159848));
#9840=CARTESIAN_POINT('Origin',(-42.0018702361173,-6.,27.0510361015985));
#9841=CARTESIAN_POINT('',(-42.0018702361173,-2.,28.5510361015985));
#9842=CARTESIAN_POINT('Origin',(-42.0018702361173,-2.,27.0510361015985));
#9843=CARTESIAN_POINT('',(-42.0018702361173,-6.,28.5510361015985));
#9844=CARTESIAN_POINT('Origin',(-42.0018702361173,-2.,27.0510361015985));
#9845=CARTESIAN_POINT('Origin',(-42.0018702361173,-2.,27.0510361015985));
#9846=CARTESIAN_POINT('Origin',(23.1979037088172,-2.,27.0510361015985));
#9847=CARTESIAN_POINT('',(42.6976776537516,-2.,28.5510361015985));
#9848=CARTESIAN_POINT('',(23.1979037088172,-2.,28.5510361015985));
#9849=CARTESIAN_POINT('Origin',(42.6976776537516,-2.,27.0510361015985));
#9850=CARTESIAN_POINT('Origin',(44.1976776537516,-6.,28.5510361015985));
#9851=CARTESIAN_POINT('',(-37.3700790856643,6.14337140492109,28.5510361015985));
#9852=CARTESIAN_POINT('Origin',(-39.7247202385483,4.28442949051235,28.5510361015985));
#9853=CARTESIAN_POINT('',(-34.5726585042493,2.60000000000002,28.5510354738008));
#9854=CARTESIAN_POINT('',(-17.3589190220332,-19.2038977257337,28.5510361015985));
#9855=CARTESIAN_POINT('',(-34.5726585042493,0.599999999999999,28.5510354738008));
#9856=CARTESIAN_POINT('',(-34.5726585042493,-0.400000000000001,28.5510348454305));
#9857=CARTESIAN_POINT('',(-33.5726585042493,-0.400000000000001,28.5510361015985));
#9858=CARTESIAN_POINT('Origin',(-33.5726585042493,0.599999999999999,28.5510361015985));
#9859=CARTESIAN_POINT('',(-25.634105134835,-0.400000000000001,28.5510361015985));
#9860=CARTESIAN_POINT('',(44.1976776537516,-0.400000000000001,28.5510361015985));
#9861=CARTESIAN_POINT('',(-24.634105134835,0.599999999999999,28.5510361015985));
#9862=CARTESIAN_POINT('Origin',(-25.634105134835,0.599999999999999,28.5510361015985));
#9863=CARTESIAN_POINT('',(-24.634105134835,2.6,28.5510361015985));
#9864=CARTESIAN_POINT('',(-24.634105134835,-0.400000000000001,28.5510361015985));
#9865=CARTESIAN_POINT('',(-18.5584312610574,2.6,28.5510361015985));
#9866=CARTESIAN_POINT('',(23.3228441848075,2.6,28.5510361015985));
#9867=CARTESIAN_POINT('',(-18.5584312610574,0.799999999999998,28.5510361015985));
#9868=CARTESIAN_POINT('',(-18.5584312610574,-0.400000000000001,28.5510361015985));
#9869=CARTESIAN_POINT('',(-17.3584312610574,-0.400000000000001,28.5510361015985));
#9870=CARTESIAN_POINT('',(-0.869404032355217,-16.8890272287023,28.5510361015985));
#9871=CARTESIAN_POINT('',(-12.2465235504329,-0.400000000000001,28.5510361015985));
#9872=CARTESIAN_POINT('',(44.1976776537516,-0.400000000000001,28.5510361015985));
#9873=CARTESIAN_POINT('',(-11.0465235504329,0.799999999999998,28.5510361015985));
#9874=CARTESIAN_POINT('',(0.764526750613177,12.6110503010461,28.5510361015985));
#9875=CARTESIAN_POINT('',(-11.0465235504329,2.6,28.5510361015985));
#9876=CARTESIAN_POINT('',(-11.0465235504329,-0.400000000000001,28.5510361015985));
#9877=CARTESIAN_POINT('',(-5.04720912193772,2.6,28.5510361015985));
#9878=CARTESIAN_POINT('',(23.3228441848075,2.6,28.5510361015985));
#9879=CARTESIAN_POINT('',(-5.04720912193772,0.799999999999998,28.5510361015985));
#9880=CARTESIAN_POINT('',(-5.04720912193772,-0.400000000000001,28.5510361015985));
#9881=CARTESIAN_POINT('',(-3.84720912193772,-0.400000000000001,28.5510361015985));
#9882=CARTESIAN_POINT('',(9.26401257198448,-13.5112216939223,28.5510361015985));
#9883=CARTESIAN_POINT('',(1.24801071586328,-0.400000000000001,28.5510361015985));
#9884=CARTESIAN_POINT('',(44.1976776537516,-0.400000000000001,28.5510361015985));
#9885=CARTESIAN_POINT('',(2.44801071586328,0.799999999999998,28.5510361015985));
#9886=CARTESIAN_POINT('',(10.8854274503353,9.23741673447207,28.5510361015985));
#9887=CARTESIAN_POINT('',(2.44801071586328,2.6,28.5510361015985));
#9888=CARTESIAN_POINT('',(2.44801071586328,-0.400000000000001,28.5510361015985));
#9889=CARTESIAN_POINT('',(12.8271974294691,6.61188395736016,28.5510361015985));
#9890=CARTESIAN_POINT('',(25.2229394261078,11.4032303150377,28.5510361015985));
#9891=CARTESIAN_POINT('',(16.4325536072803,7.28442949051236,28.5510361015985));
#9892=CARTESIAN_POINT('Origin',(16.4325536072803,-2.71557050948764,28.5510361015985));
#9893=CARTESIAN_POINT('',(42.6976776537516,7.28442949051236,28.5510361015985));
#9894=CARTESIAN_POINT('',(48.6979035896079,7.28442949051236,28.5510361015985));
#9895=CARTESIAN_POINT('',(42.6976776537516,-3.24478525474382,28.5510361015985));
#9896=CARTESIAN_POINT('',(18.6341975086471,5.2,28.5510361015985));
#9897=CARTESIAN_POINT('',(24.6341975086472,5.2,28.5510361015985));
#9898=CARTESIAN_POINT('',(31.4159375811994,5.2,28.5510361015985));
#9899=CARTESIAN_POINT('',(24.6341975086472,7.2,28.5510361015985));
#9900=CARTESIAN_POINT('',(24.6341975086472,-0.4,28.5510361015985));
#9901=CARTESIAN_POINT('',(18.6341975086471,7.2,28.5510361015985));
#9902=CARTESIAN_POINT('',(34.4159375811994,7.2,28.5510361015985));
#9903=CARTESIAN_POINT('',(18.6341975086471,0.599999999999999,28.5510361015985));
#9904=CARTESIAN_POINT('Origin',(-52.8509426692573,-1.04083408558608E-16,
-6.14896389840153));
#9905=CARTESIAN_POINT('',(-46.5018702361173,0.0099999999999988,-6.14896389840153));
#9906=CARTESIAN_POINT('',(-43.0018702361173,0.0099999999999988,-6.14896389840153));
#9907=CARTESIAN_POINT('',(-46.5018702361173,-4.5,-6.14896389840153));
#9908=CARTESIAN_POINT('',(-46.5018702361173,-3.,-6.14896389840153));
#9909=CARTESIAN_POINT('',(-45.0018702361173,-6.,-6.14896389840153));
#9910=CARTESIAN_POINT('Origin',(-45.0018702361173,-4.5,-6.14896389840153));
#9911=CARTESIAN_POINT('',(-37.3018702361173,-6.,-6.14896389840153));
#9912=CARTESIAN_POINT('',(-43.0018702361173,-6.,-6.14896389840153));
#9913=CARTESIAN_POINT('',(-37.3018702361173,-1.04083408558608E-16,-6.14896389840153));
#9914=CARTESIAN_POINT('Origin',(-44.5018702361173,1.7,9.94502796465646));
#9915=CARTESIAN_POINT('',(-44.5018702361173,-1.12842712474619,10.9450279646565));
#9916=CARTESIAN_POINT('',(-44.5018702361173,-1.12842712474619,8.94502796465646));
#9917=CARTESIAN_POINT('Origin',(-44.5018702361173,1.7,9.94502796465646));
#9918=CARTESIAN_POINT('',(-44.5018702361173,-1.8,10.9450279646565));
#9919=CARTESIAN_POINT('',(-44.5018702361173,-0.0500000000000004,10.9450279646565));
#9920=CARTESIAN_POINT('',(-44.5018702361173,-1.8,8.94502796465646));
#9921=CARTESIAN_POINT('',(-44.5018702361173,-1.8,9.44502796465647));
#9922=CARTESIAN_POINT('',(-44.5018702361173,0.285786437626903,8.94502796465646));
#9923=CARTESIAN_POINT('Origin',(-44.5018702361173,1.7,9.94502796465646));
#9924=CARTESIAN_POINT('',(-44.5018702361173,4.52842712474619,8.94502796465646));
#9925=CARTESIAN_POINT('',(-44.5018702361173,4.52842712474619,10.9450279646565));
#9926=CARTESIAN_POINT('Origin',(-44.5018702361173,1.7,9.94502796465646));
#9927=CARTESIAN_POINT('',(-44.5018702361173,5.2,8.94502796465646));
#9928=CARTESIAN_POINT('',(-44.5018702361173,3.45,8.94502796465646));
#9929=CARTESIAN_POINT('',(-44.5018702361173,5.2,10.9450279646565));
#9930=CARTESIAN_POINT('',(-44.5018702361173,5.2,10.4450279646565));
#9931=CARTESIAN_POINT('',(-44.5018702361173,3.1142135623731,10.9450279646565));
#9932=CARTESIAN_POINT('Origin',(-41.8018702361173,1.7,9.94502796465646));
#9933=CARTESIAN_POINT('',(-41.8018702361173,-1.12842712474619,10.9450279646565));
#9934=CARTESIAN_POINT('',(-41.8018702361173,-1.12842712474619,8.94502796465646));
#9935=CARTESIAN_POINT('',(-41.8018702361173,4.52842712474619,8.94502796465646));
#9936=CARTESIAN_POINT('',(-41.8018702361173,4.52842712474619,10.9450279646565));
#9937=CARTESIAN_POINT('',(-46.5018702361173,1.7,12.9450279646565));
#9938=CARTESIAN_POINT('',(-41.8018702361173,1.7,12.9450279646565));
#9939=CARTESIAN_POINT('Origin',(-46.5018702361173,1.7,9.94502796465646));
#9940=CARTESIAN_POINT('Origin',(-45.0018702361173,-4.5,-14.7489638984015));
#9941=CARTESIAN_POINT('',(-46.5018702361173,-4.5,6.85103610159848));
#9942=CARTESIAN_POINT('',(-45.0018702361173,-6.,6.85103610159848));
#9943=CARTESIAN_POINT('Origin',(-45.0018702361173,-4.5,6.85103610159848));
#9944=CARTESIAN_POINT('',(-45.0018702361173,-6.,28.3010361015985));
#9945=CARTESIAN_POINT('',(-45.0018702361173,-6.,-14.7489638984015));
#9946=CARTESIAN_POINT('',(-46.5018702361173,-4.5,28.3010361015985));
#9947=CARTESIAN_POINT('Origin',(-45.0018702361173,-4.5,28.3010361015985));
#9948=CARTESIAN_POINT('',(-46.5018702361173,-4.5,-14.7489638984015));
#9949=CARTESIAN_POINT('Origin',(-45.0018702361173,4.355,28.3010361015985));
#9950=CARTESIAN_POINT('',(-46.5018702361173,4.355,28.3010361015985));
#9951=CARTESIAN_POINT('',(-45.0018702361173,-4.5,29.8010361015985));
#9952=CARTESIAN_POINT('Origin',(-45.0018702361173,-4.5,28.3010361015985));
#9953=CARTESIAN_POINT('',(-45.0018702361173,4.355,29.8010361015985));
#9954=CARTESIAN_POINT('Origin',(-45.0018702361173,-4.5,28.3010361015985));
#9955=CARTESIAN_POINT('Origin',(-45.0018702361173,-4.5,28.3010361015985));
#9956=CARTESIAN_POINT('Origin',(-46.5018702361173,-6.,-29.8489638984015));
#9957=CARTESIAN_POINT('',(-46.5018702361173,-4.5,-28.3489638984015));
#9958=CARTESIAN_POINT('',(-46.5018702361173,-6.,-28.3489638984015));
#9959=CARTESIAN_POINT('',(-46.5018702361173,-4.5,-14.7489638984015));
#9960=CARTESIAN_POINT('',(-46.5018702361173,0.0099999999999988,6.85103610159848));
#9961=CARTESIAN_POINT('',(-46.5018702361173,0.0099999999999988,-11.4989638984015));
#9962=CARTESIAN_POINT('',(-46.5018702361173,-3.,6.85103610159848));
#9963=CARTESIAN_POINT('',(-46.5018702361173,0.510000000000001,14.1510361015985));
#9964=CARTESIAN_POINT('Origin',(-46.5018702361173,0.510000000000001,15.1510361015985));
#9965=CARTESIAN_POINT('Origin',(44.1976776537516,14.71,29.8010361015985));
#9966=CARTESIAN_POINT('',(45.0976776537516,-4.5,29.8010361015985));
#9967=CARTESIAN_POINT('',(23.1979037088172,-4.5,29.8010361015985));
#9968=CARTESIAN_POINT('',(45.0976776537516,7.28442949051236,29.8010361015985));
#9969=CARTESIAN_POINT('',(45.0976776537516,14.71,29.8010361015985));
#9970=CARTESIAN_POINT('',(16.4325536072803,7.28442949051236,29.8010361015985));
#9971=CARTESIAN_POINT('',(48.6979035896079,7.28442949051236,29.8010361015985));
#9972=CARTESIAN_POINT('',(12.8271974294691,6.61188395736016,29.8010361015985));
#9973=CARTESIAN_POINT('Origin',(16.4325536072803,-2.71557050948764,29.8010361015985));
#9974=CARTESIAN_POINT('',(2.44801071586328,2.6,29.8010361015985));
#9975=CARTESIAN_POINT('',(28.7052012089658,12.7492346376753,29.8010361015985));
#9976=CARTESIAN_POINT('',(2.44801071586328,0.799999999999998,29.8010361015985));
#9977=CARTESIAN_POINT('',(2.44801071586328,-0.400000000000001,29.8010361015985));
#9978=CARTESIAN_POINT('',(1.24801071586328,-0.400000000000001,29.8010361015985));
#9979=CARTESIAN_POINT('',(16.0629274503353,14.4149167344721,29.8010361015985));
#9980=CARTESIAN_POINT('',(-3.84720912193772,-0.400000000000001,29.8010361015985));
#9981=CARTESIAN_POINT('',(-41.0018702361173,-0.400000000000001,29.8010361015985));
#9982=CARTESIAN_POINT('',(-5.04720912193772,0.799999999999998,29.8010361015985));
#9983=CARTESIAN_POINT('',(4.08651257198457,-8.33372169392231,29.8010361015985));
#9984=CARTESIAN_POINT('',(-5.04720912193772,2.6,29.8010361015985));
#9985=CARTESIAN_POINT('',(-5.04720912193772,-0.400000000000001,29.8010361015985));
#9986=CARTESIAN_POINT('',(-11.0465235504329,2.6,29.8010361015985));
#9987=CARTESIAN_POINT('',(23.3228441848075,2.6,29.8010361015985));
#9988=CARTESIAN_POINT('',(-11.0465235504329,0.799999999999998,29.8010361015985));
#9989=CARTESIAN_POINT('',(-11.0465235504329,-0.400000000000001,29.8010361015985));
#9990=CARTESIAN_POINT('',(-12.2465235504329,-0.400000000000001,29.8010361015985));
#9991=CARTESIAN_POINT('',(5.94202675061318,17.7885503010462,29.8010361015985));
#9992=CARTESIAN_POINT('',(-17.3584312610574,-0.400000000000001,29.8010361015985));
#9993=CARTESIAN_POINT('',(-41.0018702361173,-0.400000000000001,29.8010361015985));
#9994=CARTESIAN_POINT('',(-18.5584312610574,0.799999999999998,29.8010361015985));
#9995=CARTESIAN_POINT('',(-6.04690403235523,-11.7115272287022,29.8010361015985));
#9996=CARTESIAN_POINT('',(-18.5584312610574,2.6,29.8010361015985));
#9997=CARTESIAN_POINT('',(-18.5584312610574,-0.400000000000001,29.8010361015985));
#9998=CARTESIAN_POINT('',(-24.634105134835,2.6,29.8010361015985));
#9999=CARTESIAN_POINT('',(23.3228441848075,2.6,29.8010361015985));
#10000=CARTESIAN_POINT('',(-24.634105134835,0.599999999999999,29.8010361015985));
#10001=CARTESIAN_POINT('',(-24.634105134835,-0.400000000000001,29.8010361015985));
#10002=CARTESIAN_POINT('',(-25.634105134835,-0.400000000000001,29.8010361015985));
#10003=CARTESIAN_POINT('Origin',(-25.634105134835,0.599999999999999,29.8010361015985));
#10004=CARTESIAN_POINT('',(-33.5726585042493,-0.400000000000001,29.8010361015985));
#10005=CARTESIAN_POINT('',(-41.0018702361173,-0.400000000000001,29.8010361015985));
#10006=CARTESIAN_POINT('',(-34.5726585042493,0.599999999999999,29.8010361015985));
#10007=CARTESIAN_POINT('Origin',(-33.5726585042493,0.599999999999999,29.8010361015985));
#10008=CARTESIAN_POINT('',(-34.5726585042493,2.6,29.8010361015985));
#10009=CARTESIAN_POINT('',(-34.5726585042493,-0.400000000000001,29.8010361015985));
#10010=CARTESIAN_POINT('',(-37.3700790856643,6.1433714049211,29.8010361015985));
#10011=CARTESIAN_POINT('',(-22.3950630694675,-12.824832336963,29.8010361015985));
#10012=CARTESIAN_POINT('Origin',(-39.7247202385483,4.28442949051235,29.8010361015985));
#10013=CARTESIAN_POINT('Origin',(-45.0018702361173,-6.,-28.3489638984015));
#10014=CARTESIAN_POINT('',(-45.0018702361173,-4.5,-29.8489638984015));
#10015=CARTESIAN_POINT('',(-45.0018702361173,-6.,-29.8489638984015));
#10016=CARTESIAN_POINT('Origin',(-45.0018702361173,-4.5,-28.3489638984015));
#10017=CARTESIAN_POINT('Origin',(-45.0018702361173,-4.5,-14.7489638984015));
#10018=CARTESIAN_POINT('',(-45.0018702361173,-6.,-28.3489638984015));
#10019=CARTESIAN_POINT('Origin',(-45.0018702361173,-4.5,-28.3489638984015));
#10020=CARTESIAN_POINT('',(-45.0018702361173,-6.,-14.7489638984015));
#10021=CARTESIAN_POINT('Origin',(-45.0018702361173,-4.5,-28.3489638984015));
#10022=CARTESIAN_POINT('Origin',(-45.0018702361173,-4.5,-28.3489638984015));
#10023=CARTESIAN_POINT('Origin',(2.19812976388268,-6.,0.351036101598474));
#10024=CARTESIAN_POINT('',(-37.3018702361173,-6.,6.85103610159848));
#10025=CARTESIAN_POINT('',(-43.0018702361173,-6.,6.85103610159848));
#10026=CARTESIAN_POINT('',(-37.3018702361173,-6.,-4.39896389840152));
#10027=CARTESIAN_POINT('',(45.0976776537516,-6.,-28.3489638984015));
#10028=CARTESIAN_POINT('',(24.3979037088172,-6.,-28.3489638984015));
#10029=CARTESIAN_POINT('',(45.0976776537516,-6.,28.3010361015985));
#10030=CARTESIAN_POINT('',(45.0976776537516,-6.,-3.64896389840153));
#10031=CARTESIAN_POINT('',(23.1979037088172,-6.,28.3010361015985));
#10032=CARTESIAN_POINT('Origin',(-37.3018702361173,-1.04083408558608E-16,
6.85103610159848));
#10033=CARTESIAN_POINT('',(-37.3018702361173,-1.04083408558608E-16,6.85103610159848));
#10034=CARTESIAN_POINT('',(-41.0018702361173,0.0099999999999988,6.85103610159848));
#10035=CARTESIAN_POINT('Origin',(23.1979037088172,-4.5,28.3010361015985));
#10036=CARTESIAN_POINT('Origin',(45.0976776537516,-4.5,28.3010361015985));
#10037=CARTESIAN_POINT('Origin',(24.3979037088172,-4.5,-28.3489638984015));
#10038=CARTESIAN_POINT('',(45.0976776537516,-4.5,-29.8489638984015));
#10039=CARTESIAN_POINT('',(24.3979037088172,-4.5,-29.8489638984015));
#10040=CARTESIAN_POINT('Origin',(45.0976776537516,-4.5,-28.3489638984015));
#10041=CARTESIAN_POINT('Origin',(46.5976776537516,-6.,-29.8489638984015));
#10042=CARTESIAN_POINT('',(45.0976776537516,4.355,-29.8489638984015));
#10043=CARTESIAN_POINT('Origin',(18.6364721580976,7.2,-27.8489638984015));
#10044=CARTESIAN_POINT('',(19.6364721580976,6.19999999999999,-26.8489638984015));
#10045=CARTESIAN_POINT('',(18.9698054914309,6.86666666666666,-27.5156305650682));
#10046=CARTESIAN_POINT('',(21.6364721580976,6.19999999999999,-26.8489638984015));
#10047=CARTESIAN_POINT('',(20.6364721580976,6.19999999999999,-26.8489638984015));
#10048=CARTESIAN_POINT('',(21.9698054914309,6.53333333333333,-27.1822972317348));
#10049=CARTESIAN_POINT('Origin',(18.6364721580976,5.2,-27.8489638984015));
#10050=CARTESIAN_POINT('',(19.3031388247643,5.86666666666667,-27.1822972317348));
#10051=CARTESIAN_POINT('Origin',(22.6364721580976,7.2,-27.8489638984015));
#10052=CARTESIAN_POINT('',(22.3031388247643,5.53333333333333,-27.5156305650682));
#10053=CARTESIAN_POINT('Origin',(42.6976776537516,-3.24478525474382,-26.8489638984015));
#10054=CARTESIAN_POINT('Origin',(42.6976776537516,-2.,-26.8489638984015));
#10055=CARTESIAN_POINT('Origin',(42.6976776537516,-2.,-26.8489638984015));
#10056=CARTESIAN_POINT('Origin',(42.6976776537516,-2.,-26.8489638984015));
#10057=CARTESIAN_POINT('Origin',(42.6976776537516,-2.,-5.69896389840153));
#10058=CARTESIAN_POINT('Origin',(42.6976776537516,-2.,27.0510361015985));
#10059=CARTESIAN_POINT('Origin',(45.0976776537516,-4.5,28.3010361015985));
#10060=CARTESIAN_POINT('Origin',(45.0976776537516,-4.5,28.3010361015985));
#10061=CARTESIAN_POINT('Origin',(45.0976776537516,-4.5,28.3010361015985));
#10062=CARTESIAN_POINT('Origin',(45.0976776537516,-4.5,-28.3489638984015));
#10063=CARTESIAN_POINT('Origin',(45.0976776537516,-4.5,-28.3489638984015));
#10064=CARTESIAN_POINT('Origin',(45.0976776537516,-4.5,-28.3489638984015));
#10065=CARTESIAN_POINT('Origin',(45.0976776537516,-4.5,-3.64896389840153));
#10066=CARTESIAN_POINT('Origin',(45.0976776537516,4.355,-28.3489638984015));
#10067=CARTESIAN_POINT('Origin',(45.0976776537516,14.71,28.3010361015985));
#10068=CARTESIAN_POINT('Origin',(45.0976776537516,7.28442949051236,28.3010361015985));
#10069=CARTESIAN_POINT('Origin',(42.6976776537516,-2.,27.0510361015985));
#10070=CARTESIAN_POINT('Origin',(42.6976776537516,-2.,27.0510361015985));
#10071=CARTESIAN_POINT('Origin',(42.6976776537516,-3.24478525474382,27.0510361015985));
#10072=CARTESIAN_POINT('Origin',(42.6976776537516,7.28442949051236,27.0510361015985));
#10073=CARTESIAN_POINT('Origin',(46.5976776537516,-0.489570509487645,-11.9489638984015));
#10074=CARTESIAN_POINT('',(45.1976776537516,-0.589570509487645,-11.9489638984015));
#10075=CARTESIAN_POINT('',(45.3226776537516,-0.464570509487647,-11.9489638984015));
#10076=CARTESIAN_POINT('',(49.8979035896079,-0.589570509487645,-11.9489638984015));
#10077=CARTESIAN_POINT('Origin',(46.5976776537516,-0.489570509487645,5.95103610159846));
#10078=CARTESIAN_POINT('',(45.1976776537516,-0.589570509487645,5.95103610159846));
#10079=CARTESIAN_POINT('',(45.3226776537516,-0.464570509487649,5.95103610159846));
#10080=CARTESIAN_POINT('',(49.8979035896079,-0.589570509487645,5.95103610159846));
#10081=CARTESIAN_POINT('Origin',(16.4325536072803,-2.71557050948764,29.1760361015985));
#10082=CARTESIAN_POINT('',(16.4325536072803,7.28442949051236,29.1760361015985));
#10083=CARTESIAN_POINT('',(12.8271974294691,6.61188395736016,29.1760361015985));
#10084=CARTESIAN_POINT('Origin',(53.1981295254641,7.28442949051236,29.8010361015985));
#10085=CARTESIAN_POINT('',(49.8979035896079,7.28442949051235,26.5510361015985));
#10086=CARTESIAN_POINT('Origin',(-39.7247202385483,4.28442949051235,29.1760361015985));
#10087=CARTESIAN_POINT('',(-37.3700790856643,6.1433714049211,29.1760361015985));
#10088=CARTESIAN_POINT('Origin',(-40.8018702361173,0.510000000000001,15.1510361015985));
#10089=CARTESIAN_POINT('',(-40.8018702361173,0.510000000000001,14.1510361015985));
#10090=CARTESIAN_POINT('Origin',(22.6364721580976,5.2,-27.8489638984015));
#10091=CARTESIAN_POINT('Origin',(18.6341975086471,5.2,28.5510361015985));
#10092=CARTESIAN_POINT('',(23.6341975086471,6.2,27.5510361015985));
#10093=CARTESIAN_POINT('',(23.6341975086472,6.2,27.5510361015985));
#10094=CARTESIAN_POINT('',(19.6341975086472,6.20000000000001,27.5510361015985));
#10095=CARTESIAN_POINT('',(18.9675308419805,5.53333333333333,28.2177027682655));
#10096=CARTESIAN_POINT('',(21.6341975086472,6.20000000000001,27.5510361015985));
#10097=CARTESIAN_POINT('Origin',(18.6341975086471,7.2,28.5510361015985));
#10098=CARTESIAN_POINT('',(19.6341975086472,6.2,27.5510361015985));
#10099=CARTESIAN_POINT('Origin',(24.6341975086472,7.2,28.5510361015985));
#10100=CARTESIAN_POINT('',(24.3008641753138,6.86666666666667,28.2177027682655));
#10101=CARTESIAN_POINT('Origin',(24.6341975086472,5.2,28.5510361015985));
#10102=CARTESIAN_POINT('Origin',(2.44801071586328,2.6,28.5510361015985));
#10103=CARTESIAN_POINT('',(-24.634105134835,2.6,28.8635361015985));
#10104=CARTESIAN_POINT('',(-18.5584312610574,2.6,29.1760361015985));
#10105=CARTESIAN_POINT('Origin',(2.44801071586328,2.6,28.5510361015985));
#10106=CARTESIAN_POINT('',(-5.04720912193772,2.6,29.1760361015985));
#10107=CARTESIAN_POINT('',(-11.0465235504329,2.6,28.5510361015985));
#10108=CARTESIAN_POINT('Origin',(14.5671469734189,7.28442949051236,28.5510361015985));
#10109=CARTESIAN_POINT('',(2.44801071586328,2.6,28.5510361015985));
#10110=CARTESIAN_POINT('Origin',(-34.5726585042493,2.6,28.5510361015985));
#10111=CARTESIAN_POINT('',(-34.5726585042493,2.6,29.4885361015985));
#10112=CARTESIAN_POINT('Origin',(-18.5584312610574,-0.400000000000001,29.8010361015985));
#10113=CARTESIAN_POINT('',(-18.5584312610574,0.799999999999998,29.4885361015985));
#10114=CARTESIAN_POINT('Origin',(-5.04720912193772,-0.400000000000001,29.8010361015985));
#10115=CARTESIAN_POINT('',(-5.04720912193772,0.799999999999998,29.4885361015985));
#10116=CARTESIAN_POINT('Origin',(-24.634105134835,-0.400000000000001,28.5510361015985));
#10117=CARTESIAN_POINT('',(-24.634105134835,0.599999999999999,28.8635361015985));
#10118=CARTESIAN_POINT('Origin',(-25.634105134835,0.599999999999999,28.8635361015985));
#10119=CARTESIAN_POINT('',(-25.634105134835,-0.400000000000001,28.8635361015985));
#10120=CARTESIAN_POINT('Origin',(-33.5726585042493,0.599999999999999,29.4885361015985));
#10121=CARTESIAN_POINT('',(-34.5726585042493,0.599999999999999,29.4885361015985));
#10122=CARTESIAN_POINT('',(-33.5726585042493,-0.400000000000001,29.4885361015985));
#10123=CARTESIAN_POINT('Origin',(-34.5726585042493,-0.400000000000001,29.8010361015985));
#10124=CARTESIAN_POINT('Origin',(-41.8018702361173,4.52842712474619,10.9450279646565));
#10125=CARTESIAN_POINT('',(-41.8018702361173,5.2,10.9450279646565));
#10126=CARTESIAN_POINT('Origin',(-41.8018702361173,5.2,10.9450279646565));
#10127=CARTESIAN_POINT('',(-41.8018702361173,5.2,8.94502796465646));
#10128=CARTESIAN_POINT('Origin',(-41.8018702361173,5.2,8.94502796465646));
#10129=CARTESIAN_POINT('Origin',(-41.8018702361173,-1.12842712474619,8.94502796465646));
#10130=CARTESIAN_POINT('',(-41.8018702361173,-1.8,8.94502796465646));
#10131=CARTESIAN_POINT('Origin',(-41.8018702361173,-1.8,8.94502796465646));
#10132=CARTESIAN_POINT('',(-41.8018702361173,-1.8,10.9450279646565));
#10133=CARTESIAN_POINT('Origin',(-41.8018702361173,-1.8,10.9450279646565));
#10134=CARTESIAN_POINT('Origin',(20.6981297638827,-1.04083408558608E-16,
24.8510361015985));
#10135=CARTESIAN_POINT('',(19.5481297638827,-1.5,24.8510361015985));
#10136=CARTESIAN_POINT('',(19.5481297638827,-1.04083408558608E-16,24.8510361015985));
#10137=CARTESIAN_POINT('Origin',(20.6981297638827,-1.5,24.8510361015985));
#10138=CARTESIAN_POINT('Origin',(20.6981297638827,-1.04083408558608E-16,
-24.1489638984015));
#10139=CARTESIAN_POINT('',(19.5481297638827,-1.5,-24.1489638984015));
#10140=CARTESIAN_POINT('',(19.5481297638827,-1.04083408558608E-16,-24.1489638984015));
#10141=CARTESIAN_POINT('Origin',(20.6981297638827,-1.5,-24.1489638984015));
#10142=CARTESIAN_POINT('Origin',(2.19812976388268,-1.5,0.351036101598474));
#10143=CARTESIAN_POINT('',(18.6981297638827,-1.5,-24.1489638984015));
#10144=CARTESIAN_POINT('Origin',(20.6981297638827,-1.5,-24.1489638984015));
#10145=CARTESIAN_POINT('Origin',(2.19812976388268,-1.5,0.351036101598474));
#10146=CARTESIAN_POINT('',(18.6981297638827,-1.5,24.8510361015985));
#10147=CARTESIAN_POINT('Origin',(20.6981297638827,-1.5,24.8510361015985));
#10148=CARTESIAN_POINT('Origin',(20.6981297638827,-1.04083408558608E-16,
-24.1489638984015));
#10149=CARTESIAN_POINT('',(18.6981297638827,-1.04083408558608E-16,-24.1489638984015));
#10150=CARTESIAN_POINT('Origin',(20.6981297638827,-1.04083408558608E-16,
24.8510361015985));
#10151=CARTESIAN_POINT('',(18.6981297638827,-1.04083408558608E-16,24.8510361015985));
#10152=CARTESIAN_POINT('Origin',(44.1976776537516,17.31,-25.5489638984015));
#10153=CARTESIAN_POINT('Origin',(1.59790370881717,-0.400000000000001,29.1760361015985));
#10154=CARTESIAN_POINT('',(-17.3584312610574,-0.400000000000001,29.4885361015985));
#10155=CARTESIAN_POINT('',(-12.2465235504329,-0.400000000000001,28.8635361015985));
#10156=CARTESIAN_POINT('Origin',(1.59790370881717,-0.400000000000001,29.1760361015985));
#10157=CARTESIAN_POINT('Origin',(1.59790370881717,-0.400000000000001,29.1760361015985));
#10158=CARTESIAN_POINT('',(1.24801071586328,-0.400000000000001,28.8635361015985));
#10159=CARTESIAN_POINT('',(-3.84720912193772,-0.400000000000001,29.4885361015985));
#10160=CARTESIAN_POINT('Origin',(-41.0018702361173,0.0099999999999988,6.85103610159848));
#10161=CARTESIAN_POINT('Origin',(-11.0465235504329,-0.400000000000001,28.5510361015985));
#10162=CARTESIAN_POINT('',(-11.0465235504329,0.799999999999998,28.8635361015985));
#10163=CARTESIAN_POINT('Origin',(-11.6465235504329,0.199999999999999,28.8635361015985));
#10164=CARTESIAN_POINT('Origin',(-17.9584312610574,0.199999999999999,29.4885361015985));
#10165=CARTESIAN_POINT('Origin',(-4.44720912193771,0.199999999999999,29.4885361015985));
#10166=CARTESIAN_POINT('Origin',(2.44801071586328,-0.400000000000001,28.5510361015985));
#10167=CARTESIAN_POINT('',(2.44801071586328,0.799999999999998,28.8635361015985));
#10168=CARTESIAN_POINT('Origin',(1.84801071586328,0.199999999999999,28.8635361015985));
#10169=CARTESIAN_POINT('Origin',(46.5976776537516,14.71,26.5510361015985));
#10170=CARTESIAN_POINT('Origin',(44.6976776537516,-1.08957050948764,17.9760361015985));
#10171=CARTESIAN_POINT('',(45.1976776537516,-0.589570509487645,17.9760361015985));
#10172=CARTESIAN_POINT('Origin',(53.1981295254641,-0.589570509487645,29.8010361015985));
#10173=CARTESIAN_POINT('Origin',(44.6976776537516,-1.08957050948764,9.02603610159847));
#10174=CARTESIAN_POINT('',(45.1976776537516,-0.589570509487645,9.02603610159847));
#10175=CARTESIAN_POINT('Origin',(53.1981295254641,-0.589570509487645,29.8010361015985));
#10176=CARTESIAN_POINT('Origin',(-37.3018702361173,-1.04083408558608E-16,
24.8510361015985));
#10177=CARTESIAN_POINT('',(-39.3018702361173,-1.5,24.8510361015985));
#10178=CARTESIAN_POINT('',(-39.3018702361173,-1.04083408558608E-16,24.8510361015985));
#10179=CARTESIAN_POINT('Origin',(-37.3018702361173,-1.5,24.8510361015985));
#10180=CARTESIAN_POINT('Origin',(-37.3018702361173,-1.04083408558608E-16,
-24.1489638984015));
#10181=CARTESIAN_POINT('',(-39.3018702361173,-1.5,-24.1489638984015));
#10182=CARTESIAN_POINT('',(-39.3018702361173,-1.04083408558608E-16,-24.1489638984015));
#10183=CARTESIAN_POINT('Origin',(-37.3018702361173,-1.5,-24.1489638984015));
#10184=CARTESIAN_POINT('Origin',(2.19812976388268,-1.5,0.351036101598474));
#10185=CARTESIAN_POINT('',(-38.4518702361173,-1.5,24.8510361015985));
#10186=CARTESIAN_POINT('Origin',(-37.3018702361173,-1.5,24.8510361015985));
#10187=CARTESIAN_POINT('Origin',(2.19812976388268,-1.5,0.351036101598474));
#10188=CARTESIAN_POINT('',(-38.4518702361173,-1.5,-24.1489638984015));
#10189=CARTESIAN_POINT('Origin',(-37.3018702361173,-1.5,-24.1489638984015));
#10190=CARTESIAN_POINT('Origin',(-37.3018702361173,-1.04083408558608E-16,
24.8510361015985));
#10191=CARTESIAN_POINT('',(-38.4518702361173,-1.04083408558608E-16,24.8510361015985));
#10192=CARTESIAN_POINT('Origin',(-37.3018702361173,-1.04083408558608E-16,
-24.1489638984015));
#10193=CARTESIAN_POINT('',(-38.4518702361173,-1.04083408558608E-16,-24.1489638984015));
#10194=CARTESIAN_POINT('Origin',(-37.3018702361173,-1.04083408558608E-16,
-9.14896389840152));
#10195=CARTESIAN_POINT('',(0.0154278443423372,0.1103881109773,0.077633985223482));
#10196=UNCERTAINTY_MEASURE_WITH_UNIT(LENGTH_MEASURE(0.01),#10202,
'DISTANCE_ACCURACY_VALUE',
'Maximum model space distance between geometric entities at asserted c
onnectivities');
#10197=UNCERTAINTY_MEASURE_WITH_UNIT(LENGTH_MEASURE(0.01),#10202,
'DISTANCE_ACCURACY_VALUE',
'Maximum model space distance between geometric entities at asserted c
onnectivities');
#10198=UNCERTAINTY_MEASURE_WITH_UNIT(LENGTH_MEASURE(0.01),#10202,
'DISTANCE_ACCURACY_VALUE',
'Maximum model space distance between geometric entities at asserted c
onnectivities');
#10199=(
GEOMETRIC_REPRESENTATION_CONTEXT(3)
GLOBAL_UNCERTAINTY_ASSIGNED_CONTEXT((#10196))
GLOBAL_UNIT_ASSIGNED_CONTEXT((#10202,#10204,#10205))
REPRESENTATION_CONTEXT('','3D')
);
#10200=(
GEOMETRIC_REPRESENTATION_CONTEXT(3)
GLOBAL_UNCERTAINTY_ASSIGNED_CONTEXT((#10197))
GLOBAL_UNIT_ASSIGNED_CONTEXT((#10202,#10204,#10205))
REPRESENTATION_CONTEXT('','3D')
);
#10201=(
GEOMETRIC_REPRESENTATION_CONTEXT(3)
GLOBAL_UNCERTAINTY_ASSIGNED_CONTEXT((#10198))
GLOBAL_UNIT_ASSIGNED_CONTEXT((#10202,#10204,#10205))
REPRESENTATION_CONTEXT('','3D')
);
#10202=(
LENGTH_UNIT()
NAMED_UNIT(*)
SI_UNIT(.MILLI.,.METRE.)
);
#10203=(
LENGTH_UNIT()
NAMED_UNIT(*)
SI_UNIT($,.METRE.)
);
#10204=(
NAMED_UNIT(*)
PLANE_ANGLE_UNIT()
SI_UNIT($,.RADIAN.)
);
#10205=(
NAMED_UNIT(*)
SI_UNIT($,.STERADIAN.)
SOLID_ANGLE_UNIT()
);
#10206=SHAPE_DEFINITION_REPRESENTATION(#10208,#10211);
#10207=SHAPE_DEFINITION_REPRESENTATION(#10209,#10212);
#10208=PRODUCT_DEFINITION_SHAPE('',$,#10214);
#10209=PRODUCT_DEFINITION_SHAPE('',$,#10215);
#10210=PRODUCT_DEFINITION_SHAPE($,$,#14);
#10211=SHAPE_REPRESENTATION('',(#6284,#6746),#10199);
#10212=SHAPE_REPRESENTATION('',(#6285),#10200);
#10213=PRODUCT_DEFINITION_CONTEXT('part definition',#10221,'design');
#10214=PRODUCT_DEFINITION('PiWu','Pi Bottom',#10216,#10213);
#10215=PRODUCT_DEFINITION('V2','V2',#10217,#10213);
#10216=PRODUCT_DEFINITION_FORMATION('',$,#10223);
#10217=PRODUCT_DEFINITION_FORMATION('',$,#10224);
#10218=PRODUCT_RELATED_PRODUCT_CATEGORY('Pi Bottom','Pi Bottom',(#10223));
#10219=PRODUCT_RELATED_PRODUCT_CATEGORY('V2','V2',(#10224));
#10220=APPLICATION_PROTOCOL_DEFINITION('international standard',
'automotive_design',2009,#10221);
#10221=APPLICATION_CONTEXT(
'Core Data for Automotive Mechanical Design Process');
#10222=PRODUCT_CONTEXT('part definition',#10221,'mechanical');
#10223=PRODUCT('PiWu','Pi Bottom',$,(#10222));
#10224=PRODUCT('V2','V2',$,(#10222));
#10225=PRESENTATION_STYLE_ASSIGNMENT((#10226));
#10226=SURFACE_STYLE_USAGE(.BOTH.,#10227);
#10227=SURFACE_SIDE_STYLE('',(#10228));
#10228=SURFACE_STYLE_FILL_AREA(#10229);
#10229=FILL_AREA_STYLE('Plastic - Matte (Blue)',(#10230));
#10230=FILL_AREA_STYLE_COLOUR('Plastic - Matte (Blue)',#10231);
#10231=COLOUR_RGB('Plastic - Matte (Blue)',0.192156862745098,0.345098039215686,
0.596078431372549);
ENDSEC;
END-ISO-10303-21;
