ISO-10303-21;
HEADER;
/* Generated by software containing ST-Developer
 * from STEP Tools, Inc. (www.steptools.com) 
 */

FILE_DESCRIPTION(
/* description */ (''),
/* implementation_level */ '2;1');

FILE_NAME(
/* name */ 'Pi Top.step',
/* time_stamp */ '2026-05-29T14:08:27+01:00',
/* author */ (''),
/* organization */ (''),
/* preprocessor_version */ 'ST-DEVELOPER v20.1',
/* originating_system */ 'Autodesk Translation Framework v15.8.0.0',
/* authorisation */ '');

FILE_SCHEMA (('AUTOMOTIVE_DESIGN { 1 0 10303 214 3 1 1 }'));
ENDSEC;

DATA;
#10=MECHANICAL_DESIGN_GEOMETRIC_PRESENTATION_REPRESENTATION('',(#17),#7708);
#11=ITEM_DEFINED_TRANSFORMATION($,$,#4414,#4647);
#12=(
REPRESENTATION_RELATIONSHIP($,$,#7719,#7718)
REPRESENTATION_RELATIONSHIP_WITH_TRANSFORMATION(#11)
SHAPE_REPRESENTATION_RELATIONSHIP()
);
#13=CONTEXT_DEPENDENT_SHAPE_REPRESENTATION(#12,#7717);
#14=NEXT_ASSEMBLY_USAGE_OCCURRENCE('V2:1','V2:1','V2:1',#7721,#7722,
'V2:1');
#15=SHAPE_REPRESENTATION_RELATIONSHIP('SRR','None',#7719,#16);
#16=ADVANCED_BREP_SHAPE_REPRESENTATION('',(#18),#7707);
#17=STYLED_ITEM('',(#7733),#18);
#18=MANIFOLD_SOLID_BREP('Pi Top',#4400);
#19=SPHERICAL_SURFACE('',#4502,1.5);
#20=SPHERICAL_SURFACE('',#4508,1.49999999999999);
#21=SPHERICAL_SURFACE('',#4513,1.5);
#22=SPHERICAL_SURFACE('',#4518,1.50000000000001);
#23=SPHERICAL_SURFACE('',#4559,1.5);
#24=SPHERICAL_SURFACE('',#4560,1.5);
#25=SPHERICAL_SURFACE('',#4565,1.5);
#26=SPHERICAL_SURFACE('',#4569,1.5);
#27=B_SPLINE_SURFACE_WITH_KNOTS('',3,1,((#6625,#6626),(#6627,#6628),(#6629,
#6630),(#6631,#6632)),.UNSPECIFIED.,.F.,.F.,.F.,(4,4),(2,2),(-1.,0.),(0.,
0.3),.UNSPECIFIED.);
#28=B_SPLINE_SURFACE_WITH_KNOTS('',3,1,((#6637,#6638),(#6639,#6640),(#6641,
#6642),(#6643,#6644)),.UNSPECIFIED.,.F.,.F.,.F.,(4,4),(2,2),(-1.,0.),(0.,
0.3),.UNSPECIFIED.);
#29=B_SPLINE_SURFACE_WITH_KNOTS('',3,1,((#6646,#6647),(#6648,#6649),(#6650,
#6651),(#6652,#6653)),.UNSPECIFIED.,.F.,.F.,.F.,(4,4),(2,2),(-1.,0.),(0.,
0.3),.UNSPECIFIED.);
#30=B_SPLINE_SURFACE_WITH_KNOTS('',3,1,((#6655,#6656),(#6657,#6658),(#6659,
#6660),(#6661,#6662)),.UNSPECIFIED.,.F.,.F.,.F.,(4,4),(2,2),(-1.,0.),(0.,
0.3),.UNSPECIFIED.);
#31=B_SPLINE_SURFACE_WITH_KNOTS('',3,1,((#6666,#6667),(#6668,#6669),(#6670,
#6671),(#6672,#6673)),.UNSPECIFIED.,.F.,.F.,.F.,(4,4),(2,2),(-1.,0.),(0.,
0.3),.UNSPECIFIED.);
#32=B_SPLINE_SURFACE_WITH_KNOTS('',3,1,((#6674,#6675),(#6676,#6677),(#6678,
#6679),(#6680,#6681)),.UNSPECIFIED.,.F.,.F.,.F.,(4,4),(2,2),(-1.,0.),(0.,
0.3),.UNSPECIFIED.);
#33=B_SPLINE_SURFACE_WITH_KNOTS('',3,1,((#6686,#6687),(#6688,#6689),(#6690,
#6691),(#6692,#6693)),.UNSPECIFIED.,.F.,.F.,.F.,(4,4),(2,2),(-1.,0.),(0.,
0.3),.UNSPECIFIED.);
#34=B_SPLINE_SURFACE_WITH_KNOTS('',3,1,((#6695,#6696),(#6697,#6698),(#6699,
#6700),(#6701,#6702)),.UNSPECIFIED.,.F.,.F.,.F.,(4,4),(2,2),(-1.,0.),(0.,
0.3),.UNSPECIFIED.);
#35=B_SPLINE_SURFACE_WITH_KNOTS('',3,1,((#6704,#6705),(#6706,#6707),(#6708,
#6709),(#6710,#6711)),.UNSPECIFIED.,.F.,.F.,.F.,(4,4),(2,2),(-1.,0.),(0.,
0.3),.UNSPECIFIED.);
#36=B_SPLINE_SURFACE_WITH_KNOTS('',3,1,((#6715,#6716),(#6717,#6718),(#6719,
#6720),(#6721,#6722)),.UNSPECIFIED.,.F.,.F.,.F.,(4,4),(2,2),(-1.,0.),(0.,
0.3),.UNSPECIFIED.);
#37=B_SPLINE_SURFACE_WITH_KNOTS('',3,1,((#6723,#6724),(#6725,#6726),(#6727,
#6728),(#6729,#6730)),.UNSPECIFIED.,.F.,.F.,.F.,(4,4),(2,2),(-1.,0.),(0.,
0.3),.UNSPECIFIED.);
#38=B_SPLINE_SURFACE_WITH_KNOTS('',3,1,((#6734,#6735),(#6736,#6737),(#6738,
#6739),(#6740,#6741)),.UNSPECIFIED.,.F.,.F.,.F.,(4,4),(2,2),(-1.,0.),(0.,
0.3),.UNSPECIFIED.);
#39=B_SPLINE_SURFACE_WITH_KNOTS('',3,1,((#6742,#6743),(#6744,#6745),(#6746,
#6747),(#6748,#6749)),.UNSPECIFIED.,.F.,.F.,.F.,(4,4),(2,2),(-1.,0.),(0.,
0.3),.UNSPECIFIED.);
#40=B_SPLINE_SURFACE_WITH_KNOTS('',3,1,((#6751,#6752),(#6753,#6754),(#6755,
#6756),(#6757,#6758)),.UNSPECIFIED.,.F.,.F.,.F.,(4,4),(2,2),(-1.,0.),(0.,
0.3),.UNSPECIFIED.);
#41=B_SPLINE_SURFACE_WITH_KNOTS('',3,1,((#6759,#6760),(#6761,#6762),(#6763,
#6764),(#6765,#6766)),.UNSPECIFIED.,.F.,.F.,.F.,(4,4),(2,2),(-1.,0.),(0.,
0.3),.UNSPECIFIED.);
#42=B_SPLINE_SURFACE_WITH_KNOTS('',3,1,((#6768,#6769),(#6770,#6771),(#6772,
#6773),(#6774,#6775)),.UNSPECIFIED.,.F.,.F.,.F.,(4,4),(2,2),(-1.,0.),(0.,
0.3),.UNSPECIFIED.);
#43=B_SPLINE_SURFACE_WITH_KNOTS('',3,1,((#6776,#6777),(#6778,#6779),(#6780,
#6781),(#6782,#6783)),.UNSPECIFIED.,.F.,.F.,.F.,(4,4),(2,2),(-1.,0.),(0.,
0.3),.UNSPECIFIED.);
#44=B_SPLINE_SURFACE_WITH_KNOTS('',3,1,((#6789,#6790),(#6791,#6792),(#6793,
#6794),(#6795,#6796)),.UNSPECIFIED.,.F.,.F.,.F.,(4,4),(2,2),(-1.,0.),(0.,
0.3),.UNSPECIFIED.);
#45=B_SPLINE_SURFACE_WITH_KNOTS('',3,1,((#6797,#6798),(#6799,#6800),(#6801,
#6802),(#6803,#6804)),.UNSPECIFIED.,.F.,.F.,.F.,(4,4),(2,2),(-1.,0.),(0.,
0.3),.UNSPECIFIED.);
#46=B_SPLINE_SURFACE_WITH_KNOTS('',3,1,((#6809,#6810),(#6811,#6812),(#6813,
#6814),(#6815,#6816)),.UNSPECIFIED.,.F.,.F.,.F.,(4,4),(2,2),(-1.,0.),(0.,
0.3),.UNSPECIFIED.);
#47=B_SPLINE_SURFACE_WITH_KNOTS('',3,1,((#6818,#6819),(#6820,#6821),(#6822,
#6823),(#6824,#6825)),.UNSPECIFIED.,.F.,.F.,.F.,(4,4),(2,2),(-1.,0.),(0.,
0.3),.UNSPECIFIED.);
#48=B_SPLINE_SURFACE_WITH_KNOTS('',3,1,((#6827,#6828),(#6829,#6830),(#6831,
#6832),(#6833,#6834)),.UNSPECIFIED.,.F.,.F.,.F.,(4,4),(2,2),(-1.,0.),(0.,
0.3),.UNSPECIFIED.);
#49=B_SPLINE_SURFACE_WITH_KNOTS('',3,1,((#6838,#6839),(#6840,#6841),(#6842,
#6843),(#6844,#6845)),.UNSPECIFIED.,.F.,.F.,.F.,(4,4),(2,2),(-1.,0.),(0.,
0.3),.UNSPECIFIED.);
#50=B_SPLINE_SURFACE_WITH_KNOTS('',3,1,((#6846,#6847),(#6848,#6849),(#6850,
#6851),(#6852,#6853)),.UNSPECIFIED.,.F.,.F.,.F.,(4,4),(2,2),(-1.,0.),(0.,
0.3),.UNSPECIFIED.);
#51=B_SPLINE_SURFACE_WITH_KNOTS('',2,1,((#6856,#6857),(#6858,#6859),(#6860,
#6861)),.UNSPECIFIED.,.F.,.F.,.F.,(3,3),(2,2),(-1.,0.),(0.,0.3),
 .UNSPECIFIED.);
#52=B_SPLINE_SURFACE_WITH_KNOTS('',3,1,((#6871,#6872),(#6873,#6874),(#6875,
#6876),(#6877,#6878)),.UNSPECIFIED.,.F.,.F.,.F.,(4,4),(2,2),(-1.,0.),(0.,
0.3),.UNSPECIFIED.);
#53=B_SPLINE_SURFACE_WITH_KNOTS('',3,1,((#6880,#6881),(#6882,#6883),(#6884,
#6885),(#6886,#6887)),.UNSPECIFIED.,.F.,.F.,.F.,(4,4),(2,2),(-1.,0.),(0.,
0.3),.UNSPECIFIED.);
#54=B_SPLINE_SURFACE_WITH_KNOTS('',3,1,((#6898,#6899),(#6900,#6901),(#6902,
#6903),(#6904,#6905)),.UNSPECIFIED.,.F.,.F.,.F.,(4,4),(2,2),(-1.,0.),(0.,
0.3),.UNSPECIFIED.);
#55=B_SPLINE_SURFACE_WITH_KNOTS('',3,1,((#6910,#6911),(#6912,#6913),(#6914,
#6915),(#6916,#6917)),.UNSPECIFIED.,.F.,.F.,.F.,(4,4),(2,2),(-1.,0.),(0.,
0.3),.UNSPECIFIED.);
#56=B_SPLINE_SURFACE_WITH_KNOTS('',3,1,((#6919,#6920),(#6921,#6922),(#6923,
#6924),(#6925,#6926)),.UNSPECIFIED.,.F.,.F.,.F.,(4,4),(2,2),(-1.,0.),(0.,
0.3),.UNSPECIFIED.);
#57=B_SPLINE_SURFACE_WITH_KNOTS('',3,1,((#6928,#6929),(#6930,#6931),(#6932,
#6933),(#6934,#6935)),.UNSPECIFIED.,.F.,.F.,.F.,(4,4),(2,2),(-1.,0.),(0.,
0.3),.UNSPECIFIED.);
#58=B_SPLINE_SURFACE_WITH_KNOTS('',3,1,((#6939,#6940),(#6941,#6942),(#6943,
#6944),(#6945,#6946)),.UNSPECIFIED.,.F.,.F.,.F.,(4,4),(2,2),(-1.,0.),(0.,
0.3),.UNSPECIFIED.);
#59=B_SPLINE_SURFACE_WITH_KNOTS('',3,1,((#6947,#6948),(#6949,#6950),(#6951,
#6952),(#6953,#6954)),.UNSPECIFIED.,.F.,.F.,.F.,(4,4),(2,2),(-1.,0.),(0.,
0.3),.UNSPECIFIED.);
#60=B_SPLINE_SURFACE_WITH_KNOTS('',3,1,((#6959,#6960),(#6961,#6962),(#6963,
#6964),(#6965,#6966)),.UNSPECIFIED.,.F.,.F.,.F.,(4,4),(2,2),(-1.,0.),(0.,
0.3),.UNSPECIFIED.);
#61=B_SPLINE_SURFACE_WITH_KNOTS('',3,1,((#6968,#6969),(#6970,#6971),(#6972,
#6973),(#6974,#6975)),.UNSPECIFIED.,.F.,.F.,.F.,(4,4),(2,2),(-1.,0.),(0.,
0.3),.UNSPECIFIED.);
#62=B_SPLINE_SURFACE_WITH_KNOTS('',3,1,((#6977,#6978),(#6979,#6980),(#6981,
#6982),(#6983,#6984)),.UNSPECIFIED.,.F.,.F.,.F.,(4,4),(2,2),(-1.,0.),(0.,
0.3),.UNSPECIFIED.);
#63=B_SPLINE_SURFACE_WITH_KNOTS('',3,1,((#6988,#6989),(#6990,#6991),(#6992,
#6993),(#6994,#6995)),.UNSPECIFIED.,.F.,.F.,.F.,(4,4),(2,2),(-1.,0.),(0.,
0.3),.UNSPECIFIED.);
#64=B_SPLINE_SURFACE_WITH_KNOTS('',3,1,((#6996,#6997),(#6998,#6999),(#7000,
#7001),(#7002,#7003)),.UNSPECIFIED.,.F.,.F.,.F.,(4,4),(2,2),(-1.,0.),(0.,
0.3),.UNSPECIFIED.);
#65=B_SPLINE_SURFACE_WITH_KNOTS('',3,1,((#7007,#7008),(#7009,#7010),(#7011,
#7012),(#7013,#7014)),.UNSPECIFIED.,.F.,.F.,.F.,(4,4),(2,2),(-1.,0.),(0.,
0.3),.UNSPECIFIED.);
#66=B_SPLINE_SURFACE_WITH_KNOTS('',3,1,((#7015,#7016),(#7017,#7018),(#7019,
#7020),(#7021,#7022)),.UNSPECIFIED.,.F.,.F.,.F.,(4,4),(2,2),(-1.,0.),(0.,
0.3),.UNSPECIFIED.);
#67=B_SPLINE_SURFACE_WITH_KNOTS('',3,1,((#7024,#7025),(#7026,#7027),(#7028,
#7029),(#7030,#7031)),.UNSPECIFIED.,.F.,.F.,.F.,(4,4),(2,2),(-1.,0.),(0.,
0.3),.UNSPECIFIED.);
#68=B_SPLINE_SURFACE_WITH_KNOTS('',3,1,((#7032,#7033),(#7034,#7035),(#7036,
#7037),(#7038,#7039)),.UNSPECIFIED.,.F.,.F.,.F.,(4,4),(2,2),(-1.,0.),(0.,
0.3),.UNSPECIFIED.);
#69=B_SPLINE_SURFACE_WITH_KNOTS('',3,1,((#7043,#7044),(#7045,#7046),(#7047,
#7048),(#7049,#7050)),.UNSPECIFIED.,.F.,.F.,.F.,(4,4),(2,2),(-1.,0.),(0.,
0.3),.UNSPECIFIED.);
#70=B_SPLINE_SURFACE_WITH_KNOTS('',3,1,((#7051,#7052),(#7053,#7054),(#7055,
#7056),(#7057,#7058)),.UNSPECIFIED.,.F.,.F.,.F.,(4,4),(2,2),(-1.,0.),(0.,
0.3),.UNSPECIFIED.);
#71=B_SPLINE_SURFACE_WITH_KNOTS('',3,1,((#7063,#7064),(#7065,#7066),(#7067,
#7068),(#7069,#7070)),.UNSPECIFIED.,.F.,.F.,.F.,(4,4),(2,2),(-1.,0.),(0.,
0.3),.UNSPECIFIED.);
#72=B_SPLINE_SURFACE_WITH_KNOTS('',3,1,((#7072,#7073),(#7074,#7075),(#7076,
#7077),(#7078,#7079)),.UNSPECIFIED.,.F.,.F.,.F.,(4,4),(2,2),(-1.,0.),(0.,
0.3),.UNSPECIFIED.);
#73=B_SPLINE_SURFACE_WITH_KNOTS('',3,1,((#7081,#7082),(#7083,#7084),(#7085,
#7086),(#7087,#7088)),.UNSPECIFIED.,.F.,.F.,.F.,(4,4),(2,2),(-1.,0.),(0.,
0.3),.UNSPECIFIED.);
#74=B_SPLINE_SURFACE_WITH_KNOTS('',3,1,((#7092,#7093),(#7094,#7095),(#7096,
#7097),(#7098,#7099)),.UNSPECIFIED.,.F.,.F.,.F.,(4,4),(2,2),(-1.,0.),(0.,
0.3),.UNSPECIFIED.);
#75=B_SPLINE_SURFACE_WITH_KNOTS('',3,1,((#7100,#7101),(#7102,#7103),(#7104,
#7105),(#7106,#7107)),.UNSPECIFIED.,.F.,.F.,.F.,(4,4),(2,2),(-1.,0.),(0.,
0.3),.UNSPECIFIED.);
#76=B_SPLINE_SURFACE_WITH_KNOTS('',3,1,((#7112,#7113),(#7114,#7115),(#7116,
#7117),(#7118,#7119)),.UNSPECIFIED.,.F.,.F.,.F.,(4,4),(2,2),(-1.,0.),(0.,
0.3),.UNSPECIFIED.);
#77=B_SPLINE_SURFACE_WITH_KNOTS('',3,1,((#7121,#7122),(#7123,#7124),(#7125,
#7126),(#7127,#7128)),.UNSPECIFIED.,.F.,.F.,.F.,(4,4),(2,2),(-1.,0.),(0.,
0.3),.UNSPECIFIED.);
#78=B_SPLINE_SURFACE_WITH_KNOTS('',3,1,((#7130,#7131),(#7132,#7133),(#7134,
#7135),(#7136,#7137)),.UNSPECIFIED.,.F.,.F.,.F.,(4,4),(2,2),(-1.,0.),(0.,
0.3),.UNSPECIFIED.);
#79=B_SPLINE_SURFACE_WITH_KNOTS('',3,1,((#7141,#7142),(#7143,#7144),(#7145,
#7146),(#7147,#7148)),.UNSPECIFIED.,.F.,.F.,.F.,(4,4),(2,2),(-1.,0.),(0.,
0.3),.UNSPECIFIED.);
#80=CYLINDRICAL_SURFACE('',#4433,1.5);
#81=CYLINDRICAL_SURFACE('',#4435,1.5);
#82=CYLINDRICAL_SURFACE('',#4441,1.5);
#83=CYLINDRICAL_SURFACE('',#4445,1.42049999999999);
#84=CYLINDRICAL_SURFACE('',#4447,1.42050000000001);
#85=CYLINDRICAL_SURFACE('',#4449,1.42049999999999);
#86=CYLINDRICAL_SURFACE('',#4451,1.42049999999999);
#87=CYLINDRICAL_SURFACE('',#4453,1.4205);
#88=CYLINDRICAL_SURFACE('',#4455,1.42049999999999);
#89=CYLINDRICAL_SURFACE('',#4457,1.4205);
#90=CYLINDRICAL_SURFACE('',#4506,1.5);
#91=CYLINDRICAL_SURFACE('',#4511,1.5);
#92=CYLINDRICAL_SURFACE('',#4517,1.5);
#93=CYLINDRICAL_SURFACE('',#4522,1.5);
#94=CYLINDRICAL_SURFACE('',#4523,1.5);
#95=CYLINDRICAL_SURFACE('',#4525,1.5);
#96=CYLINDRICAL_SURFACE('',#4526,1.5);
#97=CYLINDRICAL_SURFACE('',#4528,1.5);
#98=CYLINDRICAL_SURFACE('',#4552,1.5);
#99=CYLINDRICAL_SURFACE('',#4554,1.5);
#100=CYLINDRICAL_SURFACE('',#4557,1.5);
#101=CYLINDRICAL_SURFACE('',#4563,1.5);
#102=CYLINDRICAL_SURFACE('',#4568,1.5);
#103=CYLINDRICAL_SURFACE('',#4572,1.5);
#104=CYLINDRICAL_SURFACE('',#4573,1.5);
#105=CYLINDRICAL_SURFACE('',#4586,10.);
#106=CYLINDRICAL_SURFACE('',#4587,3.);
#107=CYLINDRICAL_SURFACE('',#4606,1.);
#108=CYLINDRICAL_SURFACE('',#4607,1.);
#109=B_SPLINE_CURVE_WITH_KNOTS('',3,(#5656,#5657,#5658,#5659),
 .UNSPECIFIED.,.F.,.F.,(4,4),(0.,0.110629521662404),.UNSPECIFIED.);
#110=B_SPLINE_CURVE_WITH_KNOTS('',3,(#5661,#5662,#5663,#5664),
 .UNSPECIFIED.,.F.,.F.,(4,4),(0.,0.225068467840219),.UNSPECIFIED.);
#111=B_SPLINE_CURVE_WITH_KNOTS('',3,(#5668,#5669,#5670,#5671),
 .UNSPECIFIED.,.F.,.F.,(4,4),(0.,0.225068467840128),.UNSPECIFIED.);
#112=B_SPLINE_CURVE_WITH_KNOTS('',3,(#5673,#5674,#5675,#5676),
 .UNSPECIFIED.,.F.,.F.,(4,4),(0.,0.22506850275393),.UNSPECIFIED.);
#113=B_SPLINE_CURVE_WITH_KNOTS('',3,(#5679,#5680,#5681,#5682),
 .UNSPECIFIED.,.F.,.F.,(4,4),(0.,0.114680934505965),.UNSPECIFIED.);
#114=B_SPLINE_CURVE_WITH_KNOTS('',3,(#5685,#5686,#5687,#5688),
 .UNSPECIFIED.,.F.,.F.,(4,4),(0.,0.110629606713205),.UNSPECIFIED.);
#115=B_SPLINE_CURVE_WITH_KNOTS('',3,(#5690,#5691,#5692,#5693),
 .UNSPECIFIED.,.F.,.F.,(4,4),(0.,0.225068505820818),.UNSPECIFIED.);
#116=B_SPLINE_CURVE_WITH_KNOTS('',3,(#5697,#5698,#5699,#5700),
 .UNSPECIFIED.,.F.,.F.,(4,4),(0.,0.225068505820721),.UNSPECIFIED.);
#117=B_SPLINE_CURVE_WITH_KNOTS('',3,(#5702,#5703,#5704,#5705),
 .UNSPECIFIED.,.F.,.F.,(4,4),(0.,0.22506871121782),.UNSPECIFIED.);
#118=B_SPLINE_CURVE_WITH_KNOTS('',3,(#5708,#5709,#5710,#5711),
 .UNSPECIFIED.,.F.,.F.,(4,4),(0.,0.109879328446998),.UNSPECIFIED.);
#119=B_SPLINE_CURVE_WITH_KNOTS('',3,(#5714,#5715,#5716,#5717),
 .UNSPECIFIED.,.F.,.F.,(4,4),(0.,0.110629634335309),.UNSPECIFIED.);
#120=B_SPLINE_CURVE_WITH_KNOTS('',3,(#5719,#5720,#5721,#5722),
 .UNSPECIFIED.,.F.,.F.,(4,4),(0.,0.225068491987619),.UNSPECIFIED.);
#121=B_SPLINE_CURVE_WITH_KNOTS('',3,(#5726,#5727,#5728,#5729),
 .UNSPECIFIED.,.F.,.F.,(4,4),(0.,0.225068491987719),.UNSPECIFIED.);
#122=B_SPLINE_CURVE_WITH_KNOTS('',3,(#5731,#5732,#5733,#5734),
 .UNSPECIFIED.,.F.,.F.,(4,4),(0.,0.225068724086033),.UNSPECIFIED.);
#123=B_SPLINE_CURVE_WITH_KNOTS('',3,(#5737,#5738,#5739,#5740,#5741,#5742,
#5743,#5744,#5745,#5746,#5747,#5748,#5749,#5750,#5751,#5752,#5753,#5754,
#5755,#5756,#5757,#5758,#5759,#5760,#5761),.UNSPECIFIED.,.F.,.F.,(4,3,3,
3,3,3,3,3,4),(0.,0.0192723819145463,0.0381283568130053,0.0470972168331936,
0.0505634959590289,0.0523483402444239,0.081113788609468,0.107395924750083,
0.109879236974512),.UNSPECIFIED.);
#124=B_SPLINE_CURVE_WITH_KNOTS('',3,(#5764,#5765,#5766,#5767),
 .UNSPECIFIED.,.F.,.F.,(4,4),(0.,0.110629609608996),.UNSPECIFIED.);
#125=B_SPLINE_CURVE_WITH_KNOTS('',3,(#5769,#5770,#5771,#5772),
 .UNSPECIFIED.,.F.,.F.,(4,4),(0.,0.225068582857753),.UNSPECIFIED.);
#126=B_SPLINE_CURVE_WITH_KNOTS('',3,(#5776,#5777,#5778,#5779),
 .UNSPECIFIED.,.F.,.F.,(4,4),(0.,0.225068582857669),.UNSPECIFIED.);
#127=B_SPLINE_CURVE_WITH_KNOTS('',3,(#5781,#5782,#5783,#5784),
 .UNSPECIFIED.,.F.,.F.,(4,4),(0.,0.225068502754142),.UNSPECIFIED.);
#128=B_SPLINE_CURVE_WITH_KNOTS('',3,(#5787,#5788,#5789,#5790,#5791,#5792,
#5793,#5794,#5795,#5796,#5797,#5798,#5799,#5800,#5801,#5802,#5803,#5804,
#5805,#5806,#5807,#5808),.UNSPECIFIED.,.F.,.F.,(4,3,3,3,3,3,3,4),(0.,0.0189372654379498,
0.0372851244408438,0.0557264224810091,0.0588383739867973,0.0821033751406851,
0.104687614241505,0.111050316601505),.UNSPECIFIED.);
#129=B_SPLINE_CURVE_WITH_KNOTS('',3,(#5811,#5812,#5813,#5814),
 .UNSPECIFIED.,.F.,.F.,(4,4),(0.,0.0971415125526167),.UNSPECIFIED.);
#130=B_SPLINE_CURVE_WITH_KNOTS('',3,(#5816,#5817,#5818,#5819),
 .UNSPECIFIED.,.F.,.F.,(4,4),(0.,0.092728271218244),.UNSPECIFIED.);
#131=B_SPLINE_CURVE_WITH_KNOTS('',3,(#5831,#5832,#5833,#5834),
 .UNSPECIFIED.,.F.,.F.,(4,4),(0.,0.357076853145323),.UNSPECIFIED.);
#132=B_SPLINE_CURVE_WITH_KNOTS('',3,(#5836,#5837,#5838,#5839),
 .UNSPECIFIED.,.F.,.F.,(4,4),(0.,0.264361284560953),.UNSPECIFIED.);
#133=B_SPLINE_CURVE_WITH_KNOTS('',3,(#5849,#5850,#5851,#5852),
 .UNSPECIFIED.,.F.,.F.,(4,4),(0.,0.110629521662404),.UNSPECIFIED.);
#134=B_SPLINE_CURVE_WITH_KNOTS('',3,(#5854,#5855,#5856,#5857),
 .UNSPECIFIED.,.F.,.F.,(4,4),(0.,0.225068467840306),.UNSPECIFIED.);
#135=B_SPLINE_CURVE_WITH_KNOTS('',3,(#5861,#5862,#5863,#5864),
 .UNSPECIFIED.,.F.,.F.,(4,4),(0.,0.22506846784016),.UNSPECIFIED.);
#136=B_SPLINE_CURVE_WITH_KNOTS('',3,(#5866,#5867,#5868,#5869),
 .UNSPECIFIED.,.F.,.F.,(4,4),(0.,0.22506850275411),.UNSPECIFIED.);
#137=B_SPLINE_CURVE_WITH_KNOTS('',3,(#5872,#5873,#5874,#5875),
 .UNSPECIFIED.,.F.,.F.,(4,4),(0.,0.114680878568943),.UNSPECIFIED.);
#138=B_SPLINE_CURVE_WITH_KNOTS('',3,(#5878,#5879,#5880,#5881),
 .UNSPECIFIED.,.F.,.F.,(4,4),(0.,0.110629634335439),.UNSPECIFIED.);
#139=B_SPLINE_CURVE_WITH_KNOTS('',3,(#5883,#5884,#5885,#5886),
 .UNSPECIFIED.,.F.,.F.,(4,4),(0.,0.225068467840238),.UNSPECIFIED.);
#140=B_SPLINE_CURVE_WITH_KNOTS('',3,(#5890,#5891,#5892,#5893),
 .UNSPECIFIED.,.F.,.F.,(4,4),(0.,0.225068467840136),.UNSPECIFIED.);
#141=B_SPLINE_CURVE_WITH_KNOTS('',3,(#5895,#5896,#5897,#5898,#5899,#5900,
#5901,#5902,#5903,#5904,#5905,#5906,#5907,#5908,#5909,#5910,#5911,#5912,
#5913,#5914,#5915,#5916,#5917,#5918,#5919,#5920,#5921,#5922,#5923,#5924,
#5925,#5926,#5927,#5928,#5929,#5930,#5931,#5932,#5933,#5934,#5935,#5936,
#5937,#5938,#5939,#5940,#5941,#5942,#5943,#5944,#5945,#5946,#5947,#5948,
#5949),.UNSPECIFIED.,.F.,.F.,(4,3,3,3,3,3,3,3,3,3,3,3,3,3,3,3,3,3,4),(0.,
0.0196675972141935,0.0386328387505652,0.0502850815840303,0.0568504117383931,
0.0591000893684013,0.0837441854413641,0.101409752771944,0.109463519301988,
0.112245734163787,0.136654529295559,0.158758077993171,0.166043755446064,
0.168667589220285,0.182767872936716,0.194812764958189,0.197993173524411,
0.216639404239242,0.225068724086007),.UNSPECIFIED.);
#142=B_SPLINE_CURVE_WITH_KNOTS('',3,(#5952,#5953,#5954,#5955,#5956,#5957),
 .UNSPECIFIED.,.F.,.F.,(4,2,4),(0.,0.0573178659347863,0.114681109267448),
 .UNSPECIFIED.);
#143=B_SPLINE_CURVE_WITH_KNOTS('',3,(#5960,#5961,#5962,#5963),
 .UNSPECIFIED.,.F.,.F.,(4,4),(0.,0.110629609609102),.UNSPECIFIED.);
#144=B_SPLINE_CURVE_WITH_KNOTS('',3,(#5965,#5966,#5967,#5968),
 .UNSPECIFIED.,.F.,.F.,(4,4),(0.,0.2250685841747),.UNSPECIFIED.);
#145=B_SPLINE_CURVE_WITH_KNOTS('',3,(#5972,#5973,#5974,#5975),
 .UNSPECIFIED.,.F.,.F.,(4,4),(0.,0.225068531385816),.UNSPECIFIED.);
#146=B_SPLINE_CURVE_WITH_KNOTS('',3,(#5977,#5978,#5979,#5980),
 .UNSPECIFIED.,.F.,.F.,(4,4),(0.,0.225068502754062),.UNSPECIFIED.);
#147=B_SPLINE_CURVE_WITH_KNOTS('',3,(#5983,#5984,#5985,#5986,#5987,#5988,
#5989,#5990,#5991,#5992,#5993,#5994,#5995,#5996,#5997,#5998,#5999,#6000,
#6001,#6002,#6003,#6004),.UNSPECIFIED.,.F.,.F.,(4,3,3,3,3,3,3,4),(0.,0.0189372654387082,
0.0372851244423432,0.0557264224821336,0.0588383739879642,0.0821033751418399,
0.104687614243145,0.111050316601505),.UNSPECIFIED.);
#148=B_SPLINE_CURVE_WITH_KNOTS('',3,(#6019,#6020,#6021,#6022),
 .UNSPECIFIED.,.F.,.F.,(4,4),(0.,0.225068450487885),.UNSPECIFIED.);
#149=B_SPLINE_CURVE_WITH_KNOTS('',3,(#6023,#6024,#6025,#6026),
 .UNSPECIFIED.,.F.,.F.,(4,4),(0.,0.225068647672381),.UNSPECIFIED.);
#150=B_SPLINE_CURVE_WITH_KNOTS('',3,(#6031,#6032,#6033,#6034),
 .UNSPECIFIED.,.F.,.F.,(4,4),(0.,0.225068450488046),.UNSPECIFIED.);
#151=B_SPLINE_CURVE_WITH_KNOTS('',3,(#6036,#6037,#6038,#6039),
 .UNSPECIFIED.,.F.,.F.,(4,4),(0.,0.225068647672735),.UNSPECIFIED.);
#152=B_SPLINE_CURVE_WITH_KNOTS('',3,(#6051,#6052,#6053,#6054),
 .UNSPECIFIED.,.F.,.F.,(4,4),(0.,0.225068450487849),.UNSPECIFIED.);
#153=B_SPLINE_CURVE_WITH_KNOTS('',3,(#6055,#6056,#6057,#6058,#6059,#6060,
#6061,#6062,#6063,#6064,#6065,#6066,#6067,#6068,#6069,#6070,#6071,#6072,
#6073,#6074,#6075,#6076,#6077,#6078,#6079,#6080,#6081,#6082,#6083,#6084,
#6085,#6086,#6087,#6088,#6089,#6090,#6091,#6092,#6093,#6094,#6095,#6096,
#6097,#6098,#6099,#6100,#6101,#6102,#6103,#6104,#6105,#6106,#6107,#6108,
#6109),.UNSPECIFIED.,.F.,.F.,(4,3,3,3,3,3,3,3,3,3,3,3,3,3,3,3,3,3,4),(0.,
0.0196675868708741,0.0386328178620342,0.0502850572251945,0.056850427437139,
0.0591000892871858,0.0837441778444024,0.101409736572927,0.109463575358178,
0.112245761010152,0.136654561044123,0.158758082701242,0.166043647147244,
0.168667493944534,0.18276778237655,0.194812706329831,0.197993176762413,
0.21663940078206,0.225068647672598),.UNSPECIFIED.);
#154=B_SPLINE_CURVE_WITH_KNOTS('',3,(#6114,#6115,#6116,#6117),
 .UNSPECIFIED.,.F.,.F.,(4,4),(0.,0.225068450487984),.UNSPECIFIED.);
#155=B_SPLINE_CURVE_WITH_KNOTS('',3,(#6119,#6120,#6121,#6122),
 .UNSPECIFIED.,.F.,.F.,(4,4),(0.,0.225068647672838),.UNSPECIFIED.);
#156=B_SPLINE_CURVE_WITH_KNOTS('',3,(#6134,#6135,#6136,#6137),
 .UNSPECIFIED.,.F.,.F.,(4,4),(0.,0.225068450488132),.UNSPECIFIED.);
#157=B_SPLINE_CURVE_WITH_KNOTS('',3,(#6138,#6139,#6140,#6141),
 .UNSPECIFIED.,.F.,.F.,(4,4),(0.,0.225068647672419),.UNSPECIFIED.);
#158=B_SPLINE_CURVE_WITH_KNOTS('',3,(#6146,#6147,#6148,#6149),
 .UNSPECIFIED.,.F.,.F.,(4,4),(0.,0.225068450487902),.UNSPECIFIED.);
#159=B_SPLINE_CURVE_WITH_KNOTS('',3,(#6151,#6152,#6153,#6154),
 .UNSPECIFIED.,.F.,.F.,(4,4),(0.,0.22506864767242),.UNSPECIFIED.);
#160=B_SPLINE_CURVE_WITH_KNOTS('',3,(#6162,#6163,#6164,#6165),
 .UNSPECIFIED.,.F.,.F.,(4,4),(0.,0.225068450487765),.UNSPECIFIED.);
#161=B_SPLINE_CURVE_WITH_KNOTS('',3,(#6167,#6168,#6169,#6170),
 .UNSPECIFIED.,.F.,.F.,(4,4),(0.,0.225068762689989),.UNSPECIFIED.);
#162=B_SPLINE_CURVE_WITH_KNOTS('',3,(#6306,#6307,#6308,#6309),
 .UNSPECIFIED.,.F.,.F.,(4,4),(-1.,0.),.UNSPECIFIED.);
#163=B_SPLINE_CURVE_WITH_KNOTS('',3,(#6310,#6311,#6312,#6313),
 .UNSPECIFIED.,.F.,.F.,(4,4),(-1.,0.),.UNSPECIFIED.);
#164=B_SPLINE_CURVE_WITH_KNOTS('',3,(#6317,#6318,#6319,#6320),
 .UNSPECIFIED.,.F.,.F.,(4,4),(-1.,0.),.UNSPECIFIED.);
#165=B_SPLINE_CURVE_WITH_KNOTS('',3,(#6321,#6322,#6323,#6324),
 .UNSPECIFIED.,.F.,.F.,(4,4),(-1.,0.),.UNSPECIFIED.);
#166=B_SPLINE_CURVE_WITH_KNOTS('',3,(#6326,#6327,#6328,#6329),
 .UNSPECIFIED.,.F.,.F.,(4,4),(-1.,0.),.UNSPECIFIED.);
#167=B_SPLINE_CURVE_WITH_KNOTS('',3,(#6330,#6331,#6332,#6333),
 .UNSPECIFIED.,.F.,.F.,(4,4),(-1.,0.),.UNSPECIFIED.);
#168=B_SPLINE_CURVE_WITH_KNOTS('',3,(#6337,#6338,#6339,#6340),
 .UNSPECIFIED.,.F.,.F.,(4,4),(-1.,0.),.UNSPECIFIED.);
#169=B_SPLINE_CURVE_WITH_KNOTS('',3,(#6341,#6342,#6343,#6344),
 .UNSPECIFIED.,.F.,.F.,(4,4),(-1.,0.),.UNSPECIFIED.);
#170=B_SPLINE_CURVE_WITH_KNOTS('',3,(#6346,#6347,#6348,#6349),
 .UNSPECIFIED.,.F.,.F.,(4,4),(-1.,0.),.UNSPECIFIED.);
#171=B_SPLINE_CURVE_WITH_KNOTS('',3,(#6350,#6351,#6352,#6353),
 .UNSPECIFIED.,.F.,.F.,(4,4),(-1.,0.),.UNSPECIFIED.);
#172=B_SPLINE_CURVE_WITH_KNOTS('',3,(#6357,#6358,#6359,#6360),
 .UNSPECIFIED.,.F.,.F.,(4,4),(-1.,0.),.UNSPECIFIED.);
#173=B_SPLINE_CURVE_WITH_KNOTS('',3,(#6362,#6363,#6364,#6365),
 .UNSPECIFIED.,.F.,.F.,(4,4),(-1.,0.),.UNSPECIFIED.);
#174=B_SPLINE_CURVE_WITH_KNOTS('',3,(#6368,#6369,#6370,#6371),
 .UNSPECIFIED.,.F.,.F.,(4,4),(-1.,0.),.UNSPECIFIED.);
#175=B_SPLINE_CURVE_WITH_KNOTS('',3,(#6372,#6373,#6374,#6375),
 .UNSPECIFIED.,.F.,.F.,(4,4),(-1.,0.),.UNSPECIFIED.);
#176=B_SPLINE_CURVE_WITH_KNOTS('',3,(#6386,#6387,#6388,#6389),
 .UNSPECIFIED.,.F.,.F.,(4,4),(-1.,0.),.UNSPECIFIED.);
#177=B_SPLINE_CURVE_WITH_KNOTS('',3,(#6391,#6392,#6393,#6394),
 .UNSPECIFIED.,.F.,.F.,(4,4),(-0.114680934505822,0.),.UNSPECIFIED.);
#178=B_SPLINE_CURVE_WITH_KNOTS('',3,(#6398,#6399,#6400,#6401),
 .UNSPECIFIED.,.F.,.F.,(4,4),(-1.,0.),.UNSPECIFIED.);
#179=B_SPLINE_CURVE_WITH_KNOTS('',3,(#6403,#6404,#6405,#6406),
 .UNSPECIFIED.,.F.,.F.,(4,4),(-1.,0.),.UNSPECIFIED.);
#180=B_SPLINE_CURVE_WITH_KNOTS('',3,(#6409,#6410,#6411,#6412),
 .UNSPECIFIED.,.F.,.F.,(4,4),(-1.,0.),.UNSPECIFIED.);
#181=B_SPLINE_CURVE_WITH_KNOTS('',3,(#6415,#6416,#6417,#6418),
 .UNSPECIFIED.,.F.,.F.,(4,4),(-1.,0.),.UNSPECIFIED.);
#182=B_SPLINE_CURVE_WITH_KNOTS('',3,(#6420,#6421,#6422,#6423),
 .UNSPECIFIED.,.F.,.F.,(4,4),(-1.,0.),.UNSPECIFIED.);
#183=B_SPLINE_CURVE_WITH_KNOTS('',3,(#6427,#6428,#6429,#6430),
 .UNSPECIFIED.,.F.,.F.,(4,4),(-1.,0.),.UNSPECIFIED.);
#184=B_SPLINE_CURVE_WITH_KNOTS('',3,(#6432,#6433,#6434,#6435),
 .UNSPECIFIED.,.F.,.F.,(4,4),(-1.,0.),.UNSPECIFIED.);
#185=B_SPLINE_CURVE_WITH_KNOTS('',3,(#6438,#6439,#6440,#6441),
 .UNSPECIFIED.,.F.,.F.,(4,4),(-1.,0.),.UNSPECIFIED.);
#186=B_SPLINE_CURVE_WITH_KNOTS('',3,(#6444,#6445,#6446,#6447),
 .UNSPECIFIED.,.F.,.F.,(4,4),(-1.,0.),.UNSPECIFIED.);
#187=B_SPLINE_CURVE_WITH_KNOTS('',3,(#6449,#6450,#6451,#6452),
 .UNSPECIFIED.,.F.,.F.,(4,4),(-1.,0.),.UNSPECIFIED.);
#188=B_SPLINE_CURVE_WITH_KNOTS('',3,(#6456,#6457,#6458,#6459),
 .UNSPECIFIED.,.F.,.F.,(4,4),(-1.,0.),.UNSPECIFIED.);
#189=B_SPLINE_CURVE_WITH_KNOTS('',3,(#6461,#6462,#6463,#6464),
 .UNSPECIFIED.,.F.,.F.,(4,4),(-1.,0.),.UNSPECIFIED.);
#190=B_SPLINE_CURVE_WITH_KNOTS('',3,(#6467,#6468,#6469,#6470),
 .UNSPECIFIED.,.F.,.F.,(4,4),(-1.,0.),.UNSPECIFIED.);
#191=B_SPLINE_CURVE_WITH_KNOTS('',3,(#6473,#6474,#6475,#6476),
 .UNSPECIFIED.,.F.,.F.,(4,4),(-1.,0.),.UNSPECIFIED.);
#192=B_SPLINE_CURVE_WITH_KNOTS('',3,(#6478,#6479,#6480,#6481),
 .UNSPECIFIED.,.F.,.F.,(4,4),(-1.,0.),.UNSPECIFIED.);
#193=B_SPLINE_CURVE_WITH_KNOTS('',3,(#6485,#6486,#6487,#6488),
 .UNSPECIFIED.,.F.,.F.,(4,4),(-1.,0.),.UNSPECIFIED.);
#194=B_SPLINE_CURVE_WITH_KNOTS('',3,(#6490,#6491,#6492,#6493),
 .UNSPECIFIED.,.F.,.F.,(4,4),(-1.,0.),.UNSPECIFIED.);
#195=B_SPLINE_CURVE_WITH_KNOTS('',3,(#6496,#6497,#6498,#6499),
 .UNSPECIFIED.,.F.,.F.,(4,4),(-1.,0.),.UNSPECIFIED.);
#196=B_SPLINE_CURVE_WITH_KNOTS('',3,(#6502,#6503,#6504,#6505),
 .UNSPECIFIED.,.F.,.F.,(4,4),(-1.,0.),.UNSPECIFIED.);
#197=B_SPLINE_CURVE_WITH_KNOTS('',2,(#6515,#6516,#6517),.UNSPECIFIED.,.F.,
 .F.,(3,3),(-1.,0.),.UNSPECIFIED.);
#198=B_SPLINE_CURVE_WITH_KNOTS('',3,(#6519,#6520,#6521,#6522),
 .UNSPECIFIED.,.F.,.F.,(4,4),(-1.,0.),.UNSPECIFIED.);
#199=B_SPLINE_CURVE_WITH_KNOTS('',3,(#6533,#6534,#6535,#6536),
 .UNSPECIFIED.,.F.,.F.,(4,4),(-1.,0.),.UNSPECIFIED.);
#200=B_SPLINE_CURVE_WITH_KNOTS('',3,(#6539,#6540,#6541,#6542),
 .UNSPECIFIED.,.F.,.F.,(4,4),(-1.,0.),.UNSPECIFIED.);
#201=B_SPLINE_CURVE_WITH_KNOTS('',3,(#6544,#6545,#6546,#6547),
 .UNSPECIFIED.,.F.,.F.,(4,4),(-0.114680878568785,0.),.UNSPECIFIED.);
#202=B_SPLINE_CURVE_WITH_KNOTS('',3,(#6551,#6552,#6553,#6554),
 .UNSPECIFIED.,.F.,.F.,(4,4),(-1.,0.),.UNSPECIFIED.);
#203=B_SPLINE_CURVE_WITH_KNOTS('',3,(#6556,#6557,#6558,#6559),
 .UNSPECIFIED.,.F.,.F.,(4,4),(-1.,0.),.UNSPECIFIED.);
#204=B_SPLINE_CURVE_WITH_KNOTS('',3,(#6562,#6563,#6564,#6565),
 .UNSPECIFIED.,.F.,.F.,(4,4),(-1.,0.),.UNSPECIFIED.);
#205=B_SPLINE_CURVE_WITH_KNOTS('',3,(#6568,#6569,#6570,#6571),
 .UNSPECIFIED.,.F.,.F.,(4,4),(-1.,0.),.UNSPECIFIED.);
#206=B_SPLINE_CURVE_WITH_KNOTS('',3,(#6573,#6574,#6575,#6576),
 .UNSPECIFIED.,.F.,.F.,(4,4),(-0.114681109267442,0.),.UNSPECIFIED.);
#207=B_SPLINE_CURVE_WITH_KNOTS('',3,(#6580,#6581,#6582,#6583),
 .UNSPECIFIED.,.F.,.F.,(4,4),(-1.,0.),.UNSPECIFIED.);
#208=B_SPLINE_CURVE_WITH_KNOTS('',3,(#6585,#6586,#6587,#6588),
 .UNSPECIFIED.,.F.,.F.,(4,4),(-1.,0.),.UNSPECIFIED.);
#209=B_SPLINE_CURVE_WITH_KNOTS('',3,(#6591,#6592,#6593,#6594),
 .UNSPECIFIED.,.F.,.F.,(4,4),(-1.,0.),.UNSPECIFIED.);
#210=B_SPLINE_CURVE_WITH_KNOTS('',3,(#6597,#6598,#6599,#6600),
 .UNSPECIFIED.,.F.,.F.,(4,4),(-1.,0.),.UNSPECIFIED.);
#211=B_SPLINE_CURVE_WITH_KNOTS('',3,(#6602,#6603,#6604,#6605),
 .UNSPECIFIED.,.F.,.F.,(4,4),(-1.,0.),.UNSPECIFIED.);
#212=B_SPLINE_CURVE_WITH_KNOTS('',3,(#6609,#6610,#6611,#6612),
 .UNSPECIFIED.,.F.,.F.,(4,4),(-1.,0.),.UNSPECIFIED.);
#213=B_SPLINE_CURVE_WITH_KNOTS('',3,(#6614,#6615,#6616,#6617),
 .UNSPECIFIED.,.F.,.F.,(4,4),(-1.,0.),.UNSPECIFIED.);
#214=B_SPLINE_CURVE_WITH_KNOTS('',3,(#6620,#6621,#6622,#6623),
 .UNSPECIFIED.,.F.,.F.,(4,4),(-1.,0.),.UNSPECIFIED.);
#215=FACE_BOUND('',#483,.T.);
#216=FACE_BOUND('',#484,.T.);
#217=FACE_BOUND('',#485,.T.);
#218=FACE_BOUND('',#486,.T.);
#219=FACE_BOUND('',#487,.T.);
#220=FACE_BOUND('',#488,.T.);
#221=FACE_BOUND('',#489,.T.);
#222=FACE_BOUND('',#490,.T.);
#223=FACE_BOUND('',#491,.T.);
#224=FACE_BOUND('',#492,.T.);
#225=FACE_BOUND('',#493,.T.);
#226=FACE_BOUND('',#494,.T.);
#227=FACE_BOUND('',#495,.T.);
#228=FACE_BOUND('',#496,.T.);
#229=FACE_BOUND('',#497,.T.);
#230=FACE_BOUND('',#498,.T.);
#231=FACE_BOUND('',#499,.T.);
#232=FACE_BOUND('',#526,.T.);
#233=FACE_BOUND('',#527,.T.);
#234=FACE_BOUND('',#528,.T.);
#235=FACE_BOUND('',#529,.T.);
#236=FACE_BOUND('',#530,.T.);
#237=FACE_BOUND('',#531,.T.);
#238=FACE_BOUND('',#532,.T.);
#239=FACE_BOUND('',#533,.T.);
#240=FACE_BOUND('',#534,.T.);
#241=FACE_BOUND('',#535,.T.);
#242=FACE_BOUND('',#536,.T.);
#243=FACE_BOUND('',#537,.T.);
#244=FACE_BOUND('',#538,.T.);
#245=FACE_BOUND('',#539,.T.);
#246=FACE_BOUND('',#540,.T.);
#247=FACE_BOUND('',#541,.T.);
#248=FACE_BOUND('',#542,.T.);
#249=FACE_BOUND('',#725,.T.);
#250=FACE_BOUND('',#738,.T.);
#251=FACE_OUTER_BOUND('',#477,.T.);
#252=FACE_OUTER_BOUND('',#478,.T.);
#253=FACE_OUTER_BOUND('',#479,.T.);
#254=FACE_OUTER_BOUND('',#480,.T.);
#255=FACE_OUTER_BOUND('',#481,.T.);
#256=FACE_OUTER_BOUND('',#482,.T.);
#257=FACE_OUTER_BOUND('',#500,.T.);
#258=FACE_OUTER_BOUND('',#501,.T.);
#259=FACE_OUTER_BOUND('',#502,.T.);
#260=FACE_OUTER_BOUND('',#503,.T.);
#261=FACE_OUTER_BOUND('',#504,.T.);
#262=FACE_OUTER_BOUND('',#505,.T.);
#263=FACE_OUTER_BOUND('',#506,.T.);
#264=FACE_OUTER_BOUND('',#507,.T.);
#265=FACE_OUTER_BOUND('',#508,.T.);
#266=FACE_OUTER_BOUND('',#509,.T.);
#267=FACE_OUTER_BOUND('',#510,.T.);
#268=FACE_OUTER_BOUND('',#511,.T.);
#269=FACE_OUTER_BOUND('',#512,.T.);
#270=FACE_OUTER_BOUND('',#513,.T.);
#271=FACE_OUTER_BOUND('',#514,.T.);
#272=FACE_OUTER_BOUND('',#515,.T.);
#273=FACE_OUTER_BOUND('',#516,.T.);
#274=FACE_OUTER_BOUND('',#517,.T.);
#275=FACE_OUTER_BOUND('',#518,.T.);
#276=FACE_OUTER_BOUND('',#519,.T.);
#277=FACE_OUTER_BOUND('',#520,.T.);
#278=FACE_OUTER_BOUND('',#521,.T.);
#279=FACE_OUTER_BOUND('',#522,.T.);
#280=FACE_OUTER_BOUND('',#523,.T.);
#281=FACE_OUTER_BOUND('',#524,.T.);
#282=FACE_OUTER_BOUND('',#525,.T.);
#283=FACE_OUTER_BOUND('',#543,.T.);
#284=FACE_OUTER_BOUND('',#544,.T.);
#285=FACE_OUTER_BOUND('',#545,.T.);
#286=FACE_OUTER_BOUND('',#546,.T.);
#287=FACE_OUTER_BOUND('',#547,.T.);
#288=FACE_OUTER_BOUND('',#548,.T.);
#289=FACE_OUTER_BOUND('',#549,.T.);
#290=FACE_OUTER_BOUND('',#550,.T.);
#291=FACE_OUTER_BOUND('',#551,.T.);
#292=FACE_OUTER_BOUND('',#552,.T.);
#293=FACE_OUTER_BOUND('',#553,.T.);
#294=FACE_OUTER_BOUND('',#554,.T.);
#295=FACE_OUTER_BOUND('',#555,.T.);
#296=FACE_OUTER_BOUND('',#556,.T.);
#297=FACE_OUTER_BOUND('',#557,.T.);
#298=FACE_OUTER_BOUND('',#558,.T.);
#299=FACE_OUTER_BOUND('',#559,.T.);
#300=FACE_OUTER_BOUND('',#560,.T.);
#301=FACE_OUTER_BOUND('',#561,.T.);
#302=FACE_OUTER_BOUND('',#562,.T.);
#303=FACE_OUTER_BOUND('',#563,.T.);
#304=FACE_OUTER_BOUND('',#564,.T.);
#305=FACE_OUTER_BOUND('',#565,.T.);
#306=FACE_OUTER_BOUND('',#566,.T.);
#307=FACE_OUTER_BOUND('',#567,.T.);
#308=FACE_OUTER_BOUND('',#568,.T.);
#309=FACE_OUTER_BOUND('',#569,.T.);
#310=FACE_OUTER_BOUND('',#570,.T.);
#311=FACE_OUTER_BOUND('',#571,.T.);
#312=FACE_OUTER_BOUND('',#572,.T.);
#313=FACE_OUTER_BOUND('',#573,.T.);
#314=FACE_OUTER_BOUND('',#574,.T.);
#315=FACE_OUTER_BOUND('',#575,.T.);
#316=FACE_OUTER_BOUND('',#576,.T.);
#317=FACE_OUTER_BOUND('',#577,.T.);
#318=FACE_OUTER_BOUND('',#578,.T.);
#319=FACE_OUTER_BOUND('',#579,.T.);
#320=FACE_OUTER_BOUND('',#580,.T.);
#321=FACE_OUTER_BOUND('',#581,.T.);
#322=FACE_OUTER_BOUND('',#582,.T.);
#323=FACE_OUTER_BOUND('',#583,.T.);
#324=FACE_OUTER_BOUND('',#584,.T.);
#325=FACE_OUTER_BOUND('',#585,.T.);
#326=FACE_OUTER_BOUND('',#586,.T.);
#327=FACE_OUTER_BOUND('',#587,.T.);
#328=FACE_OUTER_BOUND('',#588,.T.);
#329=FACE_OUTER_BOUND('',#589,.T.);
#330=FACE_OUTER_BOUND('',#590,.T.);
#331=FACE_OUTER_BOUND('',#591,.T.);
#332=FACE_OUTER_BOUND('',#592,.T.);
#333=FACE_OUTER_BOUND('',#593,.T.);
#334=FACE_OUTER_BOUND('',#594,.T.);
#335=FACE_OUTER_BOUND('',#595,.T.);
#336=FACE_OUTER_BOUND('',#596,.T.);
#337=FACE_OUTER_BOUND('',#597,.T.);
#338=FACE_OUTER_BOUND('',#598,.T.);
#339=FACE_OUTER_BOUND('',#599,.T.);
#340=FACE_OUTER_BOUND('',#600,.T.);
#341=FACE_OUTER_BOUND('',#601,.T.);
#342=FACE_OUTER_BOUND('',#602,.T.);
#343=FACE_OUTER_BOUND('',#603,.T.);
#344=FACE_OUTER_BOUND('',#604,.T.);
#345=FACE_OUTER_BOUND('',#605,.T.);
#346=FACE_OUTER_BOUND('',#606,.T.);
#347=FACE_OUTER_BOUND('',#607,.T.);
#348=FACE_OUTER_BOUND('',#608,.T.);
#349=FACE_OUTER_BOUND('',#609,.T.);
#350=FACE_OUTER_BOUND('',#610,.T.);
#351=FACE_OUTER_BOUND('',#611,.T.);
#352=FACE_OUTER_BOUND('',#612,.T.);
#353=FACE_OUTER_BOUND('',#613,.T.);
#354=FACE_OUTER_BOUND('',#614,.T.);
#355=FACE_OUTER_BOUND('',#615,.T.);
#356=FACE_OUTER_BOUND('',#616,.T.);
#357=FACE_OUTER_BOUND('',#617,.T.);
#358=FACE_OUTER_BOUND('',#618,.T.);
#359=FACE_OUTER_BOUND('',#619,.T.);
#360=FACE_OUTER_BOUND('',#620,.T.);
#361=FACE_OUTER_BOUND('',#621,.T.);
#362=FACE_OUTER_BOUND('',#622,.T.);
#363=FACE_OUTER_BOUND('',#623,.T.);
#364=FACE_OUTER_BOUND('',#624,.T.);
#365=FACE_OUTER_BOUND('',#625,.T.);
#366=FACE_OUTER_BOUND('',#626,.T.);
#367=FACE_OUTER_BOUND('',#627,.T.);
#368=FACE_OUTER_BOUND('',#628,.T.);
#369=FACE_OUTER_BOUND('',#629,.T.);
#370=FACE_OUTER_BOUND('',#630,.T.);
#371=FACE_OUTER_BOUND('',#631,.T.);
#372=FACE_OUTER_BOUND('',#632,.T.);
#373=FACE_OUTER_BOUND('',#633,.T.);
#374=FACE_OUTER_BOUND('',#634,.T.);
#375=FACE_OUTER_BOUND('',#635,.T.);
#376=FACE_OUTER_BOUND('',#636,.T.);
#377=FACE_OUTER_BOUND('',#637,.T.);
#378=FACE_OUTER_BOUND('',#638,.T.);
#379=FACE_OUTER_BOUND('',#639,.T.);
#380=FACE_OUTER_BOUND('',#640,.T.);
#381=FACE_OUTER_BOUND('',#641,.T.);
#382=FACE_OUTER_BOUND('',#642,.T.);
#383=FACE_OUTER_BOUND('',#643,.T.);
#384=FACE_OUTER_BOUND('',#644,.T.);
#385=FACE_OUTER_BOUND('',#645,.T.);
#386=FACE_OUTER_BOUND('',#646,.T.);
#387=FACE_OUTER_BOUND('',#647,.T.);
#388=FACE_OUTER_BOUND('',#648,.T.);
#389=FACE_OUTER_BOUND('',#649,.T.);
#390=FACE_OUTER_BOUND('',#650,.T.);
#391=FACE_OUTER_BOUND('',#651,.T.);
#392=FACE_OUTER_BOUND('',#652,.T.);
#393=FACE_OUTER_BOUND('',#653,.T.);
#394=FACE_OUTER_BOUND('',#654,.T.);
#395=FACE_OUTER_BOUND('',#655,.T.);
#396=FACE_OUTER_BOUND('',#656,.T.);
#397=FACE_OUTER_BOUND('',#657,.T.);
#398=FACE_OUTER_BOUND('',#658,.T.);
#399=FACE_OUTER_BOUND('',#659,.T.);
#400=FACE_OUTER_BOUND('',#660,.T.);
#401=FACE_OUTER_BOUND('',#661,.T.);
#402=FACE_OUTER_BOUND('',#662,.T.);
#403=FACE_OUTER_BOUND('',#663,.T.);
#404=FACE_OUTER_BOUND('',#664,.T.);
#405=FACE_OUTER_BOUND('',#665,.T.);
#406=FACE_OUTER_BOUND('',#666,.T.);
#407=FACE_OUTER_BOUND('',#667,.T.);
#408=FACE_OUTER_BOUND('',#668,.T.);
#409=FACE_OUTER_BOUND('',#669,.T.);
#410=FACE_OUTER_BOUND('',#670,.T.);
#411=FACE_OUTER_BOUND('',#671,.T.);
#412=FACE_OUTER_BOUND('',#672,.T.);
#413=FACE_OUTER_BOUND('',#673,.T.);
#414=FACE_OUTER_BOUND('',#674,.T.);
#415=FACE_OUTER_BOUND('',#675,.T.);
#416=FACE_OUTER_BOUND('',#676,.T.);
#417=FACE_OUTER_BOUND('',#677,.T.);
#418=FACE_OUTER_BOUND('',#678,.T.);
#419=FACE_OUTER_BOUND('',#679,.T.);
#420=FACE_OUTER_BOUND('',#680,.T.);
#421=FACE_OUTER_BOUND('',#681,.T.);
#422=FACE_OUTER_BOUND('',#682,.T.);
#423=FACE_OUTER_BOUND('',#683,.T.);
#424=FACE_OUTER_BOUND('',#684,.T.);
#425=FACE_OUTER_BOUND('',#685,.T.);
#426=FACE_OUTER_BOUND('',#686,.T.);
#427=FACE_OUTER_BOUND('',#687,.T.);
#428=FACE_OUTER_BOUND('',#688,.T.);
#429=FACE_OUTER_BOUND('',#689,.T.);
#430=FACE_OUTER_BOUND('',#690,.T.);
#431=FACE_OUTER_BOUND('',#691,.T.);
#432=FACE_OUTER_BOUND('',#692,.T.);
#433=FACE_OUTER_BOUND('',#693,.T.);
#434=FACE_OUTER_BOUND('',#694,.T.);
#435=FACE_OUTER_BOUND('',#695,.T.);
#436=FACE_OUTER_BOUND('',#696,.T.);
#437=FACE_OUTER_BOUND('',#697,.T.);
#438=FACE_OUTER_BOUND('',#698,.T.);
#439=FACE_OUTER_BOUND('',#699,.T.);
#440=FACE_OUTER_BOUND('',#700,.T.);
#441=FACE_OUTER_BOUND('',#701,.T.);
#442=FACE_OUTER_BOUND('',#702,.T.);
#443=FACE_OUTER_BOUND('',#703,.T.);
#444=FACE_OUTER_BOUND('',#704,.T.);
#445=FACE_OUTER_BOUND('',#705,.T.);
#446=FACE_OUTER_BOUND('',#706,.T.);
#447=FACE_OUTER_BOUND('',#707,.T.);
#448=FACE_OUTER_BOUND('',#708,.T.);
#449=FACE_OUTER_BOUND('',#709,.T.);
#450=FACE_OUTER_BOUND('',#710,.T.);
#451=FACE_OUTER_BOUND('',#711,.T.);
#452=FACE_OUTER_BOUND('',#712,.T.);
#453=FACE_OUTER_BOUND('',#713,.T.);
#454=FACE_OUTER_BOUND('',#714,.T.);
#455=FACE_OUTER_BOUND('',#715,.T.);
#456=FACE_OUTER_BOUND('',#716,.T.);
#457=FACE_OUTER_BOUND('',#717,.T.);
#458=FACE_OUTER_BOUND('',#718,.T.);
#459=FACE_OUTER_BOUND('',#719,.T.);
#460=FACE_OUTER_BOUND('',#720,.T.);
#461=FACE_OUTER_BOUND('',#721,.T.);
#462=FACE_OUTER_BOUND('',#722,.T.);
#463=FACE_OUTER_BOUND('',#723,.T.);
#464=FACE_OUTER_BOUND('',#724,.T.);
#465=FACE_OUTER_BOUND('',#726,.T.);
#466=FACE_OUTER_BOUND('',#727,.T.);
#467=FACE_OUTER_BOUND('',#728,.T.);
#468=FACE_OUTER_BOUND('',#729,.T.);
#469=FACE_OUTER_BOUND('',#730,.T.);
#470=FACE_OUTER_BOUND('',#731,.T.);
#471=FACE_OUTER_BOUND('',#732,.T.);
#472=FACE_OUTER_BOUND('',#733,.T.);
#473=FACE_OUTER_BOUND('',#734,.T.);
#474=FACE_OUTER_BOUND('',#735,.T.);
#475=FACE_OUTER_BOUND('',#736,.T.);
#476=FACE_OUTER_BOUND('',#737,.T.);
#477=EDGE_LOOP('',(#2774,#2775,#2776,#2777,#2778,#2779,#2780,#2781));
#478=EDGE_LOOP('',(#2782,#2783,#2784,#2785,#2786));
#479=EDGE_LOOP('',(#2787,#2788,#2789,#2790));
#480=EDGE_LOOP('',(#2791,#2792,#2793,#2794,#2795,#2796,#2797));
#481=EDGE_LOOP('',(#2798,#2799,#2800,#2801));
#482=EDGE_LOOP('',(#2802,#2803,#2804,#2805,#2806,#2807,#2808,#2809,#2810,
#2811));
#483=EDGE_LOOP('',(#2812,#2813,#2814,#2815));
#484=EDGE_LOOP('',(#2816,#2817,#2818,#2819,#2820,#2821,#2822));
#485=EDGE_LOOP('',(#2823,#2824,#2825,#2826,#2827,#2828,#2829));
#486=EDGE_LOOP('',(#2830,#2831,#2832,#2833,#2834,#2835,#2836));
#487=EDGE_LOOP('',(#2837,#2838,#2839,#2840,#2841,#2842,#2843));
#488=EDGE_LOOP('',(#2844,#2845,#2846,#2847,#2848,#2849,#2850,#2851,#2852,
#2853,#2854,#2855,#2856));
#489=EDGE_LOOP('',(#2857,#2858,#2859,#2860,#2861,#2862,#2863));
#490=EDGE_LOOP('',(#2864,#2865,#2866,#2867,#2868,#2869,#2870));
#491=EDGE_LOOP('',(#2871,#2872,#2873,#2874,#2875,#2876,#2877));
#492=EDGE_LOOP('',(#2878,#2879,#2880));
#493=EDGE_LOOP('',(#2881,#2882,#2883,#2884,#2885));
#494=EDGE_LOOP('',(#2886,#2887,#2888,#2889,#2890));
#495=EDGE_LOOP('',(#2891,#2892,#2893,#2894,#2895));
#496=EDGE_LOOP('',(#2896,#2897,#2898,#2899,#2900));
#497=EDGE_LOOP('',(#2901,#2902,#2903,#2904,#2905));
#498=EDGE_LOOP('',(#2906,#2907,#2908,#2909,#2910));
#499=EDGE_LOOP('',(#2911,#2912,#2913,#2914,#2915));
#500=EDGE_LOOP('',(#2916,#2917,#2918,#2919));
#501=EDGE_LOOP('',(#2920,#2921,#2922,#2923));
#502=EDGE_LOOP('',(#2924,#2925,#2926,#2927,#2928));
#503=EDGE_LOOP('',(#2929,#2930,#2931,#2932));
#504=EDGE_LOOP('',(#2933,#2934,#2935,#2936));
#505=EDGE_LOOP('',(#2937,#2938,#2939,#2940,#2941));
#506=EDGE_LOOP('',(#2942,#2943,#2944,#2945));
#507=EDGE_LOOP('',(#2946,#2947,#2948,#2949));
#508=EDGE_LOOP('',(#2950,#2951,#2952,#2953));
#509=EDGE_LOOP('',(#2954,#2955,#2956,#2957));
#510=EDGE_LOOP('',(#2958,#2959,#2960,#2961));
#511=EDGE_LOOP('',(#2962,#2963,#2964,#2965));
#512=EDGE_LOOP('',(#2966,#2967,#2968,#2969));
#513=EDGE_LOOP('',(#2970,#2971,#2972,#2973));
#514=EDGE_LOOP('',(#2974,#2975,#2976,#2977));
#515=EDGE_LOOP('',(#2978,#2979,#2980,#2981));
#516=EDGE_LOOP('',(#2982,#2983,#2984,#2985));
#517=EDGE_LOOP('',(#2986,#2987,#2988,#2989));
#518=EDGE_LOOP('',(#2990,#2991,#2992,#2993));
#519=EDGE_LOOP('',(#2994,#2995,#2996,#2997));
#520=EDGE_LOOP('',(#2998,#2999,#3000,#3001));
#521=EDGE_LOOP('',(#3002,#3003,#3004,#3005));
#522=EDGE_LOOP('',(#3006,#3007,#3008,#3009));
#523=EDGE_LOOP('',(#3010,#3011,#3012,#3013));
#524=EDGE_LOOP('',(#3014,#3015,#3016,#3017));
#525=EDGE_LOOP('',(#3018,#3019,#3020,#3021,#3022,#3023,#3024,#3025));
#526=EDGE_LOOP('',(#3026,#3027,#3028));
#527=EDGE_LOOP('',(#3029,#3030,#3031,#3032,#3033));
#528=EDGE_LOOP('',(#3034,#3035,#3036,#3037,#3038));
#529=EDGE_LOOP('',(#3039,#3040,#3041,#3042,#3043));
#530=EDGE_LOOP('',(#3044,#3045,#3046,#3047,#3048));
#531=EDGE_LOOP('',(#3049,#3050,#3051,#3052,#3053));
#532=EDGE_LOOP('',(#3054,#3055,#3056,#3057,#3058));
#533=EDGE_LOOP('',(#3059,#3060,#3061,#3062,#3063));
#534=EDGE_LOOP('',(#3064,#3065,#3066,#3067));
#535=EDGE_LOOP('',(#3068,#3069,#3070,#3071,#3072,#3073,#3074));
#536=EDGE_LOOP('',(#3075,#3076,#3077,#3078,#3079,#3080,#3081));
#537=EDGE_LOOP('',(#3082,#3083,#3084,#3085,#3086,#3087,#3088));
#538=EDGE_LOOP('',(#3089,#3090,#3091,#3092,#3093,#3094,#3095));
#539=EDGE_LOOP('',(#3096,#3097,#3098,#3099,#3100,#3101,#3102,#3103,#3104,
#3105,#3106,#3107,#3108));
#540=EDGE_LOOP('',(#3109,#3110,#3111,#3112,#3113,#3114,#3115));
#541=EDGE_LOOP('',(#3116,#3117,#3118,#3119,#3120,#3121,#3122));
#542=EDGE_LOOP('',(#3123,#3124,#3125,#3126,#3127,#3128,#3129));
#543=EDGE_LOOP('',(#3130,#3131,#3132,#3133));
#544=EDGE_LOOP('',(#3134,#3135,#3136,#3137));
#545=EDGE_LOOP('',(#3138,#3139,#3140,#3141));
#546=EDGE_LOOP('',(#3142,#3143,#3144,#3145));
#547=EDGE_LOOP('',(#3146,#3147,#3148,#3149));
#548=EDGE_LOOP('',(#3150,#3151,#3152,#3153));
#549=EDGE_LOOP('',(#3154,#3155,#3156,#3157));
#550=EDGE_LOOP('',(#3158,#3159,#3160,#3161));
#551=EDGE_LOOP('',(#3162,#3163,#3164,#3165));
#552=EDGE_LOOP('',(#3166,#3167,#3168,#3169));
#553=EDGE_LOOP('',(#3170,#3171,#3172,#3173));
#554=EDGE_LOOP('',(#3174,#3175,#3176,#3177));
#555=EDGE_LOOP('',(#3178,#3179,#3180,#3181));
#556=EDGE_LOOP('',(#3182,#3183,#3184,#3185));
#557=EDGE_LOOP('',(#3186,#3187,#3188,#3189));
#558=EDGE_LOOP('',(#3190,#3191,#3192,#3193));
#559=EDGE_LOOP('',(#3194,#3195,#3196,#3197));
#560=EDGE_LOOP('',(#3198,#3199,#3200,#3201));
#561=EDGE_LOOP('',(#3202,#3203,#3204,#3205));
#562=EDGE_LOOP('',(#3206,#3207,#3208,#3209));
#563=EDGE_LOOP('',(#3210,#3211,#3212,#3213));
#564=EDGE_LOOP('',(#3214,#3215,#3216,#3217));
#565=EDGE_LOOP('',(#3218,#3219,#3220,#3221));
#566=EDGE_LOOP('',(#3222,#3223,#3224,#3225));
#567=EDGE_LOOP('',(#3226,#3227,#3228,#3229));
#568=EDGE_LOOP('',(#3230,#3231,#3232,#3233));
#569=EDGE_LOOP('',(#3234,#3235,#3236,#3237));
#570=EDGE_LOOP('',(#3238,#3239,#3240,#3241));
#571=EDGE_LOOP('',(#3242,#3243,#3244,#3245));
#572=EDGE_LOOP('',(#3246,#3247,#3248,#3249));
#573=EDGE_LOOP('',(#3250,#3251,#3252,#3253));
#574=EDGE_LOOP('',(#3254,#3255,#3256,#3257));
#575=EDGE_LOOP('',(#3258,#3259,#3260,#3261));
#576=EDGE_LOOP('',(#3262,#3263,#3264,#3265));
#577=EDGE_LOOP('',(#3266,#3267,#3268,#3269));
#578=EDGE_LOOP('',(#3270,#3271,#3272,#3273));
#579=EDGE_LOOP('',(#3274,#3275,#3276,#3277));
#580=EDGE_LOOP('',(#3278,#3279,#3280,#3281));
#581=EDGE_LOOP('',(#3282,#3283,#3284,#3285));
#582=EDGE_LOOP('',(#3286,#3287,#3288,#3289));
#583=EDGE_LOOP('',(#3290,#3291,#3292,#3293));
#584=EDGE_LOOP('',(#3294,#3295,#3296,#3297));
#585=EDGE_LOOP('',(#3298,#3299,#3300,#3301));
#586=EDGE_LOOP('',(#3302,#3303,#3304,#3305));
#587=EDGE_LOOP('',(#3306,#3307,#3308,#3309));
#588=EDGE_LOOP('',(#3310,#3311,#3312,#3313));
#589=EDGE_LOOP('',(#3314,#3315,#3316,#3317));
#590=EDGE_LOOP('',(#3318,#3319,#3320,#3321));
#591=EDGE_LOOP('',(#3322,#3323,#3324,#3325));
#592=EDGE_LOOP('',(#3326,#3327,#3328,#3329));
#593=EDGE_LOOP('',(#3330,#3331,#3332,#3333));
#594=EDGE_LOOP('',(#3334,#3335,#3336,#3337));
#595=EDGE_LOOP('',(#3338,#3339,#3340,#3341));
#596=EDGE_LOOP('',(#3342,#3343,#3344,#3345));
#597=EDGE_LOOP('',(#3346,#3347,#3348,#3349));
#598=EDGE_LOOP('',(#3350,#3351,#3352,#3353));
#599=EDGE_LOOP('',(#3354,#3355,#3356,#3357));
#600=EDGE_LOOP('',(#3358,#3359,#3360,#3361));
#601=EDGE_LOOP('',(#3362,#3363,#3364,#3365));
#602=EDGE_LOOP('',(#3366,#3367,#3368,#3369));
#603=EDGE_LOOP('',(#3370,#3371,#3372,#3373));
#604=EDGE_LOOP('',(#3374,#3375,#3376,#3377));
#605=EDGE_LOOP('',(#3378,#3379,#3380,#3381));
#606=EDGE_LOOP('',(#3382,#3383,#3384,#3385));
#607=EDGE_LOOP('',(#3386,#3387,#3388,#3389));
#608=EDGE_LOOP('',(#3390,#3391,#3392,#3393));
#609=EDGE_LOOP('',(#3394,#3395,#3396,#3397));
#610=EDGE_LOOP('',(#3398,#3399,#3400,#3401));
#611=EDGE_LOOP('',(#3402,#3403,#3404,#3405));
#612=EDGE_LOOP('',(#3406,#3407,#3408,#3409));
#613=EDGE_LOOP('',(#3410,#3411,#3412,#3413));
#614=EDGE_LOOP('',(#3414,#3415,#3416,#3417));
#615=EDGE_LOOP('',(#3418,#3419,#3420,#3421));
#616=EDGE_LOOP('',(#3422,#3423,#3424,#3425));
#617=EDGE_LOOP('',(#3426,#3427,#3428,#3429));
#618=EDGE_LOOP('',(#3430,#3431,#3432,#3433));
#619=EDGE_LOOP('',(#3434,#3435,#3436,#3437));
#620=EDGE_LOOP('',(#3438,#3439,#3440,#3441));
#621=EDGE_LOOP('',(#3442,#3443,#3444,#3445));
#622=EDGE_LOOP('',(#3446,#3447,#3448,#3449));
#623=EDGE_LOOP('',(#3450,#3451,#3452,#3453));
#624=EDGE_LOOP('',(#3454,#3455,#3456,#3457));
#625=EDGE_LOOP('',(#3458,#3459,#3460,#3461));
#626=EDGE_LOOP('',(#3462,#3463,#3464,#3465));
#627=EDGE_LOOP('',(#3466,#3467,#3468,#3469));
#628=EDGE_LOOP('',(#3470,#3471,#3472,#3473));
#629=EDGE_LOOP('',(#3474,#3475,#3476));
#630=EDGE_LOOP('',(#3477,#3478,#3479,#3480));
#631=EDGE_LOOP('',(#3481,#3482,#3483));
#632=EDGE_LOOP('',(#3484,#3485,#3486,#3487));
#633=EDGE_LOOP('',(#3488,#3489,#3490));
#634=EDGE_LOOP('',(#3491,#3492,#3493,#3494));
#635=EDGE_LOOP('',(#3495,#3496,#3497));
#636=EDGE_LOOP('',(#3498,#3499,#3500,#3501,#3502,#3503));
#637=EDGE_LOOP('',(#3504,#3505,#3506,#3507));
#638=EDGE_LOOP('',(#3508,#3509,#3510,#3511));
#639=EDGE_LOOP('',(#3512,#3513,#3514,#3515));
#640=EDGE_LOOP('',(#3516,#3517,#3518,#3519));
#641=EDGE_LOOP('',(#3520,#3521,#3522,#3523,#3524,#3525,#3526,#3527,#3528,
#3529,#3530,#3531));
#642=EDGE_LOOP('',(#3532,#3533,#3534,#3535,#3536,#3537,#3538,#3539,#3540,
#3541,#3542,#3543,#3544,#3545,#3546,#3547,#3548,#3549,#3550,#3551,#3552,
#3553,#3554,#3555,#3556));
#643=EDGE_LOOP('',(#3557,#3558,#3559,#3560,#3561,#3562,#3563,#3564,#3565,
#3566,#3567,#3568));
#644=EDGE_LOOP('',(#3569,#3570,#3571,#3572));
#645=EDGE_LOOP('',(#3573,#3574,#3575,#3576));
#646=EDGE_LOOP('',(#3577,#3578,#3579,#3580,#3581));
#647=EDGE_LOOP('',(#3582,#3583,#3584,#3585));
#648=EDGE_LOOP('',(#3586,#3587,#3588,#3589,#3590));
#649=EDGE_LOOP('',(#3591,#3592,#3593,#3594));
#650=EDGE_LOOP('',(#3595,#3596,#3597,#3598,#3599));
#651=EDGE_LOOP('',(#3600,#3601,#3602,#3603,#3604,#3605,#3606,#3607,#3608,
#3609,#3610,#3611,#3612,#3613,#3614,#3615));
#652=EDGE_LOOP('',(#3616,#3617,#3618,#3619,#3620,#3621,#3622,#3623));
#653=EDGE_LOOP('',(#3624,#3625,#3626,#3627,#3628,#3629,#3630,#3631,#3632,
#3633,#3634,#3635,#3636,#3637));
#654=EDGE_LOOP('',(#3638,#3639,#3640,#3641,#3642,#3643,#3644,#3645,#3646,
#3647,#3648,#3649,#3650,#3651,#3652,#3653));
#655=EDGE_LOOP('',(#3654,#3655,#3656,#3657));
#656=EDGE_LOOP('',(#3658,#3659,#3660,#3661));
#657=EDGE_LOOP('',(#3662,#3663,#3664,#3665));
#658=EDGE_LOOP('',(#3666,#3667,#3668,#3669));
#659=EDGE_LOOP('',(#3670,#3671,#3672));
#660=EDGE_LOOP('',(#3673,#3674,#3675));
#661=EDGE_LOOP('',(#3676,#3677,#3678,#3679));
#662=EDGE_LOOP('',(#3680,#3681,#3682,#3683));
#663=EDGE_LOOP('',(#3684,#3685,#3686));
#664=EDGE_LOOP('',(#3687,#3688,#3689,#3690));
#665=EDGE_LOOP('',(#3691,#3692,#3693));
#666=EDGE_LOOP('',(#3694,#3695,#3696,#3697));
#667=EDGE_LOOP('',(#3698,#3699,#3700,#3701));
#668=EDGE_LOOP('',(#3702,#3703,#3704,#3705,#3706,#3707,#3708,#3709,#3710,
#3711,#3712,#3713,#3714,#3715,#3716,#3717));
#669=EDGE_LOOP('',(#3718,#3719,#3720,#3721,#3722,#3723,#3724,#3725,#3726,
#3727,#3728,#3729,#3730,#3731,#3732,#3733,#3734,#3735,#3736,#3737,#3738));
#670=EDGE_LOOP('',(#3739,#3740,#3741,#3742));
#671=EDGE_LOOP('',(#3743,#3744,#3745,#3746,#3747));
#672=EDGE_LOOP('',(#3748,#3749,#3750,#3751));
#673=EDGE_LOOP('',(#3752,#3753,#3754,#3755));
#674=EDGE_LOOP('',(#3756,#3757,#3758,#3759));
#675=EDGE_LOOP('',(#3760,#3761,#3762,#3763));
#676=EDGE_LOOP('',(#3764,#3765,#3766,#3767));
#677=EDGE_LOOP('',(#3768,#3769,#3770,#3771));
#678=EDGE_LOOP('',(#3772,#3773,#3774,#3775));
#679=EDGE_LOOP('',(#3776,#3777,#3778,#3779));
#680=EDGE_LOOP('',(#3780,#3781,#3782,#3783));
#681=EDGE_LOOP('',(#3784,#3785,#3786,#3787,#3788,#3789,#3790,#3791));
#682=EDGE_LOOP('',(#3792,#3793,#3794,#3795));
#683=EDGE_LOOP('',(#3796,#3797,#3798,#3799));
#684=EDGE_LOOP('',(#3800,#3801,#3802,#3803));
#685=EDGE_LOOP('',(#3804,#3805,#3806,#3807));
#686=EDGE_LOOP('',(#3808,#3809,#3810,#3811));
#687=EDGE_LOOP('',(#3812,#3813,#3814,#3815));
#688=EDGE_LOOP('',(#3816,#3817,#3818,#3819,#3820,#3821));
#689=EDGE_LOOP('',(#3822,#3823,#3824,#3825,#3826,#3827));
#690=EDGE_LOOP('',(#3828,#3829,#3830,#3831));
#691=EDGE_LOOP('',(#3832,#3833,#3834,#3835));
#692=EDGE_LOOP('',(#3836,#3837,#3838,#3839));
#693=EDGE_LOOP('',(#3840,#3841,#3842,#3843));
#694=EDGE_LOOP('',(#3844,#3845,#3846,#3847));
#695=EDGE_LOOP('',(#3848,#3849,#3850,#3851));
#696=EDGE_LOOP('',(#3852,#3853,#3854,#3855));
#697=EDGE_LOOP('',(#3856,#3857,#3858,#3859));
#698=EDGE_LOOP('',(#3860,#3861,#3862,#3863));
#699=EDGE_LOOP('',(#3864,#3865,#3866,#3867));
#700=EDGE_LOOP('',(#3868,#3869,#3870,#3871));
#701=EDGE_LOOP('',(#3872,#3873,#3874,#3875));
#702=EDGE_LOOP('',(#3876,#3877,#3878,#3879));
#703=EDGE_LOOP('',(#3880,#3881,#3882,#3883));
#704=EDGE_LOOP('',(#3884,#3885,#3886,#3887,#3888));
#705=EDGE_LOOP('',(#3889,#3890,#3891,#3892,#3893));
#706=EDGE_LOOP('',(#3894,#3895,#3896,#3897));
#707=EDGE_LOOP('',(#3898,#3899,#3900,#3901));
#708=EDGE_LOOP('',(#3902,#3903,#3904,#3905));
#709=EDGE_LOOP('',(#3906,#3907,#3908,#3909));
#710=EDGE_LOOP('',(#3910,#3911,#3912,#3913));
#711=EDGE_LOOP('',(#3914,#3915,#3916,#3917));
#712=EDGE_LOOP('',(#3918,#3919,#3920,#3921,#3922,#3923,#3924,#3925));
#713=EDGE_LOOP('',(#3926,#3927,#3928,#3929));
#714=EDGE_LOOP('',(#3930,#3931,#3932,#3933,#3934));
#715=EDGE_LOOP('',(#3935,#3936,#3937,#3938));
#716=EDGE_LOOP('',(#3939,#3940,#3941,#3942));
#717=EDGE_LOOP('',(#3943,#3944,#3945,#3946));
#718=EDGE_LOOP('',(#3947,#3948,#3949,#3950,#3951));
#719=EDGE_LOOP('',(#3952,#3953,#3954,#3955));
#720=EDGE_LOOP('',(#3956,#3957,#3958,#3959,#3960));
#721=EDGE_LOOP('',(#3961,#3962,#3963,#3964,#3965));
#722=EDGE_LOOP('',(#3966,#3967,#3968,#3969));
#723=EDGE_LOOP('',(#3970,#3971,#3972,#3973));
#724=EDGE_LOOP('',(#3974,#3975,#3976,#3977));
#725=EDGE_LOOP('',(#3978,#3979,#3980,#3981));
#726=EDGE_LOOP('',(#3982,#3983,#3984,#3985));
#727=EDGE_LOOP('',(#3986,#3987,#3988,#3989,#3990));
#728=EDGE_LOOP('',(#3991,#3992,#3993,#3994));
#729=EDGE_LOOP('',(#3995,#3996,#3997,#3998));
#730=EDGE_LOOP('',(#3999,#4000,#4001,#4002,#4003));
#731=EDGE_LOOP('',(#4004,#4005,#4006,#4007));
#732=EDGE_LOOP('',(#4008,#4009,#4010,#4011));
#733=EDGE_LOOP('',(#4012,#4013,#4014,#4015));
#734=EDGE_LOOP('',(#4016,#4017,#4018,#4019,#4020));
#735=EDGE_LOOP('',(#4021,#4022,#4023,#4024));
#736=EDGE_LOOP('',(#4025,#4026,#4027,#4028,#4029));
#737=EDGE_LOOP('',(#4030,#4031,#4032,#4033));
#738=EDGE_LOOP('',(#4034,#4035,#4036,#4037));
#739=LINE('',#5592,#1206);
#740=LINE('',#5594,#1207);
#741=LINE('',#5596,#1208);
#742=LINE('',#5600,#1209);
#743=LINE('',#5602,#1210);
#744=LINE('',#5603,#1211);
#745=LINE('',#5609,#1212);
#746=LINE('',#5611,#1213);
#747=LINE('',#5613,#1214);
#748=LINE('',#5614,#1215);
#749=LINE('',#5617,#1216);
#750=LINE('',#5619,#1217);
#751=LINE('',#5620,#1218);
#752=LINE('',#5626,#1219);
#753=LINE('',#5628,#1220);
#754=LINE('',#5630,#1221);
#755=LINE('',#5632,#1222);
#756=LINE('',#5634,#1223);
#757=LINE('',#5635,#1224);
#758=LINE('',#5638,#1225);
#759=LINE('',#5640,#1226);
#760=LINE('',#5642,#1227);
#761=LINE('',#5644,#1228);
#762=LINE('',#5645,#1229);
#763=LINE('',#5648,#1230);
#764=LINE('',#5650,#1231);
#765=LINE('',#5652,#1232);
#766=LINE('',#5653,#1233);
#767=LINE('',#5666,#1234);
#768=LINE('',#5678,#1235);
#769=LINE('',#5695,#1236);
#770=LINE('',#5707,#1237);
#771=LINE('',#5724,#1238);
#772=LINE('',#5736,#1239);
#773=LINE('',#5774,#1240);
#774=LINE('',#5786,#1241);
#775=LINE('',#5821,#1242);
#776=LINE('',#5823,#1243);
#777=LINE('',#5825,#1244);
#778=LINE('',#5827,#1245);
#779=LINE('',#5829,#1246);
#780=LINE('',#5841,#1247);
#781=LINE('',#5843,#1248);
#782=LINE('',#5845,#1249);
#783=LINE('',#5846,#1250);
#784=LINE('',#5859,#1251);
#785=LINE('',#5871,#1252);
#786=LINE('',#5888,#1253);
#787=LINE('',#5951,#1254);
#788=LINE('',#5970,#1255);
#789=LINE('',#5982,#1256);
#790=LINE('',#6007,#1257);
#791=LINE('',#6009,#1258);
#792=LINE('',#6010,#1259);
#793=LINE('',#6013,#1260);
#794=LINE('',#6017,#1261);
#795=LINE('',#6029,#1262);
#796=LINE('',#6041,#1263);
#797=LINE('',#6045,#1264);
#798=LINE('',#6049,#1265);
#799=LINE('',#6112,#1266);
#800=LINE('',#6124,#1267);
#801=LINE('',#6128,#1268);
#802=LINE('',#6132,#1269);
#803=LINE('',#6144,#1270);
#804=LINE('',#6156,#1271);
#805=LINE('',#6160,#1272);
#806=LINE('',#6172,#1273);
#807=LINE('',#6176,#1274);
#808=LINE('',#6181,#1275);
#809=LINE('',#6185,#1276);
#810=LINE('',#6186,#1277);
#811=LINE('',#6187,#1278);
#812=LINE('',#6190,#1279);
#813=LINE('',#6191,#1280);
#814=LINE('',#6194,#1281);
#815=LINE('',#6195,#1282);
#816=LINE('',#6198,#1283);
#817=LINE('',#6200,#1284);
#818=LINE('',#6201,#1285);
#819=LINE('',#6204,#1286);
#820=LINE('',#6208,#1287);
#821=LINE('',#6210,#1288);
#822=LINE('',#6211,#1289);
#823=LINE('',#6214,#1290);
#824=LINE('',#6215,#1291);
#825=LINE('',#6218,#1292);
#826=LINE('',#6221,#1293);
#827=LINE('',#6224,#1294);
#828=LINE('',#6227,#1295);
#829=LINE('',#6230,#1296);
#830=LINE('',#6233,#1297);
#831=LINE('',#6236,#1298);
#832=LINE('',#6239,#1299);
#833=LINE('',#6242,#1300);
#834=LINE('',#6245,#1301);
#835=LINE('',#6248,#1302);
#836=LINE('',#6251,#1303);
#837=LINE('',#6254,#1304);
#838=LINE('',#6257,#1305);
#839=LINE('',#6260,#1306);
#840=LINE('',#6261,#1307);
#841=LINE('',#6264,#1308);
#842=LINE('',#6265,#1309);
#843=LINE('',#6268,#1310);
#844=LINE('',#6269,#1311);
#845=LINE('',#6272,#1312);
#846=LINE('',#6273,#1313);
#847=LINE('',#6276,#1314);
#848=LINE('',#6277,#1315);
#849=LINE('',#6280,#1316);
#850=LINE('',#6281,#1317);
#851=LINE('',#6284,#1318);
#852=LINE('',#6285,#1319);
#853=LINE('',#6288,#1320);
#854=LINE('',#6289,#1321);
#855=LINE('',#6292,#1322);
#856=LINE('',#6293,#1323);
#857=LINE('',#6296,#1324);
#858=LINE('',#6298,#1325);
#859=LINE('',#6300,#1326);
#860=LINE('',#6301,#1327);
#861=LINE('',#6302,#1328);
#862=LINE('',#6304,#1329);
#863=LINE('',#6315,#1330);
#864=LINE('',#6335,#1331);
#865=LINE('',#6355,#1332);
#866=LINE('',#6366,#1333);
#867=LINE('',#6378,#1334);
#868=LINE('',#6380,#1335);
#869=LINE('',#6382,#1336);
#870=LINE('',#6383,#1337);
#871=LINE('',#6396,#1338);
#872=LINE('',#6408,#1339);
#873=LINE('',#6425,#1340);
#874=LINE('',#6437,#1341);
#875=LINE('',#6454,#1342);
#876=LINE('',#6466,#1343);
#877=LINE('',#6483,#1344);
#878=LINE('',#6495,#1345);
#879=LINE('',#6507,#1346);
#880=LINE('',#6509,#1347);
#881=LINE('',#6511,#1348);
#882=LINE('',#6513,#1349);
#883=LINE('',#6524,#1350);
#884=LINE('',#6526,#1351);
#885=LINE('',#6528,#1352);
#886=LINE('',#6530,#1353);
#887=LINE('',#6532,#1354);
#888=LINE('',#6549,#1355);
#889=LINE('',#6561,#1356);
#890=LINE('',#6578,#1357);
#891=LINE('',#6590,#1358);
#892=LINE('',#6607,#1359);
#893=LINE('',#6619,#1360);
#894=LINE('',#6633,#1361);
#895=LINE('',#6634,#1362);
#896=LINE('',#6636,#1363);
#897=LINE('',#6645,#1364);
#898=LINE('',#6654,#1365);
#899=LINE('',#6663,#1366);
#900=LINE('',#6665,#1367);
#901=LINE('',#6682,#1368);
#902=LINE('',#6683,#1369);
#903=LINE('',#6685,#1370);
#904=LINE('',#6694,#1371);
#905=LINE('',#6703,#1372);
#906=LINE('',#6712,#1373);
#907=LINE('',#6714,#1374);
#908=LINE('',#6731,#1375);
#909=LINE('',#6732,#1376);
#910=LINE('',#6750,#1377);
#911=LINE('',#6767,#1378);
#912=LINE('',#6784,#1379);
#913=LINE('',#6785,#1380);
#914=LINE('',#6788,#1381);
#915=LINE('',#6805,#1382);
#916=LINE('',#6806,#1383);
#917=LINE('',#6808,#1384);
#918=LINE('',#6817,#1385);
#919=LINE('',#6826,#1386);
#920=LINE('',#6835,#1387);
#921=LINE('',#6837,#1388);
#922=LINE('',#6854,#1389);
#923=LINE('',#6855,#1390);
#924=LINE('',#6862,#1391);
#925=LINE('',#6864,#1392);
#926=LINE('',#6866,#1393);
#927=LINE('',#6868,#1394);
#928=LINE('',#6870,#1395);
#929=LINE('',#6879,#1396);
#930=LINE('',#6888,#1397);
#931=LINE('',#6890,#1398);
#932=LINE('',#6892,#1399);
#933=LINE('',#6894,#1400);
#934=LINE('',#6896,#1401);
#935=LINE('',#6906,#1402);
#936=LINE('',#6907,#1403);
#937=LINE('',#6909,#1404);
#938=LINE('',#6918,#1405);
#939=LINE('',#6927,#1406);
#940=LINE('',#6936,#1407);
#941=LINE('',#6938,#1408);
#942=LINE('',#6955,#1409);
#943=LINE('',#6956,#1410);
#944=LINE('',#6958,#1411);
#945=LINE('',#6967,#1412);
#946=LINE('',#6976,#1413);
#947=LINE('',#6985,#1414);
#948=LINE('',#6987,#1415);
#949=LINE('',#7004,#1416);
#950=LINE('',#7005,#1417);
#951=LINE('',#7023,#1418);
#952=LINE('',#7040,#1419);
#953=LINE('',#7041,#1420);
#954=LINE('',#7059,#1421);
#955=LINE('',#7060,#1422);
#956=LINE('',#7062,#1423);
#957=LINE('',#7071,#1424);
#958=LINE('',#7080,#1425);
#959=LINE('',#7089,#1426);
#960=LINE('',#7091,#1427);
#961=LINE('',#7108,#1428);
#962=LINE('',#7109,#1429);
#963=LINE('',#7111,#1430);
#964=LINE('',#7120,#1431);
#965=LINE('',#7129,#1432);
#966=LINE('',#7138,#1433);
#967=LINE('',#7140,#1434);
#968=LINE('',#7150,#1435);
#969=LINE('',#7151,#1436);
#970=LINE('',#7153,#1437);
#971=LINE('',#7155,#1438);
#972=LINE('',#7167,#1439);
#973=LINE('',#7168,#1440);
#974=LINE('',#7176,#1441);
#975=LINE('',#7184,#1442);
#976=LINE('',#7192,#1443);
#977=LINE('',#7197,#1444);
#978=LINE('',#7198,#1445);
#979=LINE('',#7200,#1446);
#980=LINE('',#7205,#1447);
#981=LINE('',#7206,#1448);
#982=LINE('',#7208,#1449);
#983=LINE('',#7212,#1450);
#984=LINE('',#7214,#1451);
#985=LINE('',#7216,#1452);
#986=LINE('',#7218,#1453);
#987=LINE('',#7220,#1454);
#988=LINE('',#7221,#1455);
#989=LINE('',#7223,#1456);
#990=LINE('',#7225,#1457);
#991=LINE('',#7226,#1458);
#992=LINE('',#7229,#1459);
#993=LINE('',#7231,#1460);
#994=LINE('',#7233,#1461);
#995=LINE('',#7235,#1462);
#996=LINE('',#7237,#1463);
#997=LINE('',#7239,#1464);
#998=LINE('',#7243,#1465);
#999=LINE('',#7245,#1466);
#1000=LINE('',#7247,#1467);
#1001=LINE('',#7249,#1468);
#1002=LINE('',#7251,#1469);
#1003=LINE('',#7253,#1470);
#1004=LINE('',#7255,#1471);
#1005=LINE('',#7257,#1472);
#1006=LINE('',#7259,#1473);
#1007=LINE('',#7263,#1474);
#1008=LINE('',#7267,#1475);
#1009=LINE('',#7270,#1476);
#1010=LINE('',#7273,#1477);
#1011=LINE('',#7275,#1478);
#1012=LINE('',#7277,#1479);
#1013=LINE('',#7281,#1480);
#1014=LINE('',#7282,#1481);
#1015=LINE('',#7284,#1482);
#1016=LINE('',#7286,#1483);
#1017=LINE('',#7287,#1484);
#1018=LINE('',#7290,#1485);
#1019=LINE('',#7292,#1486);
#1020=LINE('',#7293,#1487);
#1021=LINE('',#7296,#1488);
#1022=LINE('',#7298,#1489);
#1023=LINE('',#7299,#1490);
#1024=LINE('',#7302,#1491);
#1025=LINE('',#7304,#1492);
#1026=LINE('',#7306,#1493);
#1027=LINE('',#7307,#1494);
#1028=LINE('',#7310,#1495);
#1029=LINE('',#7312,#1496);
#1030=LINE('',#7313,#1497);
#1031=LINE('',#7316,#1498);
#1032=LINE('',#7318,#1499);
#1033=LINE('',#7320,#1500);
#1034=LINE('',#7321,#1501);
#1035=LINE('',#7324,#1502);
#1036=LINE('',#7326,#1503);
#1037=LINE('',#7327,#1504);
#1038=LINE('',#7330,#1505);
#1039=LINE('',#7332,#1506);
#1040=LINE('',#7334,#1507);
#1041=LINE('',#7335,#1508);
#1042=LINE('',#7338,#1509);
#1043=LINE('',#7340,#1510);
#1044=LINE('',#7342,#1511);
#1045=LINE('',#7344,#1512);
#1046=LINE('',#7345,#1513);
#1047=LINE('',#7348,#1514);
#1048=LINE('',#7350,#1515);
#1049=LINE('',#7352,#1516);
#1050=LINE('',#7354,#1517);
#1051=LINE('',#7355,#1518);
#1052=LINE('',#7360,#1519);
#1053=LINE('',#7361,#1520);
#1054=LINE('',#7363,#1521);
#1055=LINE('',#7365,#1522);
#1056=LINE('',#7367,#1523);
#1057=LINE('',#7369,#1524);
#1058=LINE('',#7370,#1525);
#1059=LINE('',#7372,#1526);
#1060=LINE('',#7373,#1527);
#1061=LINE('',#7375,#1528);
#1062=LINE('',#7377,#1529);
#1063=LINE('',#7381,#1530);
#1064=LINE('',#7385,#1531);
#1065=LINE('',#7386,#1532);
#1066=LINE('',#7389,#1533);
#1067=LINE('',#7392,#1534);
#1068=LINE('',#7397,#1535);
#1069=LINE('',#7399,#1536);
#1070=LINE('',#7407,#1537);
#1071=LINE('',#7414,#1538);
#1072=LINE('',#7420,#1539);
#1073=LINE('',#7421,#1540);
#1074=LINE('',#7423,#1541);
#1075=LINE('',#7425,#1542);
#1076=LINE('',#7427,#1543);
#1077=LINE('',#7429,#1544);
#1078=LINE('',#7431,#1545);
#1079=LINE('',#7432,#1546);
#1080=LINE('',#7437,#1547);
#1081=LINE('',#7441,#1548);
#1082=LINE('',#7445,#1549);
#1083=LINE('',#7447,#1550);
#1084=LINE('',#7449,#1551);
#1085=LINE('',#7451,#1552);
#1086=LINE('',#7453,#1553);
#1087=LINE('',#7455,#1554);
#1088=LINE('',#7457,#1555);
#1089=LINE('',#7459,#1556);
#1090=LINE('',#7461,#1557);
#1091=LINE('',#7465,#1558);
#1092=LINE('',#7466,#1559);
#1093=LINE('',#7468,#1560);
#1094=LINE('',#7469,#1561);
#1095=LINE('',#7473,#1562);
#1096=LINE('',#7476,#1563);
#1097=LINE('',#7478,#1564);
#1098=LINE('',#7480,#1565);
#1099=LINE('',#7483,#1566);
#1100=LINE('',#7485,#1567);
#1101=LINE('',#7486,#1568);
#1102=LINE('',#7489,#1569);
#1103=LINE('',#7491,#1570);
#1104=LINE('',#7492,#1571);
#1105=LINE('',#7495,#1572);
#1106=LINE('',#7497,#1573);
#1107=LINE('',#7498,#1574);
#1108=LINE('',#7500,#1575);
#1109=LINE('',#7502,#1576);
#1110=LINE('',#7503,#1577);
#1111=LINE('',#7506,#1578);
#1112=LINE('',#7507,#1579);
#1113=LINE('',#7510,#1580);
#1114=LINE('',#7511,#1581);
#1115=LINE('',#7513,#1582);
#1116=LINE('',#7517,#1583);
#1117=LINE('',#7519,#1584);
#1118=LINE('',#7520,#1585);
#1119=LINE('',#7523,#1586);
#1120=LINE('',#7525,#1587);
#1121=LINE('',#7526,#1588);
#1122=LINE('',#7528,#1589);
#1123=LINE('',#7530,#1590);
#1124=LINE('',#7533,#1591);
#1125=LINE('',#7535,#1592);
#1126=LINE('',#7536,#1593);
#1127=LINE('',#7538,#1594);
#1128=LINE('',#7539,#1595);
#1129=LINE('',#7541,#1596);
#1130=LINE('',#7543,#1597);
#1131=LINE('',#7545,#1598);
#1132=LINE('',#7547,#1599);
#1133=LINE('',#7550,#1600);
#1134=LINE('',#7552,#1601);
#1135=LINE('',#7558,#1602);
#1136=LINE('',#7560,#1603);
#1137=LINE('',#7562,#1604);
#1138=LINE('',#7563,#1605);
#1139=LINE('',#7566,#1606);
#1140=LINE('',#7567,#1607);
#1141=LINE('',#7568,#1608);
#1142=LINE('',#7571,#1609);
#1143=LINE('',#7572,#1610);
#1144=LINE('',#7573,#1611);
#1145=LINE('',#7575,#1612);
#1146=LINE('',#7579,#1613);
#1147=LINE('',#7581,#1614);
#1148=LINE('',#7582,#1615);
#1149=LINE('',#7585,#1616);
#1150=LINE('',#7586,#1617);
#1151=LINE('',#7589,#1618);
#1152=LINE('',#7590,#1619);
#1153=LINE('',#7592,#1620);
#1154=LINE('',#7597,#1621);
#1155=LINE('',#7599,#1622);
#1156=LINE('',#7601,#1623);
#1157=LINE('',#7602,#1624);
#1158=LINE('',#7605,#1625);
#1159=LINE('',#7607,#1626);
#1160=LINE('',#7609,#1627);
#1161=LINE('',#7610,#1628);
#1162=LINE('',#7613,#1629);
#1163=LINE('',#7614,#1630);
#1164=LINE('',#7617,#1631);
#1165=LINE('',#7618,#1632);
#1166=LINE('',#7621,#1633);
#1167=LINE('',#7622,#1634);
#1168=LINE('',#7624,#1635);
#1169=LINE('',#7627,#1636);
#1170=LINE('',#7629,#1637);
#1171=LINE('',#7630,#1638);
#1172=LINE('',#7633,#1639);
#1173=LINE('',#7635,#1640);
#1174=LINE('',#7636,#1641);
#1175=LINE('',#7639,#1642);
#1176=LINE('',#7641,#1643);
#1177=LINE('',#7642,#1644);
#1178=LINE('',#7644,#1645);
#1179=LINE('',#7645,#1646);
#1180=LINE('',#7651,#1647);
#1181=LINE('',#7653,#1648);
#1182=LINE('',#7655,#1649);
#1183=LINE('',#7656,#1650);
#1184=LINE('',#7659,#1651);
#1185=LINE('',#7661,#1652);
#1186=LINE('',#7663,#1653);
#1187=LINE('',#7664,#1654);
#1188=LINE('',#7667,#1655);
#1189=LINE('',#7668,#1656);
#1190=LINE('',#7671,#1657);
#1191=LINE('',#7672,#1658);
#1192=LINE('',#7675,#1659);
#1193=LINE('',#7676,#1660);
#1194=LINE('',#7678,#1661);
#1195=LINE('',#7681,#1662);
#1196=LINE('',#7683,#1663);
#1197=LINE('',#7684,#1664);
#1198=LINE('',#7687,#1665);
#1199=LINE('',#7689,#1666);
#1200=LINE('',#7690,#1667);
#1201=LINE('',#7693,#1668);
#1202=LINE('',#7694,#1669);
#1203=LINE('',#7697,#1670);
#1204=LINE('',#7698,#1671);
#1205=LINE('',#7700,#1672);
#1206=VECTOR('',#4656,10.);
#1207=VECTOR('',#4657,10.);
#1208=VECTOR('',#4658,10.);
#1209=VECTOR('',#4661,10.);
#1210=VECTOR('',#4662,10.);
#1211=VECTOR('',#4663,10.);
#1212=VECTOR('',#4668,10.);
#1213=VECTOR('',#4669,10.);
#1214=VECTOR('',#4670,10.);
#1215=VECTOR('',#4671,10.);
#1216=VECTOR('',#4674,10.);
#1217=VECTOR('',#4675,10.);
#1218=VECTOR('',#4676,10.);
#1219=VECTOR('',#4681,10.);
#1220=VECTOR('',#4682,10.);
#1221=VECTOR('',#4683,10.);
#1222=VECTOR('',#4686,10.);
#1223=VECTOR('',#4689,10.);
#1224=VECTOR('',#4690,10.);
#1225=VECTOR('',#4693,10.);
#1226=VECTOR('',#4694,10.);
#1227=VECTOR('',#4695,10.);
#1228=VECTOR('',#4696,10.);
#1229=VECTOR('',#4697,10.);
#1230=VECTOR('',#4698,10.);
#1231=VECTOR('',#4699,10.);
#1232=VECTOR('',#4700,10.);
#1233=VECTOR('',#4701,10.);
#1234=VECTOR('',#4702,10.);
#1235=VECTOR('',#4703,10.);
#1236=VECTOR('',#4704,10.);
#1237=VECTOR('',#4705,10.);
#1238=VECTOR('',#4706,10.);
#1239=VECTOR('',#4707,10.);
#1240=VECTOR('',#4708,10.);
#1241=VECTOR('',#4709,10.);
#1242=VECTOR('',#4710,10.);
#1243=VECTOR('',#4711,10.);
#1244=VECTOR('',#4712,10.);
#1245=VECTOR('',#4713,10.);
#1246=VECTOR('',#4714,10.);
#1247=VECTOR('',#4715,10.);
#1248=VECTOR('',#4716,10.);
#1249=VECTOR('',#4717,10.);
#1250=VECTOR('',#4718,10.);
#1251=VECTOR('',#4719,10.);
#1252=VECTOR('',#4720,10.);
#1253=VECTOR('',#4721,10.);
#1254=VECTOR('',#4722,10.);
#1255=VECTOR('',#4723,10.);
#1256=VECTOR('',#4724,10.);
#1257=VECTOR('',#4725,10.);
#1258=VECTOR('',#4726,10.);
#1259=VECTOR('',#4727,10.);
#1260=VECTOR('',#4728,10.);
#1261=VECTOR('',#4731,10.);
#1262=VECTOR('',#4732,10.);
#1263=VECTOR('',#4733,10.);
#1264=VECTOR('',#4736,10.);
#1265=VECTOR('',#4739,9.99999999999999);
#1266=VECTOR('',#4740,10.);
#1267=VECTOR('',#4741,10.);
#1268=VECTOR('',#4744,10.);
#1269=VECTOR('',#4747,10.);
#1270=VECTOR('',#4748,10.);
#1271=VECTOR('',#4749,10.);
#1272=VECTOR('',#4752,10.);
#1273=VECTOR('',#4753,10.);
#1274=VECTOR('',#4758,10.);
#1275=VECTOR('',#4765,10.);
#1276=VECTOR('',#4768,10.);
#1277=VECTOR('',#4769,10.);
#1278=VECTOR('',#4770,10.);
#1279=VECTOR('',#4773,10.);
#1280=VECTOR('',#4774,10.);
#1281=VECTOR('',#4777,10.);
#1282=VECTOR('',#4778,10.);
#1283=VECTOR('',#4781,10.);
#1284=VECTOR('',#4782,10.);
#1285=VECTOR('',#4783,10.);
#1286=VECTOR('',#4786,10.);
#1287=VECTOR('',#4791,10.);
#1288=VECTOR('',#4792,10.);
#1289=VECTOR('',#4793,10.);
#1290=VECTOR('',#4796,10.);
#1291=VECTOR('',#4797,10.);
#1292=VECTOR('',#4800,10.);
#1293=VECTOR('',#4803,10.);
#1294=VECTOR('',#4806,10.);
#1295=VECTOR('',#4809,10.);
#1296=VECTOR('',#4812,10.);
#1297=VECTOR('',#4815,10.);
#1298=VECTOR('',#4818,10.);
#1299=VECTOR('',#4821,10.);
#1300=VECTOR('',#4824,10.);
#1301=VECTOR('',#4827,10.);
#1302=VECTOR('',#4830,10.);
#1303=VECTOR('',#4833,10.);
#1304=VECTOR('',#4836,10.);
#1305=VECTOR('',#4839,10.);
#1306=VECTOR('',#4842,10.);
#1307=VECTOR('',#4843,10.);
#1308=VECTOR('',#4846,10.);
#1309=VECTOR('',#4847,10.);
#1310=VECTOR('',#4850,10.);
#1311=VECTOR('',#4851,10.);
#1312=VECTOR('',#4854,10.);
#1313=VECTOR('',#4855,10.);
#1314=VECTOR('',#4858,9.99999999999999);
#1315=VECTOR('',#4859,10.);
#1316=VECTOR('',#4862,10.);
#1317=VECTOR('',#4863,10.);
#1318=VECTOR('',#4866,10.);
#1319=VECTOR('',#4867,10.);
#1320=VECTOR('',#4870,10.);
#1321=VECTOR('',#4871,10.);
#1322=VECTOR('',#4874,10.);
#1323=VECTOR('',#4875,10.);
#1324=VECTOR('',#4878,10.);
#1325=VECTOR('',#4879,10.);
#1326=VECTOR('',#4880,10.);
#1327=VECTOR('',#4881,10.);
#1328=VECTOR('',#4882,10.);
#1329=VECTOR('',#4883,10.);
#1330=VECTOR('',#4884,10.);
#1331=VECTOR('',#4885,10.);
#1332=VECTOR('',#4886,10.);
#1333=VECTOR('',#4887,10.);
#1334=VECTOR('',#4888,10.);
#1335=VECTOR('',#4889,10.);
#1336=VECTOR('',#4890,10.);
#1337=VECTOR('',#4891,10.);
#1338=VECTOR('',#4892,10.);
#1339=VECTOR('',#4893,10.);
#1340=VECTOR('',#4894,10.);
#1341=VECTOR('',#4895,10.);
#1342=VECTOR('',#4896,10.);
#1343=VECTOR('',#4897,10.);
#1344=VECTOR('',#4898,10.);
#1345=VECTOR('',#4899,10.);
#1346=VECTOR('',#4900,10.);
#1347=VECTOR('',#4901,10.);
#1348=VECTOR('',#4902,10.);
#1349=VECTOR('',#4903,10.);
#1350=VECTOR('',#4904,10.);
#1351=VECTOR('',#4905,10.);
#1352=VECTOR('',#4906,10.);
#1353=VECTOR('',#4907,10.);
#1354=VECTOR('',#4908,10.);
#1355=VECTOR('',#4909,10.);
#1356=VECTOR('',#4910,10.);
#1357=VECTOR('',#4911,10.);
#1358=VECTOR('',#4912,10.);
#1359=VECTOR('',#4913,10.);
#1360=VECTOR('',#4914,10.);
#1361=VECTOR('',#4917,10.);
#1362=VECTOR('',#4918,10.);
#1363=VECTOR('',#4921,10.);
#1364=VECTOR('',#4922,10.);
#1365=VECTOR('',#4923,10.);
#1366=VECTOR('',#4924,10.);
#1367=VECTOR('',#4927,10.);
#1368=VECTOR('',#4928,10.);
#1369=VECTOR('',#4929,10.);
#1370=VECTOR('',#4932,10.);
#1371=VECTOR('',#4933,10.);
#1372=VECTOR('',#4934,10.);
#1373=VECTOR('',#4935,10.);
#1374=VECTOR('',#4938,10.);
#1375=VECTOR('',#4939,10.);
#1376=VECTOR('',#4940,10.);
#1377=VECTOR('',#4943,10.);
#1378=VECTOR('',#4944,10.);
#1379=VECTOR('',#4945,10.);
#1380=VECTOR('',#4946,10.);
#1381=VECTOR('',#4951,10.);
#1382=VECTOR('',#4952,10.);
#1383=VECTOR('',#4953,10.);
#1384=VECTOR('',#4956,10.);
#1385=VECTOR('',#4957,10.);
#1386=VECTOR('',#4958,10.);
#1387=VECTOR('',#4959,10.);
#1388=VECTOR('',#4962,10.);
#1389=VECTOR('',#4963,10.);
#1390=VECTOR('',#4964,10.);
#1391=VECTOR('',#4965,10.);
#1392=VECTOR('',#4968,10.);
#1393=VECTOR('',#4971,10.);
#1394=VECTOR('',#4974,10.);
#1395=VECTOR('',#4977,10.);
#1396=VECTOR('',#4978,10.);
#1397=VECTOR('',#4979,10.);
#1398=VECTOR('',#4982,10.);
#1399=VECTOR('',#4985,10.);
#1400=VECTOR('',#4988,10.);
#1401=VECTOR('',#4991,10.);
#1402=VECTOR('',#4994,10.);
#1403=VECTOR('',#4995,10.);
#1404=VECTOR('',#4998,10.);
#1405=VECTOR('',#4999,10.);
#1406=VECTOR('',#5000,10.);
#1407=VECTOR('',#5001,10.);
#1408=VECTOR('',#5004,10.);
#1409=VECTOR('',#5005,10.);
#1410=VECTOR('',#5006,10.);
#1411=VECTOR('',#5009,10.);
#1412=VECTOR('',#5010,10.);
#1413=VECTOR('',#5011,10.);
#1414=VECTOR('',#5012,10.);
#1415=VECTOR('',#5015,10.);
#1416=VECTOR('',#5016,10.);
#1417=VECTOR('',#5017,10.);
#1418=VECTOR('',#5020,10.);
#1419=VECTOR('',#5021,10.);
#1420=VECTOR('',#5022,10.);
#1421=VECTOR('',#5025,10.);
#1422=VECTOR('',#5026,10.);
#1423=VECTOR('',#5029,10.);
#1424=VECTOR('',#5030,10.);
#1425=VECTOR('',#5031,10.);
#1426=VECTOR('',#5032,10.);
#1427=VECTOR('',#5035,10.);
#1428=VECTOR('',#5036,10.);
#1429=VECTOR('',#5037,10.);
#1430=VECTOR('',#5040,10.);
#1431=VECTOR('',#5041,10.);
#1432=VECTOR('',#5042,10.);
#1433=VECTOR('',#5043,10.);
#1434=VECTOR('',#5046,10.);
#1435=VECTOR('',#5049,10.);
#1436=VECTOR('',#5050,10.);
#1437=VECTOR('',#5053,10.);
#1438=VECTOR('',#5056,10.);
#1439=VECTOR('',#5071,10.);
#1440=VECTOR('',#5072,10.);
#1441=VECTOR('',#5083,10.);
#1442=VECTOR('',#5094,10.);
#1443=VECTOR('',#5105,10.);
#1444=VECTOR('',#5110,10.);
#1445=VECTOR('',#5111,10.);
#1446=VECTOR('',#5114,10.);
#1447=VECTOR('',#5119,10.);
#1448=VECTOR('',#5120,10.);
#1449=VECTOR('',#5123,10.);
#1450=VECTOR('',#5126,10.);
#1451=VECTOR('',#5127,10.);
#1452=VECTOR('',#5128,10.);
#1453=VECTOR('',#5129,10.);
#1454=VECTOR('',#5130,10.);
#1455=VECTOR('',#5131,10.);
#1456=VECTOR('',#5132,10.);
#1457=VECTOR('',#5133,10.);
#1458=VECTOR('',#5134,10.);
#1459=VECTOR('',#5137,10.);
#1460=VECTOR('',#5138,10.);
#1461=VECTOR('',#5139,10.);
#1462=VECTOR('',#5140,10.);
#1463=VECTOR('',#5141,10.);
#1464=VECTOR('',#5142,10.);
#1465=VECTOR('',#5145,10.);
#1466=VECTOR('',#5146,10.);
#1467=VECTOR('',#5147,10.);
#1468=VECTOR('',#5148,10.);
#1469=VECTOR('',#5149,10.);
#1470=VECTOR('',#5150,10.);
#1471=VECTOR('',#5151,10.);
#1472=VECTOR('',#5152,10.);
#1473=VECTOR('',#5153,10.);
#1474=VECTOR('',#5156,10.);
#1475=VECTOR('',#5159,10.);
#1476=VECTOR('',#5162,10.);
#1477=VECTOR('',#5165,10.);
#1478=VECTOR('',#5166,10.);
#1479=VECTOR('',#5167,10.);
#1480=VECTOR('',#5170,10.);
#1481=VECTOR('',#5171,10.);
#1482=VECTOR('',#5172,10.);
#1483=VECTOR('',#5173,10.);
#1484=VECTOR('',#5174,10.);
#1485=VECTOR('',#5177,10.);
#1486=VECTOR('',#5178,10.);
#1487=VECTOR('',#5179,10.);
#1488=VECTOR('',#5182,10.);
#1489=VECTOR('',#5183,10.);
#1490=VECTOR('',#5184,10.);
#1491=VECTOR('',#5187,10.);
#1492=VECTOR('',#5188,10.);
#1493=VECTOR('',#5189,10.);
#1494=VECTOR('',#5190,10.);
#1495=VECTOR('',#5193,10.);
#1496=VECTOR('',#5194,10.);
#1497=VECTOR('',#5195,10.);
#1498=VECTOR('',#5198,10.);
#1499=VECTOR('',#5199,10.);
#1500=VECTOR('',#5200,10.);
#1501=VECTOR('',#5201,10.);
#1502=VECTOR('',#5204,10.);
#1503=VECTOR('',#5205,10.);
#1504=VECTOR('',#5206,10.);
#1505=VECTOR('',#5209,10.);
#1506=VECTOR('',#5210,10.);
#1507=VECTOR('',#5211,10.);
#1508=VECTOR('',#5212,10.);
#1509=VECTOR('',#5215,10.);
#1510=VECTOR('',#5216,10.);
#1511=VECTOR('',#5217,10.);
#1512=VECTOR('',#5218,10.);
#1513=VECTOR('',#5219,10.);
#1514=VECTOR('',#5222,10.);
#1515=VECTOR('',#5223,10.);
#1516=VECTOR('',#5224,10.);
#1517=VECTOR('',#5225,10.);
#1518=VECTOR('',#5226,10.);
#1519=VECTOR('',#5231,10.);
#1520=VECTOR('',#5232,10.);
#1521=VECTOR('',#5233,10.);
#1522=VECTOR('',#5234,10.);
#1523=VECTOR('',#5235,10.);
#1524=VECTOR('',#5236,10.);
#1525=VECTOR('',#5237,10.);
#1526=VECTOR('',#5240,10.);
#1527=VECTOR('',#5241,10.);
#1528=VECTOR('',#5242,10.);
#1529=VECTOR('',#5243,10.);
#1530=VECTOR('',#5246,10.);
#1531=VECTOR('',#5251,10.);
#1532=VECTOR('',#5252,10.);
#1533=VECTOR('',#5255,10.);
#1534=VECTOR('',#5258,10.);
#1535=VECTOR('',#5265,10.);
#1536=VECTOR('',#5268,10.);
#1537=VECTOR('',#5281,10.);
#1538=VECTOR('',#5292,10.);
#1539=VECTOR('',#5301,10.);
#1540=VECTOR('',#5302,10.);
#1541=VECTOR('',#5305,10.);
#1542=VECTOR('',#5308,10.);
#1543=VECTOR('',#5309,10.);
#1544=VECTOR('',#5310,10.);
#1545=VECTOR('',#5311,10.);
#1546=VECTOR('',#5312,10.);
#1547=VECTOR('',#5317,10.);
#1548=VECTOR('',#5320,10.);
#1549=VECTOR('',#5323,10.);
#1550=VECTOR('',#5324,10.);
#1551=VECTOR('',#5325,10.);
#1552=VECTOR('',#5326,10.);
#1553=VECTOR('',#5327,10.);
#1554=VECTOR('',#5328,10.);
#1555=VECTOR('',#5329,10.);
#1556=VECTOR('',#5330,10.);
#1557=VECTOR('',#5331,10.);
#1558=VECTOR('',#5336,10.);
#1559=VECTOR('',#5337,10.);
#1560=VECTOR('',#5340,10.);
#1561=VECTOR('',#5341,10.);
#1562=VECTOR('',#5348,10.);
#1563=VECTOR('',#5353,10.);
#1564=VECTOR('',#5356,10.);
#1565=VECTOR('',#5359,10.);
#1566=VECTOR('',#5362,10.);
#1567=VECTOR('',#5363,10.);
#1568=VECTOR('',#5364,10.);
#1569=VECTOR('',#5367,10.);
#1570=VECTOR('',#5368,10.);
#1571=VECTOR('',#5369,10.);
#1572=VECTOR('',#5372,10.);
#1573=VECTOR('',#5373,10.);
#1574=VECTOR('',#5374,10.);
#1575=VECTOR('',#5375,10.);
#1576=VECTOR('',#5376,10.);
#1577=VECTOR('',#5377,10.);
#1578=VECTOR('',#5380,10.);
#1579=VECTOR('',#5381,10.);
#1580=VECTOR('',#5384,10.);
#1581=VECTOR('',#5385,10.);
#1582=VECTOR('',#5388,10.);
#1583=VECTOR('',#5393,10.);
#1584=VECTOR('',#5394,10.);
#1585=VECTOR('',#5395,10.);
#1586=VECTOR('',#5398,10.);
#1587=VECTOR('',#5399,10.);
#1588=VECTOR('',#5400,10.);
#1589=VECTOR('',#5403,10.);
#1590=VECTOR('',#5406,10.);
#1591=VECTOR('',#5411,10.);
#1592=VECTOR('',#5414,10.);
#1593=VECTOR('',#5415,10.);
#1594=VECTOR('',#5418,10.);
#1595=VECTOR('',#5419,10.);
#1596=VECTOR('',#5422,10.);
#1597=VECTOR('',#5425,10.);
#1598=VECTOR('',#5428,10.);
#1599=VECTOR('',#5431,10.);
#1600=VECTOR('',#5436,10.);
#1601=VECTOR('',#5439,10.);
#1602=VECTOR('',#5446,10.);
#1603=VECTOR('',#5447,10.);
#1604=VECTOR('',#5448,10.);
#1605=VECTOR('',#5449,10.);
#1606=VECTOR('',#5452,10.);
#1607=VECTOR('',#5453,10.);
#1608=VECTOR('',#5454,10.);
#1609=VECTOR('',#5457,10.);
#1610=VECTOR('',#5458,10.);
#1611=VECTOR('',#5459,10.);
#1612=VECTOR('',#5462,10.);
#1613=VECTOR('',#5467,10.);
#1614=VECTOR('',#5468,10.);
#1615=VECTOR('',#5469,10.);
#1616=VECTOR('',#5472,10.);
#1617=VECTOR('',#5473,10.);
#1618=VECTOR('',#5476,10.);
#1619=VECTOR('',#5477,10.);
#1620=VECTOR('',#5480,10.);
#1621=VECTOR('',#5485,10.);
#1622=VECTOR('',#5486,10.);
#1623=VECTOR('',#5487,10.);
#1624=VECTOR('',#5488,10.);
#1625=VECTOR('',#5491,10.);
#1626=VECTOR('',#5492,10.);
#1627=VECTOR('',#5493,10.);
#1628=VECTOR('',#5494,10.);
#1629=VECTOR('',#5497,10.);
#1630=VECTOR('',#5498,10.);
#1631=VECTOR('',#5501,10.);
#1632=VECTOR('',#5502,10.);
#1633=VECTOR('',#5505,10.);
#1634=VECTOR('',#5506,10.);
#1635=VECTOR('',#5509,10.);
#1636=VECTOR('',#5512,10.);
#1637=VECTOR('',#5513,10.);
#1638=VECTOR('',#5514,10.);
#1639=VECTOR('',#5517,10.);
#1640=VECTOR('',#5518,10.);
#1641=VECTOR('',#5519,10.);
#1642=VECTOR('',#5522,10.);
#1643=VECTOR('',#5523,10.);
#1644=VECTOR('',#5524,10.);
#1645=VECTOR('',#5527,10.);
#1646=VECTOR('',#5528,10.);
#1647=VECTOR('',#5535,10.);
#1648=VECTOR('',#5536,10.);
#1649=VECTOR('',#5537,10.);
#1650=VECTOR('',#5538,10.);
#1651=VECTOR('',#5541,10.);
#1652=VECTOR('',#5542,10.);
#1653=VECTOR('',#5543,10.);
#1654=VECTOR('',#5544,10.);
#1655=VECTOR('',#5547,10.);
#1656=VECTOR('',#5548,10.);
#1657=VECTOR('',#5551,10.);
#1658=VECTOR('',#5552,10.);
#1659=VECTOR('',#5555,10.);
#1660=VECTOR('',#5556,10.);
#1661=VECTOR('',#5559,10.);
#1662=VECTOR('',#5562,10.);
#1663=VECTOR('',#5563,10.);
#1664=VECTOR('',#5564,10.);
#1665=VECTOR('',#5567,10.);
#1666=VECTOR('',#5568,10.);
#1667=VECTOR('',#5569,10.);
#1668=VECTOR('',#5572,10.);
#1669=VECTOR('',#5573,10.);
#1670=VECTOR('',#5576,10.);
#1671=VECTOR('',#5577,10.);
#1672=VECTOR('',#5580,10.);
#1673=CIRCLE('',#4416,1.5);
#1674=CIRCLE('',#4417,1.5);
#1675=CIRCLE('',#4419,1.5);
#1676=CIRCLE('',#4422,1.5);
#1677=CIRCLE('',#4423,1.5);
#1678=CIRCLE('',#4426,1.42049999999999);
#1679=CIRCLE('',#4427,1.42049999999999);
#1680=CIRCLE('',#4428,1.4205);
#1681=CIRCLE('',#4429,1.42050000000001);
#1682=CIRCLE('',#4430,1.42049999999999);
#1683=CIRCLE('',#4431,1.42049999999999);
#1684=CIRCLE('',#4432,1.4205);
#1685=CIRCLE('',#4434,1.5);
#1686=CIRCLE('',#4436,1.5);
#1687=CIRCLE('',#4442,1.5);
#1688=CIRCLE('',#4446,1.42049999999999);
#1689=CIRCLE('',#4448,1.42050000000001);
#1690=CIRCLE('',#4450,1.42049999999999);
#1691=CIRCLE('',#4452,1.42049999999999);
#1692=CIRCLE('',#4454,1.4205);
#1693=CIRCLE('',#4456,1.42049999999999);
#1694=CIRCLE('',#4458,1.4205);
#1695=CIRCLE('',#4503,1.49999999999999);
#1696=CIRCLE('',#4504,1.5);
#1697=CIRCLE('',#4505,1.5);
#1698=CIRCLE('',#4507,1.5);
#1699=CIRCLE('',#4509,1.5);
#1700=CIRCLE('',#4510,1.49999999999999);
#1701=CIRCLE('',#4512,1.5);
#1702=CIRCLE('',#4514,1.49999999999999);
#1703=CIRCLE('',#4515,1.5);
#1704=CIRCLE('',#4516,1.5);
#1705=CIRCLE('',#4519,1.5);
#1706=CIRCLE('',#4520,1.50000000000001);
#1707=CIRCLE('',#4521,1.5);
#1708=CIRCLE('',#4524,1.5);
#1709=CIRCLE('',#4527,1.5);
#1710=CIRCLE('',#4531,10.);
#1711=CIRCLE('',#4532,1.);
#1712=CIRCLE('',#4533,1.);
#1713=CIRCLE('',#4534,3.);
#1714=CIRCLE('',#4536,1.5);
#1715=CIRCLE('',#4547,1.5);
#1716=CIRCLE('',#4549,1.5);
#1717=CIRCLE('',#4550,1.5);
#1718=CIRCLE('',#4553,1.5);
#1719=CIRCLE('',#4555,1.5);
#1720=CIRCLE('',#4556,1.5);
#1721=CIRCLE('',#4558,1.5);
#1722=CIRCLE('',#4561,1.5);
#1723=CIRCLE('',#4564,1.5);
#1724=CIRCLE('',#4566,1.5);
#1725=CIRCLE('',#4567,1.5);
#1726=CIRCLE('',#4570,1.5);
#1727=CIRCLE('',#4571,1.5);
#1728=CIRCLE('',#4576,3.);
#1729=CIRCLE('',#4577,1.);
#1730=CIRCLE('',#4578,1.);
#1731=CIRCLE('',#4579,10.);
#1732=VERTEX_POINT('',#5588);
#1733=VERTEX_POINT('',#5589);
#1734=VERTEX_POINT('',#5591);
#1735=VERTEX_POINT('',#5593);
#1736=VERTEX_POINT('',#5595);
#1737=VERTEX_POINT('',#5597);
#1738=VERTEX_POINT('',#5599);
#1739=VERTEX_POINT('',#5601);
#1740=VERTEX_POINT('',#5605);
#1741=VERTEX_POINT('',#5606);
#1742=VERTEX_POINT('',#5608);
#1743=VERTEX_POINT('',#5610);
#1744=VERTEX_POINT('',#5612);
#1745=VERTEX_POINT('',#5616);
#1746=VERTEX_POINT('',#5618);
#1747=VERTEX_POINT('',#5622);
#1748=VERTEX_POINT('',#5623);
#1749=VERTEX_POINT('',#5625);
#1750=VERTEX_POINT('',#5627);
#1751=VERTEX_POINT('',#5629);
#1752=VERTEX_POINT('',#5637);
#1753=VERTEX_POINT('',#5639);
#1754=VERTEX_POINT('',#5641);
#1755=VERTEX_POINT('',#5643);
#1756=VERTEX_POINT('',#5646);
#1757=VERTEX_POINT('',#5647);
#1758=VERTEX_POINT('',#5649);
#1759=VERTEX_POINT('',#5651);
#1760=VERTEX_POINT('',#5654);
#1761=VERTEX_POINT('',#5655);
#1762=VERTEX_POINT('',#5660);
#1763=VERTEX_POINT('',#5665);
#1764=VERTEX_POINT('',#5667);
#1765=VERTEX_POINT('',#5672);
#1766=VERTEX_POINT('',#5677);
#1767=VERTEX_POINT('',#5683);
#1768=VERTEX_POINT('',#5684);
#1769=VERTEX_POINT('',#5689);
#1770=VERTEX_POINT('',#5694);
#1771=VERTEX_POINT('',#5696);
#1772=VERTEX_POINT('',#5701);
#1773=VERTEX_POINT('',#5706);
#1774=VERTEX_POINT('',#5712);
#1775=VERTEX_POINT('',#5713);
#1776=VERTEX_POINT('',#5718);
#1777=VERTEX_POINT('',#5723);
#1778=VERTEX_POINT('',#5725);
#1779=VERTEX_POINT('',#5730);
#1780=VERTEX_POINT('',#5735);
#1781=VERTEX_POINT('',#5762);
#1782=VERTEX_POINT('',#5763);
#1783=VERTEX_POINT('',#5768);
#1784=VERTEX_POINT('',#5773);
#1785=VERTEX_POINT('',#5775);
#1786=VERTEX_POINT('',#5780);
#1787=VERTEX_POINT('',#5785);
#1788=VERTEX_POINT('',#5809);
#1789=VERTEX_POINT('',#5810);
#1790=VERTEX_POINT('',#5815);
#1791=VERTEX_POINT('',#5820);
#1792=VERTEX_POINT('',#5822);
#1793=VERTEX_POINT('',#5824);
#1794=VERTEX_POINT('',#5826);
#1795=VERTEX_POINT('',#5828);
#1796=VERTEX_POINT('',#5830);
#1797=VERTEX_POINT('',#5835);
#1798=VERTEX_POINT('',#5840);
#1799=VERTEX_POINT('',#5842);
#1800=VERTEX_POINT('',#5844);
#1801=VERTEX_POINT('',#5847);
#1802=VERTEX_POINT('',#5848);
#1803=VERTEX_POINT('',#5853);
#1804=VERTEX_POINT('',#5858);
#1805=VERTEX_POINT('',#5860);
#1806=VERTEX_POINT('',#5865);
#1807=VERTEX_POINT('',#5870);
#1808=VERTEX_POINT('',#5876);
#1809=VERTEX_POINT('',#5877);
#1810=VERTEX_POINT('',#5882);
#1811=VERTEX_POINT('',#5887);
#1812=VERTEX_POINT('',#5889);
#1813=VERTEX_POINT('',#5894);
#1814=VERTEX_POINT('',#5950);
#1815=VERTEX_POINT('',#5958);
#1816=VERTEX_POINT('',#5959);
#1817=VERTEX_POINT('',#5964);
#1818=VERTEX_POINT('',#5969);
#1819=VERTEX_POINT('',#5971);
#1820=VERTEX_POINT('',#5976);
#1821=VERTEX_POINT('',#5981);
#1822=VERTEX_POINT('',#6005);
#1823=VERTEX_POINT('',#6006);
#1824=VERTEX_POINT('',#6008);
#1825=VERTEX_POINT('',#6011);
#1826=VERTEX_POINT('',#6012);
#1827=VERTEX_POINT('',#6014);
#1828=VERTEX_POINT('',#6016);
#1829=VERTEX_POINT('',#6018);
#1830=VERTEX_POINT('',#6027);
#1831=VERTEX_POINT('',#6028);
#1832=VERTEX_POINT('',#6030);
#1833=VERTEX_POINT('',#6035);
#1834=VERTEX_POINT('',#6040);
#1835=VERTEX_POINT('',#6043);
#1836=VERTEX_POINT('',#6044);
#1837=VERTEX_POINT('',#6046);
#1838=VERTEX_POINT('',#6048);
#1839=VERTEX_POINT('',#6050);
#1840=VERTEX_POINT('',#6110);
#1841=VERTEX_POINT('',#6111);
#1842=VERTEX_POINT('',#6113);
#1843=VERTEX_POINT('',#6118);
#1844=VERTEX_POINT('',#6123);
#1845=VERTEX_POINT('',#6126);
#1846=VERTEX_POINT('',#6127);
#1847=VERTEX_POINT('',#6129);
#1848=VERTEX_POINT('',#6131);
#1849=VERTEX_POINT('',#6133);
#1850=VERTEX_POINT('',#6142);
#1851=VERTEX_POINT('',#6143);
#1852=VERTEX_POINT('',#6145);
#1853=VERTEX_POINT('',#6150);
#1854=VERTEX_POINT('',#6155);
#1855=VERTEX_POINT('',#6158);
#1856=VERTEX_POINT('',#6159);
#1857=VERTEX_POINT('',#6161);
#1858=VERTEX_POINT('',#6166);
#1859=VERTEX_POINT('',#6171);
#1860=VERTEX_POINT('',#6175);
#1861=VERTEX_POINT('',#6179);
#1862=VERTEX_POINT('',#6183);
#1863=VERTEX_POINT('',#6184);
#1864=VERTEX_POINT('',#6189);
#1865=VERTEX_POINT('',#6193);
#1866=VERTEX_POINT('',#6197);
#1867=VERTEX_POINT('',#6199);
#1868=VERTEX_POINT('',#6203);
#1869=VERTEX_POINT('',#6207);
#1870=VERTEX_POINT('',#6209);
#1871=VERTEX_POINT('',#6213);
#1872=VERTEX_POINT('',#6217);
#1873=VERTEX_POINT('',#6219);
#1874=VERTEX_POINT('',#6223);
#1875=VERTEX_POINT('',#6225);
#1876=VERTEX_POINT('',#6229);
#1877=VERTEX_POINT('',#6231);
#1878=VERTEX_POINT('',#6235);
#1879=VERTEX_POINT('',#6237);
#1880=VERTEX_POINT('',#6241);
#1881=VERTEX_POINT('',#6243);
#1882=VERTEX_POINT('',#6247);
#1883=VERTEX_POINT('',#6249);
#1884=VERTEX_POINT('',#6253);
#1885=VERTEX_POINT('',#6255);
#1886=VERTEX_POINT('',#6259);
#1887=VERTEX_POINT('',#6263);
#1888=VERTEX_POINT('',#6267);
#1889=VERTEX_POINT('',#6271);
#1890=VERTEX_POINT('',#6275);
#1891=VERTEX_POINT('',#6279);
#1892=VERTEX_POINT('',#6283);
#1893=VERTEX_POINT('',#6287);
#1894=VERTEX_POINT('',#6291);
#1895=VERTEX_POINT('',#6295);
#1896=VERTEX_POINT('',#6297);
#1897=VERTEX_POINT('',#6299);
#1898=VERTEX_POINT('',#6303);
#1899=VERTEX_POINT('',#6305);
#1900=VERTEX_POINT('',#6314);
#1901=VERTEX_POINT('',#6316);
#1902=VERTEX_POINT('',#6325);
#1903=VERTEX_POINT('',#6334);
#1904=VERTEX_POINT('',#6336);
#1905=VERTEX_POINT('',#6345);
#1906=VERTEX_POINT('',#6354);
#1907=VERTEX_POINT('',#6356);
#1908=VERTEX_POINT('',#6361);
#1909=VERTEX_POINT('',#6367);
#1910=VERTEX_POINT('',#6376);
#1911=VERTEX_POINT('',#6377);
#1912=VERTEX_POINT('',#6379);
#1913=VERTEX_POINT('',#6381);
#1914=VERTEX_POINT('',#6384);
#1915=VERTEX_POINT('',#6385);
#1916=VERTEX_POINT('',#6390);
#1917=VERTEX_POINT('',#6395);
#1918=VERTEX_POINT('',#6397);
#1919=VERTEX_POINT('',#6402);
#1920=VERTEX_POINT('',#6407);
#1921=VERTEX_POINT('',#6413);
#1922=VERTEX_POINT('',#6414);
#1923=VERTEX_POINT('',#6419);
#1924=VERTEX_POINT('',#6424);
#1925=VERTEX_POINT('',#6426);
#1926=VERTEX_POINT('',#6431);
#1927=VERTEX_POINT('',#6436);
#1928=VERTEX_POINT('',#6442);
#1929=VERTEX_POINT('',#6443);
#1930=VERTEX_POINT('',#6448);
#1931=VERTEX_POINT('',#6453);
#1932=VERTEX_POINT('',#6455);
#1933=VERTEX_POINT('',#6460);
#1934=VERTEX_POINT('',#6465);
#1935=VERTEX_POINT('',#6471);
#1936=VERTEX_POINT('',#6472);
#1937=VERTEX_POINT('',#6477);
#1938=VERTEX_POINT('',#6482);
#1939=VERTEX_POINT('',#6484);
#1940=VERTEX_POINT('',#6489);
#1941=VERTEX_POINT('',#6494);
#1942=VERTEX_POINT('',#6500);
#1943=VERTEX_POINT('',#6501);
#1944=VERTEX_POINT('',#6506);
#1945=VERTEX_POINT('',#6508);
#1946=VERTEX_POINT('',#6510);
#1947=VERTEX_POINT('',#6512);
#1948=VERTEX_POINT('',#6514);
#1949=VERTEX_POINT('',#6518);
#1950=VERTEX_POINT('',#6523);
#1951=VERTEX_POINT('',#6525);
#1952=VERTEX_POINT('',#6527);
#1953=VERTEX_POINT('',#6529);
#1954=VERTEX_POINT('',#6531);
#1955=VERTEX_POINT('',#6537);
#1956=VERTEX_POINT('',#6538);
#1957=VERTEX_POINT('',#6543);
#1958=VERTEX_POINT('',#6548);
#1959=VERTEX_POINT('',#6550);
#1960=VERTEX_POINT('',#6555);
#1961=VERTEX_POINT('',#6560);
#1962=VERTEX_POINT('',#6566);
#1963=VERTEX_POINT('',#6567);
#1964=VERTEX_POINT('',#6572);
#1965=VERTEX_POINT('',#6577);
#1966=VERTEX_POINT('',#6579);
#1967=VERTEX_POINT('',#6584);
#1968=VERTEX_POINT('',#6589);
#1969=VERTEX_POINT('',#6595);
#1970=VERTEX_POINT('',#6596);
#1971=VERTEX_POINT('',#6601);
#1972=VERTEX_POINT('',#6606);
#1973=VERTEX_POINT('',#6608);
#1974=VERTEX_POINT('',#6613);
#1975=VERTEX_POINT('',#6618);
#1976=VERTEX_POINT('',#7158);
#1977=VERTEX_POINT('',#7160);
#1978=VERTEX_POINT('',#7164);
#1979=VERTEX_POINT('',#7165);
#1980=VERTEX_POINT('',#7170);
#1981=VERTEX_POINT('',#7174);
#1982=VERTEX_POINT('',#7178);
#1983=VERTEX_POINT('',#7179);
#1984=VERTEX_POINT('',#7186);
#1985=VERTEX_POINT('',#7188);
#1986=VERTEX_POINT('',#7194);
#1987=VERTEX_POINT('',#7195);
#1988=VERTEX_POINT('',#7202);
#1989=VERTEX_POINT('',#7203);
#1990=VERTEX_POINT('',#7210);
#1991=VERTEX_POINT('',#7211);
#1992=VERTEX_POINT('',#7213);
#1993=VERTEX_POINT('',#7215);
#1994=VERTEX_POINT('',#7217);
#1995=VERTEX_POINT('',#7219);
#1996=VERTEX_POINT('',#7222);
#1997=VERTEX_POINT('',#7224);
#1998=VERTEX_POINT('',#7228);
#1999=VERTEX_POINT('',#7230);
#2000=VERTEX_POINT('',#7232);
#2001=VERTEX_POINT('',#7234);
#2002=VERTEX_POINT('',#7236);
#2003=VERTEX_POINT('',#7238);
#2004=VERTEX_POINT('',#7240);
#2005=VERTEX_POINT('',#7242);
#2006=VERTEX_POINT('',#7244);
#2007=VERTEX_POINT('',#7246);
#2008=VERTEX_POINT('',#7248);
#2009=VERTEX_POINT('',#7250);
#2010=VERTEX_POINT('',#7252);
#2011=VERTEX_POINT('',#7254);
#2012=VERTEX_POINT('',#7256);
#2013=VERTEX_POINT('',#7258);
#2014=VERTEX_POINT('',#7260);
#2015=VERTEX_POINT('',#7262);
#2016=VERTEX_POINT('',#7264);
#2017=VERTEX_POINT('',#7266);
#2018=VERTEX_POINT('',#7268);
#2019=VERTEX_POINT('',#7272);
#2020=VERTEX_POINT('',#7274);
#2021=VERTEX_POINT('',#7276);
#2022=VERTEX_POINT('',#7278);
#2023=VERTEX_POINT('',#7280);
#2024=VERTEX_POINT('',#7283);
#2025=VERTEX_POINT('',#7285);
#2026=VERTEX_POINT('',#7289);
#2027=VERTEX_POINT('',#7291);
#2028=VERTEX_POINT('',#7295);
#2029=VERTEX_POINT('',#7297);
#2030=VERTEX_POINT('',#7301);
#2031=VERTEX_POINT('',#7303);
#2032=VERTEX_POINT('',#7305);
#2033=VERTEX_POINT('',#7309);
#2034=VERTEX_POINT('',#7311);
#2035=VERTEX_POINT('',#7315);
#2036=VERTEX_POINT('',#7317);
#2037=VERTEX_POINT('',#7319);
#2038=VERTEX_POINT('',#7323);
#2039=VERTEX_POINT('',#7325);
#2040=VERTEX_POINT('',#7329);
#2041=VERTEX_POINT('',#7331);
#2042=VERTEX_POINT('',#7333);
#2043=VERTEX_POINT('',#7337);
#2044=VERTEX_POINT('',#7339);
#2045=VERTEX_POINT('',#7341);
#2046=VERTEX_POINT('',#7343);
#2047=VERTEX_POINT('',#7347);
#2048=VERTEX_POINT('',#7349);
#2049=VERTEX_POINT('',#7351);
#2050=VERTEX_POINT('',#7353);
#2051=VERTEX_POINT('',#7357);
#2052=VERTEX_POINT('',#7359);
#2053=VERTEX_POINT('',#7362);
#2054=VERTEX_POINT('',#7364);
#2055=VERTEX_POINT('',#7366);
#2056=VERTEX_POINT('',#7368);
#2057=VERTEX_POINT('',#7374);
#2058=VERTEX_POINT('',#7376);
#2059=VERTEX_POINT('',#7378);
#2060=VERTEX_POINT('',#7380);
#2061=VERTEX_POINT('',#7384);
#2062=VERTEX_POINT('',#7388);
#2063=VERTEX_POINT('',#7390);
#2064=VERTEX_POINT('',#7395);
#2065=VERTEX_POINT('',#7406);
#2066=VERTEX_POINT('',#7410);
#2067=VERTEX_POINT('',#7416);
#2068=VERTEX_POINT('',#7426);
#2069=VERTEX_POINT('',#7428);
#2070=VERTEX_POINT('',#7430);
#2071=VERTEX_POINT('',#7434);
#2072=VERTEX_POINT('',#7436);
#2073=VERTEX_POINT('',#7438);
#2074=VERTEX_POINT('',#7440);
#2075=VERTEX_POINT('',#7442);
#2076=VERTEX_POINT('',#7444);
#2077=VERTEX_POINT('',#7446);
#2078=VERTEX_POINT('',#7448);
#2079=VERTEX_POINT('',#7450);
#2080=VERTEX_POINT('',#7452);
#2081=VERTEX_POINT('',#7454);
#2082=VERTEX_POINT('',#7456);
#2083=VERTEX_POINT('',#7458);
#2084=VERTEX_POINT('',#7460);
#2085=VERTEX_POINT('',#7464);
#2086=VERTEX_POINT('',#7482);
#2087=VERTEX_POINT('',#7484);
#2088=VERTEX_POINT('',#7488);
#2089=VERTEX_POINT('',#7490);
#2090=VERTEX_POINT('',#7494);
#2091=VERTEX_POINT('',#7496);
#2092=VERTEX_POINT('',#7499);
#2093=VERTEX_POINT('',#7501);
#2094=VERTEX_POINT('',#7505);
#2095=VERTEX_POINT('',#7509);
#2096=VERTEX_POINT('',#7516);
#2097=VERTEX_POINT('',#7518);
#2098=VERTEX_POINT('',#7522);
#2099=VERTEX_POINT('',#7524);
#2100=VERTEX_POINT('',#7556);
#2101=VERTEX_POINT('',#7557);
#2102=VERTEX_POINT('',#7559);
#2103=VERTEX_POINT('',#7561);
#2104=VERTEX_POINT('',#7565);
#2105=VERTEX_POINT('',#7570);
#2106=VERTEX_POINT('',#7578);
#2107=VERTEX_POINT('',#7580);
#2108=VERTEX_POINT('',#7584);
#2109=VERTEX_POINT('',#7588);
#2110=VERTEX_POINT('',#7595);
#2111=VERTEX_POINT('',#7596);
#2112=VERTEX_POINT('',#7598);
#2113=VERTEX_POINT('',#7600);
#2114=VERTEX_POINT('',#7604);
#2115=VERTEX_POINT('',#7606);
#2116=VERTEX_POINT('',#7608);
#2117=VERTEX_POINT('',#7612);
#2118=VERTEX_POINT('',#7616);
#2119=VERTEX_POINT('',#7620);
#2120=VERTEX_POINT('',#7626);
#2121=VERTEX_POINT('',#7628);
#2122=VERTEX_POINT('',#7632);
#2123=VERTEX_POINT('',#7634);
#2124=VERTEX_POINT('',#7638);
#2125=VERTEX_POINT('',#7640);
#2126=VERTEX_POINT('',#7649);
#2127=VERTEX_POINT('',#7650);
#2128=VERTEX_POINT('',#7652);
#2129=VERTEX_POINT('',#7654);
#2130=VERTEX_POINT('',#7658);
#2131=VERTEX_POINT('',#7660);
#2132=VERTEX_POINT('',#7662);
#2133=VERTEX_POINT('',#7666);
#2134=VERTEX_POINT('',#7670);
#2135=VERTEX_POINT('',#7674);
#2136=VERTEX_POINT('',#7680);
#2137=VERTEX_POINT('',#7682);
#2138=VERTEX_POINT('',#7686);
#2139=VERTEX_POINT('',#7688);
#2140=VERTEX_POINT('',#7692);
#2141=VERTEX_POINT('',#7696);
#2142=EDGE_CURVE('',#1732,#1733,#1673,.T.);
#2143=EDGE_CURVE('',#1734,#1732,#739,.T.);
#2144=EDGE_CURVE('',#1734,#1735,#740,.T.);
#2145=EDGE_CURVE('',#1736,#1735,#741,.T.);
#2146=EDGE_CURVE('',#1737,#1736,#1674,.T.);
#2147=EDGE_CURVE('',#1738,#1737,#742,.T.);
#2148=EDGE_CURVE('',#1739,#1738,#743,.T.);
#2149=EDGE_CURVE('',#1733,#1739,#744,.T.);
#2150=EDGE_CURVE('',#1740,#1741,#1675,.T.);
#2151=EDGE_CURVE('',#1742,#1740,#745,.T.);
#2152=EDGE_CURVE('',#1743,#1742,#746,.T.);
#2153=EDGE_CURVE('',#1744,#1743,#747,.T.);
#2154=EDGE_CURVE('',#1744,#1741,#748,.T.);
#2155=EDGE_CURVE('',#1741,#1745,#749,.T.);
#2156=EDGE_CURVE('',#1746,#1744,#750,.T.);
#2157=EDGE_CURVE('',#1746,#1745,#751,.T.);
#2158=EDGE_CURVE('',#1747,#1748,#1676,.T.);
#2159=EDGE_CURVE('',#1749,#1747,#752,.T.);
#2160=EDGE_CURVE('',#1750,#1749,#753,.T.);
#2161=EDGE_CURVE('',#1751,#1750,#754,.T.);
#2162=EDGE_CURVE('',#1745,#1751,#1677,.T.);
#2163=EDGE_CURVE('',#1748,#1746,#755,.T.);
#2164=EDGE_CURVE('',#1735,#1742,#756,.T.);
#2165=EDGE_CURVE('',#1743,#1734,#757,.T.);
#2166=EDGE_CURVE('',#1752,#1732,#758,.T.);
#2167=EDGE_CURVE('',#1753,#1752,#759,.T.);
#2168=EDGE_CURVE('',#1754,#1753,#760,.T.);
#2169=EDGE_CURVE('',#1755,#1754,#761,.T.);
#2170=EDGE_CURVE('',#1748,#1755,#762,.T.);
#2171=EDGE_CURVE('',#1756,#1757,#763,.T.);
#2172=EDGE_CURVE('',#1757,#1758,#764,.T.);
#2173=EDGE_CURVE('',#1758,#1759,#765,.T.);
#2174=EDGE_CURVE('',#1759,#1756,#766,.T.);
#2175=EDGE_CURVE('',#1760,#1761,#109,.T.);
#2176=EDGE_CURVE('',#1761,#1762,#110,.T.);
#2177=EDGE_CURVE('',#1762,#1763,#767,.T.);
#2178=EDGE_CURVE('',#1763,#1764,#111,.T.);
#2179=EDGE_CURVE('',#1764,#1765,#112,.T.);
#2180=EDGE_CURVE('',#1765,#1766,#768,.T.);
#2181=EDGE_CURVE('',#1766,#1760,#113,.T.);
#2182=EDGE_CURVE('',#1767,#1768,#114,.T.);
#2183=EDGE_CURVE('',#1768,#1769,#115,.T.);
#2184=EDGE_CURVE('',#1769,#1770,#769,.T.);
#2185=EDGE_CURVE('',#1770,#1771,#116,.T.);
#2186=EDGE_CURVE('',#1771,#1772,#117,.T.);
#2187=EDGE_CURVE('',#1772,#1773,#770,.T.);
#2188=EDGE_CURVE('',#1773,#1767,#118,.T.);
#2189=EDGE_CURVE('',#1774,#1775,#119,.T.);
#2190=EDGE_CURVE('',#1775,#1776,#120,.T.);
#2191=EDGE_CURVE('',#1776,#1777,#771,.T.);
#2192=EDGE_CURVE('',#1777,#1778,#121,.T.);
#2193=EDGE_CURVE('',#1778,#1779,#122,.T.);
#2194=EDGE_CURVE('',#1779,#1780,#772,.T.);
#2195=EDGE_CURVE('',#1780,#1774,#123,.T.);
#2196=EDGE_CURVE('',#1781,#1782,#124,.T.);
#2197=EDGE_CURVE('',#1782,#1783,#125,.T.);
#2198=EDGE_CURVE('',#1783,#1784,#773,.T.);
#2199=EDGE_CURVE('',#1784,#1785,#126,.T.);
#2200=EDGE_CURVE('',#1785,#1786,#127,.T.);
#2201=EDGE_CURVE('',#1786,#1787,#774,.T.);
#2202=EDGE_CURVE('',#1787,#1781,#128,.T.);
#2203=EDGE_CURVE('',#1788,#1789,#129,.T.);
#2204=EDGE_CURVE('',#1789,#1790,#130,.T.);
#2205=EDGE_CURVE('',#1790,#1791,#775,.T.);
#2206=EDGE_CURVE('',#1791,#1792,#776,.T.);
#2207=EDGE_CURVE('',#1792,#1793,#777,.T.);
#2208=EDGE_CURVE('',#1793,#1794,#778,.T.);
#2209=EDGE_CURVE('',#1794,#1795,#779,.T.);
#2210=EDGE_CURVE('',#1795,#1796,#131,.T.);
#2211=EDGE_CURVE('',#1796,#1797,#132,.T.);
#2212=EDGE_CURVE('',#1797,#1798,#780,.T.);
#2213=EDGE_CURVE('',#1798,#1799,#781,.T.);
#2214=EDGE_CURVE('',#1799,#1800,#782,.T.);
#2215=EDGE_CURVE('',#1800,#1788,#783,.T.);
#2216=EDGE_CURVE('',#1801,#1802,#133,.T.);
#2217=EDGE_CURVE('',#1802,#1803,#134,.T.);
#2218=EDGE_CURVE('',#1803,#1804,#784,.T.);
#2219=EDGE_CURVE('',#1804,#1805,#135,.T.);
#2220=EDGE_CURVE('',#1805,#1806,#136,.T.);
#2221=EDGE_CURVE('',#1806,#1807,#785,.T.);
#2222=EDGE_CURVE('',#1807,#1801,#137,.T.);
#2223=EDGE_CURVE('',#1808,#1809,#138,.T.);
#2224=EDGE_CURVE('',#1809,#1810,#139,.T.);
#2225=EDGE_CURVE('',#1810,#1811,#786,.T.);
#2226=EDGE_CURVE('',#1811,#1812,#140,.T.);
#2227=EDGE_CURVE('',#1812,#1813,#141,.T.);
#2228=EDGE_CURVE('',#1813,#1814,#787,.T.);
#2229=EDGE_CURVE('',#1814,#1808,#142,.T.);
#2230=EDGE_CURVE('',#1815,#1816,#143,.T.);
#2231=EDGE_CURVE('',#1816,#1817,#144,.T.);
#2232=EDGE_CURVE('',#1817,#1818,#788,.T.);
#2233=EDGE_CURVE('',#1818,#1819,#145,.T.);
#2234=EDGE_CURVE('',#1819,#1820,#146,.T.);
#2235=EDGE_CURVE('',#1820,#1821,#789,.T.);
#2236=EDGE_CURVE('',#1821,#1815,#147,.T.);
#2237=EDGE_CURVE('',#1822,#1823,#790,.T.);
#2238=EDGE_CURVE('',#1822,#1824,#791,.T.);
#2239=EDGE_CURVE('',#1824,#1823,#792,.T.);
#2240=EDGE_CURVE('',#1825,#1826,#793,.T.);
#2241=EDGE_CURVE('',#1827,#1826,#1678,.T.);
#2242=EDGE_CURVE('',#1827,#1828,#794,.T.);
#2243=EDGE_CURVE('',#1828,#1829,#148,.T.);
#2244=EDGE_CURVE('',#1829,#1825,#149,.T.);
#2245=EDGE_CURVE('',#1830,#1831,#795,.T.);
#2246=EDGE_CURVE('',#1831,#1832,#150,.T.);
#2247=EDGE_CURVE('',#1832,#1833,#151,.T.);
#2248=EDGE_CURVE('',#1833,#1834,#796,.T.);
#2249=EDGE_CURVE('',#1830,#1834,#1679,.T.);
#2250=EDGE_CURVE('',#1835,#1836,#797,.T.);
#2251=EDGE_CURVE('',#1837,#1836,#1680,.T.);
#2252=EDGE_CURVE('',#1837,#1838,#798,.T.);
#2253=EDGE_CURVE('',#1838,#1839,#152,.T.);
#2254=EDGE_CURVE('',#1839,#1835,#153,.T.);
#2255=EDGE_CURVE('',#1840,#1841,#799,.T.);
#2256=EDGE_CURVE('',#1841,#1842,#154,.T.);
#2257=EDGE_CURVE('',#1842,#1843,#155,.T.);
#2258=EDGE_CURVE('',#1843,#1844,#800,.T.);
#2259=EDGE_CURVE('',#1840,#1844,#1681,.T.);
#2260=EDGE_CURVE('',#1845,#1846,#801,.T.);
#2261=EDGE_CURVE('',#1847,#1846,#1682,.T.);
#2262=EDGE_CURVE('',#1847,#1848,#802,.T.);
#2263=EDGE_CURVE('',#1848,#1849,#156,.T.);
#2264=EDGE_CURVE('',#1849,#1845,#157,.T.);
#2265=EDGE_CURVE('',#1850,#1851,#803,.T.);
#2266=EDGE_CURVE('',#1851,#1852,#158,.T.);
#2267=EDGE_CURVE('',#1852,#1853,#159,.T.);
#2268=EDGE_CURVE('',#1853,#1854,#804,.T.);
#2269=EDGE_CURVE('',#1850,#1854,#1683,.T.);
#2270=EDGE_CURVE('',#1855,#1856,#805,.T.);
#2271=EDGE_CURVE('',#1856,#1857,#160,.T.);
#2272=EDGE_CURVE('',#1857,#1858,#161,.T.);
#2273=EDGE_CURVE('',#1858,#1859,#806,.T.);
#2274=EDGE_CURVE('',#1855,#1859,#1684,.T.);
#2275=EDGE_CURVE('',#1733,#1860,#807,.T.);
#2276=EDGE_CURVE('',#1752,#1860,#1685,.T.);
#2277=EDGE_CURVE('',#1755,#1861,#1686,.F.);
#2278=EDGE_CURVE('',#1861,#1747,#808,.T.);
#2279=EDGE_CURVE('',#1862,#1863,#809,.T.);
#2280=EDGE_CURVE('',#1860,#1862,#810,.T.);
#2281=EDGE_CURVE('',#1739,#1863,#811,.T.);
#2282=EDGE_CURVE('',#1864,#1861,#812,.T.);
#2283=EDGE_CURVE('',#1864,#1749,#813,.T.);
#2284=EDGE_CURVE('',#1865,#1738,#814,.F.);
#2285=EDGE_CURVE('',#1865,#1863,#815,.T.);
#2286=EDGE_CURVE('',#1866,#1737,#816,.T.);
#2287=EDGE_CURVE('',#1867,#1866,#817,.T.);
#2288=EDGE_CURVE('',#1865,#1867,#818,.T.);
#2289=EDGE_CURVE('',#1736,#1868,#819,.T.);
#2290=EDGE_CURVE('',#1868,#1866,#1687,.F.);
#2291=EDGE_CURVE('',#1869,#1823,#820,.T.);
#2292=EDGE_CURVE('',#1870,#1869,#821,.T.);
#2293=EDGE_CURVE('',#1822,#1870,#822,.T.);
#2294=EDGE_CURVE('',#1824,#1871,#823,.T.);
#2295=EDGE_CURVE('',#1871,#1870,#824,.T.);
#2296=EDGE_CURVE('',#1872,#1834,#825,.T.);
#2297=EDGE_CURVE('',#1873,#1872,#1688,.T.);
#2298=EDGE_CURVE('',#1830,#1873,#826,.T.);
#2299=EDGE_CURVE('',#1874,#1844,#827,.T.);
#2300=EDGE_CURVE('',#1875,#1874,#1689,.T.);
#2301=EDGE_CURVE('',#1840,#1875,#828,.T.);
#2302=EDGE_CURVE('',#1876,#1854,#829,.T.);
#2303=EDGE_CURVE('',#1877,#1876,#1690,.T.);
#2304=EDGE_CURVE('',#1850,#1877,#830,.T.);
#2305=EDGE_CURVE('',#1878,#1846,#831,.T.);
#2306=EDGE_CURVE('',#1879,#1878,#1691,.T.);
#2307=EDGE_CURVE('',#1847,#1879,#832,.T.);
#2308=EDGE_CURVE('',#1880,#1836,#833,.T.);
#2309=EDGE_CURVE('',#1881,#1880,#1692,.T.);
#2310=EDGE_CURVE('',#1837,#1881,#834,.T.);
#2311=EDGE_CURVE('',#1882,#1826,#835,.T.);
#2312=EDGE_CURVE('',#1883,#1882,#1693,.T.);
#2313=EDGE_CURVE('',#1827,#1883,#836,.T.);
#2314=EDGE_CURVE('',#1884,#1859,#837,.T.);
#2315=EDGE_CURVE('',#1885,#1884,#1694,.T.);
#2316=EDGE_CURVE('',#1855,#1885,#838,.T.);
#2317=EDGE_CURVE('',#1886,#1877,#839,.T.);
#2318=EDGE_CURVE('',#1886,#1851,#840,.T.);
#2319=EDGE_CURVE('',#1887,#1879,#841,.T.);
#2320=EDGE_CURVE('',#1887,#1848,#842,.T.);
#2321=EDGE_CURVE('',#1888,#1853,#843,.T.);
#2322=EDGE_CURVE('',#1876,#1888,#844,.T.);
#2323=EDGE_CURVE('',#1889,#1875,#845,.T.);
#2324=EDGE_CURVE('',#1889,#1841,#846,.T.);
#2325=EDGE_CURVE('',#1890,#1881,#847,.T.);
#2326=EDGE_CURVE('',#1890,#1838,#848,.T.);
#2327=EDGE_CURVE('',#1891,#1843,#849,.T.);
#2328=EDGE_CURVE('',#1874,#1891,#850,.T.);
#2329=EDGE_CURVE('',#1892,#1873,#851,.T.);
#2330=EDGE_CURVE('',#1892,#1831,#852,.T.);
#2331=EDGE_CURVE('',#1893,#1883,#853,.T.);
#2332=EDGE_CURVE('',#1893,#1828,#854,.T.);
#2333=EDGE_CURVE('',#1894,#1833,#855,.T.);
#2334=EDGE_CURVE('',#1872,#1894,#856,.T.);
#2335=EDGE_CURVE('',#1895,#1740,#857,.T.);
#2336=EDGE_CURVE('',#1896,#1895,#858,.T.);
#2337=EDGE_CURVE('',#1897,#1896,#859,.T.);
#2338=EDGE_CURVE('',#1868,#1897,#860,.T.);
#2339=EDGE_CURVE('',#1869,#1871,#861,.T.);
#2340=EDGE_CURVE('',#1878,#1898,#862,.T.);
#2341=EDGE_CURVE('',#1898,#1899,#162,.T.);
#2342=EDGE_CURVE('',#1899,#1887,#163,.T.);
#2343=EDGE_CURVE('',#1880,#1900,#863,.T.);
#2344=EDGE_CURVE('',#1900,#1901,#164,.T.);
#2345=EDGE_CURVE('',#1901,#1890,#165,.T.);
#2346=EDGE_CURVE('',#1888,#1902,#166,.T.);
#2347=EDGE_CURVE('',#1902,#1886,#167,.T.);
#2348=EDGE_CURVE('',#1882,#1903,#864,.T.);
#2349=EDGE_CURVE('',#1903,#1904,#168,.T.);
#2350=EDGE_CURVE('',#1904,#1893,#169,.T.);
#2351=EDGE_CURVE('',#1891,#1905,#170,.T.);
#2352=EDGE_CURVE('',#1905,#1889,#171,.T.);
#2353=EDGE_CURVE('',#1884,#1906,#865,.T.);
#2354=EDGE_CURVE('',#1906,#1907,#172,.T.);
#2355=EDGE_CURVE('',#1907,#1908,#173,.T.);
#2356=EDGE_CURVE('',#1908,#1885,#866,.T.);
#2357=EDGE_CURVE('',#1894,#1909,#174,.T.);
#2358=EDGE_CURVE('',#1909,#1892,#175,.T.);
#2359=EDGE_CURVE('',#1910,#1911,#867,.T.);
#2360=EDGE_CURVE('',#1911,#1912,#868,.T.);
#2361=EDGE_CURVE('',#1912,#1913,#869,.T.);
#2362=EDGE_CURVE('',#1913,#1910,#870,.T.);
#2363=EDGE_CURVE('',#1914,#1915,#176,.T.);
#2364=EDGE_CURVE('',#1915,#1916,#177,.T.);
#2365=EDGE_CURVE('',#1916,#1917,#871,.T.);
#2366=EDGE_CURVE('',#1917,#1918,#178,.T.);
#2367=EDGE_CURVE('',#1918,#1919,#179,.T.);
#2368=EDGE_CURVE('',#1919,#1920,#872,.T.);
#2369=EDGE_CURVE('',#1920,#1914,#180,.T.);
#2370=EDGE_CURVE('',#1921,#1922,#181,.T.);
#2371=EDGE_CURVE('',#1922,#1923,#182,.T.);
#2372=EDGE_CURVE('',#1923,#1924,#873,.T.);
#2373=EDGE_CURVE('',#1924,#1925,#183,.T.);
#2374=EDGE_CURVE('',#1925,#1926,#184,.T.);
#2375=EDGE_CURVE('',#1926,#1927,#874,.T.);
#2376=EDGE_CURVE('',#1927,#1921,#185,.T.);
#2377=EDGE_CURVE('',#1928,#1929,#186,.T.);
#2378=EDGE_CURVE('',#1929,#1930,#187,.T.);
#2379=EDGE_CURVE('',#1930,#1931,#875,.T.);
#2380=EDGE_CURVE('',#1931,#1932,#188,.T.);
#2381=EDGE_CURVE('',#1932,#1933,#189,.T.);
#2382=EDGE_CURVE('',#1933,#1934,#876,.T.);
#2383=EDGE_CURVE('',#1934,#1928,#190,.T.);
#2384=EDGE_CURVE('',#1935,#1936,#191,.T.);
#2385=EDGE_CURVE('',#1936,#1937,#192,.T.);
#2386=EDGE_CURVE('',#1937,#1938,#877,.T.);
#2387=EDGE_CURVE('',#1938,#1939,#193,.T.);
#2388=EDGE_CURVE('',#1939,#1940,#194,.T.);
#2389=EDGE_CURVE('',#1940,#1941,#878,.T.);
#2390=EDGE_CURVE('',#1941,#1935,#195,.T.);
#2391=EDGE_CURVE('',#1942,#1943,#196,.T.);
#2392=EDGE_CURVE('',#1943,#1944,#879,.T.);
#2393=EDGE_CURVE('',#1944,#1945,#880,.T.);
#2394=EDGE_CURVE('',#1945,#1946,#881,.T.);
#2395=EDGE_CURVE('',#1946,#1947,#882,.T.);
#2396=EDGE_CURVE('',#1947,#1948,#197,.T.);
#2397=EDGE_CURVE('',#1948,#1949,#198,.T.);
#2398=EDGE_CURVE('',#1949,#1950,#883,.T.);
#2399=EDGE_CURVE('',#1950,#1951,#884,.T.);
#2400=EDGE_CURVE('',#1951,#1952,#885,.T.);
#2401=EDGE_CURVE('',#1952,#1953,#886,.T.);
#2402=EDGE_CURVE('',#1953,#1954,#887,.T.);
#2403=EDGE_CURVE('',#1954,#1942,#199,.T.);
#2404=EDGE_CURVE('',#1955,#1956,#200,.T.);
#2405=EDGE_CURVE('',#1956,#1957,#201,.T.);
#2406=EDGE_CURVE('',#1957,#1958,#888,.T.);
#2407=EDGE_CURVE('',#1958,#1959,#202,.T.);
#2408=EDGE_CURVE('',#1959,#1960,#203,.T.);
#2409=EDGE_CURVE('',#1960,#1961,#889,.T.);
#2410=EDGE_CURVE('',#1961,#1955,#204,.T.);
#2411=EDGE_CURVE('',#1962,#1963,#205,.T.);
#2412=EDGE_CURVE('',#1963,#1964,#206,.T.);
#2413=EDGE_CURVE('',#1964,#1965,#890,.T.);
#2414=EDGE_CURVE('',#1965,#1966,#207,.T.);
#2415=EDGE_CURVE('',#1966,#1967,#208,.T.);
#2416=EDGE_CURVE('',#1967,#1968,#891,.T.);
#2417=EDGE_CURVE('',#1968,#1962,#209,.T.);
#2418=EDGE_CURVE('',#1969,#1970,#210,.T.);
#2419=EDGE_CURVE('',#1970,#1971,#211,.T.);
#2420=EDGE_CURVE('',#1971,#1972,#892,.T.);
#2421=EDGE_CURVE('',#1972,#1973,#212,.T.);
#2422=EDGE_CURVE('',#1973,#1974,#213,.T.);
#2423=EDGE_CURVE('',#1974,#1975,#893,.T.);
#2424=EDGE_CURVE('',#1975,#1969,#214,.T.);
#2425=EDGE_CURVE('',#1973,#1819,#894,.T.);
#2426=EDGE_CURVE('',#1972,#1820,#895,.T.);
#2427=EDGE_CURVE('',#1971,#1821,#896,.T.);
#2428=EDGE_CURVE('',#1970,#1815,#897,.T.);
#2429=EDGE_CURVE('',#1969,#1816,#898,.T.);
#2430=EDGE_CURVE('',#1975,#1817,#899,.T.);
#2431=EDGE_CURVE('',#1974,#1818,#900,.T.);
#2432=EDGE_CURVE('',#1966,#1812,#901,.T.);
#2433=EDGE_CURVE('',#1965,#1813,#902,.T.);
#2434=EDGE_CURVE('',#1964,#1814,#903,.T.);
#2435=EDGE_CURVE('',#1963,#1808,#904,.T.);
#2436=EDGE_CURVE('',#1962,#1809,#905,.T.);
#2437=EDGE_CURVE('',#1968,#1810,#906,.T.);
#2438=EDGE_CURVE('',#1967,#1811,#907,.T.);
#2439=EDGE_CURVE('',#1904,#1829,#908,.T.);
#2440=EDGE_CURVE('',#1903,#1825,#909,.T.);
#2441=EDGE_CURVE('',#1909,#1832,#910,.T.);
#2442=EDGE_CURVE('',#1902,#1852,#911,.T.);
#2443=EDGE_CURVE('',#1907,#1857,#912,.T.);
#2444=EDGE_CURVE('',#1906,#1858,#913,.T.);
#2445=EDGE_CURVE('',#1908,#1856,#914,.T.);
#2446=EDGE_CURVE('',#1959,#1805,#915,.T.);
#2447=EDGE_CURVE('',#1958,#1806,#916,.T.);
#2448=EDGE_CURVE('',#1957,#1807,#917,.T.);
#2449=EDGE_CURVE('',#1956,#1801,#918,.T.);
#2450=EDGE_CURVE('',#1955,#1802,#919,.T.);
#2451=EDGE_CURVE('',#1961,#1803,#920,.T.);
#2452=EDGE_CURVE('',#1960,#1804,#921,.T.);
#2453=EDGE_CURVE('',#1949,#1795,#922,.T.);
#2454=EDGE_CURVE('',#1948,#1796,#923,.T.);
#2455=EDGE_CURVE('',#1947,#1797,#924,.T.);
#2456=EDGE_CURVE('',#1946,#1798,#925,.T.);
#2457=EDGE_CURVE('',#1945,#1799,#926,.T.);
#2458=EDGE_CURVE('',#1944,#1800,#927,.T.);
#2459=EDGE_CURVE('',#1943,#1788,#928,.T.);
#2460=EDGE_CURVE('',#1942,#1789,#929,.T.);
#2461=EDGE_CURVE('',#1954,#1790,#930,.T.);
#2462=EDGE_CURVE('',#1953,#1791,#931,.T.);
#2463=EDGE_CURVE('',#1952,#1792,#932,.T.);
#2464=EDGE_CURVE('',#1951,#1793,#933,.T.);
#2465=EDGE_CURVE('',#1950,#1794,#934,.T.);
#2466=EDGE_CURVE('',#1939,#1785,#935,.T.);
#2467=EDGE_CURVE('',#1938,#1786,#936,.T.);
#2468=EDGE_CURVE('',#1937,#1787,#937,.T.);
#2469=EDGE_CURVE('',#1936,#1781,#938,.T.);
#2470=EDGE_CURVE('',#1935,#1782,#939,.T.);
#2471=EDGE_CURVE('',#1941,#1783,#940,.T.);
#2472=EDGE_CURVE('',#1940,#1784,#941,.T.);
#2473=EDGE_CURVE('',#1932,#1778,#942,.T.);
#2474=EDGE_CURVE('',#1931,#1779,#943,.T.);
#2475=EDGE_CURVE('',#1930,#1780,#944,.T.);
#2476=EDGE_CURVE('',#1929,#1774,#945,.T.);
#2477=EDGE_CURVE('',#1928,#1775,#946,.T.);
#2478=EDGE_CURVE('',#1934,#1776,#947,.T.);
#2479=EDGE_CURVE('',#1933,#1777,#948,.T.);
#2480=EDGE_CURVE('',#1901,#1839,#949,.T.);
#2481=EDGE_CURVE('',#1900,#1835,#950,.T.);
#2482=EDGE_CURVE('',#1905,#1842,#951,.T.);
#2483=EDGE_CURVE('',#1899,#1849,#952,.T.);
#2484=EDGE_CURVE('',#1898,#1845,#953,.T.);
#2485=EDGE_CURVE('',#1925,#1771,#954,.T.);
#2486=EDGE_CURVE('',#1924,#1772,#955,.T.);
#2487=EDGE_CURVE('',#1923,#1773,#956,.T.);
#2488=EDGE_CURVE('',#1922,#1767,#957,.T.);
#2489=EDGE_CURVE('',#1921,#1768,#958,.T.);
#2490=EDGE_CURVE('',#1927,#1769,#959,.T.);
#2491=EDGE_CURVE('',#1926,#1770,#960,.T.);
#2492=EDGE_CURVE('',#1918,#1764,#961,.T.);
#2493=EDGE_CURVE('',#1917,#1765,#962,.T.);
#2494=EDGE_CURVE('',#1916,#1766,#963,.T.);
#2495=EDGE_CURVE('',#1915,#1760,#964,.T.);
#2496=EDGE_CURVE('',#1914,#1761,#965,.T.);
#2497=EDGE_CURVE('',#1920,#1762,#966,.T.);
#2498=EDGE_CURVE('',#1919,#1763,#967,.T.);
#2499=EDGE_CURVE('',#1913,#1758,#968,.T.);
#2500=EDGE_CURVE('',#1912,#1759,#969,.T.);
#2501=EDGE_CURVE('',#1911,#1756,#970,.T.);
#2502=EDGE_CURVE('',#1910,#1757,#971,.T.);
#2503=EDGE_CURVE('',#1976,#1897,#1695,.F.);
#2504=EDGE_CURVE('',#1977,#1976,#1696,.F.);
#2505=EDGE_CURVE('',#1897,#1977,#1697,.F.);
#2506=EDGE_CURVE('',#1978,#1979,#1698,.T.);
#2507=EDGE_CURVE('',#1979,#1977,#972,.T.);
#2508=EDGE_CURVE('',#1976,#1978,#973,.T.);
#2509=EDGE_CURVE('',#1980,#1868,#1699,.F.);
#2510=EDGE_CURVE('',#1866,#1980,#1700,.F.);
#2511=EDGE_CURVE('',#1981,#1867,#1701,.T.);
#2512=EDGE_CURVE('',#1980,#1981,#974,.T.);
#2513=EDGE_CURVE('',#1982,#1983,#1702,.F.);
#2514=EDGE_CURVE('',#1896,#1982,#1703,.F.);
#2515=EDGE_CURVE('',#1983,#1896,#1704,.F.);
#2516=EDGE_CURVE('',#1982,#1976,#975,.T.);
#2517=EDGE_CURVE('',#1895,#1984,#1705,.F.);
#2518=EDGE_CURVE('',#1985,#1895,#1706,.F.);
#2519=EDGE_CURVE('',#1984,#1985,#1707,.F.);
#2520=EDGE_CURVE('',#1751,#1985,#976,.T.);
#2521=EDGE_CURVE('',#1986,#1987,#1708,.T.);
#2522=EDGE_CURVE('',#1987,#1984,#977,.T.);
#2523=EDGE_CURVE('',#1985,#1986,#978,.T.);
#2524=EDGE_CURVE('',#1984,#1983,#979,.T.);
#2525=EDGE_CURVE('',#1988,#1989,#1709,.T.);
#2526=EDGE_CURVE('',#1989,#1982,#980,.T.);
#2527=EDGE_CURVE('',#1983,#1988,#981,.T.);
#2528=EDGE_CURVE('',#1977,#1980,#982,.T.);
#2529=EDGE_CURVE('',#1990,#1991,#983,.T.);
#2530=EDGE_CURVE('',#1992,#1990,#984,.T.);
#2531=EDGE_CURVE('',#1993,#1992,#985,.T.);
#2532=EDGE_CURVE('',#1994,#1993,#986,.T.);
#2533=EDGE_CURVE('',#1995,#1994,#987,.T.);
#2534=EDGE_CURVE('',#1981,#1995,#988,.T.);
#2535=EDGE_CURVE('',#1996,#1979,#989,.T.);
#2536=EDGE_CURVE('',#1997,#1996,#990,.T.);
#2537=EDGE_CURVE('',#1991,#1997,#991,.T.);
#2538=EDGE_CURVE('',#1978,#1998,#992,.T.);
#2539=EDGE_CURVE('',#1989,#1999,#993,.T.);
#2540=EDGE_CURVE('',#1999,#2000,#994,.T.);
#2541=EDGE_CURVE('',#2000,#2001,#995,.T.);
#2542=EDGE_CURVE('',#2001,#2002,#996,.T.);
#2543=EDGE_CURVE('',#2002,#2003,#997,.T.);
#2544=EDGE_CURVE('',#2004,#2003,#1710,.T.);
#2545=EDGE_CURVE('',#2005,#2004,#998,.T.);
#2546=EDGE_CURVE('',#2005,#2006,#999,.T.);
#2547=EDGE_CURVE('',#2007,#2006,#1000,.T.);
#2548=EDGE_CURVE('',#2008,#2007,#1001,.T.);
#2549=EDGE_CURVE('',#2009,#2008,#1002,.T.);
#2550=EDGE_CURVE('',#2009,#2010,#1003,.T.);
#2551=EDGE_CURVE('',#2011,#2010,#1004,.T.);
#2552=EDGE_CURVE('',#2012,#2011,#1005,.T.);
#2553=EDGE_CURVE('',#2013,#2012,#1006,.T.);
#2554=EDGE_CURVE('',#2014,#2013,#1711,.T.);
#2555=EDGE_CURVE('',#2015,#2014,#1007,.T.);
#2556=EDGE_CURVE('',#2016,#2015,#1712,.T.);
#2557=EDGE_CURVE('',#2017,#2016,#1008,.T.);
#2558=EDGE_CURVE('',#2018,#2017,#1713,.T.);
#2559=EDGE_CURVE('',#1998,#2018,#1009,.T.);
#2560=EDGE_CURVE('',#1988,#2019,#1010,.T.);
#2561=EDGE_CURVE('',#2020,#2019,#1011,.T.);
#2562=EDGE_CURVE('',#2021,#2020,#1012,.T.);
#2563=EDGE_CURVE('',#2022,#2021,#1714,.T.);
#2564=EDGE_CURVE('',#2023,#2022,#1013,.T.);
#2565=EDGE_CURVE('',#2003,#2023,#1014,.T.);
#2566=EDGE_CURVE('',#2024,#2002,#1015,.T.);
#2567=EDGE_CURVE('',#2025,#2024,#1016,.T.);
#2568=EDGE_CURVE('',#1999,#2025,#1017,.T.);
#2569=EDGE_CURVE('',#2019,#2026,#1018,.T.);
#2570=EDGE_CURVE('',#2026,#2027,#1019,.T.);
#2571=EDGE_CURVE('',#2020,#2027,#1020,.T.);
#2572=EDGE_CURVE('',#2026,#2028,#1021,.T.);
#2573=EDGE_CURVE('',#2029,#2028,#1022,.T.);
#2574=EDGE_CURVE('',#2027,#2029,#1023,.T.);
#2575=EDGE_CURVE('',#2028,#2030,#1024,.T.);
#2576=EDGE_CURVE('',#2030,#2031,#1025,.T.);
#2577=EDGE_CURVE('',#2031,#2032,#1026,.T.);
#2578=EDGE_CURVE('',#2032,#2029,#1027,.T.);
#2579=EDGE_CURVE('',#2030,#2033,#1028,.T.);
#2580=EDGE_CURVE('',#2034,#2033,#1029,.T.);
#2581=EDGE_CURVE('',#2034,#2031,#1030,.T.);
#2582=EDGE_CURVE('',#2033,#2035,#1031,.T.);
#2583=EDGE_CURVE('',#2035,#2036,#1032,.T.);
#2584=EDGE_CURVE('',#2036,#2037,#1033,.T.);
#2585=EDGE_CURVE('',#2037,#2034,#1034,.T.);
#2586=EDGE_CURVE('',#2035,#2038,#1035,.T.);
#2587=EDGE_CURVE('',#2039,#2038,#1036,.T.);
#2588=EDGE_CURVE('',#2039,#2036,#1037,.T.);
#2589=EDGE_CURVE('',#2038,#2040,#1038,.T.);
#2590=EDGE_CURVE('',#2040,#2041,#1039,.T.);
#2591=EDGE_CURVE('',#2041,#2042,#1040,.T.);
#2592=EDGE_CURVE('',#2039,#2042,#1041,.T.);
#2593=EDGE_CURVE('',#2043,#1987,#1042,.T.);
#2594=EDGE_CURVE('',#2044,#2043,#1043,.T.);
#2595=EDGE_CURVE('',#2045,#2044,#1044,.T.);
#2596=EDGE_CURVE('',#2046,#2045,#1045,.T.);
#2597=EDGE_CURVE('',#2040,#2046,#1046,.T.);
#2598=EDGE_CURVE('',#1750,#2047,#1047,.F.);
#2599=EDGE_CURVE('',#2047,#2048,#1048,.F.);
#2600=EDGE_CURVE('',#2048,#2049,#1049,.F.);
#2601=EDGE_CURVE('',#2049,#2050,#1050,.F.);
#2602=EDGE_CURVE('',#2050,#1986,#1051,.F.);
#2603=EDGE_CURVE('',#2051,#1864,#1715,.T.);
#2604=EDGE_CURVE('',#2052,#2051,#1052,.T.);
#2605=EDGE_CURVE('',#2043,#2052,#1053,.T.);
#2606=EDGE_CURVE('',#2053,#2050,#1054,.T.);
#2607=EDGE_CURVE('',#2053,#2054,#1055,.T.);
#2608=EDGE_CURVE('',#2054,#2055,#1056,.T.);
#2609=EDGE_CURVE('',#2055,#2056,#1057,.T.);
#2610=EDGE_CURVE('',#2056,#2047,#1058,.T.);
#2611=EDGE_CURVE('',#1992,#1995,#1059,.T.);
#2612=EDGE_CURVE('',#1996,#1990,#1060,.T.);
#2613=EDGE_CURVE('',#2057,#1998,#1061,.T.);
#2614=EDGE_CURVE('',#2057,#2058,#1062,.T.);
#2615=EDGE_CURVE('',#2059,#2058,#1716,.T.);
#2616=EDGE_CURVE('',#2059,#2060,#1063,.T.);
#2617=EDGE_CURVE('',#1862,#2060,#1717,.T.);
#2618=EDGE_CURVE('',#2061,#2018,#1064,.T.);
#2619=EDGE_CURVE('',#2057,#2061,#1065,.T.);
#2620=EDGE_CURVE('',#2058,#2062,#1066,.T.);
#2621=EDGE_CURVE('',#2062,#2063,#1718,.T.);
#2622=EDGE_CURVE('',#2063,#2059,#1067,.T.);
#2623=EDGE_CURVE('',#2063,#1753,#1719,.T.);
#2624=EDGE_CURVE('',#1752,#2064,#1720,.T.);
#2625=EDGE_CURVE('',#2064,#2063,#1068,.T.);
#2626=EDGE_CURVE('',#2060,#2064,#1069,.T.);
#2627=EDGE_CURVE('',#2064,#1860,#1721,.T.);
#2628=EDGE_CURVE('',#2062,#1753,#1722,.T.);
#2629=EDGE_CURVE('',#2062,#2065,#1070,.T.);
#2630=EDGE_CURVE('',#2065,#1754,#1723,.F.);
#2631=EDGE_CURVE('',#2066,#1755,#1724,.F.);
#2632=EDGE_CURVE('',#1861,#2066,#1725,.F.);
#2633=EDGE_CURVE('',#2066,#2051,#1071,.T.);
#2634=EDGE_CURVE('',#2067,#2065,#1726,.F.);
#2635=EDGE_CURVE('',#1754,#2067,#1727,.F.);
#2636=EDGE_CURVE('',#2021,#2067,#1072,.T.);
#2637=EDGE_CURVE('',#2065,#2022,#1073,.T.);
#2638=EDGE_CURVE('',#2067,#2066,#1074,.T.);
#2639=EDGE_CURVE('',#2032,#2037,#1075,.T.);
#2640=EDGE_CURVE('',#2042,#2068,#1076,.T.);
#2641=EDGE_CURVE('',#2068,#2069,#1077,.T.);
#2642=EDGE_CURVE('',#2070,#2069,#1078,.T.);
#2643=EDGE_CURVE('',#2052,#2070,#1079,.T.);
#2644=EDGE_CURVE('',#2071,#2061,#1728,.T.);
#2645=EDGE_CURVE('',#2072,#2071,#1080,.T.);
#2646=EDGE_CURVE('',#2073,#2072,#1729,.T.);
#2647=EDGE_CURVE('',#2074,#2073,#1081,.T.);
#2648=EDGE_CURVE('',#2075,#2074,#1730,.T.);
#2649=EDGE_CURVE('',#2076,#2075,#1082,.T.);
#2650=EDGE_CURVE('',#2076,#2077,#1083,.T.);
#2651=EDGE_CURVE('',#2078,#2077,#1084,.T.);
#2652=EDGE_CURVE('',#2079,#2078,#1085,.T.);
#2653=EDGE_CURVE('',#2080,#2079,#1086,.T.);
#2654=EDGE_CURVE('',#2080,#2081,#1087,.T.);
#2655=EDGE_CURVE('',#2082,#2081,#1088,.T.);
#2656=EDGE_CURVE('',#2083,#2082,#1089,.T.);
#2657=EDGE_CURVE('',#2084,#2083,#1090,.T.);
#2658=EDGE_CURVE('',#2023,#2084,#1731,.T.);
#2659=EDGE_CURVE('',#2085,#2046,#1091,.T.);
#2660=EDGE_CURVE('',#2085,#2041,#1092,.T.);
#2661=EDGE_CURVE('',#2045,#2069,#1093,.T.);
#2662=EDGE_CURVE('',#2068,#2085,#1094,.T.);
#2663=EDGE_CURVE('',#2070,#2044,#1095,.T.);
#2664=EDGE_CURVE('',#2084,#2004,#1096,.T.);
#2665=EDGE_CURVE('',#2017,#2071,#1097,.T.);
#2666=EDGE_CURVE('',#2072,#2016,#1098,.T.);
#2667=EDGE_CURVE('',#2086,#2024,#1099,.T.);
#2668=EDGE_CURVE('',#2087,#2086,#1100,.T.);
#2669=EDGE_CURVE('',#2025,#2087,#1101,.T.);
#2670=EDGE_CURVE('',#2055,#2088,#1102,.T.);
#2671=EDGE_CURVE('',#2089,#2054,#1103,.T.);
#2672=EDGE_CURVE('',#2088,#2089,#1104,.T.);
#2673=EDGE_CURVE('',#2090,#2055,#1105,.T.);
#2674=EDGE_CURVE('',#2090,#2091,#1106,.T.);
#2675=EDGE_CURVE('',#2054,#2091,#1107,.T.);
#2676=EDGE_CURVE('',#2053,#2092,#1108,.T.);
#2677=EDGE_CURVE('',#2093,#2092,#1109,.T.);
#2678=EDGE_CURVE('',#2093,#2056,#1110,.T.);
#2679=EDGE_CURVE('',#2089,#2094,#1111,.T.);
#2680=EDGE_CURVE('',#2091,#2094,#1112,.T.);
#2681=EDGE_CURVE('',#2090,#2095,#1113,.T.);
#2682=EDGE_CURVE('',#2094,#2095,#1114,.F.);
#2683=EDGE_CURVE('',#2088,#2095,#1115,.T.);
#2684=EDGE_CURVE('',#2048,#2096,#1116,.T.);
#2685=EDGE_CURVE('',#2096,#2097,#1117,.T.);
#2686=EDGE_CURVE('',#2097,#2049,#1118,.T.);
#2687=EDGE_CURVE('',#2096,#2098,#1119,.T.);
#2688=EDGE_CURVE('',#2098,#2099,#1120,.T.);
#2689=EDGE_CURVE('',#2099,#2097,#1121,.T.);
#2690=EDGE_CURVE('',#2093,#2098,#1122,.T.);
#2691=EDGE_CURVE('',#2092,#2099,#1123,.T.);
#2692=EDGE_CURVE('',#2083,#2005,#1124,.T.);
#2693=EDGE_CURVE('',#2079,#2009,#1125,.T.);
#2694=EDGE_CURVE('',#2008,#2080,#1126,.T.);
#2695=EDGE_CURVE('',#2013,#2075,#1127,.T.);
#2696=EDGE_CURVE('',#2012,#2076,#1128,.T.);
#2697=EDGE_CURVE('',#2010,#2078,#1129,.T.);
#2698=EDGE_CURVE('',#2006,#2082,#1130,.T.);
#2699=EDGE_CURVE('',#2074,#2014,#1131,.T.);
#2700=EDGE_CURVE('',#2015,#2073,#1132,.T.);
#2701=EDGE_CURVE('',#2081,#2007,#1133,.T.);
#2702=EDGE_CURVE('',#2077,#2011,#1134,.T.);
#2703=EDGE_CURVE('',#2100,#2101,#1135,.T.);
#2704=EDGE_CURVE('',#2100,#2102,#1136,.T.);
#2705=EDGE_CURVE('',#2103,#2102,#1137,.T.);
#2706=EDGE_CURVE('',#2101,#2103,#1138,.T.);
#2707=EDGE_CURVE('',#2104,#2001,#1139,.T.);
#2708=EDGE_CURVE('',#2102,#2104,#1140,.T.);
#2709=EDGE_CURVE('',#2002,#2100,#1141,.T.);
#2710=EDGE_CURVE('',#2000,#2105,#1142,.T.);
#2711=EDGE_CURVE('',#2101,#1999,#1143,.T.);
#2712=EDGE_CURVE('',#2105,#2103,#1144,.T.);
#2713=EDGE_CURVE('',#2105,#2104,#1145,.T.);
#2714=EDGE_CURVE('',#2086,#2106,#1146,.T.);
#2715=EDGE_CURVE('',#2106,#2107,#1147,.F.);
#2716=EDGE_CURVE('',#2087,#2107,#1148,.T.);
#2717=EDGE_CURVE('',#2108,#2107,#1149,.T.);
#2718=EDGE_CURVE('',#2108,#2025,#1150,.T.);
#2719=EDGE_CURVE('',#2109,#2106,#1151,.T.);
#2720=EDGE_CURVE('',#2108,#2109,#1152,.T.);
#2721=EDGE_CURVE('',#2024,#2109,#1153,.T.);
#2722=EDGE_CURVE('',#2110,#2111,#1154,.T.);
#2723=EDGE_CURVE('',#2110,#2112,#1155,.T.);
#2724=EDGE_CURVE('',#2113,#2112,#1156,.T.);
#2725=EDGE_CURVE('',#2111,#2113,#1157,.T.);
#2726=EDGE_CURVE('',#2111,#2114,#1158,.T.);
#2727=EDGE_CURVE('',#2115,#2114,#1159,.T.);
#2728=EDGE_CURVE('',#2116,#2115,#1160,.T.);
#2729=EDGE_CURVE('',#2116,#2110,#1161,.T.);
#2730=EDGE_CURVE('',#2117,#2113,#1162,.T.);
#2731=EDGE_CURVE('',#2117,#2114,#1163,.T.);
#2732=EDGE_CURVE('',#2118,#2117,#1164,.T.);
#2733=EDGE_CURVE('',#2115,#2118,#1165,.T.);
#2734=EDGE_CURVE('',#2119,#2116,#1166,.T.);
#2735=EDGE_CURVE('',#2119,#2112,#1167,.T.);
#2736=EDGE_CURVE('',#2118,#2119,#1168,.T.);
#2737=EDGE_CURVE('',#1993,#2120,#1169,.T.);
#2738=EDGE_CURVE('',#2120,#2121,#1170,.T.);
#2739=EDGE_CURVE('',#2121,#1994,#1171,.T.);
#2740=EDGE_CURVE('',#1992,#2122,#1172,.T.);
#2741=EDGE_CURVE('',#2122,#2123,#1173,.T.);
#2742=EDGE_CURVE('',#2120,#2123,#1174,.T.);
#2743=EDGE_CURVE('',#2124,#2121,#1175,.T.);
#2744=EDGE_CURVE('',#2125,#2124,#1176,.T.);
#2745=EDGE_CURVE('',#2125,#1995,#1177,.T.);
#2746=EDGE_CURVE('',#2122,#2125,#1178,.T.);
#2747=EDGE_CURVE('',#2123,#2124,#1179,.T.);
#2748=EDGE_CURVE('',#2126,#2127,#1180,.T.);
#2749=EDGE_CURVE('',#2126,#2128,#1181,.T.);
#2750=EDGE_CURVE('',#2129,#2128,#1182,.T.);
#2751=EDGE_CURVE('',#2127,#2129,#1183,.T.);
#2752=EDGE_CURVE('',#2127,#2130,#1184,.T.);
#2753=EDGE_CURVE('',#2131,#2130,#1185,.T.);
#2754=EDGE_CURVE('',#2132,#2131,#1186,.T.);
#2755=EDGE_CURVE('',#2132,#2126,#1187,.T.);
#2756=EDGE_CURVE('',#2133,#2129,#1188,.T.);
#2757=EDGE_CURVE('',#2133,#2130,#1189,.T.);
#2758=EDGE_CURVE('',#2134,#2133,#1190,.T.);
#2759=EDGE_CURVE('',#2131,#2134,#1191,.T.);
#2760=EDGE_CURVE('',#2135,#2128,#1192,.T.);
#2761=EDGE_CURVE('',#2134,#2135,#1193,.T.);
#2762=EDGE_CURVE('',#2135,#2132,#1194,.T.);
#2763=EDGE_CURVE('',#1997,#2136,#1195,.T.);
#2764=EDGE_CURVE('',#2136,#2137,#1196,.T.);
#2765=EDGE_CURVE('',#2137,#1991,#1197,.T.);
#2766=EDGE_CURVE('',#2136,#2138,#1198,.T.);
#2767=EDGE_CURVE('',#2138,#2139,#1199,.T.);
#2768=EDGE_CURVE('',#2139,#2137,#1200,.T.);
#2769=EDGE_CURVE('',#1996,#2140,#1201,.T.);
#2770=EDGE_CURVE('',#2140,#2138,#1202,.T.);
#2771=EDGE_CURVE('',#2141,#2140,#1203,.T.);
#2772=EDGE_CURVE('',#2141,#2139,#1204,.T.);
#2773=EDGE_CURVE('',#2141,#1990,#1205,.T.);
#2774=ORIENTED_EDGE('',*,*,#2142,.F.);
#2775=ORIENTED_EDGE('',*,*,#2143,.F.);
#2776=ORIENTED_EDGE('',*,*,#2144,.T.);
#2777=ORIENTED_EDGE('',*,*,#2145,.F.);
#2778=ORIENTED_EDGE('',*,*,#2146,.F.);
#2779=ORIENTED_EDGE('',*,*,#2147,.F.);
#2780=ORIENTED_EDGE('',*,*,#2148,.F.);
#2781=ORIENTED_EDGE('',*,*,#2149,.F.);
#2782=ORIENTED_EDGE('',*,*,#2150,.F.);
#2783=ORIENTED_EDGE('',*,*,#2151,.F.);
#2784=ORIENTED_EDGE('',*,*,#2152,.F.);
#2785=ORIENTED_EDGE('',*,*,#2153,.F.);
#2786=ORIENTED_EDGE('',*,*,#2154,.T.);
#2787=ORIENTED_EDGE('',*,*,#2155,.F.);
#2788=ORIENTED_EDGE('',*,*,#2154,.F.);
#2789=ORIENTED_EDGE('',*,*,#2156,.F.);
#2790=ORIENTED_EDGE('',*,*,#2157,.T.);
#2791=ORIENTED_EDGE('',*,*,#2158,.F.);
#2792=ORIENTED_EDGE('',*,*,#2159,.F.);
#2793=ORIENTED_EDGE('',*,*,#2160,.F.);
#2794=ORIENTED_EDGE('',*,*,#2161,.F.);
#2795=ORIENTED_EDGE('',*,*,#2162,.F.);
#2796=ORIENTED_EDGE('',*,*,#2157,.F.);
#2797=ORIENTED_EDGE('',*,*,#2163,.F.);
#2798=ORIENTED_EDGE('',*,*,#2164,.F.);
#2799=ORIENTED_EDGE('',*,*,#2144,.F.);
#2800=ORIENTED_EDGE('',*,*,#2165,.F.);
#2801=ORIENTED_EDGE('',*,*,#2152,.T.);
#2802=ORIENTED_EDGE('',*,*,#2163,.T.);
#2803=ORIENTED_EDGE('',*,*,#2156,.T.);
#2804=ORIENTED_EDGE('',*,*,#2153,.T.);
#2805=ORIENTED_EDGE('',*,*,#2165,.T.);
#2806=ORIENTED_EDGE('',*,*,#2143,.T.);
#2807=ORIENTED_EDGE('',*,*,#2166,.F.);
#2808=ORIENTED_EDGE('',*,*,#2167,.F.);
#2809=ORIENTED_EDGE('',*,*,#2168,.F.);
#2810=ORIENTED_EDGE('',*,*,#2169,.F.);
#2811=ORIENTED_EDGE('',*,*,#2170,.F.);
#2812=ORIENTED_EDGE('',*,*,#2171,.T.);
#2813=ORIENTED_EDGE('',*,*,#2172,.T.);
#2814=ORIENTED_EDGE('',*,*,#2173,.T.);
#2815=ORIENTED_EDGE('',*,*,#2174,.T.);
#2816=ORIENTED_EDGE('',*,*,#2175,.T.);
#2817=ORIENTED_EDGE('',*,*,#2176,.T.);
#2818=ORIENTED_EDGE('',*,*,#2177,.T.);
#2819=ORIENTED_EDGE('',*,*,#2178,.T.);
#2820=ORIENTED_EDGE('',*,*,#2179,.T.);
#2821=ORIENTED_EDGE('',*,*,#2180,.T.);
#2822=ORIENTED_EDGE('',*,*,#2181,.T.);
#2823=ORIENTED_EDGE('',*,*,#2182,.T.);
#2824=ORIENTED_EDGE('',*,*,#2183,.T.);
#2825=ORIENTED_EDGE('',*,*,#2184,.T.);
#2826=ORIENTED_EDGE('',*,*,#2185,.T.);
#2827=ORIENTED_EDGE('',*,*,#2186,.T.);
#2828=ORIENTED_EDGE('',*,*,#2187,.T.);
#2829=ORIENTED_EDGE('',*,*,#2188,.T.);
#2830=ORIENTED_EDGE('',*,*,#2189,.T.);
#2831=ORIENTED_EDGE('',*,*,#2190,.T.);
#2832=ORIENTED_EDGE('',*,*,#2191,.T.);
#2833=ORIENTED_EDGE('',*,*,#2192,.T.);
#2834=ORIENTED_EDGE('',*,*,#2193,.T.);
#2835=ORIENTED_EDGE('',*,*,#2194,.T.);
#2836=ORIENTED_EDGE('',*,*,#2195,.T.);
#2837=ORIENTED_EDGE('',*,*,#2196,.T.);
#2838=ORIENTED_EDGE('',*,*,#2197,.T.);
#2839=ORIENTED_EDGE('',*,*,#2198,.T.);
#2840=ORIENTED_EDGE('',*,*,#2199,.T.);
#2841=ORIENTED_EDGE('',*,*,#2200,.T.);
#2842=ORIENTED_EDGE('',*,*,#2201,.T.);
#2843=ORIENTED_EDGE('',*,*,#2202,.T.);
#2844=ORIENTED_EDGE('',*,*,#2203,.T.);
#2845=ORIENTED_EDGE('',*,*,#2204,.T.);
#2846=ORIENTED_EDGE('',*,*,#2205,.T.);
#2847=ORIENTED_EDGE('',*,*,#2206,.T.);
#2848=ORIENTED_EDGE('',*,*,#2207,.T.);
#2849=ORIENTED_EDGE('',*,*,#2208,.T.);
#2850=ORIENTED_EDGE('',*,*,#2209,.T.);
#2851=ORIENTED_EDGE('',*,*,#2210,.T.);
#2852=ORIENTED_EDGE('',*,*,#2211,.T.);
#2853=ORIENTED_EDGE('',*,*,#2212,.T.);
#2854=ORIENTED_EDGE('',*,*,#2213,.T.);
#2855=ORIENTED_EDGE('',*,*,#2214,.T.);
#2856=ORIENTED_EDGE('',*,*,#2215,.T.);
#2857=ORIENTED_EDGE('',*,*,#2216,.T.);
#2858=ORIENTED_EDGE('',*,*,#2217,.T.);
#2859=ORIENTED_EDGE('',*,*,#2218,.T.);
#2860=ORIENTED_EDGE('',*,*,#2219,.T.);
#2861=ORIENTED_EDGE('',*,*,#2220,.T.);
#2862=ORIENTED_EDGE('',*,*,#2221,.T.);
#2863=ORIENTED_EDGE('',*,*,#2222,.T.);
#2864=ORIENTED_EDGE('',*,*,#2223,.T.);
#2865=ORIENTED_EDGE('',*,*,#2224,.T.);
#2866=ORIENTED_EDGE('',*,*,#2225,.T.);
#2867=ORIENTED_EDGE('',*,*,#2226,.T.);
#2868=ORIENTED_EDGE('',*,*,#2227,.T.);
#2869=ORIENTED_EDGE('',*,*,#2228,.T.);
#2870=ORIENTED_EDGE('',*,*,#2229,.T.);
#2871=ORIENTED_EDGE('',*,*,#2230,.T.);
#2872=ORIENTED_EDGE('',*,*,#2231,.T.);
#2873=ORIENTED_EDGE('',*,*,#2232,.T.);
#2874=ORIENTED_EDGE('',*,*,#2233,.T.);
#2875=ORIENTED_EDGE('',*,*,#2234,.T.);
#2876=ORIENTED_EDGE('',*,*,#2235,.T.);
#2877=ORIENTED_EDGE('',*,*,#2236,.T.);
#2878=ORIENTED_EDGE('',*,*,#2237,.F.);
#2879=ORIENTED_EDGE('',*,*,#2238,.T.);
#2880=ORIENTED_EDGE('',*,*,#2239,.T.);
#2881=ORIENTED_EDGE('',*,*,#2240,.T.);
#2882=ORIENTED_EDGE('',*,*,#2241,.F.);
#2883=ORIENTED_EDGE('',*,*,#2242,.T.);
#2884=ORIENTED_EDGE('',*,*,#2243,.T.);
#2885=ORIENTED_EDGE('',*,*,#2244,.T.);
#2886=ORIENTED_EDGE('',*,*,#2245,.T.);
#2887=ORIENTED_EDGE('',*,*,#2246,.T.);
#2888=ORIENTED_EDGE('',*,*,#2247,.T.);
#2889=ORIENTED_EDGE('',*,*,#2248,.T.);
#2890=ORIENTED_EDGE('',*,*,#2249,.F.);
#2891=ORIENTED_EDGE('',*,*,#2250,.T.);
#2892=ORIENTED_EDGE('',*,*,#2251,.F.);
#2893=ORIENTED_EDGE('',*,*,#2252,.T.);
#2894=ORIENTED_EDGE('',*,*,#2253,.T.);
#2895=ORIENTED_EDGE('',*,*,#2254,.T.);
#2896=ORIENTED_EDGE('',*,*,#2255,.T.);
#2897=ORIENTED_EDGE('',*,*,#2256,.T.);
#2898=ORIENTED_EDGE('',*,*,#2257,.T.);
#2899=ORIENTED_EDGE('',*,*,#2258,.T.);
#2900=ORIENTED_EDGE('',*,*,#2259,.F.);
#2901=ORIENTED_EDGE('',*,*,#2260,.T.);
#2902=ORIENTED_EDGE('',*,*,#2261,.F.);
#2903=ORIENTED_EDGE('',*,*,#2262,.T.);
#2904=ORIENTED_EDGE('',*,*,#2263,.T.);
#2905=ORIENTED_EDGE('',*,*,#2264,.T.);
#2906=ORIENTED_EDGE('',*,*,#2265,.T.);
#2907=ORIENTED_EDGE('',*,*,#2266,.T.);
#2908=ORIENTED_EDGE('',*,*,#2267,.T.);
#2909=ORIENTED_EDGE('',*,*,#2268,.T.);
#2910=ORIENTED_EDGE('',*,*,#2269,.F.);
#2911=ORIENTED_EDGE('',*,*,#2270,.T.);
#2912=ORIENTED_EDGE('',*,*,#2271,.T.);
#2913=ORIENTED_EDGE('',*,*,#2272,.T.);
#2914=ORIENTED_EDGE('',*,*,#2273,.T.);
#2915=ORIENTED_EDGE('',*,*,#2274,.F.);
#2916=ORIENTED_EDGE('',*,*,#2142,.T.);
#2917=ORIENTED_EDGE('',*,*,#2275,.T.);
#2918=ORIENTED_EDGE('',*,*,#2276,.F.);
#2919=ORIENTED_EDGE('',*,*,#2166,.T.);
#2920=ORIENTED_EDGE('',*,*,#2158,.T.);
#2921=ORIENTED_EDGE('',*,*,#2170,.T.);
#2922=ORIENTED_EDGE('',*,*,#2277,.T.);
#2923=ORIENTED_EDGE('',*,*,#2278,.T.);
#2924=ORIENTED_EDGE('',*,*,#2279,.F.);
#2925=ORIENTED_EDGE('',*,*,#2280,.F.);
#2926=ORIENTED_EDGE('',*,*,#2275,.F.);
#2927=ORIENTED_EDGE('',*,*,#2149,.T.);
#2928=ORIENTED_EDGE('',*,*,#2281,.T.);
#2929=ORIENTED_EDGE('',*,*,#2159,.T.);
#2930=ORIENTED_EDGE('',*,*,#2278,.F.);
#2931=ORIENTED_EDGE('',*,*,#2282,.F.);
#2932=ORIENTED_EDGE('',*,*,#2283,.T.);
#2933=ORIENTED_EDGE('',*,*,#2148,.T.);
#2934=ORIENTED_EDGE('',*,*,#2284,.F.);
#2935=ORIENTED_EDGE('',*,*,#2285,.T.);
#2936=ORIENTED_EDGE('',*,*,#2281,.F.);
#2937=ORIENTED_EDGE('',*,*,#2284,.T.);
#2938=ORIENTED_EDGE('',*,*,#2147,.T.);
#2939=ORIENTED_EDGE('',*,*,#2286,.F.);
#2940=ORIENTED_EDGE('',*,*,#2287,.F.);
#2941=ORIENTED_EDGE('',*,*,#2288,.F.);
#2942=ORIENTED_EDGE('',*,*,#2146,.T.);
#2943=ORIENTED_EDGE('',*,*,#2289,.T.);
#2944=ORIENTED_EDGE('',*,*,#2290,.T.);
#2945=ORIENTED_EDGE('',*,*,#2286,.T.);
#2946=ORIENTED_EDGE('',*,*,#2291,.F.);
#2947=ORIENTED_EDGE('',*,*,#2292,.F.);
#2948=ORIENTED_EDGE('',*,*,#2293,.F.);
#2949=ORIENTED_EDGE('',*,*,#2237,.T.);
#2950=ORIENTED_EDGE('',*,*,#2294,.F.);
#2951=ORIENTED_EDGE('',*,*,#2238,.F.);
#2952=ORIENTED_EDGE('',*,*,#2293,.T.);
#2953=ORIENTED_EDGE('',*,*,#2295,.F.);
#2954=ORIENTED_EDGE('',*,*,#2249,.T.);
#2955=ORIENTED_EDGE('',*,*,#2296,.F.);
#2956=ORIENTED_EDGE('',*,*,#2297,.F.);
#2957=ORIENTED_EDGE('',*,*,#2298,.F.);
#2958=ORIENTED_EDGE('',*,*,#2259,.T.);
#2959=ORIENTED_EDGE('',*,*,#2299,.F.);
#2960=ORIENTED_EDGE('',*,*,#2300,.F.);
#2961=ORIENTED_EDGE('',*,*,#2301,.F.);
#2962=ORIENTED_EDGE('',*,*,#2269,.T.);
#2963=ORIENTED_EDGE('',*,*,#2302,.F.);
#2964=ORIENTED_EDGE('',*,*,#2303,.F.);
#2965=ORIENTED_EDGE('',*,*,#2304,.F.);
#2966=ORIENTED_EDGE('',*,*,#2261,.T.);
#2967=ORIENTED_EDGE('',*,*,#2305,.F.);
#2968=ORIENTED_EDGE('',*,*,#2306,.F.);
#2969=ORIENTED_EDGE('',*,*,#2307,.F.);
#2970=ORIENTED_EDGE('',*,*,#2251,.T.);
#2971=ORIENTED_EDGE('',*,*,#2308,.F.);
#2972=ORIENTED_EDGE('',*,*,#2309,.F.);
#2973=ORIENTED_EDGE('',*,*,#2310,.F.);
#2974=ORIENTED_EDGE('',*,*,#2241,.T.);
#2975=ORIENTED_EDGE('',*,*,#2311,.F.);
#2976=ORIENTED_EDGE('',*,*,#2312,.F.);
#2977=ORIENTED_EDGE('',*,*,#2313,.F.);
#2978=ORIENTED_EDGE('',*,*,#2274,.T.);
#2979=ORIENTED_EDGE('',*,*,#2314,.F.);
#2980=ORIENTED_EDGE('',*,*,#2315,.F.);
#2981=ORIENTED_EDGE('',*,*,#2316,.F.);
#2982=ORIENTED_EDGE('',*,*,#2304,.T.);
#2983=ORIENTED_EDGE('',*,*,#2317,.F.);
#2984=ORIENTED_EDGE('',*,*,#2318,.T.);
#2985=ORIENTED_EDGE('',*,*,#2265,.F.);
#2986=ORIENTED_EDGE('',*,*,#2307,.T.);
#2987=ORIENTED_EDGE('',*,*,#2319,.F.);
#2988=ORIENTED_EDGE('',*,*,#2320,.T.);
#2989=ORIENTED_EDGE('',*,*,#2262,.F.);
#2990=ORIENTED_EDGE('',*,*,#2268,.F.);
#2991=ORIENTED_EDGE('',*,*,#2321,.F.);
#2992=ORIENTED_EDGE('',*,*,#2322,.F.);
#2993=ORIENTED_EDGE('',*,*,#2302,.T.);
#2994=ORIENTED_EDGE('',*,*,#2301,.T.);
#2995=ORIENTED_EDGE('',*,*,#2323,.F.);
#2996=ORIENTED_EDGE('',*,*,#2324,.T.);
#2997=ORIENTED_EDGE('',*,*,#2255,.F.);
#2998=ORIENTED_EDGE('',*,*,#2310,.T.);
#2999=ORIENTED_EDGE('',*,*,#2325,.F.);
#3000=ORIENTED_EDGE('',*,*,#2326,.T.);
#3001=ORIENTED_EDGE('',*,*,#2252,.F.);
#3002=ORIENTED_EDGE('',*,*,#2258,.F.);
#3003=ORIENTED_EDGE('',*,*,#2327,.F.);
#3004=ORIENTED_EDGE('',*,*,#2328,.F.);
#3005=ORIENTED_EDGE('',*,*,#2299,.T.);
#3006=ORIENTED_EDGE('',*,*,#2298,.T.);
#3007=ORIENTED_EDGE('',*,*,#2329,.F.);
#3008=ORIENTED_EDGE('',*,*,#2330,.T.);
#3009=ORIENTED_EDGE('',*,*,#2245,.F.);
#3010=ORIENTED_EDGE('',*,*,#2313,.T.);
#3011=ORIENTED_EDGE('',*,*,#2331,.F.);
#3012=ORIENTED_EDGE('',*,*,#2332,.T.);
#3013=ORIENTED_EDGE('',*,*,#2242,.F.);
#3014=ORIENTED_EDGE('',*,*,#2248,.F.);
#3015=ORIENTED_EDGE('',*,*,#2333,.F.);
#3016=ORIENTED_EDGE('',*,*,#2334,.F.);
#3017=ORIENTED_EDGE('',*,*,#2296,.T.);
#3018=ORIENTED_EDGE('',*,*,#2151,.T.);
#3019=ORIENTED_EDGE('',*,*,#2335,.F.);
#3020=ORIENTED_EDGE('',*,*,#2336,.F.);
#3021=ORIENTED_EDGE('',*,*,#2337,.F.);
#3022=ORIENTED_EDGE('',*,*,#2338,.F.);
#3023=ORIENTED_EDGE('',*,*,#2289,.F.);
#3024=ORIENTED_EDGE('',*,*,#2145,.T.);
#3025=ORIENTED_EDGE('',*,*,#2164,.T.);
#3026=ORIENTED_EDGE('',*,*,#2339,.T.);
#3027=ORIENTED_EDGE('',*,*,#2295,.T.);
#3028=ORIENTED_EDGE('',*,*,#2292,.T.);
#3029=ORIENTED_EDGE('',*,*,#2340,.T.);
#3030=ORIENTED_EDGE('',*,*,#2341,.T.);
#3031=ORIENTED_EDGE('',*,*,#2342,.T.);
#3032=ORIENTED_EDGE('',*,*,#2319,.T.);
#3033=ORIENTED_EDGE('',*,*,#2306,.T.);
#3034=ORIENTED_EDGE('',*,*,#2343,.T.);
#3035=ORIENTED_EDGE('',*,*,#2344,.T.);
#3036=ORIENTED_EDGE('',*,*,#2345,.T.);
#3037=ORIENTED_EDGE('',*,*,#2325,.T.);
#3038=ORIENTED_EDGE('',*,*,#2309,.T.);
#3039=ORIENTED_EDGE('',*,*,#2303,.T.);
#3040=ORIENTED_EDGE('',*,*,#2322,.T.);
#3041=ORIENTED_EDGE('',*,*,#2346,.T.);
#3042=ORIENTED_EDGE('',*,*,#2347,.T.);
#3043=ORIENTED_EDGE('',*,*,#2317,.T.);
#3044=ORIENTED_EDGE('',*,*,#2348,.T.);
#3045=ORIENTED_EDGE('',*,*,#2349,.T.);
#3046=ORIENTED_EDGE('',*,*,#2350,.T.);
#3047=ORIENTED_EDGE('',*,*,#2331,.T.);
#3048=ORIENTED_EDGE('',*,*,#2312,.T.);
#3049=ORIENTED_EDGE('',*,*,#2300,.T.);
#3050=ORIENTED_EDGE('',*,*,#2328,.T.);
#3051=ORIENTED_EDGE('',*,*,#2351,.T.);
#3052=ORIENTED_EDGE('',*,*,#2352,.T.);
#3053=ORIENTED_EDGE('',*,*,#2323,.T.);
#3054=ORIENTED_EDGE('',*,*,#2315,.T.);
#3055=ORIENTED_EDGE('',*,*,#2353,.T.);
#3056=ORIENTED_EDGE('',*,*,#2354,.T.);
#3057=ORIENTED_EDGE('',*,*,#2355,.T.);
#3058=ORIENTED_EDGE('',*,*,#2356,.T.);
#3059=ORIENTED_EDGE('',*,*,#2297,.T.);
#3060=ORIENTED_EDGE('',*,*,#2334,.T.);
#3061=ORIENTED_EDGE('',*,*,#2357,.T.);
#3062=ORIENTED_EDGE('',*,*,#2358,.T.);
#3063=ORIENTED_EDGE('',*,*,#2329,.T.);
#3064=ORIENTED_EDGE('',*,*,#2359,.T.);
#3065=ORIENTED_EDGE('',*,*,#2360,.T.);
#3066=ORIENTED_EDGE('',*,*,#2361,.T.);
#3067=ORIENTED_EDGE('',*,*,#2362,.T.);
#3068=ORIENTED_EDGE('',*,*,#2363,.T.);
#3069=ORIENTED_EDGE('',*,*,#2364,.T.);
#3070=ORIENTED_EDGE('',*,*,#2365,.T.);
#3071=ORIENTED_EDGE('',*,*,#2366,.T.);
#3072=ORIENTED_EDGE('',*,*,#2367,.T.);
#3073=ORIENTED_EDGE('',*,*,#2368,.T.);
#3074=ORIENTED_EDGE('',*,*,#2369,.T.);
#3075=ORIENTED_EDGE('',*,*,#2370,.T.);
#3076=ORIENTED_EDGE('',*,*,#2371,.T.);
#3077=ORIENTED_EDGE('',*,*,#2372,.T.);
#3078=ORIENTED_EDGE('',*,*,#2373,.T.);
#3079=ORIENTED_EDGE('',*,*,#2374,.T.);
#3080=ORIENTED_EDGE('',*,*,#2375,.T.);
#3081=ORIENTED_EDGE('',*,*,#2376,.T.);
#3082=ORIENTED_EDGE('',*,*,#2377,.T.);
#3083=ORIENTED_EDGE('',*,*,#2378,.T.);
#3084=ORIENTED_EDGE('',*,*,#2379,.T.);
#3085=ORIENTED_EDGE('',*,*,#2380,.T.);
#3086=ORIENTED_EDGE('',*,*,#2381,.T.);
#3087=ORIENTED_EDGE('',*,*,#2382,.T.);
#3088=ORIENTED_EDGE('',*,*,#2383,.T.);
#3089=ORIENTED_EDGE('',*,*,#2384,.T.);
#3090=ORIENTED_EDGE('',*,*,#2385,.T.);
#3091=ORIENTED_EDGE('',*,*,#2386,.T.);
#3092=ORIENTED_EDGE('',*,*,#2387,.T.);
#3093=ORIENTED_EDGE('',*,*,#2388,.T.);
#3094=ORIENTED_EDGE('',*,*,#2389,.T.);
#3095=ORIENTED_EDGE('',*,*,#2390,.T.);
#3096=ORIENTED_EDGE('',*,*,#2391,.T.);
#3097=ORIENTED_EDGE('',*,*,#2392,.T.);
#3098=ORIENTED_EDGE('',*,*,#2393,.T.);
#3099=ORIENTED_EDGE('',*,*,#2394,.T.);
#3100=ORIENTED_EDGE('',*,*,#2395,.T.);
#3101=ORIENTED_EDGE('',*,*,#2396,.T.);
#3102=ORIENTED_EDGE('',*,*,#2397,.T.);
#3103=ORIENTED_EDGE('',*,*,#2398,.T.);
#3104=ORIENTED_EDGE('',*,*,#2399,.T.);
#3105=ORIENTED_EDGE('',*,*,#2400,.T.);
#3106=ORIENTED_EDGE('',*,*,#2401,.T.);
#3107=ORIENTED_EDGE('',*,*,#2402,.T.);
#3108=ORIENTED_EDGE('',*,*,#2403,.T.);
#3109=ORIENTED_EDGE('',*,*,#2404,.T.);
#3110=ORIENTED_EDGE('',*,*,#2405,.T.);
#3111=ORIENTED_EDGE('',*,*,#2406,.T.);
#3112=ORIENTED_EDGE('',*,*,#2407,.T.);
#3113=ORIENTED_EDGE('',*,*,#2408,.T.);
#3114=ORIENTED_EDGE('',*,*,#2409,.T.);
#3115=ORIENTED_EDGE('',*,*,#2410,.T.);
#3116=ORIENTED_EDGE('',*,*,#2411,.T.);
#3117=ORIENTED_EDGE('',*,*,#2412,.T.);
#3118=ORIENTED_EDGE('',*,*,#2413,.T.);
#3119=ORIENTED_EDGE('',*,*,#2414,.T.);
#3120=ORIENTED_EDGE('',*,*,#2415,.T.);
#3121=ORIENTED_EDGE('',*,*,#2416,.T.);
#3122=ORIENTED_EDGE('',*,*,#2417,.T.);
#3123=ORIENTED_EDGE('',*,*,#2418,.T.);
#3124=ORIENTED_EDGE('',*,*,#2419,.T.);
#3125=ORIENTED_EDGE('',*,*,#2420,.T.);
#3126=ORIENTED_EDGE('',*,*,#2421,.T.);
#3127=ORIENTED_EDGE('',*,*,#2422,.T.);
#3128=ORIENTED_EDGE('',*,*,#2423,.T.);
#3129=ORIENTED_EDGE('',*,*,#2424,.T.);
#3130=ORIENTED_EDGE('',*,*,#2291,.T.);
#3131=ORIENTED_EDGE('',*,*,#2239,.F.);
#3132=ORIENTED_EDGE('',*,*,#2294,.T.);
#3133=ORIENTED_EDGE('',*,*,#2339,.F.);
#3134=ORIENTED_EDGE('',*,*,#2234,.F.);
#3135=ORIENTED_EDGE('',*,*,#2425,.F.);
#3136=ORIENTED_EDGE('',*,*,#2421,.F.);
#3137=ORIENTED_EDGE('',*,*,#2426,.T.);
#3138=ORIENTED_EDGE('',*,*,#2235,.F.);
#3139=ORIENTED_EDGE('',*,*,#2426,.F.);
#3140=ORIENTED_EDGE('',*,*,#2420,.F.);
#3141=ORIENTED_EDGE('',*,*,#2427,.T.);
#3142=ORIENTED_EDGE('',*,*,#2236,.F.);
#3143=ORIENTED_EDGE('',*,*,#2427,.F.);
#3144=ORIENTED_EDGE('',*,*,#2419,.F.);
#3145=ORIENTED_EDGE('',*,*,#2428,.T.);
#3146=ORIENTED_EDGE('',*,*,#2230,.F.);
#3147=ORIENTED_EDGE('',*,*,#2428,.F.);
#3148=ORIENTED_EDGE('',*,*,#2418,.F.);
#3149=ORIENTED_EDGE('',*,*,#2429,.T.);
#3150=ORIENTED_EDGE('',*,*,#2231,.F.);
#3151=ORIENTED_EDGE('',*,*,#2429,.F.);
#3152=ORIENTED_EDGE('',*,*,#2424,.F.);
#3153=ORIENTED_EDGE('',*,*,#2430,.T.);
#3154=ORIENTED_EDGE('',*,*,#2232,.F.);
#3155=ORIENTED_EDGE('',*,*,#2430,.F.);
#3156=ORIENTED_EDGE('',*,*,#2423,.F.);
#3157=ORIENTED_EDGE('',*,*,#2431,.T.);
#3158=ORIENTED_EDGE('',*,*,#2233,.F.);
#3159=ORIENTED_EDGE('',*,*,#2431,.F.);
#3160=ORIENTED_EDGE('',*,*,#2422,.F.);
#3161=ORIENTED_EDGE('',*,*,#2425,.T.);
#3162=ORIENTED_EDGE('',*,*,#2227,.F.);
#3163=ORIENTED_EDGE('',*,*,#2432,.F.);
#3164=ORIENTED_EDGE('',*,*,#2414,.F.);
#3165=ORIENTED_EDGE('',*,*,#2433,.T.);
#3166=ORIENTED_EDGE('',*,*,#2228,.F.);
#3167=ORIENTED_EDGE('',*,*,#2433,.F.);
#3168=ORIENTED_EDGE('',*,*,#2413,.F.);
#3169=ORIENTED_EDGE('',*,*,#2434,.T.);
#3170=ORIENTED_EDGE('',*,*,#2229,.F.);
#3171=ORIENTED_EDGE('',*,*,#2434,.F.);
#3172=ORIENTED_EDGE('',*,*,#2412,.F.);
#3173=ORIENTED_EDGE('',*,*,#2435,.T.);
#3174=ORIENTED_EDGE('',*,*,#2223,.F.);
#3175=ORIENTED_EDGE('',*,*,#2435,.F.);
#3176=ORIENTED_EDGE('',*,*,#2411,.F.);
#3177=ORIENTED_EDGE('',*,*,#2436,.T.);
#3178=ORIENTED_EDGE('',*,*,#2224,.F.);
#3179=ORIENTED_EDGE('',*,*,#2436,.F.);
#3180=ORIENTED_EDGE('',*,*,#2417,.F.);
#3181=ORIENTED_EDGE('',*,*,#2437,.T.);
#3182=ORIENTED_EDGE('',*,*,#2225,.F.);
#3183=ORIENTED_EDGE('',*,*,#2437,.F.);
#3184=ORIENTED_EDGE('',*,*,#2416,.F.);
#3185=ORIENTED_EDGE('',*,*,#2438,.T.);
#3186=ORIENTED_EDGE('',*,*,#2226,.F.);
#3187=ORIENTED_EDGE('',*,*,#2438,.F.);
#3188=ORIENTED_EDGE('',*,*,#2415,.F.);
#3189=ORIENTED_EDGE('',*,*,#2432,.T.);
#3190=ORIENTED_EDGE('',*,*,#2244,.F.);
#3191=ORIENTED_EDGE('',*,*,#2439,.F.);
#3192=ORIENTED_EDGE('',*,*,#2349,.F.);
#3193=ORIENTED_EDGE('',*,*,#2440,.T.);
#3194=ORIENTED_EDGE('',*,*,#2240,.F.);
#3195=ORIENTED_EDGE('',*,*,#2440,.F.);
#3196=ORIENTED_EDGE('',*,*,#2348,.F.);
#3197=ORIENTED_EDGE('',*,*,#2311,.T.);
#3198=ORIENTED_EDGE('',*,*,#2243,.F.);
#3199=ORIENTED_EDGE('',*,*,#2332,.F.);
#3200=ORIENTED_EDGE('',*,*,#2350,.F.);
#3201=ORIENTED_EDGE('',*,*,#2439,.T.);
#3202=ORIENTED_EDGE('',*,*,#2247,.F.);
#3203=ORIENTED_EDGE('',*,*,#2441,.F.);
#3204=ORIENTED_EDGE('',*,*,#2357,.F.);
#3205=ORIENTED_EDGE('',*,*,#2333,.T.);
#3206=ORIENTED_EDGE('',*,*,#2246,.F.);
#3207=ORIENTED_EDGE('',*,*,#2330,.F.);
#3208=ORIENTED_EDGE('',*,*,#2358,.F.);
#3209=ORIENTED_EDGE('',*,*,#2441,.T.);
#3210=ORIENTED_EDGE('',*,*,#2267,.F.);
#3211=ORIENTED_EDGE('',*,*,#2442,.F.);
#3212=ORIENTED_EDGE('',*,*,#2346,.F.);
#3213=ORIENTED_EDGE('',*,*,#2321,.T.);
#3214=ORIENTED_EDGE('',*,*,#2266,.F.);
#3215=ORIENTED_EDGE('',*,*,#2318,.F.);
#3216=ORIENTED_EDGE('',*,*,#2347,.F.);
#3217=ORIENTED_EDGE('',*,*,#2442,.T.);
#3218=ORIENTED_EDGE('',*,*,#2272,.F.);
#3219=ORIENTED_EDGE('',*,*,#2443,.F.);
#3220=ORIENTED_EDGE('',*,*,#2354,.F.);
#3221=ORIENTED_EDGE('',*,*,#2444,.T.);
#3222=ORIENTED_EDGE('',*,*,#2273,.F.);
#3223=ORIENTED_EDGE('',*,*,#2444,.F.);
#3224=ORIENTED_EDGE('',*,*,#2353,.F.);
#3225=ORIENTED_EDGE('',*,*,#2314,.T.);
#3226=ORIENTED_EDGE('',*,*,#2316,.T.);
#3227=ORIENTED_EDGE('',*,*,#2356,.F.);
#3228=ORIENTED_EDGE('',*,*,#2445,.T.);
#3229=ORIENTED_EDGE('',*,*,#2270,.F.);
#3230=ORIENTED_EDGE('',*,*,#2271,.F.);
#3231=ORIENTED_EDGE('',*,*,#2445,.F.);
#3232=ORIENTED_EDGE('',*,*,#2355,.F.);
#3233=ORIENTED_EDGE('',*,*,#2443,.T.);
#3234=ORIENTED_EDGE('',*,*,#2220,.F.);
#3235=ORIENTED_EDGE('',*,*,#2446,.F.);
#3236=ORIENTED_EDGE('',*,*,#2407,.F.);
#3237=ORIENTED_EDGE('',*,*,#2447,.T.);
#3238=ORIENTED_EDGE('',*,*,#2221,.F.);
#3239=ORIENTED_EDGE('',*,*,#2447,.F.);
#3240=ORIENTED_EDGE('',*,*,#2406,.F.);
#3241=ORIENTED_EDGE('',*,*,#2448,.T.);
#3242=ORIENTED_EDGE('',*,*,#2222,.F.);
#3243=ORIENTED_EDGE('',*,*,#2448,.F.);
#3244=ORIENTED_EDGE('',*,*,#2405,.F.);
#3245=ORIENTED_EDGE('',*,*,#2449,.T.);
#3246=ORIENTED_EDGE('',*,*,#2216,.F.);
#3247=ORIENTED_EDGE('',*,*,#2449,.F.);
#3248=ORIENTED_EDGE('',*,*,#2404,.F.);
#3249=ORIENTED_EDGE('',*,*,#2450,.T.);
#3250=ORIENTED_EDGE('',*,*,#2217,.F.);
#3251=ORIENTED_EDGE('',*,*,#2450,.F.);
#3252=ORIENTED_EDGE('',*,*,#2410,.F.);
#3253=ORIENTED_EDGE('',*,*,#2451,.T.);
#3254=ORIENTED_EDGE('',*,*,#2218,.F.);
#3255=ORIENTED_EDGE('',*,*,#2451,.F.);
#3256=ORIENTED_EDGE('',*,*,#2409,.F.);
#3257=ORIENTED_EDGE('',*,*,#2452,.T.);
#3258=ORIENTED_EDGE('',*,*,#2219,.F.);
#3259=ORIENTED_EDGE('',*,*,#2452,.F.);
#3260=ORIENTED_EDGE('',*,*,#2408,.F.);
#3261=ORIENTED_EDGE('',*,*,#2446,.T.);
#3262=ORIENTED_EDGE('',*,*,#2210,.F.);
#3263=ORIENTED_EDGE('',*,*,#2453,.F.);
#3264=ORIENTED_EDGE('',*,*,#2397,.F.);
#3265=ORIENTED_EDGE('',*,*,#2454,.T.);
#3266=ORIENTED_EDGE('',*,*,#2211,.F.);
#3267=ORIENTED_EDGE('',*,*,#2454,.F.);
#3268=ORIENTED_EDGE('',*,*,#2396,.F.);
#3269=ORIENTED_EDGE('',*,*,#2455,.T.);
#3270=ORIENTED_EDGE('',*,*,#2212,.F.);
#3271=ORIENTED_EDGE('',*,*,#2455,.F.);
#3272=ORIENTED_EDGE('',*,*,#2395,.F.);
#3273=ORIENTED_EDGE('',*,*,#2456,.T.);
#3274=ORIENTED_EDGE('',*,*,#2213,.F.);
#3275=ORIENTED_EDGE('',*,*,#2456,.F.);
#3276=ORIENTED_EDGE('',*,*,#2394,.F.);
#3277=ORIENTED_EDGE('',*,*,#2457,.T.);
#3278=ORIENTED_EDGE('',*,*,#2214,.F.);
#3279=ORIENTED_EDGE('',*,*,#2457,.F.);
#3280=ORIENTED_EDGE('',*,*,#2393,.F.);
#3281=ORIENTED_EDGE('',*,*,#2458,.T.);
#3282=ORIENTED_EDGE('',*,*,#2215,.F.);
#3283=ORIENTED_EDGE('',*,*,#2458,.F.);
#3284=ORIENTED_EDGE('',*,*,#2392,.F.);
#3285=ORIENTED_EDGE('',*,*,#2459,.T.);
#3286=ORIENTED_EDGE('',*,*,#2203,.F.);
#3287=ORIENTED_EDGE('',*,*,#2459,.F.);
#3288=ORIENTED_EDGE('',*,*,#2391,.F.);
#3289=ORIENTED_EDGE('',*,*,#2460,.T.);
#3290=ORIENTED_EDGE('',*,*,#2204,.F.);
#3291=ORIENTED_EDGE('',*,*,#2460,.F.);
#3292=ORIENTED_EDGE('',*,*,#2403,.F.);
#3293=ORIENTED_EDGE('',*,*,#2461,.T.);
#3294=ORIENTED_EDGE('',*,*,#2205,.F.);
#3295=ORIENTED_EDGE('',*,*,#2461,.F.);
#3296=ORIENTED_EDGE('',*,*,#2402,.F.);
#3297=ORIENTED_EDGE('',*,*,#2462,.T.);
#3298=ORIENTED_EDGE('',*,*,#2206,.F.);
#3299=ORIENTED_EDGE('',*,*,#2462,.F.);
#3300=ORIENTED_EDGE('',*,*,#2401,.F.);
#3301=ORIENTED_EDGE('',*,*,#2463,.T.);
#3302=ORIENTED_EDGE('',*,*,#2207,.F.);
#3303=ORIENTED_EDGE('',*,*,#2463,.F.);
#3304=ORIENTED_EDGE('',*,*,#2400,.F.);
#3305=ORIENTED_EDGE('',*,*,#2464,.T.);
#3306=ORIENTED_EDGE('',*,*,#2208,.F.);
#3307=ORIENTED_EDGE('',*,*,#2464,.F.);
#3308=ORIENTED_EDGE('',*,*,#2399,.F.);
#3309=ORIENTED_EDGE('',*,*,#2465,.T.);
#3310=ORIENTED_EDGE('',*,*,#2209,.F.);
#3311=ORIENTED_EDGE('',*,*,#2465,.F.);
#3312=ORIENTED_EDGE('',*,*,#2398,.F.);
#3313=ORIENTED_EDGE('',*,*,#2453,.T.);
#3314=ORIENTED_EDGE('',*,*,#2200,.F.);
#3315=ORIENTED_EDGE('',*,*,#2466,.F.);
#3316=ORIENTED_EDGE('',*,*,#2387,.F.);
#3317=ORIENTED_EDGE('',*,*,#2467,.T.);
#3318=ORIENTED_EDGE('',*,*,#2201,.F.);
#3319=ORIENTED_EDGE('',*,*,#2467,.F.);
#3320=ORIENTED_EDGE('',*,*,#2386,.F.);
#3321=ORIENTED_EDGE('',*,*,#2468,.T.);
#3322=ORIENTED_EDGE('',*,*,#2202,.F.);
#3323=ORIENTED_EDGE('',*,*,#2468,.F.);
#3324=ORIENTED_EDGE('',*,*,#2385,.F.);
#3325=ORIENTED_EDGE('',*,*,#2469,.T.);
#3326=ORIENTED_EDGE('',*,*,#2196,.F.);
#3327=ORIENTED_EDGE('',*,*,#2469,.F.);
#3328=ORIENTED_EDGE('',*,*,#2384,.F.);
#3329=ORIENTED_EDGE('',*,*,#2470,.T.);
#3330=ORIENTED_EDGE('',*,*,#2197,.F.);
#3331=ORIENTED_EDGE('',*,*,#2470,.F.);
#3332=ORIENTED_EDGE('',*,*,#2390,.F.);
#3333=ORIENTED_EDGE('',*,*,#2471,.T.);
#3334=ORIENTED_EDGE('',*,*,#2198,.F.);
#3335=ORIENTED_EDGE('',*,*,#2471,.F.);
#3336=ORIENTED_EDGE('',*,*,#2389,.F.);
#3337=ORIENTED_EDGE('',*,*,#2472,.T.);
#3338=ORIENTED_EDGE('',*,*,#2199,.F.);
#3339=ORIENTED_EDGE('',*,*,#2472,.F.);
#3340=ORIENTED_EDGE('',*,*,#2388,.F.);
#3341=ORIENTED_EDGE('',*,*,#2466,.T.);
#3342=ORIENTED_EDGE('',*,*,#2193,.F.);
#3343=ORIENTED_EDGE('',*,*,#2473,.F.);
#3344=ORIENTED_EDGE('',*,*,#2380,.F.);
#3345=ORIENTED_EDGE('',*,*,#2474,.T.);
#3346=ORIENTED_EDGE('',*,*,#2194,.F.);
#3347=ORIENTED_EDGE('',*,*,#2474,.F.);
#3348=ORIENTED_EDGE('',*,*,#2379,.F.);
#3349=ORIENTED_EDGE('',*,*,#2475,.T.);
#3350=ORIENTED_EDGE('',*,*,#2195,.F.);
#3351=ORIENTED_EDGE('',*,*,#2475,.F.);
#3352=ORIENTED_EDGE('',*,*,#2378,.F.);
#3353=ORIENTED_EDGE('',*,*,#2476,.T.);
#3354=ORIENTED_EDGE('',*,*,#2189,.F.);
#3355=ORIENTED_EDGE('',*,*,#2476,.F.);
#3356=ORIENTED_EDGE('',*,*,#2377,.F.);
#3357=ORIENTED_EDGE('',*,*,#2477,.T.);
#3358=ORIENTED_EDGE('',*,*,#2190,.F.);
#3359=ORIENTED_EDGE('',*,*,#2477,.F.);
#3360=ORIENTED_EDGE('',*,*,#2383,.F.);
#3361=ORIENTED_EDGE('',*,*,#2478,.T.);
#3362=ORIENTED_EDGE('',*,*,#2191,.F.);
#3363=ORIENTED_EDGE('',*,*,#2478,.F.);
#3364=ORIENTED_EDGE('',*,*,#2382,.F.);
#3365=ORIENTED_EDGE('',*,*,#2479,.T.);
#3366=ORIENTED_EDGE('',*,*,#2192,.F.);
#3367=ORIENTED_EDGE('',*,*,#2479,.F.);
#3368=ORIENTED_EDGE('',*,*,#2381,.F.);
#3369=ORIENTED_EDGE('',*,*,#2473,.T.);
#3370=ORIENTED_EDGE('',*,*,#2254,.F.);
#3371=ORIENTED_EDGE('',*,*,#2480,.F.);
#3372=ORIENTED_EDGE('',*,*,#2344,.F.);
#3373=ORIENTED_EDGE('',*,*,#2481,.T.);
#3374=ORIENTED_EDGE('',*,*,#2250,.F.);
#3375=ORIENTED_EDGE('',*,*,#2481,.F.);
#3376=ORIENTED_EDGE('',*,*,#2343,.F.);
#3377=ORIENTED_EDGE('',*,*,#2308,.T.);
#3378=ORIENTED_EDGE('',*,*,#2253,.F.);
#3379=ORIENTED_EDGE('',*,*,#2326,.F.);
#3380=ORIENTED_EDGE('',*,*,#2345,.F.);
#3381=ORIENTED_EDGE('',*,*,#2480,.T.);
#3382=ORIENTED_EDGE('',*,*,#2257,.F.);
#3383=ORIENTED_EDGE('',*,*,#2482,.F.);
#3384=ORIENTED_EDGE('',*,*,#2351,.F.);
#3385=ORIENTED_EDGE('',*,*,#2327,.T.);
#3386=ORIENTED_EDGE('',*,*,#2256,.F.);
#3387=ORIENTED_EDGE('',*,*,#2324,.F.);
#3388=ORIENTED_EDGE('',*,*,#2352,.F.);
#3389=ORIENTED_EDGE('',*,*,#2482,.T.);
#3390=ORIENTED_EDGE('',*,*,#2264,.F.);
#3391=ORIENTED_EDGE('',*,*,#2483,.F.);
#3392=ORIENTED_EDGE('',*,*,#2341,.F.);
#3393=ORIENTED_EDGE('',*,*,#2484,.T.);
#3394=ORIENTED_EDGE('',*,*,#2260,.F.);
#3395=ORIENTED_EDGE('',*,*,#2484,.F.);
#3396=ORIENTED_EDGE('',*,*,#2340,.F.);
#3397=ORIENTED_EDGE('',*,*,#2305,.T.);
#3398=ORIENTED_EDGE('',*,*,#2263,.F.);
#3399=ORIENTED_EDGE('',*,*,#2320,.F.);
#3400=ORIENTED_EDGE('',*,*,#2342,.F.);
#3401=ORIENTED_EDGE('',*,*,#2483,.T.);
#3402=ORIENTED_EDGE('',*,*,#2186,.F.);
#3403=ORIENTED_EDGE('',*,*,#2485,.F.);
#3404=ORIENTED_EDGE('',*,*,#2373,.F.);
#3405=ORIENTED_EDGE('',*,*,#2486,.T.);
#3406=ORIENTED_EDGE('',*,*,#2187,.F.);
#3407=ORIENTED_EDGE('',*,*,#2486,.F.);
#3408=ORIENTED_EDGE('',*,*,#2372,.F.);
#3409=ORIENTED_EDGE('',*,*,#2487,.T.);
#3410=ORIENTED_EDGE('',*,*,#2188,.F.);
#3411=ORIENTED_EDGE('',*,*,#2487,.F.);
#3412=ORIENTED_EDGE('',*,*,#2371,.F.);
#3413=ORIENTED_EDGE('',*,*,#2488,.T.);
#3414=ORIENTED_EDGE('',*,*,#2182,.F.);
#3415=ORIENTED_EDGE('',*,*,#2488,.F.);
#3416=ORIENTED_EDGE('',*,*,#2370,.F.);
#3417=ORIENTED_EDGE('',*,*,#2489,.T.);
#3418=ORIENTED_EDGE('',*,*,#2183,.F.);
#3419=ORIENTED_EDGE('',*,*,#2489,.F.);
#3420=ORIENTED_EDGE('',*,*,#2376,.F.);
#3421=ORIENTED_EDGE('',*,*,#2490,.T.);
#3422=ORIENTED_EDGE('',*,*,#2184,.F.);
#3423=ORIENTED_EDGE('',*,*,#2490,.F.);
#3424=ORIENTED_EDGE('',*,*,#2375,.F.);
#3425=ORIENTED_EDGE('',*,*,#2491,.T.);
#3426=ORIENTED_EDGE('',*,*,#2185,.F.);
#3427=ORIENTED_EDGE('',*,*,#2491,.F.);
#3428=ORIENTED_EDGE('',*,*,#2374,.F.);
#3429=ORIENTED_EDGE('',*,*,#2485,.T.);
#3430=ORIENTED_EDGE('',*,*,#2179,.F.);
#3431=ORIENTED_EDGE('',*,*,#2492,.F.);
#3432=ORIENTED_EDGE('',*,*,#2366,.F.);
#3433=ORIENTED_EDGE('',*,*,#2493,.T.);
#3434=ORIENTED_EDGE('',*,*,#2180,.F.);
#3435=ORIENTED_EDGE('',*,*,#2493,.F.);
#3436=ORIENTED_EDGE('',*,*,#2365,.F.);
#3437=ORIENTED_EDGE('',*,*,#2494,.T.);
#3438=ORIENTED_EDGE('',*,*,#2181,.F.);
#3439=ORIENTED_EDGE('',*,*,#2494,.F.);
#3440=ORIENTED_EDGE('',*,*,#2364,.F.);
#3441=ORIENTED_EDGE('',*,*,#2495,.T.);
#3442=ORIENTED_EDGE('',*,*,#2175,.F.);
#3443=ORIENTED_EDGE('',*,*,#2495,.F.);
#3444=ORIENTED_EDGE('',*,*,#2363,.F.);
#3445=ORIENTED_EDGE('',*,*,#2496,.T.);
#3446=ORIENTED_EDGE('',*,*,#2176,.F.);
#3447=ORIENTED_EDGE('',*,*,#2496,.F.);
#3448=ORIENTED_EDGE('',*,*,#2369,.F.);
#3449=ORIENTED_EDGE('',*,*,#2497,.T.);
#3450=ORIENTED_EDGE('',*,*,#2177,.F.);
#3451=ORIENTED_EDGE('',*,*,#2497,.F.);
#3452=ORIENTED_EDGE('',*,*,#2368,.F.);
#3453=ORIENTED_EDGE('',*,*,#2498,.T.);
#3454=ORIENTED_EDGE('',*,*,#2178,.F.);
#3455=ORIENTED_EDGE('',*,*,#2498,.F.);
#3456=ORIENTED_EDGE('',*,*,#2367,.F.);
#3457=ORIENTED_EDGE('',*,*,#2492,.T.);
#3458=ORIENTED_EDGE('',*,*,#2173,.F.);
#3459=ORIENTED_EDGE('',*,*,#2499,.F.);
#3460=ORIENTED_EDGE('',*,*,#2361,.F.);
#3461=ORIENTED_EDGE('',*,*,#2500,.T.);
#3462=ORIENTED_EDGE('',*,*,#2174,.F.);
#3463=ORIENTED_EDGE('',*,*,#2500,.F.);
#3464=ORIENTED_EDGE('',*,*,#2360,.F.);
#3465=ORIENTED_EDGE('',*,*,#2501,.T.);
#3466=ORIENTED_EDGE('',*,*,#2171,.F.);
#3467=ORIENTED_EDGE('',*,*,#2501,.F.);
#3468=ORIENTED_EDGE('',*,*,#2359,.F.);
#3469=ORIENTED_EDGE('',*,*,#2502,.T.);
#3470=ORIENTED_EDGE('',*,*,#2172,.F.);
#3471=ORIENTED_EDGE('',*,*,#2502,.F.);
#3472=ORIENTED_EDGE('',*,*,#2362,.F.);
#3473=ORIENTED_EDGE('',*,*,#2499,.T.);
#3474=ORIENTED_EDGE('',*,*,#2503,.F.);
#3475=ORIENTED_EDGE('',*,*,#2504,.F.);
#3476=ORIENTED_EDGE('',*,*,#2505,.F.);
#3477=ORIENTED_EDGE('',*,*,#2506,.T.);
#3478=ORIENTED_EDGE('',*,*,#2507,.T.);
#3479=ORIENTED_EDGE('',*,*,#2504,.T.);
#3480=ORIENTED_EDGE('',*,*,#2508,.T.);
#3481=ORIENTED_EDGE('',*,*,#2509,.F.);
#3482=ORIENTED_EDGE('',*,*,#2510,.F.);
#3483=ORIENTED_EDGE('',*,*,#2290,.F.);
#3484=ORIENTED_EDGE('',*,*,#2511,.T.);
#3485=ORIENTED_EDGE('',*,*,#2287,.T.);
#3486=ORIENTED_EDGE('',*,*,#2510,.T.);
#3487=ORIENTED_EDGE('',*,*,#2512,.T.);
#3488=ORIENTED_EDGE('',*,*,#2513,.F.);
#3489=ORIENTED_EDGE('',*,*,#2514,.F.);
#3490=ORIENTED_EDGE('',*,*,#2515,.F.);
#3491=ORIENTED_EDGE('',*,*,#2514,.T.);
#3492=ORIENTED_EDGE('',*,*,#2516,.T.);
#3493=ORIENTED_EDGE('',*,*,#2503,.T.);
#3494=ORIENTED_EDGE('',*,*,#2337,.T.);
#3495=ORIENTED_EDGE('',*,*,#2517,.F.);
#3496=ORIENTED_EDGE('',*,*,#2518,.F.);
#3497=ORIENTED_EDGE('',*,*,#2519,.F.);
#3498=ORIENTED_EDGE('',*,*,#2162,.T.);
#3499=ORIENTED_EDGE('',*,*,#2520,.T.);
#3500=ORIENTED_EDGE('',*,*,#2518,.T.);
#3501=ORIENTED_EDGE('',*,*,#2335,.T.);
#3502=ORIENTED_EDGE('',*,*,#2150,.T.);
#3503=ORIENTED_EDGE('',*,*,#2155,.T.);
#3504=ORIENTED_EDGE('',*,*,#2521,.T.);
#3505=ORIENTED_EDGE('',*,*,#2522,.T.);
#3506=ORIENTED_EDGE('',*,*,#2519,.T.);
#3507=ORIENTED_EDGE('',*,*,#2523,.T.);
#3508=ORIENTED_EDGE('',*,*,#2515,.T.);
#3509=ORIENTED_EDGE('',*,*,#2336,.T.);
#3510=ORIENTED_EDGE('',*,*,#2517,.T.);
#3511=ORIENTED_EDGE('',*,*,#2524,.T.);
#3512=ORIENTED_EDGE('',*,*,#2525,.T.);
#3513=ORIENTED_EDGE('',*,*,#2526,.T.);
#3514=ORIENTED_EDGE('',*,*,#2513,.T.);
#3515=ORIENTED_EDGE('',*,*,#2527,.T.);
#3516=ORIENTED_EDGE('',*,*,#2505,.T.);
#3517=ORIENTED_EDGE('',*,*,#2528,.T.);
#3518=ORIENTED_EDGE('',*,*,#2509,.T.);
#3519=ORIENTED_EDGE('',*,*,#2338,.T.);
#3520=ORIENTED_EDGE('',*,*,#2529,.F.);
#3521=ORIENTED_EDGE('',*,*,#2530,.F.);
#3522=ORIENTED_EDGE('',*,*,#2531,.F.);
#3523=ORIENTED_EDGE('',*,*,#2532,.F.);
#3524=ORIENTED_EDGE('',*,*,#2533,.F.);
#3525=ORIENTED_EDGE('',*,*,#2534,.F.);
#3526=ORIENTED_EDGE('',*,*,#2512,.F.);
#3527=ORIENTED_EDGE('',*,*,#2528,.F.);
#3528=ORIENTED_EDGE('',*,*,#2507,.F.);
#3529=ORIENTED_EDGE('',*,*,#2535,.F.);
#3530=ORIENTED_EDGE('',*,*,#2536,.F.);
#3531=ORIENTED_EDGE('',*,*,#2537,.F.);
#3532=ORIENTED_EDGE('',*,*,#2538,.F.);
#3533=ORIENTED_EDGE('',*,*,#2508,.F.);
#3534=ORIENTED_EDGE('',*,*,#2516,.F.);
#3535=ORIENTED_EDGE('',*,*,#2526,.F.);
#3536=ORIENTED_EDGE('',*,*,#2539,.T.);
#3537=ORIENTED_EDGE('',*,*,#2540,.T.);
#3538=ORIENTED_EDGE('',*,*,#2541,.T.);
#3539=ORIENTED_EDGE('',*,*,#2542,.T.);
#3540=ORIENTED_EDGE('',*,*,#2543,.T.);
#3541=ORIENTED_EDGE('',*,*,#2544,.F.);
#3542=ORIENTED_EDGE('',*,*,#2545,.F.);
#3543=ORIENTED_EDGE('',*,*,#2546,.T.);
#3544=ORIENTED_EDGE('',*,*,#2547,.F.);
#3545=ORIENTED_EDGE('',*,*,#2548,.F.);
#3546=ORIENTED_EDGE('',*,*,#2549,.F.);
#3547=ORIENTED_EDGE('',*,*,#2550,.T.);
#3548=ORIENTED_EDGE('',*,*,#2551,.F.);
#3549=ORIENTED_EDGE('',*,*,#2552,.F.);
#3550=ORIENTED_EDGE('',*,*,#2553,.F.);
#3551=ORIENTED_EDGE('',*,*,#2554,.F.);
#3552=ORIENTED_EDGE('',*,*,#2555,.F.);
#3553=ORIENTED_EDGE('',*,*,#2556,.F.);
#3554=ORIENTED_EDGE('',*,*,#2557,.F.);
#3555=ORIENTED_EDGE('',*,*,#2558,.F.);
#3556=ORIENTED_EDGE('',*,*,#2559,.F.);
#3557=ORIENTED_EDGE('',*,*,#2525,.F.);
#3558=ORIENTED_EDGE('',*,*,#2560,.T.);
#3559=ORIENTED_EDGE('',*,*,#2561,.F.);
#3560=ORIENTED_EDGE('',*,*,#2562,.F.);
#3561=ORIENTED_EDGE('',*,*,#2563,.F.);
#3562=ORIENTED_EDGE('',*,*,#2564,.F.);
#3563=ORIENTED_EDGE('',*,*,#2565,.F.);
#3564=ORIENTED_EDGE('',*,*,#2543,.F.);
#3565=ORIENTED_EDGE('',*,*,#2566,.F.);
#3566=ORIENTED_EDGE('',*,*,#2567,.F.);
#3567=ORIENTED_EDGE('',*,*,#2568,.F.);
#3568=ORIENTED_EDGE('',*,*,#2539,.F.);
#3569=ORIENTED_EDGE('',*,*,#2569,.T.);
#3570=ORIENTED_EDGE('',*,*,#2570,.T.);
#3571=ORIENTED_EDGE('',*,*,#2571,.F.);
#3572=ORIENTED_EDGE('',*,*,#2561,.T.);
#3573=ORIENTED_EDGE('',*,*,#2572,.T.);
#3574=ORIENTED_EDGE('',*,*,#2573,.F.);
#3575=ORIENTED_EDGE('',*,*,#2574,.F.);
#3576=ORIENTED_EDGE('',*,*,#2570,.F.);
#3577=ORIENTED_EDGE('',*,*,#2575,.T.);
#3578=ORIENTED_EDGE('',*,*,#2576,.T.);
#3579=ORIENTED_EDGE('',*,*,#2577,.T.);
#3580=ORIENTED_EDGE('',*,*,#2578,.T.);
#3581=ORIENTED_EDGE('',*,*,#2573,.T.);
#3582=ORIENTED_EDGE('',*,*,#2579,.T.);
#3583=ORIENTED_EDGE('',*,*,#2580,.F.);
#3584=ORIENTED_EDGE('',*,*,#2581,.T.);
#3585=ORIENTED_EDGE('',*,*,#2576,.F.);
#3586=ORIENTED_EDGE('',*,*,#2582,.T.);
#3587=ORIENTED_EDGE('',*,*,#2583,.T.);
#3588=ORIENTED_EDGE('',*,*,#2584,.T.);
#3589=ORIENTED_EDGE('',*,*,#2585,.T.);
#3590=ORIENTED_EDGE('',*,*,#2580,.T.);
#3591=ORIENTED_EDGE('',*,*,#2586,.T.);
#3592=ORIENTED_EDGE('',*,*,#2587,.F.);
#3593=ORIENTED_EDGE('',*,*,#2588,.T.);
#3594=ORIENTED_EDGE('',*,*,#2583,.F.);
#3595=ORIENTED_EDGE('',*,*,#2589,.T.);
#3596=ORIENTED_EDGE('',*,*,#2590,.T.);
#3597=ORIENTED_EDGE('',*,*,#2591,.T.);
#3598=ORIENTED_EDGE('',*,*,#2592,.F.);
#3599=ORIENTED_EDGE('',*,*,#2587,.T.);
#3600=ORIENTED_EDGE('',*,*,#2522,.F.);
#3601=ORIENTED_EDGE('',*,*,#2593,.F.);
#3602=ORIENTED_EDGE('',*,*,#2594,.F.);
#3603=ORIENTED_EDGE('',*,*,#2595,.F.);
#3604=ORIENTED_EDGE('',*,*,#2596,.F.);
#3605=ORIENTED_EDGE('',*,*,#2597,.F.);
#3606=ORIENTED_EDGE('',*,*,#2589,.F.);
#3607=ORIENTED_EDGE('',*,*,#2586,.F.);
#3608=ORIENTED_EDGE('',*,*,#2582,.F.);
#3609=ORIENTED_EDGE('',*,*,#2579,.F.);
#3610=ORIENTED_EDGE('',*,*,#2575,.F.);
#3611=ORIENTED_EDGE('',*,*,#2572,.F.);
#3612=ORIENTED_EDGE('',*,*,#2569,.F.);
#3613=ORIENTED_EDGE('',*,*,#2560,.F.);
#3614=ORIENTED_EDGE('',*,*,#2527,.F.);
#3615=ORIENTED_EDGE('',*,*,#2524,.F.);
#3616=ORIENTED_EDGE('',*,*,#2161,.T.);
#3617=ORIENTED_EDGE('',*,*,#2598,.T.);
#3618=ORIENTED_EDGE('',*,*,#2599,.T.);
#3619=ORIENTED_EDGE('',*,*,#2600,.T.);
#3620=ORIENTED_EDGE('',*,*,#2601,.T.);
#3621=ORIENTED_EDGE('',*,*,#2602,.T.);
#3622=ORIENTED_EDGE('',*,*,#2523,.F.);
#3623=ORIENTED_EDGE('',*,*,#2520,.F.);
#3624=ORIENTED_EDGE('',*,*,#2160,.T.);
#3625=ORIENTED_EDGE('',*,*,#2283,.F.);
#3626=ORIENTED_EDGE('',*,*,#2603,.F.);
#3627=ORIENTED_EDGE('',*,*,#2604,.F.);
#3628=ORIENTED_EDGE('',*,*,#2605,.F.);
#3629=ORIENTED_EDGE('',*,*,#2593,.T.);
#3630=ORIENTED_EDGE('',*,*,#2521,.F.);
#3631=ORIENTED_EDGE('',*,*,#2602,.F.);
#3632=ORIENTED_EDGE('',*,*,#2606,.F.);
#3633=ORIENTED_EDGE('',*,*,#2607,.T.);
#3634=ORIENTED_EDGE('',*,*,#2608,.T.);
#3635=ORIENTED_EDGE('',*,*,#2609,.T.);
#3636=ORIENTED_EDGE('',*,*,#2610,.T.);
#3637=ORIENTED_EDGE('',*,*,#2598,.F.);
#3638=ORIENTED_EDGE('',*,*,#2288,.T.);
#3639=ORIENTED_EDGE('',*,*,#2511,.F.);
#3640=ORIENTED_EDGE('',*,*,#2534,.T.);
#3641=ORIENTED_EDGE('',*,*,#2611,.F.);
#3642=ORIENTED_EDGE('',*,*,#2530,.T.);
#3643=ORIENTED_EDGE('',*,*,#2612,.F.);
#3644=ORIENTED_EDGE('',*,*,#2535,.T.);
#3645=ORIENTED_EDGE('',*,*,#2506,.F.);
#3646=ORIENTED_EDGE('',*,*,#2538,.T.);
#3647=ORIENTED_EDGE('',*,*,#2613,.F.);
#3648=ORIENTED_EDGE('',*,*,#2614,.T.);
#3649=ORIENTED_EDGE('',*,*,#2615,.F.);
#3650=ORIENTED_EDGE('',*,*,#2616,.T.);
#3651=ORIENTED_EDGE('',*,*,#2617,.F.);
#3652=ORIENTED_EDGE('',*,*,#2279,.T.);
#3653=ORIENTED_EDGE('',*,*,#2285,.F.);
#3654=ORIENTED_EDGE('',*,*,#2559,.T.);
#3655=ORIENTED_EDGE('',*,*,#2618,.F.);
#3656=ORIENTED_EDGE('',*,*,#2619,.F.);
#3657=ORIENTED_EDGE('',*,*,#2613,.T.);
#3658=ORIENTED_EDGE('',*,*,#2615,.T.);
#3659=ORIENTED_EDGE('',*,*,#2620,.T.);
#3660=ORIENTED_EDGE('',*,*,#2621,.T.);
#3661=ORIENTED_EDGE('',*,*,#2622,.T.);
#3662=ORIENTED_EDGE('',*,*,#2623,.T.);
#3663=ORIENTED_EDGE('',*,*,#2167,.T.);
#3664=ORIENTED_EDGE('',*,*,#2624,.T.);
#3665=ORIENTED_EDGE('',*,*,#2625,.T.);
#3666=ORIENTED_EDGE('',*,*,#2617,.T.);
#3667=ORIENTED_EDGE('',*,*,#2626,.T.);
#3668=ORIENTED_EDGE('',*,*,#2627,.T.);
#3669=ORIENTED_EDGE('',*,*,#2280,.T.);
#3670=ORIENTED_EDGE('',*,*,#2627,.F.);
#3671=ORIENTED_EDGE('',*,*,#2624,.F.);
#3672=ORIENTED_EDGE('',*,*,#2276,.T.);
#3673=ORIENTED_EDGE('',*,*,#2623,.F.);
#3674=ORIENTED_EDGE('',*,*,#2621,.F.);
#3675=ORIENTED_EDGE('',*,*,#2628,.T.);
#3676=ORIENTED_EDGE('',*,*,#2622,.F.);
#3677=ORIENTED_EDGE('',*,*,#2625,.F.);
#3678=ORIENTED_EDGE('',*,*,#2626,.F.);
#3679=ORIENTED_EDGE('',*,*,#2616,.F.);
#3680=ORIENTED_EDGE('',*,*,#2628,.F.);
#3681=ORIENTED_EDGE('',*,*,#2629,.T.);
#3682=ORIENTED_EDGE('',*,*,#2630,.T.);
#3683=ORIENTED_EDGE('',*,*,#2168,.T.);
#3684=ORIENTED_EDGE('',*,*,#2631,.F.);
#3685=ORIENTED_EDGE('',*,*,#2632,.F.);
#3686=ORIENTED_EDGE('',*,*,#2277,.F.);
#3687=ORIENTED_EDGE('',*,*,#2603,.T.);
#3688=ORIENTED_EDGE('',*,*,#2282,.T.);
#3689=ORIENTED_EDGE('',*,*,#2632,.T.);
#3690=ORIENTED_EDGE('',*,*,#2633,.T.);
#3691=ORIENTED_EDGE('',*,*,#2630,.F.);
#3692=ORIENTED_EDGE('',*,*,#2634,.F.);
#3693=ORIENTED_EDGE('',*,*,#2635,.F.);
#3694=ORIENTED_EDGE('',*,*,#2563,.T.);
#3695=ORIENTED_EDGE('',*,*,#2636,.T.);
#3696=ORIENTED_EDGE('',*,*,#2634,.T.);
#3697=ORIENTED_EDGE('',*,*,#2637,.T.);
#3698=ORIENTED_EDGE('',*,*,#2631,.T.);
#3699=ORIENTED_EDGE('',*,*,#2169,.T.);
#3700=ORIENTED_EDGE('',*,*,#2635,.T.);
#3701=ORIENTED_EDGE('',*,*,#2638,.T.);
#3702=ORIENTED_EDGE('',*,*,#2633,.F.);
#3703=ORIENTED_EDGE('',*,*,#2638,.F.);
#3704=ORIENTED_EDGE('',*,*,#2636,.F.);
#3705=ORIENTED_EDGE('',*,*,#2562,.T.);
#3706=ORIENTED_EDGE('',*,*,#2571,.T.);
#3707=ORIENTED_EDGE('',*,*,#2574,.T.);
#3708=ORIENTED_EDGE('',*,*,#2578,.F.);
#3709=ORIENTED_EDGE('',*,*,#2639,.T.);
#3710=ORIENTED_EDGE('',*,*,#2584,.F.);
#3711=ORIENTED_EDGE('',*,*,#2588,.F.);
#3712=ORIENTED_EDGE('',*,*,#2592,.T.);
#3713=ORIENTED_EDGE('',*,*,#2640,.T.);
#3714=ORIENTED_EDGE('',*,*,#2641,.T.);
#3715=ORIENTED_EDGE('',*,*,#2642,.F.);
#3716=ORIENTED_EDGE('',*,*,#2643,.F.);
#3717=ORIENTED_EDGE('',*,*,#2604,.T.);
#3718=ORIENTED_EDGE('',*,*,#2619,.T.);
#3719=ORIENTED_EDGE('',*,*,#2644,.F.);
#3720=ORIENTED_EDGE('',*,*,#2645,.F.);
#3721=ORIENTED_EDGE('',*,*,#2646,.F.);
#3722=ORIENTED_EDGE('',*,*,#2647,.F.);
#3723=ORIENTED_EDGE('',*,*,#2648,.F.);
#3724=ORIENTED_EDGE('',*,*,#2649,.F.);
#3725=ORIENTED_EDGE('',*,*,#2650,.T.);
#3726=ORIENTED_EDGE('',*,*,#2651,.F.);
#3727=ORIENTED_EDGE('',*,*,#2652,.F.);
#3728=ORIENTED_EDGE('',*,*,#2653,.F.);
#3729=ORIENTED_EDGE('',*,*,#2654,.T.);
#3730=ORIENTED_EDGE('',*,*,#2655,.F.);
#3731=ORIENTED_EDGE('',*,*,#2656,.F.);
#3732=ORIENTED_EDGE('',*,*,#2657,.F.);
#3733=ORIENTED_EDGE('',*,*,#2658,.F.);
#3734=ORIENTED_EDGE('',*,*,#2564,.T.);
#3735=ORIENTED_EDGE('',*,*,#2637,.F.);
#3736=ORIENTED_EDGE('',*,*,#2629,.F.);
#3737=ORIENTED_EDGE('',*,*,#2620,.F.);
#3738=ORIENTED_EDGE('',*,*,#2614,.F.);
#3739=ORIENTED_EDGE('',*,*,#2597,.T.);
#3740=ORIENTED_EDGE('',*,*,#2659,.F.);
#3741=ORIENTED_EDGE('',*,*,#2660,.T.);
#3742=ORIENTED_EDGE('',*,*,#2590,.F.);
#3743=ORIENTED_EDGE('',*,*,#2596,.T.);
#3744=ORIENTED_EDGE('',*,*,#2661,.T.);
#3745=ORIENTED_EDGE('',*,*,#2641,.F.);
#3746=ORIENTED_EDGE('',*,*,#2662,.T.);
#3747=ORIENTED_EDGE('',*,*,#2659,.T.);
#3748=ORIENTED_EDGE('',*,*,#2581,.F.);
#3749=ORIENTED_EDGE('',*,*,#2585,.F.);
#3750=ORIENTED_EDGE('',*,*,#2639,.F.);
#3751=ORIENTED_EDGE('',*,*,#2577,.F.);
#3752=ORIENTED_EDGE('',*,*,#2640,.F.);
#3753=ORIENTED_EDGE('',*,*,#2591,.F.);
#3754=ORIENTED_EDGE('',*,*,#2660,.F.);
#3755=ORIENTED_EDGE('',*,*,#2662,.F.);
#3756=ORIENTED_EDGE('',*,*,#2595,.T.);
#3757=ORIENTED_EDGE('',*,*,#2663,.F.);
#3758=ORIENTED_EDGE('',*,*,#2642,.T.);
#3759=ORIENTED_EDGE('',*,*,#2661,.F.);
#3760=ORIENTED_EDGE('',*,*,#2594,.T.);
#3761=ORIENTED_EDGE('',*,*,#2605,.T.);
#3762=ORIENTED_EDGE('',*,*,#2643,.T.);
#3763=ORIENTED_EDGE('',*,*,#2663,.T.);
#3764=ORIENTED_EDGE('',*,*,#2544,.T.);
#3765=ORIENTED_EDGE('',*,*,#2565,.T.);
#3766=ORIENTED_EDGE('',*,*,#2658,.T.);
#3767=ORIENTED_EDGE('',*,*,#2664,.T.);
#3768=ORIENTED_EDGE('',*,*,#2558,.T.);
#3769=ORIENTED_EDGE('',*,*,#2665,.T.);
#3770=ORIENTED_EDGE('',*,*,#2644,.T.);
#3771=ORIENTED_EDGE('',*,*,#2618,.T.);
#3772=ORIENTED_EDGE('',*,*,#2665,.F.);
#3773=ORIENTED_EDGE('',*,*,#2557,.T.);
#3774=ORIENTED_EDGE('',*,*,#2666,.F.);
#3775=ORIENTED_EDGE('',*,*,#2645,.T.);
#3776=ORIENTED_EDGE('',*,*,#2667,.F.);
#3777=ORIENTED_EDGE('',*,*,#2668,.F.);
#3778=ORIENTED_EDGE('',*,*,#2669,.F.);
#3779=ORIENTED_EDGE('',*,*,#2567,.T.);
#3780=ORIENTED_EDGE('',*,*,#2670,.F.);
#3781=ORIENTED_EDGE('',*,*,#2608,.F.);
#3782=ORIENTED_EDGE('',*,*,#2671,.F.);
#3783=ORIENTED_EDGE('',*,*,#2672,.F.);
#3784=ORIENTED_EDGE('',*,*,#2609,.F.);
#3785=ORIENTED_EDGE('',*,*,#2673,.F.);
#3786=ORIENTED_EDGE('',*,*,#2674,.T.);
#3787=ORIENTED_EDGE('',*,*,#2675,.F.);
#3788=ORIENTED_EDGE('',*,*,#2607,.F.);
#3789=ORIENTED_EDGE('',*,*,#2676,.T.);
#3790=ORIENTED_EDGE('',*,*,#2677,.F.);
#3791=ORIENTED_EDGE('',*,*,#2678,.T.);
#3792=ORIENTED_EDGE('',*,*,#2679,.F.);
#3793=ORIENTED_EDGE('',*,*,#2671,.T.);
#3794=ORIENTED_EDGE('',*,*,#2675,.T.);
#3795=ORIENTED_EDGE('',*,*,#2680,.T.);
#3796=ORIENTED_EDGE('',*,*,#2681,.T.);
#3797=ORIENTED_EDGE('',*,*,#2682,.F.);
#3798=ORIENTED_EDGE('',*,*,#2680,.F.);
#3799=ORIENTED_EDGE('',*,*,#2674,.F.);
#3800=ORIENTED_EDGE('',*,*,#2681,.F.);
#3801=ORIENTED_EDGE('',*,*,#2673,.T.);
#3802=ORIENTED_EDGE('',*,*,#2670,.T.);
#3803=ORIENTED_EDGE('',*,*,#2683,.T.);
#3804=ORIENTED_EDGE('',*,*,#2679,.T.);
#3805=ORIENTED_EDGE('',*,*,#2682,.T.);
#3806=ORIENTED_EDGE('',*,*,#2683,.F.);
#3807=ORIENTED_EDGE('',*,*,#2672,.T.);
#3808=ORIENTED_EDGE('',*,*,#2684,.T.);
#3809=ORIENTED_EDGE('',*,*,#2685,.T.);
#3810=ORIENTED_EDGE('',*,*,#2686,.T.);
#3811=ORIENTED_EDGE('',*,*,#2600,.F.);
#3812=ORIENTED_EDGE('',*,*,#2685,.F.);
#3813=ORIENTED_EDGE('',*,*,#2687,.T.);
#3814=ORIENTED_EDGE('',*,*,#2688,.T.);
#3815=ORIENTED_EDGE('',*,*,#2689,.T.);
#3816=ORIENTED_EDGE('',*,*,#2684,.F.);
#3817=ORIENTED_EDGE('',*,*,#2599,.F.);
#3818=ORIENTED_EDGE('',*,*,#2610,.F.);
#3819=ORIENTED_EDGE('',*,*,#2678,.F.);
#3820=ORIENTED_EDGE('',*,*,#2690,.T.);
#3821=ORIENTED_EDGE('',*,*,#2687,.F.);
#3822=ORIENTED_EDGE('',*,*,#2686,.F.);
#3823=ORIENTED_EDGE('',*,*,#2689,.F.);
#3824=ORIENTED_EDGE('',*,*,#2691,.F.);
#3825=ORIENTED_EDGE('',*,*,#2676,.F.);
#3826=ORIENTED_EDGE('',*,*,#2606,.T.);
#3827=ORIENTED_EDGE('',*,*,#2601,.F.);
#3828=ORIENTED_EDGE('',*,*,#2677,.T.);
#3829=ORIENTED_EDGE('',*,*,#2691,.T.);
#3830=ORIENTED_EDGE('',*,*,#2688,.F.);
#3831=ORIENTED_EDGE('',*,*,#2690,.F.);
#3832=ORIENTED_EDGE('',*,*,#2664,.F.);
#3833=ORIENTED_EDGE('',*,*,#2657,.T.);
#3834=ORIENTED_EDGE('',*,*,#2692,.T.);
#3835=ORIENTED_EDGE('',*,*,#2545,.T.);
#3836=ORIENTED_EDGE('',*,*,#2653,.T.);
#3837=ORIENTED_EDGE('',*,*,#2693,.T.);
#3838=ORIENTED_EDGE('',*,*,#2549,.T.);
#3839=ORIENTED_EDGE('',*,*,#2694,.T.);
#3840=ORIENTED_EDGE('',*,*,#2695,.F.);
#3841=ORIENTED_EDGE('',*,*,#2553,.T.);
#3842=ORIENTED_EDGE('',*,*,#2696,.T.);
#3843=ORIENTED_EDGE('',*,*,#2649,.T.);
#3844=ORIENTED_EDGE('',*,*,#2693,.F.);
#3845=ORIENTED_EDGE('',*,*,#2652,.T.);
#3846=ORIENTED_EDGE('',*,*,#2697,.F.);
#3847=ORIENTED_EDGE('',*,*,#2550,.F.);
#3848=ORIENTED_EDGE('',*,*,#2692,.F.);
#3849=ORIENTED_EDGE('',*,*,#2656,.T.);
#3850=ORIENTED_EDGE('',*,*,#2698,.F.);
#3851=ORIENTED_EDGE('',*,*,#2546,.F.);
#3852=ORIENTED_EDGE('',*,*,#2554,.T.);
#3853=ORIENTED_EDGE('',*,*,#2695,.T.);
#3854=ORIENTED_EDGE('',*,*,#2648,.T.);
#3855=ORIENTED_EDGE('',*,*,#2699,.T.);
#3856=ORIENTED_EDGE('',*,*,#2646,.T.);
#3857=ORIENTED_EDGE('',*,*,#2666,.T.);
#3858=ORIENTED_EDGE('',*,*,#2556,.T.);
#3859=ORIENTED_EDGE('',*,*,#2700,.T.);
#3860=ORIENTED_EDGE('',*,*,#2699,.F.);
#3861=ORIENTED_EDGE('',*,*,#2647,.T.);
#3862=ORIENTED_EDGE('',*,*,#2700,.F.);
#3863=ORIENTED_EDGE('',*,*,#2555,.T.);
#3864=ORIENTED_EDGE('',*,*,#2698,.T.);
#3865=ORIENTED_EDGE('',*,*,#2655,.T.);
#3866=ORIENTED_EDGE('',*,*,#2701,.T.);
#3867=ORIENTED_EDGE('',*,*,#2547,.T.);
#3868=ORIENTED_EDGE('',*,*,#2702,.T.);
#3869=ORIENTED_EDGE('',*,*,#2551,.T.);
#3870=ORIENTED_EDGE('',*,*,#2697,.T.);
#3871=ORIENTED_EDGE('',*,*,#2651,.T.);
#3872=ORIENTED_EDGE('',*,*,#2696,.F.);
#3873=ORIENTED_EDGE('',*,*,#2552,.T.);
#3874=ORIENTED_EDGE('',*,*,#2702,.F.);
#3875=ORIENTED_EDGE('',*,*,#2650,.F.);
#3876=ORIENTED_EDGE('',*,*,#2694,.F.);
#3877=ORIENTED_EDGE('',*,*,#2548,.T.);
#3878=ORIENTED_EDGE('',*,*,#2701,.F.);
#3879=ORIENTED_EDGE('',*,*,#2654,.F.);
#3880=ORIENTED_EDGE('',*,*,#2703,.F.);
#3881=ORIENTED_EDGE('',*,*,#2704,.T.);
#3882=ORIENTED_EDGE('',*,*,#2705,.F.);
#3883=ORIENTED_EDGE('',*,*,#2706,.F.);
#3884=ORIENTED_EDGE('',*,*,#2707,.F.);
#3885=ORIENTED_EDGE('',*,*,#2708,.F.);
#3886=ORIENTED_EDGE('',*,*,#2704,.F.);
#3887=ORIENTED_EDGE('',*,*,#2709,.F.);
#3888=ORIENTED_EDGE('',*,*,#2542,.F.);
#3889=ORIENTED_EDGE('',*,*,#2710,.F.);
#3890=ORIENTED_EDGE('',*,*,#2540,.F.);
#3891=ORIENTED_EDGE('',*,*,#2711,.F.);
#3892=ORIENTED_EDGE('',*,*,#2706,.T.);
#3893=ORIENTED_EDGE('',*,*,#2712,.F.);
#3894=ORIENTED_EDGE('',*,*,#2713,.F.);
#3895=ORIENTED_EDGE('',*,*,#2712,.T.);
#3896=ORIENTED_EDGE('',*,*,#2705,.T.);
#3897=ORIENTED_EDGE('',*,*,#2708,.T.);
#3898=ORIENTED_EDGE('',*,*,#2710,.T.);
#3899=ORIENTED_EDGE('',*,*,#2713,.T.);
#3900=ORIENTED_EDGE('',*,*,#2707,.T.);
#3901=ORIENTED_EDGE('',*,*,#2541,.F.);
#3902=ORIENTED_EDGE('',*,*,#2714,.T.);
#3903=ORIENTED_EDGE('',*,*,#2715,.T.);
#3904=ORIENTED_EDGE('',*,*,#2716,.F.);
#3905=ORIENTED_EDGE('',*,*,#2668,.T.);
#3906=ORIENTED_EDGE('',*,*,#2717,.F.);
#3907=ORIENTED_EDGE('',*,*,#2718,.T.);
#3908=ORIENTED_EDGE('',*,*,#2669,.T.);
#3909=ORIENTED_EDGE('',*,*,#2716,.T.);
#3910=ORIENTED_EDGE('',*,*,#2717,.T.);
#3911=ORIENTED_EDGE('',*,*,#2715,.F.);
#3912=ORIENTED_EDGE('',*,*,#2719,.F.);
#3913=ORIENTED_EDGE('',*,*,#2720,.F.);
#3914=ORIENTED_EDGE('',*,*,#2714,.F.);
#3915=ORIENTED_EDGE('',*,*,#2667,.T.);
#3916=ORIENTED_EDGE('',*,*,#2721,.T.);
#3917=ORIENTED_EDGE('',*,*,#2719,.T.);
#3918=ORIENTED_EDGE('',*,*,#2566,.T.);
#3919=ORIENTED_EDGE('',*,*,#2709,.T.);
#3920=ORIENTED_EDGE('',*,*,#2703,.T.);
#3921=ORIENTED_EDGE('',*,*,#2711,.T.);
#3922=ORIENTED_EDGE('',*,*,#2568,.T.);
#3923=ORIENTED_EDGE('',*,*,#2718,.F.);
#3924=ORIENTED_EDGE('',*,*,#2720,.T.);
#3925=ORIENTED_EDGE('',*,*,#2721,.F.);
#3926=ORIENTED_EDGE('',*,*,#2722,.F.);
#3927=ORIENTED_EDGE('',*,*,#2723,.T.);
#3928=ORIENTED_EDGE('',*,*,#2724,.F.);
#3929=ORIENTED_EDGE('',*,*,#2725,.F.);
#3930=ORIENTED_EDGE('',*,*,#2722,.T.);
#3931=ORIENTED_EDGE('',*,*,#2726,.T.);
#3932=ORIENTED_EDGE('',*,*,#2727,.F.);
#3933=ORIENTED_EDGE('',*,*,#2728,.F.);
#3934=ORIENTED_EDGE('',*,*,#2729,.T.);
#3935=ORIENTED_EDGE('',*,*,#2730,.F.);
#3936=ORIENTED_EDGE('',*,*,#2731,.T.);
#3937=ORIENTED_EDGE('',*,*,#2726,.F.);
#3938=ORIENTED_EDGE('',*,*,#2725,.T.);
#3939=ORIENTED_EDGE('',*,*,#2731,.F.);
#3940=ORIENTED_EDGE('',*,*,#2732,.F.);
#3941=ORIENTED_EDGE('',*,*,#2733,.F.);
#3942=ORIENTED_EDGE('',*,*,#2727,.T.);
#3943=ORIENTED_EDGE('',*,*,#2723,.F.);
#3944=ORIENTED_EDGE('',*,*,#2729,.F.);
#3945=ORIENTED_EDGE('',*,*,#2734,.F.);
#3946=ORIENTED_EDGE('',*,*,#2735,.T.);
#3947=ORIENTED_EDGE('',*,*,#2724,.T.);
#3948=ORIENTED_EDGE('',*,*,#2735,.F.);
#3949=ORIENTED_EDGE('',*,*,#2736,.F.);
#3950=ORIENTED_EDGE('',*,*,#2732,.T.);
#3951=ORIENTED_EDGE('',*,*,#2730,.T.);
#3952=ORIENTED_EDGE('',*,*,#2737,.T.);
#3953=ORIENTED_EDGE('',*,*,#2738,.T.);
#3954=ORIENTED_EDGE('',*,*,#2739,.T.);
#3955=ORIENTED_EDGE('',*,*,#2532,.T.);
#3956=ORIENTED_EDGE('',*,*,#2737,.F.);
#3957=ORIENTED_EDGE('',*,*,#2531,.T.);
#3958=ORIENTED_EDGE('',*,*,#2740,.T.);
#3959=ORIENTED_EDGE('',*,*,#2741,.T.);
#3960=ORIENTED_EDGE('',*,*,#2742,.F.);
#3961=ORIENTED_EDGE('',*,*,#2739,.F.);
#3962=ORIENTED_EDGE('',*,*,#2743,.F.);
#3963=ORIENTED_EDGE('',*,*,#2744,.F.);
#3964=ORIENTED_EDGE('',*,*,#2745,.T.);
#3965=ORIENTED_EDGE('',*,*,#2533,.T.);
#3966=ORIENTED_EDGE('',*,*,#2746,.T.);
#3967=ORIENTED_EDGE('',*,*,#2744,.T.);
#3968=ORIENTED_EDGE('',*,*,#2747,.F.);
#3969=ORIENTED_EDGE('',*,*,#2741,.F.);
#3970=ORIENTED_EDGE('',*,*,#2738,.F.);
#3971=ORIENTED_EDGE('',*,*,#2742,.T.);
#3972=ORIENTED_EDGE('',*,*,#2747,.T.);
#3973=ORIENTED_EDGE('',*,*,#2743,.T.);
#3974=ORIENTED_EDGE('',*,*,#2611,.T.);
#3975=ORIENTED_EDGE('',*,*,#2745,.F.);
#3976=ORIENTED_EDGE('',*,*,#2746,.F.);
#3977=ORIENTED_EDGE('',*,*,#2740,.F.);
#3978=ORIENTED_EDGE('',*,*,#2733,.T.);
#3979=ORIENTED_EDGE('',*,*,#2736,.T.);
#3980=ORIENTED_EDGE('',*,*,#2734,.T.);
#3981=ORIENTED_EDGE('',*,*,#2728,.T.);
#3982=ORIENTED_EDGE('',*,*,#2748,.F.);
#3983=ORIENTED_EDGE('',*,*,#2749,.T.);
#3984=ORIENTED_EDGE('',*,*,#2750,.F.);
#3985=ORIENTED_EDGE('',*,*,#2751,.F.);
#3986=ORIENTED_EDGE('',*,*,#2748,.T.);
#3987=ORIENTED_EDGE('',*,*,#2752,.T.);
#3988=ORIENTED_EDGE('',*,*,#2753,.F.);
#3989=ORIENTED_EDGE('',*,*,#2754,.F.);
#3990=ORIENTED_EDGE('',*,*,#2755,.T.);
#3991=ORIENTED_EDGE('',*,*,#2756,.F.);
#3992=ORIENTED_EDGE('',*,*,#2757,.T.);
#3993=ORIENTED_EDGE('',*,*,#2752,.F.);
#3994=ORIENTED_EDGE('',*,*,#2751,.T.);
#3995=ORIENTED_EDGE('',*,*,#2757,.F.);
#3996=ORIENTED_EDGE('',*,*,#2758,.F.);
#3997=ORIENTED_EDGE('',*,*,#2759,.F.);
#3998=ORIENTED_EDGE('',*,*,#2753,.T.);
#3999=ORIENTED_EDGE('',*,*,#2750,.T.);
#4000=ORIENTED_EDGE('',*,*,#2760,.F.);
#4001=ORIENTED_EDGE('',*,*,#2761,.F.);
#4002=ORIENTED_EDGE('',*,*,#2758,.T.);
#4003=ORIENTED_EDGE('',*,*,#2756,.T.);
#4004=ORIENTED_EDGE('',*,*,#2749,.F.);
#4005=ORIENTED_EDGE('',*,*,#2755,.F.);
#4006=ORIENTED_EDGE('',*,*,#2762,.F.);
#4007=ORIENTED_EDGE('',*,*,#2760,.T.);
#4008=ORIENTED_EDGE('',*,*,#2763,.T.);
#4009=ORIENTED_EDGE('',*,*,#2764,.T.);
#4010=ORIENTED_EDGE('',*,*,#2765,.T.);
#4011=ORIENTED_EDGE('',*,*,#2537,.T.);
#4012=ORIENTED_EDGE('',*,*,#2764,.F.);
#4013=ORIENTED_EDGE('',*,*,#2766,.T.);
#4014=ORIENTED_EDGE('',*,*,#2767,.T.);
#4015=ORIENTED_EDGE('',*,*,#2768,.T.);
#4016=ORIENTED_EDGE('',*,*,#2763,.F.);
#4017=ORIENTED_EDGE('',*,*,#2536,.T.);
#4018=ORIENTED_EDGE('',*,*,#2769,.T.);
#4019=ORIENTED_EDGE('',*,*,#2770,.T.);
#4020=ORIENTED_EDGE('',*,*,#2766,.F.);
#4021=ORIENTED_EDGE('',*,*,#2771,.F.);
#4022=ORIENTED_EDGE('',*,*,#2772,.T.);
#4023=ORIENTED_EDGE('',*,*,#2767,.F.);
#4024=ORIENTED_EDGE('',*,*,#2770,.F.);
#4025=ORIENTED_EDGE('',*,*,#2765,.F.);
#4026=ORIENTED_EDGE('',*,*,#2768,.F.);
#4027=ORIENTED_EDGE('',*,*,#2772,.F.);
#4028=ORIENTED_EDGE('',*,*,#2773,.T.);
#4029=ORIENTED_EDGE('',*,*,#2529,.T.);
#4030=ORIENTED_EDGE('',*,*,#2612,.T.);
#4031=ORIENTED_EDGE('',*,*,#2773,.F.);
#4032=ORIENTED_EDGE('',*,*,#2771,.T.);
#4033=ORIENTED_EDGE('',*,*,#2769,.F.);
#4034=ORIENTED_EDGE('',*,*,#2761,.T.);
#4035=ORIENTED_EDGE('',*,*,#2762,.T.);
#4036=ORIENTED_EDGE('',*,*,#2754,.T.);
#4037=ORIENTED_EDGE('',*,*,#2759,.T.);
#4038=PLANE('',#4415);
#4039=PLANE('',#4418);
#4040=PLANE('',#4420);
#4041=PLANE('',#4421);
#4042=PLANE('',#4424);
#4043=PLANE('',#4425);
#4044=PLANE('',#4437);
#4045=PLANE('',#4438);
#4046=PLANE('',#4439);
#4047=PLANE('',#4440);
#4048=PLANE('',#4443);
#4049=PLANE('',#4444);
#4050=PLANE('',#4459);
#4051=PLANE('',#4460);
#4052=PLANE('',#4461);
#4053=PLANE('',#4462);
#4054=PLANE('',#4463);
#4055=PLANE('',#4464);
#4056=PLANE('',#4465);
#4057=PLANE('',#4466);
#4058=PLANE('',#4467);
#4059=PLANE('',#4468);
#4060=PLANE('',#4469);
#4061=PLANE('',#4470);
#4062=PLANE('',#4471);
#4063=PLANE('',#4472);
#4064=PLANE('',#4473);
#4065=PLANE('',#4474);
#4066=PLANE('',#4475);
#4067=PLANE('',#4476);
#4068=PLANE('',#4477);
#4069=PLANE('',#4478);
#4070=PLANE('',#4479);
#4071=PLANE('',#4480);
#4072=PLANE('',#4481);
#4073=PLANE('',#4482);
#4074=PLANE('',#4483);
#4075=PLANE('',#4484);
#4076=PLANE('',#4485);
#4077=PLANE('',#4486);
#4078=PLANE('',#4487);
#4079=PLANE('',#4488);
#4080=PLANE('',#4489);
#4081=PLANE('',#4490);
#4082=PLANE('',#4491);
#4083=PLANE('',#4492);
#4084=PLANE('',#4493);
#4085=PLANE('',#4494);
#4086=PLANE('',#4495);
#4087=PLANE('',#4496);
#4088=PLANE('',#4497);
#4089=PLANE('',#4498);
#4090=PLANE('',#4499);
#4091=PLANE('',#4500);
#4092=PLANE('',#4501);
#4093=PLANE('',#4529);
#4094=PLANE('',#4530);
#4095=PLANE('',#4535);
#4096=PLANE('',#4537);
#4097=PLANE('',#4538);
#4098=PLANE('',#4539);
#4099=PLANE('',#4540);
#4100=PLANE('',#4541);
#4101=PLANE('',#4542);
#4102=PLANE('',#4543);
#4103=PLANE('',#4544);
#4104=PLANE('',#4545);
#4105=PLANE('',#4546);
#4106=PLANE('',#4548);
#4107=PLANE('',#4551);
#4108=PLANE('',#4562);
#4109=PLANE('',#4574);
#4110=PLANE('',#4575);
#4111=PLANE('',#4580);
#4112=PLANE('',#4581);
#4113=PLANE('',#4582);
#4114=PLANE('',#4583);
#4115=PLANE('',#4584);
#4116=PLANE('',#4585);
#4117=PLANE('',#4588);
#4118=PLANE('',#4589);
#4119=PLANE('',#4590);
#4120=PLANE('',#4591);
#4121=PLANE('',#4592);
#4122=PLANE('',#4593);
#4123=PLANE('',#4594);
#4124=PLANE('',#4595);
#4125=PLANE('',#4596);
#4126=PLANE('',#4597);
#4127=PLANE('',#4598);
#4128=PLANE('',#4599);
#4129=PLANE('',#4600);
#4130=PLANE('',#4601);
#4131=PLANE('',#4602);
#4132=PLANE('',#4603);
#4133=PLANE('',#4604);
#4134=PLANE('',#4605);
#4135=PLANE('',#4608);
#4136=PLANE('',#4609);
#4137=PLANE('',#4610);
#4138=PLANE('',#4611);
#4139=PLANE('',#4612);
#4140=PLANE('',#4613);
#4141=PLANE('',#4614);
#4142=PLANE('',#4615);
#4143=PLANE('',#4616);
#4144=PLANE('',#4617);
#4145=PLANE('',#4618);
#4146=PLANE('',#4619);
#4147=PLANE('',#4620);
#4148=PLANE('',#4621);
#4149=PLANE('',#4622);
#4150=PLANE('',#4623);
#4151=PLANE('',#4624);
#4152=PLANE('',#4625);
#4153=PLANE('',#4626);
#4154=PLANE('',#4627);
#4155=PLANE('',#4628);
#4156=PLANE('',#4629);
#4157=PLANE('',#4630);
#4158=PLANE('',#4631);
#4159=PLANE('',#4632);
#4160=PLANE('',#4633);
#4161=PLANE('',#4634);
#4162=PLANE('',#4635);
#4163=PLANE('',#4636);
#4164=PLANE('',#4637);
#4165=PLANE('',#4638);
#4166=PLANE('',#4639);
#4167=PLANE('',#4640);
#4168=PLANE('',#4641);
#4169=PLANE('',#4642);
#4170=PLANE('',#4643);
#4171=PLANE('',#4644);
#4172=PLANE('',#4645);
#4173=PLANE('',#4646);
#4174=ADVANCED_FACE('',(#251),#4038,.F.);
#4175=ADVANCED_FACE('',(#252),#4039,.F.);
#4176=ADVANCED_FACE('',(#253),#4040,.F.);
#4177=ADVANCED_FACE('',(#254),#4041,.F.);
#4178=ADVANCED_FACE('',(#255),#4042,.F.);
#4179=ADVANCED_FACE('',(#256,#215,#216,#217,#218,#219,#220,#221,#222,#223,
#224,#225,#226,#227,#228,#229,#230,#231),#4043,.T.);
#4180=ADVANCED_FACE('',(#257),#80,.T.);
#4181=ADVANCED_FACE('',(#258),#81,.T.);
#4182=ADVANCED_FACE('',(#259),#4044,.T.);
#4183=ADVANCED_FACE('',(#260),#4045,.T.);
#4184=ADVANCED_FACE('',(#261),#4046,.F.);
#4185=ADVANCED_FACE('',(#262),#4047,.T.);
#4186=ADVANCED_FACE('',(#263),#82,.F.);
#4187=ADVANCED_FACE('',(#264),#4048,.T.);
#4188=ADVANCED_FACE('',(#265),#4049,.T.);
#4189=ADVANCED_FACE('',(#266),#83,.F.);
#4190=ADVANCED_FACE('',(#267),#84,.F.);
#4191=ADVANCED_FACE('',(#268),#85,.F.);
#4192=ADVANCED_FACE('',(#269),#86,.F.);
#4193=ADVANCED_FACE('',(#270),#87,.F.);
#4194=ADVANCED_FACE('',(#271),#88,.F.);
#4195=ADVANCED_FACE('',(#272),#89,.F.);
#4196=ADVANCED_FACE('',(#273),#4050,.F.);
#4197=ADVANCED_FACE('',(#274),#4051,.F.);
#4198=ADVANCED_FACE('',(#275),#4052,.F.);
#4199=ADVANCED_FACE('',(#276),#4053,.F.);
#4200=ADVANCED_FACE('',(#277),#4054,.F.);
#4201=ADVANCED_FACE('',(#278),#4055,.F.);
#4202=ADVANCED_FACE('',(#279),#4056,.F.);
#4203=ADVANCED_FACE('',(#280),#4057,.F.);
#4204=ADVANCED_FACE('',(#281),#4058,.F.);
#4205=ADVANCED_FACE('',(#282,#232,#233,#234,#235,#236,#237,#238,#239,#240,
#241,#242,#243,#244,#245,#246,#247,#248),#4059,.F.);
#4206=ADVANCED_FACE('',(#283),#4060,.F.);
#4207=ADVANCED_FACE('',(#284),#27,.F.);
#4208=ADVANCED_FACE('',(#285),#4061,.F.);
#4209=ADVANCED_FACE('',(#286),#28,.F.);
#4210=ADVANCED_FACE('',(#287),#29,.F.);
#4211=ADVANCED_FACE('',(#288),#30,.F.);
#4212=ADVANCED_FACE('',(#289),#4062,.F.);
#4213=ADVANCED_FACE('',(#290),#31,.F.);
#4214=ADVANCED_FACE('',(#291),#32,.F.);
#4215=ADVANCED_FACE('',(#292),#4063,.F.);
#4216=ADVANCED_FACE('',(#293),#33,.F.);
#4217=ADVANCED_FACE('',(#294),#34,.F.);
#4218=ADVANCED_FACE('',(#295),#35,.F.);
#4219=ADVANCED_FACE('',(#296),#4064,.F.);
#4220=ADVANCED_FACE('',(#297),#36,.F.);
#4221=ADVANCED_FACE('',(#298),#37,.F.);
#4222=ADVANCED_FACE('',(#299),#4065,.F.);
#4223=ADVANCED_FACE('',(#300),#38,.F.);
#4224=ADVANCED_FACE('',(#301),#39,.F.);
#4225=ADVANCED_FACE('',(#302),#40,.F.);
#4226=ADVANCED_FACE('',(#303),#41,.F.);
#4227=ADVANCED_FACE('',(#304),#42,.F.);
#4228=ADVANCED_FACE('',(#305),#43,.F.);
#4229=ADVANCED_FACE('',(#306),#4066,.F.);
#4230=ADVANCED_FACE('',(#307),#4067,.F.);
#4231=ADVANCED_FACE('',(#308),#44,.F.);
#4232=ADVANCED_FACE('',(#309),#45,.F.);
#4233=ADVANCED_FACE('',(#310),#4068,.F.);
#4234=ADVANCED_FACE('',(#311),#46,.F.);
#4235=ADVANCED_FACE('',(#312),#47,.F.);
#4236=ADVANCED_FACE('',(#313),#48,.F.);
#4237=ADVANCED_FACE('',(#314),#4069,.F.);
#4238=ADVANCED_FACE('',(#315),#49,.F.);
#4239=ADVANCED_FACE('',(#316),#50,.F.);
#4240=ADVANCED_FACE('',(#317),#51,.F.);
#4241=ADVANCED_FACE('',(#318),#4070,.F.);
#4242=ADVANCED_FACE('',(#319),#4071,.F.);
#4243=ADVANCED_FACE('',(#320),#4072,.F.);
#4244=ADVANCED_FACE('',(#321),#4073,.F.);
#4245=ADVANCED_FACE('',(#322),#52,.F.);
#4246=ADVANCED_FACE('',(#323),#53,.F.);
#4247=ADVANCED_FACE('',(#324),#4074,.F.);
#4248=ADVANCED_FACE('',(#325),#4075,.F.);
#4249=ADVANCED_FACE('',(#326),#4076,.F.);
#4250=ADVANCED_FACE('',(#327),#4077,.F.);
#4251=ADVANCED_FACE('',(#328),#4078,.F.);
#4252=ADVANCED_FACE('',(#329),#54,.F.);
#4253=ADVANCED_FACE('',(#330),#4079,.F.);
#4254=ADVANCED_FACE('',(#331),#55,.F.);
#4255=ADVANCED_FACE('',(#332),#56,.F.);
#4256=ADVANCED_FACE('',(#333),#57,.F.);
#4257=ADVANCED_FACE('',(#334),#4080,.F.);
#4258=ADVANCED_FACE('',(#335),#58,.F.);
#4259=ADVANCED_FACE('',(#336),#59,.F.);
#4260=ADVANCED_FACE('',(#337),#4081,.F.);
#4261=ADVANCED_FACE('',(#338),#60,.F.);
#4262=ADVANCED_FACE('',(#339),#61,.F.);
#4263=ADVANCED_FACE('',(#340),#62,.F.);
#4264=ADVANCED_FACE('',(#341),#4082,.F.);
#4265=ADVANCED_FACE('',(#342),#63,.F.);
#4266=ADVANCED_FACE('',(#343),#64,.F.);
#4267=ADVANCED_FACE('',(#344),#4083,.F.);
#4268=ADVANCED_FACE('',(#345),#65,.F.);
#4269=ADVANCED_FACE('',(#346),#66,.F.);
#4270=ADVANCED_FACE('',(#347),#67,.F.);
#4271=ADVANCED_FACE('',(#348),#68,.F.);
#4272=ADVANCED_FACE('',(#349),#4084,.F.);
#4273=ADVANCED_FACE('',(#350),#69,.F.);
#4274=ADVANCED_FACE('',(#351),#70,.F.);
#4275=ADVANCED_FACE('',(#352),#4085,.F.);
#4276=ADVANCED_FACE('',(#353),#71,.F.);
#4277=ADVANCED_FACE('',(#354),#72,.F.);
#4278=ADVANCED_FACE('',(#355),#73,.F.);
#4279=ADVANCED_FACE('',(#356),#4086,.F.);
#4280=ADVANCED_FACE('',(#357),#74,.F.);
#4281=ADVANCED_FACE('',(#358),#75,.F.);
#4282=ADVANCED_FACE('',(#359),#4087,.F.);
#4283=ADVANCED_FACE('',(#360),#76,.F.);
#4284=ADVANCED_FACE('',(#361),#77,.F.);
#4285=ADVANCED_FACE('',(#362),#78,.F.);
#4286=ADVANCED_FACE('',(#363),#4088,.F.);
#4287=ADVANCED_FACE('',(#364),#79,.F.);
#4288=ADVANCED_FACE('',(#365),#4089,.F.);
#4289=ADVANCED_FACE('',(#366),#4090,.F.);
#4290=ADVANCED_FACE('',(#367),#4091,.F.);
#4291=ADVANCED_FACE('',(#368),#4092,.F.);
#4292=ADVANCED_FACE('',(#369),#19,.F.);
#4293=ADVANCED_FACE('',(#370),#90,.F.);
#4294=ADVANCED_FACE('',(#371),#20,.F.);
#4295=ADVANCED_FACE('',(#372),#91,.F.);
#4296=ADVANCED_FACE('',(#373),#21,.F.);
#4297=ADVANCED_FACE('',(#374),#92,.F.);
#4298=ADVANCED_FACE('',(#375),#22,.F.);
#4299=ADVANCED_FACE('',(#376),#93,.F.);
#4300=ADVANCED_FACE('',(#377),#94,.F.);
#4301=ADVANCED_FACE('',(#378),#95,.F.);
#4302=ADVANCED_FACE('',(#379),#96,.F.);
#4303=ADVANCED_FACE('',(#380),#97,.F.);
#4304=ADVANCED_FACE('',(#381),#4093,.F.);
#4305=ADVANCED_FACE('',(#382),#4094,.T.);
#4306=ADVANCED_FACE('',(#383),#4095,.F.);
#4307=ADVANCED_FACE('',(#384),#4096,.T.);
#4308=ADVANCED_FACE('',(#385),#4097,.F.);
#4309=ADVANCED_FACE('',(#386),#4098,.T.);
#4310=ADVANCED_FACE('',(#387),#4099,.F.);
#4311=ADVANCED_FACE('',(#388),#4100,.T.);
#4312=ADVANCED_FACE('',(#389),#4101,.T.);
#4313=ADVANCED_FACE('',(#390),#4102,.T.);
#4314=ADVANCED_FACE('',(#391),#4103,.F.);
#4315=ADVANCED_FACE('',(#392),#4104,.T.);
#4316=ADVANCED_FACE('',(#393),#4105,.F.);
#4317=ADVANCED_FACE('',(#394),#4106,.F.);
#4318=ADVANCED_FACE('',(#395),#4107,.F.);
#4319=ADVANCED_FACE('',(#396),#98,.T.);
#4320=ADVANCED_FACE('',(#397),#99,.T.);
#4321=ADVANCED_FACE('',(#398),#100,.T.);
#4322=ADVANCED_FACE('',(#399),#23,.T.);
#4323=ADVANCED_FACE('',(#400),#24,.T.);
#4324=ADVANCED_FACE('',(#401),#4108,.T.);
#4325=ADVANCED_FACE('',(#402),#101,.T.);
#4326=ADVANCED_FACE('',(#403),#25,.T.);
#4327=ADVANCED_FACE('',(#404),#102,.T.);
#4328=ADVANCED_FACE('',(#405),#26,.T.);
#4329=ADVANCED_FACE('',(#406),#103,.T.);
#4330=ADVANCED_FACE('',(#407),#104,.T.);
#4331=ADVANCED_FACE('',(#408),#4109,.T.);
#4332=ADVANCED_FACE('',(#409),#4110,.T.);
#4333=ADVANCED_FACE('',(#410),#4111,.F.);
#4334=ADVANCED_FACE('',(#411),#4112,.T.);
#4335=ADVANCED_FACE('',(#412),#4113,.F.);
#4336=ADVANCED_FACE('',(#413),#4114,.F.);
#4337=ADVANCED_FACE('',(#414),#4115,.T.);
#4338=ADVANCED_FACE('',(#415),#4116,.T.);
#4339=ADVANCED_FACE('',(#416),#105,.F.);
#4340=ADVANCED_FACE('',(#417),#106,.F.);
#4341=ADVANCED_FACE('',(#418),#4117,.T.);
#4342=ADVANCED_FACE('',(#419),#4118,.T.);
#4343=ADVANCED_FACE('',(#420),#4119,.T.);
#4344=ADVANCED_FACE('',(#421),#4120,.T.);
#4345=ADVANCED_FACE('',(#422),#4121,.F.);
#4346=ADVANCED_FACE('',(#423),#4122,.F.);
#4347=ADVANCED_FACE('',(#424),#4123,.F.);
#4348=ADVANCED_FACE('',(#425),#4124,.F.);
#4349=ADVANCED_FACE('',(#426),#4125,.T.);
#4350=ADVANCED_FACE('',(#427),#4126,.T.);
#4351=ADVANCED_FACE('',(#428),#4127,.T.);
#4352=ADVANCED_FACE('',(#429),#4128,.T.);
#4353=ADVANCED_FACE('',(#430),#4129,.T.);
#4354=ADVANCED_FACE('',(#431),#4130,.T.);
#4355=ADVANCED_FACE('',(#432),#4131,.T.);
#4356=ADVANCED_FACE('',(#433),#4132,.T.);
#4357=ADVANCED_FACE('',(#434),#4133,.T.);
#4358=ADVANCED_FACE('',(#435),#4134,.T.);
#4359=ADVANCED_FACE('',(#436),#107,.F.);
#4360=ADVANCED_FACE('',(#437),#108,.F.);
#4361=ADVANCED_FACE('',(#438),#4135,.F.);
#4362=ADVANCED_FACE('',(#439),#4136,.F.);
#4363=ADVANCED_FACE('',(#440),#4137,.F.);
#4364=ADVANCED_FACE('',(#441),#4138,.T.);
#4365=ADVANCED_FACE('',(#442),#4139,.T.);
#4366=ADVANCED_FACE('',(#443),#4140,.T.);
#4367=ADVANCED_FACE('',(#444),#4141,.T.);
#4368=ADVANCED_FACE('',(#445),#4142,.T.);
#4369=ADVANCED_FACE('',(#446),#4143,.T.);
#4370=ADVANCED_FACE('',(#447),#4144,.T.);
#4371=ADVANCED_FACE('',(#448),#4145,.F.);
#4372=ADVANCED_FACE('',(#449),#4146,.F.);
#4373=ADVANCED_FACE('',(#450),#4147,.F.);
#4374=ADVANCED_FACE('',(#451),#4148,.F.);
#4375=ADVANCED_FACE('',(#452),#4149,.T.);
#4376=ADVANCED_FACE('',(#453),#4150,.T.);
#4377=ADVANCED_FACE('',(#454),#4151,.F.);
#4378=ADVANCED_FACE('',(#455),#4152,.T.);
#4379=ADVANCED_FACE('',(#456),#4153,.F.);
#4380=ADVANCED_FACE('',(#457),#4154,.F.);
#4381=ADVANCED_FACE('',(#458),#4155,.F.);
#4382=ADVANCED_FACE('',(#459),#4156,.T.);
#4383=ADVANCED_FACE('',(#460),#4157,.T.);
#4384=ADVANCED_FACE('',(#461),#4158,.T.);
#4385=ADVANCED_FACE('',(#462),#4159,.T.);
#4386=ADVANCED_FACE('',(#463),#4160,.T.);
#4387=ADVANCED_FACE('',(#464,#249),#4161,.F.);
#4388=ADVANCED_FACE('',(#465),#4162,.T.);
#4389=ADVANCED_FACE('',(#466),#4163,.F.);
#4390=ADVANCED_FACE('',(#467),#4164,.T.);
#4391=ADVANCED_FACE('',(#468),#4165,.F.);
#4392=ADVANCED_FACE('',(#469),#4166,.F.);
#4393=ADVANCED_FACE('',(#470),#4167,.F.);
#4394=ADVANCED_FACE('',(#471),#4168,.T.);
#4395=ADVANCED_FACE('',(#472),#4169,.T.);
#4396=ADVANCED_FACE('',(#473),#4170,.T.);
#4397=ADVANCED_FACE('',(#474),#4171,.T.);
#4398=ADVANCED_FACE('',(#475),#4172,.T.);
#4399=ADVANCED_FACE('',(#476,#250),#4173,.F.);
#4400=CLOSED_SHELL('',(#4174,#4175,#4176,#4177,#4178,#4179,#4180,#4181,
#4182,#4183,#4184,#4185,#4186,#4187,#4188,#4189,#4190,#4191,#4192,#4193,
#4194,#4195,#4196,#4197,#4198,#4199,#4200,#4201,#4202,#4203,#4204,#4205,
#4206,#4207,#4208,#4209,#4210,#4211,#4212,#4213,#4214,#4215,#4216,#4217,
#4218,#4219,#4220,#4221,#4222,#4223,#4224,#4225,#4226,#4227,#4228,#4229,
#4230,#4231,#4232,#4233,#4234,#4235,#4236,#4237,#4238,#4239,#4240,#4241,
#4242,#4243,#4244,#4245,#4246,#4247,#4248,#4249,#4250,#4251,#4252,#4253,
#4254,#4255,#4256,#4257,#4258,#4259,#4260,#4261,#4262,#4263,#4264,#4265,
#4266,#4267,#4268,#4269,#4270,#4271,#4272,#4273,#4274,#4275,#4276,#4277,
#4278,#4279,#4280,#4281,#4282,#4283,#4284,#4285,#4286,#4287,#4288,#4289,
#4290,#4291,#4292,#4293,#4294,#4295,#4296,#4297,#4298,#4299,#4300,#4301,
#4302,#4303,#4304,#4305,#4306,#4307,#4308,#4309,#4310,#4311,#4312,#4313,
#4314,#4315,#4316,#4317,#4318,#4319,#4320,#4321,#4322,#4323,#4324,#4325,
#4326,#4327,#4328,#4329,#4330,#4331,#4332,#4333,#4334,#4335,#4336,#4337,
#4338,#4339,#4340,#4341,#4342,#4343,#4344,#4345,#4346,#4347,#4348,#4349,
#4350,#4351,#4352,#4353,#4354,#4355,#4356,#4357,#4358,#4359,#4360,#4361,
#4362,#4363,#4364,#4365,#4366,#4367,#4368,#4369,#4370,#4371,#4372,#4373,
#4374,#4375,#4376,#4377,#4378,#4379,#4380,#4381,#4382,#4383,#4384,#4385,
#4386,#4387,#4388,#4389,#4390,#4391,#4392,#4393,#4394,#4395,#4396,#4397,
#4398,#4399));
#4401=DERIVED_UNIT_ELEMENT(#4403,1.);
#4402=DERIVED_UNIT_ELEMENT(#7710,-3.);
#4403=(
MASS_UNIT()
NAMED_UNIT(*)
SI_UNIT(.KILO.,.GRAM.)
);
#4404=DERIVED_UNIT((#4401,#4402));
#4405=MEASURE_REPRESENTATION_ITEM('density measure',
POSITIVE_RATIO_MEASURE(7850.),#4404);
#4406=PROPERTY_DEFINITION_REPRESENTATION(#4411,#4408);
#4407=PROPERTY_DEFINITION_REPRESENTATION(#4412,#4409);
#4408=REPRESENTATION('material name',(#4410),#7707);
#4409=REPRESENTATION('density',(#4405),#7707);
#4410=DESCRIPTIVE_REPRESENTATION_ITEM('Steel','Steel');
#4411=PROPERTY_DEFINITION('material property','material name',#7722);
#4412=PROPERTY_DEFINITION('material property','density of part',#7722);
#4413=AXIS2_PLACEMENT_3D('',#5585,#4648,#4649);
#4414=AXIS2_PLACEMENT_3D('',#5586,#4650,#4651);
#4415=AXIS2_PLACEMENT_3D('',#5587,#4652,#4653);
#4416=AXIS2_PLACEMENT_3D('',#5590,#4654,#4655);
#4417=AXIS2_PLACEMENT_3D('',#5598,#4659,#4660);
#4418=AXIS2_PLACEMENT_3D('',#5604,#4664,#4665);
#4419=AXIS2_PLACEMENT_3D('',#5607,#4666,#4667);
#4420=AXIS2_PLACEMENT_3D('',#5615,#4672,#4673);
#4421=AXIS2_PLACEMENT_3D('',#5621,#4677,#4678);
#4422=AXIS2_PLACEMENT_3D('',#5624,#4679,#4680);
#4423=AXIS2_PLACEMENT_3D('',#5631,#4684,#4685);
#4424=AXIS2_PLACEMENT_3D('',#5633,#4687,#4688);
#4425=AXIS2_PLACEMENT_3D('',#5636,#4691,#4692);
#4426=AXIS2_PLACEMENT_3D('',#6015,#4729,#4730);
#4427=AXIS2_PLACEMENT_3D('',#6042,#4734,#4735);
#4428=AXIS2_PLACEMENT_3D('',#6047,#4737,#4738);
#4429=AXIS2_PLACEMENT_3D('',#6125,#4742,#4743);
#4430=AXIS2_PLACEMENT_3D('',#6130,#4745,#4746);
#4431=AXIS2_PLACEMENT_3D('',#6157,#4750,#4751);
#4432=AXIS2_PLACEMENT_3D('',#6173,#4754,#4755);
#4433=AXIS2_PLACEMENT_3D('',#6174,#4756,#4757);
#4434=AXIS2_PLACEMENT_3D('',#6177,#4759,#4760);
#4435=AXIS2_PLACEMENT_3D('',#6178,#4761,#4762);
#4436=AXIS2_PLACEMENT_3D('',#6180,#4763,#4764);
#4437=AXIS2_PLACEMENT_3D('',#6182,#4766,#4767);
#4438=AXIS2_PLACEMENT_3D('',#6188,#4771,#4772);
#4439=AXIS2_PLACEMENT_3D('',#6192,#4775,#4776);
#4440=AXIS2_PLACEMENT_3D('',#6196,#4779,#4780);
#4441=AXIS2_PLACEMENT_3D('',#6202,#4784,#4785);
#4442=AXIS2_PLACEMENT_3D('',#6205,#4787,#4788);
#4443=AXIS2_PLACEMENT_3D('',#6206,#4789,#4790);
#4444=AXIS2_PLACEMENT_3D('',#6212,#4794,#4795);
#4445=AXIS2_PLACEMENT_3D('',#6216,#4798,#4799);
#4446=AXIS2_PLACEMENT_3D('',#6220,#4801,#4802);
#4447=AXIS2_PLACEMENT_3D('',#6222,#4804,#4805);
#4448=AXIS2_PLACEMENT_3D('',#6226,#4807,#4808);
#4449=AXIS2_PLACEMENT_3D('',#6228,#4810,#4811);
#4450=AXIS2_PLACEMENT_3D('',#6232,#4813,#4814);
#4451=AXIS2_PLACEMENT_3D('',#6234,#4816,#4817);
#4452=AXIS2_PLACEMENT_3D('',#6238,#4819,#4820);
#4453=AXIS2_PLACEMENT_3D('',#6240,#4822,#4823);
#4454=AXIS2_PLACEMENT_3D('',#6244,#4825,#4826);
#4455=AXIS2_PLACEMENT_3D('',#6246,#4828,#4829);
#4456=AXIS2_PLACEMENT_3D('',#6250,#4831,#4832);
#4457=AXIS2_PLACEMENT_3D('',#6252,#4834,#4835);
#4458=AXIS2_PLACEMENT_3D('',#6256,#4837,#4838);
#4459=AXIS2_PLACEMENT_3D('',#6258,#4840,#4841);
#4460=AXIS2_PLACEMENT_3D('',#6262,#4844,#4845);
#4461=AXIS2_PLACEMENT_3D('',#6266,#4848,#4849);
#4462=AXIS2_PLACEMENT_3D('',#6270,#4852,#4853);
#4463=AXIS2_PLACEMENT_3D('',#6274,#4856,#4857);
#4464=AXIS2_PLACEMENT_3D('',#6278,#4860,#4861);
#4465=AXIS2_PLACEMENT_3D('',#6282,#4864,#4865);
#4466=AXIS2_PLACEMENT_3D('',#6286,#4868,#4869);
#4467=AXIS2_PLACEMENT_3D('',#6290,#4872,#4873);
#4468=AXIS2_PLACEMENT_3D('',#6294,#4876,#4877);
#4469=AXIS2_PLACEMENT_3D('',#6624,#4915,#4916);
#4470=AXIS2_PLACEMENT_3D('',#6635,#4919,#4920);
#4471=AXIS2_PLACEMENT_3D('',#6664,#4925,#4926);
#4472=AXIS2_PLACEMENT_3D('',#6684,#4930,#4931);
#4473=AXIS2_PLACEMENT_3D('',#6713,#4936,#4937);
#4474=AXIS2_PLACEMENT_3D('',#6733,#4941,#4942);
#4475=AXIS2_PLACEMENT_3D('',#6786,#4947,#4948);
#4476=AXIS2_PLACEMENT_3D('',#6787,#4949,#4950);
#4477=AXIS2_PLACEMENT_3D('',#6807,#4954,#4955);
#4478=AXIS2_PLACEMENT_3D('',#6836,#4960,#4961);
#4479=AXIS2_PLACEMENT_3D('',#6863,#4966,#4967);
#4480=AXIS2_PLACEMENT_3D('',#6865,#4969,#4970);
#4481=AXIS2_PLACEMENT_3D('',#6867,#4972,#4973);
#4482=AXIS2_PLACEMENT_3D('',#6869,#4975,#4976);
#4483=AXIS2_PLACEMENT_3D('',#6889,#4980,#4981);
#4484=AXIS2_PLACEMENT_3D('',#6891,#4983,#4984);
#4485=AXIS2_PLACEMENT_3D('',#6893,#4986,#4987);
#4486=AXIS2_PLACEMENT_3D('',#6895,#4989,#4990);
#4487=AXIS2_PLACEMENT_3D('',#6897,#4992,#4993);
#4488=AXIS2_PLACEMENT_3D('',#6908,#4996,#4997);
#4489=AXIS2_PLACEMENT_3D('',#6937,#5002,#5003);
#4490=AXIS2_PLACEMENT_3D('',#6957,#5007,#5008);
#4491=AXIS2_PLACEMENT_3D('',#6986,#5013,#5014);
#4492=AXIS2_PLACEMENT_3D('',#7006,#5018,#5019);
#4493=AXIS2_PLACEMENT_3D('',#7042,#5023,#5024);
#4494=AXIS2_PLACEMENT_3D('',#7061,#5027,#5028);
#4495=AXIS2_PLACEMENT_3D('',#7090,#5033,#5034);
#4496=AXIS2_PLACEMENT_3D('',#7110,#5038,#5039);
#4497=AXIS2_PLACEMENT_3D('',#7139,#5044,#5045);
#4498=AXIS2_PLACEMENT_3D('',#7149,#5047,#5048);
#4499=AXIS2_PLACEMENT_3D('',#7152,#5051,#5052);
#4500=AXIS2_PLACEMENT_3D('',#7154,#5054,#5055);
#4501=AXIS2_PLACEMENT_3D('',#7156,#5057,#5058);
#4502=AXIS2_PLACEMENT_3D('',#7157,#5059,#5060);
#4503=AXIS2_PLACEMENT_3D('',#7159,#5061,#5062);
#4504=AXIS2_PLACEMENT_3D('',#7161,#5063,#5064);
#4505=AXIS2_PLACEMENT_3D('',#7162,#5065,#5066);
#4506=AXIS2_PLACEMENT_3D('',#7163,#5067,#5068);
#4507=AXIS2_PLACEMENT_3D('',#7166,#5069,#5070);
#4508=AXIS2_PLACEMENT_3D('',#7169,#5073,#5074);
#4509=AXIS2_PLACEMENT_3D('',#7171,#5075,#5076);
#4510=AXIS2_PLACEMENT_3D('',#7172,#5077,#5078);
#4511=AXIS2_PLACEMENT_3D('',#7173,#5079,#5080);
#4512=AXIS2_PLACEMENT_3D('',#7175,#5081,#5082);
#4513=AXIS2_PLACEMENT_3D('',#7177,#5084,#5085);
#4514=AXIS2_PLACEMENT_3D('',#7180,#5086,#5087);
#4515=AXIS2_PLACEMENT_3D('',#7181,#5088,#5089);
#4516=AXIS2_PLACEMENT_3D('',#7182,#5090,#5091);
#4517=AXIS2_PLACEMENT_3D('',#7183,#5092,#5093);
#4518=AXIS2_PLACEMENT_3D('',#7185,#5095,#5096);
#4519=AXIS2_PLACEMENT_3D('',#7187,#5097,#5098);
#4520=AXIS2_PLACEMENT_3D('',#7189,#5099,#5100);
#4521=AXIS2_PLACEMENT_3D('',#7190,#5101,#5102);
#4522=AXIS2_PLACEMENT_3D('',#7191,#5103,#5104);
#4523=AXIS2_PLACEMENT_3D('',#7193,#5106,#5107);
#4524=AXIS2_PLACEMENT_3D('',#7196,#5108,#5109);
#4525=AXIS2_PLACEMENT_3D('',#7199,#5112,#5113);
#4526=AXIS2_PLACEMENT_3D('',#7201,#5115,#5116);
#4527=AXIS2_PLACEMENT_3D('',#7204,#5117,#5118);
#4528=AXIS2_PLACEMENT_3D('',#7207,#5121,#5122);
#4529=AXIS2_PLACEMENT_3D('',#7209,#5124,#5125);
#4530=AXIS2_PLACEMENT_3D('',#7227,#5135,#5136);
#4531=AXIS2_PLACEMENT_3D('',#7241,#5143,#5144);
#4532=AXIS2_PLACEMENT_3D('',#7261,#5154,#5155);
#4533=AXIS2_PLACEMENT_3D('',#7265,#5157,#5158);
#4534=AXIS2_PLACEMENT_3D('',#7269,#5160,#5161);
#4535=AXIS2_PLACEMENT_3D('',#7271,#5163,#5164);
#4536=AXIS2_PLACEMENT_3D('',#7279,#5168,#5169);
#4537=AXIS2_PLACEMENT_3D('',#7288,#5175,#5176);
#4538=AXIS2_PLACEMENT_3D('',#7294,#5180,#5181);
#4539=AXIS2_PLACEMENT_3D('',#7300,#5185,#5186);
#4540=AXIS2_PLACEMENT_3D('',#7308,#5191,#5192);
#4541=AXIS2_PLACEMENT_3D('',#7314,#5196,#5197);
#4542=AXIS2_PLACEMENT_3D('',#7322,#5202,#5203);
#4543=AXIS2_PLACEMENT_3D('',#7328,#5207,#5208);
#4544=AXIS2_PLACEMENT_3D('',#7336,#5213,#5214);
#4545=AXIS2_PLACEMENT_3D('',#7346,#5220,#5221);
#4546=AXIS2_PLACEMENT_3D('',#7356,#5227,#5228);
#4547=AXIS2_PLACEMENT_3D('',#7358,#5229,#5230);
#4548=AXIS2_PLACEMENT_3D('',#7371,#5238,#5239);
#4549=AXIS2_PLACEMENT_3D('',#7379,#5244,#5245);
#4550=AXIS2_PLACEMENT_3D('',#7382,#5247,#5248);
#4551=AXIS2_PLACEMENT_3D('',#7383,#5249,#5250);
#4552=AXIS2_PLACEMENT_3D('',#7387,#5253,#5254);
#4553=AXIS2_PLACEMENT_3D('',#7391,#5256,#5257);
#4554=AXIS2_PLACEMENT_3D('',#7393,#5259,#5260);
#4555=AXIS2_PLACEMENT_3D('',#7394,#5261,#5262);
#4556=AXIS2_PLACEMENT_3D('',#7396,#5263,#5264);
#4557=AXIS2_PLACEMENT_3D('',#7398,#5266,#5267);
#4558=AXIS2_PLACEMENT_3D('',#7400,#5269,#5270);
#4559=AXIS2_PLACEMENT_3D('',#7401,#5271,#5272);
#4560=AXIS2_PLACEMENT_3D('',#7402,#5273,#5274);
#4561=AXIS2_PLACEMENT_3D('',#7403,#5275,#5276);
#4562=AXIS2_PLACEMENT_3D('',#7404,#5277,#5278);
#4563=AXIS2_PLACEMENT_3D('',#7405,#5279,#5280);
#4564=AXIS2_PLACEMENT_3D('',#7408,#5282,#5283);
#4565=AXIS2_PLACEMENT_3D('',#7409,#5284,#5285);
#4566=AXIS2_PLACEMENT_3D('',#7411,#5286,#5287);
#4567=AXIS2_PLACEMENT_3D('',#7412,#5288,#5289);
#4568=AXIS2_PLACEMENT_3D('',#7413,#5290,#5291);
#4569=AXIS2_PLACEMENT_3D('',#7415,#5293,#5294);
#4570=AXIS2_PLACEMENT_3D('',#7417,#5295,#5296);
#4571=AXIS2_PLACEMENT_3D('',#7418,#5297,#5298);
#4572=AXIS2_PLACEMENT_3D('',#7419,#5299,#5300);
#4573=AXIS2_PLACEMENT_3D('',#7422,#5303,#5304);
#4574=AXIS2_PLACEMENT_3D('',#7424,#5306,#5307);
#4575=AXIS2_PLACEMENT_3D('',#7433,#5313,#5314);
#4576=AXIS2_PLACEMENT_3D('',#7435,#5315,#5316);
#4577=AXIS2_PLACEMENT_3D('',#7439,#5318,#5319);
#4578=AXIS2_PLACEMENT_3D('',#7443,#5321,#5322);
#4579=AXIS2_PLACEMENT_3D('',#7462,#5332,#5333);
#4580=AXIS2_PLACEMENT_3D('',#7463,#5334,#5335);
#4581=AXIS2_PLACEMENT_3D('',#7467,#5338,#5339);
#4582=AXIS2_PLACEMENT_3D('',#7470,#5342,#5343);
#4583=AXIS2_PLACEMENT_3D('',#7471,#5344,#5345);
#4584=AXIS2_PLACEMENT_3D('',#7472,#5346,#5347);
#4585=AXIS2_PLACEMENT_3D('',#7474,#5349,#5350);
#4586=AXIS2_PLACEMENT_3D('',#7475,#5351,#5352);
#4587=AXIS2_PLACEMENT_3D('',#7477,#5354,#5355);
#4588=AXIS2_PLACEMENT_3D('',#7479,#5357,#5358);
#4589=AXIS2_PLACEMENT_3D('',#7481,#5360,#5361);
#4590=AXIS2_PLACEMENT_3D('',#7487,#5365,#5366);
#4591=AXIS2_PLACEMENT_3D('',#7493,#5370,#5371);
#4592=AXIS2_PLACEMENT_3D('',#7504,#5378,#5379);
#4593=AXIS2_PLACEMENT_3D('',#7508,#5382,#5383);
#4594=AXIS2_PLACEMENT_3D('',#7512,#5386,#5387);
#4595=AXIS2_PLACEMENT_3D('',#7514,#5389,#5390);
#4596=AXIS2_PLACEMENT_3D('',#7515,#5391,#5392);
#4597=AXIS2_PLACEMENT_3D('',#7521,#5396,#5397);
#4598=AXIS2_PLACEMENT_3D('',#7527,#5401,#5402);
#4599=AXIS2_PLACEMENT_3D('',#7529,#5404,#5405);
#4600=AXIS2_PLACEMENT_3D('',#7531,#5407,#5408);
#4601=AXIS2_PLACEMENT_3D('',#7532,#5409,#5410);
#4602=AXIS2_PLACEMENT_3D('',#7534,#5412,#5413);
#4603=AXIS2_PLACEMENT_3D('',#7537,#5416,#5417);
#4604=AXIS2_PLACEMENT_3D('',#7540,#5420,#5421);
#4605=AXIS2_PLACEMENT_3D('',#7542,#5423,#5424);
#4606=AXIS2_PLACEMENT_3D('',#7544,#5426,#5427);
#4607=AXIS2_PLACEMENT_3D('',#7546,#5429,#5430);
#4608=AXIS2_PLACEMENT_3D('',#7548,#5432,#5433);
#4609=AXIS2_PLACEMENT_3D('',#7549,#5434,#5435);
#4610=AXIS2_PLACEMENT_3D('',#7551,#5437,#5438);
#4611=AXIS2_PLACEMENT_3D('',#7553,#5440,#5441);
#4612=AXIS2_PLACEMENT_3D('',#7554,#5442,#5443);
#4613=AXIS2_PLACEMENT_3D('',#7555,#5444,#5445);
#4614=AXIS2_PLACEMENT_3D('',#7564,#5450,#5451);
#4615=AXIS2_PLACEMENT_3D('',#7569,#5455,#5456);
#4616=AXIS2_PLACEMENT_3D('',#7574,#5460,#5461);
#4617=AXIS2_PLACEMENT_3D('',#7576,#5463,#5464);
#4618=AXIS2_PLACEMENT_3D('',#7577,#5465,#5466);
#4619=AXIS2_PLACEMENT_3D('',#7583,#5470,#5471);
#4620=AXIS2_PLACEMENT_3D('',#7587,#5474,#5475);
#4621=AXIS2_PLACEMENT_3D('',#7591,#5478,#5479);
#4622=AXIS2_PLACEMENT_3D('',#7593,#5481,#5482);
#4623=AXIS2_PLACEMENT_3D('',#7594,#5483,#5484);
#4624=AXIS2_PLACEMENT_3D('',#7603,#5489,#5490);
#4625=AXIS2_PLACEMENT_3D('',#7611,#5495,#5496);
#4626=AXIS2_PLACEMENT_3D('',#7615,#5499,#5500);
#4627=AXIS2_PLACEMENT_3D('',#7619,#5503,#5504);
#4628=AXIS2_PLACEMENT_3D('',#7623,#5507,#5508);
#4629=AXIS2_PLACEMENT_3D('',#7625,#5510,#5511);
#4630=AXIS2_PLACEMENT_3D('',#7631,#5515,#5516);
#4631=AXIS2_PLACEMENT_3D('',#7637,#5520,#5521);
#4632=AXIS2_PLACEMENT_3D('',#7643,#5525,#5526);
#4633=AXIS2_PLACEMENT_3D('',#7646,#5529,#5530);
#4634=AXIS2_PLACEMENT_3D('',#7647,#5531,#5532);
#4635=AXIS2_PLACEMENT_3D('',#7648,#5533,#5534);
#4636=AXIS2_PLACEMENT_3D('',#7657,#5539,#5540);
#4637=AXIS2_PLACEMENT_3D('',#7665,#5545,#5546);
#4638=AXIS2_PLACEMENT_3D('',#7669,#5549,#5550);
#4639=AXIS2_PLACEMENT_3D('',#7673,#5553,#5554);
#4640=AXIS2_PLACEMENT_3D('',#7677,#5557,#5558);
#4641=AXIS2_PLACEMENT_3D('',#7679,#5560,#5561);
#4642=AXIS2_PLACEMENT_3D('',#7685,#5565,#5566);
#4643=AXIS2_PLACEMENT_3D('',#7691,#5570,#5571);
#4644=AXIS2_PLACEMENT_3D('',#7695,#5574,#5575);
#4645=AXIS2_PLACEMENT_3D('',#7699,#5578,#5579);
#4646=AXIS2_PLACEMENT_3D('',#7701,#5581,#5582);
#4647=AXIS2_PLACEMENT_3D('',#7702,#5583,#5584);
#4648=DIRECTION('axis',(0.,0.,1.));
#4649=DIRECTION('refdir',(1.,0.,0.));
#4650=DIRECTION('axis',(0.,0.,1.));
#4651=DIRECTION('refdir',(1.,0.,0.));
#4652=DIRECTION('center_axis',(-1.,0.,-2.29907887146908E-33));
#4653=DIRECTION('ref_axis',(2.29907887146908E-33,-2.57111693798015E-26,
-1.));
#4654=DIRECTION('center_axis',(-1.,0.,-2.29907887146908E-33));
#4655=DIRECTION('ref_axis',(1.6256942604985E-33,0.707106781186548,-0.707106781186547));
#4656=DIRECTION('',(2.29907887146908E-33,0.,-1.));
#4657=DIRECTION('',(0.,-1.,0.));
#4658=DIRECTION('',(-2.29907887146908E-33,0.,1.));
#4659=DIRECTION('center_axis',(1.,0.,2.29907887146908E-33));
#4660=DIRECTION('ref_axis',(1.62569426049851E-33,0.707106781186542,-0.707106781186553));
#4661=DIRECTION('',(0.,1.,0.));
#4662=DIRECTION('',(-2.29907887146908E-33,0.,1.));
#4663=DIRECTION('',(0.,-1.,0.));
#4664=DIRECTION('center_axis',(1.,0.,2.29907887146908E-33));
#4665=DIRECTION('ref_axis',(-2.29907887146908E-33,2.57111693798015E-26,
1.));
#4666=DIRECTION('center_axis',(-1.,0.,-2.29907887146908E-33));
#4667=DIRECTION('ref_axis',(1.62569426049851E-33,0.707106781186542,-0.707106781186553));
#4668=DIRECTION('',(2.29907887146908E-33,0.,-1.));
#4669=DIRECTION('',(0.,-1.,0.));
#4670=DIRECTION('',(-2.29907887146908E-33,0.,1.));
#4671=DIRECTION('',(0.,-1.,0.));
#4672=DIRECTION('center_axis',(-2.29907887111226E-33,0.,1.));
#4673=DIRECTION('ref_axis',(-1.,-1.38777878078145E-17,-2.29907887111226E-33));
#4674=DIRECTION('',(1.,0.,0.));
#4675=DIRECTION('',(-1.,0.,-2.29907887111226E-33));
#4676=DIRECTION('',(0.,-1.,0.));
#4677=DIRECTION('center_axis',(1.,0.,2.29907887146908E-33));
#4678=DIRECTION('ref_axis',(-2.29907887146908E-33,2.57111693798015E-26,
1.));
#4679=DIRECTION('center_axis',(1.,0.,2.29907887146908E-33));
#4680=DIRECTION('ref_axis',(1.6256942604985E-33,0.707106781186548,-0.707106781186547));
#4681=DIRECTION('',(0.,1.,0.));
#4682=DIRECTION('',(2.29907887146908E-33,0.,-1.));
#4683=DIRECTION('',(0.,-1.,0.));
#4684=DIRECTION('center_axis',(-1.,0.,-2.29907887146908E-33));
#4685=DIRECTION('ref_axis',(1.62569426049851E-33,0.707106781186542,-0.707106781186553));
#4686=DIRECTION('',(-2.29907887146908E-33,0.,1.));
#4687=DIRECTION('center_axis',(-2.29907887111226E-33,0.,1.));
#4688=DIRECTION('ref_axis',(-1.,-1.38777878078145E-17,-2.29907887111226E-33));
#4689=DIRECTION('',(1.,0.,2.29907887111226E-33));
#4690=DIRECTION('',(-1.,0.,-2.29907887111226E-33));
#4691=DIRECTION('center_axis',(0.,1.,0.));
#4692=DIRECTION('ref_axis',(0.,0.,1.));
#4693=DIRECTION('',(1.,0.,0.));
#4694=DIRECTION('',(0.,0.,-1.));
#4695=DIRECTION('',(-1.,0.,0.));
#4696=DIRECTION('',(0.,0.,1.));
#4697=DIRECTION('',(1.,0.,0.));
#4698=DIRECTION('',(-1.,0.,-2.29907887111226E-33));
#4699=DIRECTION('',(2.29907887111226E-33,0.,-1.));
#4700=DIRECTION('',(1.,0.,2.29907887111226E-33));
#4701=DIRECTION('',(0.00251888369674408,0.,0.999996827607429));
#4702=DIRECTION('',(-0.707106783588077,0.,0.707106778785018));
#4703=DIRECTION('',(0.707106776383488,0.,-0.707106785989607));
#4704=DIRECTION('',(-0.707386515497508,0.,0.706826936167754));
#4705=DIRECTION('',(0.707386310330608,0.,-0.706827141497021));
#4706=DIRECTION('',(-0.707364122526313,0.,0.706849346157));
#4707=DIRECTION('',(0.707363956192511,0.,-0.706849512611899));
#4708=DIRECTION('',(-0.7071067702865,0.,0.707106792086595));
#4709=DIRECTION('',(0.707867500539794,0.,-0.70634524255462));
#4710=DIRECTION('',(1.,0.,2.29907887111226E-33));
#4711=DIRECTION('',(2.29907887111226E-33,0.,-1.));
#4712=DIRECTION('',(1.,0.,2.29907887111226E-33));
#4713=DIRECTION('',(7.96268935469906E-16,0.,1.));
#4714=DIRECTION('',(-1.,0.,9.94158364481174E-16));
#4715=DIRECTION('',(2.29907887111226E-33,0.,-1.));
#4716=DIRECTION('',(1.,0.,3.07340517096594E-15));
#4717=DIRECTION('',(-2.29907887111226E-33,0.,1.));
#4718=DIRECTION('',(-1.,0.,-5.04084410758593E-13));
#4719=DIRECTION('',(-0.707106754255655,0.,0.707106808117439));
#4720=DIRECTION('',(0.707106795549691,0.,-0.707106766823404));
#4721=DIRECTION('',(-0.707106736745993,0.,0.707106825627099));
#4722=DIRECTION('',(0.707106778319415,0.,-0.70710678405368));
#4723=DIRECTION('',(-0.707106788613305,0.,0.70710677375979));
#4724=DIRECTION('',(0.708659112079222,0.,-0.7055510349132));
#4725=DIRECTION('',(-2.29907887146908E-33,2.57111693798015E-26,1.));
#4726=DIRECTION('',(1.,1.38777878078145E-17,2.29907887111226E-33));
#4727=DIRECTION('',(-0.707451078699362,0.,0.706762315950072));
#4728=DIRECTION('',(0.707106781186547,0.,-0.707106781186547));
#4729=DIRECTION('center_axis',(-1.38777878078145E-17,1.,-2.57111693798015E-26));
#4730=DIRECTION('ref_axis',(-1.,-1.38777878078145E-17,-2.29907887111226E-33));
#4731=DIRECTION('',(-0.707106781186548,0.,0.707106781186547));
#4732=DIRECTION('',(-0.707106781186547,0.,0.707106781186547));
#4733=DIRECTION('',(0.707106781186547,0.,-0.707106781186547));
#4734=DIRECTION('center_axis',(-1.38777878078145E-17,1.,-2.57111693798015E-26));
#4735=DIRECTION('ref_axis',(-1.,-1.38777878078145E-17,-2.29907887111226E-33));
#4736=DIRECTION('',(0.707106781186547,0.,-0.707106781186547));
#4737=DIRECTION('center_axis',(-1.38777878078145E-17,1.,-2.57111693798015E-26));
#4738=DIRECTION('ref_axis',(-1.,-1.38777878078145E-17,-2.29907887111226E-33));
#4739=DIRECTION('',(-0.707106821994386,0.,0.707106740378706));
#4740=DIRECTION('',(-0.707106781186547,0.,0.707106781186547));
#4741=DIRECTION('',(0.707106781186547,0.,-0.707106781186547));
#4742=DIRECTION('center_axis',(-1.38777878078145E-17,1.,-2.57111693798015E-26));
#4743=DIRECTION('ref_axis',(-1.,-1.38777878078145E-17,-2.29907887111226E-33));
#4744=DIRECTION('',(0.707106740378702,0.,-0.707106821994391));
#4745=DIRECTION('center_axis',(-1.38777878078145E-17,1.,-2.57111693798015E-26));
#4746=DIRECTION('ref_axis',(-1.,-1.38777878078145E-17,-2.29907887111226E-33));
#4747=DIRECTION('',(-0.707106740378702,0.,0.707106821994391));
#4748=DIRECTION('',(-0.707106740378702,0.,0.707106821994391));
#4749=DIRECTION('',(0.707106740378702,0.,-0.707106821994391));
#4750=DIRECTION('center_axis',(-1.38777878078145E-17,1.,-2.57111693798015E-26));
#4751=DIRECTION('ref_axis',(-1.,-1.38777878078145E-17,-2.29907887111226E-33));
#4752=DIRECTION('',(-0.707451078699362,0.,0.706762315950072));
#4753=DIRECTION('',(0.707450783081414,0.,-0.706762611855985));
#4754=DIRECTION('center_axis',(-1.38777878078145E-17,1.,-2.57111693798015E-26));
#4755=DIRECTION('ref_axis',(-1.,-1.38777878078145E-17,-2.29907887111226E-33));
#4756=DIRECTION('center_axis',(-1.,0.,0.));
#4757=DIRECTION('ref_axis',(0.,0.707106781186548,-0.707106781186547));
#4758=DIRECTION('',(-1.,0.,0.));
#4759=DIRECTION('center_axis',(-1.,0.,0.));
#4760=DIRECTION('ref_axis',(0.,0.707106781186549,-0.707106781186546));
#4761=DIRECTION('center_axis',(-1.,0.,0.));
#4762=DIRECTION('ref_axis',(0.,0.707106781186548,-0.707106781186547));
#4763=DIRECTION('center_axis',(1.,0.,-2.96059473233375E-15));
#4764=DIRECTION('ref_axis',(0.,1.,0.));
#4765=DIRECTION('',(-1.,0.,0.));
#4766=DIRECTION('center_axis',(0.,0.,-1.));
#4767=DIRECTION('ref_axis',(-1.,0.,0.));
#4768=DIRECTION('',(1.,0.,0.));
#4769=DIRECTION('',(0.,-1.,0.));
#4770=DIRECTION('',(-1.,0.,0.));
#4771=DIRECTION('center_axis',(0.,0.,-1.));
#4772=DIRECTION('ref_axis',(-1.,0.,0.));
#4773=DIRECTION('',(0.,1.,0.));
#4774=DIRECTION('',(-1.,0.,0.));
#4775=DIRECTION('center_axis',(0.,1.,0.));
#4776=DIRECTION('ref_axis',(-1.,0.,0.));
#4777=DIRECTION('',(-1.,0.,0.));
#4778=DIRECTION('',(0.,0.,-1.));
#4779=DIRECTION('center_axis',(0.,0.,1.));
#4780=DIRECTION('ref_axis',(1.,0.,0.));
#4781=DIRECTION('',(1.,0.,0.));
#4782=DIRECTION('',(0.,1.,0.));
#4783=DIRECTION('',(-1.,0.,1.47689208637976E-16));
#4784=DIRECTION('center_axis',(-1.,0.,0.));
#4785=DIRECTION('ref_axis',(0.,0.707106781186542,-0.707106781186553));
#4786=DIRECTION('',(-1.,0.,0.));
#4787=DIRECTION('center_axis',(1.,0.,0.));
#4788=DIRECTION('ref_axis',(0.,1.,0.));
#4789=DIRECTION('center_axis',(1.,0.,2.29907887146908E-33));
#4790=DIRECTION('ref_axis',(-2.29907887146908E-33,2.57111693798015E-26,
1.));
#4791=DIRECTION('',(0.,1.,0.));
#4792=DIRECTION('',(-2.29907887146908E-33,0.,1.));
#4793=DIRECTION('',(0.,-1.,0.));
#4794=DIRECTION('center_axis',(-2.29907887111226E-33,0.,1.));
#4795=DIRECTION('ref_axis',(-1.,-1.38777878078145E-17,-2.29907887111226E-33));
#4796=DIRECTION('',(0.,-1.,0.));
#4797=DIRECTION('',(-1.,0.,-2.29907887111226E-33));
#4798=DIRECTION('center_axis',(0.,-1.,0.));
#4799=DIRECTION('ref_axis',(0.705543851867805,0.,-0.708666263548323));
#4800=DIRECTION('',(0.,1.,0.));
#4801=DIRECTION('center_axis',(0.,1.,0.));
#4802=DIRECTION('ref_axis',(0.705543851867805,0.,-0.708666263548323));
#4803=DIRECTION('',(0.,-1.,0.));
#4804=DIRECTION('center_axis',(0.,-1.,0.));
#4805=DIRECTION('ref_axis',(0.705543831770836,0.,-0.708666283556743));
#4806=DIRECTION('',(0.,1.,0.));
#4807=DIRECTION('center_axis',(0.,1.,0.));
#4808=DIRECTION('ref_axis',(0.705543831770836,0.,-0.708666283556743));
#4809=DIRECTION('',(0.,-1.,0.));
#4810=DIRECTION('center_axis',(0.,-1.,0.));
#4811=DIRECTION('ref_axis',(0.705543831418879,0.,-0.708666283907149));
#4812=DIRECTION('',(0.,1.,0.));
#4813=DIRECTION('center_axis',(0.,1.,0.));
#4814=DIRECTION('ref_axis',(0.705543831418879,0.,-0.708666283907149));
#4815=DIRECTION('',(0.,-1.,0.));
#4816=DIRECTION('center_axis',(0.,-1.,0.));
#4817=DIRECTION('ref_axis',(0.705543831418883,0.,-0.708666283907146));
#4818=DIRECTION('',(0.,1.,0.));
#4819=DIRECTION('center_axis',(0.,1.,0.));
#4820=DIRECTION('ref_axis',(0.705543831418883,0.,-0.708666283907146));
#4821=DIRECTION('',(0.,-1.,0.));
#4822=DIRECTION('center_axis',(0.,-1.,0.));
#4823=DIRECTION('ref_axis',(0.705543846232343,0.,-0.708666269158955));
#4824=DIRECTION('',(0.,1.,0.));
#4825=DIRECTION('center_axis',(0.,1.,0.));
#4826=DIRECTION('ref_axis',(0.705543846232343,0.,-0.708666269158955));
#4827=DIRECTION('',(0.,-1.,0.));
#4828=DIRECTION('center_axis',(0.,-1.,0.));
#4829=DIRECTION('ref_axis',(0.705543851867802,0.,-0.708666263548326));
#4830=DIRECTION('',(0.,1.,0.));
#4831=DIRECTION('center_axis',(0.,1.,0.));
#4832=DIRECTION('ref_axis',(0.705543851867802,0.,-0.708666263548326));
#4833=DIRECTION('',(0.,-1.,0.));
#4834=DIRECTION('center_axis',(0.,-1.,0.));
#4835=DIRECTION('ref_axis',(0.70571625322634,0.,-0.708494580030205));
#4836=DIRECTION('',(0.,1.,0.));
#4837=DIRECTION('center_axis',(0.,1.,0.));
#4838=DIRECTION('ref_axis',(0.70571625322634,0.,-0.708494580030205));
#4839=DIRECTION('',(0.,-1.,0.));
#4840=DIRECTION('center_axis',(0.707106821994391,0.,0.707106740378702));
#4841=DIRECTION('ref_axis',(0.707106740378702,9.81307730045097E-18,-0.707106821994391));
#4842=DIRECTION('',(0.707106740378702,0.,-0.707106821994391));
#4843=DIRECTION('',(0.,1.,0.));
#4844=DIRECTION('center_axis',(0.707106821994391,0.,0.707106740378702));
#4845=DIRECTION('ref_axis',(0.707106740378702,9.81307730045097E-18,-0.707106821994391));
#4846=DIRECTION('',(0.707106740378702,0.,-0.707106821994391));
#4847=DIRECTION('',(0.,1.,0.));
#4848=DIRECTION('center_axis',(-0.707106821994391,0.,-0.707106740378702));
#4849=DIRECTION('ref_axis',(-0.707106740378702,-9.81307730045097E-18,0.707106821994391));
#4850=DIRECTION('',(0.,1.,0.));
#4851=DIRECTION('',(-0.707106740378702,0.,0.707106821994391));
#4852=DIRECTION('center_axis',(0.707106781186548,0.,0.707106781186548));
#4853=DIRECTION('ref_axis',(0.707106781186548,9.81307786677359E-18,-0.707106781186548));
#4854=DIRECTION('',(0.707106781186547,0.,-0.707106781186547));
#4855=DIRECTION('',(0.,1.,0.));
#4856=DIRECTION('center_axis',(0.707106740378706,0.,0.707106821994386));
#4857=DIRECTION('ref_axis',(0.707106821994386,9.81307843309613E-18,-0.707106740378706));
#4858=DIRECTION('',(0.707106821994386,0.,-0.707106740378706));
#4859=DIRECTION('',(0.,1.,0.));
#4860=DIRECTION('center_axis',(-0.707106781186548,0.,-0.707106781186548));
#4861=DIRECTION('ref_axis',(-0.707106781186548,-9.81307786677359E-18,0.707106781186548));
#4862=DIRECTION('',(0.,1.,0.));
#4863=DIRECTION('',(-0.707106781186547,0.,0.707106781186547));
#4864=DIRECTION('center_axis',(0.707106781186548,0.,0.707106781186548));
#4865=DIRECTION('ref_axis',(0.707106781186548,9.81307786677359E-18,-0.707106781186548));
#4866=DIRECTION('',(0.707106781186547,0.,-0.707106781186547));
#4867=DIRECTION('',(0.,1.,0.));
#4868=DIRECTION('center_axis',(0.707106781186547,0.,0.707106781186548));
#4869=DIRECTION('ref_axis',(0.707106781186548,9.81307786677359E-18,-0.707106781186547));
#4870=DIRECTION('',(0.707106781186548,0.,-0.707106781186547));
#4871=DIRECTION('',(0.,1.,0.));
#4872=DIRECTION('center_axis',(-0.707106781186548,0.,-0.707106781186548));
#4873=DIRECTION('ref_axis',(-0.707106781186548,-9.81307786677359E-18,0.707106781186548));
#4874=DIRECTION('',(0.,1.,0.));
#4875=DIRECTION('',(-0.707106781186547,0.,0.707106781186547));
#4876=DIRECTION('center_axis',(0.,1.,0.));
#4877=DIRECTION('ref_axis',(0.,0.,1.));
#4878=DIRECTION('',(-1.,0.,0.));
#4879=DIRECTION('',(0.,0.,-1.));
#4880=DIRECTION('',(1.,0.,0.));
#4881=DIRECTION('',(-1.54074395550979E-33,0.,1.));
#4882=DIRECTION('',(0.707451078699362,0.,-0.706762315950072));
#4883=DIRECTION('',(-0.707106740378702,0.,0.707106821994391));
#4884=DIRECTION('',(-0.707106781186547,0.,0.707106781186547));
#4885=DIRECTION('',(-0.707106781186547,0.,0.707106781186547));
#4886=DIRECTION('',(-0.707450783081414,0.,0.706762611855985));
#4887=DIRECTION('',(0.707451078699362,0.,-0.706762315950072));
#4888=DIRECTION('',(1.,0.,2.29907887111226E-33));
#4889=DIRECTION('',(-0.00251888369674408,0.,-0.999996827607429));
#4890=DIRECTION('',(-1.,0.,-2.29907887111226E-33));
#4891=DIRECTION('',(-2.29907887111226E-33,0.,1.));
#4892=DIRECTION('',(-0.707106776383488,0.,0.707106785989607));
#4893=DIRECTION('',(0.707106783588077,0.,-0.707106778785018));
#4894=DIRECTION('',(-0.707386310330608,0.,0.706827141497021));
#4895=DIRECTION('',(0.707386515497508,0.,-0.706826936167754));
#4896=DIRECTION('',(-0.707363956192511,0.,0.706849512611899));
#4897=DIRECTION('',(0.707364122526313,0.,-0.706849346157));
#4898=DIRECTION('',(-0.707867500539794,0.,0.70634524255462));
#4899=DIRECTION('',(0.7071067702865,0.,-0.707106792086595));
#4900=DIRECTION('',(1.,0.,5.04084410758593E-13));
#4901=DIRECTION('',(2.29907887111226E-33,0.,-1.));
#4902=DIRECTION('',(-1.,0.,-3.07340517096594E-15));
#4903=DIRECTION('',(-2.29907887111226E-33,0.,1.));
#4904=DIRECTION('',(1.,0.,-9.94158364481174E-16));
#4905=DIRECTION('',(-7.96268935469906E-16,0.,-1.));
#4906=DIRECTION('',(-1.,0.,-2.29907887111226E-33));
#4907=DIRECTION('',(-2.29907887111226E-33,0.,1.));
#4908=DIRECTION('',(-1.,0.,-2.29907887111226E-33));
#4909=DIRECTION('',(-0.707106795549691,0.,0.707106766823404));
#4910=DIRECTION('',(0.707106754255655,0.,-0.707106808117439));
#4911=DIRECTION('',(-0.707106778319415,0.,0.70710678405368));
#4912=DIRECTION('',(0.707106736745993,0.,-0.707106825627099));
#4913=DIRECTION('',(-0.708659112079222,0.,0.7055510349132));
#4914=DIRECTION('',(0.707106788613305,0.,-0.70710677375979));
#4915=DIRECTION('center_axis',(0.706762315950072,0.,0.707451078699362));
#4916=DIRECTION('ref_axis',(0.707451078699362,9.81785595459919E-18,-0.706762315950072));
#4917=DIRECTION('',(0.,1.,0.));
#4918=DIRECTION('',(0.,1.,0.));
#4919=DIRECTION('center_axis',(-0.7055510349132,0.,-0.708659112079222));
#4920=DIRECTION('ref_axis',(-0.708659112079222,-9.83462078550966E-18,0.7055510349132));
#4921=DIRECTION('',(0.,1.,0.));
#4922=DIRECTION('',(0.,1.,0.));
#4923=DIRECTION('',(0.,1.,0.));
#4924=DIRECTION('',(0.,1.,0.));
#4925=DIRECTION('center_axis',(0.70710677375979,0.,0.707106788613305));
#4926=DIRECTION('ref_axis',(0.707106788613305,9.81307796984056E-18,-0.70710677375979));
#4927=DIRECTION('',(0.,1.,0.));
#4928=DIRECTION('',(0.,1.,0.));
#4929=DIRECTION('',(0.,1.,0.));
#4930=DIRECTION('center_axis',(-0.70710678405368,0.,-0.707106778319415));
#4931=DIRECTION('ref_axis',(-0.707106778319415,-9.81307782698414E-18,0.70710678405368));
#4932=DIRECTION('',(0.,1.,0.));
#4933=DIRECTION('',(0.,1.,0.));
#4934=DIRECTION('',(0.,1.,0.));
#4935=DIRECTION('',(0.,1.,0.));
#4936=DIRECTION('center_axis',(0.707106825627099,0.,0.707106736745993));
#4937=DIRECTION('ref_axis',(0.707106736745993,9.81307725003701E-18,-0.707106825627099));
#4938=DIRECTION('',(0.,1.,0.));
#4939=DIRECTION('',(0.,1.,0.));
#4940=DIRECTION('',(0.,1.,0.));
#4941=DIRECTION('center_axis',(-0.707106781186548,0.,-0.707106781186548));
#4942=DIRECTION('ref_axis',(-0.707106781186548,-9.81307786677359E-18,0.707106781186548));
#4943=DIRECTION('',(0.,1.,0.));
#4944=DIRECTION('',(0.,1.,0.));
#4945=DIRECTION('',(0.,1.,0.));
#4946=DIRECTION('',(0.,1.,0.));
#4947=DIRECTION('center_axis',(-0.706762611855985,0.,-0.707450783081414));
#4948=DIRECTION('ref_axis',(-0.707450783081414,-9.81785185207604E-18,0.706762611855985));
#4949=DIRECTION('center_axis',(0.706762315950072,0.,0.707451078699362));
#4950=DIRECTION('ref_axis',(0.707451078699362,9.81785595459919E-18,-0.706762315950072));
#4951=DIRECTION('',(0.,1.,0.));
#4952=DIRECTION('',(0.,1.,0.));
#4953=DIRECTION('',(0.,1.,0.));
#4954=DIRECTION('center_axis',(-0.707106766823404,0.,-0.707106795549691));
#4955=DIRECTION('ref_axis',(-0.707106795549691,-9.81307806610225E-18,0.707106766823404));
#4956=DIRECTION('',(0.,1.,0.));
#4957=DIRECTION('',(0.,1.,0.));
#4958=DIRECTION('',(0.,1.,0.));
#4959=DIRECTION('',(0.,1.,0.));
#4960=DIRECTION('center_axis',(0.70710680811744,0.,0.707106754255655));
#4961=DIRECTION('ref_axis',(0.707106754255655,9.81307749303238E-18,-0.70710680811744));
#4962=DIRECTION('',(0.,1.,0.));
#4963=DIRECTION('',(0.,1.,0.));
#4964=DIRECTION('',(0.,1.,0.));
#4965=DIRECTION('',(0.,1.,0.));
#4966=DIRECTION('center_axis',(-1.,0.,-2.29907887111226E-33));
#4967=DIRECTION('ref_axis',(-2.29907887111226E-33,0.,1.));
#4968=DIRECTION('',(0.,1.,0.));
#4969=DIRECTION('center_axis',(3.07340517096594E-15,0.,-1.));
#4970=DIRECTION('ref_axis',(-1.,-1.38777878078145E-17,-3.07340517096594E-15));
#4971=DIRECTION('',(0.,1.,0.));
#4972=DIRECTION('center_axis',(1.,0.,2.29907887111226E-33));
#4973=DIRECTION('ref_axis',(2.29907887111226E-33,0.,-1.));
#4974=DIRECTION('',(0.,1.,0.));
#4975=DIRECTION('center_axis',(-5.04084410758593E-13,0.,1.));
#4976=DIRECTION('ref_axis',(1.,1.38777878078145E-17,5.04084410758593E-13));
#4977=DIRECTION('',(0.,1.,0.));
#4978=DIRECTION('',(0.,1.,0.));
#4979=DIRECTION('',(0.,1.,0.));
#4980=DIRECTION('center_axis',(2.29907887111226E-33,0.,-1.));
#4981=DIRECTION('ref_axis',(-1.,-1.38777878078145E-17,-2.29907887111226E-33));
#4982=DIRECTION('',(0.,1.,0.));
#4983=DIRECTION('center_axis',(-1.,0.,-2.29907887111226E-33));
#4984=DIRECTION('ref_axis',(-2.29907887111226E-33,0.,1.));
#4985=DIRECTION('',(0.,1.,0.));
#4986=DIRECTION('center_axis',(2.29907887111226E-33,0.,-1.));
#4987=DIRECTION('ref_axis',(-1.,-1.38777878078145E-17,-2.29907887111226E-33));
#4988=DIRECTION('',(0.,1.,0.));
#4989=DIRECTION('center_axis',(1.,0.,-7.96268935469906E-16));
#4990=DIRECTION('ref_axis',(-7.96268935469906E-16,-1.10740971802266E-32,
-1.));
#4991=DIRECTION('',(0.,1.,0.));
#4992=DIRECTION('center_axis',(9.94158364481174E-16,0.,1.));
#4993=DIRECTION('ref_axis',(1.,1.38777878078145E-17,-9.94158364481174E-16));
#4994=DIRECTION('',(0.,1.,0.));
#4995=DIRECTION('',(0.,1.,0.));
#4996=DIRECTION('center_axis',(-0.70634524255462,0.,-0.707867500539794));
#4997=DIRECTION('ref_axis',(-0.707867500539794,-9.82363496853925E-18,0.70634524255462));
#4998=DIRECTION('',(0.,1.,0.));
#4999=DIRECTION('',(0.,1.,0.));
#5000=DIRECTION('',(0.,1.,0.));
#5001=DIRECTION('',(0.,1.,0.));
#5002=DIRECTION('center_axis',(0.707106792086595,0.,0.7071067702865));
#5003=DIRECTION('ref_axis',(0.7071067702865,9.81307771550505E-18,-0.707106792086595));
#5004=DIRECTION('',(0.,1.,0.));
#5005=DIRECTION('',(0.,1.,0.));
#5006=DIRECTION('',(0.,1.,0.));
#5007=DIRECTION('center_axis',(-0.706849512611899,0.,-0.707363956192511));
#5008=DIRECTION('ref_axis',(-0.707363956192511,-9.81664688693583E-18,0.706849512611899));
#5009=DIRECTION('',(0.,1.,0.));
#5010=DIRECTION('',(0.,1.,0.));
#5011=DIRECTION('',(0.,1.,0.));
#5012=DIRECTION('',(0.,1.,0.));
#5013=DIRECTION('center_axis',(0.706849346157,0.,0.707364122526313));
#5014=DIRECTION('ref_axis',(0.707364122526313,9.81664919528105E-18,-0.706849346157));
#5015=DIRECTION('',(0.,1.,0.));
#5016=DIRECTION('',(0.,1.,0.));
#5017=DIRECTION('',(0.,1.,0.));
#5018=DIRECTION('center_axis',(-0.707106781186548,0.,-0.707106781186548));
#5019=DIRECTION('ref_axis',(-0.707106781186548,-9.81307786677359E-18,0.707106781186548));
#5020=DIRECTION('',(0.,1.,0.));
#5021=DIRECTION('',(0.,1.,0.));
#5022=DIRECTION('',(0.,1.,0.));
#5023=DIRECTION('center_axis',(-0.707106821994391,0.,-0.707106740378702));
#5024=DIRECTION('ref_axis',(-0.707106740378702,-9.81307730045097E-18,0.707106821994391));
#5025=DIRECTION('',(0.,1.,0.));
#5026=DIRECTION('',(0.,1.,0.));
#5027=DIRECTION('center_axis',(-0.706827141497021,0.,-0.707386310330608));
#5028=DIRECTION('ref_axis',(-0.707386310330608,-9.81695711292096E-18,0.706827141497021));
#5029=DIRECTION('',(0.,1.,0.));
#5030=DIRECTION('',(0.,1.,0.));
#5031=DIRECTION('',(0.,1.,0.));
#5032=DIRECTION('',(0.,1.,0.));
#5033=DIRECTION('center_axis',(0.706826936167754,0.,0.707386515497508));
#5034=DIRECTION('ref_axis',(0.707386515497508,9.81695996018366E-18,-0.706826936167754));
#5035=DIRECTION('',(0.,1.,0.));
#5036=DIRECTION('',(0.,1.,0.));
#5037=DIRECTION('',(0.,1.,0.));
#5038=DIRECTION('center_axis',(-0.707106785989607,0.,-0.707106776383488));
#5039=DIRECTION('ref_axis',(-0.707106776383488,-9.81307780011775E-18,0.707106785989607));
#5040=DIRECTION('',(0.,1.,0.));
#5041=DIRECTION('',(0.,1.,0.));
#5042=DIRECTION('',(0.,1.,0.));
#5043=DIRECTION('',(0.,1.,0.));
#5044=DIRECTION('center_axis',(0.707106778785018,0.,0.707106783588077));
#5045=DIRECTION('ref_axis',(0.707106783588077,9.81307790010151E-18,-0.707106778785018));
#5046=DIRECTION('',(0.,1.,0.));
#5047=DIRECTION('center_axis',(2.29907887111226E-33,0.,-1.));
#5048=DIRECTION('ref_axis',(-1.,-1.38777878078145E-17,-2.29907887111226E-33));
#5049=DIRECTION('',(0.,1.,0.));
#5050=DIRECTION('',(0.,1.,0.));
#5051=DIRECTION('center_axis',(0.999996827607429,0.,-0.00251888369674408));
#5052=DIRECTION('ref_axis',(-0.00251888369674408,-3.49565334559776E-20,
-0.999996827607429));
#5053=DIRECTION('',(0.,1.,0.));
#5054=DIRECTION('center_axis',(-2.29907887111226E-33,0.,1.));
#5055=DIRECTION('ref_axis',(1.,1.38777878078145E-17,2.29907887111226E-33));
#5056=DIRECTION('',(0.,1.,0.));
#5057=DIRECTION('center_axis',(-1.,0.,-2.29907887111226E-33));
#5058=DIRECTION('ref_axis',(-2.29907887111226E-33,0.,1.));
#5059=DIRECTION('center_axis',(-0.408248290463859,-0.81649658092773,0.408248290463859));
#5060=DIRECTION('ref_axis',(-0.577350269189623,0.577350269189621,0.577350269189633));
#5061=DIRECTION('center_axis',(1.,0.,0.));
#5062=DIRECTION('ref_axis',(0.,0.,1.));
#5063=DIRECTION('center_axis',(0.,-1.,0.));
#5064=DIRECTION('ref_axis',(-1.,0.,0.));
#5065=DIRECTION('center_axis',(1.1842378929335E-14,0.,-1.));
#5066=DIRECTION('ref_axis',(0.,1.,0.));
#5067=DIRECTION('center_axis',(0.,1.,0.));
#5068=DIRECTION('ref_axis',(-0.707106781186539,0.,0.707106781186556));
#5069=DIRECTION('center_axis',(0.,-1.,0.));
#5070=DIRECTION('ref_axis',(-0.707106781186539,0.,0.707106781186556));
#5071=DIRECTION('',(0.,1.,0.));
#5072=DIRECTION('',(0.,-1.,0.));
#5073=DIRECTION('center_axis',(0.408248290463861,-0.408248290463856,-0.816496580927731));
#5074=DIRECTION('ref_axis',(-0.577350269189636,0.577350269189624,-0.577350269189617));
#5075=DIRECTION('center_axis',(0.,-1.1842378929335E-14,1.));
#5076=DIRECTION('ref_axis',(-1.,0.,0.));
#5077=DIRECTION('center_axis',(0.,-1.,0.));
#5078=DIRECTION('ref_axis',(0.,0.,-1.));
#5079=DIRECTION('center_axis',(0.,1.,0.));
#5080=DIRECTION('ref_axis',(-0.707106781186547,0.,-0.707106781186547));
#5081=DIRECTION('center_axis',(0.,-1.,0.));
#5082=DIRECTION('ref_axis',(-0.707106781186547,0.,-0.707106781186547));
#5083=DIRECTION('',(0.,-1.,0.));
#5084=DIRECTION('center_axis',(-0.816496580927726,0.408248290463867,0.40824829046386));
#5085=DIRECTION('ref_axis',(0.577350269189629,0.577350269189634,0.577350269189615));
#5086=DIRECTION('center_axis',(0.,-1.,0.));
#5087=DIRECTION('ref_axis',(0.,0.,1.));
#5088=DIRECTION('center_axis',(-1.,0.,0.));
#5089=DIRECTION('ref_axis',(0.,1.,0.));
#5090=DIRECTION('center_axis',(0.,0.,-1.));
#5091=DIRECTION('ref_axis',(1.,0.,0.));
#5092=DIRECTION('center_axis',(1.,0.,0.));
#5093=DIRECTION('ref_axis',(0.,0.707106781186551,0.707106781186544));
#5094=DIRECTION('',(-1.,0.,0.));
#5095=DIRECTION('center_axis',(0.408248290463861,-0.816496580927725,-0.408248290463866));
#5096=DIRECTION('ref_axis',(0.577350269189625,0.577350269189625,-0.577350269189627));
#5097=DIRECTION('center_axis',(0.,0.,1.));
#5098=DIRECTION('ref_axis',(0.,1.,0.));
#5099=DIRECTION('center_axis',(-1.,0.,0.));
#5100=DIRECTION('ref_axis',(0.,0.,-1.));
#5101=DIRECTION('center_axis',(0.,-1.,0.));
#5102=DIRECTION('ref_axis',(1.,0.,0.));
#5103=DIRECTION('center_axis',(-1.,0.,0.));
#5104=DIRECTION('ref_axis',(0.,0.707106781186542,-0.707106781186553));
#5105=DIRECTION('',(1.,0.,0.));
#5106=DIRECTION('center_axis',(0.,1.,0.));
#5107=DIRECTION('ref_axis',(0.707106781186543,0.,-0.707106781186552));
#5108=DIRECTION('center_axis',(0.,-1.,0.));
#5109=DIRECTION('ref_axis',(0.707106781186543,0.,-0.707106781186552));
#5110=DIRECTION('',(0.,1.,0.));
#5111=DIRECTION('',(0.,-1.,0.));
#5112=DIRECTION('center_axis',(0.,0.,1.));
#5113=DIRECTION('ref_axis',(0.707106781186547,0.707106781186548,0.));
#5114=DIRECTION('',(0.,0.,1.));
#5115=DIRECTION('center_axis',(0.,-1.,0.));
#5116=DIRECTION('ref_axis',(0.70710678118655,0.,0.707106781186545));
#5117=DIRECTION('center_axis',(0.,-1.,0.));
#5118=DIRECTION('ref_axis',(0.70710678118655,0.,0.707106781186545));
#5119=DIRECTION('',(0.,1.,0.));
#5120=DIRECTION('',(0.,-1.,0.));
#5121=DIRECTION('center_axis',(-1.54074395550979E-33,0.,1.));
#5122=DIRECTION('ref_axis',(-0.707106781186544,0.707106781186551,-1.08947049901315E-33));
#5123=DIRECTION('',(1.54074395550979E-33,0.,-1.));
#5124=DIRECTION('center_axis',(-1.,0.,-1.54074395550979E-33));
#5125=DIRECTION('ref_axis',(-1.54074395550979E-33,-3.00430730079671E-25,
1.));
#5126=DIRECTION('',(-2.13821176807376E-50,1.,-5.34552942018439E-51));
#5127=DIRECTION('',(-1.54074395550979E-33,0.,1.));
#5128=DIRECTION('',(2.13821176807376E-50,-1.,5.34552942018439E-51));
#5129=DIRECTION('',(-1.54074395550979E-33,5.34552942018439E-51,1.));
#5130=DIRECTION('',(-2.13821176807376E-50,1.,-5.34552942018439E-51));
#5131=DIRECTION('',(-1.54074395550979E-33,0.,1.));
#5132=DIRECTION('',(-1.54074395550979E-33,0.,1.));
#5133=DIRECTION('',(0.,-1.,5.34552942018439E-51));
#5134=DIRECTION('',(-1.54074395550979E-33,5.34552942018439E-51,1.));
#5135=DIRECTION('center_axis',(0.,0.,-1.));
#5136=DIRECTION('ref_axis',(-1.,0.,0.));
#5137=DIRECTION('',(1.,0.,1.54074395550979E-33));
#5138=DIRECTION('',(-1.,0.,0.));
#5139=DIRECTION('',(0.,1.,0.));
#5140=DIRECTION('',(-1.,0.,0.));
#5141=DIRECTION('',(0.,-1.,0.));
#5142=DIRECTION('',(-1.,0.,0.));
#5143=DIRECTION('center_axis',(0.,0.,-1.));
#5144=DIRECTION('ref_axis',(-0.183377415887589,0.983042584704442,0.));
#5145=DIRECTION('',(0.93274544668478,0.360535617781114,0.));
#5146=DIRECTION('',(0.,1.,0.));
#5147=DIRECTION('',(1.,0.,0.));
#5148=DIRECTION('',(0.,1.,0.));
#5149=DIRECTION('',(1.,0.,0.));
#5150=DIRECTION('',(0.,1.,0.));
#5151=DIRECTION('',(1.,0.,0.));
#5152=DIRECTION('',(0.,1.,0.));
#5153=DIRECTION('',(1.,0.,0.));
#5154=DIRECTION('center_axis',(0.,0.,-1.));
#5155=DIRECTION('ref_axis',(0.70710678118654,0.707106781186555,0.));
#5156=DIRECTION('',(1.,0.,0.));
#5157=DIRECTION('center_axis',(0.,0.,-1.));
#5158=DIRECTION('ref_axis',(-0.70710678118654,0.707106781186555,0.));
#5159=DIRECTION('',(0.619647304802915,-0.784880384294628,0.));
#5160=DIRECTION('center_axis',(0.,0.,-1.));
#5161=DIRECTION('ref_axis',(0.436092132007154,0.899902023778953,0.));
#5162=DIRECTION('',(1.,0.,0.));
#5163=DIRECTION('center_axis',(0.,1.,0.));
#5164=DIRECTION('ref_axis',(-1.,0.,0.));
#5165=DIRECTION('',(2.29907887111226E-33,0.,-1.));
#5166=DIRECTION('',(-1.,0.,7.70371977754894E-34));
#5167=DIRECTION('',(0.,0.,-1.));
#5168=DIRECTION('center_axis',(0.,1.,0.));
#5169=DIRECTION('ref_axis',(0.707106781186545,0.,0.70710678118655));
#5170=DIRECTION('',(1.,0.,0.));
#5171=DIRECTION('',(0.,0.,1.));
#5172=DIRECTION('',(-1.,0.,0.));
#5173=DIRECTION('',(-1.,0.,0.));
#5174=DIRECTION('',(-1.,0.,0.));
#5175=DIRECTION('center_axis',(-7.70371977754894E-34,0.,-1.));
#5176=DIRECTION('ref_axis',(-1.,3.46944695195361E-18,7.70371977754894E-34));
#5177=DIRECTION('',(0.,1.,0.));
#5178=DIRECTION('',(1.,0.,-7.70371977754894E-34));
#5179=DIRECTION('',(0.,1.,0.));
#5180=DIRECTION('center_axis',(0.,1.,0.));
#5181=DIRECTION('ref_axis',(0.,0.,1.));
#5182=DIRECTION('',(2.29907887111226E-33,0.,-1.));
#5183=DIRECTION('',(-1.,0.,7.70371977754894E-34));
#5184=DIRECTION('',(0.,0.,-1.));
#5185=DIRECTION('center_axis',(7.70371977754894E-34,0.,1.));
#5186=DIRECTION('ref_axis',(1.,-3.46944695195361E-18,-7.70371977754894E-34));
#5187=DIRECTION('',(0.,-1.,0.));
#5188=DIRECTION('',(0.707106781186549,0.707106781186546,-5.44735249506579E-34));
#5189=DIRECTION('',(1.,0.,-7.70371977754894E-34));
#5190=DIRECTION('',(0.,1.,0.));
#5191=DIRECTION('center_axis',(-0.707106781186546,0.707106781186549,0.));
#5192=DIRECTION('ref_axis',(0.707106781186549,0.707106781186546,0.));
#5193=DIRECTION('',(2.29907887111226E-33,2.29907887111225E-33,-1.));
#5194=DIRECTION('',(-0.707106781186549,-0.707106781186546,5.44735249506579E-34));
#5195=DIRECTION('',(0.,0.,1.));
#5196=DIRECTION('center_axis',(-7.70371977754894E-34,0.,-1.));
#5197=DIRECTION('ref_axis',(-1.,3.46944695195361E-18,7.70371977754894E-34));
#5198=DIRECTION('',(0.,1.,0.));
#5199=DIRECTION('',(1.,0.,-7.70371977754894E-34));
#5200=DIRECTION('',(0.,-1.,0.));
#5201=DIRECTION('',(-1.,0.,7.70371977754894E-34));
#5202=DIRECTION('center_axis',(0.,-1.,0.));
#5203=DIRECTION('ref_axis',(0.,0.,-1.));
#5204=DIRECTION('',(2.29907887111226E-33,0.,-1.));
#5205=DIRECTION('',(-1.,0.,0.));
#5206=DIRECTION('',(0.,0.,1.));
#5207=DIRECTION('center_axis',(0.,0.,1.));
#5208=DIRECTION('ref_axis',(1.,0.,0.));
#5209=DIRECTION('',(0.,-1.,0.));
#5210=DIRECTION('',(0.707106781186549,0.707106781186546,0.));
#5211=DIRECTION('',(1.,0.,0.));
#5212=DIRECTION('',(0.,-1.,0.));
#5213=DIRECTION('center_axis',(1.,0.,0.));
#5214=DIRECTION('ref_axis',(0.,0.,-1.));
#5215=DIRECTION('',(2.29907887111226E-33,0.,-1.));
#5216=DIRECTION('',(0.,-1.,0.));
#5217=DIRECTION('',(2.29907887111226E-33,0.,-1.));
#5218=DIRECTION('',(0.,1.,0.));
#5219=DIRECTION('',(2.29907887111226E-33,2.29907887111225E-33,-1.));
#5220=DIRECTION('center_axis',(0.,0.,1.));
#5221=DIRECTION('ref_axis',(1.,0.,0.));
#5222=DIRECTION('',(-1.,0.,0.));
#5223=DIRECTION('',(0.,-1.,0.));
#5224=DIRECTION('',(-1.,0.,0.));
#5225=DIRECTION('',(0.,1.,0.));
#5226=DIRECTION('',(-1.,0.,0.));
#5227=DIRECTION('center_axis',(0.,1.,0.));
#5228=DIRECTION('ref_axis',(-1.,0.,0.));
#5229=DIRECTION('center_axis',(0.,1.,0.));
#5230=DIRECTION('ref_axis',(0.707106781186548,0.,-0.707106781186547));
#5231=DIRECTION('',(0.,0.,-1.));
#5232=DIRECTION('',(1.,0.,-7.70371977754894E-34));
#5233=DIRECTION('',(0.,0.,-1.));
#5234=DIRECTION('',(-1.,0.,0.));
#5235=DIRECTION('',(-1.,0.,0.));
#5236=DIRECTION('',(-1.,0.,0.));
#5237=DIRECTION('',(0.,0.,-1.));
#5238=DIRECTION('center_axis',(0.,1.,0.));
#5239=DIRECTION('ref_axis',(0.,0.,1.));
#5240=DIRECTION('',(1.54074395550979E-33,0.,-1.));
#5241=DIRECTION('',(1.54074395550979E-33,0.,-1.));
#5242=DIRECTION('',(0.,0.,-1.));
#5243=DIRECTION('',(-1.,0.,0.));
#5244=DIRECTION('center_axis',(0.,1.,0.));
#5245=DIRECTION('ref_axis',(-0.707106781186539,0.,0.707106781186556));
#5246=DIRECTION('',(0.,0.,-1.));
#5247=DIRECTION('center_axis',(0.,1.,0.));
#5248=DIRECTION('ref_axis',(-0.707106781186543,0.,-0.707106781186552));
#5249=DIRECTION('center_axis',(0.,1.,0.));
#5250=DIRECTION('ref_axis',(-1.,0.,0.));
#5251=DIRECTION('',(0.,0.,-1.));
#5252=DIRECTION('',(1.,0.,0.));
#5253=DIRECTION('center_axis',(0.,-1.,0.));
#5254=DIRECTION('ref_axis',(-0.707106781186539,0.,0.707106781186556));
#5255=DIRECTION('',(0.,1.,0.));
#5256=DIRECTION('center_axis',(0.,-1.,0.));
#5257=DIRECTION('ref_axis',(0.,0.,1.));
#5258=DIRECTION('',(0.,-1.,0.));
#5259=DIRECTION('center_axis',(0.,0.,-1.));
#5260=DIRECTION('ref_axis',(-0.707106781186543,0.707106781186552,0.));
#5261=DIRECTION('center_axis',(0.,0.,-1.));
#5262=DIRECTION('ref_axis',(-1.,0.,0.));
#5263=DIRECTION('center_axis',(0.,0.,1.));
#5264=DIRECTION('ref_axis',(0.,1.,0.));
#5265=DIRECTION('',(0.,0.,1.));
#5266=DIRECTION('center_axis',(0.,-1.,0.));
#5267=DIRECTION('ref_axis',(-0.707106781186543,0.,-0.707106781186552));
#5268=DIRECTION('',(0.,1.,0.));
#5269=DIRECTION('center_axis',(0.,-1.,0.));
#5270=DIRECTION('ref_axis',(-1.,0.,0.));
#5271=DIRECTION('center_axis',(-0.40824829046386,-0.816496580927729,-0.40824829046386));
#5272=DIRECTION('ref_axis',(-0.577350269189626,0.577350269189626,-0.577350269189626));
#5273=DIRECTION('center_axis',(-0.40824829046385,-0.816496580927734,0.40824829046386));
#5274=DIRECTION('ref_axis',(-0.577350269189625,0.577350269189618,0.577350269189635));
#5275=DIRECTION('center_axis',(-1.,0.,0.));
#5276=DIRECTION('ref_axis',(0.,0.707106781186549,0.707106781186546));
#5277=DIRECTION('center_axis',(-1.,0.,0.));
#5278=DIRECTION('ref_axis',(0.,0.,1.));
#5279=DIRECTION('center_axis',(-1.,0.,0.));
#5280=DIRECTION('ref_axis',(0.,0.707106781186547,0.707106781186547));
#5281=DIRECTION('',(1.,0.,0.));
#5282=DIRECTION('center_axis',(1.,0.,0.));
#5283=DIRECTION('ref_axis',(0.,0.,1.));
#5284=DIRECTION('center_axis',(-0.408248290463861,-0.408248290463861,-0.816496580927728));
#5285=DIRECTION('ref_axis',(0.577350269189628,0.577350269189626,-0.577350269189623));
#5286=DIRECTION('center_axis',(0.,0.,-1.));
#5287=DIRECTION('ref_axis',(1.,0.,0.));
#5288=DIRECTION('center_axis',(0.,1.,0.));
#5289=DIRECTION('ref_axis',(0.,0.,-1.));
#5290=DIRECTION('center_axis',(0.,1.,0.));
#5291=DIRECTION('ref_axis',(0.707106781186548,0.,-0.707106781186547));
#5292=DIRECTION('',(0.,-1.,0.));
#5293=DIRECTION('center_axis',(0.408248290463862,-0.816496580927728,0.40824829046386));
#5294=DIRECTION('ref_axis',(0.577350269189623,0.577350269189623,0.577350269189632));
#5295=DIRECTION('center_axis',(0.,1.,0.));
#5296=DIRECTION('ref_axis',(1.,0.,0.));
#5297=DIRECTION('center_axis',(0.,0.,1.));
#5298=DIRECTION('ref_axis',(0.,1.,0.));
#5299=DIRECTION('center_axis',(0.,1.,0.));
#5300=DIRECTION('ref_axis',(0.707106781186545,0.,0.70710678118655));
#5301=DIRECTION('',(0.,1.,0.));
#5302=DIRECTION('',(0.,-1.,0.));
#5303=DIRECTION('center_axis',(0.,0.,-1.));
#5304=DIRECTION('ref_axis',(0.707106781186545,0.70710678118655,0.));
#5305=DIRECTION('',(0.,0.,-1.));
#5306=DIRECTION('center_axis',(1.,0.,0.));
#5307=DIRECTION('ref_axis',(0.,0.,-1.));
#5308=DIRECTION('',(0.,0.,-1.));
#5309=DIRECTION('',(0.,0.,-1.));
#5310=DIRECTION('',(0.,1.,0.));
#5311=DIRECTION('',(0.,0.,1.));
#5312=DIRECTION('',(0.,1.,0.));
#5313=DIRECTION('center_axis',(0.,0.,1.));
#5314=DIRECTION('ref_axis',(1.,0.,0.));
#5315=DIRECTION('center_axis',(0.,0.,1.));
#5316=DIRECTION('ref_axis',(0.436092132007154,0.899902023778953,0.));
#5317=DIRECTION('',(-0.619647304802915,0.784880384294628,0.));
#5318=DIRECTION('center_axis',(0.,0.,1.));
#5319=DIRECTION('ref_axis',(-0.70710678118654,0.707106781186555,0.));
#5320=DIRECTION('',(-1.,0.,0.));
#5321=DIRECTION('center_axis',(0.,0.,1.));
#5322=DIRECTION('ref_axis',(0.70710678118654,0.707106781186555,0.));
#5323=DIRECTION('',(-1.,0.,0.));
#5324=DIRECTION('',(0.,1.,0.));
#5325=DIRECTION('',(-1.,0.,0.));
#5326=DIRECTION('',(0.,1.,0.));
#5327=DIRECTION('',(-1.,0.,0.));
#5328=DIRECTION('',(0.,1.,0.));
#5329=DIRECTION('',(-1.,0.,0.));
#5330=DIRECTION('',(0.,1.,0.));
#5331=DIRECTION('',(-0.93274544668478,-0.360535617781114,0.));
#5332=DIRECTION('center_axis',(0.,0.,1.));
#5333=DIRECTION('ref_axis',(-0.183377415887589,0.983042584704442,0.));
#5334=DIRECTION('center_axis',(-0.707106781186546,0.707106781186549,0.));
#5335=DIRECTION('ref_axis',(0.707106781186549,0.707106781186546,0.));
#5336=DIRECTION('',(-0.707106781186549,-0.707106781186546,5.44735249506579E-34));
#5337=DIRECTION('',(0.,0.,1.));
#5338=DIRECTION('center_axis',(-7.70371977754894E-34,0.,-1.));
#5339=DIRECTION('ref_axis',(-1.,3.46944695195361E-18,7.70371977754894E-34));
#5340=DIRECTION('',(1.,0.,-7.70371977754894E-34));
#5341=DIRECTION('',(-1.,0.,7.70371977754894E-34));
#5342=DIRECTION('center_axis',(0.,1.,0.));
#5343=DIRECTION('ref_axis',(-1.,0.,0.));
#5344=DIRECTION('center_axis',(0.,1.,0.));
#5345=DIRECTION('ref_axis',(-1.,0.,0.));
#5346=DIRECTION('center_axis',(0.,-1.,0.));
#5347=DIRECTION('ref_axis',(0.,0.,-1.));
#5348=DIRECTION('',(-1.,0.,7.70371977754894E-34));
#5349=DIRECTION('center_axis',(7.70371977754894E-34,0.,1.));
#5350=DIRECTION('ref_axis',(1.,-3.46944695195361E-18,-7.70371977754894E-34));
#5351=DIRECTION('center_axis',(0.,0.,1.));
#5352=DIRECTION('ref_axis',(-0.183377415887589,0.983042584704442,0.));
#5353=DIRECTION('',(0.,0.,-1.));
#5354=DIRECTION('center_axis',(0.,0.,-1.));
#5355=DIRECTION('ref_axis',(0.436092132007154,0.899902023778953,0.));
#5356=DIRECTION('',(0.,0.,1.));
#5357=DIRECTION('center_axis',(-0.784880384294628,-0.619647304802915,0.));
#5358=DIRECTION('ref_axis',(-0.619647304802915,0.784880384294628,0.));
#5359=DIRECTION('',(0.,0.,-1.));
#5360=DIRECTION('center_axis',(0.,0.,-1.));
#5361=DIRECTION('ref_axis',(-1.,0.,0.));
#5362=DIRECTION('',(0.,-1.,0.));
#5363=DIRECTION('',(-1.,0.,0.));
#5364=DIRECTION('',(0.,1.,0.));
#5365=DIRECTION('center_axis',(0.,0.,1.));
#5366=DIRECTION('ref_axis',(1.,0.,0.));
#5367=DIRECTION('',(0.,1.,0.));
#5368=DIRECTION('',(0.,-1.,0.));
#5369=DIRECTION('',(1.,0.,-6.38059209554688E-18));
#5370=DIRECTION('center_axis',(0.,0.,-1.));
#5371=DIRECTION('ref_axis',(1.,0.,0.));
#5372=DIRECTION('',(0.,1.,0.));
#5373=DIRECTION('',(1.,0.,-6.38059209554688E-18));
#5374=DIRECTION('',(0.,-1.,0.));
#5375=DIRECTION('',(0.,-1.,0.));
#5376=DIRECTION('',(1.,0.,-6.38059209554688E-18));
#5377=DIRECTION('',(0.,1.,0.));
#5378=DIRECTION('center_axis',(0.707106781186548,0.,0.707106781186547));
#5379=DIRECTION('ref_axis',(0.,1.,0.));
#5380=DIRECTION('',(-0.577350269189626,-0.577350269189626,0.577350269189626));
#5381=DIRECTION('',(-0.577350269189623,0.577350269189632,0.577350269189623));
#5382=DIRECTION('center_axis',(4.51175993874651E-18,-0.707106781186542,
0.707106781186553));
#5383=DIRECTION('ref_axis',(1.,-5.00741785540681E-33,-6.38059209554688E-18));
#5384=DIRECTION('',(0.577350269189623,0.577350269189632,0.577350269189623));
#5385=DIRECTION('',(1.,0.,-6.38059209554688E-18));
#5386=DIRECTION('center_axis',(-0.707106781186548,0.,0.707106781186547));
#5387=DIRECTION('ref_axis',(0.,-1.,0.));
#5388=DIRECTION('',(0.577350269189626,-0.577350269189626,0.577350269189626));
#5389=DIRECTION('center_axis',(4.51175993874648E-18,0.707106781186547,0.707106781186548));
#5390=DIRECTION('ref_axis',(-1.,-3.46667389989702E-33,6.38059209554688E-18));
#5391=DIRECTION('center_axis',(0.,0.707106781186548,0.707106781186547));
#5392=DIRECTION('ref_axis',(1.,0.,0.));
#5393=DIRECTION('',(0.,-0.707106781186547,0.707106781186548));
#5394=DIRECTION('',(1.,0.,0.));
#5395=DIRECTION('',(0.,0.707106781186547,-0.707106781186548));
#5396=DIRECTION('center_axis',(0.,0.,1.));
#5397=DIRECTION('ref_axis',(1.,0.,0.));
#5398=DIRECTION('',(0.,-1.,0.));
#5399=DIRECTION('',(1.,0.,-6.38059209554688E-18));
#5400=DIRECTION('',(0.,1.,0.));
#5401=DIRECTION('center_axis',(-1.,0.,0.));
#5402=DIRECTION('ref_axis',(0.,-1.,0.));
#5403=DIRECTION('',(0.,0.,1.));
#5404=DIRECTION('center_axis',(1.,0.,0.));
#5405=DIRECTION('ref_axis',(0.,1.,0.));
#5406=DIRECTION('',(0.,0.,1.));
#5407=DIRECTION('center_axis',(0.,-1.,0.));
#5408=DIRECTION('ref_axis',(1.,0.,-6.38059209554688E-18));
#5409=DIRECTION('center_axis',(0.360535617781114,-0.93274544668478,0.));
#5410=DIRECTION('ref_axis',(-0.93274544668478,-0.360535617781114,0.));
#5411=DIRECTION('',(0.,0.,-1.));
#5412=DIRECTION('center_axis',(0.,-1.,0.));
#5413=DIRECTION('ref_axis',(-1.,0.,0.));
#5414=DIRECTION('',(0.,0.,-1.));
#5415=DIRECTION('',(0.,0.,1.));
#5416=DIRECTION('center_axis',(0.,-1.,0.));
#5417=DIRECTION('ref_axis',(-1.,0.,0.));
#5418=DIRECTION('',(0.,0.,1.));
#5419=DIRECTION('',(0.,0.,1.));
#5420=DIRECTION('center_axis',(-1.,0.,0.));
#5421=DIRECTION('ref_axis',(0.,0.,1.));
#5422=DIRECTION('',(0.,0.,1.));
#5423=DIRECTION('center_axis',(-1.,0.,0.));
#5424=DIRECTION('ref_axis',(0.,0.,1.));
#5425=DIRECTION('',(0.,0.,1.));
#5426=DIRECTION('center_axis',(0.,0.,1.));
#5427=DIRECTION('ref_axis',(0.70710678118654,0.707106781186555,0.));
#5428=DIRECTION('',(0.,0.,-1.));
#5429=DIRECTION('center_axis',(0.,0.,-1.));
#5430=DIRECTION('ref_axis',(-0.70710678118654,0.707106781186555,0.));
#5431=DIRECTION('',(0.,0.,1.));
#5432=DIRECTION('center_axis',(0.,1.,0.));
#5433=DIRECTION('ref_axis',(-1.,0.,0.));
#5434=DIRECTION('center_axis',(0.,1.,0.));
#5435=DIRECTION('ref_axis',(-1.,0.,0.));
#5436=DIRECTION('',(0.,0.,-1.));
#5437=DIRECTION('center_axis',(0.,1.,0.));
#5438=DIRECTION('ref_axis',(-1.,0.,0.));
#5439=DIRECTION('',(0.,0.,-1.));
#5440=DIRECTION('center_axis',(1.,0.,0.));
#5441=DIRECTION('ref_axis',(0.,0.,-1.));
#5442=DIRECTION('center_axis',(1.,0.,0.));
#5443=DIRECTION('ref_axis',(0.,0.,-1.));
#5444=DIRECTION('center_axis',(0.,-1.,0.));
#5445=DIRECTION('ref_axis',(-1.,0.,0.));
#5446=DIRECTION('',(1.,0.,0.));
#5447=DIRECTION('',(0.,0.,-1.));
#5448=DIRECTION('',(-1.,0.,0.));
#5449=DIRECTION('',(0.,0.,-1.));
#5450=DIRECTION('center_axis',(-1.,0.,0.));
#5451=DIRECTION('ref_axis',(0.,1.,0.));
#5452=DIRECTION('',(0.,0.707106781186547,0.707106781186548));
#5453=DIRECTION('',(0.,1.,0.));
#5454=DIRECTION('',(0.,-1.,0.));
#5455=DIRECTION('center_axis',(1.,0.,0.));
#5456=DIRECTION('ref_axis',(0.,-1.,0.));
#5457=DIRECTION('',(0.,-0.707106781186547,-0.707106781186548));
#5458=DIRECTION('',(0.,1.,0.));
#5459=DIRECTION('',(0.,-1.,0.));
#5460=DIRECTION('center_axis',(0.,0.,-1.));
#5461=DIRECTION('ref_axis',(-1.,0.,0.));
#5462=DIRECTION('',(-1.,0.,0.));
#5463=DIRECTION('center_axis',(0.,0.707106781186548,-0.707106781186547));
#5464=DIRECTION('ref_axis',(-1.,0.,0.));
#5465=DIRECTION('center_axis',(0.,0.707106781186548,-0.707106781186548));
#5466=DIRECTION('ref_axis',(1.,0.,0.));
#5467=DIRECTION('',(0.577350269189626,-0.577350269189626,-0.577350269189626));
#5468=DIRECTION('',(-1.,0.,0.));
#5469=DIRECTION('',(-0.577350269189626,-0.577350269189626,-0.577350269189626));
#5470=DIRECTION('center_axis',(0.707106781186548,0.,-0.707106781186547));
#5471=DIRECTION('ref_axis',(0.,-1.,0.));
#5472=DIRECTION('',(-0.577350269189626,0.577350269189625,-0.577350269189626));
#5473=DIRECTION('',(0.,1.,0.));
#5474=DIRECTION('center_axis',(0.,-0.707106781186548,-0.707106781186547));
#5475=DIRECTION('ref_axis',(-1.,0.,0.));
#5476=DIRECTION('',(0.577350269189626,0.577350269189625,-0.577350269189626));
#5477=DIRECTION('',(-1.,0.,0.));
#5478=DIRECTION('center_axis',(-0.707106781186548,0.,-0.707106781186547));
#5479=DIRECTION('ref_axis',(0.,1.,0.));
#5480=DIRECTION('',(0.,-1.,0.));
#5481=DIRECTION('center_axis',(0.,0.,1.));
#5482=DIRECTION('ref_axis',(-1.,0.,0.));
#5483=DIRECTION('center_axis',(-0.707106781186547,-0.707106781186548,-2.12436606516161E-25));
#5484=DIRECTION('ref_axis',(-3.00430730079672E-25,1.37753244236987E-40,
1.));
#5485=DIRECTION('',(0.707106781186548,-0.707106781186547,-2.1243660651616E-25));
#5486=DIRECTION('',(0.,3.00430730079671E-25,-1.));
#5487=DIRECTION('',(-0.707106781186548,0.707106781186547,2.1243660651616E-25));
#5488=DIRECTION('',(0.,3.00430730079671E-25,-1.));
#5489=DIRECTION('center_axis',(0.,-3.00430730079671E-25,1.));
#5490=DIRECTION('ref_axis',(3.2073176567395E-49,-1.,-3.00430730079671E-25));
#5491=DIRECTION('',(-0.707106781186548,-0.707106781186547,-2.1243660651616E-25));
#5492=DIRECTION('',(1.,0.,0.));
#5493=DIRECTION('',(2.13821181436244E-50,-1.,-3.00430730079671E-25));
#5494=DIRECTION('',(1.,0.,0.));
#5495=DIRECTION('center_axis',(-0.707106781186547,0.707106781186548,2.12436606516161E-25));
#5496=DIRECTION('ref_axis',(3.00430730079672E-25,1.37753244236987E-40,1.));
#5497=DIRECTION('',(0.707106781186548,0.707106781186547,2.1243660651616E-25));
#5498=DIRECTION('',(0.,-3.00430730079671E-25,1.));
#5499=DIRECTION('center_axis',(0.,-1.,-3.00430730079671E-25));
#5500=DIRECTION('ref_axis',(1.0281720189447E-24,3.00430730079671E-25,-1.));
#5501=DIRECTION('',(1.,0.,0.));
#5502=DIRECTION('',(1.54074395550979E-33,3.00430730079671E-25,-1.));
#5503=DIRECTION('center_axis',(0.,1.,3.00430730079671E-25));
#5504=DIRECTION('ref_axis',(-1.02817224129207E-24,-3.00430730079671E-25,
1.));
#5505=DIRECTION('',(-1.54074395550979E-33,-3.00430730079671E-25,1.));
#5506=DIRECTION('',(1.,0.,0.));
#5507=DIRECTION('center_axis',(0.,3.00430730079671E-25,-1.));
#5508=DIRECTION('ref_axis',(5.18810515530919E-31,1.,3.00430730079671E-25));
#5509=DIRECTION('',(-2.13821181436244E-50,1.,3.00430730079671E-25));
#5510=DIRECTION('center_axis',(0.707106781186547,0.707106781186548,-3.77986010204458E-51));
#5511=DIRECTION('ref_axis',(-5.3455294201844E-51,0.,-1.));
#5512=DIRECTION('',(0.707106781186548,-0.707106781186547,3.77986010204457E-51));
#5513=DIRECTION('',(0.,-5.34552942018439E-51,-1.));
#5514=DIRECTION('',(-0.707106781186548,0.707106781186547,-3.77986010204457E-51));
#5515=DIRECTION('center_axis',(0.,5.34552942018439E-51,1.));
#5516=DIRECTION('ref_axis',(2.13821176807376E-50,-1.,5.34552942018439E-51));
#5517=DIRECTION('',(2.13821176807376E-50,-1.,5.34552942018439E-51));
#5518=DIRECTION('',(1.,0.,0.));
#5519=DIRECTION('',(2.13821176807376E-50,-1.,5.34552942018439E-51));
#5520=DIRECTION('center_axis',(0.,-5.34552942018439E-51,-1.));
#5521=DIRECTION('ref_axis',(-2.13821176807376E-50,1.,-5.34552942018439E-51));
#5522=DIRECTION('',(-2.13821176807376E-50,1.,-5.34552942018439E-51));
#5523=DIRECTION('',(1.,0.,0.));
#5524=DIRECTION('',(-2.13821176807376E-50,1.,-5.34552942018439E-51));
#5525=DIRECTION('center_axis',(0.,-1.,5.34552942018439E-51));
#5526=DIRECTION('ref_axis',(1.54074395550979E-33,-5.34552942018439E-51,
-1.));
#5527=DIRECTION('',(1.54074395550979E-33,-5.34552942018439E-51,-1.));
#5528=DIRECTION('',(1.54074395550979E-33,-5.34552942018439E-51,-1.));
#5529=DIRECTION('center_axis',(1.,0.,0.));
#5530=DIRECTION('ref_axis',(0.,0.,-1.));
#5531=DIRECTION('center_axis',(1.,2.13821176807376E-50,1.54074395550979E-33));
#5532=DIRECTION('ref_axis',(1.54074395550979E-33,-5.34552942018439E-51,
-1.));
#5533=DIRECTION('center_axis',(-0.707106781186547,-0.707106781186548,-2.12436606516161E-25));
#5534=DIRECTION('ref_axis',(-3.00430730079672E-25,1.37753244236987E-40,
1.));
#5535=DIRECTION('',(0.707106781186548,-0.707106781186547,-2.1243660651616E-25));
#5536=DIRECTION('',(0.,3.00430730079671E-25,-1.));
#5537=DIRECTION('',(-0.707106781186548,0.707106781186547,2.1243660651616E-25));
#5538=DIRECTION('',(0.,3.00430730079671E-25,-1.));
#5539=DIRECTION('center_axis',(0.,-3.00430730079671E-25,1.));
#5540=DIRECTION('ref_axis',(3.2073176567395E-49,-1.,-3.00430730079671E-25));
#5541=DIRECTION('',(-0.707106781186548,-0.707106781186547,-2.1243660651616E-25));
#5542=DIRECTION('',(1.,0.,0.));
#5543=DIRECTION('',(2.13821181436244E-50,-1.,-3.00430730079671E-25));
#5544=DIRECTION('',(1.,0.,0.));
#5545=DIRECTION('center_axis',(-0.707106781186547,0.707106781186548,2.12436606516161E-25));
#5546=DIRECTION('ref_axis',(3.00430730079671E-25,-3.67341984631965E-40,
1.));
#5547=DIRECTION('',(0.707106781186548,0.707106781186547,2.1243660651616E-25));
#5548=DIRECTION('',(0.,-3.00430730079671E-25,1.));
#5549=DIRECTION('center_axis',(0.,-1.,-3.00430730079671E-25));
#5550=DIRECTION('ref_axis',(1.0281720189447E-24,3.00430730079671E-25,-1.));
#5551=DIRECTION('',(1.,0.,0.));
#5552=DIRECTION('',(1.54074395550979E-33,3.00430730079671E-25,-1.));
#5553=DIRECTION('center_axis',(0.,3.00430730079671E-25,-1.));
#5554=DIRECTION('ref_axis',(-3.63496001035425E-49,1.,3.00430730079671E-25));
#5555=DIRECTION('',(1.,0.,0.));
#5556=DIRECTION('',(-2.13821181436244E-50,1.,3.00430730079671E-25));
#5557=DIRECTION('center_axis',(0.,1.,3.00430730079671E-25));
#5558=DIRECTION('ref_axis',(-1.0281720189447E-24,-3.00430730079671E-25,
1.));
#5559=DIRECTION('',(-1.54074395550979E-33,-3.00430730079671E-25,1.));
#5560=DIRECTION('center_axis',(0.707106781186547,0.707106781186548,-3.77986010204458E-51));
#5561=DIRECTION('ref_axis',(-5.3455294201844E-51,0.,-1.));
#5562=DIRECTION('',(0.707106781186548,-0.707106781186547,3.77986010204457E-51));
#5563=DIRECTION('',(0.,-5.34552942018439E-51,-1.));
#5564=DIRECTION('',(-0.707106781186548,0.707106781186547,-3.77986010204457E-51));
#5565=DIRECTION('center_axis',(1.,0.,0.));
#5566=DIRECTION('ref_axis',(0.,0.,-1.));
#5567=DIRECTION('',(0.,-1.,5.34552942018439E-51));
#5568=DIRECTION('',(1.54074395550979E-33,-5.34552942018439E-51,-1.));
#5569=DIRECTION('',(-2.13821176807376E-50,1.,-5.34552942018439E-51));
#5570=DIRECTION('center_axis',(0.,5.34552942018439E-51,1.));
#5571=DIRECTION('ref_axis',(0.,-1.,5.34552942018439E-51));
#5572=DIRECTION('',(0.,-1.,5.34552942018439E-51));
#5573=DIRECTION('',(1.,0.,0.));
#5574=DIRECTION('center_axis',(0.,-1.,5.34552942018439E-51));
#5575=DIRECTION('ref_axis',(1.54074395550979E-33,-5.34552942018439E-51,
-1.));
#5576=DIRECTION('',(-1.54074395550979E-33,5.34552942018439E-51,1.));
#5577=DIRECTION('',(1.,0.,0.));
#5578=DIRECTION('center_axis',(0.,-5.34552942018439E-51,-1.));
#5579=DIRECTION('ref_axis',(-2.13821176807376E-50,1.,-5.34552942018439E-51));
#5580=DIRECTION('',(-2.13821176807376E-50,1.,-5.34552942018439E-51));
#5581=DIRECTION('center_axis',(1.,2.13821176807376E-50,1.54074395550979E-33));
#5582=DIRECTION('ref_axis',(1.54074395550979E-33,-5.34552942018439E-51,
-1.));
#5583=DIRECTION('',(-1.11862862933799E-16,-6.11694766455927E-18,1.));
#5584=DIRECTION('',(1.,-7.48670816923494E-34,1.11862862933799E-16));
#5585=CARTESIAN_POINT('',(0.,0.,0.));
#5586=CARTESIAN_POINT('',(0.,0.,0.));
#5587=CARTESIAN_POINT('Origin',(-103.40480863375,22.81,85.9223672980443));
#5588=CARTESIAN_POINT('',(-103.40480863375,22.81,79.3));
#5589=CARTESIAN_POINT('',(-103.40480863375,21.31,77.8));
#5590=CARTESIAN_POINT('Origin',(-103.40480863375,21.31,79.3));
#5591=CARTESIAN_POINT('',(-103.40480863375,22.81,85.9223672980443));
#5592=CARTESIAN_POINT('',(-103.40480863375,22.81,96.7736836490221));
#5593=CARTESIAN_POINT('',(-103.40480863375,20.3104294905124,85.9223672980443));
#5594=CARTESIAN_POINT('',(-103.40480863375,22.81,85.9223672980443));
#5595=CARTESIAN_POINT('',(-103.40480863375,20.3104294905124,80.8));
#5596=CARTESIAN_POINT('',(-103.40480863375,20.3104294905124,96.8361836490221));
#5597=CARTESIAN_POINT('',(-103.40480863375,18.8104294905124,79.3));
#5598=CARTESIAN_POINT('Origin',(-103.40480863375,18.8104294905124,80.8));
#5599=CARTESIAN_POINT('',(-103.40480863375,7.28442949051236,79.3));
#5600=CARTESIAN_POINT('',(-103.40480863375,8.405,79.3));
#5601=CARTESIAN_POINT('',(-103.40480863375,7.28442949051236,77.8));
#5602=CARTESIAN_POINT('',(-103.40480863375,7.28442949051236,111.686183649022));
#5603=CARTESIAN_POINT('',(-103.40480863375,8.405,77.8));
#5604=CARTESIAN_POINT('Origin',(-52.0154286187608,22.81,80.1782120996907));
#5605=CARTESIAN_POINT('',(-52.0154286187608,20.3104294905124,80.8));
#5606=CARTESIAN_POINT('',(-52.0154286187608,20.1754861952059,80.1782120996907));
#5607=CARTESIAN_POINT('Origin',(-52.0154286187608,18.8104294905124,80.8));
#5608=CARTESIAN_POINT('',(-52.0154286187608,20.3104294905124,85.9223672980443));
#5609=CARTESIAN_POINT('',(-52.0154286187608,20.3104294905124,93.9641060498454));
#5610=CARTESIAN_POINT('',(-52.0154286187608,22.81,85.9223672980443));
#5611=CARTESIAN_POINT('',(-52.0154286187608,22.81,85.9223672980443));
#5612=CARTESIAN_POINT('',(-52.0154286187608,22.81,80.1782120996907));
#5613=CARTESIAN_POINT('',(-52.0154286187608,22.81,93.9016060498453));
#5614=CARTESIAN_POINT('',(-52.0154286187608,22.81,80.1782120996907));
#5615=CARTESIAN_POINT('Origin',(-51.5441531458792,22.81,80.1782120996907));
#5616=CARTESIAN_POINT('',(-51.5441531458792,20.1754861952059,80.1782120996907));
#5617=CARTESIAN_POINT('',(-107.246539143699,20.1754861952059,80.1782120996907));
#5618=CARTESIAN_POINT('',(-51.5441531458792,22.81,80.1782120996907));
#5619=CARTESIAN_POINT('',(-59.9721896004724,22.81,80.1782120996907));
#5620=CARTESIAN_POINT('',(-51.5441531458792,22.81,80.1782120996907));
#5621=CARTESIAN_POINT('Origin',(-51.5441531458792,22.81,73.6616899441468));
#5622=CARTESIAN_POINT('',(-51.5441531458792,21.31,77.8));
#5623=CARTESIAN_POINT('',(-51.5441531458792,22.81,79.3));
#5624=CARTESIAN_POINT('Origin',(-51.5441531458792,21.31,79.3));
#5625=CARTESIAN_POINT('',(-51.5441531458792,7.28442949051236,77.8));
#5626=CARTESIAN_POINT('',(-51.5441531458792,8.405,77.8));
#5627=CARTESIAN_POINT('',(-51.5441531458792,7.28442949051236,79.3));
#5628=CARTESIAN_POINT('',(-51.5441531458792,7.28442949051236,105.555844972073));
#5629=CARTESIAN_POINT('',(-51.5441531458792,18.8104294905124,79.3));
#5630=CARTESIAN_POINT('',(-51.5441531458792,8.405,79.3));
#5631=CARTESIAN_POINT('Origin',(-51.5441531458792,18.8104294905124,80.8));
#5632=CARTESIAN_POINT('',(-51.5441531458792,22.81,90.6433449720734));
#5633=CARTESIAN_POINT('Origin',(-52.0154286187608,22.81,85.9223672980443));
#5634=CARTESIAN_POINT('',(-78.154253453079,20.3104294905124,85.9223672980443));
#5635=CARTESIAN_POINT('',(-60.2078273369132,22.81,85.9223672980443));
#5636=CARTESIAN_POINT('Origin',(-68.4002260550655,22.81,107.625));
#5637=CARTESIAN_POINT('',(-114.2,22.81,79.3));
#5638=CARTESIAN_POINT('',(-45.5003390825983,22.81,79.3));
#5639=CARTESIAN_POINT('',(-114.2,22.81,135.95));
#5640=CARTESIAN_POINT('',(-114.2,22.81,92.7125));
#5641=CARTESIAN_POINT('',(-24.1004521101311,22.81,135.95));
#5642=CARTESIAN_POINT('',(-46.7003390825983,22.81,135.95));
#5643=CARTESIAN_POINT('',(-24.1004521101311,22.81,79.3));
#5644=CARTESIAN_POINT('',(-24.1004521101311,22.81,103.8125));
#5645=CARTESIAN_POINT('',(-45.5003390825983,22.81,79.3));
#5646=CARTESIAN_POINT('',(-94.3484535677539,22.81,123.555408172001));
#5647=CARTESIAN_POINT('',(-99.7405560677539,22.81,123.555408172001));
#5648=CARTESIAN_POINT('',(-84.0703910614097,22.81,123.555408172001));
#5649=CARTESIAN_POINT('',(-99.7405560677539,22.81,109.564135672001));
#5650=CARTESIAN_POINT('',(-99.7405560677539,22.81,108.594567836001));
#5651=CARTESIAN_POINT('',(-94.3836960677539,22.81,109.564135672001));
#5652=CARTESIAN_POINT('',(-81.3919610614097,22.81,109.564135672001));
#5653=CARTESIAN_POINT('',(-94.3684346089847,22.81,115.622934803375));
#5654=CARTESIAN_POINT('',(-29.3260409333144,22.81,105.687461747517));
#5655=CARTESIAN_POINT('',(-28.3392508660947,22.81,106.110370672001));
#5656=CARTESIAN_POINT('Ctrl Pts',(-29.3260409333144,22.81,105.687461747517));
#5657=CARTESIAN_POINT('Ctrl Pts',(-28.9736159333144,22.81,105.687461747517));
#5658=CARTESIAN_POINT('Ctrl Pts',(-28.6211909333144,22.81,105.828432285275));
#5659=CARTESIAN_POINT('Ctrl Pts',(-28.3392508660947,22.81,106.110370672001));
#5660=CARTESIAN_POINT('',(-28.3392508660947,22.81,108.119192096485));
#5661=CARTESIAN_POINT('Ctrl Pts',(-28.3392508660947,22.81,106.110370672001));
#5662=CARTESIAN_POINT('Ctrl Pts',(-27.7753708997045,22.81,106.674250134243));
#5663=CARTESIAN_POINT('Ctrl Pts',(-27.7753708997045,22.81,107.555312634243));
#5664=CARTESIAN_POINT('Ctrl Pts',(-28.3392508660947,22.81,108.119192096485));
#5665=CARTESIAN_POINT('',(-53.0794871432696,22.81,132.859428205611));
#5666=CARTESIAN_POINT('',(-50.6010648458326,22.81,130.381005925009));
#5667=CARTESIAN_POINT('',(-55.0883085677539,22.81,132.859428205611));
#5668=CARTESIAN_POINT('Ctrl Pts',(-53.0794871432696,22.81,132.859428205611));
#5669=CARTESIAN_POINT('Ctrl Pts',(-53.6433666055118,22.81,133.423308172001));
#5670=CARTESIAN_POINT('Ctrl Pts',(-54.5244291055118,22.81,133.423308172001));
#5671=CARTESIAN_POINT('Ctrl Pts',(-55.0883085677539,22.81,132.859428205611));
#5672=CARTESIAN_POINT('',(-55.0883085677539,22.81,130.85060594088));
#5673=CARTESIAN_POINT('Ctrl Pts',(-55.0883085677539,22.81,132.859428205611));
#5674=CARTESIAN_POINT('Ctrl Pts',(-55.652188029996,22.81,132.295548239221));
#5675=CARTESIAN_POINT('Ctrl Pts',(-55.652188029996,22.81,131.414485739221));
#5676=CARTESIAN_POINT('Ctrl Pts',(-55.0883085677539,22.81,130.85060594088));
#5677=CARTESIAN_POINT('',(-30.3480736349736,22.81,106.110370672001));
#5678=CARTESIAN_POINT('',(-40.2397689427607,22.81,116.002066114168));
#5679=CARTESIAN_POINT('Ctrl Pts',(-30.3480736349736,22.81,106.110370672001));
#5680=CARTESIAN_POINT('Ctrl Pts',(-30.0661335677539,22.81,105.828429596485));
#5681=CARTESIAN_POINT('Ctrl Pts',(-29.7137085677539,22.81,105.687461747517));
#5682=CARTESIAN_POINT('Ctrl Pts',(-29.3260409333144,22.81,105.687461747517));
#5683=CARTESIAN_POINT('',(-39.088213029996,22.81,82.0397420964853));
#5684=CARTESIAN_POINT('',(-38.1014232988749,22.81,82.4626510209696));
#5685=CARTESIAN_POINT('Ctrl Pts',(-39.088213029996,22.81,82.0397420964853));
#5686=CARTESIAN_POINT('Ctrl Pts',(-38.735788029996,22.81,82.0397420964853));
#5687=CARTESIAN_POINT('Ctrl Pts',(-38.383363029996,22.81,82.1807099454538));
#5688=CARTESIAN_POINT('Ctrl Pts',(-38.1014232988749,22.81,82.4626510209696));
#5689=CARTESIAN_POINT('',(-38.1014232988749,22.81,84.4714724454538));
#5690=CARTESIAN_POINT('Ctrl Pts',(-38.1014232988749,22.81,82.4626510209696));
#5691=CARTESIAN_POINT('Ctrl Pts',(-37.5375431644355,22.81,83.0265331720011));
#5692=CARTESIAN_POINT('Ctrl Pts',(-37.5375431644355,22.81,83.9075956720011));
#5693=CARTESIAN_POINT('Ctrl Pts',(-38.1014232988749,22.81,84.4714724454538));
#5694=CARTESIAN_POINT('',(-82.6479424922381,22.81,128.982753037562));
#5695=CARTESIAN_POINT('',(-73.743758010828,22.81,120.085612226726));
#5696=CARTESIAN_POINT('',(-84.6567639167224,22.81,128.982753037562));
#5697=CARTESIAN_POINT('Ctrl Pts',(-82.6479424922381,22.81,128.982753037562));
#5698=CARTESIAN_POINT('Ctrl Pts',(-83.2118246432697,22.81,129.546633172001));
#5699=CARTESIAN_POINT('Ctrl Pts',(-84.0928871432696,22.81,129.546633172001));
#5700=CARTESIAN_POINT('Ctrl Pts',(-84.6567639167224,22.81,128.982753037562));
#5701=CARTESIAN_POINT('',(-84.6567639167224,22.81,126.97393094088));
#5702=CARTESIAN_POINT('Ctrl Pts',(-84.6567639167224,22.81,128.982753037562));
#5703=CARTESIAN_POINT('Ctrl Pts',(-85.2206460677539,22.81,128.418872903122));
#5704=CARTESIAN_POINT('Ctrl Pts',(-85.2206460677539,22.81,127.537810403122));
#5705=CARTESIAN_POINT('Ctrl Pts',(-84.6567639167224,22.81,126.97393094088));
#5706=CARTESIAN_POINT('',(-40.0750041055118,22.81,82.4274117475168));
#5707=CARTESIAN_POINT('',(-53.4613044700795,22.81,95.803130620965));
#5708=CARTESIAN_POINT('Ctrl Pts',(-40.0750041055118,22.81,82.4274117475168));
#5709=CARTESIAN_POINT('Ctrl Pts',(-39.793063029996,22.81,82.1454706720011));
#5710=CARTESIAN_POINT('Ctrl Pts',(-39.440638029996,22.81,82.0397420964853));
#5711=CARTESIAN_POINT('Ctrl Pts',(-39.088213029996,22.81,82.0397420964853));
#5712=CARTESIAN_POINT('',(-30.7357409333144,22.81,82.0397420964853));
#5713=CARTESIAN_POINT('',(-29.7489508660947,22.81,82.4626510209696));
#5714=CARTESIAN_POINT('Ctrl Pts',(-30.7357409333144,22.81,82.0397420964853));
#5715=CARTESIAN_POINT('Ctrl Pts',(-30.3833159333144,22.81,82.0397420964853));
#5716=CARTESIAN_POINT('Ctrl Pts',(-30.0308909333144,22.81,82.1807099454538));
#5717=CARTESIAN_POINT('Ctrl Pts',(-29.7489508660947,22.81,82.4626510209696));
#5718=CARTESIAN_POINT('',(-29.7489508660947,22.81,84.4714724454538));
#5719=CARTESIAN_POINT('Ctrl Pts',(-29.7489508660947,22.81,82.4626510209696));
#5720=CARTESIAN_POINT('Ctrl Pts',(-29.1850708997045,22.81,83.0265331720011));
#5721=CARTESIAN_POINT('Ctrl Pts',(-29.1850708997045,22.81,83.9075956720011));
#5722=CARTESIAN_POINT('Ctrl Pts',(-29.7489508660947,22.81,84.4714724454538));
#5723=CARTESIAN_POINT('',(-78.1721460677539,22.81,132.859428205611));
#5724=CARTESIAN_POINT('',(-69.4187821865067,22.81,124.112434487529));
#5725=CARTESIAN_POINT('',(-80.1809674922381,22.81,132.859428205611));
#5726=CARTESIAN_POINT('Ctrl Pts',(-78.1721460677539,22.81,132.859428205611));
#5727=CARTESIAN_POINT('Ctrl Pts',(-78.7360282187854,22.81,133.423308172001));
#5728=CARTESIAN_POINT('Ctrl Pts',(-79.6170907187854,22.81,133.423308172001));
#5729=CARTESIAN_POINT('Ctrl Pts',(-80.1809674922381,22.81,132.859428205611));
#5730=CARTESIAN_POINT('',(-80.1809674922381,22.81,130.85060594088));
#5731=CARTESIAN_POINT('Ctrl Pts',(-80.1809674922381,22.81,132.859428205611));
#5732=CARTESIAN_POINT('Ctrl Pts',(-80.7448496432696,22.81,132.295548239221));
#5733=CARTESIAN_POINT('Ctrl Pts',(-80.7448496432696,22.81,131.414485739221));
#5734=CARTESIAN_POINT('Ctrl Pts',(-80.1809674922381,22.81,130.85060594088));
#5735=CARTESIAN_POINT('',(-31.7225310005341,22.81,82.4274117475168));
#5736=CARTESIAN_POINT('',(-47.1980212188902,22.81,97.8916471280628));
#5737=CARTESIAN_POINT('Ctrl Pts',(-31.7225310005341,22.81,82.4274117475168));
#5738=CARTESIAN_POINT('Ctrl Pts',(-31.6771056419564,22.81,82.3819862264854));
#5739=CARTESIAN_POINT('Ctrl Pts',(-31.6290504245224,22.81,82.3403328464797));
#5740=CARTESIAN_POINT('Ctrl Pts',(-31.5783570436921,22.81,82.3025421470118));
#5741=CARTESIAN_POINT('Ctrl Pts',(-31.5287589649133,22.81,82.2655679689512));
#5742=CARTESIAN_POINT('Ctrl Pts',(-31.4766343084882,22.81,82.2322924300715));
#5743=CARTESIAN_POINT('Ctrl Pts',(-31.4220085009665,22.81,82.2028359302986));
#5744=CARTESIAN_POINT('Ctrl Pts',(-31.3960256905422,22.81,82.1888249218745));
#5745=CARTESIAN_POINT('Ctrl Pts',(-31.3694776084429,22.81,82.1756783752609));
#5746=CARTESIAN_POINT('Ctrl Pts',(-31.3423709717141,22.81,82.163411045754));
#5747=CARTESIAN_POINT('Ctrl Pts',(-31.331894816567,22.81,82.1586699763089));
#5748=CARTESIAN_POINT('Ctrl Pts',(-31.3213352641921,22.81,82.1540602409826));
#5749=CARTESIAN_POINT('Ctrl Pts',(-31.310692830726,22.81,82.1495827190223));
#5750=CARTESIAN_POINT('Ctrl Pts',(-31.3052128662265,22.81,82.1472771691247));
#5751=CARTESIAN_POINT('Ctrl Pts',(-31.2997204098386,22.81,82.1450106686038));
#5752=CARTESIAN_POINT('Ctrl Pts',(-31.2942167094627,22.81,82.1427833404157));
#5753=CARTESIAN_POINT('Ctrl Pts',(-31.2055163055811,22.81,82.1068865988849));
#5754=CARTESIAN_POINT('Ctrl Pts',(-31.1138093100354,22.81,82.0811279974118));
#5755=CARTESIAN_POINT('Ctrl Pts',(-31.0203147503381,22.81,82.0643414039897));
#5756=CARTESIAN_POINT('Ctrl Pts',(-30.9348915469452,22.81,82.0490039919647));
#5757=CARTESIAN_POINT('Ctrl Pts',(-30.8479753386187,22.81,82.0411577857376));
#5758=CARTESIAN_POINT('Ctrl Pts',(-30.760538705451,22.81,82.03991750579));
#5759=CARTESIAN_POINT('Ctrl Pts',(-30.7522771068181,22.81,82.0398003158349));
#5760=CARTESIAN_POINT('Ctrl Pts',(-30.744010900801,22.81,82.0397420964853));
#5761=CARTESIAN_POINT('Ctrl Pts',(-30.7357409333144,22.81,82.0397420964853));
#5762=CARTESIAN_POINT('',(-29.3612835677539,22.81,114.075175134243));
#5763=CARTESIAN_POINT('',(-28.3744935005341,22.81,114.498085403122));
#5764=CARTESIAN_POINT('Ctrl Pts',(-29.3612835677539,22.81,114.075175134243));
#5765=CARTESIAN_POINT('Ctrl Pts',(-29.0088585677539,22.81,114.075175134243));
#5766=CARTESIAN_POINT('Ctrl Pts',(-28.6564335677539,22.81,114.216145672001));
#5767=CARTESIAN_POINT('Ctrl Pts',(-28.3744935005341,22.81,114.498085403122));
#5768=CARTESIAN_POINT('',(-28.3744935005341,22.81,116.506908172001));
#5769=CARTESIAN_POINT('Ctrl Pts',(-28.3744935005341,22.81,114.498085403122));
#5770=CARTESIAN_POINT('Ctrl Pts',(-27.810613534144,22.81,115.061964865364));
#5771=CARTESIAN_POINT('Ctrl Pts',(-27.810613534144,22.81,115.943027365364));
#5772=CARTESIAN_POINT('Ctrl Pts',(-28.3744935005341,22.81,116.506908172001));
#5773=CARTESIAN_POINT('',(-44.727013029996,22.81,132.859428205611));
#5774=CARTESIAN_POINT('',(-44.3367090523994,22.81,132.469124215981));
#5775=CARTESIAN_POINT('',(-46.735835798875,22.81,132.859428205611));
#5776=CARTESIAN_POINT('Ctrl Pts',(-44.727013029996,22.81,132.859428205611));
#5777=CARTESIAN_POINT('Ctrl Pts',(-45.2908924922381,22.81,133.423308172001));
#5778=CARTESIAN_POINT('Ctrl Pts',(-46.1719549922381,22.81,133.423308172001));
#5779=CARTESIAN_POINT('Ctrl Pts',(-46.735835798875,22.81,132.859428205611));
#5780=CARTESIAN_POINT('',(-46.735835798875,22.81,130.85060594088));
#5781=CARTESIAN_POINT('Ctrl Pts',(-46.735835798875,22.81,132.859428205611));
#5782=CARTESIAN_POINT('Ctrl Pts',(-47.2997152611171,22.81,132.295548239221));
#5783=CARTESIAN_POINT('Ctrl Pts',(-47.2997152611171,22.81,131.414485739221));
#5784=CARTESIAN_POINT('Ctrl Pts',(-46.735835798875,22.81,130.85060594088));
#5785=CARTESIAN_POINT('',(-30.3480736349736,22.81,114.498085403122));
#5786=CARTESIAN_POINT('',(-38.163324007391,22.81,122.296529201885));
#5787=CARTESIAN_POINT('Ctrl Pts',(-30.3480736349736,22.81,114.498085403122));
#5788=CARTESIAN_POINT('Ctrl Pts',(-30.3034380456744,22.81,114.453449867033));
#5789=CARTESIAN_POINT('Ctrl Pts',(-30.2564022448519,22.81,114.411713524573));
#5790=CARTESIAN_POINT('Ctrl Pts',(-30.207066764835,22.81,114.373149789222));
#5791=CARTESIAN_POINT('Ctrl Pts',(-30.1592668100761,22.81,114.33578631765));
#5792=CARTESIAN_POINT('Ctrl Pts',(-30.1093077399355,22.81,114.301401095514));
#5793=CARTESIAN_POINT('Ctrl Pts',(-30.0573145027288,22.81,114.270277772064));
#5794=CARTESIAN_POINT('Ctrl Pts',(-30.0050564826923,22.81,114.238995948738));
#5795=CARTESIAN_POINT('Ctrl Pts',(-29.9507428986804,22.81,114.211009167583));
#5796=CARTESIAN_POINT('Ctrl Pts',(-29.8945426267999,22.81,114.186642435292));
#5797=CARTESIAN_POINT('Ctrl Pts',(-29.8850588843691,22.81,114.182530572392));
#5798=CARTESIAN_POINT('Ctrl Pts',(-29.8755177662095,22.81,114.178520478145));
#5799=CARTESIAN_POINT('Ctrl Pts',(-29.8659457930513,22.81,114.17462385635));
#5800=CARTESIAN_POINT('Ctrl Pts',(-29.7943855627083,22.81,114.145492647076));
#5801=CARTESIAN_POINT('Ctrl Pts',(-29.7208384356852,22.81,114.122584140006));
#5802=CARTESIAN_POINT('Ctrl Pts',(-29.6459285323826,22.81,114.106130012666));
#5803=CARTESIAN_POINT('Ctrl Pts',(-29.5732105833908,22.81,114.090157352979));
#5804=CARTESIAN_POINT('Ctrl Pts',(-29.4992082869635,22.81,114.080266934764));
#5805=CARTESIAN_POINT('Ctrl Pts',(-29.424538134564,22.81,114.076689618506));
#5806=CARTESIAN_POINT('Ctrl Pts',(-29.4035011648094,22.81,114.07568177412));
#5807=CARTESIAN_POINT('Ctrl Pts',(-29.3824114780136,22.81,114.075175134243));
#5808=CARTESIAN_POINT('Ctrl Pts',(-29.3612835677539,22.81,114.075175134243));
#5809=CARTESIAN_POINT('',(-102.559954992238,22.81,125.493745672001));
#5810=CARTESIAN_POINT('',(-102.278013916722,22.81,126.410050806441));
#5811=CARTESIAN_POINT('Ctrl Pts',(-102.559954992238,22.81,125.493745672001));
#5812=CARTESIAN_POINT('Ctrl Pts',(-102.524710341207,22.81,125.810928037562));
#5813=CARTESIAN_POINT('Ctrl Pts',(-102.454226416722,22.81,126.128110403122));
#5814=CARTESIAN_POINT('Ctrl Pts',(-102.278013916722,22.81,126.410050806441));
#5815=CARTESIAN_POINT('',(-101.502679992238,22.81,126.868203037562));
#5816=CARTESIAN_POINT('Ctrl Pts',(-102.278013916722,22.81,126.410050806441));
#5817=CARTESIAN_POINT('Ctrl Pts',(-102.101801416722,22.81,126.65674857532));
#5818=CARTESIAN_POINT('Ctrl Pts',(-101.819860341207,22.81,126.83296107532));
#5819=CARTESIAN_POINT('Ctrl Pts',(-101.502679992238,22.81,126.868203037562));
#5820=CARTESIAN_POINT('',(-91.9167210677539,22.81,126.868203037562));
#5821=CARTESIAN_POINT('',(-80.1584735614097,22.81,126.868203037562));
#5822=CARTESIAN_POINT('',(-91.9167210677539,22.81,109.528892096485));
#5823=CARTESIAN_POINT('',(-91.9167210677539,22.81,108.576946048243));
#5824=CARTESIAN_POINT('',(-86.3836496432697,22.81,109.528892096485));
#5825=CARTESIAN_POINT('',(-77.3919378491676,22.81,109.528892096485));
#5826=CARTESIAN_POINT('',(-86.3836496432696,22.81,131.837395672001));
#5827=CARTESIAN_POINT('',(-86.3836496432697,22.81,119.731197836001));
#5828=CARTESIAN_POINT('',(-104.251596067754,22.81,131.837395672001));
#5829=CARTESIAN_POINT('',(-86.3259110614097,22.81,131.837395672001));
#5830=CARTESIAN_POINT('',(-107.35293714327,22.81,130.286725806441));
#5831=CARTESIAN_POINT('Ctrl Pts',(-104.251596067754,22.81,131.837395672001));
#5832=CARTESIAN_POINT('Ctrl Pts',(-105.449838916722,22.81,131.766910739221));
#5833=CARTESIAN_POINT('Ctrl Pts',(-106.577603218785,22.81,131.203030604781));
#5834=CARTESIAN_POINT('Ctrl Pts',(-107.35293714327,22.81,130.286725806441));
#5835=CARTESIAN_POINT('',(-108.304483567754,22.81,127.819750806441));
#5836=CARTESIAN_POINT('Ctrl Pts',(-107.35293714327,22.81,130.286725806441));
#5837=CARTESIAN_POINT('Ctrl Pts',(-107.799340709249,22.81,129.746340761627));
#5838=CARTESIAN_POINT('Ctrl Pts',(-108.116522850743,22.81,128.924015761627));
#5839=CARTESIAN_POINT('Ctrl Pts',(-108.304483567754,22.81,127.819750806441));
#5840=CARTESIAN_POINT('',(-108.304483567754,22.81,109.564136747517));
#5841=CARTESIAN_POINT('',(-108.304483567754,22.81,108.594568373758));
#5842=CARTESIAN_POINT('',(-102.524715718785,22.81,109.564136747517));
#5843=CARTESIAN_POINT('',(-85.4624708869255,22.81,109.564136747517));
#5844=CARTESIAN_POINT('',(-102.524715718785,22.81,125.493745672001));
#5845=CARTESIAN_POINT('',(-102.524715718785,22.81,116.559372836001));
#5846=CARTESIAN_POINT('',(-85.4800905236564,22.81,125.49374567201));
#5847=CARTESIAN_POINT('',(-29.3260409333144,22.81,97.3349876342432));
#5848=CARTESIAN_POINT('',(-28.3392508660947,22.81,97.7578965587275));
#5849=CARTESIAN_POINT('Ctrl Pts',(-29.3260409333144,22.81,97.3349876342432));
#5850=CARTESIAN_POINT('Ctrl Pts',(-28.9736159333144,22.81,97.3349876342432));
#5851=CARTESIAN_POINT('Ctrl Pts',(-28.6211909333144,22.81,97.4759581720011));
#5852=CARTESIAN_POINT('Ctrl Pts',(-28.3392508660947,22.81,97.7578965587275));
#5853=CARTESIAN_POINT('',(-28.3392508660947,22.81,99.7667179832117));
#5854=CARTESIAN_POINT('Ctrl Pts',(-28.3392508660947,22.81,97.7578965587275));
#5855=CARTESIAN_POINT('Ctrl Pts',(-27.7753708997045,22.81,98.3217760209696));
#5856=CARTESIAN_POINT('Ctrl Pts',(-27.7753708997045,22.81,99.2028385209696));
#5857=CARTESIAN_POINT('Ctrl Pts',(-28.3392508660947,22.81,99.7667179832117));
#5858=CARTESIAN_POINT('',(-61.4319585677539,22.81,132.859428205611));
#5859=CARTESIAN_POINT('',(-56.8654182554822,22.81,128.292887545496));
#5860=CARTESIAN_POINT('',(-63.4407799922381,22.81,132.859428205611));
#5861=CARTESIAN_POINT('Ctrl Pts',(-61.4319585677539,22.81,132.859428205611));
#5862=CARTESIAN_POINT('Ctrl Pts',(-61.995838029996,22.81,133.423308172001));
#5863=CARTESIAN_POINT('Ctrl Pts',(-62.876900529996,22.81,133.423308172001));
#5864=CARTESIAN_POINT('Ctrl Pts',(-63.4407799922381,22.81,132.859428205611));
#5865=CARTESIAN_POINT('',(-63.4407799922381,22.81,130.85060594088));
#5866=CARTESIAN_POINT('Ctrl Pts',(-63.4407799922381,22.81,132.859428205611));
#5867=CARTESIAN_POINT('Ctrl Pts',(-64.0046594544803,22.81,132.295548239221));
#5868=CARTESIAN_POINT('Ctrl Pts',(-64.0046594544803,22.81,131.414485739221));
#5869=CARTESIAN_POINT('Ctrl Pts',(-63.4407799922381,22.81,130.85060594088));
#5870=CARTESIAN_POINT('',(-30.3480719544803,22.81,97.7578992475168));
#5871=CARTESIAN_POINT('',(-42.3278860542155,22.81,109.737712860571));
#5872=CARTESIAN_POINT('Ctrl Pts',(-30.3480719544803,22.81,97.7578992475168));
#5873=CARTESIAN_POINT('Ctrl Pts',(-30.0661335677539,22.81,97.4759581720011));
#5874=CARTESIAN_POINT('Ctrl Pts',(-29.7137085677539,22.81,97.3349876342432));
#5875=CARTESIAN_POINT('Ctrl Pts',(-29.3260409333144,22.81,97.3349876342432));
#5876=CARTESIAN_POINT('',(-29.3260409333144,22.81,88.9825135209696));
#5877=CARTESIAN_POINT('',(-28.3392508660947,22.81,89.4054224454539));
#5878=CARTESIAN_POINT('Ctrl Pts',(-29.3260409333144,22.81,88.9825135209696));
#5879=CARTESIAN_POINT('Ctrl Pts',(-28.9736159333144,22.81,88.9825135209696));
#5880=CARTESIAN_POINT('Ctrl Pts',(-28.6211909333144,22.81,89.1234813699381));
#5881=CARTESIAN_POINT('Ctrl Pts',(-28.3392508660947,22.81,89.4054224454539));
#5882=CARTESIAN_POINT('',(-28.3392508660947,22.81,91.4142438699381));
#5883=CARTESIAN_POINT('Ctrl Pts',(-28.3392508660947,22.81,89.4054224454539));
#5884=CARTESIAN_POINT('Ctrl Pts',(-27.7753708997045,22.81,89.969301907696));
#5885=CARTESIAN_POINT('Ctrl Pts',(-27.7753708997045,22.81,90.850364407696));
#5886=CARTESIAN_POINT('Ctrl Pts',(-28.3392508660947,22.81,91.4142438699381));
#5887=CARTESIAN_POINT('',(-69.7844299922381,22.81,132.859428205611));
#5888=CARTESIAN_POINT('',(-63.1297720000398,22.81,126.204769376943));
#5889=CARTESIAN_POINT('',(-71.7932514167224,22.81,132.859428205611));
#5890=CARTESIAN_POINT('Ctrl Pts',(-69.7844299922381,22.81,132.859428205611));
#5891=CARTESIAN_POINT('Ctrl Pts',(-70.3483094544803,22.81,133.423308172001));
#5892=CARTESIAN_POINT('Ctrl Pts',(-71.2293719544803,22.81,133.423308172001));
#5893=CARTESIAN_POINT('Ctrl Pts',(-71.7932514167224,22.81,132.859428205611));
#5894=CARTESIAN_POINT('',(-71.7932514167224,22.81,130.85060594088));
#5895=CARTESIAN_POINT('Ctrl Pts',(-71.7932514167224,22.81,132.859428205611));
#5896=CARTESIAN_POINT('Ctrl Pts',(-71.839608477722,22.81,132.813071324212));
#5897=CARTESIAN_POINT('Ctrl Pts',(-71.8826963031724,22.81,132.764029460699));
#5898=CARTESIAN_POINT('Ctrl Pts',(-71.9222776717563,22.81,132.712473668812));
#5899=CARTESIAN_POINT('Ctrl Pts',(-71.9604455377828,22.81,132.662759001836));
#5900=CARTESIAN_POINT('Ctrl Pts',(-71.9953528178652,22.81,132.610706363539));
#5901=CARTESIAN_POINT('Ctrl Pts',(-72.0267522482227,22.81,132.556502289087));
#5902=CARTESIAN_POINT('Ctrl Pts',(-72.0460440556409,22.81,132.52319931022));
#5903=CARTESIAN_POINT('Ctrl Pts',(-72.0640110235055,22.81,132.48908486112));
#5904=CARTESIAN_POINT('Ctrl Pts',(-72.0805891675923,22.81,132.454209777634));
#5905=CARTESIAN_POINT('Ctrl Pts',(-72.0899299435126,22.81,132.434559789171));
#5906=CARTESIAN_POINT('Ctrl Pts',(-72.0988297256991,22.81,132.414668438166));
#5907=CARTESIAN_POINT('Ctrl Pts',(-72.1072763396366,22.81,132.39454574761));
#5908=CARTESIAN_POINT('Ctrl Pts',(-72.1101706584261,22.81,132.387650501562));
#5909=CARTESIAN_POINT('Ctrl Pts',(-72.1130114100173,22.81,132.380728796192));
#5910=CARTESIAN_POINT('Ctrl Pts',(-72.1157943723751,22.81,132.373790873048));
#5911=CARTESIAN_POINT('Ctrl Pts',(-72.1462803365855,22.81,132.297789386331));
#5912=CARTESIAN_POINT('Ctrl Pts',(-72.1699634165274,22.81,132.219531219542));
#5913=CARTESIAN_POINT('Ctrl Pts',(-72.1866517329042,22.81,132.139828810119));
#5914=CARTESIAN_POINT('Ctrl Pts',(-72.1986143780633,22.81,132.082695926207));
#5915=CARTESIAN_POINT('Ctrl Pts',(-72.206982416015,22.81,132.02482179523));
#5916=CARTESIAN_POINT('Ctrl Pts',(-72.2116788667637,22.81,131.966521055942));
#5917=CARTESIAN_POINT('Ctrl Pts',(-72.2138199878011,22.81,131.939941635424));
#5918=CARTESIAN_POINT('Ctrl Pts',(-72.2151979091092,22.81,131.913273732207));
#5919=CARTESIAN_POINT('Ctrl Pts',(-72.2158049675906,22.81,131.88654813369));
#5920=CARTESIAN_POINT('Ctrl Pts',(-72.2160146790495,22.81,131.877315638917));
#5921=CARTESIAN_POINT('Ctrl Pts',(-72.2161323966366,22.81,131.868073964026));
#5922=CARTESIAN_POINT('Ctrl Pts',(-72.2161577892944,22.81,131.858831893998));
#5923=CARTESIAN_POINT('Ctrl Pts',(-72.2163805629529,22.81,131.777749804688));
#5924=CARTESIAN_POINT('Ctrl Pts',(-72.2095014652342,22.81,131.697053247041));
#5925=CARTESIAN_POINT('Ctrl Pts',(-72.1957192263777,22.81,131.617590637435));
#5926=CARTESIAN_POINT('Ctrl Pts',(-72.1832386272296,22.81,131.545632736539));
#5927=CARTESIAN_POINT('Ctrl Pts',(-72.165096984684,22.81,131.474685851489));
#5928=CARTESIAN_POINT('Ctrl Pts',(-72.1414290961886,22.81,131.405347174867));
#5929=CARTESIAN_POINT('Ctrl Pts',(-72.1336277877232,22.81,131.382492056));
#5930=CARTESIAN_POINT('Ctrl Pts',(-72.1252259748341,22.81,131.359811428639));
#5931=CARTESIAN_POINT('Ctrl Pts',(-72.1162282001641,22.81,131.337326009421));
#5932=CARTESIAN_POINT('Ctrl Pts',(-72.1129877787723,22.81,131.329228203451));
#5933=CARTESIAN_POINT('Ctrl Pts',(-72.1096706305439,22.81,131.32115729052));
#5934=CARTESIAN_POINT('Ctrl Pts',(-72.1062808206189,22.81,131.313122686363));
#5935=CARTESIAN_POINT('Ctrl Pts',(-72.0880642391583,22.81,131.269945332947));
#5936=CARTESIAN_POINT('Ctrl Pts',(-72.0677222281026,22.81,131.227747738247));
#5937=CARTESIAN_POINT('Ctrl Pts',(-72.0453487226895,22.81,131.186641404822));
#5938=CARTESIAN_POINT('Ctrl Pts',(-72.0262365925891,22.81,131.151527122198));
#5939=CARTESIAN_POINT('Ctrl Pts',(-72.0056419325135,22.81,131.117208902925));
#5940=CARTESIAN_POINT('Ctrl Pts',(-71.9836190629775,22.81,131.083749789973));
#5941=CARTESIAN_POINT('Ctrl Pts',(-71.9778040068691,22.81,131.07491503668));
#5942=CARTESIAN_POINT('Ctrl Pts',(-71.9718916726758,22.81,131.066143776351));
#5943=CARTESIAN_POINT('Ctrl Pts',(-71.9658878622125,22.81,131.057443329787));
#5944=CARTESIAN_POINT('Ctrl Pts',(-71.9306884742292,22.81,131.006433992283));
#5945=CARTESIAN_POINT('Ctrl Pts',(-71.8923031329593,22.81,130.957793785915));
#5946=CARTESIAN_POINT('Ctrl Pts',(-71.8510113123147,22.81,130.911649263554));
#5947=CARTESIAN_POINT('Ctrl Pts',(-71.8323446998184,22.81,130.890788911449));
#5948=CARTESIAN_POINT('Ctrl Pts',(-71.8130836069849,22.81,130.870438048396));
#5949=CARTESIAN_POINT('Ctrl Pts',(-71.7932514167224,22.81,130.85060594088));
#5950=CARTESIAN_POINT('',(-30.3480736349736,22.81,89.4054278230326));
#5951=CARTESIAN_POINT('',(-44.4160047070927,22.81,103.473359009235));
#5952=CARTESIAN_POINT('Ctrl Pts',(-30.3480736349736,22.81,89.4054278230326));
#5953=CARTESIAN_POINT('Ctrl Pts',(-30.2129743709313,22.81,89.2703280758378));
#5954=CARTESIAN_POINT('Ctrl Pts',(-30.0568857882751,22.81,89.162790841569));
#5955=CARTESIAN_POINT('Ctrl Pts',(-29.7040274293414,22.81,89.0167858165647));
#5956=CARTESIAN_POINT('Ctrl Pts',(-29.5171858803038,22.81,88.9825135209696));
#5957=CARTESIAN_POINT('Ctrl Pts',(-29.3260409333144,22.81,88.9825135209696));
#5958=CARTESIAN_POINT('',(-29.3612835677539,22.81,122.427647903122));
#5959=CARTESIAN_POINT('',(-28.3744935005341,22.81,122.850558172001));
#5960=CARTESIAN_POINT('Ctrl Pts',(-29.3612835677539,22.81,122.427647903122));
#5961=CARTESIAN_POINT('Ctrl Pts',(-29.0088585677539,22.81,122.427647903122));
#5962=CARTESIAN_POINT('Ctrl Pts',(-28.6564335677539,22.81,122.56861844088));
#5963=CARTESIAN_POINT('Ctrl Pts',(-28.3744935005341,22.81,122.850558172001));
#5964=CARTESIAN_POINT('',(-28.3744935005341,22.81,124.85938094088));
#5965=CARTESIAN_POINT('Ctrl Pts',(-28.3744935005341,22.81,122.850558172001));
#5966=CARTESIAN_POINT('Ctrl Pts',(-27.810613534144,22.81,123.414437634243));
#5967=CARTESIAN_POINT('Ctrl Pts',(-27.810613534144,22.81,124.295500806441));
#5968=CARTESIAN_POINT('Ctrl Pts',(-28.3744935005341,22.81,124.85938094088));
#5969=CARTESIAN_POINT('',(-36.3745409333144,22.81,132.859428205611));
#5970=CARTESIAN_POINT('',(-38.0723553305327,22.81,134.557242567165));
#5971=CARTESIAN_POINT('',(-38.383363029996,22.81,132.859428205611));
#5972=CARTESIAN_POINT('Ctrl Pts',(-36.3745409333144,22.81,132.859428205611));
#5973=CARTESIAN_POINT('Ctrl Pts',(-36.9384210677539,22.81,133.423308172001));
#5974=CARTESIAN_POINT('Ctrl Pts',(-37.8194835677539,22.81,133.423308172001));
#5975=CARTESIAN_POINT('Ctrl Pts',(-38.383363029996,22.81,132.859428205611));
#5976=CARTESIAN_POINT('',(-38.383363029996,22.81,130.85060594088));
#5977=CARTESIAN_POINT('Ctrl Pts',(-38.383363029996,22.81,132.859428205611));
#5978=CARTESIAN_POINT('Ctrl Pts',(-38.9472424922381,22.81,132.295548239221));
#5979=CARTESIAN_POINT('Ctrl Pts',(-38.9472424922381,22.81,131.414485739221));
#5980=CARTESIAN_POINT('Ctrl Pts',(-38.383363029996,22.81,130.85060594088));
#5981=CARTESIAN_POINT('',(-30.3480736349736,22.81,122.850558172001));
#5982=CARTESIAN_POINT('',(-36.0965732814466,22.81,128.573845723991));
#5983=CARTESIAN_POINT('Ctrl Pts',(-30.3480736349736,22.81,122.850558172001));
#5984=CARTESIAN_POINT('Ctrl Pts',(-30.3034380456726,22.81,122.80592263591));
#5985=CARTESIAN_POINT('Ctrl Pts',(-30.2564022448481,22.81,122.764186293449));
#5986=CARTESIAN_POINT('Ctrl Pts',(-30.207066764829,22.81,122.725622558097));
#5987=CARTESIAN_POINT('Ctrl Pts',(-30.1592668100679,22.81,122.688259086523));
#5988=CARTESIAN_POINT('Ctrl Pts',(-30.109307739925,22.81,122.653873864386));
#5989=CARTESIAN_POINT('Ctrl Pts',(-30.0573145027159,22.81,122.622750540935));
#5990=CARTESIAN_POINT('Ctrl Pts',(-30.00505648268,22.81,122.59146871761));
#5991=CARTESIAN_POINT('Ctrl Pts',(-29.9507428986689,22.81,122.563481936457));
#5992=CARTESIAN_POINT('Ctrl Pts',(-29.8945426267895,22.81,122.539115204167));
#5993=CARTESIAN_POINT('Ctrl Pts',(-29.8850588843584,22.81,122.535003341267));
#5994=CARTESIAN_POINT('Ctrl Pts',(-29.8755177661987,22.81,122.53099324702));
#5995=CARTESIAN_POINT('Ctrl Pts',(-29.8659457930403,22.81,122.527096625224));
#5996=CARTESIAN_POINT('Ctrl Pts',(-29.7943855626973,22.81,122.497965415951));
#5997=CARTESIAN_POINT('Ctrl Pts',(-29.7208384356741,22.81,122.475056908882));
#5998=CARTESIAN_POINT('Ctrl Pts',(-29.6459285323714,22.81,122.458602781542));
#5999=CARTESIAN_POINT('Ctrl Pts',(-29.5732105833779,22.81,122.442630121856));
#6000=CARTESIAN_POINT('Ctrl Pts',(-29.499208286949,22.81,122.432739703642));
#6001=CARTESIAN_POINT('Ctrl Pts',(-29.4245381345477,22.81,122.429162387384));
#6002=CARTESIAN_POINT('Ctrl Pts',(-29.4035011647986,22.81,122.428154542998));
#6003=CARTESIAN_POINT('Ctrl Pts',(-29.3824114780081,22.81,122.427647903122));
#6004=CARTESIAN_POINT('Ctrl Pts',(-29.3612835677539,22.81,122.427647903122));
#6005=CARTESIAN_POINT('',(-49.0154285740573,22.81,86.9223673129454));
#6006=CARTESIAN_POINT('',(-49.0154285740573,22.81,87.0305110857861));
#6007=CARTESIAN_POINT('',(-49.0154285740573,22.81,85.9223672980443));
#6008=CARTESIAN_POINT('',(-48.9071794116102,22.81,86.9223673129454));
#6009=CARTESIAN_POINT('',(-52.0154286187608,22.81,86.9223673129454));
#6010=CARTESIAN_POINT('',(-75.8312251663482,22.81,113.820200259004));
#6011=CARTESIAN_POINT('',(-84.6567639167224,22.81,110.30422602097));
#6012=CARTESIAN_POINT('',(-62.2704600557928,22.81,87.91792216004));
#6013=CARTESIAN_POINT('',(-66.0020354460658,22.81,91.649497550313));
#6014=CARTESIAN_POINT('',(-60.2571443841606,22.81,89.9223676257723));
#6015=CARTESIAN_POINT('Origin',(-61.2660148731496,22.81,88.9223673427477));
#6016=CARTESIAN_POINT('',(-82.6479424922381,22.81,112.313047445454));
#6017=CARTESIAN_POINT('',(-77.9140015215815,22.81,107.579106474797));
#6018=CARTESIAN_POINT('',(-84.6567639167224,22.81,112.313047445454));
#6019=CARTESIAN_POINT('Ctrl Pts',(-82.6479424922381,22.81,112.313047445454));
#6020=CARTESIAN_POINT('Ctrl Pts',(-83.2118246432697,22.81,112.876926907696));
#6021=CARTESIAN_POINT('Ctrl Pts',(-84.0928871432696,22.81,112.876926907696));
#6022=CARTESIAN_POINT('Ctrl Pts',(-84.6567639167224,22.81,112.313047445454));
#6023=CARTESIAN_POINT('Ctrl Pts',(-84.6567639167224,22.81,112.313047445454));
#6024=CARTESIAN_POINT('Ctrl Pts',(-85.2206460677539,22.81,111.749167983212));
#6025=CARTESIAN_POINT('Ctrl Pts',(-85.2206460677539,22.81,110.868105483212));
#6026=CARTESIAN_POINT('Ctrl Pts',(-84.6567639167224,22.81,110.30422602097));
#6027=CARTESIAN_POINT('',(-102.054751535192,22.81,89.9223676257725));
#6028=CARTESIAN_POINT('',(-107.35293714327,22.81,95.2204349454538));
#6029=CARTESIAN_POINT('',(-100.715900634855,22.81,88.5833984370393));
#6030=CARTESIAN_POINT('',(-109.361758567754,22.81,95.2204349454538));
#6031=CARTESIAN_POINT('Ctrl Pts',(-107.35293714327,22.81,95.2204349454538));
#6032=CARTESIAN_POINT('Ctrl Pts',(-107.916819294301,22.81,95.784314407696));
#6033=CARTESIAN_POINT('Ctrl Pts',(-108.797881794301,22.81,95.784314407696));
#6034=CARTESIAN_POINT('Ctrl Pts',(-109.361758567754,22.81,95.2204349454538));
#6035=CARTESIAN_POINT('',(-109.361758567754,22.81,93.2116135209696));
#6036=CARTESIAN_POINT('Ctrl Pts',(-109.361758567754,22.81,95.2204349454538));
#6037=CARTESIAN_POINT('Ctrl Pts',(-109.925640718785,22.81,94.6565554832117));
#6038=CARTESIAN_POINT('Ctrl Pts',(-109.925640718785,22.81,93.7754929832117));
#6039=CARTESIAN_POINT('Ctrl Pts',(-109.361758567754,22.81,93.2116135209696));
#6040=CARTESIAN_POINT('',(-104.068067206857,22.81,87.9179221600723));
#6041=CARTESIAN_POINT('',(-97.3502408093394,22.81,81.2000957625551));
#6042=CARTESIAN_POINT('Origin',(-103.063622024181,22.81,88.9223673427477));
#6043=CARTESIAN_POINT('',(-88.4629549922382,22.81,105.757942983212));
#6044=CARTESIAN_POINT('',(-70.6229341705012,22.81,87.9179221614748));
#6045=CARTESIAN_POINT('',(-72.266391031021,22.81,89.5613790219946));
#6046=CARTESIAN_POINT('',(-68.6096184926339,22.81,89.9223676211072));
#6047=CARTESIAN_POINT('Origin',(-69.6184889864232,22.81,88.9223673427477));
#6048=CARTESIAN_POINT('',(-86.4541335677539,22.81,107.766764407696));
#6049=CARTESIAN_POINT('',(-81.9052150667033,22.81,103.217846431691));
#6050=CARTESIAN_POINT('',(-88.4629549922382,22.81,107.766764407696));
#6051=CARTESIAN_POINT('Ctrl Pts',(-86.4541335677539,22.81,107.766764407696));
#6052=CARTESIAN_POINT('Ctrl Pts',(-87.0180157187854,22.81,108.330643869938));
#6053=CARTESIAN_POINT('Ctrl Pts',(-87.8990782187854,22.81,108.330643869938));
#6054=CARTESIAN_POINT('Ctrl Pts',(-88.4629549922382,22.81,107.766764407696));
#6055=CARTESIAN_POINT('Ctrl Pts',(-88.4629549922382,22.81,107.766764407696));
#6056=CARTESIAN_POINT('Ctrl Pts',(-88.5093120495815,22.81,107.7204075714));
#6057=CARTESIAN_POINT('Ctrl Pts',(-88.5523998715099,22.81,107.671365750871));
#6058=CARTESIAN_POINT('Ctrl Pts',(-88.5919812369932,22.81,107.619810000128));
#6059=CARTESIAN_POINT('Ctrl Pts',(-88.6301490988802,22.81,107.570095374323));
#6060=CARTESIAN_POINT('Ctrl Pts',(-88.6650563754111,22.81,107.518042775623));
#6061=CARTESIAN_POINT('Ctrl Pts',(-88.6964558030725,22.81,107.463838739413));
#6062=CARTESIAN_POINT('Ctrl Pts',(-88.7157476138154,22.81,107.430535775443));
#6063=CARTESIAN_POINT('Ctrl Pts',(-88.7337145846434,22.81,107.396421340308));
#6064=CARTESIAN_POINT('Ctrl Pts',(-88.7502927313422,22.81,107.361546269944));
#6065=CARTESIAN_POINT('Ctrl Pts',(-88.7596335685078,22.81,107.341896163131));
#6066=CARTESIAN_POINT('Ctrl Pts',(-88.7685334061845,22.81,107.322004690418));
#6067=CARTESIAN_POINT('Ctrl Pts',(-88.7769800696225,22.81,107.301881875007));
#6068=CARTESIAN_POINT('Ctrl Pts',(-88.7798743674128,22.81,107.294986676613));
#6069=CARTESIAN_POINT('Ctrl Pts',(-88.7827150984253,22.81,107.288065019902));
#6070=CARTESIAN_POINT('Ctrl Pts',(-88.7854980410051,22.81,107.28112714554));
#6071=CARTESIAN_POINT('Ctrl Pts',(-88.8159839930987,22.81,107.205125683289));
#6072=CARTESIAN_POINT('Ctrl Pts',(-88.8396670597188,22.81,107.126867538723));
#6073=CARTESIAN_POINT('Ctrl Pts',(-88.8563553618541,22.81,107.047165150579));
#6074=CARTESIAN_POINT('Ctrl Pts',(-88.8683179946277,22.81,106.990032292315));
#6075=CARTESIAN_POINT('Ctrl Pts',(-88.8766860210291,22.81,106.932158186773));
#6076=CARTESIAN_POINT('Ctrl Pts',(-88.8813824612045,22.81,106.873857473007));
#6077=CARTESIAN_POINT('Ctrl Pts',(-88.8835235976735,22.81,106.847277812723));
#6078=CARTESIAN_POINT('Ctrl Pts',(-88.884901520179,22.81,106.820609668082));
#6079=CARTESIAN_POINT('Ctrl Pts',(-88.8855085654185,22.81,106.79388382739));
#6080=CARTESIAN_POINT('Ctrl Pts',(-88.8857182682199,22.81,106.784651428717));
#6081=CARTESIAN_POINT('Ctrl Pts',(-88.8858359790061,22.81,106.775409849473));
#6082=CARTESIAN_POINT('Ctrl Pts',(-88.8858613667364,22.81,106.766167876959));
#6083=CARTESIAN_POINT('Ctrl Pts',(-88.8860840995479,22.81,106.685085775612));
#6084=CARTESIAN_POINT('Ctrl Pts',(-88.8792049549522,22.81,106.604389206496));
#6085=CARTESIAN_POINT('Ctrl Pts',(-88.8654226628493,22.81,106.524926588341));
#6086=CARTESIAN_POINT('Ctrl Pts',(-88.8529420332585,22.81,106.452968782185));
#6087=CARTESIAN_POINT('Ctrl Pts',(-88.8348003711692,22.81,106.382021991383));
#6088=CARTESIAN_POINT('Ctrl Pts',(-88.8111324732204,22.81,106.312683407728));
#6089=CARTESIAN_POINT('Ctrl Pts',(-88.8033312731002,22.81,106.289828646046));
#6090=CARTESIAN_POINT('Ctrl Pts',(-88.7949295868121,22.81,106.267148370746));
#6091=CARTESIAN_POINT('Ctrl Pts',(-88.7859319567781,22.81,106.244663297555));
#6092=CARTESIAN_POINT('Ctrl Pts',(-88.78269152113,22.81,106.236565450406));
#6093=CARTESIAN_POINT('Ctrl Pts',(-88.7793743579806,22.81,106.228494496948));
#6094=CARTESIAN_POINT('Ctrl Pts',(-88.7759845323267,22.81,106.220459852543));
#6095=CARTESIAN_POINT('Ctrl Pts',(-88.7577679506632,22.81,106.17728248271));
#6096=CARTESIAN_POINT('Ctrl Pts',(-88.737425936404,22.81,106.135084872315));
#6097=CARTESIAN_POINT('Ctrl Pts',(-88.7150524247929,22.81,106.093978524384));
#6098=CARTESIAN_POINT('Ctrl Pts',(-88.695940245122,22.81,106.058864148022));
#6099=CARTESIAN_POINT('Ctrl Pts',(-88.6753455264232,22.81,106.024545839571));
#6100=CARTESIAN_POINT('Ctrl Pts',(-88.6533225895797,22.81,105.99108664271));
#6101=CARTESIAN_POINT('Ctrl Pts',(-88.6475074179986,22.81,105.982251718826));
#6102=CARTESIAN_POINT('Ctrl Pts',(-88.6415949648365,22.81,105.973480290971));
#6103=CARTESIAN_POINT('Ctrl Pts',(-88.6355910317032,22.81,105.964779679538));
#6104=CARTESIAN_POINT('Ctrl Pts',(-88.6003916218753,22.81,105.913770385997));
#6105=CARTESIAN_POINT('Ctrl Pts',(-88.562006260167,22.81,105.865130224714));
#6106=CARTESIAN_POINT('Ctrl Pts',(-88.5207144200683,22.81,105.818985748688));
#6107=CARTESIAN_POINT('Ctrl Pts',(-88.5020479536358,22.81,105.798125590585));
#6108=CARTESIAN_POINT('Ctrl Pts',(-88.4827870169282,22.81,105.777774913336));
#6109=CARTESIAN_POINT('Ctrl Pts',(-88.4629549922382,22.81,105.757942983212));
#6110=CARTESIAN_POINT('',(-93.7022747331289,22.81,89.9223676257724));
#6111=CARTESIAN_POINT('',(-107.352931765691,22.81,103.572906369938));
#6112=CARTESIAN_POINT('',(-98.6277787455501,22.81,94.8477533497972));
#6113=CARTESIAN_POINT('',(-109.361753190175,22.81,103.572906369938));
#6114=CARTESIAN_POINT('Ctrl Pts',(-107.352931765691,22.81,103.572906369938));
#6115=CARTESIAN_POINT('Ctrl Pts',(-107.916813916722,22.81,104.13678583218));
#6116=CARTESIAN_POINT('Ctrl Pts',(-108.797876416722,22.81,104.13678583218));
#6117=CARTESIAN_POINT('Ctrl Pts',(-109.361753190175,22.81,103.572906369938));
#6118=CARTESIAN_POINT('',(-109.361753190175,22.81,101.564084945454));
#6119=CARTESIAN_POINT('Ctrl Pts',(-109.361753190175,22.81,103.572906369938));
#6120=CARTESIAN_POINT('Ctrl Pts',(-109.925635341207,22.81,103.009026907696));
#6121=CARTESIAN_POINT('Ctrl Pts',(-109.925635341207,22.81,102.127964407696));
#6122=CARTESIAN_POINT('Ctrl Pts',(-109.361753190175,22.81,101.564084945454));
#6123=CARTESIAN_POINT('',(-95.7155904057816,22.81,87.9179221610602));
#6124=CARTESIAN_POINT('',(-91.0858832077922,22.81,83.2882149630708));
#6125=CARTESIAN_POINT('Origin',(-94.7111452221181,22.81,88.9223673427477));
#6126=CARTESIAN_POINT('',(-96.8154210391437,22.81,105.757942983212));
#6127=CARTESIAN_POINT('',(-78.9754023320976,22.81,87.9179222170345));
#6128=CARTESIAN_POINT('',(-78.5307427305296,22.81,87.4732625641431));
#6129=CARTESIAN_POINT('',(-76.9620866034681,22.81,89.9223676257701));
#6130=CARTESIAN_POINT('Origin',(-77.9709570924598,22.81,88.9223673427477));
#6131=CARTESIAN_POINT('',(-94.8065996146594,22.81,107.766764407696));
#6132=CARTESIAN_POINT('',(-88.1695658848061,22.81,101.129729911783));
#6133=CARTESIAN_POINT('',(-96.8154210391437,22.81,107.766764407696));
#6134=CARTESIAN_POINT('Ctrl Pts',(-94.8065996146594,22.81,107.766764407696));
#6135=CARTESIAN_POINT('Ctrl Pts',(-95.3704817656909,22.81,108.330643869938));
#6136=CARTESIAN_POINT('Ctrl Pts',(-96.2515442656909,22.81,108.330643869938));
#6137=CARTESIAN_POINT('Ctrl Pts',(-96.8154210391437,22.81,107.766764407696));
#6138=CARTESIAN_POINT('Ctrl Pts',(-96.8154210391437,22.81,107.766764407696));
#6139=CARTESIAN_POINT('Ctrl Pts',(-97.3793031901752,22.81,107.202884945454));
#6140=CARTESIAN_POINT('Ctrl Pts',(-97.3793031901752,22.81,106.321822445454));
#6141=CARTESIAN_POINT('Ctrl Pts',(-96.8154210391437,22.81,105.757942983212));
#6142=CARTESIAN_POINT('',(-85.3145634055312,22.81,89.92236762577));
#6143=CARTESIAN_POINT('',(-103.159076416722,22.81,107.766764407696));
#6144=CARTESIAN_POINT('',(-94.4339237273683,22.81,99.0416107112671));
#6145=CARTESIAN_POINT('',(-105.167897841207,22.81,107.766764407696));
#6146=CARTESIAN_POINT('Ctrl Pts',(-103.159076416722,22.81,107.766764407696));
#6147=CARTESIAN_POINT('Ctrl Pts',(-103.722958567754,22.81,108.330643869938));
#6148=CARTESIAN_POINT('Ctrl Pts',(-104.604021067754,22.81,108.330643869938));
#6149=CARTESIAN_POINT('Ctrl Pts',(-105.167897841207,22.81,107.766764407696));
#6150=CARTESIAN_POINT('',(-105.167897841207,22.81,105.757942983212));
#6151=CARTESIAN_POINT('Ctrl Pts',(-105.167897841207,22.81,107.766764407696));
#6152=CARTESIAN_POINT('Ctrl Pts',(-105.731779992238,22.81,107.202884945454));
#6153=CARTESIAN_POINT('Ctrl Pts',(-105.731779992238,22.81,106.321822445454));
#6154=CARTESIAN_POINT('Ctrl Pts',(-105.167897841207,22.81,105.757942983212));
#6155=CARTESIAN_POINT('',(-87.3278791341606,22.81,87.9179222170345));
#6156=CARTESIAN_POINT('',(-84.7951005730918,22.81,85.3851433636274));
#6157=CARTESIAN_POINT('Origin',(-86.3234338945228,22.81,88.9223673427477));
#6158=CARTESIAN_POINT('',(-51.9100160657667,22.81,89.9223675765368));
#6159=CARTESIAN_POINT('',(-82.6479424922381,22.81,120.63028094088));
#6160=CARTESIAN_POINT('',(-75.8312251663482,22.81,113.820200259004));
#6161=CARTESIAN_POINT('',(-84.6567639167224,22.81,120.63028094088));
#6162=CARTESIAN_POINT('Ctrl Pts',(-82.6479424922381,22.81,120.63028094088));
#6163=CARTESIAN_POINT('Ctrl Pts',(-83.2118246432697,22.81,121.194160403122));
#6164=CARTESIAN_POINT('Ctrl Pts',(-84.0928871432696,22.81,121.194160403122));
#6165=CARTESIAN_POINT('Ctrl Pts',(-84.6567639167224,22.81,120.63028094088));
#6166=CARTESIAN_POINT('',(-84.6567639167224,22.81,118.621458172001));
#6167=CARTESIAN_POINT('Ctrl Pts',(-84.6567639167224,22.81,120.63028094088));
#6168=CARTESIAN_POINT('Ctrl Pts',(-85.2206460677539,22.81,120.066401478638));
#6169=CARTESIAN_POINT('Ctrl Pts',(-85.2206460677539,22.81,119.185338978638));
#6170=CARTESIAN_POINT('Ctrl Pts',(-84.6567639167224,22.81,118.621458172001));
#6171=CARTESIAN_POINT('',(-53.9228428946271,22.81,87.9174335053806));
#6172=CARTESIAN_POINT('',(-59.724916716003,22.81,93.7138633719442));
#6173=CARTESIAN_POINT('Origin',(-52.9188866044856,22.81,88.9223673427477));
#6174=CARTESIAN_POINT('Origin',(-45.5003390825983,21.31,79.3));
#6175=CARTESIAN_POINT('',(-114.2,21.31,77.8));
#6176=CARTESIAN_POINT('',(-45.5003390825983,21.31,77.8));
#6177=CARTESIAN_POINT('Origin',(-114.2,21.31,79.3));
#6178=CARTESIAN_POINT('Origin',(-45.5003390825983,21.31,79.3));
#6179=CARTESIAN_POINT('',(-24.1004521101311,21.31,77.8));
#6180=CARTESIAN_POINT('Origin',(-24.1004521101311,21.31,79.3));
#6181=CARTESIAN_POINT('',(-45.5003390825983,21.31,77.8));
#6182=CARTESIAN_POINT('Origin',(-22.6004521101311,-6.,77.8));
#6183=CARTESIAN_POINT('',(-114.2,7.28447446980466,77.8));
#6184=CARTESIAN_POINT('',(-110.743525530195,7.28442949051236,77.8));
#6185=CARTESIAN_POINT('',(-67.8611078678854,7.28447446980466,77.8));
#6186=CARTESIAN_POINT('',(-114.2,-6.,77.8));
#6187=CARTESIAN_POINT('',(-19.3002261742748,7.28442949051236,77.8));
#6188=CARTESIAN_POINT('Origin',(-22.6004521101311,-6.,77.8));
#6189=CARTESIAN_POINT('',(-24.1004521101311,7.28442949051236,77.8));
#6190=CARTESIAN_POINT('',(-24.1004521101311,4.355,77.8));
#6191=CARTESIAN_POINT('',(-19.3002261742748,7.28442949051236,77.8));
#6192=CARTESIAN_POINT('Origin',(-17.0000002384186,7.28442949051236,137.45));
#6193=CARTESIAN_POINT('',(-110.743525530195,7.28442949051236,79.3));
#6194=CARTESIAN_POINT('',(-63.6000001192093,7.28442949051236,79.3));
#6195=CARTESIAN_POINT('',(-110.743525530195,7.28442949051236,137.725000432134));
#6196=CARTESIAN_POINT('Origin',(-110.2,-6.,79.3));
#6197=CARTESIAN_POINT('',(-111.2,18.8104294905124,79.3));
#6198=CARTESIAN_POINT('',(-107.246539143699,18.8104294905124,79.3));
#6199=CARTESIAN_POINT('',(-111.2,7.28447446980466,79.3));
#6200=CARTESIAN_POINT('',(-111.2,0.642214745256177,79.3));
#6201=CARTESIAN_POINT('',(-104.503960100217,7.28447446980466,79.3));
#6202=CARTESIAN_POINT('Origin',(-107.246539143699,18.8104294905124,80.8));
#6203=CARTESIAN_POINT('',(-111.2,20.3104294905124,80.8));
#6204=CARTESIAN_POINT('',(-107.246539143699,20.3104294905124,80.8));
#6205=CARTESIAN_POINT('Origin',(-111.2,18.8104294905124,80.8));
#6206=CARTESIAN_POINT('Origin',(-49.0154285740573,22.81,86.9223673129454));
#6207=CARTESIAN_POINT('',(-49.0154285740574,20.3104294899809,87.030511085786));
#6208=CARTESIAN_POINT('',(-49.0154285740573,21.5602147452562,87.0305110857861));
#6209=CARTESIAN_POINT('',(-49.0154285740573,20.3104294899809,86.9223673129454));
#6210=CARTESIAN_POINT('',(-49.0154285740573,20.3104294905124,97.3361836564727));
#6211=CARTESIAN_POINT('',(-49.0154285740573,22.81,86.9223673129454));
#6212=CARTESIAN_POINT('Origin',(-45.1648306412313,22.81,86.9223673129454));
#6213=CARTESIAN_POINT('',(-48.9071794116103,20.3104294899809,86.9223673129454));
#6214=CARTESIAN_POINT('',(-48.9071794116102,21.5602147452562,86.9223673129454));
#6215=CARTESIAN_POINT('',(-74.7289544643142,20.3104294905124,86.9223673129454));
#6216=CARTESIAN_POINT('Origin',(-103.063622024181,22.81,88.9223673427477));
#6217=CARTESIAN_POINT('',(-104.068067206857,20.3104294899809,87.9179221600725));
#6218=CARTESIAN_POINT('',(-104.068067206857,22.81,87.9179221600723));
#6219=CARTESIAN_POINT('',(-102.054751737995,20.3104220779509,89.9223674162945));
#6220=CARTESIAN_POINT('Origin',(-103.063622024181,20.3104294905124,88.9223673427477));
#6221=CARTESIAN_POINT('',(-102.054751259317,22.81,89.9223673576489));
#6222=CARTESIAN_POINT('Origin',(-94.7111452221181,22.81,88.9223673427477));
#6223=CARTESIAN_POINT('',(-95.7155904057816,20.3104294905102,87.9179221610602));
#6224=CARTESIAN_POINT('',(-95.7155904047936,22.81,87.9179221600723));
#6225=CARTESIAN_POINT('',(-93.7022749359315,20.3104220779509,89.9223674162944));
#6226=CARTESIAN_POINT('Origin',(-94.7111452221181,20.3104294905124,88.9223673427477));
#6227=CARTESIAN_POINT('',(-93.7022744572539,22.81,89.9223673576489));
#6228=CARTESIAN_POINT('Origin',(-86.3234338945228,22.81,88.9223673427477));
#6229=CARTESIAN_POINT('',(-87.3278791341605,20.3104294905102,87.9179222170345));
#6230=CARTESIAN_POINT('',(-87.3278791351658,22.81,87.9179222180398));
#6231=CARTESIAN_POINT('',(-85.3145636083331,20.3104220779506,89.922367416293));
#6232=CARTESIAN_POINT('Origin',(-86.3234338945228,20.3104294905124,88.9223673427477));
#6233=CARTESIAN_POINT('',(-85.3145631296586,22.81,89.9223673576489));
#6234=CARTESIAN_POINT('Origin',(-77.9709570924598,22.81,88.9223673427477));
#6235=CARTESIAN_POINT('',(-78.9754023320976,20.3104294905102,87.9179222170345));
#6236=CARTESIAN_POINT('',(-78.9754023331028,22.81,87.9179222180398));
#6237=CARTESIAN_POINT('',(-76.9620868062699,20.3104220779506,89.9223674162931));
#6238=CARTESIAN_POINT('Origin',(-77.9709570924598,20.3104294905124,88.9223673427477));
#6239=CARTESIAN_POINT('',(-76.9620863275956,22.81,89.9223673576489));
#6240=CARTESIAN_POINT('Origin',(-69.6184889864232,22.81,88.9223673427477));
#6241=CARTESIAN_POINT('',(-70.6229341705012,20.3104294903352,87.9179221614748));
#6242=CARTESIAN_POINT('',(-70.6229341690987,22.81,87.9179221600723));
#6243=CARTESIAN_POINT('',(-68.6096186989533,20.3104220791749,89.9223674079966));
#6244=CARTESIAN_POINT('Origin',(-69.6184889864232,20.3104294905124,88.9223673427477));
#6245=CARTESIAN_POINT('',(-68.609618221559,22.81,89.9223673576489));
#6246=CARTESIAN_POINT('Origin',(-61.2660148731496,22.81,88.9223673427477));
#6247=CARTESIAN_POINT('',(-62.2704600558208,20.3104294899809,87.9179221600681));
#6248=CARTESIAN_POINT('',(-62.2704600558251,22.81,87.9179221600723));
#6249=CARTESIAN_POINT('',(-60.2571445869632,20.3104220779509,89.9223674162943));
#6250=CARTESIAN_POINT('Origin',(-61.2660148731496,20.3104294905124,88.9223673427477));
#6251=CARTESIAN_POINT('',(-60.2571441082854,22.81,89.9223673576489));
#6252=CARTESIAN_POINT('Origin',(-52.9188866044856,22.81,88.9223673427477));
#6253=CARTESIAN_POINT('',(-53.922842894627,20.3104294905124,87.9174335053806));
#6254=CARTESIAN_POINT('',(-53.922842894627,22.81,87.9174335053806));
#6255=CARTESIAN_POINT('',(-51.9100163379256,20.3104221067139,89.9223672941388));
#6256=CARTESIAN_POINT('Origin',(-52.9188866044856,20.3104294905124,88.9223673427477));
#6257=CARTESIAN_POINT('',(-51.9100158396214,22.81,89.9223673576489));
#6258=CARTESIAN_POINT('Origin',(-103.159076416722,20.3104294905124,107.766764407696));
#6259=CARTESIAN_POINT('',(-103.159076416722,20.3104294905124,107.766764407696));
#6260=CARTESIAN_POINT('',(-103.438385749745,20.3104294905124,108.046073772957));
#6261=CARTESIAN_POINT('',(-103.159076416722,20.3104294905124,107.766764407696));
#6262=CARTESIAN_POINT('Origin',(-94.8065996146594,20.3104294905124,107.766764407696));
#6263=CARTESIAN_POINT('',(-94.8065996146594,20.3104294905124,107.766764407696));
#6264=CARTESIAN_POINT('',(-97.1740279071827,20.3104294905124,110.134192973473));
#6265=CARTESIAN_POINT('',(-94.8065996146594,20.3104294905124,107.766764407696));
#6266=CARTESIAN_POINT('Origin',(-81.8726085677539,20.3104294905124,82.4626510209696));
#6267=CARTESIAN_POINT('',(-105.167897841207,20.3104294905124,105.757942983212));
#6268=CARTESIAN_POINT('',(-105.167897841207,20.3104294905124,105.757942983212));
#6269=CARTESIAN_POINT('',(-93.7995625954683,20.3104294905124,94.3896064253171));
#6270=CARTESIAN_POINT('Origin',(-107.352931765691,20.3104294905124,103.572906369938));
#6271=CARTESIAN_POINT('',(-107.352931765691,20.3104294905124,103.572906369938));
#6272=CARTESIAN_POINT('',(-107.632241803633,20.3104294905124,103.85221640788));
#6273=CARTESIAN_POINT('',(-107.352931765691,20.3104294905124,103.572906369938));
#6274=CARTESIAN_POINT('Origin',(-86.4541335677539,20.3104294905124,107.766764407696));
#6275=CARTESIAN_POINT('',(-86.4541335677539,20.3104294905124,107.766764407696));
#6276=CARTESIAN_POINT('',(-90.9096791604924,20.3104294905124,112.222309486166));
#6277=CARTESIAN_POINT('',(-86.4541335677539,20.3104294905124,107.766764407696));
#6278=CARTESIAN_POINT('Origin',(-90.2603192656909,20.3104294905124,82.4626510209696));
#6279=CARTESIAN_POINT('',(-109.361753190175,20.3104294905124,101.564084945454));
#6280=CARTESIAN_POINT('',(-109.361753190175,20.3104294905124,101.564084945454));
#6281=CARTESIAN_POINT('',(-100.090346265875,20.3104294905124,92.2926780211537));
#6282=CARTESIAN_POINT('Origin',(-107.35293714327,20.3104294905124,95.2204349454538));
#6283=CARTESIAN_POINT('',(-107.35293714327,20.3104294905124,95.2204349454538));
#6284=CARTESIAN_POINT('',(-109.720363692938,20.3104294905124,97.5878614951222));
#6285=CARTESIAN_POINT('',(-107.35293714327,20.3104294905124,95.2204349454538));
#6286=CARTESIAN_POINT('Origin',(-82.6479424922381,20.3104294905124,112.313047445454));
#6287=CARTESIAN_POINT('',(-82.6479424922381,20.3104294905124,112.313047445454));
#6288=CARTESIAN_POINT('',(-86.9184645796645,20.3104294905124,116.58356953288));
#6289=CARTESIAN_POINT('',(-82.6479424922381,20.3104294905124,112.313047445454));
#6290=CARTESIAN_POINT('Origin',(-98.6127960677539,20.3104294905124,82.4626510209696));
#6291=CARTESIAN_POINT('',(-109.361758567754,20.3104294905124,93.2116135209696));
#6292=CARTESIAN_POINT('',(-109.361758567754,20.3104294905124,93.2116135209696));
#6293=CARTESIAN_POINT('',(-106.354703867422,20.3104294905124,90.204558820638));
#6294=CARTESIAN_POINT('Origin',(-104.293078287397,20.3104294905124,107.75));
#6295=CARTESIAN_POINT('',(-26.5,20.3104294905124,80.8));
#6296=CARTESIAN_POINT('',(-107.246539143699,20.3104294905124,80.8));
#6297=CARTESIAN_POINT('',(-26.5,20.3104294905124,134.7));
#6298=CARTESIAN_POINT('',(-26.5,20.3104294905124,107.75));
#6299=CARTESIAN_POINT('',(-111.2,20.3104294905124,134.7));
#6300=CARTESIAN_POINT('',(-64.6467651987641,20.3104294905124,134.7));
#6301=CARTESIAN_POINT('',(-111.2,20.3104294905124,93.525));
#6302=CARTESIAN_POINT('',(-84.8444286351366,20.3104294905124,122.82462862095));
#6303=CARTESIAN_POINT('',(-96.8154210391437,20.3104294905124,105.757942983212));
#6304=CARTESIAN_POINT('',(-87.5352047529062,20.3104294905124,96.4777256258329));
#6305=CARTESIAN_POINT('',(-96.8154210391437,20.3104294905124,107.766764407696));
#6306=CARTESIAN_POINT('Ctrl Pts',(-96.8154210391437,20.3104294905124,105.757942983212));
#6307=CARTESIAN_POINT('Ctrl Pts',(-97.3793031901752,20.3104294905124,106.321822445454));
#6308=CARTESIAN_POINT('Ctrl Pts',(-97.3793031901752,20.3104294905124,107.202884945454));
#6309=CARTESIAN_POINT('Ctrl Pts',(-96.8154210391437,20.3104294905124,107.766764407696));
#6310=CARTESIAN_POINT('Ctrl Pts',(-96.8154210391437,20.3104294905124,107.766764407696));
#6311=CARTESIAN_POINT('Ctrl Pts',(-96.2515442656909,20.3104294905124,108.330643869938));
#6312=CARTESIAN_POINT('Ctrl Pts',(-95.3704817656909,20.3104294905124,108.330643869938));
#6313=CARTESIAN_POINT('Ctrl Pts',(-94.8065996146594,20.3104294905124,107.766764407696));
#6314=CARTESIAN_POINT('',(-88.4629549922382,20.3104294905124,105.757942983212));
#6315=CARTESIAN_POINT('',(-81.2708540891039,20.3104294905124,98.5658420800775));
#6316=CARTESIAN_POINT('',(-88.4629549922382,20.3104294905124,107.766764407696));
#6317=CARTESIAN_POINT('Ctrl Pts',(-88.4629549922382,20.3104294905124,105.757942983212));
#6318=CARTESIAN_POINT('Ctrl Pts',(-89.0268371432696,20.3104294905124,106.321822445454));
#6319=CARTESIAN_POINT('Ctrl Pts',(-89.0268371432696,20.3104294905124,107.202884945454));
#6320=CARTESIAN_POINT('Ctrl Pts',(-88.4629549922382,20.3104294905124,107.766764407696));
#6321=CARTESIAN_POINT('Ctrl Pts',(-88.4629549922382,20.3104294905124,107.766764407696));
#6322=CARTESIAN_POINT('Ctrl Pts',(-87.8990782187854,20.3104294905124,108.330643869938));
#6323=CARTESIAN_POINT('Ctrl Pts',(-87.0180157187854,20.3104294905124,108.330643869938));
#6324=CARTESIAN_POINT('Ctrl Pts',(-86.4541335677539,20.3104294905124,107.766764407696));
#6325=CARTESIAN_POINT('',(-105.167897841207,20.3104294905124,107.766764407696));
#6326=CARTESIAN_POINT('Ctrl Pts',(-105.167897841207,20.3104294905124,105.757942983212));
#6327=CARTESIAN_POINT('Ctrl Pts',(-105.731779992238,20.3104294905124,106.321822445454));
#6328=CARTESIAN_POINT('Ctrl Pts',(-105.731779992238,20.3104294905124,107.202884945454));
#6329=CARTESIAN_POINT('Ctrl Pts',(-105.167897841207,20.3104294905124,107.766764407696));
#6330=CARTESIAN_POINT('Ctrl Pts',(-105.167897841207,20.3104294905124,107.766764407696));
#6331=CARTESIAN_POINT('Ctrl Pts',(-104.604021067754,20.3104294905124,108.330643869938));
#6332=CARTESIAN_POINT('Ctrl Pts',(-103.722958567754,20.3104294905124,108.330643869938));
#6333=CARTESIAN_POINT('Ctrl Pts',(-103.159076416722,20.3104294905124,107.766764407696));
#6334=CARTESIAN_POINT('',(-84.6567639167224,20.3104294905124,110.30422602097));
#6335=CARTESIAN_POINT('',(-75.0064985041487,20.3104294905124,100.653960608396));
#6336=CARTESIAN_POINT('',(-84.6567639167224,20.3104294905124,112.313047445454));
#6337=CARTESIAN_POINT('Ctrl Pts',(-84.6567639167224,20.3104294905124,110.30422602097));
#6338=CARTESIAN_POINT('Ctrl Pts',(-85.2206460677539,20.3104294905124,110.868105483212));
#6339=CARTESIAN_POINT('Ctrl Pts',(-85.2206460677539,20.3104294905124,111.749167983212));
#6340=CARTESIAN_POINT('Ctrl Pts',(-84.6567639167224,20.3104294905124,112.313047445454));
#6341=CARTESIAN_POINT('Ctrl Pts',(-84.6567639167224,20.3104294905124,112.313047445454));
#6342=CARTESIAN_POINT('Ctrl Pts',(-84.0928871432696,20.3104294905124,112.876926907696));
#6343=CARTESIAN_POINT('Ctrl Pts',(-83.2118246432697,20.3104294905124,112.876926907696));
#6344=CARTESIAN_POINT('Ctrl Pts',(-82.6479424922381,20.3104294905124,112.313047445454));
#6345=CARTESIAN_POINT('',(-109.361753190175,20.3104294905124,103.572906369938));
#6346=CARTESIAN_POINT('Ctrl Pts',(-109.361753190175,20.3104294905124,101.564084945454));
#6347=CARTESIAN_POINT('Ctrl Pts',(-109.925635341207,20.3104294905124,102.127964407696));
#6348=CARTESIAN_POINT('Ctrl Pts',(-109.925635341207,20.3104294905124,103.009026907696));
#6349=CARTESIAN_POINT('Ctrl Pts',(-109.361753190175,20.3104294905124,103.572906369938));
#6350=CARTESIAN_POINT('Ctrl Pts',(-109.361753190175,20.3104294905124,103.572906369938));
#6351=CARTESIAN_POINT('Ctrl Pts',(-108.797876416722,20.3104294905124,104.13678583218));
#6352=CARTESIAN_POINT('Ctrl Pts',(-107.916813916722,20.3104294905124,104.13678583218));
#6353=CARTESIAN_POINT('Ctrl Pts',(-107.352931765691,20.3104294905124,103.572906369938));
#6354=CARTESIAN_POINT('',(-84.6567639167224,20.3104294905124,118.621458172001));
#6355=CARTESIAN_POINT('',(-68.7381126783582,20.3104294905124,102.718291767341));
#6356=CARTESIAN_POINT('',(-84.6567639167224,20.3104294905124,120.63028094088));
#6357=CARTESIAN_POINT('Ctrl Pts',(-84.6567639167224,20.3104294905124,118.621458172001));
#6358=CARTESIAN_POINT('Ctrl Pts',(-85.2206460677539,20.3104294905124,119.185338978638));
#6359=CARTESIAN_POINT('Ctrl Pts',(-85.2206460677539,20.3104294905124,120.066401478638));
#6360=CARTESIAN_POINT('Ctrl Pts',(-84.6567639167224,20.3104294905124,120.63028094088));
#6361=CARTESIAN_POINT('',(-82.6479424922381,20.3104294905124,120.63028094088));
#6362=CARTESIAN_POINT('Ctrl Pts',(-84.6567639167224,20.3104294905124,120.63028094088));
#6363=CARTESIAN_POINT('Ctrl Pts',(-84.0928871432696,20.3104294905124,121.194160403122));
#6364=CARTESIAN_POINT('Ctrl Pts',(-83.2118246432697,20.3104294905124,121.194160403122));
#6365=CARTESIAN_POINT('Ctrl Pts',(-82.6479424922381,20.3104294905124,120.63028094088));
#6366=CARTESIAN_POINT('',(-84.8444286351366,20.3104294905124,122.82462862095));
#6367=CARTESIAN_POINT('',(-109.361758567754,20.3104294905124,95.2204349454538));
#6368=CARTESIAN_POINT('Ctrl Pts',(-109.361758567754,20.3104294905124,93.2116135209696));
#6369=CARTESIAN_POINT('Ctrl Pts',(-109.925640718785,20.3104294905124,93.7754929832117));
#6370=CARTESIAN_POINT('Ctrl Pts',(-109.925640718785,20.3104294905124,94.6565554832117));
#6371=CARTESIAN_POINT('Ctrl Pts',(-109.361758567754,20.3104294905124,95.2204349454538));
#6372=CARTESIAN_POINT('Ctrl Pts',(-109.361758567754,20.3104294905124,95.2204349454538));
#6373=CARTESIAN_POINT('Ctrl Pts',(-108.797881794301,20.3104294905124,95.784314407696));
#6374=CARTESIAN_POINT('Ctrl Pts',(-107.916819294301,20.3104294905124,95.784314407696));
#6375=CARTESIAN_POINT('Ctrl Pts',(-107.35293714327,20.3104294905124,95.2204349454538));
#6376=CARTESIAN_POINT('',(-99.7405560677539,20.3104294905124,123.555408172001));
#6377=CARTESIAN_POINT('',(-94.3484535677539,20.3104294905124,123.555408172001));
#6378=CARTESIAN_POINT('',(-102.016817177576,20.3104294905124,123.555408172001));
#6379=CARTESIAN_POINT('',(-94.3836960677539,20.3104294905124,109.564135672001));
#6380=CARTESIAN_POINT('',(-94.3683910452902,20.3104294905124,115.640229590075));
#6381=CARTESIAN_POINT('',(-99.7405560677539,20.3104294905124,109.564135672001));
#6382=CARTESIAN_POINT('',(-99.3383871775755,20.3104294905124,109.564135672001));
#6383=CARTESIAN_POINT('',(-99.7405560677539,20.3104294905124,108.657067836001));
#6384=CARTESIAN_POINT('',(-28.3392508660947,20.3104294905124,106.110370672001));
#6385=CARTESIAN_POINT('',(-29.3260409333144,20.3104294905124,105.687461747517));
#6386=CARTESIAN_POINT('Ctrl Pts',(-28.3392508660947,20.3104294905124,106.110370672001));
#6387=CARTESIAN_POINT('Ctrl Pts',(-28.6211909333144,20.3104294905124,105.828432285275));
#6388=CARTESIAN_POINT('Ctrl Pts',(-28.9736159333144,20.3104294905124,105.687461747517));
#6389=CARTESIAN_POINT('Ctrl Pts',(-29.3260409333144,20.3104294905124,105.687461747517));
#6390=CARTESIAN_POINT('',(-30.3480736349736,20.3104294905124,106.110370672001));
#6391=CARTESIAN_POINT('Ctrl Pts',(-29.3260409333144,20.3104294905124,105.687461747517));
#6392=CARTESIAN_POINT('Ctrl Pts',(-29.7137085677539,20.3104294905124,105.687461747517));
#6393=CARTESIAN_POINT('Ctrl Pts',(-30.0661335677539,20.3104294905124,105.828429596485));
#6394=CARTESIAN_POINT('Ctrl Pts',(-30.3480736349736,20.3104294905124,106.110370672001));
#6395=CARTESIAN_POINT('',(-55.0883085677539,20.3104294905124,130.85060594088));
#6396=CARTESIAN_POINT('',(-49.2442318789416,20.3104294905124,125.006529172675));
#6397=CARTESIAN_POINT('',(-55.0883085677539,20.3104294905124,132.859428205611));
#6398=CARTESIAN_POINT('Ctrl Pts',(-55.0883085677539,20.3104294905124,130.85060594088));
#6399=CARTESIAN_POINT('Ctrl Pts',(-55.652188029996,20.3104294905124,131.414485739221));
#6400=CARTESIAN_POINT('Ctrl Pts',(-55.652188029996,20.3104294905124,132.295548239221));
#6401=CARTESIAN_POINT('Ctrl Pts',(-55.0883085677539,20.3104294905124,132.859428205611));
#6402=CARTESIAN_POINT('',(-53.0794871432696,20.3104294905124,132.859428205611));
#6403=CARTESIAN_POINT('Ctrl Pts',(-55.0883085677539,20.3104294905124,132.859428205611));
#6404=CARTESIAN_POINT('Ctrl Pts',(-54.5244291055118,20.3104294905124,133.423308172001));
#6405=CARTESIAN_POINT('Ctrl Pts',(-53.6433666055118,20.3104294905124,133.423308172001));
#6406=CARTESIAN_POINT('Ctrl Pts',(-53.0794871432696,20.3104294905124,132.859428205611));
#6407=CARTESIAN_POINT('',(-28.3392508660947,20.3104294905124,108.119192096485));
#6408=CARTESIAN_POINT('',(-59.6055279648665,20.3104294905124,139.385468982879));
#6409=CARTESIAN_POINT('Ctrl Pts',(-28.3392508660947,20.3104294905124,108.119192096485));
#6410=CARTESIAN_POINT('Ctrl Pts',(-27.7753708997045,20.3104294905124,107.555312634243));
#6411=CARTESIAN_POINT('Ctrl Pts',(-27.7753708997045,20.3104294905124,106.674250134243));
#6412=CARTESIAN_POINT('Ctrl Pts',(-28.3392508660947,20.3104294905124,106.110370672001));
#6413=CARTESIAN_POINT('',(-38.1014232988749,20.3104294905124,82.4626510209696));
#6414=CARTESIAN_POINT('',(-39.088213029996,20.3104294905124,82.0397420964853));
#6415=CARTESIAN_POINT('Ctrl Pts',(-38.1014232988749,20.3104294905124,82.4626510209696));
#6416=CARTESIAN_POINT('Ctrl Pts',(-38.383363029996,20.3104294905124,82.1807099454538));
#6417=CARTESIAN_POINT('Ctrl Pts',(-38.735788029996,20.3104294905124,82.0397420964853));
#6418=CARTESIAN_POINT('Ctrl Pts',(-39.088213029996,20.3104294905124,82.0397420964853));
#6419=CARTESIAN_POINT('',(-40.0750041055118,20.3104294905124,82.4274117475168));
#6420=CARTESIAN_POINT('Ctrl Pts',(-39.088213029996,20.3104294905124,82.0397420964853));
#6421=CARTESIAN_POINT('Ctrl Pts',(-39.440638029996,20.3104294905124,82.0397420964853));
#6422=CARTESIAN_POINT('Ctrl Pts',(-39.793063029996,20.3104294905124,82.1454706720011));
#6423=CARTESIAN_POINT('Ctrl Pts',(-40.0750041055118,20.3104294905124,82.4274117475168));
#6424=CARTESIAN_POINT('',(-84.6567639167224,20.3104294905124,126.97393094088));
#6425=CARTESIAN_POINT('',(-62.4728633924808,20.3104294905124,104.807566161393));
#6426=CARTESIAN_POINT('',(-84.6567639167224,20.3104294905124,128.982753037562));
#6427=CARTESIAN_POINT('Ctrl Pts',(-84.6567639167224,20.3104294905124,126.97393094088));
#6428=CARTESIAN_POINT('Ctrl Pts',(-85.2206460677539,20.3104294905124,127.537810403122));
#6429=CARTESIAN_POINT('Ctrl Pts',(-85.2206460677539,20.3104294905124,128.418872903122));
#6430=CARTESIAN_POINT('Ctrl Pts',(-84.6567639167224,20.3104294905124,128.982753037562));
#6431=CARTESIAN_POINT('',(-82.6479424922381,20.3104294905124,128.982753037562));
#6432=CARTESIAN_POINT('Ctrl Pts',(-84.6567639167224,20.3104294905124,128.982753037562));
#6433=CARTESIAN_POINT('Ctrl Pts',(-84.0928871432696,20.3104294905124,129.546633172001));
#6434=CARTESIAN_POINT('Ctrl Pts',(-83.2118246432697,20.3104294905124,129.546633172001));
#6435=CARTESIAN_POINT('Ctrl Pts',(-82.6479424922381,20.3104294905124,128.982753037562));
#6436=CARTESIAN_POINT('',(-38.1014232988749,20.3104294905124,84.4714724454538));
#6437=CARTESIAN_POINT('',(-82.7553221424263,20.3104294905124,129.090047744891));
#6438=CARTESIAN_POINT('Ctrl Pts',(-38.1014232988749,20.3104294905124,84.4714724454538));
#6439=CARTESIAN_POINT('Ctrl Pts',(-37.5375431644355,20.3104294905124,83.9075956720011));
#6440=CARTESIAN_POINT('Ctrl Pts',(-37.5375431644355,20.3104294905124,83.0265331720011));
#6441=CARTESIAN_POINT('Ctrl Pts',(-38.1014232988749,20.3104294905124,82.4626510209696));
#6442=CARTESIAN_POINT('',(-29.7489508660947,20.3104294905124,82.4626510209696));
#6443=CARTESIAN_POINT('',(-30.7357409333144,20.3104294905124,82.0397420964853));
#6444=CARTESIAN_POINT('Ctrl Pts',(-29.7489508660947,20.3104294905124,82.4626510209696));
#6445=CARTESIAN_POINT('Ctrl Pts',(-30.0308909333144,20.3104294905124,82.1807099454538));
#6446=CARTESIAN_POINT('Ctrl Pts',(-30.3833159333144,20.3104294905124,82.0397420964853));
#6447=CARTESIAN_POINT('Ctrl Pts',(-30.7357409333144,20.3104294905124,82.0397420964853));
#6448=CARTESIAN_POINT('',(-31.7225310005341,20.3104294905124,82.4274117475168));
#6449=CARTESIAN_POINT('Ctrl Pts',(-30.7357409333144,20.3104294905124,82.0397420964853));
#6450=CARTESIAN_POINT('Ctrl Pts',(-31.0881659333144,20.3104294905124,82.0397420964853));
#6451=CARTESIAN_POINT('Ctrl Pts',(-31.4405909333144,20.3104294905124,82.1454706720011));
#6452=CARTESIAN_POINT('Ctrl Pts',(-31.7225310005341,20.3104294905124,82.4274117475168));
#6453=CARTESIAN_POINT('',(-80.1809674922381,20.3104294905124,130.85060594088));
#6454=CARTESIAN_POINT('',(-56.2090125776832,20.3104294905124,106.896085075958));
#6455=CARTESIAN_POINT('',(-80.1809674922381,20.3104294905124,132.859428205611));
#6456=CARTESIAN_POINT('Ctrl Pts',(-80.1809674922381,20.3104294905124,130.85060594088));
#6457=CARTESIAN_POINT('Ctrl Pts',(-80.7448496432696,20.3104294905124,131.414485739221));
#6458=CARTESIAN_POINT('Ctrl Pts',(-80.7448496432696,20.3104294905124,132.295548239221));
#6459=CARTESIAN_POINT('Ctrl Pts',(-80.1809674922381,20.3104294905124,132.859428205611));
#6460=CARTESIAN_POINT('',(-78.1721460677539,20.3104294905124,132.859428205611));
#6461=CARTESIAN_POINT('Ctrl Pts',(-80.1809674922381,20.3104294905124,132.859428205611));
#6462=CARTESIAN_POINT('Ctrl Pts',(-79.6170907187854,20.3104294905124,133.423308172001));
#6463=CARTESIAN_POINT('Ctrl Pts',(-78.7360282187854,20.3104294905124,133.423308172001));
#6464=CARTESIAN_POINT('Ctrl Pts',(-78.1721460677539,20.3104294905124,132.859428205611));
#6465=CARTESIAN_POINT('',(-29.7489508660947,20.3104294905124,84.4714724454538));
#6466=CARTESIAN_POINT('',(-78.4297777683899,20.3104294905124,133.116872417644));
#6467=CARTESIAN_POINT('Ctrl Pts',(-29.7489508660947,20.3104294905124,84.4714724454538));
#6468=CARTESIAN_POINT('Ctrl Pts',(-29.1850708997045,20.3104294905124,83.9075956720011));
#6469=CARTESIAN_POINT('Ctrl Pts',(-29.1850708997045,20.3104294905124,83.0265331720011));
#6470=CARTESIAN_POINT('Ctrl Pts',(-29.7489508660947,20.3104294905124,82.4626510209696));
#6471=CARTESIAN_POINT('',(-28.3744935005341,20.3104294905124,114.498085403122));
#6472=CARTESIAN_POINT('',(-29.3612835677539,20.3104294905124,114.075175134243));
#6473=CARTESIAN_POINT('Ctrl Pts',(-28.3744935005341,20.3104294905124,114.498085403122));
#6474=CARTESIAN_POINT('Ctrl Pts',(-28.6564335677539,20.3104294905124,114.216145672001));
#6475=CARTESIAN_POINT('Ctrl Pts',(-29.0088585677539,20.3104294905124,114.075175134243));
#6476=CARTESIAN_POINT('Ctrl Pts',(-29.3612835677539,20.3104294905124,114.075175134243));
#6477=CARTESIAN_POINT('',(-30.3480736349736,20.3104294905124,114.498085403122));
#6478=CARTESIAN_POINT('Ctrl Pts',(-29.3612835677539,20.3104294905124,114.075175134243));
#6479=CARTESIAN_POINT('Ctrl Pts',(-29.7137085677539,20.3104294905124,114.075175134243));
#6480=CARTESIAN_POINT('Ctrl Pts',(-30.0661335677539,20.3104294905124,114.216145672001));
#6481=CARTESIAN_POINT('Ctrl Pts',(-30.3480736349736,20.3104294905124,114.498085403122));
#6482=CARTESIAN_POINT('',(-46.735835798875,20.3104294905124,130.85060594088));
#6483=CARTESIAN_POINT('',(-47.1871044959888,20.3104294905124,131.300904191721));
#6484=CARTESIAN_POINT('',(-46.735835798875,20.3104294905124,132.859428205611));
#6485=CARTESIAN_POINT('Ctrl Pts',(-46.735835798875,20.3104294905124,130.85060594088));
#6486=CARTESIAN_POINT('Ctrl Pts',(-47.2997152611171,20.3104294905124,131.414485739221));
#6487=CARTESIAN_POINT('Ctrl Pts',(-47.2997152611171,20.3104294905124,132.295548239221));
#6488=CARTESIAN_POINT('Ctrl Pts',(-46.735835798875,20.3104294905124,132.859428205611));
#6489=CARTESIAN_POINT('',(-44.727013029996,20.3104294905124,132.859428205611));
#6490=CARTESIAN_POINT('Ctrl Pts',(-46.735835798875,20.3104294905124,132.859428205611));
#6491=CARTESIAN_POINT('Ctrl Pts',(-46.1719549922381,20.3104294905124,133.423308172001));
#6492=CARTESIAN_POINT('Ctrl Pts',(-45.2908924922381,20.3104294905124,133.423308172001));
#6493=CARTESIAN_POINT('Ctrl Pts',(-44.727013029996,20.3104294905124,132.859428205611));
#6494=CARTESIAN_POINT('',(-28.3744935005341,20.3104294905124,116.506908172001));
#6495=CARTESIAN_POINT('',(-53.3411718338383,20.3104294905124,141.473587275028));
#6496=CARTESIAN_POINT('Ctrl Pts',(-28.3744935005341,20.3104294905124,116.506908172001));
#6497=CARTESIAN_POINT('Ctrl Pts',(-27.810613534144,20.3104294905124,115.943027365364));
#6498=CARTESIAN_POINT('Ctrl Pts',(-27.810613534144,20.3104294905124,115.061964865364));
#6499=CARTESIAN_POINT('Ctrl Pts',(-28.3744935005341,20.3104294905124,114.498085403122));
#6500=CARTESIAN_POINT('',(-102.278013916722,20.3104294905124,126.410050806441));
#6501=CARTESIAN_POINT('',(-102.559954992238,20.3104294905124,125.493745672001));
#6502=CARTESIAN_POINT('Ctrl Pts',(-102.278013916722,20.3104294905124,126.410050806441));
#6503=CARTESIAN_POINT('Ctrl Pts',(-102.454226416722,20.3104294905124,126.128110403122));
#6504=CARTESIAN_POINT('Ctrl Pts',(-102.524710341207,20.3104294905124,125.810928037562));
#6505=CARTESIAN_POINT('Ctrl Pts',(-102.559954992238,20.3104294905124,125.493745672001));
#6506=CARTESIAN_POINT('',(-102.524715718785,20.3104294905124,125.493745672001));
#6507=CARTESIAN_POINT('',(-103.426516639822,20.3104294905124,125.493745672001));
#6508=CARTESIAN_POINT('',(-102.524715718785,20.3104294905124,109.564136747517));
#6509=CARTESIAN_POINT('',(-102.524715718785,20.3104294905124,116.621872836001));
#6510=CARTESIAN_POINT('',(-108.304483567754,20.3104294905124,109.564136747517));
#6511=CARTESIAN_POINT('',(-103.408897003091,20.3104294905124,109.564136747517));
#6512=CARTESIAN_POINT('',(-108.304483567754,20.3104294905124,127.819750806441));
#6513=CARTESIAN_POINT('',(-108.304483567754,20.3104294905124,108.657068373758));
#6514=CARTESIAN_POINT('',(-107.35293714327,20.3104294905124,130.286725806441));
#6515=CARTESIAN_POINT('Ctrl Pts',(-108.304483567754,20.3104294905124,127.819750806441));
#6516=CARTESIAN_POINT('Ctrl Pts',(-108.022542492238,20.3104294905124,129.476148239221));
#6517=CARTESIAN_POINT('Ctrl Pts',(-107.35293714327,20.3104294905124,130.286725806441));
#6518=CARTESIAN_POINT('',(-104.251596067754,20.3104294905124,131.837395672001));
#6519=CARTESIAN_POINT('Ctrl Pts',(-107.35293714327,20.3104294905124,130.286725806441));
#6520=CARTESIAN_POINT('Ctrl Pts',(-106.577603218785,20.3104294905124,131.203030604781));
#6521=CARTESIAN_POINT('Ctrl Pts',(-105.449838916722,20.3104294905124,131.766910739221));
#6522=CARTESIAN_POINT('Ctrl Pts',(-104.251596067754,20.3104294905124,131.837395672001));
#6523=CARTESIAN_POINT('',(-86.3836496432696,20.3104294905124,131.837395672001));
#6524=CARTESIAN_POINT('',(-104.272337177575,20.3104294905124,131.837395672001));
#6525=CARTESIAN_POINT('',(-86.3836496432697,20.3104294905124,109.528892096485));
#6526=CARTESIAN_POINT('',(-86.3836496432697,20.3104294905124,119.793697836001));
#6527=CARTESIAN_POINT('',(-91.9167210677539,20.3104294905124,109.528892096485));
#6528=CARTESIAN_POINT('',(-95.3383639653334,20.3104294905124,109.528892096485));
#6529=CARTESIAN_POINT('',(-91.9167210677539,20.3104294905124,126.868203037562));
#6530=CARTESIAN_POINT('',(-91.9167210677539,20.3104294905124,108.639446048243));
#6531=CARTESIAN_POINT('',(-101.502679992238,20.3104294905124,126.868203037562));
#6532=CARTESIAN_POINT('',(-98.1048996775755,20.3104294905124,126.868203037562));
#6533=CARTESIAN_POINT('Ctrl Pts',(-101.502679992238,20.3104294905124,126.868203037562));
#6534=CARTESIAN_POINT('Ctrl Pts',(-101.819860341207,20.3104294905124,126.83296107532));
#6535=CARTESIAN_POINT('Ctrl Pts',(-102.101801416722,20.3104294905124,126.65674857532));
#6536=CARTESIAN_POINT('Ctrl Pts',(-102.278013916722,20.3104294905124,126.410050806441));
#6537=CARTESIAN_POINT('',(-28.3392508660947,20.3104294905124,97.7578965587275));
#6538=CARTESIAN_POINT('',(-29.3260409333144,20.3104294905124,97.3349876342432));
#6539=CARTESIAN_POINT('Ctrl Pts',(-28.3392508660947,20.3104294905124,97.7578965587275));
#6540=CARTESIAN_POINT('Ctrl Pts',(-28.6211909333144,20.3104294905124,97.4759581720011));
#6541=CARTESIAN_POINT('Ctrl Pts',(-28.9736159333144,20.3104294905124,97.3349876342432));
#6542=CARTESIAN_POINT('Ctrl Pts',(-29.3260409333144,20.3104294905124,97.3349876342432));
#6543=CARTESIAN_POINT('',(-30.3480719544803,20.3104294905124,97.7578992475168));
#6544=CARTESIAN_POINT('Ctrl Pts',(-29.3260409333144,20.3104294905124,97.3349876342432));
#6545=CARTESIAN_POINT('Ctrl Pts',(-29.7137085677539,20.3104294905124,97.3349876342432));
#6546=CARTESIAN_POINT('Ctrl Pts',(-30.0661335677539,20.3104294905124,97.4759581720011));
#6547=CARTESIAN_POINT('Ctrl Pts',(-30.3480719544803,20.3104294905124,97.7578992475168));
#6548=CARTESIAN_POINT('',(-63.4407799922381,20.3104294905124,130.85060594088));
#6549=CARTESIAN_POINT('',(-51.3323494768362,20.3104294905124,118.742175917384));
#6550=CARTESIAN_POINT('',(-63.4407799922381,20.3104294905124,132.859428205611));
#6551=CARTESIAN_POINT('Ctrl Pts',(-63.4407799922381,20.3104294905124,130.85060594088));
#6552=CARTESIAN_POINT('Ctrl Pts',(-64.0046594544803,20.3104294905124,131.414485739221));
#6553=CARTESIAN_POINT('Ctrl Pts',(-64.0046594544803,20.3104294905124,132.295548239221));
#6554=CARTESIAN_POINT('Ctrl Pts',(-63.4407799922381,20.3104294905124,132.859428205611));
#6555=CARTESIAN_POINT('',(-61.4319585677539,20.3104294905124,132.859428205611));
#6556=CARTESIAN_POINT('Ctrl Pts',(-63.4407799922381,20.3104294905124,132.859428205611));
#6557=CARTESIAN_POINT('Ctrl Pts',(-62.876900529996,20.3104294905124,133.423308172001));
#6558=CARTESIAN_POINT('Ctrl Pts',(-61.995838029996,20.3104294905124,133.423308172001));
#6559=CARTESIAN_POINT('Ctrl Pts',(-61.4319585677539,20.3104294905124,132.859428205611));
#6560=CARTESIAN_POINT('',(-28.3392508660947,20.3104294905124,99.7667179832117));
#6561=CARTESIAN_POINT('',(-65.869880630057,20.3104294905124,137.29735060596));
#6562=CARTESIAN_POINT('Ctrl Pts',(-28.3392508660947,20.3104294905124,99.7667179832117));
#6563=CARTESIAN_POINT('Ctrl Pts',(-27.7753708997045,20.3104294905124,99.2028385209696));
#6564=CARTESIAN_POINT('Ctrl Pts',(-27.7753708997045,20.3104294905124,98.3217760209696));
#6565=CARTESIAN_POINT('Ctrl Pts',(-28.3392508660947,20.3104294905124,97.7578965587275));
#6566=CARTESIAN_POINT('',(-28.3392508660947,20.3104294905124,89.4054224454539));
#6567=CARTESIAN_POINT('',(-29.3260409333144,20.3104294905124,88.9825135209696));
#6568=CARTESIAN_POINT('Ctrl Pts',(-28.3392508660947,20.3104294905124,89.4054224454539));
#6569=CARTESIAN_POINT('Ctrl Pts',(-28.6211909333144,20.3104294905124,89.1234813699381));
#6570=CARTESIAN_POINT('Ctrl Pts',(-28.9736159333144,20.3104294905124,88.9825135209696));
#6571=CARTESIAN_POINT('Ctrl Pts',(-29.3260409333144,20.3104294905124,88.9825135209696));
#6572=CARTESIAN_POINT('',(-30.3480736349736,20.3104294905124,89.4054278230326));
#6573=CARTESIAN_POINT('Ctrl Pts',(-29.3260409333144,20.3104294905124,88.9825135209696));
#6574=CARTESIAN_POINT('Ctrl Pts',(-29.7137085677539,20.3104294905124,88.9825135209696));
#6575=CARTESIAN_POINT('Ctrl Pts',(-30.0661335677539,20.3104294905124,89.1234867475168));
#6576=CARTESIAN_POINT('Ctrl Pts',(-30.3480736349736,20.3104294905124,89.4054278230326));
#6577=CARTESIAN_POINT('',(-71.7932514167224,20.3104294905124,130.85060594088));
#6578=CARTESIAN_POINT('',(-53.4204676924075,20.3104294905124,112.477822067572));
#6579=CARTESIAN_POINT('',(-71.7932514167224,20.3104294905124,132.859428205611));
#6580=CARTESIAN_POINT('Ctrl Pts',(-71.7932514167224,20.3104294905124,130.85060594088));
#6581=CARTESIAN_POINT('Ctrl Pts',(-72.3571335677539,20.3104294905124,131.414485739221));
#6582=CARTESIAN_POINT('Ctrl Pts',(-72.3571335677539,20.3104294905124,132.295548239221));
#6583=CARTESIAN_POINT('Ctrl Pts',(-71.7932514167224,20.3104294905124,132.859428205611));
#6584=CARTESIAN_POINT('',(-69.7844299922381,20.3104294905124,132.859428205611));
#6585=CARTESIAN_POINT('Ctrl Pts',(-71.7932514167224,20.3104294905124,132.859428205611));
#6586=CARTESIAN_POINT('Ctrl Pts',(-71.2293719544803,20.3104294905124,133.423308172001));
#6587=CARTESIAN_POINT('Ctrl Pts',(-70.3483094544803,20.3104294905124,133.423308172001));
#6588=CARTESIAN_POINT('Ctrl Pts',(-69.7844299922381,20.3104294905124,132.859428205611));
#6589=CARTESIAN_POINT('',(-28.3392508660947,20.3104294905124,91.4142438699381));
#6590=CARTESIAN_POINT('',(-72.134233930218,20.3104294905124,135.209232438954));
#6591=CARTESIAN_POINT('Ctrl Pts',(-28.3392508660947,20.3104294905124,91.4142438699381));
#6592=CARTESIAN_POINT('Ctrl Pts',(-27.7753708997045,20.3104294905124,90.850364407696));
#6593=CARTESIAN_POINT('Ctrl Pts',(-27.7753708997045,20.3104294905124,89.969301907696));
#6594=CARTESIAN_POINT('Ctrl Pts',(-28.3392508660947,20.3104294905124,89.4054224454539));
#6595=CARTESIAN_POINT('',(-28.3744935005341,20.3104294905124,122.850558172001));
#6596=CARTESIAN_POINT('',(-29.3612835677539,20.3104294905124,122.427647903122));
#6597=CARTESIAN_POINT('Ctrl Pts',(-28.3744935005341,20.3104294905124,122.850558172001));
#6598=CARTESIAN_POINT('Ctrl Pts',(-28.6564335677539,20.3104294905124,122.56861844088));
#6599=CARTESIAN_POINT('Ctrl Pts',(-29.0088585677539,20.3104294905124,122.427647903122));
#6600=CARTESIAN_POINT('Ctrl Pts',(-29.3612835677539,20.3104294905124,122.427647903122));
#6601=CARTESIAN_POINT('',(-30.3480736349736,20.3104294905124,122.850558172001));
#6602=CARTESIAN_POINT('Ctrl Pts',(-29.3612835677539,20.3104294905124,122.427647903122));
#6603=CARTESIAN_POINT('Ctrl Pts',(-29.7137085677539,20.3104294905124,122.427647903122));
#6604=CARTESIAN_POINT('Ctrl Pts',(-30.0661335677539,20.3104294905124,122.56861844088));
#6605=CARTESIAN_POINT('Ctrl Pts',(-30.3480736349736,20.3104294905124,122.850558172001));
#6606=CARTESIAN_POINT('',(-38.383363029996,20.3104294905124,130.85060594088));
#6607=CARTESIAN_POINT('',(-45.1404775647286,20.3104294905124,137.578084740976));
#6608=CARTESIAN_POINT('',(-38.383363029996,20.3104294905124,132.859428205611));
#6609=CARTESIAN_POINT('Ctrl Pts',(-38.383363029996,20.3104294905124,130.85060594088));
#6610=CARTESIAN_POINT('Ctrl Pts',(-38.9472424922381,20.3104294905124,131.414485739221));
#6611=CARTESIAN_POINT('Ctrl Pts',(-38.9472424922381,20.3104294905124,132.295548239221));
#6612=CARTESIAN_POINT('Ctrl Pts',(-38.383363029996,20.3104294905124,132.859428205611));
#6613=CARTESIAN_POINT('',(-36.3745409333144,20.3104294905124,132.859428205611));
#6614=CARTESIAN_POINT('Ctrl Pts',(-38.383363029996,20.3104294905124,132.859428205611));
#6615=CARTESIAN_POINT('Ctrl Pts',(-37.8194835677539,20.3104294905124,133.423308172001));
#6616=CARTESIAN_POINT('Ctrl Pts',(-36.9384210677539,20.3104294905124,133.423308172001));
#6617=CARTESIAN_POINT('Ctrl Pts',(-36.3745409333144,20.3104294905124,132.859428205611));
#6618=CARTESIAN_POINT('',(-28.3744935005341,20.3104294905124,124.85938094088));
#6619=CARTESIAN_POINT('',(-47.0768185771073,20.3104294905124,143.561705624591));
#6620=CARTESIAN_POINT('Ctrl Pts',(-28.3744935005341,20.3104294905124,124.85938094088));
#6621=CARTESIAN_POINT('Ctrl Pts',(-27.810613534144,20.3104294905124,124.295500806441));
#6622=CARTESIAN_POINT('Ctrl Pts',(-27.810613534144,20.3104294905124,123.414437634243));
#6623=CARTESIAN_POINT('Ctrl Pts',(-28.3744935005341,20.3104294905124,122.850558172001));
#6624=CARTESIAN_POINT('Origin',(-82.6479424922381,20.3104294905124,120.63028094088));
#6625=CARTESIAN_POINT('Ctrl Pts',(-38.383363029996,20.3104294905124,130.85060594088));
#6626=CARTESIAN_POINT('Ctrl Pts',(-38.383363029996,23.3104294905124,130.85060594088));
#6627=CARTESIAN_POINT('Ctrl Pts',(-38.9472424922381,20.3104294905124,131.414485739221));
#6628=CARTESIAN_POINT('Ctrl Pts',(-38.9472424922381,23.3104294905124,131.414485739221));
#6629=CARTESIAN_POINT('Ctrl Pts',(-38.9472424922381,20.3104294905124,132.295548239221));
#6630=CARTESIAN_POINT('Ctrl Pts',(-38.9472424922381,23.3104294905124,132.295548239221));
#6631=CARTESIAN_POINT('Ctrl Pts',(-38.383363029996,20.3104294905124,132.859428205611));
#6632=CARTESIAN_POINT('Ctrl Pts',(-38.383363029996,23.3104294905124,132.859428205611));
#6633=CARTESIAN_POINT('',(-38.383363029996,20.3104294905124,132.859428205611));
#6634=CARTESIAN_POINT('',(-38.383363029996,20.3104294905124,130.85060594088));
#6635=CARTESIAN_POINT('Origin',(-30.3480736349736,20.3104294905124,122.850558172001));
#6636=CARTESIAN_POINT('',(-30.3480736349736,20.3104294905124,122.850558172001));
#6637=CARTESIAN_POINT('Ctrl Pts',(-29.3612835677539,20.3104294905124,122.427647903122));
#6638=CARTESIAN_POINT('Ctrl Pts',(-29.3612835677539,23.3104294905124,122.427647903122));
#6639=CARTESIAN_POINT('Ctrl Pts',(-29.7137085677539,20.3104294905124,122.427647903122));
#6640=CARTESIAN_POINT('Ctrl Pts',(-29.7137085677539,23.3104294905124,122.427647903122));
#6641=CARTESIAN_POINT('Ctrl Pts',(-30.0661335677539,20.3104294905124,122.56861844088));
#6642=CARTESIAN_POINT('Ctrl Pts',(-30.0661335677539,23.3104294905124,122.56861844088));
#6643=CARTESIAN_POINT('Ctrl Pts',(-30.3480736349736,20.3104294905124,122.850558172001));
#6644=CARTESIAN_POINT('Ctrl Pts',(-30.3480736349736,23.3104294905124,122.850558172001));
#6645=CARTESIAN_POINT('',(-29.3612835677539,20.3104294905124,122.427647903122));
#6646=CARTESIAN_POINT('Ctrl Pts',(-28.3744935005341,20.3104294905124,122.850558172001));
#6647=CARTESIAN_POINT('Ctrl Pts',(-28.3744935005341,23.3104294905124,122.850558172001));
#6648=CARTESIAN_POINT('Ctrl Pts',(-28.6564335677539,20.3104294905124,122.56861844088));
#6649=CARTESIAN_POINT('Ctrl Pts',(-28.6564335677539,23.3104294905124,122.56861844088));
#6650=CARTESIAN_POINT('Ctrl Pts',(-29.0088585677539,20.3104294905124,122.427647903122));
#6651=CARTESIAN_POINT('Ctrl Pts',(-29.0088585677539,23.3104294905124,122.427647903122));
#6652=CARTESIAN_POINT('Ctrl Pts',(-29.3612835677539,20.3104294905124,122.427647903122));
#6653=CARTESIAN_POINT('Ctrl Pts',(-29.3612835677539,23.3104294905124,122.427647903122));
#6654=CARTESIAN_POINT('',(-28.3744935005341,20.3104294905124,122.850558172001));
#6655=CARTESIAN_POINT('Ctrl Pts',(-28.3744935005341,20.3104294905124,124.85938094088));
#6656=CARTESIAN_POINT('Ctrl Pts',(-28.3744935005341,23.3104294905124,124.85938094088));
#6657=CARTESIAN_POINT('Ctrl Pts',(-27.810613534144,20.3104294905124,124.295500806441));
#6658=CARTESIAN_POINT('Ctrl Pts',(-27.810613534144,23.3104294905124,124.295500806441));
#6659=CARTESIAN_POINT('Ctrl Pts',(-27.810613534144,20.3104294905124,123.414437634243));
#6660=CARTESIAN_POINT('Ctrl Pts',(-27.810613534144,23.3104294905124,123.414437634243));
#6661=CARTESIAN_POINT('Ctrl Pts',(-28.3744935005341,20.3104294905124,122.850558172001));
#6662=CARTESIAN_POINT('Ctrl Pts',(-28.3744935005341,23.3104294905124,122.850558172001));
#6663=CARTESIAN_POINT('',(-28.3744935005341,20.3104294905124,124.85938094088));
#6664=CARTESIAN_POINT('Origin',(-36.3745409333144,20.3104294905124,132.859428205611));
#6665=CARTESIAN_POINT('',(-36.3745409333144,20.3104294905124,132.859428205611));
#6666=CARTESIAN_POINT('Ctrl Pts',(-38.383363029996,20.3104294905124,132.859428205611));
#6667=CARTESIAN_POINT('Ctrl Pts',(-38.383363029996,23.3104294905124,132.859428205611));
#6668=CARTESIAN_POINT('Ctrl Pts',(-37.8194835677539,20.3104294905124,133.423308172001));
#6669=CARTESIAN_POINT('Ctrl Pts',(-37.8194835677539,23.3104294905124,133.423308172001));
#6670=CARTESIAN_POINT('Ctrl Pts',(-36.9384210677539,20.3104294905124,133.423308172001));
#6671=CARTESIAN_POINT('Ctrl Pts',(-36.9384210677539,23.3104294905124,133.423308172001));
#6672=CARTESIAN_POINT('Ctrl Pts',(-36.3745409333144,20.3104294905124,132.859428205611));
#6673=CARTESIAN_POINT('Ctrl Pts',(-36.3745409333144,23.3104294905124,132.859428205611));
#6674=CARTESIAN_POINT('Ctrl Pts',(-71.7932514167224,20.3104294905124,130.85060594088));
#6675=CARTESIAN_POINT('Ctrl Pts',(-71.7932514167224,23.3104294905124,130.85060594088));
#6676=CARTESIAN_POINT('Ctrl Pts',(-72.3571335677539,20.3104294905124,131.414485739221));
#6677=CARTESIAN_POINT('Ctrl Pts',(-72.3571335677539,23.3104294905124,131.414485739221));
#6678=CARTESIAN_POINT('Ctrl Pts',(-72.3571335677539,20.3104294905124,132.295548239221));
#6679=CARTESIAN_POINT('Ctrl Pts',(-72.3571335677539,23.3104294905124,132.295548239221));
#6680=CARTESIAN_POINT('Ctrl Pts',(-71.7932514167224,20.3104294905124,132.859428205611));
#6681=CARTESIAN_POINT('Ctrl Pts',(-71.7932514167224,23.3104294905124,132.859428205611));
#6682=CARTESIAN_POINT('',(-71.7932514167224,20.3104294905124,132.859428205611));
#6683=CARTESIAN_POINT('',(-71.7932514167224,20.3104294905124,130.85060594088));
#6684=CARTESIAN_POINT('Origin',(-30.3480736349736,20.3104294905124,89.4054278230326));
#6685=CARTESIAN_POINT('',(-30.3480736349736,20.3104294905124,89.4054278230326));
#6686=CARTESIAN_POINT('Ctrl Pts',(-29.3260409333144,20.3104294905124,88.9825135209696));
#6687=CARTESIAN_POINT('Ctrl Pts',(-29.3260409333144,23.3104294905124,88.9825135209696));
#6688=CARTESIAN_POINT('Ctrl Pts',(-29.7137085677539,20.3104294905124,88.9825135209696));
#6689=CARTESIAN_POINT('Ctrl Pts',(-29.7137085677539,23.3104294905124,88.9825135209696));
#6690=CARTESIAN_POINT('Ctrl Pts',(-30.0661335677539,20.3104294905124,89.1234867475168));
#6691=CARTESIAN_POINT('Ctrl Pts',(-30.0661335677539,23.3104294905124,89.1234867475168));
#6692=CARTESIAN_POINT('Ctrl Pts',(-30.3480736349736,20.3104294905124,89.4054278230326));
#6693=CARTESIAN_POINT('Ctrl Pts',(-30.3480736349736,23.3104294905124,89.4054278230326));
#6694=CARTESIAN_POINT('',(-29.3260409333144,20.3104294905124,88.9825135209696));
#6695=CARTESIAN_POINT('Ctrl Pts',(-28.3392508660947,20.3104294905124,89.4054224454539));
#6696=CARTESIAN_POINT('Ctrl Pts',(-28.3392508660947,23.3104294905124,89.4054224454539));
#6697=CARTESIAN_POINT('Ctrl Pts',(-28.6211909333144,20.3104294905124,89.1234813699381));
#6698=CARTESIAN_POINT('Ctrl Pts',(-28.6211909333144,23.3104294905124,89.1234813699381));
#6699=CARTESIAN_POINT('Ctrl Pts',(-28.9736159333144,20.3104294905124,88.9825135209696));
#6700=CARTESIAN_POINT('Ctrl Pts',(-28.9736159333144,23.3104294905124,88.9825135209696));
#6701=CARTESIAN_POINT('Ctrl Pts',(-29.3260409333144,20.3104294905124,88.9825135209696));
#6702=CARTESIAN_POINT('Ctrl Pts',(-29.3260409333144,23.3104294905124,88.9825135209696));
#6703=CARTESIAN_POINT('',(-28.3392508660947,20.3104294905124,89.4054224454539));
#6704=CARTESIAN_POINT('Ctrl Pts',(-28.3392508660947,20.3104294905124,91.4142438699381));
#6705=CARTESIAN_POINT('Ctrl Pts',(-28.3392508660947,23.3104294905124,91.4142438699381));
#6706=CARTESIAN_POINT('Ctrl Pts',(-27.7753708997045,20.3104294905124,90.850364407696));
#6707=CARTESIAN_POINT('Ctrl Pts',(-27.7753708997045,23.3104294905124,90.850364407696));
#6708=CARTESIAN_POINT('Ctrl Pts',(-27.7753708997045,20.3104294905124,89.969301907696));
#6709=CARTESIAN_POINT('Ctrl Pts',(-27.7753708997045,23.3104294905124,89.969301907696));
#6710=CARTESIAN_POINT('Ctrl Pts',(-28.3392508660947,20.3104294905124,89.4054224454539));
#6711=CARTESIAN_POINT('Ctrl Pts',(-28.3392508660947,23.3104294905124,89.4054224454539));
#6712=CARTESIAN_POINT('',(-28.3392508660947,20.3104294905124,91.4142438699381));
#6713=CARTESIAN_POINT('Origin',(-69.7844299922381,20.3104294905124,132.859428205611));
#6714=CARTESIAN_POINT('',(-69.7844299922381,20.3104294905124,132.859428205611));
#6715=CARTESIAN_POINT('Ctrl Pts',(-71.7932514167224,20.3104294905124,132.859428205611));
#6716=CARTESIAN_POINT('Ctrl Pts',(-71.7932514167224,23.3104294905124,132.859428205611));
#6717=CARTESIAN_POINT('Ctrl Pts',(-71.2293719544803,20.3104294905124,133.423308172001));
#6718=CARTESIAN_POINT('Ctrl Pts',(-71.2293719544803,23.3104294905124,133.423308172001));
#6719=CARTESIAN_POINT('Ctrl Pts',(-70.3483094544803,20.3104294905124,133.423308172001));
#6720=CARTESIAN_POINT('Ctrl Pts',(-70.3483094544803,23.3104294905124,133.423308172001));
#6721=CARTESIAN_POINT('Ctrl Pts',(-69.7844299922381,20.3104294905124,132.859428205611));
#6722=CARTESIAN_POINT('Ctrl Pts',(-69.7844299922381,23.3104294905124,132.859428205611));
#6723=CARTESIAN_POINT('Ctrl Pts',(-84.6567639167224,20.3104294905124,110.30422602097));
#6724=CARTESIAN_POINT('Ctrl Pts',(-84.6567639167224,23.3104294905124,110.30422602097));
#6725=CARTESIAN_POINT('Ctrl Pts',(-85.2206460677539,20.3104294905124,110.868105483212));
#6726=CARTESIAN_POINT('Ctrl Pts',(-85.2206460677539,23.3104294905124,110.868105483212));
#6727=CARTESIAN_POINT('Ctrl Pts',(-85.2206460677539,20.3104294905124,111.749167983212));
#6728=CARTESIAN_POINT('Ctrl Pts',(-85.2206460677539,23.3104294905124,111.749167983212));
#6729=CARTESIAN_POINT('Ctrl Pts',(-84.6567639167224,20.3104294905124,112.313047445454));
#6730=CARTESIAN_POINT('Ctrl Pts',(-84.6567639167224,23.3104294905124,112.313047445454));
#6731=CARTESIAN_POINT('',(-84.6567639167224,20.3104294905124,112.313047445454));
#6732=CARTESIAN_POINT('',(-84.6567639167224,20.3104294905124,110.30422602097));
#6733=CARTESIAN_POINT('Origin',(-56.8151889167224,20.3104294905124,82.4626510209696));
#6734=CARTESIAN_POINT('Ctrl Pts',(-84.6567639167224,20.3104294905124,112.313047445454));
#6735=CARTESIAN_POINT('Ctrl Pts',(-84.6567639167224,23.3104294905124,112.313047445454));
#6736=CARTESIAN_POINT('Ctrl Pts',(-84.0928871432696,20.3104294905124,112.876926907696));
#6737=CARTESIAN_POINT('Ctrl Pts',(-84.0928871432696,23.3104294905124,112.876926907696));
#6738=CARTESIAN_POINT('Ctrl Pts',(-83.2118246432697,20.3104294905124,112.876926907696));
#6739=CARTESIAN_POINT('Ctrl Pts',(-83.2118246432697,23.3104294905124,112.876926907696));
#6740=CARTESIAN_POINT('Ctrl Pts',(-82.6479424922381,20.3104294905124,112.313047445454));
#6741=CARTESIAN_POINT('Ctrl Pts',(-82.6479424922381,23.3104294905124,112.313047445454));
#6742=CARTESIAN_POINT('Ctrl Pts',(-109.361758567754,20.3104294905124,93.2116135209696));
#6743=CARTESIAN_POINT('Ctrl Pts',(-109.361758567754,23.3104294905124,93.2116135209696));
#6744=CARTESIAN_POINT('Ctrl Pts',(-109.925640718785,20.3104294905124,93.7754929832117));
#6745=CARTESIAN_POINT('Ctrl Pts',(-109.925640718785,23.3104294905124,93.7754929832117));
#6746=CARTESIAN_POINT('Ctrl Pts',(-109.925640718785,20.3104294905124,94.6565554832117));
#6747=CARTESIAN_POINT('Ctrl Pts',(-109.925640718785,23.3104294905124,94.6565554832117));
#6748=CARTESIAN_POINT('Ctrl Pts',(-109.361758567754,20.3104294905124,95.2204349454538));
#6749=CARTESIAN_POINT('Ctrl Pts',(-109.361758567754,23.3104294905124,95.2204349454538));
#6750=CARTESIAN_POINT('',(-109.361758567754,20.3104294905124,95.2204349454538));
#6751=CARTESIAN_POINT('Ctrl Pts',(-109.361758567754,20.3104294905124,95.2204349454538));
#6752=CARTESIAN_POINT('Ctrl Pts',(-109.361758567754,23.3104294905124,95.2204349454538));
#6753=CARTESIAN_POINT('Ctrl Pts',(-108.797881794301,20.3104294905124,95.784314407696));
#6754=CARTESIAN_POINT('Ctrl Pts',(-108.797881794301,23.3104294905124,95.784314407696));
#6755=CARTESIAN_POINT('Ctrl Pts',(-107.916819294301,20.3104294905124,95.784314407696));
#6756=CARTESIAN_POINT('Ctrl Pts',(-107.916819294301,23.3104294905124,95.784314407696));
#6757=CARTESIAN_POINT('Ctrl Pts',(-107.35293714327,20.3104294905124,95.2204349454538));
#6758=CARTESIAN_POINT('Ctrl Pts',(-107.35293714327,23.3104294905124,95.2204349454538));
#6759=CARTESIAN_POINT('Ctrl Pts',(-105.167897841207,20.3104294905124,105.757942983212));
#6760=CARTESIAN_POINT('Ctrl Pts',(-105.167897841207,23.3104294905124,105.757942983212));
#6761=CARTESIAN_POINT('Ctrl Pts',(-105.731779992238,20.3104294905124,106.321822445454));
#6762=CARTESIAN_POINT('Ctrl Pts',(-105.731779992238,23.3104294905124,106.321822445454));
#6763=CARTESIAN_POINT('Ctrl Pts',(-105.731779992238,20.3104294905124,107.202884945454));
#6764=CARTESIAN_POINT('Ctrl Pts',(-105.731779992238,23.3104294905124,107.202884945454));
#6765=CARTESIAN_POINT('Ctrl Pts',(-105.167897841207,20.3104294905124,107.766764407696));
#6766=CARTESIAN_POINT('Ctrl Pts',(-105.167897841207,23.3104294905124,107.766764407696));
#6767=CARTESIAN_POINT('',(-105.167897841207,20.3104294905124,107.766764407696));
#6768=CARTESIAN_POINT('Ctrl Pts',(-105.167897841207,20.3104294905124,107.766764407696));
#6769=CARTESIAN_POINT('Ctrl Pts',(-105.167897841207,23.3104294905124,107.766764407696));
#6770=CARTESIAN_POINT('Ctrl Pts',(-104.604021067754,20.3104294905124,108.330643869938));
#6771=CARTESIAN_POINT('Ctrl Pts',(-104.604021067754,23.3104294905124,108.330643869938));
#6772=CARTESIAN_POINT('Ctrl Pts',(-103.722958567754,20.3104294905124,108.330643869938));
#6773=CARTESIAN_POINT('Ctrl Pts',(-103.722958567754,23.3104294905124,108.330643869938));
#6774=CARTESIAN_POINT('Ctrl Pts',(-103.159076416722,20.3104294905124,107.766764407696));
#6775=CARTESIAN_POINT('Ctrl Pts',(-103.159076416722,23.3104294905124,107.766764407696));
#6776=CARTESIAN_POINT('Ctrl Pts',(-84.6567639167224,20.3104294905124,118.621458172001));
#6777=CARTESIAN_POINT('Ctrl Pts',(-84.6567639167224,23.3104294905124,118.621458172001));
#6778=CARTESIAN_POINT('Ctrl Pts',(-85.2206460677539,20.3104294905124,119.185338978638));
#6779=CARTESIAN_POINT('Ctrl Pts',(-85.2206460677539,23.3104294905124,119.185338978638));
#6780=CARTESIAN_POINT('Ctrl Pts',(-85.2206460677539,20.3104294905124,120.066401478638));
#6781=CARTESIAN_POINT('Ctrl Pts',(-85.2206460677539,23.3104294905124,120.066401478638));
#6782=CARTESIAN_POINT('Ctrl Pts',(-84.6567639167224,20.3104294905124,120.63028094088));
#6783=CARTESIAN_POINT('Ctrl Pts',(-84.6567639167224,23.3104294905124,120.63028094088));
#6784=CARTESIAN_POINT('',(-84.6567639167224,20.3104294905124,120.63028094088));
#6785=CARTESIAN_POINT('',(-84.6567639167224,20.3104294905124,118.621458172001));
#6786=CARTESIAN_POINT('Origin',(-48.427475529996,20.3104294905124,82.4274117475168));
#6787=CARTESIAN_POINT('Origin',(-82.6479424922381,20.3104294905124,120.63028094088));
#6788=CARTESIAN_POINT('',(-82.6479424922381,20.3104294905124,120.63028094088));
#6789=CARTESIAN_POINT('Ctrl Pts',(-84.6567639167224,20.3104294905124,120.63028094088));
#6790=CARTESIAN_POINT('Ctrl Pts',(-84.6567639167224,23.3104294905124,120.63028094088));
#6791=CARTESIAN_POINT('Ctrl Pts',(-84.0928871432696,20.3104294905124,121.194160403122));
#6792=CARTESIAN_POINT('Ctrl Pts',(-84.0928871432696,23.3104294905124,121.194160403122));
#6793=CARTESIAN_POINT('Ctrl Pts',(-83.2118246432697,20.3104294905124,121.194160403122));
#6794=CARTESIAN_POINT('Ctrl Pts',(-83.2118246432697,23.3104294905124,121.194160403122));
#6795=CARTESIAN_POINT('Ctrl Pts',(-82.6479424922381,20.3104294905124,120.63028094088));
#6796=CARTESIAN_POINT('Ctrl Pts',(-82.6479424922381,23.3104294905124,120.63028094088));
#6797=CARTESIAN_POINT('Ctrl Pts',(-63.4407799922381,20.3104294905124,130.85060594088));
#6798=CARTESIAN_POINT('Ctrl Pts',(-63.4407799922381,23.3104294905124,130.85060594088));
#6799=CARTESIAN_POINT('Ctrl Pts',(-64.0046594544803,20.3104294905124,131.414485739221));
#6800=CARTESIAN_POINT('Ctrl Pts',(-64.0046594544803,23.3104294905124,131.414485739221));
#6801=CARTESIAN_POINT('Ctrl Pts',(-64.0046594544803,20.3104294905124,132.295548239221));
#6802=CARTESIAN_POINT('Ctrl Pts',(-64.0046594544803,23.3104294905124,132.295548239221));
#6803=CARTESIAN_POINT('Ctrl Pts',(-63.4407799922381,20.3104294905124,132.859428205611));
#6804=CARTESIAN_POINT('Ctrl Pts',(-63.4407799922381,23.3104294905124,132.859428205611));
#6805=CARTESIAN_POINT('',(-63.4407799922381,20.3104294905124,132.859428205611));
#6806=CARTESIAN_POINT('',(-63.4407799922381,20.3104294905124,130.85060594088));
#6807=CARTESIAN_POINT('Origin',(-30.3480719544803,20.3104294905124,97.7578992475168));
#6808=CARTESIAN_POINT('',(-30.3480719544803,20.3104294905124,97.7578992475168));
#6809=CARTESIAN_POINT('Ctrl Pts',(-29.3260409333144,20.3104294905124,97.3349876342432));
#6810=CARTESIAN_POINT('Ctrl Pts',(-29.3260409333144,23.3104294905124,97.3349876342432));
#6811=CARTESIAN_POINT('Ctrl Pts',(-29.7137085677539,20.3104294905124,97.3349876342432));
#6812=CARTESIAN_POINT('Ctrl Pts',(-29.7137085677539,23.3104294905124,97.3349876342432));
#6813=CARTESIAN_POINT('Ctrl Pts',(-30.0661335677539,20.3104294905124,97.4759581720011));
#6814=CARTESIAN_POINT('Ctrl Pts',(-30.0661335677539,23.3104294905124,97.4759581720011));
#6815=CARTESIAN_POINT('Ctrl Pts',(-30.3480719544803,20.3104294905124,97.7578992475168));
#6816=CARTESIAN_POINT('Ctrl Pts',(-30.3480719544803,23.3104294905124,97.7578992475168));
#6817=CARTESIAN_POINT('',(-29.3260409333144,20.3104294905124,97.3349876342432));
#6818=CARTESIAN_POINT('Ctrl Pts',(-28.3392508660947,20.3104294905124,97.7578965587275));
#6819=CARTESIAN_POINT('Ctrl Pts',(-28.3392508660947,23.3104294905124,97.7578965587275));
#6820=CARTESIAN_POINT('Ctrl Pts',(-28.6211909333144,20.3104294905124,97.4759581720011));
#6821=CARTESIAN_POINT('Ctrl Pts',(-28.6211909333144,23.3104294905124,97.4759581720011));
#6822=CARTESIAN_POINT('Ctrl Pts',(-28.9736159333144,20.3104294905124,97.3349876342432));
#6823=CARTESIAN_POINT('Ctrl Pts',(-28.9736159333144,23.3104294905124,97.3349876342432));
#6824=CARTESIAN_POINT('Ctrl Pts',(-29.3260409333144,20.3104294905124,97.3349876342432));
#6825=CARTESIAN_POINT('Ctrl Pts',(-29.3260409333144,23.3104294905124,97.3349876342432));
#6826=CARTESIAN_POINT('',(-28.3392508660947,20.3104294905124,97.7578965587275));
#6827=CARTESIAN_POINT('Ctrl Pts',(-28.3392508660947,20.3104294905124,99.7667179832117));
#6828=CARTESIAN_POINT('Ctrl Pts',(-28.3392508660947,23.3104294905124,99.7667179832117));
#6829=CARTESIAN_POINT('Ctrl Pts',(-27.7753708997045,20.3104294905124,99.2028385209696));
#6830=CARTESIAN_POINT('Ctrl Pts',(-27.7753708997045,23.3104294905124,99.2028385209696));
#6831=CARTESIAN_POINT('Ctrl Pts',(-27.7753708997045,20.3104294905124,98.3217760209696));
#6832=CARTESIAN_POINT('Ctrl Pts',(-27.7753708997045,23.3104294905124,98.3217760209696));
#6833=CARTESIAN_POINT('Ctrl Pts',(-28.3392508660947,20.3104294905124,97.7578965587275));
#6834=CARTESIAN_POINT('Ctrl Pts',(-28.3392508660947,23.3104294905124,97.7578965587275));
#6835=CARTESIAN_POINT('',(-28.3392508660947,20.3104294905124,99.7667179832117));
#6836=CARTESIAN_POINT('Origin',(-61.4319585677539,20.3104294905124,132.859428205611));
#6837=CARTESIAN_POINT('',(-61.4319585677539,20.3104294905124,132.859428205611));
#6838=CARTESIAN_POINT('Ctrl Pts',(-63.4407799922381,20.3104294905124,132.859428205611));
#6839=CARTESIAN_POINT('Ctrl Pts',(-63.4407799922381,23.3104294905124,132.859428205611));
#6840=CARTESIAN_POINT('Ctrl Pts',(-62.876900529996,20.3104294905124,133.423308172001));
#6841=CARTESIAN_POINT('Ctrl Pts',(-62.876900529996,23.3104294905124,133.423308172001));
#6842=CARTESIAN_POINT('Ctrl Pts',(-61.995838029996,20.3104294905124,133.423308172001));
#6843=CARTESIAN_POINT('Ctrl Pts',(-61.995838029996,23.3104294905124,133.423308172001));
#6844=CARTESIAN_POINT('Ctrl Pts',(-61.4319585677539,20.3104294905124,132.859428205611));
#6845=CARTESIAN_POINT('Ctrl Pts',(-61.4319585677539,23.3104294905124,132.859428205611));
#6846=CARTESIAN_POINT('Ctrl Pts',(-107.35293714327,20.3104294905124,130.286725806441));
#6847=CARTESIAN_POINT('Ctrl Pts',(-107.35293714327,23.3104294905124,130.286725806441));
#6848=CARTESIAN_POINT('Ctrl Pts',(-106.577603218785,20.3104294905124,131.203030604781));
#6849=CARTESIAN_POINT('Ctrl Pts',(-106.577603218785,23.3104294905124,131.203030604781));
#6850=CARTESIAN_POINT('Ctrl Pts',(-105.449838916722,20.3104294905124,131.766910739221));
#6851=CARTESIAN_POINT('Ctrl Pts',(-105.449838916722,23.3104294905124,131.766910739221));
#6852=CARTESIAN_POINT('Ctrl Pts',(-104.251596067754,20.3104294905124,131.837395672001));
#6853=CARTESIAN_POINT('Ctrl Pts',(-104.251596067754,23.3104294905124,131.837395672001));
#6854=CARTESIAN_POINT('',(-104.251596067754,20.3104294905124,131.837395672001));
#6855=CARTESIAN_POINT('',(-107.35293714327,20.3104294905124,130.286725806441));
#6856=CARTESIAN_POINT('Ctrl Pts',(-108.304483567754,20.3104294905124,127.819750806441));
#6857=CARTESIAN_POINT('Ctrl Pts',(-108.304483567754,23.3104294905124,127.819750806441));
#6858=CARTESIAN_POINT('Ctrl Pts',(-108.022542492238,20.3104294905124,129.476148239221));
#6859=CARTESIAN_POINT('Ctrl Pts',(-108.022542492238,23.3104294905124,129.476148239221));
#6860=CARTESIAN_POINT('Ctrl Pts',(-107.35293714327,20.3104294905124,130.286725806441));
#6861=CARTESIAN_POINT('Ctrl Pts',(-107.35293714327,23.3104294905124,130.286725806441));
#6862=CARTESIAN_POINT('',(-108.304483567754,20.3104294905124,127.819750806441));
#6863=CARTESIAN_POINT('Origin',(-108.304483567754,20.3104294905124,109.564136747517));
#6864=CARTESIAN_POINT('',(-108.304483567754,20.3104294905124,109.564136747517));
#6865=CARTESIAN_POINT('Origin',(-102.524715718785,20.3104294905124,109.564136747517));
#6866=CARTESIAN_POINT('',(-102.524715718785,20.3104294905124,109.564136747517));
#6867=CARTESIAN_POINT('Origin',(-102.524715718785,20.3104294905124,125.493745672001));
#6868=CARTESIAN_POINT('',(-102.524715718785,20.3104294905124,125.493745672001));
#6869=CARTESIAN_POINT('Origin',(-102.559954992238,20.3104294905124,125.493745672001));
#6870=CARTESIAN_POINT('',(-102.559954992238,20.3104294905124,125.493745672001));
#6871=CARTESIAN_POINT('Ctrl Pts',(-102.278013916722,20.3104294905124,126.410050806441));
#6872=CARTESIAN_POINT('Ctrl Pts',(-102.278013916722,23.3104294905124,126.410050806441));
#6873=CARTESIAN_POINT('Ctrl Pts',(-102.454226416722,20.3104294905124,126.128110403122));
#6874=CARTESIAN_POINT('Ctrl Pts',(-102.454226416722,23.3104294905124,126.128110403122));
#6875=CARTESIAN_POINT('Ctrl Pts',(-102.524710341207,20.3104294905124,125.810928037562));
#6876=CARTESIAN_POINT('Ctrl Pts',(-102.524710341207,23.3104294905124,125.810928037562));
#6877=CARTESIAN_POINT('Ctrl Pts',(-102.559954992238,20.3104294905124,125.493745672001));
#6878=CARTESIAN_POINT('Ctrl Pts',(-102.559954992238,23.3104294905124,125.493745672001));
#6879=CARTESIAN_POINT('',(-102.278013916722,20.3104294905124,126.410050806441));
#6880=CARTESIAN_POINT('Ctrl Pts',(-101.502679992238,20.3104294905124,126.868203037562));
#6881=CARTESIAN_POINT('Ctrl Pts',(-101.502679992238,23.3104294905124,126.868203037562));
#6882=CARTESIAN_POINT('Ctrl Pts',(-101.819860341207,20.3104294905124,126.83296107532));
#6883=CARTESIAN_POINT('Ctrl Pts',(-101.819860341207,23.3104294905124,126.83296107532));
#6884=CARTESIAN_POINT('Ctrl Pts',(-102.101801416722,20.3104294905124,126.65674857532));
#6885=CARTESIAN_POINT('Ctrl Pts',(-102.101801416722,23.3104294905124,126.65674857532));
#6886=CARTESIAN_POINT('Ctrl Pts',(-102.278013916722,20.3104294905124,126.410050806441));
#6887=CARTESIAN_POINT('Ctrl Pts',(-102.278013916722,23.3104294905124,126.410050806441));
#6888=CARTESIAN_POINT('',(-101.502679992238,20.3104294905124,126.868203037562));
#6889=CARTESIAN_POINT('Origin',(-91.9167210677539,20.3104294905124,126.868203037562));
#6890=CARTESIAN_POINT('',(-91.9167210677539,20.3104294905124,126.868203037562));
#6891=CARTESIAN_POINT('Origin',(-91.9167210677539,20.3104294905124,109.528892096485));
#6892=CARTESIAN_POINT('',(-91.9167210677539,20.3104294905124,109.528892096485));
#6893=CARTESIAN_POINT('Origin',(-86.3836496432697,20.3104294905124,109.528892096485));
#6894=CARTESIAN_POINT('',(-86.3836496432697,20.3104294905124,109.528892096485));
#6895=CARTESIAN_POINT('Origin',(-86.3836496432696,20.3104294905124,131.837395672001));
#6896=CARTESIAN_POINT('',(-86.3836496432696,20.3104294905124,131.837395672001));
#6897=CARTESIAN_POINT('Origin',(-104.251596067754,20.3104294905124,131.837395672001));
#6898=CARTESIAN_POINT('Ctrl Pts',(-46.735835798875,20.3104294905124,130.85060594088));
#6899=CARTESIAN_POINT('Ctrl Pts',(-46.735835798875,23.3104294905124,130.85060594088));
#6900=CARTESIAN_POINT('Ctrl Pts',(-47.2997152611171,20.3104294905124,131.414485739221));
#6901=CARTESIAN_POINT('Ctrl Pts',(-47.2997152611171,23.3104294905124,131.414485739221));
#6902=CARTESIAN_POINT('Ctrl Pts',(-47.2997152611171,20.3104294905124,132.295548239221));
#6903=CARTESIAN_POINT('Ctrl Pts',(-47.2997152611171,23.3104294905124,132.295548239221));
#6904=CARTESIAN_POINT('Ctrl Pts',(-46.735835798875,20.3104294905124,132.859428205611));
#6905=CARTESIAN_POINT('Ctrl Pts',(-46.735835798875,23.3104294905124,132.859428205611));
#6906=CARTESIAN_POINT('',(-46.735835798875,20.3104294905124,132.859428205611));
#6907=CARTESIAN_POINT('',(-46.735835798875,20.3104294905124,130.85060594088));
#6908=CARTESIAN_POINT('Origin',(-30.3480736349736,20.3104294905124,114.498085403122));
#6909=CARTESIAN_POINT('',(-30.3480736349736,20.3104294905124,114.498085403122));
#6910=CARTESIAN_POINT('Ctrl Pts',(-29.3612835677539,20.3104294905124,114.075175134243));
#6911=CARTESIAN_POINT('Ctrl Pts',(-29.3612835677539,23.3104294905124,114.075175134243));
#6912=CARTESIAN_POINT('Ctrl Pts',(-29.7137085677539,20.3104294905124,114.075175134243));
#6913=CARTESIAN_POINT('Ctrl Pts',(-29.7137085677539,23.3104294905124,114.075175134243));
#6914=CARTESIAN_POINT('Ctrl Pts',(-30.0661335677539,20.3104294905124,114.216145672001));
#6915=CARTESIAN_POINT('Ctrl Pts',(-30.0661335677539,23.3104294905124,114.216145672001));
#6916=CARTESIAN_POINT('Ctrl Pts',(-30.3480736349736,20.3104294905124,114.498085403122));
#6917=CARTESIAN_POINT('Ctrl Pts',(-30.3480736349736,23.3104294905124,114.498085403122));
#6918=CARTESIAN_POINT('',(-29.3612835677539,20.3104294905124,114.075175134243));
#6919=CARTESIAN_POINT('Ctrl Pts',(-28.3744935005341,20.3104294905124,114.498085403122));
#6920=CARTESIAN_POINT('Ctrl Pts',(-28.3744935005341,23.3104294905124,114.498085403122));
#6921=CARTESIAN_POINT('Ctrl Pts',(-28.6564335677539,20.3104294905124,114.216145672001));
#6922=CARTESIAN_POINT('Ctrl Pts',(-28.6564335677539,23.3104294905124,114.216145672001));
#6923=CARTESIAN_POINT('Ctrl Pts',(-29.0088585677539,20.3104294905124,114.075175134243));
#6924=CARTESIAN_POINT('Ctrl Pts',(-29.0088585677539,23.3104294905124,114.075175134243));
#6925=CARTESIAN_POINT('Ctrl Pts',(-29.3612835677539,20.3104294905124,114.075175134243));
#6926=CARTESIAN_POINT('Ctrl Pts',(-29.3612835677539,23.3104294905124,114.075175134243));
#6927=CARTESIAN_POINT('',(-28.3744935005341,20.3104294905124,114.498085403122));
#6928=CARTESIAN_POINT('Ctrl Pts',(-28.3744935005341,20.3104294905124,116.506908172001));
#6929=CARTESIAN_POINT('Ctrl Pts',(-28.3744935005341,23.3104294905124,116.506908172001));
#6930=CARTESIAN_POINT('Ctrl Pts',(-27.810613534144,20.3104294905124,115.943027365364));
#6931=CARTESIAN_POINT('Ctrl Pts',(-27.810613534144,23.3104294905124,115.943027365364));
#6932=CARTESIAN_POINT('Ctrl Pts',(-27.810613534144,20.3104294905124,115.061964865364));
#6933=CARTESIAN_POINT('Ctrl Pts',(-27.810613534144,23.3104294905124,115.061964865364));
#6934=CARTESIAN_POINT('Ctrl Pts',(-28.3744935005341,20.3104294905124,114.498085403122));
#6935=CARTESIAN_POINT('Ctrl Pts',(-28.3744935005341,23.3104294905124,114.498085403122));
#6936=CARTESIAN_POINT('',(-28.3744935005341,20.3104294905124,116.506908172001));
#6937=CARTESIAN_POINT('Origin',(-44.727013029996,20.3104294905124,132.859428205611));
#6938=CARTESIAN_POINT('',(-44.727013029996,20.3104294905124,132.859428205611));
#6939=CARTESIAN_POINT('Ctrl Pts',(-46.735835798875,20.3104294905124,132.859428205611));
#6940=CARTESIAN_POINT('Ctrl Pts',(-46.735835798875,23.3104294905124,132.859428205611));
#6941=CARTESIAN_POINT('Ctrl Pts',(-46.1719549922381,20.3104294905124,133.423308172001));
#6942=CARTESIAN_POINT('Ctrl Pts',(-46.1719549922381,23.3104294905124,133.423308172001));
#6943=CARTESIAN_POINT('Ctrl Pts',(-45.2908924922381,20.3104294905124,133.423308172001));
#6944=CARTESIAN_POINT('Ctrl Pts',(-45.2908924922381,23.3104294905124,133.423308172001));
#6945=CARTESIAN_POINT('Ctrl Pts',(-44.727013029996,20.3104294905124,132.859428205611));
#6946=CARTESIAN_POINT('Ctrl Pts',(-44.727013029996,23.3104294905124,132.859428205611));
#6947=CARTESIAN_POINT('Ctrl Pts',(-80.1809674922381,20.3104294905124,130.85060594088));
#6948=CARTESIAN_POINT('Ctrl Pts',(-80.1809674922381,23.3104294905124,130.85060594088));
#6949=CARTESIAN_POINT('Ctrl Pts',(-80.7448496432696,20.3104294905124,131.414485739221));
#6950=CARTESIAN_POINT('Ctrl Pts',(-80.7448496432696,23.3104294905124,131.414485739221));
#6951=CARTESIAN_POINT('Ctrl Pts',(-80.7448496432696,20.3104294905124,132.295548239221));
#6952=CARTESIAN_POINT('Ctrl Pts',(-80.7448496432696,23.3104294905124,132.295548239221));
#6953=CARTESIAN_POINT('Ctrl Pts',(-80.1809674922381,20.3104294905124,132.859428205611));
#6954=CARTESIAN_POINT('Ctrl Pts',(-80.1809674922381,23.3104294905124,132.859428205611));
#6955=CARTESIAN_POINT('',(-80.1809674922381,20.3104294905124,132.859428205611));
#6956=CARTESIAN_POINT('',(-80.1809674922381,20.3104294905124,130.85060594088));
#6957=CARTESIAN_POINT('Origin',(-31.7225310005341,20.3104294905124,82.4274117475169));
#6958=CARTESIAN_POINT('',(-31.7225310005341,20.3104294905124,82.4274117475168));
#6959=CARTESIAN_POINT('Ctrl Pts',(-30.7357409333144,20.3104294905124,82.0397420964853));
#6960=CARTESIAN_POINT('Ctrl Pts',(-30.7357409333144,23.3104294905124,82.0397420964853));
#6961=CARTESIAN_POINT('Ctrl Pts',(-31.0881659333144,20.3104294905124,82.0397420964853));
#6962=CARTESIAN_POINT('Ctrl Pts',(-31.0881659333144,23.3104294905124,82.0397420964853));
#6963=CARTESIAN_POINT('Ctrl Pts',(-31.4405909333144,20.3104294905124,82.1454706720011));
#6964=CARTESIAN_POINT('Ctrl Pts',(-31.4405909333144,23.3104294905124,82.1454706720011));
#6965=CARTESIAN_POINT('Ctrl Pts',(-31.7225310005341,20.3104294905124,82.4274117475168));
#6966=CARTESIAN_POINT('Ctrl Pts',(-31.7225310005341,23.3104294905124,82.4274117475168));
#6967=CARTESIAN_POINT('',(-30.7357409333144,20.3104294905124,82.0397420964853));
#6968=CARTESIAN_POINT('Ctrl Pts',(-29.7489508660947,20.3104294905124,82.4626510209696));
#6969=CARTESIAN_POINT('Ctrl Pts',(-29.7489508660947,23.3104294905124,82.4626510209696));
#6970=CARTESIAN_POINT('Ctrl Pts',(-30.0308909333144,20.3104294905124,82.1807099454538));
#6971=CARTESIAN_POINT('Ctrl Pts',(-30.0308909333144,23.3104294905124,82.1807099454538));
#6972=CARTESIAN_POINT('Ctrl Pts',(-30.3833159333144,20.3104294905124,82.0397420964853));
#6973=CARTESIAN_POINT('Ctrl Pts',(-30.3833159333144,23.3104294905124,82.0397420964853));
#6974=CARTESIAN_POINT('Ctrl Pts',(-30.7357409333144,20.3104294905124,82.0397420964853));
#6975=CARTESIAN_POINT('Ctrl Pts',(-30.7357409333144,23.3104294905124,82.0397420964853));
#6976=CARTESIAN_POINT('',(-29.7489508660947,20.3104294905124,82.4626510209696));
#6977=CARTESIAN_POINT('Ctrl Pts',(-29.7489508660947,20.3104294905124,84.4714724454538));
#6978=CARTESIAN_POINT('Ctrl Pts',(-29.7489508660947,23.3104294905124,84.4714724454538));
#6979=CARTESIAN_POINT('Ctrl Pts',(-29.1850708997045,20.3104294905124,83.9075956720011));
#6980=CARTESIAN_POINT('Ctrl Pts',(-29.1850708997045,23.3104294905124,83.9075956720011));
#6981=CARTESIAN_POINT('Ctrl Pts',(-29.1850708997045,20.3104294905124,83.0265331720011));
#6982=CARTESIAN_POINT('Ctrl Pts',(-29.1850708997045,23.3104294905124,83.0265331720011));
#6983=CARTESIAN_POINT('Ctrl Pts',(-29.7489508660947,20.3104294905124,82.4626510209696));
#6984=CARTESIAN_POINT('Ctrl Pts',(-29.7489508660947,23.3104294905124,82.4626510209696));
#6985=CARTESIAN_POINT('',(-29.7489508660947,20.3104294905124,84.4714724454538));
#6986=CARTESIAN_POINT('Origin',(-78.1721460677539,20.3104294905124,132.859428205611));
#6987=CARTESIAN_POINT('',(-78.1721460677539,20.3104294905124,132.859428205611));
#6988=CARTESIAN_POINT('Ctrl Pts',(-80.1809674922381,20.3104294905124,132.859428205611));
#6989=CARTESIAN_POINT('Ctrl Pts',(-80.1809674922381,23.3104294905124,132.859428205611));
#6990=CARTESIAN_POINT('Ctrl Pts',(-79.6170907187854,20.3104294905124,133.423308172001));
#6991=CARTESIAN_POINT('Ctrl Pts',(-79.6170907187854,23.3104294905124,133.423308172001));
#6992=CARTESIAN_POINT('Ctrl Pts',(-78.7360282187854,20.3104294905124,133.423308172001));
#6993=CARTESIAN_POINT('Ctrl Pts',(-78.7360282187854,23.3104294905124,133.423308172001));
#6994=CARTESIAN_POINT('Ctrl Pts',(-78.1721460677539,20.3104294905124,132.859428205611));
#6995=CARTESIAN_POINT('Ctrl Pts',(-78.1721460677539,23.3104294905124,132.859428205611));
#6996=CARTESIAN_POINT('Ctrl Pts',(-88.4629549922382,20.3104294905124,105.757942983212));
#6997=CARTESIAN_POINT('Ctrl Pts',(-88.4629549922382,23.3104294905124,105.757942983212));
#6998=CARTESIAN_POINT('Ctrl Pts',(-89.0268371432696,20.3104294905124,106.321822445454));
#6999=CARTESIAN_POINT('Ctrl Pts',(-89.0268371432696,23.3104294905124,106.321822445454));
#7000=CARTESIAN_POINT('Ctrl Pts',(-89.0268371432696,20.3104294905124,107.202884945454));
#7001=CARTESIAN_POINT('Ctrl Pts',(-89.0268371432696,23.3104294905124,107.202884945454));
#7002=CARTESIAN_POINT('Ctrl Pts',(-88.4629549922382,20.3104294905124,107.766764407696));
#7003=CARTESIAN_POINT('Ctrl Pts',(-88.4629549922382,23.3104294905124,107.766764407696));
#7004=CARTESIAN_POINT('',(-88.4629549922382,20.3104294905124,107.766764407696));
#7005=CARTESIAN_POINT('',(-88.4629549922382,20.3104294905124,105.757942983212));
#7006=CARTESIAN_POINT('Origin',(-65.167663029996,20.3104294905124,82.4626510209696));
#7007=CARTESIAN_POINT('Ctrl Pts',(-88.4629549922382,20.3104294905124,107.766764407696));
#7008=CARTESIAN_POINT('Ctrl Pts',(-88.4629549922382,23.3104294905124,107.766764407696));
#7009=CARTESIAN_POINT('Ctrl Pts',(-87.8990782187854,20.3104294905124,108.330643869938));
#7010=CARTESIAN_POINT('Ctrl Pts',(-87.8990782187854,23.3104294905124,108.330643869938));
#7011=CARTESIAN_POINT('Ctrl Pts',(-87.0180157187854,20.3104294905124,108.330643869938));
#7012=CARTESIAN_POINT('Ctrl Pts',(-87.0180157187854,23.3104294905124,108.330643869938));
#7013=CARTESIAN_POINT('Ctrl Pts',(-86.4541335677539,20.3104294905124,107.766764407696));
#7014=CARTESIAN_POINT('Ctrl Pts',(-86.4541335677539,23.3104294905124,107.766764407696));
#7015=CARTESIAN_POINT('Ctrl Pts',(-109.361753190175,20.3104294905124,101.564084945454));
#7016=CARTESIAN_POINT('Ctrl Pts',(-109.361753190175,23.3104294905124,101.564084945454));
#7017=CARTESIAN_POINT('Ctrl Pts',(-109.925635341207,20.3104294905124,102.127964407696));
#7018=CARTESIAN_POINT('Ctrl Pts',(-109.925635341207,23.3104294905124,102.127964407696));
#7019=CARTESIAN_POINT('Ctrl Pts',(-109.925635341207,20.3104294905124,103.009026907696));
#7020=CARTESIAN_POINT('Ctrl Pts',(-109.925635341207,23.3104294905124,103.009026907696));
#7021=CARTESIAN_POINT('Ctrl Pts',(-109.361753190175,20.3104294905124,103.572906369938));
#7022=CARTESIAN_POINT('Ctrl Pts',(-109.361753190175,23.3104294905124,103.572906369938));
#7023=CARTESIAN_POINT('',(-109.361753190175,20.3104294905124,103.572906369938));
#7024=CARTESIAN_POINT('Ctrl Pts',(-109.361753190175,20.3104294905124,103.572906369938));
#7025=CARTESIAN_POINT('Ctrl Pts',(-109.361753190175,23.3104294905124,103.572906369938));
#7026=CARTESIAN_POINT('Ctrl Pts',(-108.797876416722,20.3104294905124,104.13678583218));
#7027=CARTESIAN_POINT('Ctrl Pts',(-108.797876416722,23.3104294905124,104.13678583218));
#7028=CARTESIAN_POINT('Ctrl Pts',(-107.916813916722,20.3104294905124,104.13678583218));
#7029=CARTESIAN_POINT('Ctrl Pts',(-107.916813916722,23.3104294905124,104.13678583218));
#7030=CARTESIAN_POINT('Ctrl Pts',(-107.352931765691,20.3104294905124,103.572906369938));
#7031=CARTESIAN_POINT('Ctrl Pts',(-107.352931765691,23.3104294905124,103.572906369938));
#7032=CARTESIAN_POINT('Ctrl Pts',(-96.8154210391437,20.3104294905124,105.757942983212));
#7033=CARTESIAN_POINT('Ctrl Pts',(-96.8154210391437,23.3104294905124,105.757942983212));
#7034=CARTESIAN_POINT('Ctrl Pts',(-97.3793031901752,20.3104294905124,106.321822445454));
#7035=CARTESIAN_POINT('Ctrl Pts',(-97.3793031901752,23.3104294905124,106.321822445454));
#7036=CARTESIAN_POINT('Ctrl Pts',(-97.3793031901752,20.3104294905124,107.202884945454));
#7037=CARTESIAN_POINT('Ctrl Pts',(-97.3793031901752,23.3104294905124,107.202884945454));
#7038=CARTESIAN_POINT('Ctrl Pts',(-96.8154210391437,20.3104294905124,107.766764407696));
#7039=CARTESIAN_POINT('Ctrl Pts',(-96.8154210391437,23.3104294905124,107.766764407696));
#7040=CARTESIAN_POINT('',(-96.8154210391437,20.3104294905124,107.766764407696));
#7041=CARTESIAN_POINT('',(-96.8154210391437,20.3104294905124,105.757942983212));
#7042=CARTESIAN_POINT('Origin',(-73.5201317656909,20.3104294905124,82.4626510209696));
#7043=CARTESIAN_POINT('Ctrl Pts',(-96.8154210391437,20.3104294905124,107.766764407696));
#7044=CARTESIAN_POINT('Ctrl Pts',(-96.8154210391437,23.3104294905124,107.766764407696));
#7045=CARTESIAN_POINT('Ctrl Pts',(-96.2515442656909,20.3104294905124,108.330643869938));
#7046=CARTESIAN_POINT('Ctrl Pts',(-96.2515442656909,23.3104294905124,108.330643869938));
#7047=CARTESIAN_POINT('Ctrl Pts',(-95.3704817656909,20.3104294905124,108.330643869938));
#7048=CARTESIAN_POINT('Ctrl Pts',(-95.3704817656909,23.3104294905124,108.330643869938));
#7049=CARTESIAN_POINT('Ctrl Pts',(-94.8065996146594,20.3104294905124,107.766764407696));
#7050=CARTESIAN_POINT('Ctrl Pts',(-94.8065996146594,23.3104294905124,107.766764407696));
#7051=CARTESIAN_POINT('Ctrl Pts',(-84.6567639167224,20.3104294905124,126.97393094088));
#7052=CARTESIAN_POINT('Ctrl Pts',(-84.6567639167224,23.3104294905124,126.97393094088));
#7053=CARTESIAN_POINT('Ctrl Pts',(-85.2206460677539,20.3104294905124,127.537810403122));
#7054=CARTESIAN_POINT('Ctrl Pts',(-85.2206460677539,23.3104294905124,127.537810403122));
#7055=CARTESIAN_POINT('Ctrl Pts',(-85.2206460677539,20.3104294905124,128.418872903122));
#7056=CARTESIAN_POINT('Ctrl Pts',(-85.2206460677539,23.3104294905124,128.418872903122));
#7057=CARTESIAN_POINT('Ctrl Pts',(-84.6567639167224,20.3104294905124,128.982753037562));
#7058=CARTESIAN_POINT('Ctrl Pts',(-84.6567639167224,23.3104294905124,128.982753037562));
#7059=CARTESIAN_POINT('',(-84.6567639167224,20.3104294905124,128.982753037562));
#7060=CARTESIAN_POINT('',(-84.6567639167224,20.3104294905124,126.97393094088));
#7061=CARTESIAN_POINT('Origin',(-40.0750041055118,20.3104294905124,82.4274117475168));
#7062=CARTESIAN_POINT('',(-40.0750041055118,20.3104294905124,82.4274117475168));
#7063=CARTESIAN_POINT('Ctrl Pts',(-39.088213029996,20.3104294905124,82.0397420964853));
#7064=CARTESIAN_POINT('Ctrl Pts',(-39.088213029996,23.3104294905124,82.0397420964853));
#7065=CARTESIAN_POINT('Ctrl Pts',(-39.440638029996,20.3104294905124,82.0397420964853));
#7066=CARTESIAN_POINT('Ctrl Pts',(-39.440638029996,23.3104294905124,82.0397420964853));
#7067=CARTESIAN_POINT('Ctrl Pts',(-39.793063029996,20.3104294905124,82.1454706720011));
#7068=CARTESIAN_POINT('Ctrl Pts',(-39.793063029996,23.3104294905124,82.1454706720011));
#7069=CARTESIAN_POINT('Ctrl Pts',(-40.0750041055118,20.3104294905124,82.4274117475168));
#7070=CARTESIAN_POINT('Ctrl Pts',(-40.0750041055118,23.3104294905124,82.4274117475168));
#7071=CARTESIAN_POINT('',(-39.088213029996,20.3104294905124,82.0397420964853));
#7072=CARTESIAN_POINT('Ctrl Pts',(-38.1014232988749,20.3104294905124,82.4626510209696));
#7073=CARTESIAN_POINT('Ctrl Pts',(-38.1014232988749,23.3104294905124,82.4626510209696));
#7074=CARTESIAN_POINT('Ctrl Pts',(-38.383363029996,20.3104294905124,82.1807099454538));
#7075=CARTESIAN_POINT('Ctrl Pts',(-38.383363029996,23.3104294905124,82.1807099454538));
#7076=CARTESIAN_POINT('Ctrl Pts',(-38.735788029996,20.3104294905124,82.0397420964853));
#7077=CARTESIAN_POINT('Ctrl Pts',(-38.735788029996,23.3104294905124,82.0397420964853));
#7078=CARTESIAN_POINT('Ctrl Pts',(-39.088213029996,20.3104294905124,82.0397420964853));
#7079=CARTESIAN_POINT('Ctrl Pts',(-39.088213029996,23.3104294905124,82.0397420964853));
#7080=CARTESIAN_POINT('',(-38.1014232988749,20.3104294905124,82.4626510209696));
#7081=CARTESIAN_POINT('Ctrl Pts',(-38.1014232988749,20.3104294905124,84.4714724454538));
#7082=CARTESIAN_POINT('Ctrl Pts',(-38.1014232988749,23.3104294905124,84.4714724454538));
#7083=CARTESIAN_POINT('Ctrl Pts',(-37.5375431644355,20.3104294905124,83.9075956720011));
#7084=CARTESIAN_POINT('Ctrl Pts',(-37.5375431644355,23.3104294905124,83.9075956720011));
#7085=CARTESIAN_POINT('Ctrl Pts',(-37.5375431644355,20.3104294905124,83.0265331720011));
#7086=CARTESIAN_POINT('Ctrl Pts',(-37.5375431644355,23.3104294905124,83.0265331720011));
#7087=CARTESIAN_POINT('Ctrl Pts',(-38.1014232988749,20.3104294905124,82.4626510209696));
#7088=CARTESIAN_POINT('Ctrl Pts',(-38.1014232988749,23.3104294905124,82.4626510209696));
#7089=CARTESIAN_POINT('',(-38.1014232988749,20.3104294905124,84.4714724454538));
#7090=CARTESIAN_POINT('Origin',(-82.6479424922381,20.3104294905124,128.982753037562));
#7091=CARTESIAN_POINT('',(-82.6479424922381,20.3104294905124,128.982753037562));
#7092=CARTESIAN_POINT('Ctrl Pts',(-84.6567639167224,20.3104294905124,128.982753037562));
#7093=CARTESIAN_POINT('Ctrl Pts',(-84.6567639167224,23.3104294905124,128.982753037562));
#7094=CARTESIAN_POINT('Ctrl Pts',(-84.0928871432696,20.3104294905124,129.546633172001));
#7095=CARTESIAN_POINT('Ctrl Pts',(-84.0928871432696,23.3104294905124,129.546633172001));
#7096=CARTESIAN_POINT('Ctrl Pts',(-83.2118246432697,20.3104294905124,129.546633172001));
#7097=CARTESIAN_POINT('Ctrl Pts',(-83.2118246432697,23.3104294905124,129.546633172001));
#7098=CARTESIAN_POINT('Ctrl Pts',(-82.6479424922381,20.3104294905124,128.982753037562));
#7099=CARTESIAN_POINT('Ctrl Pts',(-82.6479424922381,23.3104294905124,128.982753037562));
#7100=CARTESIAN_POINT('Ctrl Pts',(-55.0883085677539,20.3104294905124,130.85060594088));
#7101=CARTESIAN_POINT('Ctrl Pts',(-55.0883085677539,23.3104294905124,130.85060594088));
#7102=CARTESIAN_POINT('Ctrl Pts',(-55.652188029996,20.3104294905124,131.414485739221));
#7103=CARTESIAN_POINT('Ctrl Pts',(-55.652188029996,23.3104294905124,131.414485739221));
#7104=CARTESIAN_POINT('Ctrl Pts',(-55.652188029996,20.3104294905124,132.295548239221));
#7105=CARTESIAN_POINT('Ctrl Pts',(-55.652188029996,23.3104294905124,132.295548239221));
#7106=CARTESIAN_POINT('Ctrl Pts',(-55.0883085677539,20.3104294905124,132.859428205611));
#7107=CARTESIAN_POINT('Ctrl Pts',(-55.0883085677539,23.3104294905124,132.859428205611));
#7108=CARTESIAN_POINT('',(-55.0883085677539,20.3104294905124,132.859428205611));
#7109=CARTESIAN_POINT('',(-55.0883085677539,20.3104294905124,130.85060594088));
#7110=CARTESIAN_POINT('Origin',(-30.3480736349736,20.3104294905124,106.110370672001));
#7111=CARTESIAN_POINT('',(-30.3480736349736,20.3104294905124,106.110370672001));
#7112=CARTESIAN_POINT('Ctrl Pts',(-29.3260409333144,20.3104294905124,105.687461747517));
#7113=CARTESIAN_POINT('Ctrl Pts',(-29.3260409333144,23.3104294905124,105.687461747517));
#7114=CARTESIAN_POINT('Ctrl Pts',(-29.7137085677539,20.3104294905124,105.687461747517));
#7115=CARTESIAN_POINT('Ctrl Pts',(-29.7137085677539,23.3104294905124,105.687461747517));
#7116=CARTESIAN_POINT('Ctrl Pts',(-30.0661335677539,20.3104294905124,105.828429596485));
#7117=CARTESIAN_POINT('Ctrl Pts',(-30.0661335677539,23.3104294905124,105.828429596485));
#7118=CARTESIAN_POINT('Ctrl Pts',(-30.3480736349736,20.3104294905124,106.110370672001));
#7119=CARTESIAN_POINT('Ctrl Pts',(-30.3480736349736,23.3104294905124,106.110370672001));
#7120=CARTESIAN_POINT('',(-29.3260409333144,20.3104294905124,105.687461747517));
#7121=CARTESIAN_POINT('Ctrl Pts',(-28.3392508660947,20.3104294905124,106.110370672001));
#7122=CARTESIAN_POINT('Ctrl Pts',(-28.3392508660947,23.3104294905124,106.110370672001));
#7123=CARTESIAN_POINT('Ctrl Pts',(-28.6211909333144,20.3104294905124,105.828432285275));
#7124=CARTESIAN_POINT('Ctrl Pts',(-28.6211909333144,23.3104294905124,105.828432285275));
#7125=CARTESIAN_POINT('Ctrl Pts',(-28.9736159333144,20.3104294905124,105.687461747517));
#7126=CARTESIAN_POINT('Ctrl Pts',(-28.9736159333144,23.3104294905124,105.687461747517));
#7127=CARTESIAN_POINT('Ctrl Pts',(-29.3260409333144,20.3104294905124,105.687461747517));
#7128=CARTESIAN_POINT('Ctrl Pts',(-29.3260409333144,23.3104294905124,105.687461747517));
#7129=CARTESIAN_POINT('',(-28.3392508660947,20.3104294905124,106.110370672001));
#7130=CARTESIAN_POINT('Ctrl Pts',(-28.3392508660947,20.3104294905124,108.119192096485));
#7131=CARTESIAN_POINT('Ctrl Pts',(-28.3392508660947,23.3104294905124,108.119192096485));
#7132=CARTESIAN_POINT('Ctrl Pts',(-27.7753708997045,20.3104294905124,107.555312634243));
#7133=CARTESIAN_POINT('Ctrl Pts',(-27.7753708997045,23.3104294905124,107.555312634243));
#7134=CARTESIAN_POINT('Ctrl Pts',(-27.7753708997045,20.3104294905124,106.674250134243));
#7135=CARTESIAN_POINT('Ctrl Pts',(-27.7753708997045,23.3104294905124,106.674250134243));
#7136=CARTESIAN_POINT('Ctrl Pts',(-28.3392508660947,20.3104294905124,106.110370672001));
#7137=CARTESIAN_POINT('Ctrl Pts',(-28.3392508660947,23.3104294905124,106.110370672001));
#7138=CARTESIAN_POINT('',(-28.3392508660947,20.3104294905124,108.119192096485));
#7139=CARTESIAN_POINT('Origin',(-53.0794871432696,20.3104294905124,132.859428205611));
#7140=CARTESIAN_POINT('',(-53.0794871432696,20.3104294905124,132.859428205611));
#7141=CARTESIAN_POINT('Ctrl Pts',(-55.0883085677539,20.3104294905124,132.859428205611));
#7142=CARTESIAN_POINT('Ctrl Pts',(-55.0883085677539,23.3104294905124,132.859428205611));
#7143=CARTESIAN_POINT('Ctrl Pts',(-54.5244291055118,20.3104294905124,133.423308172001));
#7144=CARTESIAN_POINT('Ctrl Pts',(-54.5244291055118,23.3104294905124,133.423308172001));
#7145=CARTESIAN_POINT('Ctrl Pts',(-53.6433666055118,20.3104294905124,133.423308172001));
#7146=CARTESIAN_POINT('Ctrl Pts',(-53.6433666055118,23.3104294905124,133.423308172001));
#7147=CARTESIAN_POINT('Ctrl Pts',(-53.0794871432696,20.3104294905124,132.859428205611));
#7148=CARTESIAN_POINT('Ctrl Pts',(-53.0794871432696,23.3104294905124,132.859428205611));
#7149=CARTESIAN_POINT('Origin',(-94.3836960677539,20.3104294905124,109.564135672001));
#7150=CARTESIAN_POINT('',(-99.7405560677539,20.3104294905124,109.564135672001));
#7151=CARTESIAN_POINT('',(-94.3836960677539,20.3104294905124,109.564135672001));
#7152=CARTESIAN_POINT('Origin',(-94.3484535677539,20.3104294905124,123.555408172001));
#7153=CARTESIAN_POINT('',(-94.3484535677539,20.3104294905124,123.555408172001));
#7154=CARTESIAN_POINT('Origin',(-99.7405560677539,20.3104294905124,123.555408172001));
#7155=CARTESIAN_POINT('',(-99.7405560677539,20.3104294905124,123.555408172001));
#7156=CARTESIAN_POINT('Origin',(-99.7405560677539,20.3104294905124,109.564135672001));
#7157=CARTESIAN_POINT('Origin',(-111.2,18.8104294905124,134.7));
#7158=CARTESIAN_POINT('',(-111.2,18.8104294905124,136.2));
#7159=CARTESIAN_POINT('Origin',(-111.2,18.8104294905124,134.7));
#7160=CARTESIAN_POINT('',(-112.7,18.8104294905124,134.7));
#7161=CARTESIAN_POINT('Origin',(-111.2,18.8104294905124,134.7));
#7162=CARTESIAN_POINT('Origin',(-111.2,18.8104294905124,134.7));
#7163=CARTESIAN_POINT('Origin',(-111.2,0.642214745256177,134.7));
#7164=CARTESIAN_POINT('',(-111.2,7.28447446980466,136.2));
#7165=CARTESIAN_POINT('',(-112.7,7.28447446980466,134.7));
#7166=CARTESIAN_POINT('Origin',(-111.2,7.28447446980466,134.7));
#7167=CARTESIAN_POINT('',(-112.7,0.642214745256177,134.7));
#7168=CARTESIAN_POINT('',(-111.2,0.642214745256177,136.2));
#7169=CARTESIAN_POINT('Origin',(-111.2,18.8104294905124,80.8));
#7170=CARTESIAN_POINT('',(-112.7,18.8104294905124,80.8));
#7171=CARTESIAN_POINT('Origin',(-111.2,18.8104294905124,80.8));
#7172=CARTESIAN_POINT('Origin',(-111.2,18.8104294905124,80.8));
#7173=CARTESIAN_POINT('Origin',(-111.2,0.642214745256177,80.8));
#7174=CARTESIAN_POINT('',(-112.7,7.28447446980466,80.8));
#7175=CARTESIAN_POINT('Origin',(-111.2,7.28447446980466,80.8));
#7176=CARTESIAN_POINT('',(-112.7,0.642214745256177,80.8));
#7177=CARTESIAN_POINT('Origin',(-26.5,18.8104294905124,134.7));
#7178=CARTESIAN_POINT('',(-26.5,18.8104294905124,136.2));
#7179=CARTESIAN_POINT('',(-25.,18.8104294905124,134.7));
#7180=CARTESIAN_POINT('Origin',(-26.5,18.8104294905124,134.7));
#7181=CARTESIAN_POINT('Origin',(-26.5,18.8104294905124,134.7));
#7182=CARTESIAN_POINT('Origin',(-26.5,18.8104294905124,134.7));
#7183=CARTESIAN_POINT('Origin',(-64.6467651987641,18.8104294905124,134.7));
#7184=CARTESIAN_POINT('',(-64.6467651987641,18.8104294905124,136.2));
#7185=CARTESIAN_POINT('Origin',(-26.5,18.8104294905124,80.8));
#7186=CARTESIAN_POINT('',(-25.,18.8104294905124,80.8));
#7187=CARTESIAN_POINT('Origin',(-26.5,18.8104294905124,80.8));
#7188=CARTESIAN_POINT('',(-26.5,18.8104294905124,79.3));
#7189=CARTESIAN_POINT('Origin',(-26.5,18.8104294905124,80.8));
#7190=CARTESIAN_POINT('Origin',(-26.5,18.8104294905124,80.8));
#7191=CARTESIAN_POINT('Origin',(-107.246539143699,18.8104294905124,80.8));
#7192=CARTESIAN_POINT('',(-107.246539143699,18.8104294905124,79.3));
#7193=CARTESIAN_POINT('Origin',(-26.5,6.2879181052102,80.8));
#7194=CARTESIAN_POINT('',(-26.5,7.28442949051236,79.3));
#7195=CARTESIAN_POINT('',(-25.,7.28442949051236,80.8));
#7196=CARTESIAN_POINT('Origin',(-26.5,7.28442949051236,80.8));
#7197=CARTESIAN_POINT('',(-25.,6.2879181052102,80.8));
#7198=CARTESIAN_POINT('',(-26.5,6.2879181052102,79.3));
#7199=CARTESIAN_POINT('Origin',(-26.5,18.8104294905124,107.75));
#7200=CARTESIAN_POINT('',(-25.,18.8104294905124,107.75));
#7201=CARTESIAN_POINT('Origin',(-26.5,6.2879181052102,134.7));
#7202=CARTESIAN_POINT('',(-25.,7.28442949051236,134.7));
#7203=CARTESIAN_POINT('',(-26.5,7.28442949051236,136.2));
#7204=CARTESIAN_POINT('Origin',(-26.5,7.28442949051236,134.7));
#7205=CARTESIAN_POINT('',(-26.5,6.2879181052102,136.2));
#7206=CARTESIAN_POINT('',(-25.,6.2879181052102,134.7));
#7207=CARTESIAN_POINT('Origin',(-111.2,18.8104294905124,93.525));
#7208=CARTESIAN_POINT('',(-112.7,18.8104294905124,93.525));
#7209=CARTESIAN_POINT('Origin',(-112.7,7.28442949051235,79.3));
#7210=CARTESIAN_POINT('',(-112.7,7.28447446980466,124.485108070889));
#7211=CARTESIAN_POINT('',(-112.7,10.2844294905124,124.485108070889));
#7212=CARTESIAN_POINT('',(-112.7,7.28442949051235,124.485108070889));
#7213=CARTESIAN_POINT('',(-112.7,7.28447446980466,96.1513145786521));
#7214=CARTESIAN_POINT('',(-112.7,7.28447446980466,93.4970747717576));
#7215=CARTESIAN_POINT('',(-112.7,10.2844294905124,96.1513145786521));
#7216=CARTESIAN_POINT('',(-112.7,10.2844294905124,96.1513145786521));
#7217=CARTESIAN_POINT('',(-112.7,10.2844294905124,88.1513145786521));
#7218=CARTESIAN_POINT('',(-112.7,10.2844294905124,88.1513145786521));
#7219=CARTESIAN_POINT('',(-112.7,7.28447446980466,88.1513145786521));
#7220=CARTESIAN_POINT('',(-112.7,3.78442949051235,88.1513145786521));
#7221=CARTESIAN_POINT('',(-112.7,7.28447446980466,93.4970747717576));
#7222=CARTESIAN_POINT('',(-112.7,7.28447446980466,132.485108070889));
#7223=CARTESIAN_POINT('',(-112.7,7.28447446980466,93.4970747717576));
#7224=CARTESIAN_POINT('',(-112.7,10.2844294905124,132.485108070889));
#7225=CARTESIAN_POINT('',(-112.7,10.2844294905124,132.485108070889));
#7226=CARTESIAN_POINT('',(-112.7,10.2844294905124,124.485108070889));
#7227=CARTESIAN_POINT('Origin',(-25.0004521101311,-6.,136.2));
#7228=CARTESIAN_POINT('',(-110.743525530195,7.28447446980466,136.2));
#7229=CARTESIAN_POINT('',(-112.91088181282,7.28447446980466,136.2));
#7230=CARTESIAN_POINT('',(-43.7662577739578,7.28442949051236,136.2));
#7231=CARTESIAN_POINT('',(-20.5002261742748,7.28442949051236,136.2));
#7232=CARTESIAN_POINT('',(-43.7662577739578,8.90819075606779,136.2));
#7233=CARTESIAN_POINT('',(-43.7662577739578,5.0540953780339,136.2));
#7234=CARTESIAN_POINT('',(-51.4596899800144,8.90819075606779,136.2));
#7235=CARTESIAN_POINT('',(-37.4798449900072,8.90819075606779,136.2));
#7236=CARTESIAN_POINT('',(-51.4596899800144,7.28442949051236,136.2));
#7237=CARTESIAN_POINT('',(-51.4596899800144,2.75956296570124,136.2));
#7238=CARTESIAN_POINT('',(-52.7655761566024,7.28442949051236,136.2));
#7239=CARTESIAN_POINT('',(-20.5002261742748,7.28442949051236,136.2));
#7240=CARTESIAN_POINT('',(-56.3709323344136,6.61188395736016,136.2));
#7241=CARTESIAN_POINT('Origin',(-52.7655761566024,-2.71557050948764,136.2));
#7242=CARTESIAN_POINT('',(-66.7501190480194,2.6,136.2));
#7243=CARTESIAN_POINT('',(-43.9751903377749,11.4032303150377,136.2));
#7244=CARTESIAN_POINT('',(-66.7501190480194,3.6,136.2));
#7245=CARTESIAN_POINT('',(-66.7501190480194,-0.400000000000001,136.2));
#7246=CARTESIAN_POINT('',(-74.2453388858204,3.6,136.2));
#7247=CARTESIAN_POINT('',(-111.286274167124,3.6,136.2));
#7248=CARTESIAN_POINT('',(-74.2453388858204,2.6,136.2));
#7249=CARTESIAN_POINT('',(-74.2453388858204,-0.400000000000001,136.2));
#7250=CARTESIAN_POINT('',(-80.2446533143156,2.6,136.2));
#7251=CARTESIAN_POINT('',(-45.8752855790752,2.6,136.2));
#7252=CARTESIAN_POINT('',(-80.2446533143156,3.6,136.2));
#7253=CARTESIAN_POINT('',(-80.2446533143156,-0.400000000000001,136.2));
#7254=CARTESIAN_POINT('',(-87.7565610249401,3.6,136.2));
#7255=CARTESIAN_POINT('',(-111.286274167124,3.6,136.2));
#7256=CARTESIAN_POINT('',(-87.7565610249401,2.6,136.2));
#7257=CARTESIAN_POINT('',(-87.7565610249401,-0.400000000000001,136.2));
#7258=CARTESIAN_POINT('',(-93.8322348987177,2.6,136.2));
#7259=CARTESIAN_POINT('',(-45.8752855790752,2.6,136.2));
#7260=CARTESIAN_POINT('',(-94.8322348987177,3.6,136.2));
#7261=CARTESIAN_POINT('Origin',(-94.8322348987177,2.6,136.2));
#7262=CARTESIAN_POINT('',(-102.770788268132,3.6,136.2));
#7263=CARTESIAN_POINT('',(-111.286274167124,3.6,136.2));
#7264=CARTESIAN_POINT('',(-103.770788268132,2.60000000000002,136.199999999362));
#7265=CARTESIAN_POINT('Origin',(-102.770788268132,2.6,136.2));
#7266=CARTESIAN_POINT('',(-106.568208849547,6.14337140492109,136.2));
#7267=CARTESIAN_POINT('',(-86.5570487859159,-19.2038977257337,136.2));
#7268=CARTESIAN_POINT('',(-108.922850002431,7.28442949051236,136.2));
#7269=CARTESIAN_POINT('Origin',(-108.922850002431,4.28442949051235,136.2));
#7270=CARTESIAN_POINT('',(-63.3500001192093,7.28442949051236,136.2));
#7271=CARTESIAN_POINT('Origin',(-16.0000002384186,7.28442949051236,137.45));
#7272=CARTESIAN_POINT('',(-25.,7.28442949051235,134.2));
#7273=CARTESIAN_POINT('',(-25.,7.28442949051236,108.375));
#7274=CARTESIAN_POINT('',(-22.6004521101311,7.28442949051236,134.2));
#7275=CARTESIAN_POINT('',(-19.3002261742748,7.28442949051235,134.2));
#7276=CARTESIAN_POINT('',(-22.6004521101311,7.28442949051236,135.95));
#7277=CARTESIAN_POINT('',(-22.6004521101311,7.28442949051236,118.725));
#7278=CARTESIAN_POINT('',(-24.1004521101311,7.28442949051236,137.45));
#7279=CARTESIAN_POINT('Origin',(-24.1004521101311,7.28442949051236,135.95));
#7280=CARTESIAN_POINT('',(-52.7655761566024,7.28442949051236,137.45));
#7281=CARTESIAN_POINT('',(-20.5002261742748,7.28442949051236,137.45));
#7282=CARTESIAN_POINT('',(-52.7655761566024,7.28442949051236,136.825));
#7283=CARTESIAN_POINT('',(-50.7639322552355,7.28442949051236,136.2));
#7284=CARTESIAN_POINT('',(-27.1657261742748,7.28442949051236,136.2));
#7285=CARTESIAN_POINT('',(-44.3639322552356,7.28442949051236,136.2));
#7286=CARTESIAN_POINT('',(-20.5002261742748,7.28442949051236,136.2));
#7287=CARTESIAN_POINT('',(-27.1657261742748,7.28442949051236,136.2));
#7288=CARTESIAN_POINT('Origin',(-22.6004521101311,14.71,134.2));
#7289=CARTESIAN_POINT('',(-25.,15.21,134.2));
#7290=CARTESIAN_POINT('',(-25.,17.5102147452562,134.2));
#7291=CARTESIAN_POINT('',(-22.6004521101311,15.21,134.2));
#7292=CARTESIAN_POINT('',(-22.6004521101311,15.21,134.2));
#7293=CARTESIAN_POINT('',(-22.6004521101311,14.46,134.2));
#7294=CARTESIAN_POINT('Origin',(-22.6004521101311,15.21,134.2));
#7295=CARTESIAN_POINT('',(-25.,15.21,117.4));
#7296=CARTESIAN_POINT('',(-25.,15.21,106.75));
#7297=CARTESIAN_POINT('',(-22.6004521101311,15.21,117.4));
#7298=CARTESIAN_POINT('',(-23.8002260550656,15.21,117.4));
#7299=CARTESIAN_POINT('',(-22.6004521101311,15.21,117.1));
#7300=CARTESIAN_POINT('Origin',(-25.,0.0100000000000005,117.4));
#7301=CARTESIAN_POINT('',(-25.,-1.5891183993566,117.4));
#7302=CARTESIAN_POINT('',(-25.,10.1602147452562,117.4));
#7303=CARTESIAN_POINT('',(-24.0004521101311,-0.589570509487645,117.4));
#7304=CARTESIAN_POINT('',(-24.6004464552264,-1.18956485458298,117.4));
#7305=CARTESIAN_POINT('',(-22.6004521101311,-0.589570509487645,117.4));
#7306=CARTESIAN_POINT('',(-24.1502260550656,-0.589570509487645,117.4));
#7307=CARTESIAN_POINT('',(-22.6004521101311,14.71,117.4));
#7308=CARTESIAN_POINT('Origin',(-25.0004521101311,-1.58957050948764,117.4));
#7309=CARTESIAN_POINT('',(-25.,-1.58911839935659,113.8));
#7310=CARTESIAN_POINT('',(-25.,-1.58911839935659,98.35));
#7311=CARTESIAN_POINT('',(-24.0004521101311,-0.589570509487645,113.8));
#7312=CARTESIAN_POINT('',(-23.3504465297322,0.0604350709112252,113.8));
#7313=CARTESIAN_POINT('',(-24.0004521101311,-0.589570509487645,113.8));
#7314=CARTESIAN_POINT('Origin',(-20.0000002980232,0.0100000000000005,113.8));
#7315=CARTESIAN_POINT('',(-25.,15.81,113.8));
#7316=CARTESIAN_POINT('',(-25.,10.1602147452562,113.8));
#7317=CARTESIAN_POINT('',(-22.6004521101311,15.81,113.8));
#7318=CARTESIAN_POINT('',(-22.5002262040771,15.81,113.8));
#7319=CARTESIAN_POINT('',(-22.6004521101311,-0.589570509487645,113.8));
#7320=CARTESIAN_POINT('',(-22.6004521101311,-0.29,113.8));
#7321=CARTESIAN_POINT('',(-21.6502262040771,-0.589570509487645,113.8));
#7322=CARTESIAN_POINT('Origin',(-25.0004521101311,15.81,82.1));
#7323=CARTESIAN_POINT('',(-25.,15.81,100.));
#7324=CARTESIAN_POINT('',(-25.,15.81,80.7));
#7325=CARTESIAN_POINT('',(-22.6004521101311,15.81,100.));
#7326=CARTESIAN_POINT('',(-25.0004521101311,15.81,100.));
#7327=CARTESIAN_POINT('',(-22.6004521101311,15.81,82.1));
#7328=CARTESIAN_POINT('Origin',(-25.0004521101311,14.71,100.));
#7329=CARTESIAN_POINT('',(-25.,-1.58911839935659,100.));
#7330=CARTESIAN_POINT('',(-25.,17.5102147452562,100.));
#7331=CARTESIAN_POINT('',(-24.0004521101311,-0.589570509487645,100.));
#7332=CARTESIAN_POINT('',(-20.9255594827592,2.48532211788425,100.));
#7333=CARTESIAN_POINT('',(-22.6004521101311,-0.589570509487645,100.));
#7334=CARTESIAN_POINT('',(-24.1504521101311,-0.589570509487645,100.));
#7335=CARTESIAN_POINT('',(-22.6004521101311,7.28442949051236,100.));
#7336=CARTESIAN_POINT('Origin',(-25.,18.5758362104204,107.75));
#7337=CARTESIAN_POINT('',(-25.,7.28442949051235,82.1));
#7338=CARTESIAN_POINT('',(-25.,7.28442949051236,108.375));
#7339=CARTESIAN_POINT('',(-25.,15.81,82.1));
#7340=CARTESIAN_POINT('',(-25.,18.8102147452562,82.1));
#7341=CARTESIAN_POINT('',(-25.,15.81,95.9));
#7342=CARTESIAN_POINT('',(-25.,15.81,80.7));
#7343=CARTESIAN_POINT('',(-25.,-1.5891183993566,95.9));
#7344=CARTESIAN_POINT('',(-25.,17.5102147452562,95.9));
#7345=CARTESIAN_POINT('',(-25.,-1.58911839935659,98.35));
#7346=CARTESIAN_POINT('Origin',(-110.2,-6.,79.3));
#7347=CARTESIAN_POINT('',(-51.4980956458721,7.28442949051236,79.3));
#7348=CARTESIAN_POINT('',(-63.6000001192093,7.28442949051236,79.3));
#7349=CARTESIAN_POINT('',(-51.4980956458721,10.0062331767648,79.3));
#7350=CARTESIAN_POINT('',(-51.4980956458721,1.75311658838238,79.3));
#7351=CARTESIAN_POINT('',(-45.6932686765807,10.0062331767648,79.3));
#7352=CARTESIAN_POINT('',(-78.6722377094518,10.0062331767648,79.3));
#7353=CARTESIAN_POINT('',(-45.6932686765807,7.28442949051236,79.3));
#7354=CARTESIAN_POINT('',(-45.6932686765807,-0.871406243478111,79.3));
#7355=CARTESIAN_POINT('',(-63.6000001192093,7.28442949051236,79.3));
#7356=CARTESIAN_POINT('Origin',(-17.0000002384186,7.28442949051236,137.45));
#7357=CARTESIAN_POINT('',(-22.6004521101311,7.28442949051236,79.3));
#7358=CARTESIAN_POINT('Origin',(-24.1004521101311,7.28442949051236,79.3));
#7359=CARTESIAN_POINT('',(-22.6004521101311,7.28442949051236,82.1));
#7360=CARTESIAN_POINT('',(-22.6004521101311,7.28442949051236,118.725));
#7361=CARTESIAN_POINT('',(-20.5002261742748,7.28442949051235,82.1));
#7362=CARTESIAN_POINT('',(-45.6932686765807,7.28442949051236,79.7999999995208));
#7363=CARTESIAN_POINT('',(-45.6932686765807,7.28442949051236,108.625));
#7364=CARTESIAN_POINT('',(-46.3616576052612,7.28442949051236,79.8));
#7365=CARTESIAN_POINT('',(-63.6000001192093,7.28442949051236,79.8));
#7366=CARTESIAN_POINT('',(-50.761657606309,7.28442949051236,79.8));
#7367=CARTESIAN_POINT('',(-63.6000001192093,7.28442949051236,79.8));
#7368=CARTESIAN_POINT('',(-51.4980956458721,7.28442949051236,79.7999999995208));
#7369=CARTESIAN_POINT('',(-63.6000001192093,7.28442949051236,79.8));
#7370=CARTESIAN_POINT('',(-51.4980956458721,7.28442949051236,108.625));
#7371=CARTESIAN_POINT('Origin',(-113.12176362564,7.28447446980466,107.694149543515));
#7372=CARTESIAN_POINT('',(-112.7,7.28447446980466,99.9227320610836));
#7373=CARTESIAN_POINT('',(-112.7,7.28447446980466,118.089628807202));
#7374=CARTESIAN_POINT('',(-110.743525530195,7.28447446980466,137.45));
#7375=CARTESIAN_POINT('',(-110.743525530195,7.28447446980466,122.847075203891));
#7376=CARTESIAN_POINT('',(-114.2,7.28447446980466,137.45));
#7377=CARTESIAN_POINT('',(-69.0611078678854,7.28447446980466,137.45));
#7378=CARTESIAN_POINT('',(-115.7,7.28447446980466,135.95));
#7379=CARTESIAN_POINT('Origin',(-114.2,7.28447446980466,135.95));
#7380=CARTESIAN_POINT('',(-115.7,7.28447446980466,79.3));
#7381=CARTESIAN_POINT('',(-115.7,7.28447446980466,92.7470747717576));
#7382=CARTESIAN_POINT('Origin',(-114.2,7.28447446980466,79.3));
#7383=CARTESIAN_POINT('Origin',(-17.0000002384186,7.28442949051236,137.45));
#7384=CARTESIAN_POINT('',(-108.922850002431,7.28442949051236,137.45));
#7385=CARTESIAN_POINT('',(-108.922850002431,7.28442949051236,136.825));
#7386=CARTESIAN_POINT('',(-20.5002261742748,7.28442949051236,137.45));
#7387=CARTESIAN_POINT('Origin',(-114.2,4.355,135.95));
#7388=CARTESIAN_POINT('',(-114.2,21.31,137.45));
#7389=CARTESIAN_POINT('',(-114.2,4.355,137.45));
#7390=CARTESIAN_POINT('',(-115.7,21.31,135.95));
#7391=CARTESIAN_POINT('Origin',(-114.2,21.31,135.95));
#7392=CARTESIAN_POINT('',(-115.7,4.355,135.95));
#7393=CARTESIAN_POINT('Origin',(-114.2,21.31,92.7125));
#7394=CARTESIAN_POINT('Origin',(-114.2,21.31,135.95));
#7395=CARTESIAN_POINT('',(-115.7,21.31,79.3));
#7396=CARTESIAN_POINT('Origin',(-114.2,21.31,79.3));
#7397=CARTESIAN_POINT('',(-115.7,21.31,92.7125));
#7398=CARTESIAN_POINT('Origin',(-114.2,-6.,79.3));
#7399=CARTESIAN_POINT('',(-115.7,-6.,79.3));
#7400=CARTESIAN_POINT('Origin',(-114.2,21.31,79.3));
#7401=CARTESIAN_POINT('Origin',(-114.2,21.31,79.3));
#7402=CARTESIAN_POINT('Origin',(-114.2,21.31,135.95));
#7403=CARTESIAN_POINT('Origin',(-114.2,21.31,135.95));
#7404=CARTESIAN_POINT('Origin',(-115.7,-6.,77.8));
#7405=CARTESIAN_POINT('Origin',(-46.7003390825983,21.31,135.95));
#7406=CARTESIAN_POINT('',(-24.1004521101311,21.31,137.45));
#7407=CARTESIAN_POINT('',(-46.7003390825983,21.31,137.45));
#7408=CARTESIAN_POINT('Origin',(-24.1004521101311,21.31,135.95));
#7409=CARTESIAN_POINT('Origin',(-24.1004521101311,21.31,79.3));
#7410=CARTESIAN_POINT('',(-22.6004521101311,21.31,79.3));
#7411=CARTESIAN_POINT('Origin',(-24.1004521101311,21.31,79.3));
#7412=CARTESIAN_POINT('Origin',(-24.1004521101311,21.31,79.3));
#7413=CARTESIAN_POINT('Origin',(-24.1004521101311,4.355,79.3));
#7414=CARTESIAN_POINT('',(-22.6004521101311,4.355,79.3));
#7415=CARTESIAN_POINT('Origin',(-24.1004521101311,21.31,135.95));
#7416=CARTESIAN_POINT('',(-22.6004521101311,21.31,135.95));
#7417=CARTESIAN_POINT('Origin',(-24.1004521101311,21.31,135.95));
#7418=CARTESIAN_POINT('Origin',(-24.1004521101311,21.31,135.95));
#7419=CARTESIAN_POINT('Origin',(-24.1004521101311,14.71,135.95));
#7420=CARTESIAN_POINT('',(-22.6004521101311,14.71,135.95));
#7421=CARTESIAN_POINT('',(-24.1004521101311,14.71,137.45));
#7422=CARTESIAN_POINT('Origin',(-24.1004521101311,21.31,103.8125));
#7423=CARTESIAN_POINT('',(-22.6004521101311,21.31,103.8125));
#7424=CARTESIAN_POINT('Origin',(-22.6004521101311,14.71,100.));
#7425=CARTESIAN_POINT('',(-22.6004521101311,-0.589570509487645,107.8));
#7426=CARTESIAN_POINT('',(-22.6004521101311,-0.589570509487645,95.9));
#7427=CARTESIAN_POINT('',(-22.6004521101311,-0.589570509487645,98.975));
#7428=CARTESIAN_POINT('',(-22.6004521101311,15.81,95.9));
#7429=CARTESIAN_POINT('',(-22.6004521101311,14.71,95.9));
#7430=CARTESIAN_POINT('',(-22.6004521101311,15.81,82.1));
#7431=CARTESIAN_POINT('',(-22.6004521101311,15.81,82.1));
#7432=CARTESIAN_POINT('',(-22.6004521101311,-0.29,82.1));
#7433=CARTESIAN_POINT('Origin',(-25.0004521101311,14.71,137.45));
#7434=CARTESIAN_POINT('',(-106.568208849547,6.1433714049211,137.45));
#7435=CARTESIAN_POINT('Origin',(-108.922850002431,4.28442949051235,137.45));
#7436=CARTESIAN_POINT('',(-103.770788268132,2.6,137.45));
#7437=CARTESIAN_POINT('',(-91.5931928333502,-12.824832336963,137.45));
#7438=CARTESIAN_POINT('',(-102.770788268132,3.6,137.45));
#7439=CARTESIAN_POINT('Origin',(-102.770788268132,2.6,137.45));
#7440=CARTESIAN_POINT('',(-94.8322348987177,3.6,137.45));
#7441=CARTESIAN_POINT('',(-24.0850815718945,3.6,137.45));
#7442=CARTESIAN_POINT('',(-93.8322348987177,2.6,137.45));
#7443=CARTESIAN_POINT('Origin',(-94.8322348987177,2.6,137.45));
#7444=CARTESIAN_POINT('',(-87.7565610249401,2.6,137.45));
#7445=CARTESIAN_POINT('',(-45.8752855790752,2.6,137.45));
#7446=CARTESIAN_POINT('',(-87.7565610249401,3.6,137.45));
#7447=CARTESIAN_POINT('',(-87.7565610249401,-0.400000000000001,137.45));
#7448=CARTESIAN_POINT('',(-80.2446533143156,3.6,137.45));
#7449=CARTESIAN_POINT('',(-24.0850815718945,3.6,137.45));
#7450=CARTESIAN_POINT('',(-80.2446533143156,2.6,137.45));
#7451=CARTESIAN_POINT('',(-80.2446533143156,-0.400000000000001,137.45));
#7452=CARTESIAN_POINT('',(-74.2453388858204,2.6,137.45));
#7453=CARTESIAN_POINT('',(-45.8752855790752,2.6,137.45));
#7454=CARTESIAN_POINT('',(-74.2453388858204,3.6,137.45));
#7455=CARTESIAN_POINT('',(-74.2453388858204,-0.400000000000001,137.45));
#7456=CARTESIAN_POINT('',(-66.7501190480194,3.6,137.45));
#7457=CARTESIAN_POINT('',(-24.0850815718945,3.6,137.45));
#7458=CARTESIAN_POINT('',(-66.7501190480194,2.6,137.45));
#7459=CARTESIAN_POINT('',(-66.7501190480194,-0.400000000000001,137.45));
#7460=CARTESIAN_POINT('',(-56.3709323344136,6.61188395736016,137.45));
#7461=CARTESIAN_POINT('',(-40.4929285549169,12.7492346376753,137.45));
#7462=CARTESIAN_POINT('Origin',(-52.7655761566024,-2.71557050948764,137.45));
#7463=CARTESIAN_POINT('Origin',(-25.0004521101311,-1.58957050948764,117.4));
#7464=CARTESIAN_POINT('',(-24.0004521101311,-0.589570509487645,95.9));
#7465=CARTESIAN_POINT('',(-20.3255594827592,3.08532211788425,95.9));
#7466=CARTESIAN_POINT('',(-24.0004521101311,-0.589570509487645,95.9));
#7467=CARTESIAN_POINT('Origin',(-22.6004521101311,14.71,95.9));
#7468=CARTESIAN_POINT('',(-23.8004521101311,15.81,95.9));
#7469=CARTESIAN_POINT('',(-22.9504521101311,-0.589570509487645,95.9));
#7470=CARTESIAN_POINT('Origin',(-23.3004521101311,-0.589570509487645,115.6));
#7471=CARTESIAN_POINT('Origin',(-23.3004521101311,-0.589570509487645,97.95));
#7472=CARTESIAN_POINT('Origin',(-25.0004521101311,15.81,82.1));
#7473=CARTESIAN_POINT('',(-25.0004521101311,15.81,82.1));
#7474=CARTESIAN_POINT('Origin',(-25.0004521101311,17.31,82.1));
#7475=CARTESIAN_POINT('Origin',(-52.7655761566024,-2.71557050948764,136.825));
#7476=CARTESIAN_POINT('',(-56.3709323344136,6.61188395736016,136.825));
#7477=CARTESIAN_POINT('Origin',(-108.922850002431,4.28442949051235,136.825));
#7478=CARTESIAN_POINT('',(-106.568208849547,6.1433714049211,136.825));
#7479=CARTESIAN_POINT('Origin',(-103.770788268132,2.6,136.2));
#7480=CARTESIAN_POINT('',(-103.770788268132,2.6,137.1375));
#7481=CARTESIAN_POINT('Origin',(-25.0004521101311,-6.,136.2));
#7482=CARTESIAN_POINT('',(-50.7639322552355,7.4,136.2));
#7483=CARTESIAN_POINT('',(-50.7639322552355,7.4,136.2));
#7484=CARTESIAN_POINT('',(-44.3639322552356,7.4,136.2));
#7485=CARTESIAN_POINT('',(-44.3639322552356,7.4,136.2));
#7486=CARTESIAN_POINT('',(-44.3639322552356,5.,136.2));
#7487=CARTESIAN_POINT('Origin',(-110.2,-6.,79.8));
#7488=CARTESIAN_POINT('',(-50.7616576057851,7.4,79.8));
#7489=CARTESIAN_POINT('',(-50.7616576057851,5.,79.8));
#7490=CARTESIAN_POINT('',(-46.3616576057851,7.4,79.8));
#7491=CARTESIAN_POINT('',(-46.3616576057851,7.4,79.8));
#7492=CARTESIAN_POINT('',(-50.7616576057851,7.4,79.8));
#7493=CARTESIAN_POINT('Origin',(-112.500001654029,7.2,79.7999999850988));
#7494=CARTESIAN_POINT('',(-50.7616576069349,4.99999999885022,79.7999999994583));
#7495=CARTESIAN_POINT('',(-50.7616576057851,5.,79.8));
#7496=CARTESIAN_POINT('',(-46.3616576046353,4.99999999885021,79.7999999994583));
#7497=CARTESIAN_POINT('',(-47.4786698835057,5.,79.8));
#7498=CARTESIAN_POINT('',(-46.3616576057851,7.4,79.8));
#7499=CARTESIAN_POINT('',(-45.6932686765807,4.25718751304378,79.7999999995208));
#7500=CARTESIAN_POINT('',(-45.6932686765807,2.72859375652189,79.8));
#7501=CARTESIAN_POINT('',(-51.4980956458721,4.25718751304378,79.7999999995208));
#7502=CARTESIAN_POINT('',(-51.4980956458721,4.25718751304378,79.8));
#7503=CARTESIAN_POINT('',(-51.4980956458721,5.35311658838238,79.8));
#7504=CARTESIAN_POINT('Origin',(-46.3616576057851,7.4,79.8));
#7505=CARTESIAN_POINT('',(-47.5616576057851,6.20000000000001,81.));
#7506=CARTESIAN_POINT('',(-47.0949909391184,6.66666666666667,80.5333333333333));
#7507=CARTESIAN_POINT('',(-46.7616576057851,5.40000000000001,80.2));
#7508=CARTESIAN_POINT('Origin',(-46.3616576057851,5.,79.8));
#7509=CARTESIAN_POINT('',(-49.5616576057851,6.20000000000001,81.));
#7510=CARTESIAN_POINT('',(-50.0283242724518,5.73333333333333,80.5333333333333));
#7511=CARTESIAN_POINT('',(-48.5616576057851,6.20000000000001,81.));
#7512=CARTESIAN_POINT('Origin',(-50.7616576057851,5.,79.8));
#7513=CARTESIAN_POINT('',(-50.3616576057851,7.,80.2));
#7514=CARTESIAN_POINT('Origin',(-50.7616576057851,7.4,79.8));
#7515=CARTESIAN_POINT('Origin',(-47.1444754189035,8.50623317676476,80.8));
#7516=CARTESIAN_POINT('',(-51.4980956458721,7.50623317676476,81.8));
#7517=CARTESIAN_POINT('',(-51.4980956458721,9.00623317676476,80.3));
#7518=CARTESIAN_POINT('',(-45.6932686765807,7.50623317676476,81.8));
#7519=CARTESIAN_POINT('',(-47.1444754189035,7.50623317676476,81.8));
#7520=CARTESIAN_POINT('',(-45.6932686765807,7.69397176083451,81.6122614159302));
#7521=CARTESIAN_POINT('Origin',(-48.5956821612264,6.88171034490427,81.8));
#7522=CARTESIAN_POINT('',(-51.4980956458721,4.25718751304378,81.8));
#7523=CARTESIAN_POINT('',(-51.4980956458721,9.50623317676476,81.8));
#7524=CARTESIAN_POINT('',(-45.6932686765807,4.25718751304378,81.8));
#7525=CARTESIAN_POINT('',(-51.4980956458721,4.25718751304378,81.8));
#7526=CARTESIAN_POINT('',(-45.6932686765807,4.25718751304378,81.8));
#7527=CARTESIAN_POINT('Origin',(-51.4980956458721,9.50623317676476,79.8));
#7528=CARTESIAN_POINT('',(-51.4980956458721,4.25718751304378,79.8));
#7529=CARTESIAN_POINT('Origin',(-45.6932686765807,4.25718751304378,79.8));
#7530=CARTESIAN_POINT('',(-45.6932686765807,4.25718751304378,79.8));
#7531=CARTESIAN_POINT('Origin',(-51.4980956458721,4.25718751304378,79.8));
#7532=CARTESIAN_POINT('Origin',(-54.6309827904638,7.28442949051236,136.2));
#7533=CARTESIAN_POINT('',(-66.7501190480194,2.6,136.2));
#7534=CARTESIAN_POINT('Origin',(-66.7501190480194,2.6,136.2));
#7535=CARTESIAN_POINT('',(-80.2446533143156,2.6,136.2));
#7536=CARTESIAN_POINT('',(-74.2453388858204,2.6,136.825));
#7537=CARTESIAN_POINT('Origin',(-66.7501190480194,2.6,136.2));
#7538=CARTESIAN_POINT('',(-93.8322348987177,2.6,136.5125));
#7539=CARTESIAN_POINT('',(-87.7565610249401,2.6,136.825));
#7540=CARTESIAN_POINT('Origin',(-80.2446533143156,-0.400000000000001,136.2));
#7541=CARTESIAN_POINT('',(-80.2446533143156,3.6,136.2));
#7542=CARTESIAN_POINT('Origin',(-66.7501190480194,-0.400000000000001,136.2));
#7543=CARTESIAN_POINT('',(-66.7501190480194,3.6,136.2));
#7544=CARTESIAN_POINT('Origin',(-94.8322348987177,2.6,136.5125));
#7545=CARTESIAN_POINT('',(-94.8322348987177,3.6,136.5125));
#7546=CARTESIAN_POINT('Origin',(-102.770788268132,2.6,137.1375));
#7547=CARTESIAN_POINT('',(-102.770788268132,3.6,137.1375));
#7548=CARTESIAN_POINT('Origin',(-68.1433631386273,3.6,136.825));
#7549=CARTESIAN_POINT('Origin',(-68.1433631386273,3.6,136.825));
#7550=CARTESIAN_POINT('',(-74.2453388858204,3.6,136.2));
#7551=CARTESIAN_POINT('Origin',(-68.1433631386273,3.6,136.825));
#7552=CARTESIAN_POINT('',(-87.7565610249401,3.6,136.2));
#7553=CARTESIAN_POINT('Origin',(-87.7565610249401,-0.400000000000001,137.45));
#7554=CARTESIAN_POINT('Origin',(-74.2453388858204,-0.400000000000001,137.45));
#7555=CARTESIAN_POINT('Origin',(-43.7662577739578,4.31912593140248,136.2));
#7556=CARTESIAN_POINT('',(-51.4596899800144,4.31912593140248,136.2));
#7557=CARTESIAN_POINT('',(-43.7662577739578,4.31912593140248,136.2));
#7558=CARTESIAN_POINT('',(-51.4596899800144,4.31912593140248,136.2));
#7559=CARTESIAN_POINT('',(-51.4596899800144,4.31912593140248,134.2));
#7560=CARTESIAN_POINT('',(-51.4596899800144,4.31912593140248,136.2));
#7561=CARTESIAN_POINT('',(-43.7662577739578,4.31912593140248,134.2));
#7562=CARTESIAN_POINT('',(-51.4596899800144,4.31912593140248,134.2));
#7563=CARTESIAN_POINT('',(-43.7662577739578,4.31912593140248,136.2));
#7564=CARTESIAN_POINT('Origin',(-51.4596899800144,4.31912593140248,136.2));
#7565=CARTESIAN_POINT('',(-51.4596899800144,6.90819075606779,134.2));
#7566=CARTESIAN_POINT('',(-51.4596899800144,7.26092454990147,134.552733793834));
#7567=CARTESIAN_POINT('',(-51.4596899800144,8.90819075606779,134.2));
#7568=CARTESIAN_POINT('',(-51.4596899800144,2.75956296570124,136.2));
#7569=CARTESIAN_POINT('Origin',(-43.7662577739578,8.90819075606779,136.2));
#7570=CARTESIAN_POINT('',(-43.7662577739578,6.90819075606779,134.2));
#7571=CARTESIAN_POINT('',(-43.7662577739578,8.40819075606779,135.7));
#7572=CARTESIAN_POINT('',(-43.7662577739578,5.0540953780339,136.2));
#7573=CARTESIAN_POINT('',(-43.7662577739578,4.31912593140248,134.2));
#7574=CARTESIAN_POINT('Origin',(-47.6129738769861,6.61365834373514,134.2));
#7575=CARTESIAN_POINT('',(-49.5363319285002,6.90819075606779,134.2));
#7576=CARTESIAN_POINT('Origin',(-49.5363319285002,7.90819075606779,135.2));
#7577=CARTESIAN_POINT('Origin',(-44.3639322552356,7.4,136.2));
#7578=CARTESIAN_POINT('',(-49.5639322552355,6.2,135.));
#7579=CARTESIAN_POINT('',(-49.6972655885689,6.33333333333333,135.133333333333));
#7580=CARTESIAN_POINT('',(-45.5639322552356,6.2,135.));
#7581=CARTESIAN_POINT('',(-47.5639322552355,6.2,135.));
#7582=CARTESIAN_POINT('',(-44.7639322552356,7.,135.8));
#7583=CARTESIAN_POINT('Origin',(-44.3639322552356,5.,136.2));
#7584=CARTESIAN_POINT('',(-44.3639322552356,5.,136.2));
#7585=CARTESIAN_POINT('',(-45.4305989219022,6.06666666666667,135.133333333333));
#7586=CARTESIAN_POINT('',(-44.3639322552356,5.,136.2));
#7587=CARTESIAN_POINT('Origin',(-50.7639322552355,5.,136.2));
#7588=CARTESIAN_POINT('',(-50.7639322552355,5.,136.2));
#7589=CARTESIAN_POINT('',(-50.3639322552355,5.4,135.8));
#7590=CARTESIAN_POINT('',(-49.1884530661108,5.,136.2));
#7591=CARTESIAN_POINT('Origin',(-50.7639322552355,7.4,136.2));
#7592=CARTESIAN_POINT('',(-50.7639322552355,7.4,136.2));
#7593=CARTESIAN_POINT('Origin',(-38.3314521101311,7.2,136.2));
#7594=CARTESIAN_POINT('Origin',(-111.45,6.53442949051235,90.4013145786521));
#7595=CARTESIAN_POINT('',(-112.2,7.28442949051235,95.6513145786521));
#7596=CARTESIAN_POINT('',(-110.7,5.78442949051236,95.6513145786521));
#7597=CARTESIAN_POINT('',(-111.95,7.03442949051235,95.6513145786521));
#7598=CARTESIAN_POINT('',(-112.2,7.28442949051235,88.6513145786521));
#7599=CARTESIAN_POINT('',(-112.2,7.28442949051235,90.4013145786521));
#7600=CARTESIAN_POINT('',(-110.7,5.78442949051236,88.6513145786521));
#7601=CARTESIAN_POINT('',(-111.2,6.28442949051235,88.6513145786521));
#7602=CARTESIAN_POINT('',(-110.7,5.78442949051236,93.9013145786521));
#7603=CARTESIAN_POINT('Origin',(-112.7,7.28442949051235,95.6513145786521));
#7604=CARTESIAN_POINT('',(-112.2,4.28442949051235,95.6513145786521));
#7605=CARTESIAN_POINT('',(-111.2,5.28442949051236,95.6513145786521));
#7606=CARTESIAN_POINT('',(-112.7,4.28442949051235,95.6513145786521));
#7607=CARTESIAN_POINT('',(-112.7,4.28442949051235,95.6513145786521));
#7608=CARTESIAN_POINT('',(-112.7,7.28442949051235,95.6513145786521));
#7609=CARTESIAN_POINT('',(-112.7,7.15942949051235,95.6513145786521));
#7610=CARTESIAN_POINT('',(-112.7,7.28442949051235,95.6513145786521));
#7611=CARTESIAN_POINT('Origin',(-111.45,5.03442949051236,93.9013145786521));
#7612=CARTESIAN_POINT('',(-112.2,4.28442949051235,88.6513145786521));
#7613=CARTESIAN_POINT('',(-111.95,4.53442949051236,88.6513145786521));
#7614=CARTESIAN_POINT('',(-112.2,4.28442949051235,93.9013145786521));
#7615=CARTESIAN_POINT('Origin',(-112.7,4.28442949051235,95.6513145786521));
#7616=CARTESIAN_POINT('',(-112.7,4.28442949051235,88.6513145786521));
#7617=CARTESIAN_POINT('',(-112.7,4.28442949051235,88.6513145786521));
#7618=CARTESIAN_POINT('',(-112.7,4.28442949051235,93.9013145786521));
#7619=CARTESIAN_POINT('Origin',(-112.7,7.28442949051235,88.6513145786521));
#7620=CARTESIAN_POINT('',(-112.7,7.28442949051235,88.6513145786521));
#7621=CARTESIAN_POINT('',(-112.7,7.28442949051235,90.4013145786521));
#7622=CARTESIAN_POINT('',(-112.7,7.28442949051235,88.6513145786521));
#7623=CARTESIAN_POINT('Origin',(-112.7,4.28442949051235,88.6513145786521));
#7624=CARTESIAN_POINT('',(-112.7,5.65942949051235,88.6513145786521));
#7625=CARTESIAN_POINT('Origin',(-111.2,8.78442949051235,90.1513145786521));
#7626=CARTESIAN_POINT('',(-109.7,7.28442949051235,96.1513145786521));
#7627=CARTESIAN_POINT('',(-111.95,9.53442949051236,96.1513145786521));
#7628=CARTESIAN_POINT('',(-109.7,7.28442949051235,88.1513145786521));
#7629=CARTESIAN_POINT('',(-109.7,7.28442949051235,90.1513145786521));
#7630=CARTESIAN_POINT('',(-110.325,7.90942949051236,88.1513145786521));
#7631=CARTESIAN_POINT('Origin',(-112.7,10.2844294905124,96.1513145786521));
#7632=CARTESIAN_POINT('',(-112.7,3.78442949051235,96.1513145786521));
#7633=CARTESIAN_POINT('',(-112.7,10.2844294905124,96.1513145786521));
#7634=CARTESIAN_POINT('',(-109.7,3.78442949051236,96.1513145786521));
#7635=CARTESIAN_POINT('',(-112.7,3.78442949051235,96.1513145786521));
#7636=CARTESIAN_POINT('',(-109.7,10.2844294905124,96.1513145786521));
#7637=CARTESIAN_POINT('Origin',(-112.7,3.78442949051235,88.1513145786521));
#7638=CARTESIAN_POINT('',(-109.7,3.78442949051236,88.1513145786521));
#7639=CARTESIAN_POINT('',(-109.7,3.78442949051235,88.1513145786521));
#7640=CARTESIAN_POINT('',(-112.7,3.78442949051235,88.1513145786521));
#7641=CARTESIAN_POINT('',(-112.7,3.78442949051235,88.1513145786521));
#7642=CARTESIAN_POINT('',(-112.7,3.78442949051235,88.1513145786521));
#7643=CARTESIAN_POINT('Origin',(-112.7,3.78442949051235,96.1513145786521));
#7644=CARTESIAN_POINT('',(-112.7,3.78442949051235,96.1513145786521));
#7645=CARTESIAN_POINT('',(-109.7,3.78442949051235,96.1513145786521));
#7646=CARTESIAN_POINT('Origin',(-109.7,7.03442949051235,92.1513145786521));
#7647=CARTESIAN_POINT('Origin',(-112.7,7.03442949051235,92.1513145786521));
#7648=CARTESIAN_POINT('Origin',(-111.45,6.53442949051235,126.735108070889));
#7649=CARTESIAN_POINT('',(-112.2,7.28442949051235,131.985108070889));
#7650=CARTESIAN_POINT('',(-110.7,5.78442949051236,131.985108070889));
#7651=CARTESIAN_POINT('',(-111.95,7.03442949051235,131.985108070889));
#7652=CARTESIAN_POINT('',(-112.2,7.28442949051235,124.985108070889));
#7653=CARTESIAN_POINT('',(-112.2,7.28442949051235,126.735108070889));
#7654=CARTESIAN_POINT('',(-110.7,5.78442949051236,124.985108070889));
#7655=CARTESIAN_POINT('',(-111.2,6.28442949051235,124.985108070889));
#7656=CARTESIAN_POINT('',(-110.7,5.78442949051236,130.235108070889));
#7657=CARTESIAN_POINT('Origin',(-112.7,7.28442949051235,131.985108070889));
#7658=CARTESIAN_POINT('',(-112.2,4.28442949051235,131.985108070889));
#7659=CARTESIAN_POINT('',(-111.2,5.28442949051236,131.985108070889));
#7660=CARTESIAN_POINT('',(-112.7,4.28442949051235,131.985108070889));
#7661=CARTESIAN_POINT('',(-112.7,4.28442949051235,131.985108070889));
#7662=CARTESIAN_POINT('',(-112.7,7.28442949051235,131.985108070889));
#7663=CARTESIAN_POINT('',(-112.7,7.15942949051235,131.985108070889));
#7664=CARTESIAN_POINT('',(-112.7,7.28442949051235,131.985108070889));
#7665=CARTESIAN_POINT('Origin',(-111.45,5.03442949051236,130.235108070889));
#7666=CARTESIAN_POINT('',(-112.2,4.28442949051235,124.985108070889));
#7667=CARTESIAN_POINT('',(-111.95,4.53442949051236,124.985108070889));
#7668=CARTESIAN_POINT('',(-112.2,4.28442949051235,130.235108070889));
#7669=CARTESIAN_POINT('Origin',(-112.7,4.28442949051235,131.985108070889));
#7670=CARTESIAN_POINT('',(-112.7,4.28442949051235,124.985108070889));
#7671=CARTESIAN_POINT('',(-112.7,4.28442949051235,124.985108070889));
#7672=CARTESIAN_POINT('',(-112.7,4.28442949051235,130.235108070889));
#7673=CARTESIAN_POINT('Origin',(-112.7,4.28442949051235,124.985108070889));
#7674=CARTESIAN_POINT('',(-112.7,7.28442949051235,124.985108070889));
#7675=CARTESIAN_POINT('',(-112.7,7.28442949051235,124.985108070889));
#7676=CARTESIAN_POINT('',(-112.7,5.65942949051235,124.985108070889));
#7677=CARTESIAN_POINT('Origin',(-112.7,7.28442949051235,124.985108070889));
#7678=CARTESIAN_POINT('',(-112.7,7.28442949051235,126.735108070889));
#7679=CARTESIAN_POINT('Origin',(-111.2,8.78442949051235,126.485108070889));
#7680=CARTESIAN_POINT('',(-109.7,7.28442949051235,132.485108070889));
#7681=CARTESIAN_POINT('',(-111.95,9.53442949051236,132.485108070889));
#7682=CARTESIAN_POINT('',(-109.7,7.28442949051235,124.485108070889));
#7683=CARTESIAN_POINT('',(-109.7,7.28442949051235,126.485108070889));
#7684=CARTESIAN_POINT('',(-110.325,7.90942949051236,124.485108070889));
#7685=CARTESIAN_POINT('Origin',(-109.7,7.03442949051235,128.485108070889));
#7686=CARTESIAN_POINT('',(-109.7,3.78442949051235,132.485108070889));
#7687=CARTESIAN_POINT('',(-109.7,10.2844294905124,132.485108070889));
#7688=CARTESIAN_POINT('',(-109.7,3.78442949051235,124.485108070889));
#7689=CARTESIAN_POINT('',(-109.7,3.78442949051235,124.485108070889));
#7690=CARTESIAN_POINT('',(-109.7,7.28442949051235,124.485108070889));
#7691=CARTESIAN_POINT('Origin',(-112.7,10.2844294905124,132.485108070889));
#7692=CARTESIAN_POINT('',(-112.7,3.78442949051235,132.485108070889));
#7693=CARTESIAN_POINT('',(-112.7,10.2844294905124,132.485108070889));
#7694=CARTESIAN_POINT('',(-112.7,3.78442949051235,132.485108070889));
#7695=CARTESIAN_POINT('Origin',(-112.7,3.78442949051235,132.485108070889));
#7696=CARTESIAN_POINT('',(-112.7,3.78442949051235,124.485108070889));
#7697=CARTESIAN_POINT('',(-112.7,3.78442949051235,124.485108070889));
#7698=CARTESIAN_POINT('',(-112.7,3.78442949051235,124.485108070889));
#7699=CARTESIAN_POINT('Origin',(-112.7,3.78442949051235,124.485108070889));
#7700=CARTESIAN_POINT('',(-112.7,7.28442949051235,124.485108070889));
#7701=CARTESIAN_POINT('Origin',(-112.7,7.03442949051235,128.485108070889));
#7702=CARTESIAN_POINT('',(0.0154278443423372,0.1103881109773,0.077633985223482));
#7703=UNCERTAINTY_MEASURE_WITH_UNIT(LENGTH_MEASURE(0.01),#7709,
'DISTANCE_ACCURACY_VALUE',
'Maximum model space distance between geometric entities at asserted c
onnectivities');
#7704=UNCERTAINTY_MEASURE_WITH_UNIT(LENGTH_MEASURE(0.01),#7709,
'DISTANCE_ACCURACY_VALUE',
'Maximum model space distance between geometric entities at asserted c
onnectivities');
#7705=UNCERTAINTY_MEASURE_WITH_UNIT(LENGTH_MEASURE(0.01),#7709,
'DISTANCE_ACCURACY_VALUE',
'Maximum model space distance between geometric entities at asserted c
onnectivities');
#7706=(
GEOMETRIC_REPRESENTATION_CONTEXT(3)
GLOBAL_UNCERTAINTY_ASSIGNED_CONTEXT((#7703))
GLOBAL_UNIT_ASSIGNED_CONTEXT((#7709,#7711,#7712))
REPRESENTATION_CONTEXT('','3D')
);
#7707=(
GEOMETRIC_REPRESENTATION_CONTEXT(3)
GLOBAL_UNCERTAINTY_ASSIGNED_CONTEXT((#7704))
GLOBAL_UNIT_ASSIGNED_CONTEXT((#7709,#7711,#7712))
REPRESENTATION_CONTEXT('','3D')
);
#7708=(
GEOMETRIC_REPRESENTATION_CONTEXT(3)
GLOBAL_UNCERTAINTY_ASSIGNED_CONTEXT((#7705))
GLOBAL_UNIT_ASSIGNED_CONTEXT((#7709,#7711,#7712))
REPRESENTATION_CONTEXT('','3D')
);
#7709=(
LENGTH_UNIT()
NAMED_UNIT(*)
SI_UNIT(.MILLI.,.METRE.)
);
#7710=(
LENGTH_UNIT()
NAMED_UNIT(*)
SI_UNIT($,.METRE.)
);
#7711=(
NAMED_UNIT(*)
PLANE_ANGLE_UNIT()
SI_UNIT($,.RADIAN.)
);
#7712=(
NAMED_UNIT(*)
SI_UNIT($,.STERADIAN.)
SOLID_ANGLE_UNIT()
);
#7713=SHAPE_DEFINITION_REPRESENTATION(#7715,#7718);
#7714=SHAPE_DEFINITION_REPRESENTATION(#7716,#7719);
#7715=PRODUCT_DEFINITION_SHAPE('',$,#7721);
#7716=PRODUCT_DEFINITION_SHAPE('',$,#7722);
#7717=PRODUCT_DEFINITION_SHAPE($,$,#14);
#7718=SHAPE_REPRESENTATION('',(#4413,#4647),#7706);
#7719=SHAPE_REPRESENTATION('',(#4414),#7707);
#7720=PRODUCT_DEFINITION_CONTEXT('part definition',#7728,'design');
#7721=PRODUCT_DEFINITION('PiWu','Pi Top',#7723,#7720);
#7722=PRODUCT_DEFINITION('V2','V2',#7724,#7720);
#7723=PRODUCT_DEFINITION_FORMATION('',$,#7730);
#7724=PRODUCT_DEFINITION_FORMATION('',$,#7731);
#7725=PRODUCT_RELATED_PRODUCT_CATEGORY('Pi Top','Pi Top',(#7730));
#7726=PRODUCT_RELATED_PRODUCT_CATEGORY('V2','V2',(#7731));
#7727=APPLICATION_PROTOCOL_DEFINITION('international standard',
'automotive_design',2009,#7728);
#7728=APPLICATION_CONTEXT(
'Core Data for Automotive Mechanical Design Process');
#7729=PRODUCT_CONTEXT('part definition',#7728,'mechanical');
#7730=PRODUCT('PiWu','Pi Top',$,(#7729));
#7731=PRODUCT('V2','V2',$,(#7729));
#7732=PRESENTATION_STYLE_ASSIGNMENT((#7734));
#7733=PRESENTATION_STYLE_ASSIGNMENT((#7735));
#7734=SURFACE_STYLE_USAGE(.BOTH.,#7736);
#7735=SURFACE_STYLE_USAGE(.BOTH.,#7737);
#7736=SURFACE_SIDE_STYLE('',(#7738));
#7737=SURFACE_SIDE_STYLE('',(#7739));
#7738=SURFACE_STYLE_FILL_AREA(#7740);
#7739=SURFACE_STYLE_FILL_AREA(#7741);
#7740=FILL_AREA_STYLE('Steel - Satin',(#7742));
#7741=FILL_AREA_STYLE('Plastic - Matte (Black)',(#7743));
#7742=FILL_AREA_STYLE_COLOUR('Steel - Satin',#7744);
#7743=FILL_AREA_STYLE_COLOUR('Plastic - Matte (Black)',#7745);
#7744=COLOUR_RGB('Steel - Satin',0.627450980392157,0.627450980392157,0.627450980392157);
#7745=COLOUR_RGB('Plastic - Matte (Black)',0.0980392156862745,0.0980392156862745,
0.0980392156862745);
ENDSEC;
END-ISO-10303-21;
