ISO-10303-21;
HEADER;
/* Generated by software containing ST-Developer
 * from STEP Tools, Inc. (www.steptools.com) 
 */

FILE_DESCRIPTION(
/* description */ (''),
/* implementation_level */ '2;1');

FILE_NAME(
/* name */ 'Waveshare Mount.step',
/* time_stamp */ '2026-05-29T14:04:48+01:00',
/* author */ (''),
/* organization */ (''),
/* preprocessor_version */ 'ST-DEVELOPER v20.1',
/* originating_system */ 'Autodesk Translation Framework v15.8.0.0',
/* authorisation */ '');

FILE_SCHEMA (('AUTOMOTIVE_DESIGN { 1 0 10303 214 3 1 1 }'));
ENDSEC;

DATA;
#10=MECHANICAL_DESIGN_GEOMETRIC_PRESENTATION_REPRESENTATION('',(#13),#4544);
#11=SHAPE_REPRESENTATION_RELATIONSHIP('SRR','None',#4551,#12);
#12=ADVANCED_BREP_SHAPE_REPRESENTATION('',(#14),#4543);
#13=STYLED_ITEM('',(#4561),#14);
#14=MANIFOLD_SOLID_BREP('Waveshare Mount',#2806);
#15=CYLINDRICAL_SURFACE('',#2970,2.);
#16=CYLINDRICAL_SURFACE('',#2972,1.25);
#17=CYLINDRICAL_SURFACE('',#2976,2.);
#18=CYLINDRICAL_SURFACE('',#2978,1.25);
#19=CYLINDRICAL_SURFACE('',#2982,2.);
#20=CYLINDRICAL_SURFACE('',#2984,1.25);
#21=CYLINDRICAL_SURFACE('',#2988,2.);
#22=CYLINDRICAL_SURFACE('',#2990,1.25);
#23=CYLINDRICAL_SURFACE('',#2991,1.75);
#24=CYLINDRICAL_SURFACE('',#2993,1.75);
#25=CYLINDRICAL_SURFACE('',#2995,1.75);
#26=CYLINDRICAL_SURFACE('',#2997,1.75);
#27=CYLINDRICAL_SURFACE('',#2999,1.75);
#28=CYLINDRICAL_SURFACE('',#3001,1.75);
#29=CYLINDRICAL_SURFACE('',#3003,1.75);
#30=CYLINDRICAL_SURFACE('',#3005,1.75);
#31=CYLINDRICAL_SURFACE('',#3007,1.75);
#32=CYLINDRICAL_SURFACE('',#3009,4.);
#33=CYLINDRICAL_SURFACE('',#3011,4.);
#34=CYLINDRICAL_SURFACE('',#3013,4.);
#35=CYLINDRICAL_SURFACE('',#3015,4.);
#36=CIRCLE('',#2865,4.);
#37=CIRCLE('',#2866,4.);
#38=CIRCLE('',#2867,4.);
#39=CIRCLE('',#2868,4.);
#40=CIRCLE('',#2869,4.);
#41=CIRCLE('',#2870,4.);
#42=CIRCLE('',#2873,1.25);
#43=CIRCLE('',#2875,1.25);
#44=CIRCLE('',#2877,1.25);
#45=CIRCLE('',#2879,1.25);
#46=CIRCLE('',#2884,1.75);
#47=CIRCLE('',#2889,1.75);
#48=CIRCLE('',#2894,1.75);
#49=CIRCLE('',#2902,1.75);
#50=CIRCLE('',#2908,1.75);
#51=CIRCLE('',#2914,1.75);
#52=CIRCLE('',#2921,1.75);
#53=CIRCLE('',#2929,1.75);
#54=CIRCLE('',#2934,1.75);
#55=CIRCLE('',#2942,4.);
#56=CIRCLE('',#2950,4.);
#57=CIRCLE('',#2958,4.);
#58=CIRCLE('',#2966,4.);
#59=CIRCLE('',#2968,2.);
#60=CIRCLE('',#2969,1.25);
#61=CIRCLE('',#2971,2.);
#62=CIRCLE('',#2974,2.);
#63=CIRCLE('',#2975,1.25);
#64=CIRCLE('',#2977,2.);
#65=CIRCLE('',#2980,2.);
#66=CIRCLE('',#2981,1.25);
#67=CIRCLE('',#2983,2.);
#68=CIRCLE('',#2986,2.);
#69=CIRCLE('',#2987,1.25);
#70=CIRCLE('',#2989,2.);
#71=CIRCLE('',#2992,1.75);
#72=CIRCLE('',#2994,1.75);
#73=CIRCLE('',#2996,1.75);
#74=CIRCLE('',#2998,1.75);
#75=CIRCLE('',#3000,1.75);
#76=CIRCLE('',#3002,1.75);
#77=CIRCLE('',#3004,1.75);
#78=CIRCLE('',#3006,1.75);
#79=CIRCLE('',#3008,1.75);
#80=CIRCLE('',#3010,4.);
#81=CIRCLE('',#3012,4.);
#82=CIRCLE('',#3014,4.);
#83=CIRCLE('',#3016,4.);
#84=FACE_BOUND('',#277,.T.);
#85=FACE_BOUND('',#284,.T.);
#86=FACE_BOUND('',#302,.T.);
#87=FACE_BOUND('',#305,.T.);
#88=FACE_BOUND('',#307,.T.);
#89=FACE_BOUND('',#309,.T.);
#90=FACE_BOUND('',#311,.T.);
#91=FACE_BOUND('',#316,.T.);
#92=FACE_BOUND('',#321,.T.);
#93=FACE_BOUND('',#326,.T.);
#94=FACE_BOUND('',#334,.T.);
#95=FACE_BOUND('',#340,.T.);
#96=FACE_BOUND('',#346,.T.);
#97=FACE_BOUND('',#353,.T.);
#98=FACE_BOUND('',#361,.T.);
#99=FACE_BOUND('',#366,.T.);
#100=FACE_BOUND('',#374,.T.);
#101=FACE_BOUND('',#382,.T.);
#102=FACE_BOUND('',#390,.T.);
#103=FACE_BOUND('',#398,.T.);
#104=FACE_BOUND('',#400,.T.);
#105=FACE_BOUND('',#404,.T.);
#106=FACE_BOUND('',#408,.T.);
#107=FACE_BOUND('',#412,.T.);
#108=FACE_BOUND('',#429,.T.);
#109=FACE_BOUND('',#430,.T.);
#110=FACE_BOUND('',#431,.T.);
#111=FACE_BOUND('',#432,.T.);
#112=FACE_BOUND('',#433,.T.);
#113=FACE_BOUND('',#434,.T.);
#114=FACE_BOUND('',#435,.T.);
#115=FACE_BOUND('',#436,.T.);
#116=FACE_BOUND('',#437,.T.);
#117=FACE_BOUND('',#438,.T.);
#118=FACE_BOUND('',#439,.T.);
#119=FACE_BOUND('',#440,.T.);
#120=FACE_BOUND('',#441,.T.);
#121=FACE_OUTER_BOUND('',#263,.T.);
#122=FACE_OUTER_BOUND('',#264,.T.);
#123=FACE_OUTER_BOUND('',#265,.T.);
#124=FACE_OUTER_BOUND('',#266,.T.);
#125=FACE_OUTER_BOUND('',#267,.T.);
#126=FACE_OUTER_BOUND('',#268,.T.);
#127=FACE_OUTER_BOUND('',#269,.T.);
#128=FACE_OUTER_BOUND('',#270,.T.);
#129=FACE_OUTER_BOUND('',#271,.T.);
#130=FACE_OUTER_BOUND('',#272,.T.);
#131=FACE_OUTER_BOUND('',#273,.T.);
#132=FACE_OUTER_BOUND('',#274,.T.);
#133=FACE_OUTER_BOUND('',#275,.T.);
#134=FACE_OUTER_BOUND('',#276,.T.);
#135=FACE_OUTER_BOUND('',#278,.T.);
#136=FACE_OUTER_BOUND('',#279,.T.);
#137=FACE_OUTER_BOUND('',#280,.T.);
#138=FACE_OUTER_BOUND('',#281,.T.);
#139=FACE_OUTER_BOUND('',#282,.T.);
#140=FACE_OUTER_BOUND('',#283,.T.);
#141=FACE_OUTER_BOUND('',#285,.T.);
#142=FACE_OUTER_BOUND('',#286,.T.);
#143=FACE_OUTER_BOUND('',#287,.T.);
#144=FACE_OUTER_BOUND('',#288,.T.);
#145=FACE_OUTER_BOUND('',#289,.T.);
#146=FACE_OUTER_BOUND('',#290,.T.);
#147=FACE_OUTER_BOUND('',#291,.T.);
#148=FACE_OUTER_BOUND('',#292,.T.);
#149=FACE_OUTER_BOUND('',#293,.T.);
#150=FACE_OUTER_BOUND('',#294,.T.);
#151=FACE_OUTER_BOUND('',#295,.T.);
#152=FACE_OUTER_BOUND('',#296,.T.);
#153=FACE_OUTER_BOUND('',#297,.T.);
#154=FACE_OUTER_BOUND('',#298,.T.);
#155=FACE_OUTER_BOUND('',#299,.T.);
#156=FACE_OUTER_BOUND('',#300,.T.);
#157=FACE_OUTER_BOUND('',#301,.T.);
#158=FACE_OUTER_BOUND('',#303,.T.);
#159=FACE_OUTER_BOUND('',#304,.T.);
#160=FACE_OUTER_BOUND('',#306,.T.);
#161=FACE_OUTER_BOUND('',#308,.T.);
#162=FACE_OUTER_BOUND('',#310,.T.);
#163=FACE_OUTER_BOUND('',#312,.T.);
#164=FACE_OUTER_BOUND('',#313,.T.);
#165=FACE_OUTER_BOUND('',#314,.T.);
#166=FACE_OUTER_BOUND('',#315,.T.);
#167=FACE_OUTER_BOUND('',#317,.T.);
#168=FACE_OUTER_BOUND('',#318,.T.);
#169=FACE_OUTER_BOUND('',#319,.T.);
#170=FACE_OUTER_BOUND('',#320,.T.);
#171=FACE_OUTER_BOUND('',#322,.T.);
#172=FACE_OUTER_BOUND('',#323,.T.);
#173=FACE_OUTER_BOUND('',#324,.T.);
#174=FACE_OUTER_BOUND('',#325,.T.);
#175=FACE_OUTER_BOUND('',#327,.T.);
#176=FACE_OUTER_BOUND('',#328,.T.);
#177=FACE_OUTER_BOUND('',#329,.T.);
#178=FACE_OUTER_BOUND('',#330,.T.);
#179=FACE_OUTER_BOUND('',#331,.T.);
#180=FACE_OUTER_BOUND('',#332,.T.);
#181=FACE_OUTER_BOUND('',#333,.T.);
#182=FACE_OUTER_BOUND('',#335,.T.);
#183=FACE_OUTER_BOUND('',#336,.T.);
#184=FACE_OUTER_BOUND('',#337,.T.);
#185=FACE_OUTER_BOUND('',#338,.T.);
#186=FACE_OUTER_BOUND('',#339,.T.);
#187=FACE_OUTER_BOUND('',#341,.T.);
#188=FACE_OUTER_BOUND('',#342,.T.);
#189=FACE_OUTER_BOUND('',#343,.T.);
#190=FACE_OUTER_BOUND('',#344,.T.);
#191=FACE_OUTER_BOUND('',#345,.T.);
#192=FACE_OUTER_BOUND('',#347,.T.);
#193=FACE_OUTER_BOUND('',#348,.T.);
#194=FACE_OUTER_BOUND('',#349,.T.);
#195=FACE_OUTER_BOUND('',#350,.T.);
#196=FACE_OUTER_BOUND('',#351,.T.);
#197=FACE_OUTER_BOUND('',#352,.T.);
#198=FACE_OUTER_BOUND('',#354,.T.);
#199=FACE_OUTER_BOUND('',#355,.T.);
#200=FACE_OUTER_BOUND('',#356,.T.);
#201=FACE_OUTER_BOUND('',#357,.T.);
#202=FACE_OUTER_BOUND('',#358,.T.);
#203=FACE_OUTER_BOUND('',#359,.T.);
#204=FACE_OUTER_BOUND('',#360,.T.);
#205=FACE_OUTER_BOUND('',#362,.T.);
#206=FACE_OUTER_BOUND('',#363,.T.);
#207=FACE_OUTER_BOUND('',#364,.T.);
#208=FACE_OUTER_BOUND('',#365,.T.);
#209=FACE_OUTER_BOUND('',#367,.T.);
#210=FACE_OUTER_BOUND('',#368,.T.);
#211=FACE_OUTER_BOUND('',#369,.T.);
#212=FACE_OUTER_BOUND('',#370,.T.);
#213=FACE_OUTER_BOUND('',#371,.T.);
#214=FACE_OUTER_BOUND('',#372,.T.);
#215=FACE_OUTER_BOUND('',#373,.T.);
#216=FACE_OUTER_BOUND('',#375,.T.);
#217=FACE_OUTER_BOUND('',#376,.T.);
#218=FACE_OUTER_BOUND('',#377,.T.);
#219=FACE_OUTER_BOUND('',#378,.T.);
#220=FACE_OUTER_BOUND('',#379,.T.);
#221=FACE_OUTER_BOUND('',#380,.T.);
#222=FACE_OUTER_BOUND('',#381,.T.);
#223=FACE_OUTER_BOUND('',#383,.T.);
#224=FACE_OUTER_BOUND('',#384,.T.);
#225=FACE_OUTER_BOUND('',#385,.T.);
#226=FACE_OUTER_BOUND('',#386,.T.);
#227=FACE_OUTER_BOUND('',#387,.T.);
#228=FACE_OUTER_BOUND('',#388,.T.);
#229=FACE_OUTER_BOUND('',#389,.T.);
#230=FACE_OUTER_BOUND('',#391,.T.);
#231=FACE_OUTER_BOUND('',#392,.T.);
#232=FACE_OUTER_BOUND('',#393,.T.);
#233=FACE_OUTER_BOUND('',#394,.T.);
#234=FACE_OUTER_BOUND('',#395,.T.);
#235=FACE_OUTER_BOUND('',#396,.T.);
#236=FACE_OUTER_BOUND('',#397,.T.);
#237=FACE_OUTER_BOUND('',#399,.T.);
#238=FACE_OUTER_BOUND('',#401,.T.);
#239=FACE_OUTER_BOUND('',#402,.T.);
#240=FACE_OUTER_BOUND('',#403,.T.);
#241=FACE_OUTER_BOUND('',#405,.T.);
#242=FACE_OUTER_BOUND('',#406,.T.);
#243=FACE_OUTER_BOUND('',#407,.T.);
#244=FACE_OUTER_BOUND('',#409,.T.);
#245=FACE_OUTER_BOUND('',#410,.T.);
#246=FACE_OUTER_BOUND('',#411,.T.);
#247=FACE_OUTER_BOUND('',#413,.T.);
#248=FACE_OUTER_BOUND('',#414,.T.);
#249=FACE_OUTER_BOUND('',#415,.T.);
#250=FACE_OUTER_BOUND('',#416,.T.);
#251=FACE_OUTER_BOUND('',#417,.T.);
#252=FACE_OUTER_BOUND('',#418,.T.);
#253=FACE_OUTER_BOUND('',#419,.T.);
#254=FACE_OUTER_BOUND('',#420,.T.);
#255=FACE_OUTER_BOUND('',#421,.T.);
#256=FACE_OUTER_BOUND('',#422,.T.);
#257=FACE_OUTER_BOUND('',#423,.T.);
#258=FACE_OUTER_BOUND('',#424,.T.);
#259=FACE_OUTER_BOUND('',#425,.T.);
#260=FACE_OUTER_BOUND('',#426,.T.);
#261=FACE_OUTER_BOUND('',#427,.T.);
#262=FACE_OUTER_BOUND('',#428,.T.);
#263=EDGE_LOOP('',(#1765,#1766,#1767,#1768));
#264=EDGE_LOOP('',(#1769,#1770,#1771,#1772));
#265=EDGE_LOOP('',(#1773,#1774,#1775,#1776));
#266=EDGE_LOOP('',(#1777,#1778,#1779,#1780));
#267=EDGE_LOOP('',(#1781,#1782,#1783,#1784));
#268=EDGE_LOOP('',(#1785,#1786,#1787,#1788,#1789,#1790,#1791,#1792));
#269=EDGE_LOOP('',(#1793,#1794,#1795,#1796));
#270=EDGE_LOOP('',(#1797,#1798,#1799,#1800));
#271=EDGE_LOOP('',(#1801,#1802,#1803,#1804));
#272=EDGE_LOOP('',(#1805,#1806,#1807,#1808));
#273=EDGE_LOOP('',(#1809,#1810,#1811,#1812));
#274=EDGE_LOOP('',(#1813,#1814,#1815,#1816));
#275=EDGE_LOOP('',(#1817,#1818,#1819,#1820));
#276=EDGE_LOOP('',(#1821,#1822,#1823,#1824,#1825,#1826,#1827,#1828,#1829,
#1830,#1831,#1832,#1833,#1834,#1835,#1836,#1837,#1838,#1839,#1840));
#277=EDGE_LOOP('',(#1841,#1842,#1843,#1844,#1845,#1846));
#278=EDGE_LOOP('',(#1847,#1848,#1849,#1850));
#279=EDGE_LOOP('',(#1851,#1852,#1853,#1854));
#280=EDGE_LOOP('',(#1855,#1856,#1857,#1858));
#281=EDGE_LOOP('',(#1859,#1860,#1861,#1862));
#282=EDGE_LOOP('',(#1863,#1864,#1865,#1866));
#283=EDGE_LOOP('',(#1867,#1868,#1869,#1870,#1871,#1872,#1873,#1874,#1875,
#1876,#1877,#1878,#1879,#1880,#1881,#1882,#1883,#1884,#1885,#1886));
#284=EDGE_LOOP('',(#1887,#1888,#1889,#1890,#1891,#1892));
#285=EDGE_LOOP('',(#1893,#1894,#1895,#1896));
#286=EDGE_LOOP('',(#1897,#1898,#1899,#1900));
#287=EDGE_LOOP('',(#1901,#1902,#1903,#1904));
#288=EDGE_LOOP('',(#1905,#1906,#1907,#1908,#1909,#1910));
#289=EDGE_LOOP('',(#1911,#1912,#1913,#1914,#1915,#1916));
#290=EDGE_LOOP('',(#1917,#1918,#1919,#1920,#1921,#1922));
#291=EDGE_LOOP('',(#1923,#1924,#1925,#1926));
#292=EDGE_LOOP('',(#1927,#1928,#1929,#1930,#1931,#1932));
#293=EDGE_LOOP('',(#1933,#1934,#1935,#1936));
#294=EDGE_LOOP('',(#1937,#1938,#1939,#1940));
#295=EDGE_LOOP('',(#1941,#1942,#1943,#1944));
#296=EDGE_LOOP('',(#1945,#1946,#1947,#1948));
#297=EDGE_LOOP('',(#1949,#1950,#1951,#1952,#1953,#1954));
#298=EDGE_LOOP('',(#1955,#1956,#1957,#1958));
#299=EDGE_LOOP('',(#1959,#1960,#1961,#1962,#1963,#1964));
#300=EDGE_LOOP('',(#1965,#1966,#1967,#1968,#1969,#1970));
#301=EDGE_LOOP('',(#1971,#1972,#1973,#1974,#1975,#1976,#1977,#1978,#1979,
#1980));
#302=EDGE_LOOP('',(#1981,#1982,#1983,#1984,#1985,#1986,#1987,#1988,#1989,
#1990,#1991,#1992,#1993,#1994,#1995,#1996,#1997,#1998,#1999,#2000,#2001,
#2002,#2003,#2004,#2005,#2006,#2007,#2008,#2009,#2010,#2011,#2012,#2013,
#2014,#2015,#2016,#2017,#2018));
#303=EDGE_LOOP('',(#2019,#2020,#2021,#2022,#2023,#2024));
#304=EDGE_LOOP('',(#2025,#2026,#2027,#2028,#2029,#2030));
#305=EDGE_LOOP('',(#2031));
#306=EDGE_LOOP('',(#2032,#2033,#2034,#2035,#2036,#2037));
#307=EDGE_LOOP('',(#2038));
#308=EDGE_LOOP('',(#2039,#2040,#2041,#2042,#2043,#2044));
#309=EDGE_LOOP('',(#2045));
#310=EDGE_LOOP('',(#2046,#2047,#2048,#2049,#2050,#2051));
#311=EDGE_LOOP('',(#2052));
#312=EDGE_LOOP('',(#2053,#2054,#2055,#2056));
#313=EDGE_LOOP('',(#2057,#2058,#2059,#2060));
#314=EDGE_LOOP('',(#2061,#2062,#2063,#2064));
#315=EDGE_LOOP('',(#2065,#2066,#2067,#2068,#2069,#2070));
#316=EDGE_LOOP('',(#2071));
#317=EDGE_LOOP('',(#2072,#2073,#2074,#2075));
#318=EDGE_LOOP('',(#2076,#2077,#2078,#2079));
#319=EDGE_LOOP('',(#2080,#2081,#2082,#2083));
#320=EDGE_LOOP('',(#2084,#2085,#2086,#2087,#2088,#2089));
#321=EDGE_LOOP('',(#2090));
#322=EDGE_LOOP('',(#2091,#2092,#2093,#2094));
#323=EDGE_LOOP('',(#2095,#2096,#2097,#2098));
#324=EDGE_LOOP('',(#2099,#2100,#2101,#2102));
#325=EDGE_LOOP('',(#2103,#2104,#2105,#2106,#2107,#2108));
#326=EDGE_LOOP('',(#2109));
#327=EDGE_LOOP('',(#2110,#2111,#2112,#2113,#2114,#2115));
#328=EDGE_LOOP('',(#2116,#2117,#2118,#2119));
#329=EDGE_LOOP('',(#2120,#2121,#2122,#2123,#2124,#2125));
#330=EDGE_LOOP('',(#2126,#2127,#2128,#2129));
#331=EDGE_LOOP('',(#2130,#2131,#2132,#2133));
#332=EDGE_LOOP('',(#2134,#2135,#2136,#2137));
#333=EDGE_LOOP('',(#2138,#2139,#2140,#2141,#2142,#2143));
#334=EDGE_LOOP('',(#2144));
#335=EDGE_LOOP('',(#2145,#2146,#2147,#2148));
#336=EDGE_LOOP('',(#2149,#2150,#2151,#2152));
#337=EDGE_LOOP('',(#2153,#2154,#2155,#2156));
#338=EDGE_LOOP('',(#2157,#2158,#2159,#2160));
#339=EDGE_LOOP('',(#2161,#2162,#2163,#2164,#2165,#2166));
#340=EDGE_LOOP('',(#2167));
#341=EDGE_LOOP('',(#2168,#2169,#2170,#2171));
#342=EDGE_LOOP('',(#2172,#2173,#2174,#2175));
#343=EDGE_LOOP('',(#2176,#2177,#2178,#2179));
#344=EDGE_LOOP('',(#2180,#2181,#2182,#2183));
#345=EDGE_LOOP('',(#2184,#2185,#2186,#2187,#2188,#2189));
#346=EDGE_LOOP('',(#2190));
#347=EDGE_LOOP('',(#2191,#2192,#2193,#2194));
#348=EDGE_LOOP('',(#2195,#2196,#2197,#2198,#2199,#2200,#2201,#2202));
#349=EDGE_LOOP('',(#2203,#2204,#2205,#2206));
#350=EDGE_LOOP('',(#2207,#2208,#2209,#2210));
#351=EDGE_LOOP('',(#2211,#2212,#2213,#2214));
#352=EDGE_LOOP('',(#2215,#2216,#2217,#2218,#2219,#2220));
#353=EDGE_LOOP('',(#2221));
#354=EDGE_LOOP('',(#2222,#2223,#2224,#2225));
#355=EDGE_LOOP('',(#2226,#2227,#2228,#2229));
#356=EDGE_LOOP('',(#2230,#2231,#2232,#2233));
#357=EDGE_LOOP('',(#2234,#2235,#2236,#2237));
#358=EDGE_LOOP('',(#2238,#2239,#2240,#2241));
#359=EDGE_LOOP('',(#2242,#2243,#2244,#2245,#2246,#2247,#2248,#2249));
#360=EDGE_LOOP('',(#2250,#2251,#2252,#2253,#2254,#2255));
#361=EDGE_LOOP('',(#2256));
#362=EDGE_LOOP('',(#2257,#2258,#2259,#2260,#2261,#2262));
#363=EDGE_LOOP('',(#2263,#2264,#2265,#2266));
#364=EDGE_LOOP('',(#2267,#2268,#2269,#2270,#2271,#2272));
#365=EDGE_LOOP('',(#2273,#2274,#2275,#2276,#2277,#2278));
#366=EDGE_LOOP('',(#2279));
#367=EDGE_LOOP('',(#2280,#2281,#2282,#2283));
#368=EDGE_LOOP('',(#2284,#2285,#2286,#2287));
#369=EDGE_LOOP('',(#2288,#2289,#2290,#2291));
#370=EDGE_LOOP('',(#2292,#2293,#2294,#2295));
#371=EDGE_LOOP('',(#2296,#2297,#2298,#2299));
#372=EDGE_LOOP('',(#2300,#2301,#2302,#2303));
#373=EDGE_LOOP('',(#2304));
#374=EDGE_LOOP('',(#2305,#2306,#2307,#2308,#2309,#2310));
#375=EDGE_LOOP('',(#2311,#2312,#2313,#2314));
#376=EDGE_LOOP('',(#2315,#2316,#2317,#2318));
#377=EDGE_LOOP('',(#2319,#2320,#2321,#2322));
#378=EDGE_LOOP('',(#2323,#2324,#2325,#2326));
#379=EDGE_LOOP('',(#2327,#2328,#2329,#2330));
#380=EDGE_LOOP('',(#2331,#2332,#2333,#2334));
#381=EDGE_LOOP('',(#2335));
#382=EDGE_LOOP('',(#2336,#2337,#2338,#2339,#2340,#2341));
#383=EDGE_LOOP('',(#2342,#2343,#2344,#2345));
#384=EDGE_LOOP('',(#2346,#2347,#2348,#2349));
#385=EDGE_LOOP('',(#2350,#2351,#2352,#2353));
#386=EDGE_LOOP('',(#2354,#2355,#2356,#2357));
#387=EDGE_LOOP('',(#2358,#2359,#2360,#2361));
#388=EDGE_LOOP('',(#2362,#2363,#2364,#2365));
#389=EDGE_LOOP('',(#2366));
#390=EDGE_LOOP('',(#2367,#2368,#2369,#2370,#2371,#2372));
#391=EDGE_LOOP('',(#2373,#2374,#2375,#2376));
#392=EDGE_LOOP('',(#2377,#2378,#2379,#2380));
#393=EDGE_LOOP('',(#2381,#2382,#2383,#2384));
#394=EDGE_LOOP('',(#2385,#2386,#2387,#2388));
#395=EDGE_LOOP('',(#2389,#2390,#2391,#2392));
#396=EDGE_LOOP('',(#2393,#2394,#2395,#2396));
#397=EDGE_LOOP('',(#2397));
#398=EDGE_LOOP('',(#2398,#2399,#2400,#2401,#2402,#2403));
#399=EDGE_LOOP('',(#2404));
#400=EDGE_LOOP('',(#2405));
#401=EDGE_LOOP('',(#2406,#2407,#2408,#2409));
#402=EDGE_LOOP('',(#2410,#2411,#2412,#2413));
#403=EDGE_LOOP('',(#2414));
#404=EDGE_LOOP('',(#2415));
#405=EDGE_LOOP('',(#2416,#2417,#2418,#2419));
#406=EDGE_LOOP('',(#2420,#2421,#2422,#2423));
#407=EDGE_LOOP('',(#2424));
#408=EDGE_LOOP('',(#2425));
#409=EDGE_LOOP('',(#2426,#2427,#2428,#2429));
#410=EDGE_LOOP('',(#2430,#2431,#2432,#2433));
#411=EDGE_LOOP('',(#2434));
#412=EDGE_LOOP('',(#2435));
#413=EDGE_LOOP('',(#2436,#2437,#2438,#2439));
#414=EDGE_LOOP('',(#2440,#2441,#2442,#2443));
#415=EDGE_LOOP('',(#2444,#2445,#2446,#2447));
#416=EDGE_LOOP('',(#2448,#2449,#2450,#2451));
#417=EDGE_LOOP('',(#2452,#2453,#2454,#2455));
#418=EDGE_LOOP('',(#2456,#2457,#2458,#2459));
#419=EDGE_LOOP('',(#2460,#2461,#2462,#2463));
#420=EDGE_LOOP('',(#2464,#2465,#2466,#2467));
#421=EDGE_LOOP('',(#2468,#2469,#2470,#2471));
#422=EDGE_LOOP('',(#2472,#2473,#2474,#2475));
#423=EDGE_LOOP('',(#2476,#2477,#2478,#2479));
#424=EDGE_LOOP('',(#2480,#2481,#2482,#2483,#2484,#2485,#2486,#2487,#2488,
#2489));
#425=EDGE_LOOP('',(#2490,#2491,#2492,#2493,#2494,#2495,#2496,#2497,#2498,
#2499));
#426=EDGE_LOOP('',(#2500,#2501,#2502,#2503,#2504,#2505,#2506,#2507,#2508,
#2509,#2510));
#427=EDGE_LOOP('',(#2511,#2512,#2513,#2514,#2515,#2516,#2517,#2518,#2519,
#2520,#2521));
#428=EDGE_LOOP('',(#2522,#2523,#2524,#2525,#2526,#2527,#2528,#2529));
#429=EDGE_LOOP('',(#2530));
#430=EDGE_LOOP('',(#2531));
#431=EDGE_LOOP('',(#2532));
#432=EDGE_LOOP('',(#2533));
#433=EDGE_LOOP('',(#2534));
#434=EDGE_LOOP('',(#2535));
#435=EDGE_LOOP('',(#2536));
#436=EDGE_LOOP('',(#2537));
#437=EDGE_LOOP('',(#2538));
#438=EDGE_LOOP('',(#2539));
#439=EDGE_LOOP('',(#2540));
#440=EDGE_LOOP('',(#2541));
#441=EDGE_LOOP('',(#2542));
#442=LINE('',#3755,#775);
#443=LINE('',#3758,#776);
#444=LINE('',#3761,#777);
#445=LINE('',#3763,#778);
#446=LINE('',#3764,#779);
#447=LINE('',#3770,#780);
#448=LINE('',#3773,#781);
#449=LINE('',#3776,#782);
#450=LINE('',#3778,#783);
#451=LINE('',#3779,#784);
#452=LINE('',#3785,#785);
#453=LINE('',#3788,#786);
#454=LINE('',#3791,#787);
#455=LINE('',#3793,#788);
#456=LINE('',#3795,#789);
#457=LINE('',#3797,#790);
#458=LINE('',#3799,#791);
#459=LINE('',#3801,#792);
#460=LINE('',#3802,#793);
#461=LINE('',#3808,#794);
#462=LINE('',#3811,#795);
#463=LINE('',#3814,#796);
#464=LINE('',#3816,#797);
#465=LINE('',#3817,#798);
#466=LINE('',#3821,#799);
#467=LINE('',#3823,#800);
#468=LINE('',#3825,#801);
#469=LINE('',#3826,#802);
#470=LINE('',#3830,#803);
#471=LINE('',#3832,#804);
#472=LINE('',#3834,#805);
#473=LINE('',#3835,#806);
#474=LINE('',#3838,#807);
#475=LINE('',#3840,#808);
#476=LINE('',#3841,#809);
#477=LINE('',#3845,#810);
#478=LINE('',#3847,#811);
#479=LINE('',#3849,#812);
#480=LINE('',#3850,#813);
#481=LINE('',#3854,#814);
#482=LINE('',#3856,#815);
#483=LINE('',#3858,#816);
#484=LINE('',#3859,#817);
#485=LINE('',#3862,#818);
#486=LINE('',#3864,#819);
#487=LINE('',#3865,#820);
#488=LINE('',#3867,#821);
#489=LINE('',#3868,#822);
#490=LINE('',#3870,#823);
#491=LINE('',#3872,#824);
#492=LINE('',#3873,#825);
#493=LINE('',#3875,#826);
#494=LINE('',#3877,#827);
#495=LINE('',#3879,#828);
#496=LINE('',#3881,#829);
#497=LINE('',#3883,#830);
#498=LINE('',#3885,#831);
#499=LINE('',#3886,#832);
#500=LINE('',#3889,#833);
#501=LINE('',#3891,#834);
#502=LINE('',#3893,#835);
#503=LINE('',#3895,#836);
#504=LINE('',#3897,#837);
#505=LINE('',#3898,#838);
#506=LINE('',#3902,#839);
#507=LINE('',#3904,#840);
#508=LINE('',#3906,#841);
#509=LINE('',#3907,#842);
#510=LINE('',#3910,#843);
#511=LINE('',#3912,#844);
#512=LINE('',#3913,#845);
#513=LINE('',#3917,#846);
#514=LINE('',#3919,#847);
#515=LINE('',#3921,#848);
#516=LINE('',#3922,#849);
#517=LINE('',#3926,#850);
#518=LINE('',#3928,#851);
#519=LINE('',#3930,#852);
#520=LINE('',#3931,#853);
#521=LINE('',#3935,#854);
#522=LINE('',#3937,#855);
#523=LINE('',#3939,#856);
#524=LINE('',#3940,#857);
#525=LINE('',#3943,#858);
#526=LINE('',#3944,#859);
#527=LINE('',#3946,#860);
#528=LINE('',#3948,#861);
#529=LINE('',#3949,#862);
#530=LINE('',#3951,#863);
#531=LINE('',#3953,#864);
#532=LINE('',#3955,#865);
#533=LINE('',#3957,#866);
#534=LINE('',#3959,#867);
#535=LINE('',#3961,#868);
#536=LINE('',#3962,#869);
#537=LINE('',#3964,#870);
#538=LINE('',#3966,#871);
#539=LINE('',#3967,#872);
#540=LINE('',#3970,#873);
#541=LINE('',#3972,#874);
#542=LINE('',#3974,#875);
#543=LINE('',#3976,#876);
#544=LINE('',#3978,#877);
#545=LINE('',#3979,#878);
#546=LINE('',#3982,#879);
#547=LINE('',#3984,#880);
#548=LINE('',#3985,#881);
#549=LINE('',#3988,#882);
#550=LINE('',#3989,#883);
#551=LINE('',#3992,#884);
#552=LINE('',#3993,#885);
#553=LINE('',#3996,#886);
#554=LINE('',#3998,#887);
#555=LINE('',#4000,#888);
#556=LINE('',#4001,#889);
#557=LINE('',#4004,#890);
#558=LINE('',#4006,#891);
#559=LINE('',#4007,#892);
#560=LINE('',#4010,#893);
#561=LINE('',#4012,#894);
#562=LINE('',#4014,#895);
#563=LINE('',#4015,#896);
#564=LINE('',#4018,#897);
#565=LINE('',#4019,#898);
#566=LINE('',#4022,#899);
#567=LINE('',#4024,#900);
#568=LINE('',#4025,#901);
#569=LINE('',#4028,#902);
#570=LINE('',#4030,#903);
#571=LINE('',#4031,#904);
#572=LINE('',#4034,#905);
#573=LINE('',#4035,#906);
#574=LINE('',#4038,#907);
#575=LINE('',#4039,#908);
#576=LINE('',#4042,#909);
#577=LINE('',#4044,#910);
#578=LINE('',#4045,#911);
#579=LINE('',#4048,#912);
#580=LINE('',#4050,#913);
#581=LINE('',#4052,#914);
#582=LINE('',#4053,#915);
#583=LINE('',#4056,#916);
#584=LINE('',#4057,#917);
#585=LINE('',#4060,#918);
#586=LINE('',#4062,#919);
#587=LINE('',#4063,#920);
#588=LINE('',#4066,#921);
#589=LINE('',#4068,#922);
#590=LINE('',#4070,#923);
#591=LINE('',#4071,#924);
#592=LINE('',#4082,#925);
#593=LINE('',#4084,#926);
#594=LINE('',#4086,#927);
#595=LINE('',#4087,#928);
#596=LINE('',#4088,#929);
#597=LINE('',#4089,#930);
#598=LINE('',#4091,#931);
#599=LINE('',#4093,#932);
#600=LINE('',#4094,#933);
#601=LINE('',#4096,#934);
#602=LINE('',#4098,#935);
#603=LINE('',#4100,#936);
#604=LINE('',#4102,#937);
#605=LINE('',#4103,#938);
#606=LINE('',#4104,#939);
#607=LINE('',#4105,#940);
#608=LINE('',#4107,#941);
#609=LINE('',#4109,#942);
#610=LINE('',#4111,#943);
#611=LINE('',#4113,#944);
#612=LINE('',#4114,#945);
#613=LINE('',#4117,#946);
#614=LINE('',#4118,#947);
#615=LINE('',#4122,#948);
#616=LINE('',#4124,#949);
#617=LINE('',#4126,#950);
#618=LINE('',#4128,#951);
#619=LINE('',#4130,#952);
#620=LINE('',#4131,#953);
#621=LINE('',#4137,#954);
#622=LINE('',#4139,#955);
#623=LINE('',#4141,#956);
#624=LINE('',#4143,#957);
#625=LINE('',#4145,#958);
#626=LINE('',#4146,#959);
#627=LINE('',#4152,#960);
#628=LINE('',#4154,#961);
#629=LINE('',#4156,#962);
#630=LINE('',#4158,#963);
#631=LINE('',#4160,#964);
#632=LINE('',#4161,#965);
#633=LINE('',#4167,#966);
#634=LINE('',#4169,#967);
#635=LINE('',#4171,#968);
#636=LINE('',#4173,#969);
#637=LINE('',#4175,#970);
#638=LINE('',#4176,#971);
#639=LINE('',#4181,#972);
#640=LINE('',#4182,#973);
#641=LINE('',#4185,#974);
#642=LINE('',#4186,#975);
#643=LINE('',#4188,#976);
#644=LINE('',#4194,#977);
#645=LINE('',#4195,#978);
#646=LINE('',#4198,#979);
#647=LINE('',#4199,#980);
#648=LINE('',#4201,#981);
#649=LINE('',#4207,#982);
#650=LINE('',#4208,#983);
#651=LINE('',#4211,#984);
#652=LINE('',#4212,#985);
#653=LINE('',#4214,#986);
#654=LINE('',#4220,#987);
#655=LINE('',#4222,#988);
#656=LINE('',#4223,#989);
#657=LINE('',#4226,#990);
#658=LINE('',#4227,#991);
#659=LINE('',#4230,#992);
#660=LINE('',#4231,#993);
#661=LINE('',#4234,#994);
#662=LINE('',#4235,#995);
#663=LINE('',#4238,#996);
#664=LINE('',#4239,#997);
#665=LINE('',#4241,#998);
#666=LINE('',#4247,#999);
#667=LINE('',#4248,#1000);
#668=LINE('',#4251,#1001);
#669=LINE('',#4252,#1002);
#670=LINE('',#4255,#1003);
#671=LINE('',#4256,#1004);
#672=LINE('',#4258,#1005);
#673=LINE('',#4264,#1006);
#674=LINE('',#4266,#1007);
#675=LINE('',#4267,#1008);
#676=LINE('',#4269,#1009);
#677=LINE('',#4272,#1010);
#678=LINE('',#4273,#1011);
#679=LINE('',#4275,#1012);
#680=LINE('',#4281,#1013);
#681=LINE('',#4282,#1014);
#682=LINE('',#4285,#1015);
#683=LINE('',#4286,#1016);
#684=LINE('',#4289,#1017);
#685=LINE('',#4290,#1018);
#686=LINE('',#4293,#1019);
#687=LINE('',#4294,#1020);
#688=LINE('',#4296,#1021);
#689=LINE('',#4302,#1022);
#690=LINE('',#4304,#1023);
#691=LINE('',#4305,#1024);
#692=LINE('',#4308,#1025);
#693=LINE('',#4309,#1026);
#694=LINE('',#4312,#1027);
#695=LINE('',#4313,#1028);
#696=LINE('',#4316,#1029);
#697=LINE('',#4317,#1030);
#698=LINE('',#4320,#1031);
#699=LINE('',#4321,#1032);
#700=LINE('',#4323,#1033);
#701=LINE('',#4329,#1034);
#702=LINE('',#4330,#1035);
#703=LINE('',#4333,#1036);
#704=LINE('',#4334,#1037);
#705=LINE('',#4336,#1038);
#706=LINE('',#4342,#1039);
#707=LINE('',#4344,#1040);
#708=LINE('',#4345,#1041);
#709=LINE('',#4348,#1042);
#710=LINE('',#4349,#1043);
#711=LINE('',#4352,#1044);
#712=LINE('',#4353,#1045);
#713=LINE('',#4356,#1046);
#714=LINE('',#4357,#1047);
#715=LINE('',#4360,#1048);
#716=LINE('',#4361,#1049);
#717=LINE('',#4363,#1050);
#718=LINE('',#4369,#1051);
#719=LINE('',#4371,#1052);
#720=LINE('',#4372,#1053);
#721=LINE('',#4375,#1054);
#722=LINE('',#4376,#1055);
#723=LINE('',#4379,#1056);
#724=LINE('',#4380,#1057);
#725=LINE('',#4383,#1058);
#726=LINE('',#4384,#1059);
#727=LINE('',#4387,#1060);
#728=LINE('',#4388,#1061);
#729=LINE('',#4390,#1062);
#730=LINE('',#4396,#1063);
#731=LINE('',#4398,#1064);
#732=LINE('',#4399,#1065);
#733=LINE('',#4402,#1066);
#734=LINE('',#4403,#1067);
#735=LINE('',#4406,#1068);
#736=LINE('',#4407,#1069);
#737=LINE('',#4410,#1070);
#738=LINE('',#4411,#1071);
#739=LINE('',#4414,#1072);
#740=LINE('',#4415,#1073);
#741=LINE('',#4417,#1074);
#742=LINE('',#4423,#1075);
#743=LINE('',#4425,#1076);
#744=LINE('',#4426,#1077);
#745=LINE('',#4429,#1078);
#746=LINE('',#4430,#1079);
#747=LINE('',#4433,#1080);
#748=LINE('',#4434,#1081);
#749=LINE('',#4437,#1082);
#750=LINE('',#4438,#1083);
#751=LINE('',#4441,#1084);
#752=LINE('',#4442,#1085);
#753=LINE('',#4444,#1086);
#754=LINE('',#4456,#1087);
#755=LINE('',#4458,#1088);
#756=LINE('',#4467,#1089);
#757=LINE('',#4469,#1090);
#758=LINE('',#4478,#1091);
#759=LINE('',#4480,#1092);
#760=LINE('',#4489,#1093);
#761=LINE('',#4491,#1094);
#762=LINE('',#4495,#1095);
#763=LINE('',#4499,#1096);
#764=LINE('',#4503,#1097);
#765=LINE('',#4507,#1098);
#766=LINE('',#4511,#1099);
#767=LINE('',#4515,#1100);
#768=LINE('',#4519,#1101);
#769=LINE('',#4523,#1102);
#770=LINE('',#4527,#1103);
#771=LINE('',#4530,#1104);
#772=LINE('',#4533,#1105);
#773=LINE('',#4536,#1106);
#774=LINE('',#4539,#1107);
#775=VECTOR('',#3024,10.);
#776=VECTOR('',#3027,10.);
#777=VECTOR('',#3030,10.);
#778=VECTOR('',#3031,10.);
#779=VECTOR('',#3032,10.);
#780=VECTOR('',#3037,10.);
#781=VECTOR('',#3040,10.);
#782=VECTOR('',#3043,10.);
#783=VECTOR('',#3044,10.);
#784=VECTOR('',#3045,10.);
#785=VECTOR('',#3050,10.);
#786=VECTOR('',#3053,10.);
#787=VECTOR('',#3056,10.);
#788=VECTOR('',#3057,10.);
#789=VECTOR('',#3058,10.);
#790=VECTOR('',#3059,10.);
#791=VECTOR('',#3060,10.);
#792=VECTOR('',#3061,10.);
#793=VECTOR('',#3062,10.);
#794=VECTOR('',#3067,10.);
#795=VECTOR('',#3070,10.);
#796=VECTOR('',#3073,10.);
#797=VECTOR('',#3074,10.);
#798=VECTOR('',#3075,10.);
#799=VECTOR('',#3078,10.);
#800=VECTOR('',#3079,10.);
#801=VECTOR('',#3080,10.);
#802=VECTOR('',#3081,10.);
#803=VECTOR('',#3084,10.);
#804=VECTOR('',#3085,10.);
#805=VECTOR('',#3086,10.);
#806=VECTOR('',#3087,10.);
#807=VECTOR('',#3090,10.);
#808=VECTOR('',#3091,10.);
#809=VECTOR('',#3092,10.);
#810=VECTOR('',#3095,10.);
#811=VECTOR('',#3096,10.);
#812=VECTOR('',#3097,10.);
#813=VECTOR('',#3098,10.);
#814=VECTOR('',#3101,10.);
#815=VECTOR('',#3102,10.);
#816=VECTOR('',#3103,10.);
#817=VECTOR('',#3104,10.);
#818=VECTOR('',#3107,10.);
#819=VECTOR('',#3108,10.);
#820=VECTOR('',#3109,10.);
#821=VECTOR('',#3110,10.);
#822=VECTOR('',#3111,10.);
#823=VECTOR('',#3112,10.);
#824=VECTOR('',#3113,10.);
#825=VECTOR('',#3114,10.);
#826=VECTOR('',#3115,10.);
#827=VECTOR('',#3116,10.);
#828=VECTOR('',#3117,10.);
#829=VECTOR('',#3118,10.);
#830=VECTOR('',#3119,10.);
#831=VECTOR('',#3120,10.);
#832=VECTOR('',#3121,10.);
#833=VECTOR('',#3122,10.);
#834=VECTOR('',#3123,10.);
#835=VECTOR('',#3124,10.);
#836=VECTOR('',#3125,10.);
#837=VECTOR('',#3126,10.);
#838=VECTOR('',#3127,10.);
#839=VECTOR('',#3130,10.);
#840=VECTOR('',#3131,10.);
#841=VECTOR('',#3132,10.);
#842=VECTOR('',#3133,10.);
#843=VECTOR('',#3136,10.);
#844=VECTOR('',#3137,10.);
#845=VECTOR('',#3138,10.);
#846=VECTOR('',#3141,10.);
#847=VECTOR('',#3142,10.);
#848=VECTOR('',#3143,10.);
#849=VECTOR('',#3144,10.);
#850=VECTOR('',#3147,10.);
#851=VECTOR('',#3148,10.);
#852=VECTOR('',#3149,10.);
#853=VECTOR('',#3150,10.);
#854=VECTOR('',#3153,10.);
#855=VECTOR('',#3154,10.);
#856=VECTOR('',#3155,10.);
#857=VECTOR('',#3156,10.);
#858=VECTOR('',#3159,10.);
#859=VECTOR('',#3160,10.);
#860=VECTOR('',#3161,10.);
#861=VECTOR('',#3162,10.);
#862=VECTOR('',#3163,10.);
#863=VECTOR('',#3164,10.);
#864=VECTOR('',#3165,10.);
#865=VECTOR('',#3166,10.);
#866=VECTOR('',#3167,10.);
#867=VECTOR('',#3168,10.);
#868=VECTOR('',#3169,10.);
#869=VECTOR('',#3170,10.);
#870=VECTOR('',#3171,10.);
#871=VECTOR('',#3172,10.);
#872=VECTOR('',#3173,10.);
#873=VECTOR('',#3174,10.);
#874=VECTOR('',#3175,10.);
#875=VECTOR('',#3176,10.);
#876=VECTOR('',#3177,10.);
#877=VECTOR('',#3178,10.);
#878=VECTOR('',#3179,10.);
#879=VECTOR('',#3182,10.);
#880=VECTOR('',#3183,10.);
#881=VECTOR('',#3184,10.);
#882=VECTOR('',#3187,10.);
#883=VECTOR('',#3188,10.);
#884=VECTOR('',#3191,10.);
#885=VECTOR('',#3192,10.);
#886=VECTOR('',#3195,10.);
#887=VECTOR('',#3196,10.);
#888=VECTOR('',#3197,10.);
#889=VECTOR('',#3198,10.);
#890=VECTOR('',#3201,10.);
#891=VECTOR('',#3202,10.);
#892=VECTOR('',#3203,10.);
#893=VECTOR('',#3206,10.);
#894=VECTOR('',#3207,10.);
#895=VECTOR('',#3208,10.);
#896=VECTOR('',#3209,10.);
#897=VECTOR('',#3212,10.);
#898=VECTOR('',#3213,10.);
#899=VECTOR('',#3216,10.);
#900=VECTOR('',#3217,10.);
#901=VECTOR('',#3218,10.);
#902=VECTOR('',#3221,10.);
#903=VECTOR('',#3222,10.);
#904=VECTOR('',#3223,10.);
#905=VECTOR('',#3226,10.);
#906=VECTOR('',#3227,10.);
#907=VECTOR('',#3230,10.);
#908=VECTOR('',#3231,10.);
#909=VECTOR('',#3234,10.);
#910=VECTOR('',#3235,10.);
#911=VECTOR('',#3236,10.);
#912=VECTOR('',#3239,10.);
#913=VECTOR('',#3240,10.);
#914=VECTOR('',#3241,10.);
#915=VECTOR('',#3242,10.);
#916=VECTOR('',#3245,10.);
#917=VECTOR('',#3246,10.);
#918=VECTOR('',#3249,10.);
#919=VECTOR('',#3250,10.);
#920=VECTOR('',#3251,10.);
#921=VECTOR('',#3254,10.);
#922=VECTOR('',#3255,10.);
#923=VECTOR('',#3256,10.);
#924=VECTOR('',#3257,10.);
#925=VECTOR('',#3272,10.);
#926=VECTOR('',#3273,10.);
#927=VECTOR('',#3274,10.);
#928=VECTOR('',#3275,10.);
#929=VECTOR('',#3276,10.);
#930=VECTOR('',#3277,10.);
#931=VECTOR('',#3278,10.);
#932=VECTOR('',#3279,10.);
#933=VECTOR('',#3280,10.);
#934=VECTOR('',#3281,10.);
#935=VECTOR('',#3282,10.);
#936=VECTOR('',#3283,10.);
#937=VECTOR('',#3284,10.);
#938=VECTOR('',#3285,10.);
#939=VECTOR('',#3286,10.);
#940=VECTOR('',#3287,10.);
#941=VECTOR('',#3288,10.);
#942=VECTOR('',#3289,10.);
#943=VECTOR('',#3290,10.);
#944=VECTOR('',#3291,10.);
#945=VECTOR('',#3292,10.);
#946=VECTOR('',#3295,10.);
#947=VECTOR('',#3296,10.);
#948=VECTOR('',#3299,10.);
#949=VECTOR('',#3300,10.);
#950=VECTOR('',#3301,10.);
#951=VECTOR('',#3302,10.);
#952=VECTOR('',#3303,10.);
#953=VECTOR('',#3304,10.);
#954=VECTOR('',#3309,10.);
#955=VECTOR('',#3310,10.);
#956=VECTOR('',#3311,10.);
#957=VECTOR('',#3312,10.);
#958=VECTOR('',#3313,10.);
#959=VECTOR('',#3314,10.);
#960=VECTOR('',#3319,10.);
#961=VECTOR('',#3320,10.);
#962=VECTOR('',#3321,10.);
#963=VECTOR('',#3322,10.);
#964=VECTOR('',#3323,10.);
#965=VECTOR('',#3324,10.);
#966=VECTOR('',#3329,10.);
#967=VECTOR('',#3330,10.);
#968=VECTOR('',#3331,10.);
#969=VECTOR('',#3332,10.);
#970=VECTOR('',#3333,10.);
#971=VECTOR('',#3334,10.);
#972=VECTOR('',#3339,10.);
#973=VECTOR('',#3340,10.);
#974=VECTOR('',#3343,10.);
#975=VECTOR('',#3344,10.);
#976=VECTOR('',#3347,10.);
#977=VECTOR('',#3354,10.);
#978=VECTOR('',#3355,10.);
#979=VECTOR('',#3358,10.);
#980=VECTOR('',#3359,10.);
#981=VECTOR('',#3362,10.);
#982=VECTOR('',#3369,10.);
#983=VECTOR('',#3370,10.);
#984=VECTOR('',#3373,10.);
#985=VECTOR('',#3374,10.);
#986=VECTOR('',#3377,10.);
#987=VECTOR('',#3384,10.);
#988=VECTOR('',#3385,10.);
#989=VECTOR('',#3386,10.);
#990=VECTOR('',#3389,10.);
#991=VECTOR('',#3390,10.);
#992=VECTOR('',#3393,10.);
#993=VECTOR('',#3394,10.);
#994=VECTOR('',#3397,10.);
#995=VECTOR('',#3398,10.);
#996=VECTOR('',#3401,10.);
#997=VECTOR('',#3402,10.);
#998=VECTOR('',#3405,10.);
#999=VECTOR('',#3412,10.);
#1000=VECTOR('',#3413,10.);
#1001=VECTOR('',#3416,10.);
#1002=VECTOR('',#3417,10.);
#1003=VECTOR('',#3420,10.);
#1004=VECTOR('',#3421,10.);
#1005=VECTOR('',#3424,10.);
#1006=VECTOR('',#3431,10.);
#1007=VECTOR('',#3432,10.);
#1008=VECTOR('',#3433,10.);
#1009=VECTOR('',#3436,10.);
#1010=VECTOR('',#3439,10.);
#1011=VECTOR('',#3440,10.);
#1012=VECTOR('',#3443,10.);
#1013=VECTOR('',#3450,10.);
#1014=VECTOR('',#3451,10.);
#1015=VECTOR('',#3454,10.);
#1016=VECTOR('',#3455,10.);
#1017=VECTOR('',#3458,10.);
#1018=VECTOR('',#3459,10.);
#1019=VECTOR('',#3462,10.);
#1020=VECTOR('',#3463,10.);
#1021=VECTOR('',#3466,10.);
#1022=VECTOR('',#3473,10.);
#1023=VECTOR('',#3474,10.);
#1024=VECTOR('',#3475,10.);
#1025=VECTOR('',#3478,10.);
#1026=VECTOR('',#3479,10.);
#1027=VECTOR('',#3482,10.);
#1028=VECTOR('',#3483,10.);
#1029=VECTOR('',#3486,10.);
#1030=VECTOR('',#3487,10.);
#1031=VECTOR('',#3490,10.);
#1032=VECTOR('',#3491,10.);
#1033=VECTOR('',#3494,10.);
#1034=VECTOR('',#3501,10.);
#1035=VECTOR('',#3502,10.);
#1036=VECTOR('',#3505,10.);
#1037=VECTOR('',#3506,10.);
#1038=VECTOR('',#3509,10.);
#1039=VECTOR('',#3516,10.);
#1040=VECTOR('',#3517,10.);
#1041=VECTOR('',#3518,10.);
#1042=VECTOR('',#3521,10.);
#1043=VECTOR('',#3522,10.);
#1044=VECTOR('',#3525,10.);
#1045=VECTOR('',#3526,10.);
#1046=VECTOR('',#3529,10.);
#1047=VECTOR('',#3530,10.);
#1048=VECTOR('',#3533,10.);
#1049=VECTOR('',#3534,10.);
#1050=VECTOR('',#3537,10.);
#1051=VECTOR('',#3544,10.);
#1052=VECTOR('',#3545,10.);
#1053=VECTOR('',#3546,10.);
#1054=VECTOR('',#3549,10.);
#1055=VECTOR('',#3550,10.);
#1056=VECTOR('',#3553,10.);
#1057=VECTOR('',#3554,10.);
#1058=VECTOR('',#3557,10.);
#1059=VECTOR('',#3558,10.);
#1060=VECTOR('',#3561,10.);
#1061=VECTOR('',#3562,10.);
#1062=VECTOR('',#3565,10.);
#1063=VECTOR('',#3572,10.);
#1064=VECTOR('',#3573,10.);
#1065=VECTOR('',#3574,10.);
#1066=VECTOR('',#3577,10.);
#1067=VECTOR('',#3578,10.);
#1068=VECTOR('',#3581,10.);
#1069=VECTOR('',#3582,10.);
#1070=VECTOR('',#3585,10.);
#1071=VECTOR('',#3586,10.);
#1072=VECTOR('',#3589,10.);
#1073=VECTOR('',#3590,10.);
#1074=VECTOR('',#3593,10.);
#1075=VECTOR('',#3600,10.);
#1076=VECTOR('',#3601,10.);
#1077=VECTOR('',#3602,10.);
#1078=VECTOR('',#3605,10.);
#1079=VECTOR('',#3606,10.);
#1080=VECTOR('',#3609,10.);
#1081=VECTOR('',#3610,10.);
#1082=VECTOR('',#3613,10.);
#1083=VECTOR('',#3614,10.);
#1084=VECTOR('',#3617,10.);
#1085=VECTOR('',#3618,10.);
#1086=VECTOR('',#3621,10.);
#1087=VECTOR('',#3636,2.);
#1088=VECTOR('',#3639,1.25);
#1089=VECTOR('',#3650,2.);
#1090=VECTOR('',#3653,1.25);
#1091=VECTOR('',#3664,2.);
#1092=VECTOR('',#3667,1.25);
#1093=VECTOR('',#3678,2.);
#1094=VECTOR('',#3681,1.25);
#1095=VECTOR('',#3686,1.75);
#1096=VECTOR('',#3691,1.75);
#1097=VECTOR('',#3696,1.75);
#1098=VECTOR('',#3701,1.75);
#1099=VECTOR('',#3706,1.75);
#1100=VECTOR('',#3711,1.75);
#1101=VECTOR('',#3716,1.75);
#1102=VECTOR('',#3721,1.75);
#1103=VECTOR('',#3726,1.75);
#1104=VECTOR('',#3731,4.);
#1105=VECTOR('',#3736,4.);
#1106=VECTOR('',#3741,4.);
#1107=VECTOR('',#3746,4.);
#1108=ELLIPSE('',#2821,5.65685424949236,4.);
#1109=ELLIPSE('',#2822,5.65685424949236,4.);
#1110=ELLIPSE('',#2825,5.65685424949238,4.);
#1111=ELLIPSE('',#2826,5.65685424949238,4.);
#1112=ELLIPSE('',#2829,5.65685424949238,4.);
#1113=ELLIPSE('',#2830,5.65685424949238,4.);
#1114=ELLIPSE('',#2833,5.65685424949238,4.);
#1115=ELLIPSE('',#2834,5.65685424949238,4.);
#1116=VERTEX_POINT('',#3751);
#1117=VERTEX_POINT('',#3752);
#1118=VERTEX_POINT('',#3754);
#1119=VERTEX_POINT('',#3756);
#1120=VERTEX_POINT('',#3760);
#1121=VERTEX_POINT('',#3762);
#1122=VERTEX_POINT('',#3766);
#1123=VERTEX_POINT('',#3767);
#1124=VERTEX_POINT('',#3769);
#1125=VERTEX_POINT('',#3771);
#1126=VERTEX_POINT('',#3775);
#1127=VERTEX_POINT('',#3777);
#1128=VERTEX_POINT('',#3781);
#1129=VERTEX_POINT('',#3782);
#1130=VERTEX_POINT('',#3784);
#1131=VERTEX_POINT('',#3786);
#1132=VERTEX_POINT('',#3790);
#1133=VERTEX_POINT('',#3792);
#1134=VERTEX_POINT('',#3794);
#1135=VERTEX_POINT('',#3796);
#1136=VERTEX_POINT('',#3798);
#1137=VERTEX_POINT('',#3800);
#1138=VERTEX_POINT('',#3804);
#1139=VERTEX_POINT('',#3805);
#1140=VERTEX_POINT('',#3807);
#1141=VERTEX_POINT('',#3809);
#1142=VERTEX_POINT('',#3813);
#1143=VERTEX_POINT('',#3815);
#1144=VERTEX_POINT('',#3819);
#1145=VERTEX_POINT('',#3820);
#1146=VERTEX_POINT('',#3822);
#1147=VERTEX_POINT('',#3824);
#1148=VERTEX_POINT('',#3828);
#1149=VERTEX_POINT('',#3829);
#1150=VERTEX_POINT('',#3831);
#1151=VERTEX_POINT('',#3833);
#1152=VERTEX_POINT('',#3837);
#1153=VERTEX_POINT('',#3839);
#1154=VERTEX_POINT('',#3843);
#1155=VERTEX_POINT('',#3844);
#1156=VERTEX_POINT('',#3846);
#1157=VERTEX_POINT('',#3848);
#1158=VERTEX_POINT('',#3852);
#1159=VERTEX_POINT('',#3853);
#1160=VERTEX_POINT('',#3855);
#1161=VERTEX_POINT('',#3857);
#1162=VERTEX_POINT('',#3861);
#1163=VERTEX_POINT('',#3863);
#1164=VERTEX_POINT('',#3866);
#1165=VERTEX_POINT('',#3869);
#1166=VERTEX_POINT('',#3871);
#1167=VERTEX_POINT('',#3874);
#1168=VERTEX_POINT('',#3876);
#1169=VERTEX_POINT('',#3878);
#1170=VERTEX_POINT('',#3880);
#1171=VERTEX_POINT('',#3882);
#1172=VERTEX_POINT('',#3884);
#1173=VERTEX_POINT('',#3887);
#1174=VERTEX_POINT('',#3888);
#1175=VERTEX_POINT('',#3890);
#1176=VERTEX_POINT('',#3892);
#1177=VERTEX_POINT('',#3894);
#1178=VERTEX_POINT('',#3896);
#1179=VERTEX_POINT('',#3900);
#1180=VERTEX_POINT('',#3901);
#1181=VERTEX_POINT('',#3903);
#1182=VERTEX_POINT('',#3905);
#1183=VERTEX_POINT('',#3909);
#1184=VERTEX_POINT('',#3911);
#1185=VERTEX_POINT('',#3915);
#1186=VERTEX_POINT('',#3916);
#1187=VERTEX_POINT('',#3918);
#1188=VERTEX_POINT('',#3920);
#1189=VERTEX_POINT('',#3924);
#1190=VERTEX_POINT('',#3925);
#1191=VERTEX_POINT('',#3927);
#1192=VERTEX_POINT('',#3929);
#1193=VERTEX_POINT('',#3933);
#1194=VERTEX_POINT('',#3934);
#1195=VERTEX_POINT('',#3936);
#1196=VERTEX_POINT('',#3938);
#1197=VERTEX_POINT('',#3942);
#1198=VERTEX_POINT('',#3945);
#1199=VERTEX_POINT('',#3947);
#1200=VERTEX_POINT('',#3950);
#1201=VERTEX_POINT('',#3952);
#1202=VERTEX_POINT('',#3954);
#1203=VERTEX_POINT('',#3956);
#1204=VERTEX_POINT('',#3958);
#1205=VERTEX_POINT('',#3960);
#1206=VERTEX_POINT('',#3963);
#1207=VERTEX_POINT('',#3965);
#1208=VERTEX_POINT('',#3968);
#1209=VERTEX_POINT('',#3969);
#1210=VERTEX_POINT('',#3971);
#1211=VERTEX_POINT('',#3973);
#1212=VERTEX_POINT('',#3975);
#1213=VERTEX_POINT('',#3977);
#1214=VERTEX_POINT('',#3981);
#1215=VERTEX_POINT('',#3983);
#1216=VERTEX_POINT('',#3987);
#1217=VERTEX_POINT('',#3991);
#1218=VERTEX_POINT('',#3995);
#1219=VERTEX_POINT('',#3997);
#1220=VERTEX_POINT('',#3999);
#1221=VERTEX_POINT('',#4003);
#1222=VERTEX_POINT('',#4005);
#1223=VERTEX_POINT('',#4009);
#1224=VERTEX_POINT('',#4011);
#1225=VERTEX_POINT('',#4013);
#1226=VERTEX_POINT('',#4017);
#1227=VERTEX_POINT('',#4021);
#1228=VERTEX_POINT('',#4023);
#1229=VERTEX_POINT('',#4027);
#1230=VERTEX_POINT('',#4029);
#1231=VERTEX_POINT('',#4033);
#1232=VERTEX_POINT('',#4037);
#1233=VERTEX_POINT('',#4041);
#1234=VERTEX_POINT('',#4043);
#1235=VERTEX_POINT('',#4047);
#1236=VERTEX_POINT('',#4049);
#1237=VERTEX_POINT('',#4051);
#1238=VERTEX_POINT('',#4055);
#1239=VERTEX_POINT('',#4059);
#1240=VERTEX_POINT('',#4061);
#1241=VERTEX_POINT('',#4065);
#1242=VERTEX_POINT('',#4067);
#1243=VERTEX_POINT('',#4069);
#1244=VERTEX_POINT('',#4073);
#1245=VERTEX_POINT('',#4078);
#1246=VERTEX_POINT('',#4081);
#1247=VERTEX_POINT('',#4083);
#1248=VERTEX_POINT('',#4085);
#1249=VERTEX_POINT('',#4090);
#1250=VERTEX_POINT('',#4092);
#1251=VERTEX_POINT('',#4095);
#1252=VERTEX_POINT('',#4097);
#1253=VERTEX_POINT('',#4099);
#1254=VERTEX_POINT('',#4101);
#1255=VERTEX_POINT('',#4106);
#1256=VERTEX_POINT('',#4108);
#1257=VERTEX_POINT('',#4110);
#1258=VERTEX_POINT('',#4112);
#1259=VERTEX_POINT('',#4116);
#1260=VERTEX_POINT('',#4120);
#1261=VERTEX_POINT('',#4121);
#1262=VERTEX_POINT('',#4123);
#1263=VERTEX_POINT('',#4125);
#1264=VERTEX_POINT('',#4127);
#1265=VERTEX_POINT('',#4129);
#1266=VERTEX_POINT('',#4132);
#1267=VERTEX_POINT('',#4135);
#1268=VERTEX_POINT('',#4136);
#1269=VERTEX_POINT('',#4138);
#1270=VERTEX_POINT('',#4140);
#1271=VERTEX_POINT('',#4142);
#1272=VERTEX_POINT('',#4144);
#1273=VERTEX_POINT('',#4147);
#1274=VERTEX_POINT('',#4150);
#1275=VERTEX_POINT('',#4151);
#1276=VERTEX_POINT('',#4153);
#1277=VERTEX_POINT('',#4155);
#1278=VERTEX_POINT('',#4157);
#1279=VERTEX_POINT('',#4159);
#1280=VERTEX_POINT('',#4162);
#1281=VERTEX_POINT('',#4165);
#1282=VERTEX_POINT('',#4166);
#1283=VERTEX_POINT('',#4168);
#1284=VERTEX_POINT('',#4170);
#1285=VERTEX_POINT('',#4172);
#1286=VERTEX_POINT('',#4174);
#1287=VERTEX_POINT('',#4177);
#1288=VERTEX_POINT('',#4180);
#1289=VERTEX_POINT('',#4184);
#1290=VERTEX_POINT('',#4190);
#1291=VERTEX_POINT('',#4193);
#1292=VERTEX_POINT('',#4197);
#1293=VERTEX_POINT('',#4203);
#1294=VERTEX_POINT('',#4206);
#1295=VERTEX_POINT('',#4210);
#1296=VERTEX_POINT('',#4216);
#1297=VERTEX_POINT('',#4219);
#1298=VERTEX_POINT('',#4221);
#1299=VERTEX_POINT('',#4225);
#1300=VERTEX_POINT('',#4229);
#1301=VERTEX_POINT('',#4233);
#1302=VERTEX_POINT('',#4237);
#1303=VERTEX_POINT('',#4243);
#1304=VERTEX_POINT('',#4246);
#1305=VERTEX_POINT('',#4250);
#1306=VERTEX_POINT('',#4254);
#1307=VERTEX_POINT('',#4260);
#1308=VERTEX_POINT('',#4263);
#1309=VERTEX_POINT('',#4265);
#1310=VERTEX_POINT('',#4271);
#1311=VERTEX_POINT('',#4277);
#1312=VERTEX_POINT('',#4280);
#1313=VERTEX_POINT('',#4284);
#1314=VERTEX_POINT('',#4288);
#1315=VERTEX_POINT('',#4292);
#1316=VERTEX_POINT('',#4298);
#1317=VERTEX_POINT('',#4301);
#1318=VERTEX_POINT('',#4303);
#1319=VERTEX_POINT('',#4307);
#1320=VERTEX_POINT('',#4311);
#1321=VERTEX_POINT('',#4315);
#1322=VERTEX_POINT('',#4319);
#1323=VERTEX_POINT('',#4325);
#1324=VERTEX_POINT('',#4328);
#1325=VERTEX_POINT('',#4332);
#1326=VERTEX_POINT('',#4338);
#1327=VERTEX_POINT('',#4341);
#1328=VERTEX_POINT('',#4343);
#1329=VERTEX_POINT('',#4347);
#1330=VERTEX_POINT('',#4351);
#1331=VERTEX_POINT('',#4355);
#1332=VERTEX_POINT('',#4359);
#1333=VERTEX_POINT('',#4365);
#1334=VERTEX_POINT('',#4368);
#1335=VERTEX_POINT('',#4370);
#1336=VERTEX_POINT('',#4374);
#1337=VERTEX_POINT('',#4378);
#1338=VERTEX_POINT('',#4382);
#1339=VERTEX_POINT('',#4386);
#1340=VERTEX_POINT('',#4392);
#1341=VERTEX_POINT('',#4395);
#1342=VERTEX_POINT('',#4397);
#1343=VERTEX_POINT('',#4401);
#1344=VERTEX_POINT('',#4405);
#1345=VERTEX_POINT('',#4409);
#1346=VERTEX_POINT('',#4413);
#1347=VERTEX_POINT('',#4419);
#1348=VERTEX_POINT('',#4422);
#1349=VERTEX_POINT('',#4424);
#1350=VERTEX_POINT('',#4428);
#1351=VERTEX_POINT('',#4432);
#1352=VERTEX_POINT('',#4436);
#1353=VERTEX_POINT('',#4440);
#1354=VERTEX_POINT('',#4446);
#1355=VERTEX_POINT('',#4449);
#1356=VERTEX_POINT('',#4451);
#1357=VERTEX_POINT('',#4454);
#1358=VERTEX_POINT('',#4460);
#1359=VERTEX_POINT('',#4462);
#1360=VERTEX_POINT('',#4465);
#1361=VERTEX_POINT('',#4471);
#1362=VERTEX_POINT('',#4473);
#1363=VERTEX_POINT('',#4476);
#1364=VERTEX_POINT('',#4482);
#1365=VERTEX_POINT('',#4484);
#1366=VERTEX_POINT('',#4487);
#1367=VERTEX_POINT('',#4493);
#1368=VERTEX_POINT('',#4497);
#1369=VERTEX_POINT('',#4501);
#1370=VERTEX_POINT('',#4505);
#1371=VERTEX_POINT('',#4509);
#1372=VERTEX_POINT('',#4513);
#1373=VERTEX_POINT('',#4517);
#1374=VERTEX_POINT('',#4521);
#1375=VERTEX_POINT('',#4525);
#1376=EDGE_CURVE('',#1116,#1117,#1108,.F.);
#1377=EDGE_CURVE('',#1117,#1118,#442,.T.);
#1378=EDGE_CURVE('',#1118,#1119,#1109,.F.);
#1379=EDGE_CURVE('',#1119,#1116,#443,.T.);
#1380=EDGE_CURVE('',#1117,#1120,#444,.T.);
#1381=EDGE_CURVE('',#1121,#1120,#445,.T.);
#1382=EDGE_CURVE('',#1118,#1121,#446,.T.);
#1383=EDGE_CURVE('',#1122,#1123,#1110,.F.);
#1384=EDGE_CURVE('',#1123,#1124,#447,.T.);
#1385=EDGE_CURVE('',#1124,#1125,#1111,.F.);
#1386=EDGE_CURVE('',#1125,#1122,#448,.T.);
#1387=EDGE_CURVE('',#1123,#1126,#449,.T.);
#1388=EDGE_CURVE('',#1127,#1126,#450,.T.);
#1389=EDGE_CURVE('',#1124,#1127,#451,.T.);
#1390=EDGE_CURVE('',#1128,#1129,#1112,.F.);
#1391=EDGE_CURVE('',#1129,#1130,#452,.T.);
#1392=EDGE_CURVE('',#1130,#1131,#1113,.F.);
#1393=EDGE_CURVE('',#1131,#1128,#453,.T.);
#1394=EDGE_CURVE('',#1132,#1130,#454,.T.);
#1395=EDGE_CURVE('',#1133,#1129,#455,.T.);
#1396=EDGE_CURVE('',#1134,#1133,#456,.T.);
#1397=EDGE_CURVE('',#1134,#1135,#457,.T.);
#1398=EDGE_CURVE('',#1136,#1135,#458,.T.);
#1399=EDGE_CURVE('',#1137,#1136,#459,.T.);
#1400=EDGE_CURVE('',#1132,#1137,#460,.T.);
#1401=EDGE_CURVE('',#1138,#1139,#1114,.F.);
#1402=EDGE_CURVE('',#1139,#1140,#461,.T.);
#1403=EDGE_CURVE('',#1140,#1141,#1115,.F.);
#1404=EDGE_CURVE('',#1141,#1138,#462,.T.);
#1405=EDGE_CURVE('',#1139,#1142,#463,.T.);
#1406=EDGE_CURVE('',#1143,#1142,#464,.T.);
#1407=EDGE_CURVE('',#1140,#1143,#465,.T.);
#1408=EDGE_CURVE('',#1144,#1145,#466,.T.);
#1409=EDGE_CURVE('',#1146,#1144,#467,.T.);
#1410=EDGE_CURVE('',#1146,#1147,#468,.T.);
#1411=EDGE_CURVE('',#1145,#1147,#469,.T.);
#1412=EDGE_CURVE('',#1148,#1149,#470,.T.);
#1413=EDGE_CURVE('',#1148,#1150,#471,.T.);
#1414=EDGE_CURVE('',#1150,#1151,#472,.T.);
#1415=EDGE_CURVE('',#1149,#1151,#473,.T.);
#1416=EDGE_CURVE('',#1152,#1148,#474,.T.);
#1417=EDGE_CURVE('',#1153,#1152,#475,.T.);
#1418=EDGE_CURVE('',#1153,#1150,#476,.T.);
#1419=EDGE_CURVE('',#1154,#1155,#477,.T.);
#1420=EDGE_CURVE('',#1154,#1156,#478,.T.);
#1421=EDGE_CURVE('',#1156,#1157,#479,.T.);
#1422=EDGE_CURVE('',#1155,#1157,#480,.T.);
#1423=EDGE_CURVE('',#1158,#1159,#481,.T.);
#1424=EDGE_CURVE('',#1160,#1158,#482,.T.);
#1425=EDGE_CURVE('',#1160,#1161,#483,.T.);
#1426=EDGE_CURVE('',#1159,#1161,#484,.T.);
#1427=EDGE_CURVE('',#1162,#1160,#485,.T.);
#1428=EDGE_CURVE('',#1163,#1162,#486,.T.);
#1429=EDGE_CURVE('',#1147,#1163,#487,.T.);
#1430=EDGE_CURVE('',#1164,#1146,#488,.T.);
#1431=EDGE_CURVE('',#1151,#1164,#489,.T.);
#1432=EDGE_CURVE('',#1165,#1153,#490,.T.);
#1433=EDGE_CURVE('',#1166,#1165,#491,.T.);
#1434=EDGE_CURVE('',#1157,#1166,#492,.T.);
#1435=EDGE_CURVE('',#1167,#1156,#493,.T.);
#1436=EDGE_CURVE('',#1168,#1167,#494,.T.);
#1437=EDGE_CURVE('',#1169,#1168,#495,.T.);
#1438=EDGE_CURVE('',#1170,#1169,#496,.T.);
#1439=EDGE_CURVE('',#1171,#1170,#497,.T.);
#1440=EDGE_CURVE('',#1172,#1171,#498,.T.);
#1441=EDGE_CURVE('',#1161,#1172,#499,.T.);
#1442=EDGE_CURVE('',#1173,#1174,#500,.T.);
#1443=EDGE_CURVE('',#1175,#1173,#501,.T.);
#1444=EDGE_CURVE('',#1176,#1175,#502,.T.);
#1445=EDGE_CURVE('',#1177,#1176,#503,.T.);
#1446=EDGE_CURVE('',#1178,#1177,#504,.T.);
#1447=EDGE_CURVE('',#1174,#1178,#505,.T.);
#1448=EDGE_CURVE('',#1179,#1180,#506,.T.);
#1449=EDGE_CURVE('',#1179,#1181,#507,.T.);
#1450=EDGE_CURVE('',#1181,#1182,#508,.T.);
#1451=EDGE_CURVE('',#1180,#1182,#509,.T.);
#1452=EDGE_CURVE('',#1183,#1179,#510,.T.);
#1453=EDGE_CURVE('',#1184,#1183,#511,.T.);
#1454=EDGE_CURVE('',#1184,#1181,#512,.T.);
#1455=EDGE_CURVE('',#1185,#1186,#513,.T.);
#1456=EDGE_CURVE('',#1185,#1187,#514,.T.);
#1457=EDGE_CURVE('',#1187,#1188,#515,.T.);
#1458=EDGE_CURVE('',#1186,#1188,#516,.T.);
#1459=EDGE_CURVE('',#1189,#1190,#517,.T.);
#1460=EDGE_CURVE('',#1191,#1189,#518,.T.);
#1461=EDGE_CURVE('',#1191,#1192,#519,.T.);
#1462=EDGE_CURVE('',#1190,#1192,#520,.T.);
#1463=EDGE_CURVE('',#1193,#1194,#521,.T.);
#1464=EDGE_CURVE('',#1195,#1193,#522,.T.);
#1465=EDGE_CURVE('',#1195,#1196,#523,.T.);
#1466=EDGE_CURVE('',#1194,#1196,#524,.T.);
#1467=EDGE_CURVE('',#1197,#1195,#525,.T.);
#1468=EDGE_CURVE('',#1182,#1197,#526,.T.);
#1469=EDGE_CURVE('',#1198,#1184,#527,.T.);
#1470=EDGE_CURVE('',#1199,#1198,#528,.T.);
#1471=EDGE_CURVE('',#1188,#1199,#529,.T.);
#1472=EDGE_CURVE('',#1200,#1187,#530,.T.);
#1473=EDGE_CURVE('',#1201,#1200,#531,.T.);
#1474=EDGE_CURVE('',#1202,#1201,#532,.T.);
#1475=EDGE_CURVE('',#1203,#1202,#533,.T.);
#1476=EDGE_CURVE('',#1204,#1203,#534,.T.);
#1477=EDGE_CURVE('',#1205,#1204,#535,.T.);
#1478=EDGE_CURVE('',#1192,#1205,#536,.T.);
#1479=EDGE_CURVE('',#1206,#1191,#537,.T.);
#1480=EDGE_CURVE('',#1207,#1206,#538,.T.);
#1481=EDGE_CURVE('',#1196,#1207,#539,.T.);
#1482=EDGE_CURVE('',#1208,#1209,#540,.T.);
#1483=EDGE_CURVE('',#1210,#1208,#541,.T.);
#1484=EDGE_CURVE('',#1211,#1210,#542,.T.);
#1485=EDGE_CURVE('',#1212,#1211,#543,.T.);
#1486=EDGE_CURVE('',#1213,#1212,#544,.T.);
#1487=EDGE_CURVE('',#1209,#1213,#545,.T.);
#1488=EDGE_CURVE('',#1175,#1214,#546,.T.);
#1489=EDGE_CURVE('',#1214,#1215,#547,.T.);
#1490=EDGE_CURVE('',#1176,#1215,#548,.T.);
#1491=EDGE_CURVE('',#1173,#1216,#549,.T.);
#1492=EDGE_CURVE('',#1216,#1214,#550,.T.);
#1493=EDGE_CURVE('',#1174,#1217,#551,.T.);
#1494=EDGE_CURVE('',#1217,#1216,#552,.T.);
#1495=EDGE_CURVE('',#1164,#1218,#553,.T.);
#1496=EDGE_CURVE('',#1218,#1219,#554,.T.);
#1497=EDGE_CURVE('',#1220,#1219,#555,.T.);
#1498=EDGE_CURVE('',#1149,#1220,#556,.T.);
#1499=EDGE_CURVE('',#1221,#1144,#557,.T.);
#1500=EDGE_CURVE('',#1221,#1222,#558,.T.);
#1501=EDGE_CURVE('',#1222,#1218,#559,.T.);
#1502=EDGE_CURVE('',#1163,#1223,#560,.T.);
#1503=EDGE_CURVE('',#1223,#1224,#561,.T.);
#1504=EDGE_CURVE('',#1225,#1224,#562,.T.);
#1505=EDGE_CURVE('',#1145,#1225,#563,.T.);
#1506=EDGE_CURVE('',#1162,#1226,#564,.T.);
#1507=EDGE_CURVE('',#1226,#1223,#565,.T.);
#1508=EDGE_CURVE('',#1227,#1158,#566,.T.);
#1509=EDGE_CURVE('',#1227,#1228,#567,.T.);
#1510=EDGE_CURVE('',#1228,#1226,#568,.T.);
#1511=EDGE_CURVE('',#1210,#1229,#569,.T.);
#1512=EDGE_CURVE('',#1229,#1230,#570,.T.);
#1513=EDGE_CURVE('',#1211,#1230,#571,.T.);
#1514=EDGE_CURVE('',#1208,#1231,#572,.T.);
#1515=EDGE_CURVE('',#1231,#1229,#573,.T.);
#1516=EDGE_CURVE('',#1209,#1232,#574,.T.);
#1517=EDGE_CURVE('',#1232,#1231,#575,.T.);
#1518=EDGE_CURVE('',#1200,#1233,#576,.T.);
#1519=EDGE_CURVE('',#1233,#1234,#577,.T.);
#1520=EDGE_CURVE('',#1201,#1234,#578,.T.);
#1521=EDGE_CURVE('',#1199,#1235,#579,.T.);
#1522=EDGE_CURVE('',#1235,#1236,#580,.T.);
#1523=EDGE_CURVE('',#1237,#1236,#581,.T.);
#1524=EDGE_CURVE('',#1186,#1237,#582,.T.);
#1525=EDGE_CURVE('',#1198,#1238,#583,.T.);
#1526=EDGE_CURVE('',#1238,#1235,#584,.T.);
#1527=EDGE_CURVE('',#1239,#1183,#585,.T.);
#1528=EDGE_CURVE('',#1239,#1240,#586,.T.);
#1529=EDGE_CURVE('',#1240,#1238,#587,.T.);
#1530=EDGE_CURVE('',#1197,#1241,#588,.T.);
#1531=EDGE_CURVE('',#1241,#1242,#589,.T.);
#1532=EDGE_CURVE('',#1243,#1242,#590,.T.);
#1533=EDGE_CURVE('',#1180,#1243,#591,.T.);
#1534=EDGE_CURVE('',#1119,#1244,#36,.T.);
#1535=EDGE_CURVE('',#1244,#1138,#37,.T.);
#1536=EDGE_CURVE('',#1141,#1128,#38,.T.);
#1537=EDGE_CURVE('',#1131,#1122,#39,.T.);
#1538=EDGE_CURVE('',#1125,#1245,#40,.T.);
#1539=EDGE_CURVE('',#1245,#1116,#41,.T.);
#1540=EDGE_CURVE('',#1220,#1246,#592,.T.);
#1541=EDGE_CURVE('',#1246,#1247,#593,.T.);
#1542=EDGE_CURVE('',#1247,#1248,#594,.T.);
#1543=EDGE_CURVE('',#1248,#1221,#595,.T.);
#1544=EDGE_CURVE('',#1225,#1189,#596,.T.);
#1545=EDGE_CURVE('',#1190,#1185,#597,.T.);
#1546=EDGE_CURVE('',#1237,#1249,#598,.T.);
#1547=EDGE_CURVE('',#1249,#1250,#599,.T.);
#1548=EDGE_CURVE('',#1250,#1239,#600,.T.);
#1549=EDGE_CURVE('',#1243,#1251,#601,.T.);
#1550=EDGE_CURVE('',#1251,#1252,#602,.T.);
#1551=EDGE_CURVE('',#1252,#1253,#603,.T.);
#1552=EDGE_CURVE('',#1253,#1254,#604,.T.);
#1553=EDGE_CURVE('',#1254,#1193,#605,.T.);
#1554=EDGE_CURVE('',#1194,#1227,#606,.T.);
#1555=EDGE_CURVE('',#1159,#1154,#607,.T.);
#1556=EDGE_CURVE('',#1155,#1255,#608,.T.);
#1557=EDGE_CURVE('',#1255,#1256,#609,.T.);
#1558=EDGE_CURVE('',#1256,#1257,#610,.T.);
#1559=EDGE_CURVE('',#1257,#1258,#611,.T.);
#1560=EDGE_CURVE('',#1258,#1152,#612,.T.);
#1561=EDGE_CURVE('',#1254,#1259,#613,.T.);
#1562=EDGE_CURVE('',#1259,#1241,#614,.T.);
#1563=EDGE_CURVE('',#1260,#1261,#615,.T.);
#1564=EDGE_CURVE('',#1262,#1260,#616,.T.);
#1565=EDGE_CURVE('',#1263,#1262,#617,.T.);
#1566=EDGE_CURVE('',#1264,#1263,#618,.T.);
#1567=EDGE_CURVE('',#1265,#1264,#619,.T.);
#1568=EDGE_CURVE('',#1261,#1265,#620,.T.);
#1569=EDGE_CURVE('',#1266,#1266,#42,.T.);
#1570=EDGE_CURVE('',#1267,#1268,#621,.T.);
#1571=EDGE_CURVE('',#1269,#1267,#622,.T.);
#1572=EDGE_CURVE('',#1270,#1269,#623,.T.);
#1573=EDGE_CURVE('',#1271,#1270,#624,.T.);
#1574=EDGE_CURVE('',#1272,#1271,#625,.T.);
#1575=EDGE_CURVE('',#1268,#1272,#626,.T.);
#1576=EDGE_CURVE('',#1273,#1273,#43,.T.);
#1577=EDGE_CURVE('',#1274,#1275,#627,.T.);
#1578=EDGE_CURVE('',#1276,#1274,#628,.T.);
#1579=EDGE_CURVE('',#1277,#1276,#629,.T.);
#1580=EDGE_CURVE('',#1278,#1277,#630,.T.);
#1581=EDGE_CURVE('',#1279,#1278,#631,.T.);
#1582=EDGE_CURVE('',#1275,#1279,#632,.T.);
#1583=EDGE_CURVE('',#1280,#1280,#44,.T.);
#1584=EDGE_CURVE('',#1281,#1282,#633,.T.);
#1585=EDGE_CURVE('',#1283,#1281,#634,.T.);
#1586=EDGE_CURVE('',#1284,#1283,#635,.T.);
#1587=EDGE_CURVE('',#1285,#1284,#636,.T.);
#1588=EDGE_CURVE('',#1286,#1285,#637,.T.);
#1589=EDGE_CURVE('',#1282,#1286,#638,.T.);
#1590=EDGE_CURVE('',#1287,#1287,#45,.T.);
#1591=EDGE_CURVE('',#1178,#1288,#639,.T.);
#1592=EDGE_CURVE('',#1288,#1217,#640,.T.);
#1593=EDGE_CURVE('',#1177,#1289,#641,.T.);
#1594=EDGE_CURVE('',#1289,#1288,#642,.T.);
#1595=EDGE_CURVE('',#1215,#1289,#643,.T.);
#1596=EDGE_CURVE('',#1290,#1290,#46,.T.);
#1597=EDGE_CURVE('',#1213,#1291,#644,.T.);
#1598=EDGE_CURVE('',#1291,#1232,#645,.T.);
#1599=EDGE_CURVE('',#1212,#1292,#646,.T.);
#1600=EDGE_CURVE('',#1292,#1291,#647,.T.);
#1601=EDGE_CURVE('',#1230,#1292,#648,.T.);
#1602=EDGE_CURVE('',#1293,#1293,#47,.T.);
#1603=EDGE_CURVE('',#1250,#1294,#649,.T.);
#1604=EDGE_CURVE('',#1294,#1240,#650,.T.);
#1605=EDGE_CURVE('',#1249,#1295,#651,.T.);
#1606=EDGE_CURVE('',#1295,#1294,#652,.T.);
#1607=EDGE_CURVE('',#1236,#1295,#653,.T.);
#1608=EDGE_CURVE('',#1296,#1296,#48,.T.);
#1609=EDGE_CURVE('',#1166,#1297,#654,.T.);
#1610=EDGE_CURVE('',#1297,#1298,#655,.T.);
#1611=EDGE_CURVE('',#1255,#1298,#656,.T.);
#1612=EDGE_CURVE('',#1165,#1299,#657,.T.);
#1613=EDGE_CURVE('',#1299,#1297,#658,.T.);
#1614=EDGE_CURVE('',#1258,#1300,#659,.T.);
#1615=EDGE_CURVE('',#1300,#1299,#660,.T.);
#1616=EDGE_CURVE('',#1257,#1301,#661,.T.);
#1617=EDGE_CURVE('',#1301,#1300,#662,.T.);
#1618=EDGE_CURVE('',#1256,#1302,#663,.T.);
#1619=EDGE_CURVE('',#1302,#1301,#664,.T.);
#1620=EDGE_CURVE('',#1298,#1302,#665,.T.);
#1621=EDGE_CURVE('',#1303,#1303,#49,.T.);
#1622=EDGE_CURVE('',#1248,#1304,#666,.T.);
#1623=EDGE_CURVE('',#1304,#1222,#667,.T.);
#1624=EDGE_CURVE('',#1247,#1305,#668,.T.);
#1625=EDGE_CURVE('',#1305,#1304,#669,.T.);
#1626=EDGE_CURVE('',#1246,#1306,#670,.T.);
#1627=EDGE_CURVE('',#1306,#1305,#671,.T.);
#1628=EDGE_CURVE('',#1219,#1306,#672,.T.);
#1629=EDGE_CURVE('',#1307,#1307,#50,.T.);
#1630=EDGE_CURVE('',#1251,#1308,#673,.T.);
#1631=EDGE_CURVE('',#1308,#1309,#674,.T.);
#1632=EDGE_CURVE('',#1252,#1309,#675,.T.);
#1633=EDGE_CURVE('',#1242,#1308,#676,.T.);
#1634=EDGE_CURVE('',#1253,#1310,#677,.T.);
#1635=EDGE_CURVE('',#1310,#1259,#678,.T.);
#1636=EDGE_CURVE('',#1309,#1310,#679,.T.);
#1637=EDGE_CURVE('',#1311,#1311,#51,.T.);
#1638=EDGE_CURVE('',#1234,#1312,#680,.T.);
#1639=EDGE_CURVE('',#1202,#1312,#681,.T.);
#1640=EDGE_CURVE('',#1205,#1313,#682,.T.);
#1641=EDGE_CURVE('',#1313,#1233,#683,.T.);
#1642=EDGE_CURVE('',#1204,#1314,#684,.T.);
#1643=EDGE_CURVE('',#1314,#1313,#685,.T.);
#1644=EDGE_CURVE('',#1203,#1315,#686,.T.);
#1645=EDGE_CURVE('',#1315,#1314,#687,.T.);
#1646=EDGE_CURVE('',#1312,#1315,#688,.T.);
#1647=EDGE_CURVE('',#1316,#1316,#52,.T.);
#1648=EDGE_CURVE('',#1171,#1317,#689,.T.);
#1649=EDGE_CURVE('',#1317,#1318,#690,.T.);
#1650=EDGE_CURVE('',#1172,#1318,#691,.T.);
#1651=EDGE_CURVE('',#1170,#1319,#692,.T.);
#1652=EDGE_CURVE('',#1319,#1317,#693,.T.);
#1653=EDGE_CURVE('',#1169,#1320,#694,.T.);
#1654=EDGE_CURVE('',#1320,#1319,#695,.T.);
#1655=EDGE_CURVE('',#1168,#1321,#696,.T.);
#1656=EDGE_CURVE('',#1321,#1320,#697,.T.);
#1657=EDGE_CURVE('',#1167,#1322,#698,.T.);
#1658=EDGE_CURVE('',#1322,#1321,#699,.T.);
#1659=EDGE_CURVE('',#1318,#1322,#700,.T.);
#1660=EDGE_CURVE('',#1323,#1323,#53,.T.);
#1661=EDGE_CURVE('',#1207,#1324,#701,.T.);
#1662=EDGE_CURVE('',#1324,#1228,#702,.T.);
#1663=EDGE_CURVE('',#1206,#1325,#703,.T.);
#1664=EDGE_CURVE('',#1325,#1324,#704,.T.);
#1665=EDGE_CURVE('',#1224,#1325,#705,.T.);
#1666=EDGE_CURVE('',#1326,#1326,#54,.T.);
#1667=EDGE_CURVE('',#1261,#1327,#706,.T.);
#1668=EDGE_CURVE('',#1328,#1327,#707,.T.);
#1669=EDGE_CURVE('',#1328,#1260,#708,.T.);
#1670=EDGE_CURVE('',#1329,#1328,#709,.T.);
#1671=EDGE_CURVE('',#1329,#1262,#710,.T.);
#1672=EDGE_CURVE('',#1330,#1329,#711,.T.);
#1673=EDGE_CURVE('',#1330,#1263,#712,.T.);
#1674=EDGE_CURVE('',#1331,#1330,#713,.T.);
#1675=EDGE_CURVE('',#1331,#1264,#714,.T.);
#1676=EDGE_CURVE('',#1332,#1331,#715,.T.);
#1677=EDGE_CURVE('',#1332,#1265,#716,.T.);
#1678=EDGE_CURVE('',#1327,#1332,#717,.T.);
#1679=EDGE_CURVE('',#1333,#1333,#55,.T.);
#1680=EDGE_CURVE('',#1275,#1334,#718,.T.);
#1681=EDGE_CURVE('',#1335,#1334,#719,.T.);
#1682=EDGE_CURVE('',#1335,#1274,#720,.T.);
#1683=EDGE_CURVE('',#1336,#1335,#721,.T.);
#1684=EDGE_CURVE('',#1336,#1276,#722,.T.);
#1685=EDGE_CURVE('',#1337,#1336,#723,.T.);
#1686=EDGE_CURVE('',#1337,#1277,#724,.T.);
#1687=EDGE_CURVE('',#1338,#1337,#725,.T.);
#1688=EDGE_CURVE('',#1338,#1278,#726,.T.);
#1689=EDGE_CURVE('',#1339,#1338,#727,.T.);
#1690=EDGE_CURVE('',#1339,#1279,#728,.T.);
#1691=EDGE_CURVE('',#1334,#1339,#729,.T.);
#1692=EDGE_CURVE('',#1340,#1340,#56,.T.);
#1693=EDGE_CURVE('',#1282,#1341,#730,.T.);
#1694=EDGE_CURVE('',#1342,#1341,#731,.T.);
#1695=EDGE_CURVE('',#1342,#1281,#732,.T.);
#1696=EDGE_CURVE('',#1343,#1342,#733,.T.);
#1697=EDGE_CURVE('',#1343,#1283,#734,.T.);
#1698=EDGE_CURVE('',#1344,#1343,#735,.T.);
#1699=EDGE_CURVE('',#1344,#1284,#736,.T.);
#1700=EDGE_CURVE('',#1345,#1344,#737,.T.);
#1701=EDGE_CURVE('',#1345,#1285,#738,.T.);
#1702=EDGE_CURVE('',#1346,#1345,#739,.T.);
#1703=EDGE_CURVE('',#1346,#1286,#740,.T.);
#1704=EDGE_CURVE('',#1341,#1346,#741,.T.);
#1705=EDGE_CURVE('',#1347,#1347,#57,.T.);
#1706=EDGE_CURVE('',#1268,#1348,#742,.T.);
#1707=EDGE_CURVE('',#1349,#1348,#743,.T.);
#1708=EDGE_CURVE('',#1349,#1267,#744,.T.);
#1709=EDGE_CURVE('',#1350,#1349,#745,.T.);
#1710=EDGE_CURVE('',#1350,#1269,#746,.T.);
#1711=EDGE_CURVE('',#1351,#1350,#747,.T.);
#1712=EDGE_CURVE('',#1351,#1270,#748,.T.);
#1713=EDGE_CURVE('',#1352,#1351,#749,.T.);
#1714=EDGE_CURVE('',#1352,#1271,#750,.T.);
#1715=EDGE_CURVE('',#1353,#1352,#751,.T.);
#1716=EDGE_CURVE('',#1353,#1272,#752,.T.);
#1717=EDGE_CURVE('',#1348,#1353,#753,.T.);
#1718=EDGE_CURVE('',#1354,#1354,#58,.T.);
#1719=EDGE_CURVE('',#1355,#1355,#59,.T.);
#1720=EDGE_CURVE('',#1356,#1356,#60,.T.);
#1721=EDGE_CURVE('',#1357,#1357,#61,.T.);
#1722=EDGE_CURVE('',#1357,#1355,#754,.T.);
#1723=EDGE_CURVE('',#1356,#1266,#755,.T.);
#1724=EDGE_CURVE('',#1358,#1358,#62,.T.);
#1725=EDGE_CURVE('',#1359,#1359,#63,.T.);
#1726=EDGE_CURVE('',#1360,#1360,#64,.T.);
#1727=EDGE_CURVE('',#1360,#1358,#756,.T.);
#1728=EDGE_CURVE('',#1359,#1273,#757,.T.);
#1729=EDGE_CURVE('',#1361,#1361,#65,.T.);
#1730=EDGE_CURVE('',#1362,#1362,#66,.T.);
#1731=EDGE_CURVE('',#1363,#1363,#67,.T.);
#1732=EDGE_CURVE('',#1363,#1361,#758,.T.);
#1733=EDGE_CURVE('',#1362,#1287,#759,.T.);
#1734=EDGE_CURVE('',#1364,#1364,#68,.T.);
#1735=EDGE_CURVE('',#1365,#1365,#69,.T.);
#1736=EDGE_CURVE('',#1366,#1366,#70,.T.);
#1737=EDGE_CURVE('',#1366,#1364,#760,.T.);
#1738=EDGE_CURVE('',#1365,#1280,#761,.T.);
#1739=EDGE_CURVE('',#1367,#1367,#71,.T.);
#1740=EDGE_CURVE('',#1367,#1296,#762,.T.);
#1741=EDGE_CURVE('',#1368,#1368,#72,.T.);
#1742=EDGE_CURVE('',#1368,#1316,#763,.T.);
#1743=EDGE_CURVE('',#1369,#1369,#73,.T.);
#1744=EDGE_CURVE('',#1369,#1311,#764,.T.);
#1745=EDGE_CURVE('',#1370,#1370,#74,.T.);
#1746=EDGE_CURVE('',#1370,#1307,#765,.T.);
#1747=EDGE_CURVE('',#1371,#1371,#75,.T.);
#1748=EDGE_CURVE('',#1371,#1323,#766,.T.);
#1749=EDGE_CURVE('',#1372,#1372,#76,.T.);
#1750=EDGE_CURVE('',#1372,#1293,#767,.T.);
#1751=EDGE_CURVE('',#1373,#1373,#77,.T.);
#1752=EDGE_CURVE('',#1373,#1290,#768,.T.);
#1753=EDGE_CURVE('',#1374,#1374,#78,.T.);
#1754=EDGE_CURVE('',#1374,#1326,#769,.T.);
#1755=EDGE_CURVE('',#1375,#1375,#79,.T.);
#1756=EDGE_CURVE('',#1375,#1303,#770,.T.);
#1757=EDGE_CURVE('',#1120,#1127,#80,.T.);
#1758=EDGE_CURVE('',#1245,#1347,#771,.T.);
#1759=EDGE_CURVE('',#1142,#1121,#81,.T.);
#1760=EDGE_CURVE('',#1244,#1333,#772,.T.);
#1761=EDGE_CURVE('',#1135,#1143,#82,.T.);
#1762=EDGE_CURVE('',#1133,#1340,#773,.T.);
#1763=EDGE_CURVE('',#1126,#1136,#83,.T.);
#1764=EDGE_CURVE('',#1132,#1354,#774,.T.);
#1765=ORIENTED_EDGE('',*,*,#1376,.T.);
#1766=ORIENTED_EDGE('',*,*,#1377,.T.);
#1767=ORIENTED_EDGE('',*,*,#1378,.T.);
#1768=ORIENTED_EDGE('',*,*,#1379,.T.);
#1769=ORIENTED_EDGE('',*,*,#1377,.F.);
#1770=ORIENTED_EDGE('',*,*,#1380,.T.);
#1771=ORIENTED_EDGE('',*,*,#1381,.F.);
#1772=ORIENTED_EDGE('',*,*,#1382,.F.);
#1773=ORIENTED_EDGE('',*,*,#1383,.T.);
#1774=ORIENTED_EDGE('',*,*,#1384,.T.);
#1775=ORIENTED_EDGE('',*,*,#1385,.T.);
#1776=ORIENTED_EDGE('',*,*,#1386,.T.);
#1777=ORIENTED_EDGE('',*,*,#1384,.F.);
#1778=ORIENTED_EDGE('',*,*,#1387,.T.);
#1779=ORIENTED_EDGE('',*,*,#1388,.F.);
#1780=ORIENTED_EDGE('',*,*,#1389,.F.);
#1781=ORIENTED_EDGE('',*,*,#1390,.T.);
#1782=ORIENTED_EDGE('',*,*,#1391,.T.);
#1783=ORIENTED_EDGE('',*,*,#1392,.T.);
#1784=ORIENTED_EDGE('',*,*,#1393,.T.);
#1785=ORIENTED_EDGE('',*,*,#1394,.T.);
#1786=ORIENTED_EDGE('',*,*,#1391,.F.);
#1787=ORIENTED_EDGE('',*,*,#1395,.F.);
#1788=ORIENTED_EDGE('',*,*,#1396,.F.);
#1789=ORIENTED_EDGE('',*,*,#1397,.T.);
#1790=ORIENTED_EDGE('',*,*,#1398,.F.);
#1791=ORIENTED_EDGE('',*,*,#1399,.F.);
#1792=ORIENTED_EDGE('',*,*,#1400,.F.);
#1793=ORIENTED_EDGE('',*,*,#1401,.T.);
#1794=ORIENTED_EDGE('',*,*,#1402,.T.);
#1795=ORIENTED_EDGE('',*,*,#1403,.T.);
#1796=ORIENTED_EDGE('',*,*,#1404,.T.);
#1797=ORIENTED_EDGE('',*,*,#1402,.F.);
#1798=ORIENTED_EDGE('',*,*,#1405,.T.);
#1799=ORIENTED_EDGE('',*,*,#1406,.F.);
#1800=ORIENTED_EDGE('',*,*,#1407,.F.);
#1801=ORIENTED_EDGE('',*,*,#1408,.F.);
#1802=ORIENTED_EDGE('',*,*,#1409,.F.);
#1803=ORIENTED_EDGE('',*,*,#1410,.T.);
#1804=ORIENTED_EDGE('',*,*,#1411,.F.);
#1805=ORIENTED_EDGE('',*,*,#1412,.F.);
#1806=ORIENTED_EDGE('',*,*,#1413,.T.);
#1807=ORIENTED_EDGE('',*,*,#1414,.T.);
#1808=ORIENTED_EDGE('',*,*,#1415,.F.);
#1809=ORIENTED_EDGE('',*,*,#1416,.F.);
#1810=ORIENTED_EDGE('',*,*,#1417,.F.);
#1811=ORIENTED_EDGE('',*,*,#1418,.T.);
#1812=ORIENTED_EDGE('',*,*,#1413,.F.);
#1813=ORIENTED_EDGE('',*,*,#1419,.F.);
#1814=ORIENTED_EDGE('',*,*,#1420,.T.);
#1815=ORIENTED_EDGE('',*,*,#1421,.T.);
#1816=ORIENTED_EDGE('',*,*,#1422,.F.);
#1817=ORIENTED_EDGE('',*,*,#1423,.F.);
#1818=ORIENTED_EDGE('',*,*,#1424,.F.);
#1819=ORIENTED_EDGE('',*,*,#1425,.T.);
#1820=ORIENTED_EDGE('',*,*,#1426,.F.);
#1821=ORIENTED_EDGE('',*,*,#1425,.F.);
#1822=ORIENTED_EDGE('',*,*,#1427,.F.);
#1823=ORIENTED_EDGE('',*,*,#1428,.F.);
#1824=ORIENTED_EDGE('',*,*,#1429,.F.);
#1825=ORIENTED_EDGE('',*,*,#1410,.F.);
#1826=ORIENTED_EDGE('',*,*,#1430,.F.);
#1827=ORIENTED_EDGE('',*,*,#1431,.F.);
#1828=ORIENTED_EDGE('',*,*,#1414,.F.);
#1829=ORIENTED_EDGE('',*,*,#1418,.F.);
#1830=ORIENTED_EDGE('',*,*,#1432,.F.);
#1831=ORIENTED_EDGE('',*,*,#1433,.F.);
#1832=ORIENTED_EDGE('',*,*,#1434,.F.);
#1833=ORIENTED_EDGE('',*,*,#1421,.F.);
#1834=ORIENTED_EDGE('',*,*,#1435,.F.);
#1835=ORIENTED_EDGE('',*,*,#1436,.F.);
#1836=ORIENTED_EDGE('',*,*,#1437,.F.);
#1837=ORIENTED_EDGE('',*,*,#1438,.F.);
#1838=ORIENTED_EDGE('',*,*,#1439,.F.);
#1839=ORIENTED_EDGE('',*,*,#1440,.F.);
#1840=ORIENTED_EDGE('',*,*,#1441,.F.);
#1841=ORIENTED_EDGE('',*,*,#1442,.F.);
#1842=ORIENTED_EDGE('',*,*,#1443,.F.);
#1843=ORIENTED_EDGE('',*,*,#1444,.F.);
#1844=ORIENTED_EDGE('',*,*,#1445,.F.);
#1845=ORIENTED_EDGE('',*,*,#1446,.F.);
#1846=ORIENTED_EDGE('',*,*,#1447,.F.);
#1847=ORIENTED_EDGE('',*,*,#1448,.F.);
#1848=ORIENTED_EDGE('',*,*,#1449,.T.);
#1849=ORIENTED_EDGE('',*,*,#1450,.T.);
#1850=ORIENTED_EDGE('',*,*,#1451,.F.);
#1851=ORIENTED_EDGE('',*,*,#1452,.F.);
#1852=ORIENTED_EDGE('',*,*,#1453,.F.);
#1853=ORIENTED_EDGE('',*,*,#1454,.T.);
#1854=ORIENTED_EDGE('',*,*,#1449,.F.);
#1855=ORIENTED_EDGE('',*,*,#1455,.F.);
#1856=ORIENTED_EDGE('',*,*,#1456,.T.);
#1857=ORIENTED_EDGE('',*,*,#1457,.T.);
#1858=ORIENTED_EDGE('',*,*,#1458,.F.);
#1859=ORIENTED_EDGE('',*,*,#1459,.F.);
#1860=ORIENTED_EDGE('',*,*,#1460,.F.);
#1861=ORIENTED_EDGE('',*,*,#1461,.T.);
#1862=ORIENTED_EDGE('',*,*,#1462,.F.);
#1863=ORIENTED_EDGE('',*,*,#1463,.F.);
#1864=ORIENTED_EDGE('',*,*,#1464,.F.);
#1865=ORIENTED_EDGE('',*,*,#1465,.T.);
#1866=ORIENTED_EDGE('',*,*,#1466,.F.);
#1867=ORIENTED_EDGE('',*,*,#1467,.F.);
#1868=ORIENTED_EDGE('',*,*,#1468,.F.);
#1869=ORIENTED_EDGE('',*,*,#1450,.F.);
#1870=ORIENTED_EDGE('',*,*,#1454,.F.);
#1871=ORIENTED_EDGE('',*,*,#1469,.F.);
#1872=ORIENTED_EDGE('',*,*,#1470,.F.);
#1873=ORIENTED_EDGE('',*,*,#1471,.F.);
#1874=ORIENTED_EDGE('',*,*,#1457,.F.);
#1875=ORIENTED_EDGE('',*,*,#1472,.F.);
#1876=ORIENTED_EDGE('',*,*,#1473,.F.);
#1877=ORIENTED_EDGE('',*,*,#1474,.F.);
#1878=ORIENTED_EDGE('',*,*,#1475,.F.);
#1879=ORIENTED_EDGE('',*,*,#1476,.F.);
#1880=ORIENTED_EDGE('',*,*,#1477,.F.);
#1881=ORIENTED_EDGE('',*,*,#1478,.F.);
#1882=ORIENTED_EDGE('',*,*,#1461,.F.);
#1883=ORIENTED_EDGE('',*,*,#1479,.F.);
#1884=ORIENTED_EDGE('',*,*,#1480,.F.);
#1885=ORIENTED_EDGE('',*,*,#1481,.F.);
#1886=ORIENTED_EDGE('',*,*,#1465,.F.);
#1887=ORIENTED_EDGE('',*,*,#1482,.F.);
#1888=ORIENTED_EDGE('',*,*,#1483,.F.);
#1889=ORIENTED_EDGE('',*,*,#1484,.F.);
#1890=ORIENTED_EDGE('',*,*,#1485,.F.);
#1891=ORIENTED_EDGE('',*,*,#1486,.F.);
#1892=ORIENTED_EDGE('',*,*,#1487,.F.);
#1893=ORIENTED_EDGE('',*,*,#1444,.T.);
#1894=ORIENTED_EDGE('',*,*,#1488,.T.);
#1895=ORIENTED_EDGE('',*,*,#1489,.T.);
#1896=ORIENTED_EDGE('',*,*,#1490,.F.);
#1897=ORIENTED_EDGE('',*,*,#1443,.T.);
#1898=ORIENTED_EDGE('',*,*,#1491,.T.);
#1899=ORIENTED_EDGE('',*,*,#1492,.T.);
#1900=ORIENTED_EDGE('',*,*,#1488,.F.);
#1901=ORIENTED_EDGE('',*,*,#1442,.T.);
#1902=ORIENTED_EDGE('',*,*,#1493,.T.);
#1903=ORIENTED_EDGE('',*,*,#1494,.T.);
#1904=ORIENTED_EDGE('',*,*,#1491,.F.);
#1905=ORIENTED_EDGE('',*,*,#1415,.T.);
#1906=ORIENTED_EDGE('',*,*,#1431,.T.);
#1907=ORIENTED_EDGE('',*,*,#1495,.T.);
#1908=ORIENTED_EDGE('',*,*,#1496,.T.);
#1909=ORIENTED_EDGE('',*,*,#1497,.F.);
#1910=ORIENTED_EDGE('',*,*,#1498,.F.);
#1911=ORIENTED_EDGE('',*,*,#1430,.T.);
#1912=ORIENTED_EDGE('',*,*,#1409,.T.);
#1913=ORIENTED_EDGE('',*,*,#1499,.F.);
#1914=ORIENTED_EDGE('',*,*,#1500,.T.);
#1915=ORIENTED_EDGE('',*,*,#1501,.T.);
#1916=ORIENTED_EDGE('',*,*,#1495,.F.);
#1917=ORIENTED_EDGE('',*,*,#1411,.T.);
#1918=ORIENTED_EDGE('',*,*,#1429,.T.);
#1919=ORIENTED_EDGE('',*,*,#1502,.T.);
#1920=ORIENTED_EDGE('',*,*,#1503,.T.);
#1921=ORIENTED_EDGE('',*,*,#1504,.F.);
#1922=ORIENTED_EDGE('',*,*,#1505,.F.);
#1923=ORIENTED_EDGE('',*,*,#1428,.T.);
#1924=ORIENTED_EDGE('',*,*,#1506,.T.);
#1925=ORIENTED_EDGE('',*,*,#1507,.T.);
#1926=ORIENTED_EDGE('',*,*,#1502,.F.);
#1927=ORIENTED_EDGE('',*,*,#1427,.T.);
#1928=ORIENTED_EDGE('',*,*,#1424,.T.);
#1929=ORIENTED_EDGE('',*,*,#1508,.F.);
#1930=ORIENTED_EDGE('',*,*,#1509,.T.);
#1931=ORIENTED_EDGE('',*,*,#1510,.T.);
#1932=ORIENTED_EDGE('',*,*,#1506,.F.);
#1933=ORIENTED_EDGE('',*,*,#1484,.T.);
#1934=ORIENTED_EDGE('',*,*,#1511,.T.);
#1935=ORIENTED_EDGE('',*,*,#1512,.T.);
#1936=ORIENTED_EDGE('',*,*,#1513,.F.);
#1937=ORIENTED_EDGE('',*,*,#1483,.T.);
#1938=ORIENTED_EDGE('',*,*,#1514,.T.);
#1939=ORIENTED_EDGE('',*,*,#1515,.T.);
#1940=ORIENTED_EDGE('',*,*,#1511,.F.);
#1941=ORIENTED_EDGE('',*,*,#1482,.T.);
#1942=ORIENTED_EDGE('',*,*,#1516,.T.);
#1943=ORIENTED_EDGE('',*,*,#1517,.T.);
#1944=ORIENTED_EDGE('',*,*,#1514,.F.);
#1945=ORIENTED_EDGE('',*,*,#1473,.T.);
#1946=ORIENTED_EDGE('',*,*,#1518,.T.);
#1947=ORIENTED_EDGE('',*,*,#1519,.T.);
#1948=ORIENTED_EDGE('',*,*,#1520,.F.);
#1949=ORIENTED_EDGE('',*,*,#1458,.T.);
#1950=ORIENTED_EDGE('',*,*,#1471,.T.);
#1951=ORIENTED_EDGE('',*,*,#1521,.T.);
#1952=ORIENTED_EDGE('',*,*,#1522,.T.);
#1953=ORIENTED_EDGE('',*,*,#1523,.F.);
#1954=ORIENTED_EDGE('',*,*,#1524,.F.);
#1955=ORIENTED_EDGE('',*,*,#1470,.T.);
#1956=ORIENTED_EDGE('',*,*,#1525,.T.);
#1957=ORIENTED_EDGE('',*,*,#1526,.T.);
#1958=ORIENTED_EDGE('',*,*,#1521,.F.);
#1959=ORIENTED_EDGE('',*,*,#1469,.T.);
#1960=ORIENTED_EDGE('',*,*,#1453,.T.);
#1961=ORIENTED_EDGE('',*,*,#1527,.F.);
#1962=ORIENTED_EDGE('',*,*,#1528,.T.);
#1963=ORIENTED_EDGE('',*,*,#1529,.T.);
#1964=ORIENTED_EDGE('',*,*,#1525,.F.);
#1965=ORIENTED_EDGE('',*,*,#1451,.T.);
#1966=ORIENTED_EDGE('',*,*,#1468,.T.);
#1967=ORIENTED_EDGE('',*,*,#1530,.T.);
#1968=ORIENTED_EDGE('',*,*,#1531,.T.);
#1969=ORIENTED_EDGE('',*,*,#1532,.F.);
#1970=ORIENTED_EDGE('',*,*,#1533,.F.);
#1971=ORIENTED_EDGE('',*,*,#1379,.F.);
#1972=ORIENTED_EDGE('',*,*,#1534,.T.);
#1973=ORIENTED_EDGE('',*,*,#1535,.T.);
#1974=ORIENTED_EDGE('',*,*,#1404,.F.);
#1975=ORIENTED_EDGE('',*,*,#1536,.T.);
#1976=ORIENTED_EDGE('',*,*,#1393,.F.);
#1977=ORIENTED_EDGE('',*,*,#1537,.T.);
#1978=ORIENTED_EDGE('',*,*,#1386,.F.);
#1979=ORIENTED_EDGE('',*,*,#1538,.T.);
#1980=ORIENTED_EDGE('',*,*,#1539,.T.);
#1981=ORIENTED_EDGE('',*,*,#1416,.T.);
#1982=ORIENTED_EDGE('',*,*,#1412,.T.);
#1983=ORIENTED_EDGE('',*,*,#1498,.T.);
#1984=ORIENTED_EDGE('',*,*,#1540,.T.);
#1985=ORIENTED_EDGE('',*,*,#1541,.T.);
#1986=ORIENTED_EDGE('',*,*,#1542,.T.);
#1987=ORIENTED_EDGE('',*,*,#1543,.T.);
#1988=ORIENTED_EDGE('',*,*,#1499,.T.);
#1989=ORIENTED_EDGE('',*,*,#1408,.T.);
#1990=ORIENTED_EDGE('',*,*,#1505,.T.);
#1991=ORIENTED_EDGE('',*,*,#1544,.T.);
#1992=ORIENTED_EDGE('',*,*,#1459,.T.);
#1993=ORIENTED_EDGE('',*,*,#1545,.T.);
#1994=ORIENTED_EDGE('',*,*,#1455,.T.);
#1995=ORIENTED_EDGE('',*,*,#1524,.T.);
#1996=ORIENTED_EDGE('',*,*,#1546,.T.);
#1997=ORIENTED_EDGE('',*,*,#1547,.T.);
#1998=ORIENTED_EDGE('',*,*,#1548,.T.);
#1999=ORIENTED_EDGE('',*,*,#1527,.T.);
#2000=ORIENTED_EDGE('',*,*,#1452,.T.);
#2001=ORIENTED_EDGE('',*,*,#1448,.T.);
#2002=ORIENTED_EDGE('',*,*,#1533,.T.);
#2003=ORIENTED_EDGE('',*,*,#1549,.T.);
#2004=ORIENTED_EDGE('',*,*,#1550,.T.);
#2005=ORIENTED_EDGE('',*,*,#1551,.T.);
#2006=ORIENTED_EDGE('',*,*,#1552,.T.);
#2007=ORIENTED_EDGE('',*,*,#1553,.T.);
#2008=ORIENTED_EDGE('',*,*,#1463,.T.);
#2009=ORIENTED_EDGE('',*,*,#1554,.T.);
#2010=ORIENTED_EDGE('',*,*,#1508,.T.);
#2011=ORIENTED_EDGE('',*,*,#1423,.T.);
#2012=ORIENTED_EDGE('',*,*,#1555,.T.);
#2013=ORIENTED_EDGE('',*,*,#1419,.T.);
#2014=ORIENTED_EDGE('',*,*,#1556,.T.);
#2015=ORIENTED_EDGE('',*,*,#1557,.T.);
#2016=ORIENTED_EDGE('',*,*,#1558,.T.);
#2017=ORIENTED_EDGE('',*,*,#1559,.T.);
#2018=ORIENTED_EDGE('',*,*,#1560,.T.);
#2019=ORIENTED_EDGE('',*,*,#1467,.T.);
#2020=ORIENTED_EDGE('',*,*,#1464,.T.);
#2021=ORIENTED_EDGE('',*,*,#1553,.F.);
#2022=ORIENTED_EDGE('',*,*,#1561,.T.);
#2023=ORIENTED_EDGE('',*,*,#1562,.T.);
#2024=ORIENTED_EDGE('',*,*,#1530,.F.);
#2025=ORIENTED_EDGE('',*,*,#1563,.F.);
#2026=ORIENTED_EDGE('',*,*,#1564,.F.);
#2027=ORIENTED_EDGE('',*,*,#1565,.F.);
#2028=ORIENTED_EDGE('',*,*,#1566,.F.);
#2029=ORIENTED_EDGE('',*,*,#1567,.F.);
#2030=ORIENTED_EDGE('',*,*,#1568,.F.);
#2031=ORIENTED_EDGE('',*,*,#1569,.F.);
#2032=ORIENTED_EDGE('',*,*,#1570,.F.);
#2033=ORIENTED_EDGE('',*,*,#1571,.F.);
#2034=ORIENTED_EDGE('',*,*,#1572,.F.);
#2035=ORIENTED_EDGE('',*,*,#1573,.F.);
#2036=ORIENTED_EDGE('',*,*,#1574,.F.);
#2037=ORIENTED_EDGE('',*,*,#1575,.F.);
#2038=ORIENTED_EDGE('',*,*,#1576,.F.);
#2039=ORIENTED_EDGE('',*,*,#1577,.F.);
#2040=ORIENTED_EDGE('',*,*,#1578,.F.);
#2041=ORIENTED_EDGE('',*,*,#1579,.F.);
#2042=ORIENTED_EDGE('',*,*,#1580,.F.);
#2043=ORIENTED_EDGE('',*,*,#1581,.F.);
#2044=ORIENTED_EDGE('',*,*,#1582,.F.);
#2045=ORIENTED_EDGE('',*,*,#1583,.F.);
#2046=ORIENTED_EDGE('',*,*,#1584,.F.);
#2047=ORIENTED_EDGE('',*,*,#1585,.F.);
#2048=ORIENTED_EDGE('',*,*,#1586,.F.);
#2049=ORIENTED_EDGE('',*,*,#1587,.F.);
#2050=ORIENTED_EDGE('',*,*,#1588,.F.);
#2051=ORIENTED_EDGE('',*,*,#1589,.F.);
#2052=ORIENTED_EDGE('',*,*,#1590,.F.);
#2053=ORIENTED_EDGE('',*,*,#1447,.T.);
#2054=ORIENTED_EDGE('',*,*,#1591,.T.);
#2055=ORIENTED_EDGE('',*,*,#1592,.T.);
#2056=ORIENTED_EDGE('',*,*,#1493,.F.);
#2057=ORIENTED_EDGE('',*,*,#1446,.T.);
#2058=ORIENTED_EDGE('',*,*,#1593,.T.);
#2059=ORIENTED_EDGE('',*,*,#1594,.T.);
#2060=ORIENTED_EDGE('',*,*,#1591,.F.);
#2061=ORIENTED_EDGE('',*,*,#1445,.T.);
#2062=ORIENTED_EDGE('',*,*,#1490,.T.);
#2063=ORIENTED_EDGE('',*,*,#1595,.T.);
#2064=ORIENTED_EDGE('',*,*,#1593,.F.);
#2065=ORIENTED_EDGE('',*,*,#1595,.F.);
#2066=ORIENTED_EDGE('',*,*,#1489,.F.);
#2067=ORIENTED_EDGE('',*,*,#1492,.F.);
#2068=ORIENTED_EDGE('',*,*,#1494,.F.);
#2069=ORIENTED_EDGE('',*,*,#1592,.F.);
#2070=ORIENTED_EDGE('',*,*,#1594,.F.);
#2071=ORIENTED_EDGE('',*,*,#1596,.F.);
#2072=ORIENTED_EDGE('',*,*,#1487,.T.);
#2073=ORIENTED_EDGE('',*,*,#1597,.T.);
#2074=ORIENTED_EDGE('',*,*,#1598,.T.);
#2075=ORIENTED_EDGE('',*,*,#1516,.F.);
#2076=ORIENTED_EDGE('',*,*,#1486,.T.);
#2077=ORIENTED_EDGE('',*,*,#1599,.T.);
#2078=ORIENTED_EDGE('',*,*,#1600,.T.);
#2079=ORIENTED_EDGE('',*,*,#1597,.F.);
#2080=ORIENTED_EDGE('',*,*,#1485,.T.);
#2081=ORIENTED_EDGE('',*,*,#1513,.T.);
#2082=ORIENTED_EDGE('',*,*,#1601,.T.);
#2083=ORIENTED_EDGE('',*,*,#1599,.F.);
#2084=ORIENTED_EDGE('',*,*,#1601,.F.);
#2085=ORIENTED_EDGE('',*,*,#1512,.F.);
#2086=ORIENTED_EDGE('',*,*,#1515,.F.);
#2087=ORIENTED_EDGE('',*,*,#1517,.F.);
#2088=ORIENTED_EDGE('',*,*,#1598,.F.);
#2089=ORIENTED_EDGE('',*,*,#1600,.F.);
#2090=ORIENTED_EDGE('',*,*,#1602,.F.);
#2091=ORIENTED_EDGE('',*,*,#1548,.F.);
#2092=ORIENTED_EDGE('',*,*,#1603,.T.);
#2093=ORIENTED_EDGE('',*,*,#1604,.T.);
#2094=ORIENTED_EDGE('',*,*,#1528,.F.);
#2095=ORIENTED_EDGE('',*,*,#1547,.F.);
#2096=ORIENTED_EDGE('',*,*,#1605,.T.);
#2097=ORIENTED_EDGE('',*,*,#1606,.T.);
#2098=ORIENTED_EDGE('',*,*,#1603,.F.);
#2099=ORIENTED_EDGE('',*,*,#1546,.F.);
#2100=ORIENTED_EDGE('',*,*,#1523,.T.);
#2101=ORIENTED_EDGE('',*,*,#1607,.T.);
#2102=ORIENTED_EDGE('',*,*,#1605,.F.);
#2103=ORIENTED_EDGE('',*,*,#1529,.F.);
#2104=ORIENTED_EDGE('',*,*,#1604,.F.);
#2105=ORIENTED_EDGE('',*,*,#1606,.F.);
#2106=ORIENTED_EDGE('',*,*,#1607,.F.);
#2107=ORIENTED_EDGE('',*,*,#1522,.F.);
#2108=ORIENTED_EDGE('',*,*,#1526,.F.);
#2109=ORIENTED_EDGE('',*,*,#1608,.F.);
#2110=ORIENTED_EDGE('',*,*,#1434,.T.);
#2111=ORIENTED_EDGE('',*,*,#1609,.T.);
#2112=ORIENTED_EDGE('',*,*,#1610,.T.);
#2113=ORIENTED_EDGE('',*,*,#1611,.F.);
#2114=ORIENTED_EDGE('',*,*,#1556,.F.);
#2115=ORIENTED_EDGE('',*,*,#1422,.T.);
#2116=ORIENTED_EDGE('',*,*,#1433,.T.);
#2117=ORIENTED_EDGE('',*,*,#1612,.T.);
#2118=ORIENTED_EDGE('',*,*,#1613,.T.);
#2119=ORIENTED_EDGE('',*,*,#1609,.F.);
#2120=ORIENTED_EDGE('',*,*,#1417,.T.);
#2121=ORIENTED_EDGE('',*,*,#1560,.F.);
#2122=ORIENTED_EDGE('',*,*,#1614,.T.);
#2123=ORIENTED_EDGE('',*,*,#1615,.T.);
#2124=ORIENTED_EDGE('',*,*,#1612,.F.);
#2125=ORIENTED_EDGE('',*,*,#1432,.T.);
#2126=ORIENTED_EDGE('',*,*,#1559,.F.);
#2127=ORIENTED_EDGE('',*,*,#1616,.T.);
#2128=ORIENTED_EDGE('',*,*,#1617,.T.);
#2129=ORIENTED_EDGE('',*,*,#1614,.F.);
#2130=ORIENTED_EDGE('',*,*,#1558,.F.);
#2131=ORIENTED_EDGE('',*,*,#1618,.T.);
#2132=ORIENTED_EDGE('',*,*,#1619,.T.);
#2133=ORIENTED_EDGE('',*,*,#1616,.F.);
#2134=ORIENTED_EDGE('',*,*,#1557,.F.);
#2135=ORIENTED_EDGE('',*,*,#1611,.T.);
#2136=ORIENTED_EDGE('',*,*,#1620,.T.);
#2137=ORIENTED_EDGE('',*,*,#1618,.F.);
#2138=ORIENTED_EDGE('',*,*,#1620,.F.);
#2139=ORIENTED_EDGE('',*,*,#1610,.F.);
#2140=ORIENTED_EDGE('',*,*,#1613,.F.);
#2141=ORIENTED_EDGE('',*,*,#1615,.F.);
#2142=ORIENTED_EDGE('',*,*,#1617,.F.);
#2143=ORIENTED_EDGE('',*,*,#1619,.F.);
#2144=ORIENTED_EDGE('',*,*,#1621,.F.);
#2145=ORIENTED_EDGE('',*,*,#1543,.F.);
#2146=ORIENTED_EDGE('',*,*,#1622,.T.);
#2147=ORIENTED_EDGE('',*,*,#1623,.T.);
#2148=ORIENTED_EDGE('',*,*,#1500,.F.);
#2149=ORIENTED_EDGE('',*,*,#1542,.F.);
#2150=ORIENTED_EDGE('',*,*,#1624,.T.);
#2151=ORIENTED_EDGE('',*,*,#1625,.T.);
#2152=ORIENTED_EDGE('',*,*,#1622,.F.);
#2153=ORIENTED_EDGE('',*,*,#1541,.F.);
#2154=ORIENTED_EDGE('',*,*,#1626,.T.);
#2155=ORIENTED_EDGE('',*,*,#1627,.T.);
#2156=ORIENTED_EDGE('',*,*,#1624,.F.);
#2157=ORIENTED_EDGE('',*,*,#1540,.F.);
#2158=ORIENTED_EDGE('',*,*,#1497,.T.);
#2159=ORIENTED_EDGE('',*,*,#1628,.T.);
#2160=ORIENTED_EDGE('',*,*,#1626,.F.);
#2161=ORIENTED_EDGE('',*,*,#1496,.F.);
#2162=ORIENTED_EDGE('',*,*,#1501,.F.);
#2163=ORIENTED_EDGE('',*,*,#1623,.F.);
#2164=ORIENTED_EDGE('',*,*,#1625,.F.);
#2165=ORIENTED_EDGE('',*,*,#1627,.F.);
#2166=ORIENTED_EDGE('',*,*,#1628,.F.);
#2167=ORIENTED_EDGE('',*,*,#1629,.F.);
#2168=ORIENTED_EDGE('',*,*,#1550,.F.);
#2169=ORIENTED_EDGE('',*,*,#1630,.T.);
#2170=ORIENTED_EDGE('',*,*,#1631,.T.);
#2171=ORIENTED_EDGE('',*,*,#1632,.F.);
#2172=ORIENTED_EDGE('',*,*,#1549,.F.);
#2173=ORIENTED_EDGE('',*,*,#1532,.T.);
#2174=ORIENTED_EDGE('',*,*,#1633,.T.);
#2175=ORIENTED_EDGE('',*,*,#1630,.F.);
#2176=ORIENTED_EDGE('',*,*,#1552,.F.);
#2177=ORIENTED_EDGE('',*,*,#1634,.T.);
#2178=ORIENTED_EDGE('',*,*,#1635,.T.);
#2179=ORIENTED_EDGE('',*,*,#1561,.F.);
#2180=ORIENTED_EDGE('',*,*,#1551,.F.);
#2181=ORIENTED_EDGE('',*,*,#1632,.T.);
#2182=ORIENTED_EDGE('',*,*,#1636,.T.);
#2183=ORIENTED_EDGE('',*,*,#1634,.F.);
#2184=ORIENTED_EDGE('',*,*,#1636,.F.);
#2185=ORIENTED_EDGE('',*,*,#1631,.F.);
#2186=ORIENTED_EDGE('',*,*,#1633,.F.);
#2187=ORIENTED_EDGE('',*,*,#1531,.F.);
#2188=ORIENTED_EDGE('',*,*,#1562,.F.);
#2189=ORIENTED_EDGE('',*,*,#1635,.F.);
#2190=ORIENTED_EDGE('',*,*,#1637,.F.);
#2191=ORIENTED_EDGE('',*,*,#1474,.T.);
#2192=ORIENTED_EDGE('',*,*,#1520,.T.);
#2193=ORIENTED_EDGE('',*,*,#1638,.T.);
#2194=ORIENTED_EDGE('',*,*,#1639,.F.);
#2195=ORIENTED_EDGE('',*,*,#1545,.F.);
#2196=ORIENTED_EDGE('',*,*,#1462,.T.);
#2197=ORIENTED_EDGE('',*,*,#1478,.T.);
#2198=ORIENTED_EDGE('',*,*,#1640,.T.);
#2199=ORIENTED_EDGE('',*,*,#1641,.T.);
#2200=ORIENTED_EDGE('',*,*,#1518,.F.);
#2201=ORIENTED_EDGE('',*,*,#1472,.T.);
#2202=ORIENTED_EDGE('',*,*,#1456,.F.);
#2203=ORIENTED_EDGE('',*,*,#1477,.T.);
#2204=ORIENTED_EDGE('',*,*,#1642,.T.);
#2205=ORIENTED_EDGE('',*,*,#1643,.T.);
#2206=ORIENTED_EDGE('',*,*,#1640,.F.);
#2207=ORIENTED_EDGE('',*,*,#1476,.T.);
#2208=ORIENTED_EDGE('',*,*,#1644,.T.);
#2209=ORIENTED_EDGE('',*,*,#1645,.T.);
#2210=ORIENTED_EDGE('',*,*,#1642,.F.);
#2211=ORIENTED_EDGE('',*,*,#1475,.T.);
#2212=ORIENTED_EDGE('',*,*,#1639,.T.);
#2213=ORIENTED_EDGE('',*,*,#1646,.T.);
#2214=ORIENTED_EDGE('',*,*,#1644,.F.);
#2215=ORIENTED_EDGE('',*,*,#1646,.F.);
#2216=ORIENTED_EDGE('',*,*,#1638,.F.);
#2217=ORIENTED_EDGE('',*,*,#1519,.F.);
#2218=ORIENTED_EDGE('',*,*,#1641,.F.);
#2219=ORIENTED_EDGE('',*,*,#1643,.F.);
#2220=ORIENTED_EDGE('',*,*,#1645,.F.);
#2221=ORIENTED_EDGE('',*,*,#1647,.F.);
#2222=ORIENTED_EDGE('',*,*,#1440,.T.);
#2223=ORIENTED_EDGE('',*,*,#1648,.T.);
#2224=ORIENTED_EDGE('',*,*,#1649,.T.);
#2225=ORIENTED_EDGE('',*,*,#1650,.F.);
#2226=ORIENTED_EDGE('',*,*,#1439,.T.);
#2227=ORIENTED_EDGE('',*,*,#1651,.T.);
#2228=ORIENTED_EDGE('',*,*,#1652,.T.);
#2229=ORIENTED_EDGE('',*,*,#1648,.F.);
#2230=ORIENTED_EDGE('',*,*,#1438,.T.);
#2231=ORIENTED_EDGE('',*,*,#1653,.T.);
#2232=ORIENTED_EDGE('',*,*,#1654,.T.);
#2233=ORIENTED_EDGE('',*,*,#1651,.F.);
#2234=ORIENTED_EDGE('',*,*,#1437,.T.);
#2235=ORIENTED_EDGE('',*,*,#1655,.T.);
#2236=ORIENTED_EDGE('',*,*,#1656,.T.);
#2237=ORIENTED_EDGE('',*,*,#1653,.F.);
#2238=ORIENTED_EDGE('',*,*,#1436,.T.);
#2239=ORIENTED_EDGE('',*,*,#1657,.T.);
#2240=ORIENTED_EDGE('',*,*,#1658,.T.);
#2241=ORIENTED_EDGE('',*,*,#1655,.F.);
#2242=ORIENTED_EDGE('',*,*,#1555,.F.);
#2243=ORIENTED_EDGE('',*,*,#1426,.T.);
#2244=ORIENTED_EDGE('',*,*,#1441,.T.);
#2245=ORIENTED_EDGE('',*,*,#1650,.T.);
#2246=ORIENTED_EDGE('',*,*,#1659,.T.);
#2247=ORIENTED_EDGE('',*,*,#1657,.F.);
#2248=ORIENTED_EDGE('',*,*,#1435,.T.);
#2249=ORIENTED_EDGE('',*,*,#1420,.F.);
#2250=ORIENTED_EDGE('',*,*,#1659,.F.);
#2251=ORIENTED_EDGE('',*,*,#1649,.F.);
#2252=ORIENTED_EDGE('',*,*,#1652,.F.);
#2253=ORIENTED_EDGE('',*,*,#1654,.F.);
#2254=ORIENTED_EDGE('',*,*,#1656,.F.);
#2255=ORIENTED_EDGE('',*,*,#1658,.F.);
#2256=ORIENTED_EDGE('',*,*,#1660,.F.);
#2257=ORIENTED_EDGE('',*,*,#1481,.T.);
#2258=ORIENTED_EDGE('',*,*,#1661,.T.);
#2259=ORIENTED_EDGE('',*,*,#1662,.T.);
#2260=ORIENTED_EDGE('',*,*,#1509,.F.);
#2261=ORIENTED_EDGE('',*,*,#1554,.F.);
#2262=ORIENTED_EDGE('',*,*,#1466,.T.);
#2263=ORIENTED_EDGE('',*,*,#1480,.T.);
#2264=ORIENTED_EDGE('',*,*,#1663,.T.);
#2265=ORIENTED_EDGE('',*,*,#1664,.T.);
#2266=ORIENTED_EDGE('',*,*,#1661,.F.);
#2267=ORIENTED_EDGE('',*,*,#1460,.T.);
#2268=ORIENTED_EDGE('',*,*,#1544,.F.);
#2269=ORIENTED_EDGE('',*,*,#1504,.T.);
#2270=ORIENTED_EDGE('',*,*,#1665,.T.);
#2271=ORIENTED_EDGE('',*,*,#1663,.F.);
#2272=ORIENTED_EDGE('',*,*,#1479,.T.);
#2273=ORIENTED_EDGE('',*,*,#1665,.F.);
#2274=ORIENTED_EDGE('',*,*,#1503,.F.);
#2275=ORIENTED_EDGE('',*,*,#1507,.F.);
#2276=ORIENTED_EDGE('',*,*,#1510,.F.);
#2277=ORIENTED_EDGE('',*,*,#1662,.F.);
#2278=ORIENTED_EDGE('',*,*,#1664,.F.);
#2279=ORIENTED_EDGE('',*,*,#1666,.F.);
#2280=ORIENTED_EDGE('',*,*,#1667,.T.);
#2281=ORIENTED_EDGE('',*,*,#1668,.F.);
#2282=ORIENTED_EDGE('',*,*,#1669,.T.);
#2283=ORIENTED_EDGE('',*,*,#1563,.T.);
#2284=ORIENTED_EDGE('',*,*,#1669,.F.);
#2285=ORIENTED_EDGE('',*,*,#1670,.F.);
#2286=ORIENTED_EDGE('',*,*,#1671,.T.);
#2287=ORIENTED_EDGE('',*,*,#1564,.T.);
#2288=ORIENTED_EDGE('',*,*,#1671,.F.);
#2289=ORIENTED_EDGE('',*,*,#1672,.F.);
#2290=ORIENTED_EDGE('',*,*,#1673,.T.);
#2291=ORIENTED_EDGE('',*,*,#1565,.T.);
#2292=ORIENTED_EDGE('',*,*,#1673,.F.);
#2293=ORIENTED_EDGE('',*,*,#1674,.F.);
#2294=ORIENTED_EDGE('',*,*,#1675,.T.);
#2295=ORIENTED_EDGE('',*,*,#1566,.T.);
#2296=ORIENTED_EDGE('',*,*,#1675,.F.);
#2297=ORIENTED_EDGE('',*,*,#1676,.F.);
#2298=ORIENTED_EDGE('',*,*,#1677,.T.);
#2299=ORIENTED_EDGE('',*,*,#1567,.T.);
#2300=ORIENTED_EDGE('',*,*,#1677,.F.);
#2301=ORIENTED_EDGE('',*,*,#1678,.F.);
#2302=ORIENTED_EDGE('',*,*,#1667,.F.);
#2303=ORIENTED_EDGE('',*,*,#1568,.T.);
#2304=ORIENTED_EDGE('',*,*,#1679,.T.);
#2305=ORIENTED_EDGE('',*,*,#1678,.T.);
#2306=ORIENTED_EDGE('',*,*,#1676,.T.);
#2307=ORIENTED_EDGE('',*,*,#1674,.T.);
#2308=ORIENTED_EDGE('',*,*,#1672,.T.);
#2309=ORIENTED_EDGE('',*,*,#1670,.T.);
#2310=ORIENTED_EDGE('',*,*,#1668,.T.);
#2311=ORIENTED_EDGE('',*,*,#1680,.T.);
#2312=ORIENTED_EDGE('',*,*,#1681,.F.);
#2313=ORIENTED_EDGE('',*,*,#1682,.T.);
#2314=ORIENTED_EDGE('',*,*,#1577,.T.);
#2315=ORIENTED_EDGE('',*,*,#1682,.F.);
#2316=ORIENTED_EDGE('',*,*,#1683,.F.);
#2317=ORIENTED_EDGE('',*,*,#1684,.T.);
#2318=ORIENTED_EDGE('',*,*,#1578,.T.);
#2319=ORIENTED_EDGE('',*,*,#1684,.F.);
#2320=ORIENTED_EDGE('',*,*,#1685,.F.);
#2321=ORIENTED_EDGE('',*,*,#1686,.T.);
#2322=ORIENTED_EDGE('',*,*,#1579,.T.);
#2323=ORIENTED_EDGE('',*,*,#1686,.F.);
#2324=ORIENTED_EDGE('',*,*,#1687,.F.);
#2325=ORIENTED_EDGE('',*,*,#1688,.T.);
#2326=ORIENTED_EDGE('',*,*,#1580,.T.);
#2327=ORIENTED_EDGE('',*,*,#1688,.F.);
#2328=ORIENTED_EDGE('',*,*,#1689,.F.);
#2329=ORIENTED_EDGE('',*,*,#1690,.T.);
#2330=ORIENTED_EDGE('',*,*,#1581,.T.);
#2331=ORIENTED_EDGE('',*,*,#1690,.F.);
#2332=ORIENTED_EDGE('',*,*,#1691,.F.);
#2333=ORIENTED_EDGE('',*,*,#1680,.F.);
#2334=ORIENTED_EDGE('',*,*,#1582,.T.);
#2335=ORIENTED_EDGE('',*,*,#1692,.T.);
#2336=ORIENTED_EDGE('',*,*,#1691,.T.);
#2337=ORIENTED_EDGE('',*,*,#1689,.T.);
#2338=ORIENTED_EDGE('',*,*,#1687,.T.);
#2339=ORIENTED_EDGE('',*,*,#1685,.T.);
#2340=ORIENTED_EDGE('',*,*,#1683,.T.);
#2341=ORIENTED_EDGE('',*,*,#1681,.T.);
#2342=ORIENTED_EDGE('',*,*,#1693,.T.);
#2343=ORIENTED_EDGE('',*,*,#1694,.F.);
#2344=ORIENTED_EDGE('',*,*,#1695,.T.);
#2345=ORIENTED_EDGE('',*,*,#1584,.T.);
#2346=ORIENTED_EDGE('',*,*,#1695,.F.);
#2347=ORIENTED_EDGE('',*,*,#1696,.F.);
#2348=ORIENTED_EDGE('',*,*,#1697,.T.);
#2349=ORIENTED_EDGE('',*,*,#1585,.T.);
#2350=ORIENTED_EDGE('',*,*,#1697,.F.);
#2351=ORIENTED_EDGE('',*,*,#1698,.F.);
#2352=ORIENTED_EDGE('',*,*,#1699,.T.);
#2353=ORIENTED_EDGE('',*,*,#1586,.T.);
#2354=ORIENTED_EDGE('',*,*,#1699,.F.);
#2355=ORIENTED_EDGE('',*,*,#1700,.F.);
#2356=ORIENTED_EDGE('',*,*,#1701,.T.);
#2357=ORIENTED_EDGE('',*,*,#1587,.T.);
#2358=ORIENTED_EDGE('',*,*,#1701,.F.);
#2359=ORIENTED_EDGE('',*,*,#1702,.F.);
#2360=ORIENTED_EDGE('',*,*,#1703,.T.);
#2361=ORIENTED_EDGE('',*,*,#1588,.T.);
#2362=ORIENTED_EDGE('',*,*,#1703,.F.);
#2363=ORIENTED_EDGE('',*,*,#1704,.F.);
#2364=ORIENTED_EDGE('',*,*,#1693,.F.);
#2365=ORIENTED_EDGE('',*,*,#1589,.T.);
#2366=ORIENTED_EDGE('',*,*,#1705,.T.);
#2367=ORIENTED_EDGE('',*,*,#1704,.T.);
#2368=ORIENTED_EDGE('',*,*,#1702,.T.);
#2369=ORIENTED_EDGE('',*,*,#1700,.T.);
#2370=ORIENTED_EDGE('',*,*,#1698,.T.);
#2371=ORIENTED_EDGE('',*,*,#1696,.T.);
#2372=ORIENTED_EDGE('',*,*,#1694,.T.);
#2373=ORIENTED_EDGE('',*,*,#1706,.T.);
#2374=ORIENTED_EDGE('',*,*,#1707,.F.);
#2375=ORIENTED_EDGE('',*,*,#1708,.T.);
#2376=ORIENTED_EDGE('',*,*,#1570,.T.);
#2377=ORIENTED_EDGE('',*,*,#1708,.F.);
#2378=ORIENTED_EDGE('',*,*,#1709,.F.);
#2379=ORIENTED_EDGE('',*,*,#1710,.T.);
#2380=ORIENTED_EDGE('',*,*,#1571,.T.);
#2381=ORIENTED_EDGE('',*,*,#1710,.F.);
#2382=ORIENTED_EDGE('',*,*,#1711,.F.);
#2383=ORIENTED_EDGE('',*,*,#1712,.T.);
#2384=ORIENTED_EDGE('',*,*,#1572,.T.);
#2385=ORIENTED_EDGE('',*,*,#1712,.F.);
#2386=ORIENTED_EDGE('',*,*,#1713,.F.);
#2387=ORIENTED_EDGE('',*,*,#1714,.T.);
#2388=ORIENTED_EDGE('',*,*,#1573,.T.);
#2389=ORIENTED_EDGE('',*,*,#1714,.F.);
#2390=ORIENTED_EDGE('',*,*,#1715,.F.);
#2391=ORIENTED_EDGE('',*,*,#1716,.T.);
#2392=ORIENTED_EDGE('',*,*,#1574,.T.);
#2393=ORIENTED_EDGE('',*,*,#1716,.F.);
#2394=ORIENTED_EDGE('',*,*,#1717,.F.);
#2395=ORIENTED_EDGE('',*,*,#1706,.F.);
#2396=ORIENTED_EDGE('',*,*,#1575,.T.);
#2397=ORIENTED_EDGE('',*,*,#1718,.T.);
#2398=ORIENTED_EDGE('',*,*,#1717,.T.);
#2399=ORIENTED_EDGE('',*,*,#1715,.T.);
#2400=ORIENTED_EDGE('',*,*,#1713,.T.);
#2401=ORIENTED_EDGE('',*,*,#1711,.T.);
#2402=ORIENTED_EDGE('',*,*,#1709,.T.);
#2403=ORIENTED_EDGE('',*,*,#1707,.T.);
#2404=ORIENTED_EDGE('',*,*,#1719,.F.);
#2405=ORIENTED_EDGE('',*,*,#1720,.T.);
#2406=ORIENTED_EDGE('',*,*,#1721,.F.);
#2407=ORIENTED_EDGE('',*,*,#1722,.T.);
#2408=ORIENTED_EDGE('',*,*,#1719,.T.);
#2409=ORIENTED_EDGE('',*,*,#1722,.F.);
#2410=ORIENTED_EDGE('',*,*,#1720,.F.);
#2411=ORIENTED_EDGE('',*,*,#1723,.T.);
#2412=ORIENTED_EDGE('',*,*,#1569,.T.);
#2413=ORIENTED_EDGE('',*,*,#1723,.F.);
#2414=ORIENTED_EDGE('',*,*,#1724,.F.);
#2415=ORIENTED_EDGE('',*,*,#1725,.T.);
#2416=ORIENTED_EDGE('',*,*,#1726,.F.);
#2417=ORIENTED_EDGE('',*,*,#1727,.T.);
#2418=ORIENTED_EDGE('',*,*,#1724,.T.);
#2419=ORIENTED_EDGE('',*,*,#1727,.F.);
#2420=ORIENTED_EDGE('',*,*,#1725,.F.);
#2421=ORIENTED_EDGE('',*,*,#1728,.T.);
#2422=ORIENTED_EDGE('',*,*,#1576,.T.);
#2423=ORIENTED_EDGE('',*,*,#1728,.F.);
#2424=ORIENTED_EDGE('',*,*,#1729,.F.);
#2425=ORIENTED_EDGE('',*,*,#1730,.T.);
#2426=ORIENTED_EDGE('',*,*,#1731,.F.);
#2427=ORIENTED_EDGE('',*,*,#1732,.T.);
#2428=ORIENTED_EDGE('',*,*,#1729,.T.);
#2429=ORIENTED_EDGE('',*,*,#1732,.F.);
#2430=ORIENTED_EDGE('',*,*,#1730,.F.);
#2431=ORIENTED_EDGE('',*,*,#1733,.T.);
#2432=ORIENTED_EDGE('',*,*,#1590,.T.);
#2433=ORIENTED_EDGE('',*,*,#1733,.F.);
#2434=ORIENTED_EDGE('',*,*,#1734,.F.);
#2435=ORIENTED_EDGE('',*,*,#1735,.T.);
#2436=ORIENTED_EDGE('',*,*,#1736,.F.);
#2437=ORIENTED_EDGE('',*,*,#1737,.T.);
#2438=ORIENTED_EDGE('',*,*,#1734,.T.);
#2439=ORIENTED_EDGE('',*,*,#1737,.F.);
#2440=ORIENTED_EDGE('',*,*,#1735,.F.);
#2441=ORIENTED_EDGE('',*,*,#1738,.T.);
#2442=ORIENTED_EDGE('',*,*,#1583,.T.);
#2443=ORIENTED_EDGE('',*,*,#1738,.F.);
#2444=ORIENTED_EDGE('',*,*,#1739,.F.);
#2445=ORIENTED_EDGE('',*,*,#1740,.T.);
#2446=ORIENTED_EDGE('',*,*,#1608,.T.);
#2447=ORIENTED_EDGE('',*,*,#1740,.F.);
#2448=ORIENTED_EDGE('',*,*,#1741,.F.);
#2449=ORIENTED_EDGE('',*,*,#1742,.T.);
#2450=ORIENTED_EDGE('',*,*,#1647,.T.);
#2451=ORIENTED_EDGE('',*,*,#1742,.F.);
#2452=ORIENTED_EDGE('',*,*,#1743,.F.);
#2453=ORIENTED_EDGE('',*,*,#1744,.T.);
#2454=ORIENTED_EDGE('',*,*,#1637,.T.);
#2455=ORIENTED_EDGE('',*,*,#1744,.F.);
#2456=ORIENTED_EDGE('',*,*,#1745,.F.);
#2457=ORIENTED_EDGE('',*,*,#1746,.T.);
#2458=ORIENTED_EDGE('',*,*,#1629,.T.);
#2459=ORIENTED_EDGE('',*,*,#1746,.F.);
#2460=ORIENTED_EDGE('',*,*,#1747,.F.);
#2461=ORIENTED_EDGE('',*,*,#1748,.T.);
#2462=ORIENTED_EDGE('',*,*,#1660,.T.);
#2463=ORIENTED_EDGE('',*,*,#1748,.F.);
#2464=ORIENTED_EDGE('',*,*,#1749,.F.);
#2465=ORIENTED_EDGE('',*,*,#1750,.T.);
#2466=ORIENTED_EDGE('',*,*,#1602,.T.);
#2467=ORIENTED_EDGE('',*,*,#1750,.F.);
#2468=ORIENTED_EDGE('',*,*,#1751,.F.);
#2469=ORIENTED_EDGE('',*,*,#1752,.T.);
#2470=ORIENTED_EDGE('',*,*,#1596,.T.);
#2471=ORIENTED_EDGE('',*,*,#1752,.F.);
#2472=ORIENTED_EDGE('',*,*,#1753,.F.);
#2473=ORIENTED_EDGE('',*,*,#1754,.T.);
#2474=ORIENTED_EDGE('',*,*,#1666,.T.);
#2475=ORIENTED_EDGE('',*,*,#1754,.F.);
#2476=ORIENTED_EDGE('',*,*,#1755,.F.);
#2477=ORIENTED_EDGE('',*,*,#1756,.T.);
#2478=ORIENTED_EDGE('',*,*,#1621,.T.);
#2479=ORIENTED_EDGE('',*,*,#1756,.F.);
#2480=ORIENTED_EDGE('',*,*,#1389,.T.);
#2481=ORIENTED_EDGE('',*,*,#1757,.F.);
#2482=ORIENTED_EDGE('',*,*,#1380,.F.);
#2483=ORIENTED_EDGE('',*,*,#1376,.F.);
#2484=ORIENTED_EDGE('',*,*,#1539,.F.);
#2485=ORIENTED_EDGE('',*,*,#1758,.T.);
#2486=ORIENTED_EDGE('',*,*,#1705,.F.);
#2487=ORIENTED_EDGE('',*,*,#1758,.F.);
#2488=ORIENTED_EDGE('',*,*,#1538,.F.);
#2489=ORIENTED_EDGE('',*,*,#1385,.F.);
#2490=ORIENTED_EDGE('',*,*,#1382,.T.);
#2491=ORIENTED_EDGE('',*,*,#1759,.F.);
#2492=ORIENTED_EDGE('',*,*,#1405,.F.);
#2493=ORIENTED_EDGE('',*,*,#1401,.F.);
#2494=ORIENTED_EDGE('',*,*,#1535,.F.);
#2495=ORIENTED_EDGE('',*,*,#1760,.T.);
#2496=ORIENTED_EDGE('',*,*,#1679,.F.);
#2497=ORIENTED_EDGE('',*,*,#1760,.F.);
#2498=ORIENTED_EDGE('',*,*,#1534,.F.);
#2499=ORIENTED_EDGE('',*,*,#1378,.F.);
#2500=ORIENTED_EDGE('',*,*,#1407,.T.);
#2501=ORIENTED_EDGE('',*,*,#1761,.F.);
#2502=ORIENTED_EDGE('',*,*,#1397,.F.);
#2503=ORIENTED_EDGE('',*,*,#1396,.T.);
#2504=ORIENTED_EDGE('',*,*,#1762,.T.);
#2505=ORIENTED_EDGE('',*,*,#1692,.F.);
#2506=ORIENTED_EDGE('',*,*,#1762,.F.);
#2507=ORIENTED_EDGE('',*,*,#1395,.T.);
#2508=ORIENTED_EDGE('',*,*,#1390,.F.);
#2509=ORIENTED_EDGE('',*,*,#1536,.F.);
#2510=ORIENTED_EDGE('',*,*,#1403,.F.);
#2511=ORIENTED_EDGE('',*,*,#1399,.T.);
#2512=ORIENTED_EDGE('',*,*,#1763,.F.);
#2513=ORIENTED_EDGE('',*,*,#1387,.F.);
#2514=ORIENTED_EDGE('',*,*,#1383,.F.);
#2515=ORIENTED_EDGE('',*,*,#1537,.F.);
#2516=ORIENTED_EDGE('',*,*,#1392,.F.);
#2517=ORIENTED_EDGE('',*,*,#1394,.F.);
#2518=ORIENTED_EDGE('',*,*,#1764,.T.);
#2519=ORIENTED_EDGE('',*,*,#1718,.F.);
#2520=ORIENTED_EDGE('',*,*,#1764,.F.);
#2521=ORIENTED_EDGE('',*,*,#1400,.T.);
#2522=ORIENTED_EDGE('',*,*,#1388,.T.);
#2523=ORIENTED_EDGE('',*,*,#1763,.T.);
#2524=ORIENTED_EDGE('',*,*,#1398,.T.);
#2525=ORIENTED_EDGE('',*,*,#1761,.T.);
#2526=ORIENTED_EDGE('',*,*,#1406,.T.);
#2527=ORIENTED_EDGE('',*,*,#1759,.T.);
#2528=ORIENTED_EDGE('',*,*,#1381,.T.);
#2529=ORIENTED_EDGE('',*,*,#1757,.T.);
#2530=ORIENTED_EDGE('',*,*,#1739,.T.);
#2531=ORIENTED_EDGE('',*,*,#1741,.T.);
#2532=ORIENTED_EDGE('',*,*,#1743,.T.);
#2533=ORIENTED_EDGE('',*,*,#1745,.T.);
#2534=ORIENTED_EDGE('',*,*,#1747,.T.);
#2535=ORIENTED_EDGE('',*,*,#1749,.T.);
#2536=ORIENTED_EDGE('',*,*,#1751,.T.);
#2537=ORIENTED_EDGE('',*,*,#1753,.T.);
#2538=ORIENTED_EDGE('',*,*,#1755,.T.);
#2539=ORIENTED_EDGE('',*,*,#1736,.T.);
#2540=ORIENTED_EDGE('',*,*,#1731,.T.);
#2541=ORIENTED_EDGE('',*,*,#1726,.T.);
#2542=ORIENTED_EDGE('',*,*,#1721,.T.);
#2543=PLANE('',#2820);
#2544=PLANE('',#2823);
#2545=PLANE('',#2824);
#2546=PLANE('',#2827);
#2547=PLANE('',#2828);
#2548=PLANE('',#2831);
#2549=PLANE('',#2832);
#2550=PLANE('',#2835);
#2551=PLANE('',#2836);
#2552=PLANE('',#2837);
#2553=PLANE('',#2838);
#2554=PLANE('',#2839);
#2555=PLANE('',#2840);
#2556=PLANE('',#2841);
#2557=PLANE('',#2842);
#2558=PLANE('',#2843);
#2559=PLANE('',#2844);
#2560=PLANE('',#2845);
#2561=PLANE('',#2846);
#2562=PLANE('',#2847);
#2563=PLANE('',#2848);
#2564=PLANE('',#2849);
#2565=PLANE('',#2850);
#2566=PLANE('',#2851);
#2567=PLANE('',#2852);
#2568=PLANE('',#2853);
#2569=PLANE('',#2854);
#2570=PLANE('',#2855);
#2571=PLANE('',#2856);
#2572=PLANE('',#2857);
#2573=PLANE('',#2858);
#2574=PLANE('',#2859);
#2575=PLANE('',#2860);
#2576=PLANE('',#2861);
#2577=PLANE('',#2862);
#2578=PLANE('',#2863);
#2579=PLANE('',#2864);
#2580=PLANE('',#2871);
#2581=PLANE('',#2872);
#2582=PLANE('',#2874);
#2583=PLANE('',#2876);
#2584=PLANE('',#2878);
#2585=PLANE('',#2880);
#2586=PLANE('',#2881);
#2587=PLANE('',#2882);
#2588=PLANE('',#2883);
#2589=PLANE('',#2885);
#2590=PLANE('',#2886);
#2591=PLANE('',#2887);
#2592=PLANE('',#2888);
#2593=PLANE('',#2890);
#2594=PLANE('',#2891);
#2595=PLANE('',#2892);
#2596=PLANE('',#2893);
#2597=PLANE('',#2895);
#2598=PLANE('',#2896);
#2599=PLANE('',#2897);
#2600=PLANE('',#2898);
#2601=PLANE('',#2899);
#2602=PLANE('',#2900);
#2603=PLANE('',#2901);
#2604=PLANE('',#2903);
#2605=PLANE('',#2904);
#2606=PLANE('',#2905);
#2607=PLANE('',#2906);
#2608=PLANE('',#2907);
#2609=PLANE('',#2909);
#2610=PLANE('',#2910);
#2611=PLANE('',#2911);
#2612=PLANE('',#2912);
#2613=PLANE('',#2913);
#2614=PLANE('',#2915);
#2615=PLANE('',#2916);
#2616=PLANE('',#2917);
#2617=PLANE('',#2918);
#2618=PLANE('',#2919);
#2619=PLANE('',#2920);
#2620=PLANE('',#2922);
#2621=PLANE('',#2923);
#2622=PLANE('',#2924);
#2623=PLANE('',#2925);
#2624=PLANE('',#2926);
#2625=PLANE('',#2927);
#2626=PLANE('',#2928);
#2627=PLANE('',#2930);
#2628=PLANE('',#2931);
#2629=PLANE('',#2932);
#2630=PLANE('',#2933);
#2631=PLANE('',#2935);
#2632=PLANE('',#2936);
#2633=PLANE('',#2937);
#2634=PLANE('',#2938);
#2635=PLANE('',#2939);
#2636=PLANE('',#2940);
#2637=PLANE('',#2941);
#2638=PLANE('',#2943);
#2639=PLANE('',#2944);
#2640=PLANE('',#2945);
#2641=PLANE('',#2946);
#2642=PLANE('',#2947);
#2643=PLANE('',#2948);
#2644=PLANE('',#2949);
#2645=PLANE('',#2951);
#2646=PLANE('',#2952);
#2647=PLANE('',#2953);
#2648=PLANE('',#2954);
#2649=PLANE('',#2955);
#2650=PLANE('',#2956);
#2651=PLANE('',#2957);
#2652=PLANE('',#2959);
#2653=PLANE('',#2960);
#2654=PLANE('',#2961);
#2655=PLANE('',#2962);
#2656=PLANE('',#2963);
#2657=PLANE('',#2964);
#2658=PLANE('',#2965);
#2659=PLANE('',#2967);
#2660=PLANE('',#2973);
#2661=PLANE('',#2979);
#2662=PLANE('',#2985);
#2663=PLANE('',#3017);
#2664=ADVANCED_FACE('',(#121),#2543,.T.);
#2665=ADVANCED_FACE('',(#122),#2544,.T.);
#2666=ADVANCED_FACE('',(#123),#2545,.T.);
#2667=ADVANCED_FACE('',(#124),#2546,.T.);
#2668=ADVANCED_FACE('',(#125),#2547,.T.);
#2669=ADVANCED_FACE('',(#126),#2548,.T.);
#2670=ADVANCED_FACE('',(#127),#2549,.T.);
#2671=ADVANCED_FACE('',(#128),#2550,.T.);
#2672=ADVANCED_FACE('',(#129),#2551,.F.);
#2673=ADVANCED_FACE('',(#130),#2552,.F.);
#2674=ADVANCED_FACE('',(#131),#2553,.F.);
#2675=ADVANCED_FACE('',(#132),#2554,.F.);
#2676=ADVANCED_FACE('',(#133),#2555,.F.);
#2677=ADVANCED_FACE('',(#134,#84),#2556,.F.);
#2678=ADVANCED_FACE('',(#135),#2557,.F.);
#2679=ADVANCED_FACE('',(#136),#2558,.F.);
#2680=ADVANCED_FACE('',(#137),#2559,.F.);
#2681=ADVANCED_FACE('',(#138),#2560,.F.);
#2682=ADVANCED_FACE('',(#139),#2561,.F.);
#2683=ADVANCED_FACE('',(#140,#85),#2562,.F.);
#2684=ADVANCED_FACE('',(#141),#2563,.F.);
#2685=ADVANCED_FACE('',(#142),#2564,.F.);
#2686=ADVANCED_FACE('',(#143),#2565,.F.);
#2687=ADVANCED_FACE('',(#144),#2566,.F.);
#2688=ADVANCED_FACE('',(#145),#2567,.F.);
#2689=ADVANCED_FACE('',(#146),#2568,.F.);
#2690=ADVANCED_FACE('',(#147),#2569,.F.);
#2691=ADVANCED_FACE('',(#148),#2570,.F.);
#2692=ADVANCED_FACE('',(#149),#2571,.F.);
#2693=ADVANCED_FACE('',(#150),#2572,.F.);
#2694=ADVANCED_FACE('',(#151),#2573,.F.);
#2695=ADVANCED_FACE('',(#152),#2574,.F.);
#2696=ADVANCED_FACE('',(#153),#2575,.F.);
#2697=ADVANCED_FACE('',(#154),#2576,.F.);
#2698=ADVANCED_FACE('',(#155),#2577,.F.);
#2699=ADVANCED_FACE('',(#156),#2578,.F.);
#2700=ADVANCED_FACE('',(#157,#86),#2579,.T.);
#2701=ADVANCED_FACE('',(#158),#2580,.F.);
#2702=ADVANCED_FACE('',(#159,#87),#2581,.T.);
#2703=ADVANCED_FACE('',(#160,#88),#2582,.T.);
#2704=ADVANCED_FACE('',(#161,#89),#2583,.T.);
#2705=ADVANCED_FACE('',(#162,#90),#2584,.T.);
#2706=ADVANCED_FACE('',(#163),#2585,.F.);
#2707=ADVANCED_FACE('',(#164),#2586,.F.);
#2708=ADVANCED_FACE('',(#165),#2587,.F.);
#2709=ADVANCED_FACE('',(#166,#91),#2588,.F.);
#2710=ADVANCED_FACE('',(#167),#2589,.F.);
#2711=ADVANCED_FACE('',(#168),#2590,.F.);
#2712=ADVANCED_FACE('',(#169),#2591,.F.);
#2713=ADVANCED_FACE('',(#170,#92),#2592,.F.);
#2714=ADVANCED_FACE('',(#171),#2593,.F.);
#2715=ADVANCED_FACE('',(#172),#2594,.F.);
#2716=ADVANCED_FACE('',(#173),#2595,.F.);
#2717=ADVANCED_FACE('',(#174,#93),#2596,.F.);
#2718=ADVANCED_FACE('',(#175),#2597,.F.);
#2719=ADVANCED_FACE('',(#176),#2598,.F.);
#2720=ADVANCED_FACE('',(#177),#2599,.F.);
#2721=ADVANCED_FACE('',(#178),#2600,.F.);
#2722=ADVANCED_FACE('',(#179),#2601,.F.);
#2723=ADVANCED_FACE('',(#180),#2602,.F.);
#2724=ADVANCED_FACE('',(#181,#94),#2603,.F.);
#2725=ADVANCED_FACE('',(#182),#2604,.F.);
#2726=ADVANCED_FACE('',(#183),#2605,.F.);
#2727=ADVANCED_FACE('',(#184),#2606,.F.);
#2728=ADVANCED_FACE('',(#185),#2607,.F.);
#2729=ADVANCED_FACE('',(#186,#95),#2608,.F.);
#2730=ADVANCED_FACE('',(#187),#2609,.F.);
#2731=ADVANCED_FACE('',(#188),#2610,.F.);
#2732=ADVANCED_FACE('',(#189),#2611,.F.);
#2733=ADVANCED_FACE('',(#190),#2612,.F.);
#2734=ADVANCED_FACE('',(#191,#96),#2613,.F.);
#2735=ADVANCED_FACE('',(#192),#2614,.F.);
#2736=ADVANCED_FACE('',(#193),#2615,.F.);
#2737=ADVANCED_FACE('',(#194),#2616,.F.);
#2738=ADVANCED_FACE('',(#195),#2617,.F.);
#2739=ADVANCED_FACE('',(#196),#2618,.F.);
#2740=ADVANCED_FACE('',(#197,#97),#2619,.F.);
#2741=ADVANCED_FACE('',(#198),#2620,.F.);
#2742=ADVANCED_FACE('',(#199),#2621,.F.);
#2743=ADVANCED_FACE('',(#200),#2622,.F.);
#2744=ADVANCED_FACE('',(#201),#2623,.F.);
#2745=ADVANCED_FACE('',(#202),#2624,.F.);
#2746=ADVANCED_FACE('',(#203),#2625,.F.);
#2747=ADVANCED_FACE('',(#204,#98),#2626,.F.);
#2748=ADVANCED_FACE('',(#205),#2627,.F.);
#2749=ADVANCED_FACE('',(#206),#2628,.F.);
#2750=ADVANCED_FACE('',(#207),#2629,.F.);
#2751=ADVANCED_FACE('',(#208,#99),#2630,.T.);
#2752=ADVANCED_FACE('',(#209),#2631,.T.);
#2753=ADVANCED_FACE('',(#210),#2632,.T.);
#2754=ADVANCED_FACE('',(#211),#2633,.T.);
#2755=ADVANCED_FACE('',(#212),#2634,.T.);
#2756=ADVANCED_FACE('',(#213),#2635,.T.);
#2757=ADVANCED_FACE('',(#214),#2636,.T.);
#2758=ADVANCED_FACE('',(#215,#100),#2637,.T.);
#2759=ADVANCED_FACE('',(#216),#2638,.T.);
#2760=ADVANCED_FACE('',(#217),#2639,.T.);
#2761=ADVANCED_FACE('',(#218),#2640,.T.);
#2762=ADVANCED_FACE('',(#219),#2641,.T.);
#2763=ADVANCED_FACE('',(#220),#2642,.T.);
#2764=ADVANCED_FACE('',(#221),#2643,.T.);
#2765=ADVANCED_FACE('',(#222,#101),#2644,.T.);
#2766=ADVANCED_FACE('',(#223),#2645,.T.);
#2767=ADVANCED_FACE('',(#224),#2646,.T.);
#2768=ADVANCED_FACE('',(#225),#2647,.T.);
#2769=ADVANCED_FACE('',(#226),#2648,.T.);
#2770=ADVANCED_FACE('',(#227),#2649,.T.);
#2771=ADVANCED_FACE('',(#228),#2650,.T.);
#2772=ADVANCED_FACE('',(#229,#102),#2651,.T.);
#2773=ADVANCED_FACE('',(#230),#2652,.T.);
#2774=ADVANCED_FACE('',(#231),#2653,.T.);
#2775=ADVANCED_FACE('',(#232),#2654,.T.);
#2776=ADVANCED_FACE('',(#233),#2655,.T.);
#2777=ADVANCED_FACE('',(#234),#2656,.T.);
#2778=ADVANCED_FACE('',(#235),#2657,.T.);
#2779=ADVANCED_FACE('',(#236,#103),#2658,.T.);
#2780=ADVANCED_FACE('',(#237,#104),#2659,.F.);
#2781=ADVANCED_FACE('',(#238),#15,.F.);
#2782=ADVANCED_FACE('',(#239),#16,.F.);
#2783=ADVANCED_FACE('',(#240,#105),#2660,.F.);
#2784=ADVANCED_FACE('',(#241),#17,.F.);
#2785=ADVANCED_FACE('',(#242),#18,.F.);
#2786=ADVANCED_FACE('',(#243,#106),#2661,.F.);
#2787=ADVANCED_FACE('',(#244),#19,.F.);
#2788=ADVANCED_FACE('',(#245),#20,.F.);
#2789=ADVANCED_FACE('',(#246,#107),#2662,.F.);
#2790=ADVANCED_FACE('',(#247),#21,.F.);
#2791=ADVANCED_FACE('',(#248),#22,.F.);
#2792=ADVANCED_FACE('',(#249),#23,.F.);
#2793=ADVANCED_FACE('',(#250),#24,.F.);
#2794=ADVANCED_FACE('',(#251),#25,.F.);
#2795=ADVANCED_FACE('',(#252),#26,.F.);
#2796=ADVANCED_FACE('',(#253),#27,.F.);
#2797=ADVANCED_FACE('',(#254),#28,.F.);
#2798=ADVANCED_FACE('',(#255),#29,.F.);
#2799=ADVANCED_FACE('',(#256),#30,.F.);
#2800=ADVANCED_FACE('',(#257),#31,.F.);
#2801=ADVANCED_FACE('',(#258),#32,.T.);
#2802=ADVANCED_FACE('',(#259),#33,.T.);
#2803=ADVANCED_FACE('',(#260),#34,.T.);
#2804=ADVANCED_FACE('',(#261),#35,.T.);
#2805=ADVANCED_FACE('',(#262,#108,#109,#110,#111,#112,#113,#114,#115,#116,
#117,#118,#119,#120),#2663,.F.);
#2806=CLOSED_SHELL('',(#2664,#2665,#2666,#2667,#2668,#2669,#2670,#2671,
#2672,#2673,#2674,#2675,#2676,#2677,#2678,#2679,#2680,#2681,#2682,#2683,
#2684,#2685,#2686,#2687,#2688,#2689,#2690,#2691,#2692,#2693,#2694,#2695,
#2696,#2697,#2698,#2699,#2700,#2701,#2702,#2703,#2704,#2705,#2706,#2707,
#2708,#2709,#2710,#2711,#2712,#2713,#2714,#2715,#2716,#2717,#2718,#2719,
#2720,#2721,#2722,#2723,#2724,#2725,#2726,#2727,#2728,#2729,#2730,#2731,
#2732,#2733,#2734,#2735,#2736,#2737,#2738,#2739,#2740,#2741,#2742,#2743,
#2744,#2745,#2746,#2747,#2748,#2749,#2750,#2751,#2752,#2753,#2754,#2755,
#2756,#2757,#2758,#2759,#2760,#2761,#2762,#2763,#2764,#2765,#2766,#2767,
#2768,#2769,#2770,#2771,#2772,#2773,#2774,#2775,#2776,#2777,#2778,#2779,
#2780,#2781,#2782,#2783,#2784,#2785,#2786,#2787,#2788,#2789,#2790,#2791,
#2792,#2793,#2794,#2795,#2796,#2797,#2798,#2799,#2800,#2801,#2802,#2803,
#2804,#2805));
#2807=DERIVED_UNIT_ELEMENT(#2809,1.);
#2808=DERIVED_UNIT_ELEMENT(#4546,-3.);
#2809=(
MASS_UNIT()
NAMED_UNIT(*)
SI_UNIT(.KILO.,.GRAM.)
);
#2810=DERIVED_UNIT((#2807,#2808));
#2811=MEASURE_REPRESENTATION_ITEM('density measure',
POSITIVE_RATIO_MEASURE(7850.),#2810);
#2812=PROPERTY_DEFINITION_REPRESENTATION(#2817,#2814);
#2813=PROPERTY_DEFINITION_REPRESENTATION(#2818,#2815);
#2814=REPRESENTATION('material name',(#2816),#4543);
#2815=REPRESENTATION('density',(#2811),#4543);
#2816=DESCRIPTIVE_REPRESENTATION_ITEM('Steel','Steel');
#2817=PROPERTY_DEFINITION('material property','material name',#4553);
#2818=PROPERTY_DEFINITION('material property','density of part',#4553);
#2819=AXIS2_PLACEMENT_3D('',#3749,#3018,#3019);
#2820=AXIS2_PLACEMENT_3D('',#3750,#3020,#3021);
#2821=AXIS2_PLACEMENT_3D('',#3753,#3022,#3023);
#2822=AXIS2_PLACEMENT_3D('',#3757,#3025,#3026);
#2823=AXIS2_PLACEMENT_3D('',#3759,#3028,#3029);
#2824=AXIS2_PLACEMENT_3D('',#3765,#3033,#3034);
#2825=AXIS2_PLACEMENT_3D('',#3768,#3035,#3036);
#2826=AXIS2_PLACEMENT_3D('',#3772,#3038,#3039);
#2827=AXIS2_PLACEMENT_3D('',#3774,#3041,#3042);
#2828=AXIS2_PLACEMENT_3D('',#3780,#3046,#3047);
#2829=AXIS2_PLACEMENT_3D('',#3783,#3048,#3049);
#2830=AXIS2_PLACEMENT_3D('',#3787,#3051,#3052);
#2831=AXIS2_PLACEMENT_3D('',#3789,#3054,#3055);
#2832=AXIS2_PLACEMENT_3D('',#3803,#3063,#3064);
#2833=AXIS2_PLACEMENT_3D('',#3806,#3065,#3066);
#2834=AXIS2_PLACEMENT_3D('',#3810,#3068,#3069);
#2835=AXIS2_PLACEMENT_3D('',#3812,#3071,#3072);
#2836=AXIS2_PLACEMENT_3D('',#3818,#3076,#3077);
#2837=AXIS2_PLACEMENT_3D('',#3827,#3082,#3083);
#2838=AXIS2_PLACEMENT_3D('',#3836,#3088,#3089);
#2839=AXIS2_PLACEMENT_3D('',#3842,#3093,#3094);
#2840=AXIS2_PLACEMENT_3D('',#3851,#3099,#3100);
#2841=AXIS2_PLACEMENT_3D('',#3860,#3105,#3106);
#2842=AXIS2_PLACEMENT_3D('',#3899,#3128,#3129);
#2843=AXIS2_PLACEMENT_3D('',#3908,#3134,#3135);
#2844=AXIS2_PLACEMENT_3D('',#3914,#3139,#3140);
#2845=AXIS2_PLACEMENT_3D('',#3923,#3145,#3146);
#2846=AXIS2_PLACEMENT_3D('',#3932,#3151,#3152);
#2847=AXIS2_PLACEMENT_3D('',#3941,#3157,#3158);
#2848=AXIS2_PLACEMENT_3D('',#3980,#3180,#3181);
#2849=AXIS2_PLACEMENT_3D('',#3986,#3185,#3186);
#2850=AXIS2_PLACEMENT_3D('',#3990,#3189,#3190);
#2851=AXIS2_PLACEMENT_3D('',#3994,#3193,#3194);
#2852=AXIS2_PLACEMENT_3D('',#4002,#3199,#3200);
#2853=AXIS2_PLACEMENT_3D('',#4008,#3204,#3205);
#2854=AXIS2_PLACEMENT_3D('',#4016,#3210,#3211);
#2855=AXIS2_PLACEMENT_3D('',#4020,#3214,#3215);
#2856=AXIS2_PLACEMENT_3D('',#4026,#3219,#3220);
#2857=AXIS2_PLACEMENT_3D('',#4032,#3224,#3225);
#2858=AXIS2_PLACEMENT_3D('',#4036,#3228,#3229);
#2859=AXIS2_PLACEMENT_3D('',#4040,#3232,#3233);
#2860=AXIS2_PLACEMENT_3D('',#4046,#3237,#3238);
#2861=AXIS2_PLACEMENT_3D('',#4054,#3243,#3244);
#2862=AXIS2_PLACEMENT_3D('',#4058,#3247,#3248);
#2863=AXIS2_PLACEMENT_3D('',#4064,#3252,#3253);
#2864=AXIS2_PLACEMENT_3D('',#4072,#3258,#3259);
#2865=AXIS2_PLACEMENT_3D('',#4074,#3260,#3261);
#2866=AXIS2_PLACEMENT_3D('',#4075,#3262,#3263);
#2867=AXIS2_PLACEMENT_3D('',#4076,#3264,#3265);
#2868=AXIS2_PLACEMENT_3D('',#4077,#3266,#3267);
#2869=AXIS2_PLACEMENT_3D('',#4079,#3268,#3269);
#2870=AXIS2_PLACEMENT_3D('',#4080,#3270,#3271);
#2871=AXIS2_PLACEMENT_3D('',#4115,#3293,#3294);
#2872=AXIS2_PLACEMENT_3D('',#4119,#3297,#3298);
#2873=AXIS2_PLACEMENT_3D('',#4133,#3305,#3306);
#2874=AXIS2_PLACEMENT_3D('',#4134,#3307,#3308);
#2875=AXIS2_PLACEMENT_3D('',#4148,#3315,#3316);
#2876=AXIS2_PLACEMENT_3D('',#4149,#3317,#3318);
#2877=AXIS2_PLACEMENT_3D('',#4163,#3325,#3326);
#2878=AXIS2_PLACEMENT_3D('',#4164,#3327,#3328);
#2879=AXIS2_PLACEMENT_3D('',#4178,#3335,#3336);
#2880=AXIS2_PLACEMENT_3D('',#4179,#3337,#3338);
#2881=AXIS2_PLACEMENT_3D('',#4183,#3341,#3342);
#2882=AXIS2_PLACEMENT_3D('',#4187,#3345,#3346);
#2883=AXIS2_PLACEMENT_3D('',#4189,#3348,#3349);
#2884=AXIS2_PLACEMENT_3D('',#4191,#3350,#3351);
#2885=AXIS2_PLACEMENT_3D('',#4192,#3352,#3353);
#2886=AXIS2_PLACEMENT_3D('',#4196,#3356,#3357);
#2887=AXIS2_PLACEMENT_3D('',#4200,#3360,#3361);
#2888=AXIS2_PLACEMENT_3D('',#4202,#3363,#3364);
#2889=AXIS2_PLACEMENT_3D('',#4204,#3365,#3366);
#2890=AXIS2_PLACEMENT_3D('',#4205,#3367,#3368);
#2891=AXIS2_PLACEMENT_3D('',#4209,#3371,#3372);
#2892=AXIS2_PLACEMENT_3D('',#4213,#3375,#3376);
#2893=AXIS2_PLACEMENT_3D('',#4215,#3378,#3379);
#2894=AXIS2_PLACEMENT_3D('',#4217,#3380,#3381);
#2895=AXIS2_PLACEMENT_3D('',#4218,#3382,#3383);
#2896=AXIS2_PLACEMENT_3D('',#4224,#3387,#3388);
#2897=AXIS2_PLACEMENT_3D('',#4228,#3391,#3392);
#2898=AXIS2_PLACEMENT_3D('',#4232,#3395,#3396);
#2899=AXIS2_PLACEMENT_3D('',#4236,#3399,#3400);
#2900=AXIS2_PLACEMENT_3D('',#4240,#3403,#3404);
#2901=AXIS2_PLACEMENT_3D('',#4242,#3406,#3407);
#2902=AXIS2_PLACEMENT_3D('',#4244,#3408,#3409);
#2903=AXIS2_PLACEMENT_3D('',#4245,#3410,#3411);
#2904=AXIS2_PLACEMENT_3D('',#4249,#3414,#3415);
#2905=AXIS2_PLACEMENT_3D('',#4253,#3418,#3419);
#2906=AXIS2_PLACEMENT_3D('',#4257,#3422,#3423);
#2907=AXIS2_PLACEMENT_3D('',#4259,#3425,#3426);
#2908=AXIS2_PLACEMENT_3D('',#4261,#3427,#3428);
#2909=AXIS2_PLACEMENT_3D('',#4262,#3429,#3430);
#2910=AXIS2_PLACEMENT_3D('',#4268,#3434,#3435);
#2911=AXIS2_PLACEMENT_3D('',#4270,#3437,#3438);
#2912=AXIS2_PLACEMENT_3D('',#4274,#3441,#3442);
#2913=AXIS2_PLACEMENT_3D('',#4276,#3444,#3445);
#2914=AXIS2_PLACEMENT_3D('',#4278,#3446,#3447);
#2915=AXIS2_PLACEMENT_3D('',#4279,#3448,#3449);
#2916=AXIS2_PLACEMENT_3D('',#4283,#3452,#3453);
#2917=AXIS2_PLACEMENT_3D('',#4287,#3456,#3457);
#2918=AXIS2_PLACEMENT_3D('',#4291,#3460,#3461);
#2919=AXIS2_PLACEMENT_3D('',#4295,#3464,#3465);
#2920=AXIS2_PLACEMENT_3D('',#4297,#3467,#3468);
#2921=AXIS2_PLACEMENT_3D('',#4299,#3469,#3470);
#2922=AXIS2_PLACEMENT_3D('',#4300,#3471,#3472);
#2923=AXIS2_PLACEMENT_3D('',#4306,#3476,#3477);
#2924=AXIS2_PLACEMENT_3D('',#4310,#3480,#3481);
#2925=AXIS2_PLACEMENT_3D('',#4314,#3484,#3485);
#2926=AXIS2_PLACEMENT_3D('',#4318,#3488,#3489);
#2927=AXIS2_PLACEMENT_3D('',#4322,#3492,#3493);
#2928=AXIS2_PLACEMENT_3D('',#4324,#3495,#3496);
#2929=AXIS2_PLACEMENT_3D('',#4326,#3497,#3498);
#2930=AXIS2_PLACEMENT_3D('',#4327,#3499,#3500);
#2931=AXIS2_PLACEMENT_3D('',#4331,#3503,#3504);
#2932=AXIS2_PLACEMENT_3D('',#4335,#3507,#3508);
#2933=AXIS2_PLACEMENT_3D('',#4337,#3510,#3511);
#2934=AXIS2_PLACEMENT_3D('',#4339,#3512,#3513);
#2935=AXIS2_PLACEMENT_3D('',#4340,#3514,#3515);
#2936=AXIS2_PLACEMENT_3D('',#4346,#3519,#3520);
#2937=AXIS2_PLACEMENT_3D('',#4350,#3523,#3524);
#2938=AXIS2_PLACEMENT_3D('',#4354,#3527,#3528);
#2939=AXIS2_PLACEMENT_3D('',#4358,#3531,#3532);
#2940=AXIS2_PLACEMENT_3D('',#4362,#3535,#3536);
#2941=AXIS2_PLACEMENT_3D('',#4364,#3538,#3539);
#2942=AXIS2_PLACEMENT_3D('',#4366,#3540,#3541);
#2943=AXIS2_PLACEMENT_3D('',#4367,#3542,#3543);
#2944=AXIS2_PLACEMENT_3D('',#4373,#3547,#3548);
#2945=AXIS2_PLACEMENT_3D('',#4377,#3551,#3552);
#2946=AXIS2_PLACEMENT_3D('',#4381,#3555,#3556);
#2947=AXIS2_PLACEMENT_3D('',#4385,#3559,#3560);
#2948=AXIS2_PLACEMENT_3D('',#4389,#3563,#3564);
#2949=AXIS2_PLACEMENT_3D('',#4391,#3566,#3567);
#2950=AXIS2_PLACEMENT_3D('',#4393,#3568,#3569);
#2951=AXIS2_PLACEMENT_3D('',#4394,#3570,#3571);
#2952=AXIS2_PLACEMENT_3D('',#4400,#3575,#3576);
#2953=AXIS2_PLACEMENT_3D('',#4404,#3579,#3580);
#2954=AXIS2_PLACEMENT_3D('',#4408,#3583,#3584);
#2955=AXIS2_PLACEMENT_3D('',#4412,#3587,#3588);
#2956=AXIS2_PLACEMENT_3D('',#4416,#3591,#3592);
#2957=AXIS2_PLACEMENT_3D('',#4418,#3594,#3595);
#2958=AXIS2_PLACEMENT_3D('',#4420,#3596,#3597);
#2959=AXIS2_PLACEMENT_3D('',#4421,#3598,#3599);
#2960=AXIS2_PLACEMENT_3D('',#4427,#3603,#3604);
#2961=AXIS2_PLACEMENT_3D('',#4431,#3607,#3608);
#2962=AXIS2_PLACEMENT_3D('',#4435,#3611,#3612);
#2963=AXIS2_PLACEMENT_3D('',#4439,#3615,#3616);
#2964=AXIS2_PLACEMENT_3D('',#4443,#3619,#3620);
#2965=AXIS2_PLACEMENT_3D('',#4445,#3622,#3623);
#2966=AXIS2_PLACEMENT_3D('',#4447,#3624,#3625);
#2967=AXIS2_PLACEMENT_3D('',#4448,#3626,#3627);
#2968=AXIS2_PLACEMENT_3D('',#4450,#3628,#3629);
#2969=AXIS2_PLACEMENT_3D('',#4452,#3630,#3631);
#2970=AXIS2_PLACEMENT_3D('',#4453,#3632,#3633);
#2971=AXIS2_PLACEMENT_3D('',#4455,#3634,#3635);
#2972=AXIS2_PLACEMENT_3D('',#4457,#3637,#3638);
#2973=AXIS2_PLACEMENT_3D('',#4459,#3640,#3641);
#2974=AXIS2_PLACEMENT_3D('',#4461,#3642,#3643);
#2975=AXIS2_PLACEMENT_3D('',#4463,#3644,#3645);
#2976=AXIS2_PLACEMENT_3D('',#4464,#3646,#3647);
#2977=AXIS2_PLACEMENT_3D('',#4466,#3648,#3649);
#2978=AXIS2_PLACEMENT_3D('',#4468,#3651,#3652);
#2979=AXIS2_PLACEMENT_3D('',#4470,#3654,#3655);
#2980=AXIS2_PLACEMENT_3D('',#4472,#3656,#3657);
#2981=AXIS2_PLACEMENT_3D('',#4474,#3658,#3659);
#2982=AXIS2_PLACEMENT_3D('',#4475,#3660,#3661);
#2983=AXIS2_PLACEMENT_3D('',#4477,#3662,#3663);
#2984=AXIS2_PLACEMENT_3D('',#4479,#3665,#3666);
#2985=AXIS2_PLACEMENT_3D('',#4481,#3668,#3669);
#2986=AXIS2_PLACEMENT_3D('',#4483,#3670,#3671);
#2987=AXIS2_PLACEMENT_3D('',#4485,#3672,#3673);
#2988=AXIS2_PLACEMENT_3D('',#4486,#3674,#3675);
#2989=AXIS2_PLACEMENT_3D('',#4488,#3676,#3677);
#2990=AXIS2_PLACEMENT_3D('',#4490,#3679,#3680);
#2991=AXIS2_PLACEMENT_3D('',#4492,#3682,#3683);
#2992=AXIS2_PLACEMENT_3D('',#4494,#3684,#3685);
#2993=AXIS2_PLACEMENT_3D('',#4496,#3687,#3688);
#2994=AXIS2_PLACEMENT_3D('',#4498,#3689,#3690);
#2995=AXIS2_PLACEMENT_3D('',#4500,#3692,#3693);
#2996=AXIS2_PLACEMENT_3D('',#4502,#3694,#3695);
#2997=AXIS2_PLACEMENT_3D('',#4504,#3697,#3698);
#2998=AXIS2_PLACEMENT_3D('',#4506,#3699,#3700);
#2999=AXIS2_PLACEMENT_3D('',#4508,#3702,#3703);
#3000=AXIS2_PLACEMENT_3D('',#4510,#3704,#3705);
#3001=AXIS2_PLACEMENT_3D('',#4512,#3707,#3708);
#3002=AXIS2_PLACEMENT_3D('',#4514,#3709,#3710);
#3003=AXIS2_PLACEMENT_3D('',#4516,#3712,#3713);
#3004=AXIS2_PLACEMENT_3D('',#4518,#3714,#3715);
#3005=AXIS2_PLACEMENT_3D('',#4520,#3717,#3718);
#3006=AXIS2_PLACEMENT_3D('',#4522,#3719,#3720);
#3007=AXIS2_PLACEMENT_3D('',#4524,#3722,#3723);
#3008=AXIS2_PLACEMENT_3D('',#4526,#3724,#3725);
#3009=AXIS2_PLACEMENT_3D('',#4528,#3727,#3728);
#3010=AXIS2_PLACEMENT_3D('',#4529,#3729,#3730);
#3011=AXIS2_PLACEMENT_3D('',#4531,#3732,#3733);
#3012=AXIS2_PLACEMENT_3D('',#4532,#3734,#3735);
#3013=AXIS2_PLACEMENT_3D('',#4534,#3737,#3738);
#3014=AXIS2_PLACEMENT_3D('',#4535,#3739,#3740);
#3015=AXIS2_PLACEMENT_3D('',#4537,#3742,#3743);
#3016=AXIS2_PLACEMENT_3D('',#4538,#3744,#3745);
#3017=AXIS2_PLACEMENT_3D('',#4540,#3747,#3748);
#3018=DIRECTION('axis',(0.,0.,1.));
#3019=DIRECTION('refdir',(1.,0.,0.));
#3020=DIRECTION('center_axis',(0.707106781186545,1.77590649760587E-8,0.70710678118655));
#3021=DIRECTION('ref_axis',(0.70710678118655,0.,-0.707106781186545));
#3022=DIRECTION('center_axis',(0.707106781186545,1.77590649760587E-8,0.70710678118655));
#3023=DIRECTION('ref_axis',(0.70710678118655,0.,-0.707106781186545));
#3024=DIRECTION('',(-2.51151105442073E-8,1.,0.));
#3025=DIRECTION('center_axis',(0.707106781186545,1.77590649760587E-8,0.70710678118655));
#3026=DIRECTION('ref_axis',(0.70710678118655,0.,-0.707106781186545));
#3027=DIRECTION('',(2.51151105442073E-8,-1.,0.));
#3028=DIRECTION('center_axis',(1.,2.51151105442073E-8,0.));
#3029=DIRECTION('ref_axis',(2.51151105442073E-8,-1.,0.));
#3030=DIRECTION('',(0.,0.,-1.));
#3031=DIRECTION('',(2.51151105442073E-8,-1.,0.));
#3032=DIRECTION('',(0.,0.,-1.));
#3033=DIRECTION('center_axis',(3.65364687846268E-14,-0.707106781186547,
0.707106781186548));
#3034=DIRECTION('ref_axis',(1.,0.,-5.16703696764404E-14));
#3035=DIRECTION('center_axis',(3.65364687846268E-14,-0.707106781186547,
0.707106781186548));
#3036=DIRECTION('ref_axis',(0.,-0.707106781186548,-0.707106781186547));
#3037=DIRECTION('',(1.,5.16703696764405E-14,0.));
#3038=DIRECTION('center_axis',(3.65364687846268E-14,-0.707106781186547,
0.707106781186548));
#3039=DIRECTION('ref_axis',(0.,-0.707106781186548,-0.707106781186547));
#3040=DIRECTION('',(-1.,-5.16703696764405E-14,0.));
#3041=DIRECTION('center_axis',(5.16703696764405E-14,-1.,0.));
#3042=DIRECTION('ref_axis',(-1.,-5.16703696764405E-14,0.));
#3043=DIRECTION('',(0.,0.,-1.));
#3044=DIRECTION('',(-1.,-5.16703696764405E-14,0.));
#3045=DIRECTION('',(0.,0.,-1.));
#3046=DIRECTION('center_axis',(-0.707106781186547,1.96302038557361E-13,
0.707106781186548));
#3047=DIRECTION('ref_axis',(0.707106781186548,0.,0.707106781186547));
#3048=DIRECTION('center_axis',(-0.707106781186547,1.96302038557361E-13,
0.707106781186548));
#3049=DIRECTION('ref_axis',(0.707106781186548,0.,0.707106781186547));
#3050=DIRECTION('',(-2.77613005249306E-13,-1.,0.));
#3051=DIRECTION('center_axis',(-0.707106781186547,1.96302038557361E-13,
0.707106781186548));
#3052=DIRECTION('ref_axis',(0.707106781186548,0.,0.707106781186547));
#3053=DIRECTION('',(2.77613005249306E-13,1.,0.));
#3054=DIRECTION('center_axis',(-1.,2.77613005249306E-13,0.));
#3055=DIRECTION('ref_axis',(2.77613005249306E-13,1.,0.));
#3056=DIRECTION('',(0.,0.,-1.));
#3057=DIRECTION('',(0.,0.,-1.));
#3058=DIRECTION('',(-2.77613005249306E-13,-1.,0.));
#3059=DIRECTION('',(0.,0.,-1.));
#3060=DIRECTION('',(2.77613005249306E-13,1.,0.));
#3061=DIRECTION('',(0.,0.,-1.));
#3062=DIRECTION('',(-2.77613005249306E-13,-1.,0.));
#3063=DIRECTION('center_axis',(9.78125166828676E-14,0.707106781186547,0.707106781186548));
#3064=DIRECTION('ref_axis',(1.,0.,-1.38327787662756E-13));
#3065=DIRECTION('center_axis',(9.78125166828676E-14,0.707106781186547,0.707106781186548));
#3066=DIRECTION('ref_axis',(0.,-0.707106781186548,0.707106781186547));
#3067=DIRECTION('',(-1.,1.38327787662756E-13,0.));
#3068=DIRECTION('center_axis',(9.78125166828676E-14,0.707106781186547,0.707106781186548));
#3069=DIRECTION('ref_axis',(0.,-0.707106781186548,0.707106781186547));
#3070=DIRECTION('',(1.,-1.38327787662756E-13,0.));
#3071=DIRECTION('center_axis',(1.38327787662756E-13,1.,0.));
#3072=DIRECTION('ref_axis',(1.,-1.38327787662756E-13,0.));
#3073=DIRECTION('',(0.,0.,-1.));
#3074=DIRECTION('',(1.,-1.38327787662756E-13,0.));
#3075=DIRECTION('',(0.,0.,-1.));
#3076=DIRECTION('center_axis',(0.499999999999999,-0.866025403784439,0.));
#3077=DIRECTION('ref_axis',(-0.866025403784439,-0.499999999999999,0.));
#3078=DIRECTION('',(-0.866025403784439,-0.499999999999999,0.));
#3079=DIRECTION('',(0.,0.,1.));
#3080=DIRECTION('',(-0.866025403784439,-0.499999999999999,0.));
#3081=DIRECTION('',(0.,0.,-1.));
#3082=DIRECTION('center_axis',(0.500000000000001,0.866025403784438,0.));
#3083=DIRECTION('ref_axis',(0.866025403784438,-0.500000000000001,0.));
#3084=DIRECTION('',(0.866025403784438,-0.500000000000001,0.));
#3085=DIRECTION('',(0.,0.,-1.));
#3086=DIRECTION('',(0.866025403784438,-0.500000000000001,0.));
#3087=DIRECTION('',(0.,0.,-1.));
#3088=DIRECTION('center_axis',(-0.499999999999999,0.866025403784439,0.));
#3089=DIRECTION('ref_axis',(0.866025403784439,0.499999999999999,0.));
#3090=DIRECTION('',(0.866025403784439,0.499999999999999,0.));
#3091=DIRECTION('',(0.,0.,1.));
#3092=DIRECTION('',(0.866025403784439,0.499999999999999,0.));
#3093=DIRECTION('center_axis',(-0.499999999999999,0.866025403784439,0.));
#3094=DIRECTION('ref_axis',(0.866025403784439,0.499999999999999,0.));
#3095=DIRECTION('',(0.866025403784439,0.499999999999999,0.));
#3096=DIRECTION('',(0.,0.,-1.));
#3097=DIRECTION('',(0.866025403784439,0.499999999999999,0.));
#3098=DIRECTION('',(0.,0.,-1.));
#3099=DIRECTION('center_axis',(0.499999999999999,-0.866025403784439,0.));
#3100=DIRECTION('ref_axis',(-0.866025403784439,-0.499999999999999,0.));
#3101=DIRECTION('',(-0.866025403784439,-0.499999999999999,0.));
#3102=DIRECTION('',(0.,0.,1.));
#3103=DIRECTION('',(-0.866025403784439,-0.499999999999999,0.));
#3104=DIRECTION('',(0.,0.,-1.));
#3105=DIRECTION('center_axis',(0.,0.,-1.));
#3106=DIRECTION('ref_axis',(-1.,0.,0.));
#3107=DIRECTION('',(-3.12601621705349E-12,-1.,0.));
#3108=DIRECTION('',(-0.86602540378349,-0.500000000001644,0.));
#3109=DIRECTION('',(-0.866025403784439,0.5,0.));
#3110=DIRECTION('',(0.866025403784438,-0.5,0.));
#3111=DIRECTION('',(-3.12618791015049E-12,-1.,0.));
#3112=DIRECTION('',(3.43386193997065E-16,1.,0.));
#3113=DIRECTION('',(0.866025403784439,0.499999999999999,0.));
#3114=DIRECTION('',(0.866025403784438,-0.5,0.));
#3115=DIRECTION('',(1.05162021911601E-15,1.,0.));
#3116=DIRECTION('',(-0.86602540378349,-0.500000000001644,0.));
#3117=DIRECTION('',(-0.866025403784439,0.5,0.));
#3118=DIRECTION('',(3.43386193997065E-16,1.,0.));
#3119=DIRECTION('',(0.866025403784439,0.499999999999999,0.));
#3120=DIRECTION('',(0.866025403784438,-0.5,0.));
#3121=DIRECTION('',(1.05162021911601E-15,1.,0.));
#3122=DIRECTION('',(1.71693096998532E-16,1.,0.));
#3123=DIRECTION('',(0.866025403784439,0.499999999999999,0.));
#3124=DIRECTION('',(0.866025403784438,-0.5,0.));
#3125=DIRECTION('',(-3.12601621705349E-12,-1.,0.));
#3126=DIRECTION('',(-0.866025403783489,-0.500000000001644,0.));
#3127=DIRECTION('',(-0.866025403784439,0.5,0.));
#3128=DIRECTION('center_axis',(-0.500000000000001,-0.866025403784438,0.));
#3129=DIRECTION('ref_axis',(-0.866025403784438,0.500000000000001,0.));
#3130=DIRECTION('',(-0.866025403784438,0.500000000000001,0.));
#3131=DIRECTION('',(0.,0.,-1.));
#3132=DIRECTION('',(-0.866025403784438,0.500000000000001,0.));
#3133=DIRECTION('',(0.,0.,-1.));
#3134=DIRECTION('center_axis',(0.499999999999999,-0.866025403784439,0.));
#3135=DIRECTION('ref_axis',(-0.866025403784439,-0.499999999999999,0.));
#3136=DIRECTION('',(-0.866025403784439,-0.499999999999999,0.));
#3137=DIRECTION('',(0.,0.,1.));
#3138=DIRECTION('',(-0.866025403784439,-0.499999999999999,0.));
#3139=DIRECTION('center_axis',(0.499999999999999,-0.866025403784439,0.));
#3140=DIRECTION('ref_axis',(-0.866025403784439,-0.499999999999999,0.));
#3141=DIRECTION('',(-0.866025403784439,-0.499999999999999,0.));
#3142=DIRECTION('',(0.,0.,-1.));
#3143=DIRECTION('',(-0.866025403784439,-0.499999999999999,0.));
#3144=DIRECTION('',(0.,0.,-1.));
#3145=DIRECTION('center_axis',(-0.5,0.866025403784439,0.));
#3146=DIRECTION('ref_axis',(0.866025403784439,0.5,0.));
#3147=DIRECTION('',(0.866025403784439,0.5,0.));
#3148=DIRECTION('',(0.,0.,1.));
#3149=DIRECTION('',(0.866025403784439,0.5,0.));
#3150=DIRECTION('',(0.,0.,-1.));
#3151=DIRECTION('center_axis',(-0.5,0.866025403784439,0.));
#3152=DIRECTION('ref_axis',(0.866025403784439,0.5,0.));
#3153=DIRECTION('',(0.866025403784439,0.5,0.));
#3154=DIRECTION('',(0.,0.,1.));
#3155=DIRECTION('',(0.866025403784439,0.5,0.));
#3156=DIRECTION('',(0.,0.,-1.));
#3157=DIRECTION('center_axis',(0.,0.,-1.));
#3158=DIRECTION('ref_axis',(-1.,0.,0.));
#3159=DIRECTION('',(-0.866025403784439,0.5,0.));
#3160=DIRECTION('',(3.43386193997065E-16,1.,0.));
#3161=DIRECTION('',(-3.12618791015049E-12,-1.,0.));
#3162=DIRECTION('',(-0.866025403783489,-0.500000000001644,0.));
#3163=DIRECTION('',(-0.866025403784439,0.5,0.));
#3164=DIRECTION('',(-9.01388759242295E-16,-1.,0.));
#3165=DIRECTION('',(0.866025403784439,0.499999999999999,0.));
#3166=DIRECTION('',(0.866025403784438,-0.5,0.));
#3167=DIRECTION('',(-3.12618791015049E-12,-1.,0.));
#3168=DIRECTION('',(-0.86602540378349,-0.500000000001644,0.));
#3169=DIRECTION('',(-0.866025403784439,0.5,0.));
#3170=DIRECTION('',(-9.01388759242295E-16,-1.,0.));
#3171=DIRECTION('',(1.71693096998532E-16,1.,0.));
#3172=DIRECTION('',(0.866025403784439,0.499999999999999,0.));
#3173=DIRECTION('',(0.866025403784438,-0.5,0.));
#3174=DIRECTION('',(1.71693096998532E-16,1.,0.));
#3175=DIRECTION('',(0.866025403784439,0.499999999999999,0.));
#3176=DIRECTION('',(0.866025403784438,-0.5,0.));
#3177=DIRECTION('',(-3.12601621705349E-12,-1.,0.));
#3178=DIRECTION('',(-0.866025403783489,-0.500000000001644,0.));
#3179=DIRECTION('',(-0.866025403784439,0.5,0.));
#3180=DIRECTION('center_axis',(-0.5,-0.866025403784439,0.));
#3181=DIRECTION('ref_axis',(-0.866025403784438,0.5,0.));
#3182=DIRECTION('',(0.,0.,-1.));
#3183=DIRECTION('',(-0.866025403784439,0.5,0.));
#3184=DIRECTION('',(0.,0.,-1.));
#3185=DIRECTION('center_axis',(0.499999999999999,-0.866025403784439,0.));
#3186=DIRECTION('ref_axis',(-0.866025403784439,-0.499999999999999,0.));
#3187=DIRECTION('',(0.,0.,-1.));
#3188=DIRECTION('',(-0.866025403784439,-0.499999999999999,0.));
#3189=DIRECTION('center_axis',(1.,-1.71693096998532E-16,0.));
#3190=DIRECTION('ref_axis',(-1.71693096998532E-16,-1.,0.));
#3191=DIRECTION('',(0.,0.,-1.));
#3192=DIRECTION('',(-1.71693096998532E-16,-1.,0.));
#3193=DIRECTION('center_axis',(-1.,3.12618791015049E-12,0.));
#3194=DIRECTION('ref_axis',(3.12618791015049E-12,1.,0.));
#3195=DIRECTION('',(0.,0.,-1.));
#3196=DIRECTION('',(3.12618791015049E-12,1.,0.));
#3197=DIRECTION('',(0.,0.,-1.));
#3198=DIRECTION('',(3.12618791015049E-12,1.,0.));
#3199=DIRECTION('center_axis',(-0.5,-0.866025403784439,0.));
#3200=DIRECTION('ref_axis',(-0.866025403784438,0.5,0.));
#3201=DIRECTION('',(-0.866025403784438,0.5,0.));
#3202=DIRECTION('',(0.,0.,-1.));
#3203=DIRECTION('',(-0.866025403784439,0.5,0.));
#3204=DIRECTION('center_axis',(0.5,0.866025403784439,0.));
#3205=DIRECTION('ref_axis',(0.866025403784439,-0.5,0.));
#3206=DIRECTION('',(0.,0.,-1.));
#3207=DIRECTION('',(0.866025403784439,-0.5,0.));
#3208=DIRECTION('',(0.,0.,-1.));
#3209=DIRECTION('',(0.866025403784439,-0.5,0.));
#3210=DIRECTION('center_axis',(-0.500000000001644,0.86602540378349,0.));
#3211=DIRECTION('ref_axis',(0.86602540378349,0.500000000001644,0.));
#3212=DIRECTION('',(0.,0.,-1.));
#3213=DIRECTION('',(0.86602540378349,0.500000000001644,0.));
#3214=DIRECTION('center_axis',(-1.,3.12601621705349E-12,0.));
#3215=DIRECTION('ref_axis',(3.12601621705349E-12,1.,0.));
#3216=DIRECTION('',(3.12601621705349E-12,1.,0.));
#3217=DIRECTION('',(0.,0.,-1.));
#3218=DIRECTION('',(3.12601621705349E-12,1.,0.));
#3219=DIRECTION('center_axis',(-0.5,-0.866025403784439,0.));
#3220=DIRECTION('ref_axis',(-0.866025403784438,0.5,0.));
#3221=DIRECTION('',(0.,0.,-1.));
#3222=DIRECTION('',(-0.866025403784439,0.5,0.));
#3223=DIRECTION('',(0.,0.,-1.));
#3224=DIRECTION('center_axis',(0.499999999999999,-0.866025403784439,0.));
#3225=DIRECTION('ref_axis',(-0.866025403784439,-0.499999999999999,0.));
#3226=DIRECTION('',(0.,0.,-1.));
#3227=DIRECTION('',(-0.866025403784439,-0.499999999999999,0.));
#3228=DIRECTION('center_axis',(1.,-1.71693096998532E-16,0.));
#3229=DIRECTION('ref_axis',(-1.71693096998532E-16,-1.,0.));
#3230=DIRECTION('',(0.,0.,-1.));
#3231=DIRECTION('',(-1.71693096998532E-16,-1.,0.));
#3232=DIRECTION('center_axis',(0.499999999999999,-0.866025403784439,0.));
#3233=DIRECTION('ref_axis',(-0.866025403784439,-0.499999999999999,0.));
#3234=DIRECTION('',(0.,0.,-1.));
#3235=DIRECTION('',(-0.866025403784439,-0.499999999999999,0.));
#3236=DIRECTION('',(0.,0.,-1.));
#3237=DIRECTION('center_axis',(0.5,0.866025403784439,0.));
#3238=DIRECTION('ref_axis',(0.866025403784439,-0.5,0.));
#3239=DIRECTION('',(0.,0.,-1.));
#3240=DIRECTION('',(0.866025403784439,-0.5,0.));
#3241=DIRECTION('',(0.,0.,-1.));
#3242=DIRECTION('',(0.866025403784439,-0.5,0.));
#3243=DIRECTION('center_axis',(-0.500000000001644,0.866025403783489,0.));
#3244=DIRECTION('ref_axis',(0.866025403783489,0.500000000001644,0.));
#3245=DIRECTION('',(0.,0.,-1.));
#3246=DIRECTION('',(0.866025403783489,0.500000000001644,0.));
#3247=DIRECTION('center_axis',(-1.,3.12618791015049E-12,0.));
#3248=DIRECTION('ref_axis',(3.12618791015049E-12,1.,0.));
#3249=DIRECTION('',(3.12618791015049E-12,1.,0.));
#3250=DIRECTION('',(0.,0.,-1.));
#3251=DIRECTION('',(3.12618791015049E-12,1.,0.));
#3252=DIRECTION('center_axis',(1.,-3.43386193997065E-16,0.));
#3253=DIRECTION('ref_axis',(-3.43386193997065E-16,-1.,0.));
#3254=DIRECTION('',(0.,0.,-1.));
#3255=DIRECTION('',(-3.43386193997065E-16,-1.,0.));
#3256=DIRECTION('',(0.,0.,-1.));
#3257=DIRECTION('',(-3.43386193997065E-16,-1.,0.));
#3258=DIRECTION('center_axis',(0.,0.,1.));
#3259=DIRECTION('ref_axis',(1.,0.,0.));
#3260=DIRECTION('center_axis',(0.,0.,-1.));
#3261=DIRECTION('ref_axis',(1.,0.,0.));
#3262=DIRECTION('center_axis',(0.,0.,-1.));
#3263=DIRECTION('ref_axis',(1.,0.,0.));
#3264=DIRECTION('center_axis',(0.,0.,-1.));
#3265=DIRECTION('ref_axis',(1.,0.,0.));
#3266=DIRECTION('center_axis',(0.,0.,-1.));
#3267=DIRECTION('ref_axis',(1.,0.,0.));
#3268=DIRECTION('center_axis',(0.,0.,-1.));
#3269=DIRECTION('ref_axis',(1.,0.,0.));
#3270=DIRECTION('center_axis',(0.,0.,-1.));
#3271=DIRECTION('ref_axis',(1.,0.,0.));
#3272=DIRECTION('',(0.866025403783489,0.500000000001644,0.));
#3273=DIRECTION('',(0.866025403784439,-0.5,0.));
#3274=DIRECTION('',(-6.86772387994129E-16,-1.,0.));
#3275=DIRECTION('',(-0.866025403784439,-0.499999999999999,0.));
#3276=DIRECTION('',(-1.71693096998532E-16,-1.,0.));
#3277=DIRECTION('',(-9.01388759242295E-16,-1.,0.));
#3278=DIRECTION('',(-6.8677238799413E-16,-1.,0.));
#3279=DIRECTION('',(-0.866025403784439,-0.499999999999999,0.));
#3280=DIRECTION('',(-0.866025403784438,0.5,0.));
#3281=DIRECTION('',(-0.866025403784439,-0.499999999999999,0.));
#3282=DIRECTION('',(-0.866025403784438,0.5,0.));
#3283=DIRECTION('',(3.12618791015049E-12,1.,0.));
#3284=DIRECTION('',(0.866025403783489,0.500000000001644,0.));
#3285=DIRECTION('',(0.866025403784439,-0.5,0.));
#3286=DIRECTION('',(-0.866025403784438,0.5,0.));
#3287=DIRECTION('',(1.05162021911601E-15,1.,0.));
#3288=DIRECTION('',(-0.866025403784438,0.5,0.));
#3289=DIRECTION('',(3.12618791015049E-12,1.,0.));
#3290=DIRECTION('',(0.866025403783489,0.500000000001644,0.));
#3291=DIRECTION('',(0.866025403784439,-0.5,0.));
#3292=DIRECTION('',(-3.43386193997065E-16,-1.,0.));
#3293=DIRECTION('center_axis',(0.5,0.866025403784439,0.));
#3294=DIRECTION('ref_axis',(0.866025403784439,-0.5,0.));
#3295=DIRECTION('',(0.,0.,-1.));
#3296=DIRECTION('',(0.866025403784439,-0.5,0.));
#3297=DIRECTION('center_axis',(0.,0.,1.));
#3298=DIRECTION('ref_axis',(1.,0.,0.));
#3299=DIRECTION('',(-0.500000000000003,-0.866025403784437,0.));
#3300=DIRECTION('',(0.499999999999995,-0.866025403784442,0.));
#3301=DIRECTION('',(1.,-1.40008049208603E-12,0.));
#3302=DIRECTION('',(0.500000000000054,0.866025403784407,0.));
#3303=DIRECTION('',(-0.499999999999946,0.86602540378447,0.));
#3304=DIRECTION('',(-1.,1.37307718627723E-12,0.));
#3305=DIRECTION('center_axis',(0.,0.,1.));
#3306=DIRECTION('ref_axis',(-1.,0.,0.));
#3307=DIRECTION('center_axis',(0.,0.,1.));
#3308=DIRECTION('ref_axis',(1.,0.,0.));
#3309=DIRECTION('',(-0.500000000000003,-0.866025403784437,0.));
#3310=DIRECTION('',(0.499999999999995,-0.866025403784442,0.));
#3311=DIRECTION('',(1.,-1.40008049208603E-12,0.));
#3312=DIRECTION('',(0.500000000000054,0.866025403784407,0.));
#3313=DIRECTION('',(-0.499999999999946,0.86602540378447,0.));
#3314=DIRECTION('',(-1.,1.37307718627723E-12,0.));
#3315=DIRECTION('center_axis',(0.,0.,1.));
#3316=DIRECTION('ref_axis',(-1.,0.,0.));
#3317=DIRECTION('center_axis',(0.,0.,1.));
#3318=DIRECTION('ref_axis',(1.,0.,0.));
#3319=DIRECTION('',(0.499999999999995,-0.866025403784442,0.));
#3320=DIRECTION('',(1.,-1.40008049208603E-12,0.));
#3321=DIRECTION('',(0.500000000000054,0.866025403784407,0.));
#3322=DIRECTION('',(-0.499999999999946,0.86602540378447,0.));
#3323=DIRECTION('',(-1.,1.37307718627723E-12,0.));
#3324=DIRECTION('',(-0.500000000000003,-0.866025403784437,0.));
#3325=DIRECTION('center_axis',(0.,0.,1.));
#3326=DIRECTION('ref_axis',(-1.,0.,0.));
#3327=DIRECTION('center_axis',(0.,0.,1.));
#3328=DIRECTION('ref_axis',(1.,0.,0.));
#3329=DIRECTION('',(0.499999999999995,-0.866025403784442,0.));
#3330=DIRECTION('',(1.,-1.40008049208603E-12,0.));
#3331=DIRECTION('',(0.500000000000054,0.866025403784407,0.));
#3332=DIRECTION('',(-0.499999999999946,0.86602540378447,0.));
#3333=DIRECTION('',(-1.,1.37307718627723E-12,0.));
#3334=DIRECTION('',(-0.500000000000003,-0.866025403784437,0.));
#3335=DIRECTION('center_axis',(0.,0.,1.));
#3336=DIRECTION('ref_axis',(-1.,0.,0.));
#3337=DIRECTION('center_axis',(0.5,0.866025403784439,0.));
#3338=DIRECTION('ref_axis',(0.866025403784439,-0.5,0.));
#3339=DIRECTION('',(0.,0.,-1.));
#3340=DIRECTION('',(0.866025403784439,-0.5,0.));
#3341=DIRECTION('center_axis',(-0.500000000001644,0.86602540378349,0.));
#3342=DIRECTION('ref_axis',(0.866025403783489,0.500000000001644,0.));
#3343=DIRECTION('',(0.,0.,-1.));
#3344=DIRECTION('',(0.866025403783489,0.500000000001644,0.));
#3345=DIRECTION('center_axis',(-1.,3.12601621705349E-12,0.));
#3346=DIRECTION('ref_axis',(3.12601621705349E-12,1.,0.));
#3347=DIRECTION('',(3.12601621705349E-12,1.,0.));
#3348=DIRECTION('center_axis',(0.,0.,-1.));
#3349=DIRECTION('ref_axis',(-1.,0.,0.));
#3350=DIRECTION('center_axis',(0.,0.,1.));
#3351=DIRECTION('ref_axis',(1.,0.,0.));
#3352=DIRECTION('center_axis',(0.5,0.866025403784439,0.));
#3353=DIRECTION('ref_axis',(0.866025403784439,-0.5,0.));
#3354=DIRECTION('',(0.,0.,-1.));
#3355=DIRECTION('',(0.866025403784439,-0.5,0.));
#3356=DIRECTION('center_axis',(-0.500000000001644,0.86602540378349,0.));
#3357=DIRECTION('ref_axis',(0.866025403783489,0.500000000001644,0.));
#3358=DIRECTION('',(0.,0.,-1.));
#3359=DIRECTION('',(0.866025403783489,0.500000000001644,0.));
#3360=DIRECTION('center_axis',(-1.,3.12601621705349E-12,0.));
#3361=DIRECTION('ref_axis',(3.12601621705349E-12,1.,0.));
#3362=DIRECTION('',(3.12601621705349E-12,1.,0.));
#3363=DIRECTION('center_axis',(0.,0.,-1.));
#3364=DIRECTION('ref_axis',(-1.,0.,0.));
#3365=DIRECTION('center_axis',(0.,0.,1.));
#3366=DIRECTION('ref_axis',(1.,0.,0.));
#3367=DIRECTION('center_axis',(-0.5,-0.866025403784439,0.));
#3368=DIRECTION('ref_axis',(-0.866025403784438,0.5,0.));
#3369=DIRECTION('',(0.,0.,-1.));
#3370=DIRECTION('',(-0.866025403784439,0.5,0.));
#3371=DIRECTION('center_axis',(0.499999999999999,-0.866025403784439,0.));
#3372=DIRECTION('ref_axis',(-0.866025403784439,-0.499999999999999,0.));
#3373=DIRECTION('',(0.,0.,-1.));
#3374=DIRECTION('',(-0.866025403784439,-0.499999999999999,0.));
#3375=DIRECTION('center_axis',(1.,-6.8677238799413E-16,0.));
#3376=DIRECTION('ref_axis',(-6.8677238799413E-16,-1.,0.));
#3377=DIRECTION('',(-6.8677238799413E-16,-1.,0.));
#3378=DIRECTION('center_axis',(0.,0.,-1.));
#3379=DIRECTION('ref_axis',(-1.,0.,0.));
#3380=DIRECTION('center_axis',(0.,0.,1.));
#3381=DIRECTION('ref_axis',(1.,0.,0.));
#3382=DIRECTION('center_axis',(-0.5,-0.866025403784439,0.));
#3383=DIRECTION('ref_axis',(-0.866025403784438,0.5,0.));
#3384=DIRECTION('',(0.,0.,-1.));
#3385=DIRECTION('',(-0.866025403784439,0.5,0.));
#3386=DIRECTION('',(0.,0.,-1.));
#3387=DIRECTION('center_axis',(0.499999999999999,-0.866025403784439,0.));
#3388=DIRECTION('ref_axis',(-0.866025403784439,-0.499999999999999,0.));
#3389=DIRECTION('',(0.,0.,-1.));
#3390=DIRECTION('',(-0.866025403784439,-0.499999999999999,0.));
#3391=DIRECTION('center_axis',(1.,-3.43386193997065E-16,0.));
#3392=DIRECTION('ref_axis',(-3.43386193997065E-16,-1.,0.));
#3393=DIRECTION('',(0.,0.,-1.));
#3394=DIRECTION('',(-3.43386193997065E-16,-1.,0.));
#3395=DIRECTION('center_axis',(0.5,0.866025403784439,0.));
#3396=DIRECTION('ref_axis',(0.866025403784439,-0.5,0.));
#3397=DIRECTION('',(0.,0.,-1.));
#3398=DIRECTION('',(0.866025403784439,-0.5,0.));
#3399=DIRECTION('center_axis',(-0.500000000001644,0.86602540378349,0.));
#3400=DIRECTION('ref_axis',(0.866025403783489,0.500000000001644,0.));
#3401=DIRECTION('',(0.,0.,-1.));
#3402=DIRECTION('',(0.866025403783489,0.500000000001644,0.));
#3403=DIRECTION('center_axis',(-1.,3.12618791015049E-12,0.));
#3404=DIRECTION('ref_axis',(3.12618791015049E-12,1.,0.));
#3405=DIRECTION('',(3.12618791015049E-12,1.,0.));
#3406=DIRECTION('center_axis',(0.,0.,-1.));
#3407=DIRECTION('ref_axis',(-1.,0.,0.));
#3408=DIRECTION('center_axis',(0.,0.,1.));
#3409=DIRECTION('ref_axis',(1.,0.,0.));
#3410=DIRECTION('center_axis',(0.499999999999999,-0.866025403784439,0.));
#3411=DIRECTION('ref_axis',(-0.866025403784439,-0.499999999999999,0.));
#3412=DIRECTION('',(0.,0.,-1.));
#3413=DIRECTION('',(-0.866025403784439,-0.499999999999999,0.));
#3414=DIRECTION('center_axis',(1.,-6.86772387994129E-16,0.));
#3415=DIRECTION('ref_axis',(-6.86772387994129E-16,-1.,0.));
#3416=DIRECTION('',(0.,0.,-1.));
#3417=DIRECTION('',(-6.86772387994129E-16,-1.,0.));
#3418=DIRECTION('center_axis',(0.5,0.866025403784439,0.));
#3419=DIRECTION('ref_axis',(0.866025403784439,-0.5,0.));
#3420=DIRECTION('',(0.,0.,-1.));
#3421=DIRECTION('',(0.866025403784439,-0.5,0.));
#3422=DIRECTION('center_axis',(-0.500000000001644,0.866025403783489,0.));
#3423=DIRECTION('ref_axis',(0.866025403783489,0.500000000001644,0.));
#3424=DIRECTION('',(0.866025403783489,0.500000000001644,0.));
#3425=DIRECTION('center_axis',(0.,0.,-1.));
#3426=DIRECTION('ref_axis',(-1.,0.,0.));
#3427=DIRECTION('center_axis',(0.,0.,1.));
#3428=DIRECTION('ref_axis',(1.,0.,0.));
#3429=DIRECTION('center_axis',(-0.5,-0.866025403784439,0.));
#3430=DIRECTION('ref_axis',(-0.866025403784438,0.5,0.));
#3431=DIRECTION('',(0.,0.,-1.));
#3432=DIRECTION('',(-0.866025403784439,0.5,0.));
#3433=DIRECTION('',(0.,0.,-1.));
#3434=DIRECTION('center_axis',(0.499999999999999,-0.866025403784439,0.));
#3435=DIRECTION('ref_axis',(-0.866025403784439,-0.499999999999999,0.));
#3436=DIRECTION('',(-0.866025403784439,-0.499999999999999,0.));
#3437=DIRECTION('center_axis',(-0.500000000001644,0.86602540378349,0.));
#3438=DIRECTION('ref_axis',(0.866025403783489,0.500000000001644,0.));
#3439=DIRECTION('',(0.,0.,-1.));
#3440=DIRECTION('',(0.866025403783489,0.500000000001644,0.));
#3441=DIRECTION('center_axis',(-1.,3.12618791015049E-12,0.));
#3442=DIRECTION('ref_axis',(3.12618791015049E-12,1.,0.));
#3443=DIRECTION('',(3.12618791015049E-12,1.,0.));
#3444=DIRECTION('center_axis',(0.,0.,-1.));
#3445=DIRECTION('ref_axis',(-1.,0.,0.));
#3446=DIRECTION('center_axis',(0.,0.,1.));
#3447=DIRECTION('ref_axis',(1.,0.,0.));
#3448=DIRECTION('center_axis',(-0.5,-0.866025403784438,0.));
#3449=DIRECTION('ref_axis',(-0.866025403784438,0.5,0.));
#3450=DIRECTION('',(-0.866025403784438,0.5,0.));
#3451=DIRECTION('',(0.,0.,-1.));
#3452=DIRECTION('center_axis',(1.,-6.8677238799413E-16,0.));
#3453=DIRECTION('ref_axis',(-6.8677238799413E-16,-1.,0.));
#3454=DIRECTION('',(0.,0.,-1.));
#3455=DIRECTION('',(-6.8677238799413E-16,-1.,0.));
#3456=DIRECTION('center_axis',(0.5,0.866025403784439,0.));
#3457=DIRECTION('ref_axis',(0.866025403784439,-0.5,0.));
#3458=DIRECTION('',(0.,0.,-1.));
#3459=DIRECTION('',(0.866025403784439,-0.5,0.));
#3460=DIRECTION('center_axis',(-0.500000000001644,0.86602540378349,0.));
#3461=DIRECTION('ref_axis',(0.86602540378349,0.500000000001644,0.));
#3462=DIRECTION('',(0.,0.,-1.));
#3463=DIRECTION('',(0.86602540378349,0.500000000001644,0.));
#3464=DIRECTION('center_axis',(-1.,3.12618791015049E-12,0.));
#3465=DIRECTION('ref_axis',(3.12618791015049E-12,1.,0.));
#3466=DIRECTION('',(3.12618791015049E-12,1.,0.));
#3467=DIRECTION('center_axis',(0.,0.,-1.));
#3468=DIRECTION('ref_axis',(-1.,0.,0.));
#3469=DIRECTION('center_axis',(0.,0.,1.));
#3470=DIRECTION('ref_axis',(1.,0.,0.));
#3471=DIRECTION('center_axis',(-0.5,-0.866025403784438,0.));
#3472=DIRECTION('ref_axis',(-0.866025403784438,0.5,0.));
#3473=DIRECTION('',(0.,0.,-1.));
#3474=DIRECTION('',(-0.866025403784438,0.5,0.));
#3475=DIRECTION('',(0.,0.,-1.));
#3476=DIRECTION('center_axis',(0.499999999999999,-0.866025403784439,0.));
#3477=DIRECTION('ref_axis',(-0.866025403784439,-0.499999999999999,0.));
#3478=DIRECTION('',(0.,0.,-1.));
#3479=DIRECTION('',(-0.866025403784439,-0.499999999999999,0.));
#3480=DIRECTION('center_axis',(1.,-3.43386193997065E-16,0.));
#3481=DIRECTION('ref_axis',(-3.43386193997065E-16,-1.,0.));
#3482=DIRECTION('',(0.,0.,-1.));
#3483=DIRECTION('',(-3.43386193997065E-16,-1.,0.));
#3484=DIRECTION('center_axis',(0.5,0.866025403784439,0.));
#3485=DIRECTION('ref_axis',(0.866025403784439,-0.5,0.));
#3486=DIRECTION('',(0.,0.,-1.));
#3487=DIRECTION('',(0.866025403784439,-0.5,0.));
#3488=DIRECTION('center_axis',(-0.500000000001644,0.86602540378349,0.));
#3489=DIRECTION('ref_axis',(0.86602540378349,0.500000000001644,0.));
#3490=DIRECTION('',(0.,0.,-1.));
#3491=DIRECTION('',(0.86602540378349,0.500000000001644,0.));
#3492=DIRECTION('center_axis',(-1.,3.12618791015049E-12,0.));
#3493=DIRECTION('ref_axis',(3.12618791015049E-12,1.,0.));
#3494=DIRECTION('',(3.12618791015049E-12,1.,0.));
#3495=DIRECTION('center_axis',(0.,0.,-1.));
#3496=DIRECTION('ref_axis',(-1.,0.,0.));
#3497=DIRECTION('center_axis',(0.,0.,1.));
#3498=DIRECTION('ref_axis',(1.,0.,0.));
#3499=DIRECTION('center_axis',(-0.5,-0.866025403784438,0.));
#3500=DIRECTION('ref_axis',(-0.866025403784438,0.5,0.));
#3501=DIRECTION('',(0.,0.,-1.));
#3502=DIRECTION('',(-0.866025403784438,0.5,0.));
#3503=DIRECTION('center_axis',(0.499999999999999,-0.866025403784439,0.));
#3504=DIRECTION('ref_axis',(-0.866025403784439,-0.499999999999999,0.));
#3505=DIRECTION('',(0.,0.,-1.));
#3506=DIRECTION('',(-0.866025403784439,-0.499999999999999,0.));
#3507=DIRECTION('center_axis',(1.,-1.71693096998532E-16,0.));
#3508=DIRECTION('ref_axis',(-1.71693096998532E-16,-1.,0.));
#3509=DIRECTION('',(-1.71693096998532E-16,-1.,0.));
#3510=DIRECTION('center_axis',(0.,0.,1.));
#3511=DIRECTION('ref_axis',(1.,0.,0.));
#3512=DIRECTION('center_axis',(0.,0.,1.));
#3513=DIRECTION('ref_axis',(1.,0.,0.));
#3514=DIRECTION('center_axis',(-0.866025403784437,0.500000000000003,0.));
#3515=DIRECTION('ref_axis',(-0.500000000000003,-0.866025403784437,0.));
#3516=DIRECTION('',(0.,0.,1.));
#3517=DIRECTION('',(-0.500000000000003,-0.866025403784437,0.));
#3518=DIRECTION('',(0.,0.,-1.));
#3519=DIRECTION('center_axis',(-0.866025403784442,-0.499999999999995,0.));
#3520=DIRECTION('ref_axis',(0.499999999999995,-0.866025403784442,0.));
#3521=DIRECTION('',(0.499999999999995,-0.866025403784442,0.));
#3522=DIRECTION('',(0.,0.,-1.));
#3523=DIRECTION('center_axis',(-1.40008049208603E-12,-1.,0.));
#3524=DIRECTION('ref_axis',(1.,-1.40008049208603E-12,0.));
#3525=DIRECTION('',(1.,-1.40008049208603E-12,0.));
#3526=DIRECTION('',(0.,0.,-1.));
#3527=DIRECTION('center_axis',(0.866025403784407,-0.500000000000054,0.));
#3528=DIRECTION('ref_axis',(0.500000000000054,0.866025403784407,0.));
#3529=DIRECTION('',(0.500000000000054,0.866025403784407,0.));
#3530=DIRECTION('',(0.,0.,-1.));
#3531=DIRECTION('center_axis',(0.86602540378447,0.499999999999946,0.));
#3532=DIRECTION('ref_axis',(-0.499999999999946,0.86602540378447,0.));
#3533=DIRECTION('',(-0.499999999999946,0.86602540378447,0.));
#3534=DIRECTION('',(0.,0.,-1.));
#3535=DIRECTION('center_axis',(1.37307718627723E-12,1.,0.));
#3536=DIRECTION('ref_axis',(-1.,1.37307718627723E-12,0.));
#3537=DIRECTION('',(-1.,1.37307718627723E-12,0.));
#3538=DIRECTION('center_axis',(0.,0.,1.));
#3539=DIRECTION('ref_axis',(1.,0.,0.));
#3540=DIRECTION('center_axis',(0.,0.,1.));
#3541=DIRECTION('ref_axis',(1.,0.,0.));
#3542=DIRECTION('center_axis',(-0.866025403784442,-0.499999999999995,0.));
#3543=DIRECTION('ref_axis',(0.499999999999995,-0.866025403784442,0.));
#3544=DIRECTION('',(0.,0.,1.));
#3545=DIRECTION('',(0.499999999999995,-0.866025403784442,0.));
#3546=DIRECTION('',(0.,0.,-1.));
#3547=DIRECTION('center_axis',(-1.40008049208603E-12,-1.,0.));
#3548=DIRECTION('ref_axis',(1.,-1.40008049208603E-12,0.));
#3549=DIRECTION('',(1.,-1.40008049208603E-12,0.));
#3550=DIRECTION('',(0.,0.,-1.));
#3551=DIRECTION('center_axis',(0.866025403784407,-0.500000000000054,0.));
#3552=DIRECTION('ref_axis',(0.500000000000054,0.866025403784407,0.));
#3553=DIRECTION('',(0.500000000000054,0.866025403784407,0.));
#3554=DIRECTION('',(0.,0.,-1.));
#3555=DIRECTION('center_axis',(0.86602540378447,0.499999999999946,0.));
#3556=DIRECTION('ref_axis',(-0.499999999999946,0.86602540378447,0.));
#3557=DIRECTION('',(-0.499999999999946,0.86602540378447,0.));
#3558=DIRECTION('',(0.,0.,-1.));
#3559=DIRECTION('center_axis',(1.37307718627723E-12,1.,0.));
#3560=DIRECTION('ref_axis',(-1.,1.37307718627723E-12,0.));
#3561=DIRECTION('',(-1.,1.37307718627723E-12,0.));
#3562=DIRECTION('',(0.,0.,-1.));
#3563=DIRECTION('center_axis',(-0.866025403784437,0.500000000000003,0.));
#3564=DIRECTION('ref_axis',(-0.500000000000003,-0.866025403784437,0.));
#3565=DIRECTION('',(-0.500000000000003,-0.866025403784437,0.));
#3566=DIRECTION('center_axis',(0.,0.,1.));
#3567=DIRECTION('ref_axis',(1.,0.,0.));
#3568=DIRECTION('center_axis',(0.,0.,1.));
#3569=DIRECTION('ref_axis',(1.,0.,0.));
#3570=DIRECTION('center_axis',(-0.866025403784442,-0.499999999999995,0.));
#3571=DIRECTION('ref_axis',(0.499999999999995,-0.866025403784442,0.));
#3572=DIRECTION('',(0.,0.,1.));
#3573=DIRECTION('',(0.499999999999995,-0.866025403784442,0.));
#3574=DIRECTION('',(0.,0.,-1.));
#3575=DIRECTION('center_axis',(-1.40008049208603E-12,-1.,0.));
#3576=DIRECTION('ref_axis',(1.,-1.40008049208603E-12,0.));
#3577=DIRECTION('',(1.,-1.40008049208603E-12,0.));
#3578=DIRECTION('',(0.,0.,-1.));
#3579=DIRECTION('center_axis',(0.866025403784407,-0.500000000000054,0.));
#3580=DIRECTION('ref_axis',(0.500000000000054,0.866025403784407,0.));
#3581=DIRECTION('',(0.500000000000054,0.866025403784407,0.));
#3582=DIRECTION('',(0.,0.,-1.));
#3583=DIRECTION('center_axis',(0.86602540378447,0.499999999999946,0.));
#3584=DIRECTION('ref_axis',(-0.499999999999946,0.86602540378447,0.));
#3585=DIRECTION('',(-0.499999999999946,0.86602540378447,0.));
#3586=DIRECTION('',(0.,0.,-1.));
#3587=DIRECTION('center_axis',(1.37307718627723E-12,1.,0.));
#3588=DIRECTION('ref_axis',(-1.,1.37307718627723E-12,0.));
#3589=DIRECTION('',(-1.,1.37307718627723E-12,0.));
#3590=DIRECTION('',(0.,0.,-1.));
#3591=DIRECTION('center_axis',(-0.866025403784437,0.500000000000003,0.));
#3592=DIRECTION('ref_axis',(-0.500000000000003,-0.866025403784437,0.));
#3593=DIRECTION('',(-0.500000000000003,-0.866025403784437,0.));
#3594=DIRECTION('center_axis',(0.,0.,1.));
#3595=DIRECTION('ref_axis',(1.,0.,0.));
#3596=DIRECTION('center_axis',(0.,0.,1.));
#3597=DIRECTION('ref_axis',(1.,0.,0.));
#3598=DIRECTION('center_axis',(-0.866025403784437,0.500000000000003,0.));
#3599=DIRECTION('ref_axis',(-0.500000000000003,-0.866025403784437,0.));
#3600=DIRECTION('',(0.,0.,1.));
#3601=DIRECTION('',(-0.500000000000003,-0.866025403784437,0.));
#3602=DIRECTION('',(0.,0.,-1.));
#3603=DIRECTION('center_axis',(-0.866025403784442,-0.499999999999995,0.));
#3604=DIRECTION('ref_axis',(0.499999999999995,-0.866025403784442,0.));
#3605=DIRECTION('',(0.499999999999995,-0.866025403784442,0.));
#3606=DIRECTION('',(0.,0.,-1.));
#3607=DIRECTION('center_axis',(-1.40008049208603E-12,-1.,0.));
#3608=DIRECTION('ref_axis',(1.,-1.40008049208603E-12,0.));
#3609=DIRECTION('',(1.,-1.40008049208603E-12,0.));
#3610=DIRECTION('',(0.,0.,-1.));
#3611=DIRECTION('center_axis',(0.866025403784407,-0.500000000000054,0.));
#3612=DIRECTION('ref_axis',(0.500000000000054,0.866025403784407,0.));
#3613=DIRECTION('',(0.500000000000054,0.866025403784407,0.));
#3614=DIRECTION('',(0.,0.,-1.));
#3615=DIRECTION('center_axis',(0.86602540378447,0.499999999999946,0.));
#3616=DIRECTION('ref_axis',(-0.499999999999946,0.86602540378447,0.));
#3617=DIRECTION('',(-0.499999999999946,0.86602540378447,0.));
#3618=DIRECTION('',(0.,0.,-1.));
#3619=DIRECTION('center_axis',(1.37307718627723E-12,1.,0.));
#3620=DIRECTION('ref_axis',(-1.,1.37307718627723E-12,0.));
#3621=DIRECTION('',(-1.,1.37307718627723E-12,0.));
#3622=DIRECTION('center_axis',(0.,0.,1.));
#3623=DIRECTION('ref_axis',(1.,0.,0.));
#3624=DIRECTION('center_axis',(0.,0.,1.));
#3625=DIRECTION('ref_axis',(1.,0.,0.));
#3626=DIRECTION('center_axis',(0.,0.,1.));
#3627=DIRECTION('ref_axis',(-1.,0.,0.));
#3628=DIRECTION('center_axis',(0.,0.,1.));
#3629=DIRECTION('ref_axis',(-1.,0.,0.));
#3630=DIRECTION('center_axis',(0.,0.,1.));
#3631=DIRECTION('ref_axis',(-1.,0.,0.));
#3632=DIRECTION('center_axis',(0.,0.,1.));
#3633=DIRECTION('ref_axis',(-1.,0.,0.));
#3634=DIRECTION('center_axis',(0.,0.,1.));
#3635=DIRECTION('ref_axis',(-1.,0.,0.));
#3636=DIRECTION('',(0.,0.,1.));
#3637=DIRECTION('center_axis',(0.,0.,1.));
#3638=DIRECTION('ref_axis',(-1.,0.,0.));
#3639=DIRECTION('',(0.,0.,1.));
#3640=DIRECTION('center_axis',(0.,0.,1.));
#3641=DIRECTION('ref_axis',(-1.,0.,0.));
#3642=DIRECTION('center_axis',(0.,0.,1.));
#3643=DIRECTION('ref_axis',(-1.,0.,0.));
#3644=DIRECTION('center_axis',(0.,0.,1.));
#3645=DIRECTION('ref_axis',(-1.,0.,0.));
#3646=DIRECTION('center_axis',(0.,0.,1.));
#3647=DIRECTION('ref_axis',(-1.,0.,0.));
#3648=DIRECTION('center_axis',(0.,0.,1.));
#3649=DIRECTION('ref_axis',(-1.,0.,0.));
#3650=DIRECTION('',(0.,0.,1.));
#3651=DIRECTION('center_axis',(0.,0.,1.));
#3652=DIRECTION('ref_axis',(-1.,0.,0.));
#3653=DIRECTION('',(0.,0.,1.));
#3654=DIRECTION('center_axis',(0.,0.,1.));
#3655=DIRECTION('ref_axis',(-1.,0.,0.));
#3656=DIRECTION('center_axis',(0.,0.,1.));
#3657=DIRECTION('ref_axis',(-1.,0.,0.));
#3658=DIRECTION('center_axis',(0.,0.,1.));
#3659=DIRECTION('ref_axis',(-1.,0.,0.));
#3660=DIRECTION('center_axis',(0.,0.,1.));
#3661=DIRECTION('ref_axis',(-1.,0.,0.));
#3662=DIRECTION('center_axis',(0.,0.,1.));
#3663=DIRECTION('ref_axis',(-1.,0.,0.));
#3664=DIRECTION('',(0.,0.,1.));
#3665=DIRECTION('center_axis',(0.,0.,1.));
#3666=DIRECTION('ref_axis',(-1.,0.,0.));
#3667=DIRECTION('',(0.,0.,1.));
#3668=DIRECTION('center_axis',(0.,0.,1.));
#3669=DIRECTION('ref_axis',(-1.,0.,0.));
#3670=DIRECTION('center_axis',(0.,0.,1.));
#3671=DIRECTION('ref_axis',(-1.,0.,0.));
#3672=DIRECTION('center_axis',(0.,0.,1.));
#3673=DIRECTION('ref_axis',(-1.,0.,0.));
#3674=DIRECTION('center_axis',(0.,0.,1.));
#3675=DIRECTION('ref_axis',(-1.,0.,0.));
#3676=DIRECTION('center_axis',(0.,0.,1.));
#3677=DIRECTION('ref_axis',(-1.,0.,0.));
#3678=DIRECTION('',(0.,0.,1.));
#3679=DIRECTION('center_axis',(0.,0.,1.));
#3680=DIRECTION('ref_axis',(-1.,0.,0.));
#3681=DIRECTION('',(0.,0.,1.));
#3682=DIRECTION('center_axis',(0.,0.,-1.));
#3683=DIRECTION('ref_axis',(1.,0.,0.));
#3684=DIRECTION('center_axis',(0.,0.,1.));
#3685=DIRECTION('ref_axis',(1.,0.,0.));
#3686=DIRECTION('',(0.,0.,1.));
#3687=DIRECTION('center_axis',(0.,0.,-1.));
#3688=DIRECTION('ref_axis',(1.,0.,0.));
#3689=DIRECTION('center_axis',(0.,0.,1.));
#3690=DIRECTION('ref_axis',(1.,0.,0.));
#3691=DIRECTION('',(0.,0.,1.));
#3692=DIRECTION('center_axis',(0.,0.,-1.));
#3693=DIRECTION('ref_axis',(1.,0.,0.));
#3694=DIRECTION('center_axis',(0.,0.,1.));
#3695=DIRECTION('ref_axis',(1.,0.,0.));
#3696=DIRECTION('',(0.,0.,1.));
#3697=DIRECTION('center_axis',(0.,0.,-1.));
#3698=DIRECTION('ref_axis',(1.,0.,0.));
#3699=DIRECTION('center_axis',(0.,0.,1.));
#3700=DIRECTION('ref_axis',(1.,0.,0.));
#3701=DIRECTION('',(0.,0.,1.));
#3702=DIRECTION('center_axis',(0.,0.,-1.));
#3703=DIRECTION('ref_axis',(1.,0.,0.));
#3704=DIRECTION('center_axis',(0.,0.,1.));
#3705=DIRECTION('ref_axis',(1.,0.,0.));
#3706=DIRECTION('',(0.,0.,1.));
#3707=DIRECTION('center_axis',(0.,0.,-1.));
#3708=DIRECTION('ref_axis',(1.,0.,0.));
#3709=DIRECTION('center_axis',(0.,0.,1.));
#3710=DIRECTION('ref_axis',(1.,0.,0.));
#3711=DIRECTION('',(0.,0.,1.));
#3712=DIRECTION('center_axis',(0.,0.,-1.));
#3713=DIRECTION('ref_axis',(1.,0.,0.));
#3714=DIRECTION('center_axis',(0.,0.,1.));
#3715=DIRECTION('ref_axis',(1.,0.,0.));
#3716=DIRECTION('',(0.,0.,1.));
#3717=DIRECTION('center_axis',(0.,0.,-1.));
#3718=DIRECTION('ref_axis',(1.,0.,0.));
#3719=DIRECTION('center_axis',(0.,0.,1.));
#3720=DIRECTION('ref_axis',(1.,0.,0.));
#3721=DIRECTION('',(0.,0.,1.));
#3722=DIRECTION('center_axis',(0.,0.,-1.));
#3723=DIRECTION('ref_axis',(1.,0.,0.));
#3724=DIRECTION('center_axis',(0.,0.,1.));
#3725=DIRECTION('ref_axis',(1.,0.,0.));
#3726=DIRECTION('',(0.,0.,1.));
#3727=DIRECTION('center_axis',(0.,0.,-1.));
#3728=DIRECTION('ref_axis',(1.,0.,0.));
#3729=DIRECTION('center_axis',(0.,0.,-1.));
#3730=DIRECTION('ref_axis',(1.,0.,0.));
#3731=DIRECTION('',(0.,0.,1.));
#3732=DIRECTION('center_axis',(0.,0.,-1.));
#3733=DIRECTION('ref_axis',(1.,0.,0.));
#3734=DIRECTION('center_axis',(0.,0.,-1.));
#3735=DIRECTION('ref_axis',(1.,0.,0.));
#3736=DIRECTION('',(0.,0.,1.));
#3737=DIRECTION('center_axis',(0.,0.,-1.));
#3738=DIRECTION('ref_axis',(1.,0.,0.));
#3739=DIRECTION('center_axis',(0.,0.,-1.));
#3740=DIRECTION('ref_axis',(1.,0.,0.));
#3741=DIRECTION('',(0.,0.,1.));
#3742=DIRECTION('center_axis',(0.,0.,-1.));
#3743=DIRECTION('ref_axis',(1.,0.,0.));
#3744=DIRECTION('center_axis',(0.,0.,-1.));
#3745=DIRECTION('ref_axis',(1.,0.,0.));
#3746=DIRECTION('',(0.,0.,1.));
#3747=DIRECTION('center_axis',(0.,0.,1.));
#3748=DIRECTION('ref_axis',(1.,0.,0.));
#3749=CARTESIAN_POINT('',(0.,0.,0.));
#3750=CARTESIAN_POINT('Origin',(21.9999958599837,6.99877765345938,-0.5));
#3751=CARTESIAN_POINT('',(21.499996320922,-11.3542458617633,0.));
#3752=CARTESIAN_POINT('',(22.4999963873548,-13.9993805225068,-1.));
#3753=CARTESIAN_POINT('Origin',(18.4999964349199,-13.9999973020894,2.99999995245037));
#3754=CARTESIAN_POINT('',(22.4999956842088,13.9975520690278,-1.));
#3755=CARTESIAN_POINT('',(22.4999958599837,6.99877766601694,-1.));
#3756=CARTESIAN_POINT('',(21.4999957505956,11.3542506108954,0.));
#3757=CARTESIAN_POINT('Origin',(18.4999964349199,14.0000026979106,2.99999924922728));
#3758=CARTESIAN_POINT('',(21.4999958599837,6.99877764090183,0.));
#3759=CARTESIAN_POINT('Origin',(22.4999956842088,13.9975520690278,0.));
#3760=CARTESIAN_POINT('',(22.4999963873548,-13.9993805225068,-6.));
#3761=CARTESIAN_POINT('',(22.4999963873548,-13.9993805225068,0.));
#3762=CARTESIAN_POINT('',(22.4999956842088,13.9975520690278,-6.));
#3763=CARTESIAN_POINT('',(22.4999963873548,-13.9993805225068,-6.));
#3764=CARTESIAN_POINT('',(22.4999956842088,13.9975520690278,0.));
#3765=CARTESIAN_POINT('Origin',(9.24999814602177,-17.4999973020844,-0.5));
#3766=CARTESIAN_POINT('',(-15.8542522540113,-16.9999973020856,0.));
#3767=CARTESIAN_POINT('',(-18.500008943754,-17.9999973020858,-1.));
#3768=CARTESIAN_POINT('Origin',(-18.5000035650801,-13.9999973020894,2.99999999999641));
#3769=CARTESIAN_POINT('',(18.4999982243043,-17.9999973020839,-1.));
#3770=CARTESIAN_POINT('',(9.2499981460218,-17.9999973020844,-1.));
#3771=CARTESIAN_POINT('',(15.8542451238492,-16.999997302084,0.));
#3772=CARTESIAN_POINT('Origin',(18.4999964349199,-13.9999973020894,2.9999999999945));
#3773=CARTESIAN_POINT('',(9.24999814602174,-16.9999973020844,0.));
#3774=CARTESIAN_POINT('Origin',(18.4999982243043,-17.9999973020839,0.));
#3775=CARTESIAN_POINT('',(-18.500008943754,-17.9999973020858,-6.));
#3776=CARTESIAN_POINT('',(-18.500008943754,-17.9999973020858,0.));
#3777=CARTESIAN_POINT('',(18.4999982243043,-17.9999973020839,-6.));
#3778=CARTESIAN_POINT('',(-18.500008943754,-17.9999973020858,-6.));
#3779=CARTESIAN_POINT('',(18.4999982243043,-17.9999973020839,0.));
#3780=CARTESIAN_POINT('Origin',(-22.0000002994412,-7.00255294244927,-0.5));
#3781=CARTESIAN_POINT('',(-21.5000002994361,11.3542476839584,0.));
#3782=CARTESIAN_POINT('',(-22.5000002994354,14.0000026979117,-1.));
#3783=CARTESIAN_POINT('Origin',(-18.5000035650801,14.0000026979106,2.99999673435525));
#3784=CARTESIAN_POINT('',(-22.5000002994431,-13.9999973020883,-1.));
#3785=CARTESIAN_POINT('',(-22.5000002994412,-7.00255294244913,-1.));
#3786=CARTESIAN_POINT('',(-21.5000002994424,-11.3542422881443,0.));
#3787=CARTESIAN_POINT('Origin',(-18.5000035650801,-13.9999973020894,2.99999673436302));
#3788=CARTESIAN_POINT('',(-21.5000002994412,-7.00255294244941,0.));
#3789=CARTESIAN_POINT('Origin',(-22.5000002994431,-14.0051085828207,0.));
#3790=CARTESIAN_POINT('',(-22.5000035650801,-13.9999973020894,0.));
#3791=CARTESIAN_POINT('',(-22.5000002994431,-13.9999973020883,0.));
#3792=CARTESIAN_POINT('',(-22.5000035650801,14.0000026979106,0.));
#3793=CARTESIAN_POINT('',(-22.5000002994354,14.0000026979117,0.));
#3794=CARTESIAN_POINT('',(-22.5000002994354,14.0051139839913,0.));
#3795=CARTESIAN_POINT('',(-22.5000002994354,14.0051139839913,0.));
#3796=CARTESIAN_POINT('',(-22.5000002994354,14.0051139839913,-6.));
#3797=CARTESIAN_POINT('',(-22.5000002994354,14.0051139839913,0.));
#3798=CARTESIAN_POINT('',(-22.5000002994431,-14.0051085828207,-6.));
#3799=CARTESIAN_POINT('',(-22.5000002994354,14.0051139839913,-6.));
#3800=CARTESIAN_POINT('',(-22.5000002994431,-14.0051085828207,0.));
#3801=CARTESIAN_POINT('',(-22.5000002994431,-14.0051085828207,0.));
#3802=CARTESIAN_POINT('',(-22.5000002994354,14.0051139839913,0.));
#3803=CARTESIAN_POINT('Origin',(-9.25000096612963,17.50000269792,-0.5));
#3804=CARTESIAN_POINT('',(15.854245123862,17.0000026979165,0.));
#3805=CARTESIAN_POINT('',(18.5,18.0000026979162,-1.));
#3806=CARTESIAN_POINT('Origin',(18.4999964349199,14.0000026979106,3.00000000000553));
#3807=CARTESIAN_POINT('',(-18.5,18.0000026979213,-1.));
#3808=CARTESIAN_POINT('',(-9.25000096612956,18.00000269792,-1.));
#3809=CARTESIAN_POINT('',(-15.8542522540272,17.0000026979209,0.));
#3810=CARTESIAN_POINT('Origin',(-18.5000035650801,14.0000026979106,3.00000000001065));
#3811=CARTESIAN_POINT('',(-9.2500009661297,17.00000269792,0.));
#3812=CARTESIAN_POINT('Origin',(-18.5,18.0000026979213,0.));
#3813=CARTESIAN_POINT('',(18.5,18.0000026979162,-6.));
#3814=CARTESIAN_POINT('',(18.5,18.0000026979162,0.));
#3815=CARTESIAN_POINT('',(-18.5,18.0000026979213,-6.));
#3816=CARTESIAN_POINT('',(18.5,18.0000026979162,-6.));
#3817=CARTESIAN_POINT('',(-18.5,18.0000026979213,0.));
#3818=CARTESIAN_POINT('Origin',(9.12820323027552,7.27017059221717,0.));
#3819=CARTESIAN_POINT('',(9.12820323027552,7.27017059221717,0.));
#3820=CARTESIAN_POINT('',(1.06794919243113,2.61658075373095,0.));
#3821=CARTESIAN_POINT('',(4.13108877276342,4.38508521500119,0.));
#3822=CARTESIAN_POINT('',(9.12820323027552,7.27017059221717,-1.));
#3823=CARTESIAN_POINT('',(9.12820323027552,7.27017059221717,0.));
#3824=CARTESIAN_POINT('',(1.06794919243113,2.61658075373095,-1.));
#3825=CARTESIAN_POINT('',(-12.8,-5.3900834456272,-1.));
#3826=CARTESIAN_POINT('',(1.06794919243112,2.61658075373095,0.));
#3827=CARTESIAN_POINT('Origin',(1.33226762955019E-14,14.7801668912544,0.));
#3828=CARTESIAN_POINT('',(1.22124532708767E-14,14.7801668912544,0.));
#3829=CARTESIAN_POINT('',(7.200000000007,10.6232449530851,0.));
#3830=CARTESIAN_POINT('',(3.19999869128592,12.932646785434,0.));
#3831=CARTESIAN_POINT('',(1.22124532708767E-14,14.7801668912544,-1.));
#3832=CARTESIAN_POINT('',(1.22124532708767E-14,14.7801668912544,0.));
#3833=CARTESIAN_POINT('',(7.200000000007,10.6232449530851,-1.));
#3834=CARTESIAN_POINT('',(12.8,7.3900834456272,-1.));
#3835=CARTESIAN_POINT('',(7.200000000007,10.6232449530851,0.));
#3836=CARTESIAN_POINT('Origin',(-7.2,10.6232449530891,0.));
#3837=CARTESIAN_POINT('',(-7.2,10.6232449530891,0.));
#3838=CARTESIAN_POINT('',(-6.80000014048212,10.8541849796576,0.));
#3839=CARTESIAN_POINT('',(-7.2,10.6232449530891,-1.));
#3840=CARTESIAN_POINT('',(-7.2,10.6232449530891,0.));
#3841=CARTESIAN_POINT('',(1.22124532708767E-14,14.7801668912544,-1.));
#3842=CARTESIAN_POINT('Origin',(-12.8,7.39008344562722,0.));
#3843=CARTESIAN_POINT('',(-12.8,7.39008344562722,0.));
#3844=CARTESIAN_POINT('',(-11.9397459621556,7.88675134594813,0.));
#3845=CARTESIAN_POINT('',(-9.60000014048212,9.23760422592663,0.));
#3846=CARTESIAN_POINT('',(-12.8,7.39008344562722,-1.));
#3847=CARTESIAN_POINT('',(-12.8,7.39008344562722,0.));
#3848=CARTESIAN_POINT('',(-11.9397459621556,7.88675134594813,-1.));
#3849=CARTESIAN_POINT('',(1.22124532708767E-14,14.7801668912544,-1.));
#3850=CARTESIAN_POINT('',(-11.9397459621556,7.88675134594813,0.));
#3851=CARTESIAN_POINT('Origin',(-2.79999999999375,0.383419246272663,0.));
#3852=CARTESIAN_POINT('',(-2.79999999999375,0.383419246272663,0.));
#3853=CARTESIAN_POINT('',(-12.8,-5.3900834456272,0.));
#3854=CARTESIAN_POINT('',(-1.83301284237122,0.94170954202894,0.));
#3855=CARTESIAN_POINT('',(-2.79999999999375,0.383419246272663,-1.));
#3856=CARTESIAN_POINT('',(-2.79999999999375,0.383419246272662,0.));
#3857=CARTESIAN_POINT('',(-12.8,-5.39008344562719,-1.));
#3858=CARTESIAN_POINT('',(-12.8,-5.3900834456272,-1.));
#3859=CARTESIAN_POINT('',(-12.8,-5.3900834456272,0.));
#3860=CARTESIAN_POINT('Origin',(-1.83589838486224,4.69504172281361,-1.));
#3861=CARTESIAN_POINT('',(-2.79999999998989,1.6165807537297,-1.));
#3862=CARTESIAN_POINT('',(-2.79999999999014,1.53923048454284,-1.));
#3863=CARTESIAN_POINT('',(5.55111512312578E-16,3.2331615074619,-1.));
#3864=CARTESIAN_POINT('',(-1.77195554336997,2.21012249750071,-1.));
#3865=CARTESIAN_POINT('',(-1.00496824526945,3.81338019439525,-1.));
#3866=CARTESIAN_POINT('',(7.2,8.38341924626905,-1.));
#3867=CARTESIAN_POINT('',(6.01009526419165,9.07041106579801,-1.));
#3868=CARTESIAN_POINT('',(7.19999999999423,6.53923048452721,-1.));
#3869=CARTESIAN_POINT('',(-7.2,8.38341924626904,-1.));
#3870=CARTESIAN_POINT('',(-7.2,8.15581123827228,-1.));
#3871=CARTESIAN_POINT('',(-10.,6.7668384925381,-1.));
#3872=CARTESIAN_POINT('',(-5.98701905283832,9.08373412263473,-1.));
#3873=CARTESIAN_POINT('',(-6.48990473580836,4.74028404687582,-1.));
#3874=CARTESIAN_POINT('',(-12.8,1.6165807537297,-1.));
#3875=CARTESIAN_POINT('',(-12.8,7.39008344562722,-1.));
#3876=CARTESIAN_POINT('',(-10.,3.2331615074619,-1.));
#3877=CARTESIAN_POINT('',(-8.02195554337819,4.37518600696656,-1.));
#3878=CARTESIAN_POINT('',(-7.2,1.61658075373095,-1.));
#3879=CARTESIAN_POINT('',(-7.25496824526945,1.64831668493415,-1.));
#3880=CARTESIAN_POINT('',(-7.2,-1.61658075373095,-1.));
#3881=CARTESIAN_POINT('',(-7.2,3.15581123827228,-1.));
#3882=CARTESIAN_POINT('',(-10.,-3.2331615074619,-1.));
#3883=CARTESIAN_POINT('',(-3.82195554337723,0.33373412263472,-1.));
#3884=CARTESIAN_POINT('',(-12.8,-1.61658075373095,-1.));
#3885=CARTESIAN_POINT('',(-8.65496824526945,-4.00971595312418,-1.));
#3886=CARTESIAN_POINT('',(-12.8,7.39008344562722,-1.));
#3887=CARTESIAN_POINT('',(2.8,8.38341924626904,-1.));
#3888=CARTESIAN_POINT('',(2.8,11.616580753731,-1.));
#3889=CARTESIAN_POINT('',(2.8,8.15581123827228,-1.));
#3890=CARTESIAN_POINT('',(-2.22044604925031E-15,6.7668384925381,-1.));
#3891=CARTESIAN_POINT('',(0.262980947161672,6.91867061317363,-1.));
#3892=CARTESIAN_POINT('',(-2.8,8.38341924626905,-1.));
#3893=CARTESIAN_POINT('',(-0.239904735808356,6.90534755633692,-1.));
#3894=CARTESIAN_POINT('',(-2.79999999998989,11.6165807537297,-1.));
#3895=CARTESIAN_POINT('',(-2.80000000000576,6.53923048454284,-1.));
#3896=CARTESIAN_POINT('',(5.55111512312578E-16,13.2331615074619,-1.));
#3897=CARTESIAN_POINT('',(-3.93701905283582,10.9601224974925,-1.));
#3898=CARTESIAN_POINT('',(1.16009526419165,12.5633801943952,-1.));
#3899=CARTESIAN_POINT('Origin',(-1.77635683940025E-14,-14.7801668912544,
0.));
#3900=CARTESIAN_POINT('',(-1.77635683940025E-14,-14.7801668912544,0.));
#3901=CARTESIAN_POINT('',(-7.2,-10.6232449530891,0.));
#3902=CARTESIAN_POINT('',(-3.2000013087141,-12.9326452742612,0.));
#3903=CARTESIAN_POINT('',(-1.77635683940025E-14,-14.7801668912544,-1.));
#3904=CARTESIAN_POINT('',(-1.77635683940025E-14,-14.7801668912544,0.));
#3905=CARTESIAN_POINT('',(-7.2,-10.6232449530891,-1.));
#3906=CARTESIAN_POINT('',(-12.8,-7.39008344562719,-1.));
#3907=CARTESIAN_POINT('',(-7.2,-10.6232449530891,0.));
#3908=CARTESIAN_POINT('Origin',(7.20000000000311,-10.6232449530873,0.));
#3909=CARTESIAN_POINT('',(7.20000000000311,-10.6232449530873,0.));
#3910=CARTESIAN_POINT('',(6.79999985951942,-10.8541851418715,0.));
#3911=CARTESIAN_POINT('',(7.20000000000311,-10.6232449530873,-1.));
#3912=CARTESIAN_POINT('',(7.20000000000311,-10.6232449530873,0.));
#3913=CARTESIAN_POINT('',(-1.77635683940025E-14,-14.7801668912544,-1.));
#3914=CARTESIAN_POINT('Origin',(12.8,-7.39008344562723,0.));
#3915=CARTESIAN_POINT('',(12.8,-7.39008344562723,0.));
#3916=CARTESIAN_POINT('',(11.9397459621556,-7.88675134594813,0.));
#3917=CARTESIAN_POINT('',(9.59999985951786,-9.23760438814142,0.));
#3918=CARTESIAN_POINT('',(12.8,-7.39008344562723,-1.));
#3919=CARTESIAN_POINT('',(12.8,-7.39008344562723,0.));
#3920=CARTESIAN_POINT('',(11.9397459621556,-7.88675134594813,-1.));
#3921=CARTESIAN_POINT('',(-1.77635683940025E-14,-14.7801668912544,-1.));
#3922=CARTESIAN_POINT('',(11.9397459621556,-7.88675134594813,0.));
#3923=CARTESIAN_POINT('Origin',(2.8,-0.383419246269037,0.));
#3924=CARTESIAN_POINT('',(2.8,-0.383419246269037,0.));
#3925=CARTESIAN_POINT('',(12.8,5.39008344562722,0.));
#3926=CARTESIAN_POINT('',(1.83301256141009,-0.941709704241906,0.));
#3927=CARTESIAN_POINT('',(2.8,-0.383419246269037,-1.));
#3928=CARTESIAN_POINT('',(2.8,-0.383419246269036,0.));
#3929=CARTESIAN_POINT('',(12.8,5.39008344562722,-1.));
#3930=CARTESIAN_POINT('',(-11.0679491924311,-8.39008344562719,-1.));
#3931=CARTESIAN_POINT('',(12.8,5.39008344562722,0.));
#3932=CARTESIAN_POINT('Origin',(-9.12820323027553,-7.27017059221717,0.));
#3933=CARTESIAN_POINT('',(-9.12820323027553,-7.27017059221717,0.));
#3934=CARTESIAN_POINT('',(-1.06794919243114,-2.61658075373095,0.));
#3935=CARTESIAN_POINT('',(-4.13108905372767,-4.38508537721597,0.));
#3936=CARTESIAN_POINT('',(-9.12820323027552,-7.27017059221717,-1.));
#3937=CARTESIAN_POINT('',(-9.12820323027553,-7.27017059221717,0.));
#3938=CARTESIAN_POINT('',(-1.06794919243114,-2.61658075373095,-1.));
#3939=CARTESIAN_POINT('',(-11.0679491924311,-8.39008344562719,-1.));
#3940=CARTESIAN_POINT('',(-1.06794919243114,-2.61658075373095,0.));
#3941=CARTESIAN_POINT('Origin',(1.83589838486224,-4.6950417228136,-1.));
#3942=CARTESIAN_POINT('',(-7.2,-8.38341924626905,-1.));
#3943=CARTESIAN_POINT('',(-6.01009526419165,-9.07041106579801,-1.));
#3944=CARTESIAN_POINT('',(-7.2,-6.53923048454132,-1.));
#3945=CARTESIAN_POINT('',(7.20000000001011,-8.3834192462703,-1.));
#3946=CARTESIAN_POINT('',(7.20000000001082,-8.15581123828066,-1.));
#3947=CARTESIAN_POINT('',(10.,-6.7668384925381,-1.));
#3948=CARTESIAN_POINT('',(5.98701905285107,-9.08373412263752,-1.));
#3949=CARTESIAN_POINT('',(6.48990473580835,-4.74028404687582,-1.));
#3950=CARTESIAN_POINT('',(12.8,-1.61658075373096,-1.));
#3951=CARTESIAN_POINT('',(12.8,-7.39008344562723,-1.));
#3952=CARTESIAN_POINT('',(10.,-3.2331615074619,-1.));
#3953=CARTESIAN_POINT('',(8.02195554337723,-4.37518600696211,-1.));
#3954=CARTESIAN_POINT('',(7.2,-1.61658075373095,-1.));
#3955=CARTESIAN_POINT('',(7.25496824526945,-1.64831668493415,-1.));
#3956=CARTESIAN_POINT('',(7.20000000001011,1.6165807537297,-1.));
#3957=CARTESIAN_POINT('',(7.19999999999519,-3.15581123828066,-1.));
#3958=CARTESIAN_POINT('',(10.,3.2331615074619,-1.));
#3959=CARTESIAN_POINT('',(3.82195554338523,-0.333734122645744,-1.));
#3960=CARTESIAN_POINT('',(12.8,1.61658075373095,-1.));
#3961=CARTESIAN_POINT('',(8.65496824526945,4.00971595312418,-1.));
#3962=CARTESIAN_POINT('',(12.8,-7.39008344562723,-1.));
#3963=CARTESIAN_POINT('',(2.8,-1.61658075373096,-1.));
#3964=CARTESIAN_POINT('',(2.8,-1.53923048454132,-1.));
#3965=CARTESIAN_POINT('',(-2.22044604925031E-15,-3.2331615074619,-1.));
#3966=CARTESIAN_POINT('',(1.77195554337723,-2.21012249750101,-1.));
#3967=CARTESIAN_POINT('',(1.00496824526945,-3.81338019439525,-1.));
#3968=CARTESIAN_POINT('',(2.8,-11.616580753731,-1.));
#3969=CARTESIAN_POINT('',(2.8,-8.38341924626905,-1.));
#3970=CARTESIAN_POINT('',(2.8,-6.53923048454132,-1.));
#3971=CARTESIAN_POINT('',(-2.22044604925031E-15,-13.2331615074619,-1.));
#3972=CARTESIAN_POINT('',(3.93701905283833,-10.960122497501,-1.));
#3973=CARTESIAN_POINT('',(-2.8,-11.616580753731,-1.));
#3974=CARTESIAN_POINT('',(-1.16009526419165,-12.5633801943952,-1.));
#3975=CARTESIAN_POINT('',(-2.79999999998989,-8.3834192462703,-1.));
#3976=CARTESIAN_POINT('',(-2.79999999998918,-8.15581123826503,-1.));
#3977=CARTESIAN_POINT('',(5.55111512312578E-16,-6.7668384925381,-1.));
#3978=CARTESIAN_POINT('',(-0.262980947157145,-6.91867061317168,-1.));
#3979=CARTESIAN_POINT('',(0.239904735808351,-6.90534755633691,-1.));
#3980=CARTESIAN_POINT('Origin',(-2.22044604925031E-15,6.7668384925381,0.));
#3981=CARTESIAN_POINT('',(-2.22044604925031E-15,6.7668384925381,-3.));
#3982=CARTESIAN_POINT('',(-1.95156391047391E-15,6.7668384925381,0.));
#3983=CARTESIAN_POINT('',(-2.8,8.38341924626905,-3.));
#3984=CARTESIAN_POINT('',(-2.8,8.38341924626905,-3.));
#3985=CARTESIAN_POINT('',(-2.8,8.38341924626905,0.));
#3986=CARTESIAN_POINT('Origin',(2.8,8.38341924626904,0.));
#3987=CARTESIAN_POINT('',(2.8,8.38341924626904,-3.));
#3988=CARTESIAN_POINT('',(2.8,8.38341924626904,0.));
#3989=CARTESIAN_POINT('',(-1.95156391047391E-15,6.7668384925381,-3.));
#3990=CARTESIAN_POINT('Origin',(2.8,11.616580753731,0.));
#3991=CARTESIAN_POINT('',(2.8,11.616580753731,-3.));
#3992=CARTESIAN_POINT('',(2.8,11.616580753731,0.));
#3993=CARTESIAN_POINT('',(2.8,8.38341924626904,-3.));
#3994=CARTESIAN_POINT('Origin',(7.2,8.38341924626905,0.));
#3995=CARTESIAN_POINT('',(7.2,8.38341924626905,-3.));
#3996=CARTESIAN_POINT('',(7.2,8.38341924626905,0.));
#3997=CARTESIAN_POINT('',(7.20000000001011,11.6165807537297,-3.));
#3998=CARTESIAN_POINT('',(7.20000000001011,11.6165807537297,-3.));
#3999=CARTESIAN_POINT('',(7.20000000001011,11.6165807537297,0.));
#4000=CARTESIAN_POINT('',(7.20000000001011,11.6165807537297,0.));
#4001=CARTESIAN_POINT('',(7.1999999999869,4.19171097208135,0.));
#4002=CARTESIAN_POINT('Origin',(10.,6.7668384925381,0.));
#4003=CARTESIAN_POINT('',(10.,6.7668384925381,0.));
#4004=CARTESIAN_POINT('',(7.71506220074701,8.08604794601836,0.));
#4005=CARTESIAN_POINT('',(10.,6.7668384925381,-3.));
#4006=CARTESIAN_POINT('',(10.,6.7668384925381,0.));
#4007=CARTESIAN_POINT('',(7.2,8.38341924626905,-3.));
#4008=CARTESIAN_POINT('Origin',(5.55111512312578E-16,3.2331615074619,0.));
#4009=CARTESIAN_POINT('',(8.32667268468867E-16,3.2331615074619,-3.));
#4010=CARTESIAN_POINT('',(7.35253304342965E-16,3.2331615074619,0.));
#4011=CARTESIAN_POINT('',(2.8,1.61658075373095,-3.));
#4012=CARTESIAN_POINT('',(2.8,1.61658075373095,-3.));
#4013=CARTESIAN_POINT('',(2.8,1.61658075373095,0.));
#4014=CARTESIAN_POINT('',(2.8,1.61658075373095,0.));
#4015=CARTESIAN_POINT('',(0.699998691285912,2.8290170746156,0.));
#4016=CARTESIAN_POINT('Origin',(-2.79999999998989,1.6165807537297,0.));
#4017=CARTESIAN_POINT('',(-2.79999999998989,1.6165807537297,-3.));
#4018=CARTESIAN_POINT('',(-2.79999999998989,1.6165807537297,0.));
#4019=CARTESIAN_POINT('',(7.35253304342965E-16,3.2331615074619,-3.));
#4020=CARTESIAN_POINT('Origin',(-2.8,-1.61658075373095,0.));
#4021=CARTESIAN_POINT('',(-2.8,-1.61658075373095,0.));
#4022=CARTESIAN_POINT('',(-2.79999999999747,-0.808289027903023,0.));
#4023=CARTESIAN_POINT('',(-2.8,-1.61658075373095,-3.));
#4024=CARTESIAN_POINT('',(-2.8,-1.61658075373095,0.));
#4025=CARTESIAN_POINT('',(-2.79999999998989,1.6165807537297,-3.));
#4026=CARTESIAN_POINT('Origin',(-2.22044604925031E-15,-13.2331615074619,
0.));
#4027=CARTESIAN_POINT('',(-2.22044604925031E-15,-13.2331615074619,-3.));
#4028=CARTESIAN_POINT('',(-1.95156391047391E-15,-13.2331615074619,0.));
#4029=CARTESIAN_POINT('',(-2.8,-11.616580753731,-3.));
#4030=CARTESIAN_POINT('',(-2.8,-11.616580753731,-3.));
#4031=CARTESIAN_POINT('',(-2.8,-11.616580753731,0.));
#4032=CARTESIAN_POINT('Origin',(2.8,-11.616580753731,0.));
#4033=CARTESIAN_POINT('',(2.8,-11.616580753731,-3.));
#4034=CARTESIAN_POINT('',(2.8,-11.616580753731,0.));
#4035=CARTESIAN_POINT('',(-1.95156391047391E-15,-13.2331615074619,-3.));
#4036=CARTESIAN_POINT('Origin',(2.8,-8.38341924626905,0.));
#4037=CARTESIAN_POINT('',(2.8,-8.38341924626905,-3.));
#4038=CARTESIAN_POINT('',(2.8,-8.38341924626905,0.));
#4039=CARTESIAN_POINT('',(2.8,-11.616580753731,-3.));
#4040=CARTESIAN_POINT('Origin',(12.8,-1.61658075373096,0.));
#4041=CARTESIAN_POINT('',(12.8,-1.61658075373095,-3.));
#4042=CARTESIAN_POINT('',(12.8,-1.61658075373095,0.));
#4043=CARTESIAN_POINT('',(10.,-3.2331615074619,-3.));
#4044=CARTESIAN_POINT('',(10.,-3.2331615074619,-3.));
#4045=CARTESIAN_POINT('',(10.,-3.2331615074619,0.));
#4046=CARTESIAN_POINT('Origin',(10.,-6.7668384925381,0.));
#4047=CARTESIAN_POINT('',(10.,-6.7668384925381,-3.));
#4048=CARTESIAN_POINT('',(10.,-6.7668384925381,0.));
#4049=CARTESIAN_POINT('',(12.8,-8.38341924626905,-3.));
#4050=CARTESIAN_POINT('',(12.8,-8.38341924626905,-3.));
#4051=CARTESIAN_POINT('',(12.8,-8.38341924626905,0.));
#4052=CARTESIAN_POINT('',(12.8,-8.38341924626905,0.));
#4053=CARTESIAN_POINT('',(4.78493518182481,-3.75591941592331,0.));
#4054=CARTESIAN_POINT('Origin',(7.20000000001011,-8.3834192462703,0.));
#4055=CARTESIAN_POINT('',(7.20000000001011,-8.3834192462703,-3.));
#4056=CARTESIAN_POINT('',(7.20000000001011,-8.3834192462703,0.));
#4057=CARTESIAN_POINT('',(10.,-6.7668384925381,-3.));
#4058=CARTESIAN_POINT('Origin',(7.2,-11.616580753731,0.));
#4059=CARTESIAN_POINT('',(7.2,-11.616580753731,0.));
#4060=CARTESIAN_POINT('',(7.20000000001816,-5.80828902791865,0.));
#4061=CARTESIAN_POINT('',(7.2,-11.616580753731,-3.));
#4062=CARTESIAN_POINT('',(7.2,-11.616580753731,0.));
#4063=CARTESIAN_POINT('',(7.20000000001011,-8.3834192462703,-3.));
#4064=CARTESIAN_POINT('Origin',(-7.2,-8.38341924626905,0.));
#4065=CARTESIAN_POINT('',(-7.2,-8.38341924626905,-3.));
#4066=CARTESIAN_POINT('',(-7.2,-8.38341924626905,0.));
#4067=CARTESIAN_POINT('',(-7.2,-11.616580753731,-3.));
#4068=CARTESIAN_POINT('',(-7.2,-11.616580753731,-3.));
#4069=CARTESIAN_POINT('',(-7.2,-11.616580753731,0.));
#4070=CARTESIAN_POINT('',(-7.2,-11.616580753731,0.));
#4071=CARTESIAN_POINT('',(-7.2,-4.19170827417645,0.));
#4072=CARTESIAN_POINT('Origin',(-1.9322616173767E-6,2.6979161527052E-6,
0.));
#4073=CARTESIAN_POINT('',(14.4999964349199,14.0000026979106,0.));
#4074=CARTESIAN_POINT('Origin',(18.4999964349199,14.0000026979106,0.));
#4075=CARTESIAN_POINT('Origin',(18.4999964349199,14.0000026979106,0.));
#4076=CARTESIAN_POINT('Origin',(-18.5000035650801,14.0000026979106,0.));
#4077=CARTESIAN_POINT('Origin',(-18.5000035650801,-13.9999973020894,0.));
#4078=CARTESIAN_POINT('',(14.4999964349199,-13.9999973020894,0.));
#4079=CARTESIAN_POINT('Origin',(18.4999964349199,-13.9999973020894,0.));
#4080=CARTESIAN_POINT('Origin',(18.4999964349199,-13.9999973020894,0.));
#4081=CARTESIAN_POINT('',(10.,13.2331615074619,0.));
#4082=CARTESIAN_POINT('',(1.98493635006377,8.60566235157895,0.));
#4083=CARTESIAN_POINT('',(12.8,11.616580753731,0.));
#4084=CARTESIAN_POINT('',(9.11506220074701,13.7440805840767,0.));
#4085=CARTESIAN_POINT('',(12.8,8.38341924626904,0.));
#4086=CARTESIAN_POINT('',(12.8,5.80829172582355,0.));
#4087=CARTESIAN_POINT('',(6.18493635005677,4.56421046726783,0.));
#4088=CARTESIAN_POINT('',(2.8,0.808291725823552,0.));
#4089=CARTESIAN_POINT('',(12.8,-0.808289027907407,0.));
#4090=CARTESIAN_POINT('',(12.8,-11.616580753731,0.));
#4091=CARTESIAN_POINT('',(12.8,-4.19170827417645,0.));
#4092=CARTESIAN_POINT('',(10.,-13.2331615074619,0.));
#4093=CARTESIAN_POINT('',(10.515063368979,-12.9357895327322,0.));
#4094=CARTESIAN_POINT('',(3.38493518182481,-9.41395205398164,0.));
#4095=CARTESIAN_POINT('',(-10.,-13.2331615074619,0.));
#4096=CARTESIAN_POINT('',(-1.98493663102103,-8.60566251380999,0.));
#4097=CARTESIAN_POINT('',(-12.8,-11.616580753731,0.));
#4098=CARTESIAN_POINT('',(-9.11506481817519,-13.7440790729038,0.));
#4099=CARTESIAN_POINT('',(-12.7999999999899,-8.3834192462703,0.));
#4100=CARTESIAN_POINT('',(-12.7999999999818,-5.80828902788739,0.));
#4101=CARTESIAN_POINT('',(-10.,-6.7668384925381,0.));
#4102=CARTESIAN_POINT('',(-6.18493663102098,-4.56421062947293,0.));
#4103=CARTESIAN_POINT('',(-7.71506481817519,-8.0860464348455,0.));
#4104=CARTESIAN_POINT('',(-0.700001308714089,-2.82901556344274,0.));
#4105=CARTESIAN_POINT('',(-12.8,0.808291725822933,0.));
#4106=CARTESIAN_POINT('',(-12.8,8.38341924626905,0.));
#4107=CARTESIAN_POINT('',(-4.78493779925299,3.75592092709617,0.));
#4108=CARTESIAN_POINT('',(-12.7999999999899,11.6165807537297,0.));
#4109=CARTESIAN_POINT('',(-12.8000000000131,4.19171097211261,0.));
#4110=CARTESIAN_POINT('',(-10.,13.2331615074619,0.));
#4111=CARTESIAN_POINT('',(-10.5150636499527,12.9357893705106,0.));
#4112=CARTESIAN_POINT('',(-7.2,11.616580753731,0.));
#4113=CARTESIAN_POINT('',(-3.38493779925299,9.4139535651545,0.));
#4114=CARTESIAN_POINT('',(-7.2,5.80829172582355,0.));
#4115=CARTESIAN_POINT('Origin',(-10.,-6.7668384925381,0.));
#4116=CARTESIAN_POINT('',(-10.,-6.7668384925381,-3.));
#4117=CARTESIAN_POINT('',(-10.,-6.7668384925381,0.));
#4118=CARTESIAN_POINT('',(-7.2,-8.38341924626905,-3.));
#4119=CARTESIAN_POINT('Origin',(-1.9322616173767E-6,2.6979161527052E-6,
-1.5));
#4120=CARTESIAN_POINT('',(21.2135427001112,14.0000026979088,-1.5));
#4121=CARTESIAN_POINT('',(19.8567695675154,11.6500026979085,-1.5));
#4122=CARTESIAN_POINT('',(15.5307607078206,4.15713555892409,-1.5));
#4123=CARTESIAN_POINT('',(19.8567695675157,16.3500026979086,-1.5));
#4124=CARTESIAN_POINT('',(20.9145519680108,14.5178698368989,-1.5));
#4125=CARTESIAN_POINT('',(17.1432233023244,16.3500026979124,-1.5));
#4126=CARTESIAN_POINT('',(8.57161068504283,16.3500026979244,-1.5));
#4127=CARTESIAN_POINT('',(15.7864501697286,14.0000026979124,-1.5));
#4128=CARTESIAN_POINT('',(10.7820547437344,5.33213555892652,-1.5));
#4129=CARTESIAN_POINT('',(17.1432233023241,11.6500026979123,-1.5));
#4130=CARTESIAN_POINT('',(17.5226191365225,10.9928698369006,-1.5));
#4131=CARTESIAN_POINT('',(9.92838381763491,11.6500026979222,-1.5));
#4132=CARTESIAN_POINT('',(19.7436451247857,14.0185969120713,-1.5));
#4133=CARTESIAN_POINT('Origin',(18.4936451247857,14.0185969120713,-1.5));
#4134=CARTESIAN_POINT('Origin',(-1.9322616173767E-6,2.6979161527052E-6,
-1.5));
#4135=CARTESIAN_POINT('',(-15.7864572998888,-13.9999973020912,-1.5));
#4136=CARTESIAN_POINT('',(-17.1432304324846,-16.3499973020915,-1.5));
#4137=CARTESIAN_POINT('',(-10.7820614656882,-5.33212945606987,-1.5));
#4138=CARTESIAN_POINT('',(-17.1432304324843,-11.6499973020914,-1.5));
#4139=CARTESIAN_POINT('',(-17.5226258584803,-10.9928651481071,-1.5));
#4140=CARTESIAN_POINT('',(-19.8567766976756,-11.6499973020876,-1.5));
#4141=CARTESIAN_POINT('',(-9.92838931497678,-11.6499973021015,-1.5));
#4142=CARTESIAN_POINT('',(-21.2135498302714,-13.9999973020876,-1.5));
#4143=CARTESIAN_POINT('',(-15.5307674297731,-4.1571294560676,-1.5));
#4144=CARTESIAN_POINT('',(-19.8567766976759,-16.3499973020877,-1.5));
#4145=CARTESIAN_POINT('',(-20.9145586899691,-14.5178651481042,-1.5));
#4146=CARTESIAN_POINT('',(-8.57161618238432,-16.3499973021032,-1.5));
#4147=CARTESIAN_POINT('',(-17.25,-14.,-1.5));
#4148=CARTESIAN_POINT('Origin',(-18.5,-14.,-1.5));
#4149=CARTESIAN_POINT('Origin',(-1.9322616173767E-6,2.6979161527052E-6,
-1.5));
#4150=CARTESIAN_POINT('',(-17.1432304324843,16.3500026979086,-1.5));
#4151=CARTESIAN_POINT('',(-15.7864572998888,14.0000026979088,-1.5));
#4152=CARTESIAN_POINT('',(-11.4604480319893,6.50713485189287,-1.5));
#4153=CARTESIAN_POINT('',(-19.8567766976756,16.3500026979124,-1.5));
#4154=CARTESIAN_POINT('',(-9.92838931495717,16.3500026978985,-1.5));
#4155=CARTESIAN_POINT('',(-21.2135498302714,14.0000026979124,-1.5));
#4156=CARTESIAN_POINT('',(-21.5929452562646,13.3428705439332,-1.5));
#4157=CARTESIAN_POINT('',(-19.8567766976759,11.6500026979123,-1.5));
#4158=CARTESIAN_POINT('',(-14.8523808634785,2.98213485189507,-1.5));
#4159=CARTESIAN_POINT('',(-17.1432304324846,11.6500026979085,-1.5));
#4160=CARTESIAN_POINT('',(-8.5716161823651,11.6500026978968,-1.5));
#4161=CARTESIAN_POINT('',(-16.8442392921793,12.1678705439302,-1.5));
#4162=CARTESIAN_POINT('',(-17.2563510684763,14.0018130330232,-1.5));
#4163=CARTESIAN_POINT('Origin',(-18.5063510684763,14.0018130330232,-1.5));
#4164=CARTESIAN_POINT('Origin',(-1.9322616173767E-6,2.6979161527052E-6,
-1.5));
#4165=CARTESIAN_POINT('',(19.8567695675157,-11.6499973020914,-1.5));
#4166=CARTESIAN_POINT('',(21.2135427001112,-13.9999973020912,-1.5));
#4167=CARTESIAN_POINT('',(14.8523741415198,-2.98213016310105,-1.5));
#4168=CARTESIAN_POINT('',(17.1432233023244,-11.6499973020876,-1.5));
#4169=CARTESIAN_POINT('',(8.57161068502323,-11.6499973020756,-1.5));
#4170=CARTESIAN_POINT('',(15.7864501697286,-13.9999973020876,-1.5));
#4171=CARTESIAN_POINT('',(16.8442325702259,-12.1678644410742,-1.5));
#4172=CARTESIAN_POINT('',(17.1432233023241,-16.3499973020877,-1.5));
#4173=CARTESIAN_POINT('',(11.4604413100319,-6.50713016309869,-1.5));
#4174=CARTESIAN_POINT('',(19.8567695675154,-16.3499973020915,-1.5));
#4175=CARTESIAN_POINT('',(9.92838381761568,-16.3499973020778,-1.5));
#4176=CARTESIAN_POINT('',(21.5929385343117,-13.342864441076,-1.5));
#4177=CARTESIAN_POINT('',(19.75,-14.,-1.5));
#4178=CARTESIAN_POINT('Origin',(18.5,-14.,-1.5));
#4179=CARTESIAN_POINT('Origin',(5.55111512312578E-16,13.2331615074619,0.));
#4180=CARTESIAN_POINT('',(5.55111512312578E-16,13.2331615074619,-3.));
#4181=CARTESIAN_POINT('',(5.55111512312578E-16,13.2331615074619,0.));
#4182=CARTESIAN_POINT('',(2.8,11.616580753731,-3.));
#4183=CARTESIAN_POINT('Origin',(-2.79999999998989,11.6165807537297,0.));
#4184=CARTESIAN_POINT('',(-2.79999999998989,11.6165807537297,-3.));
#4185=CARTESIAN_POINT('',(-2.79999999998989,11.6165807537297,0.));
#4186=CARTESIAN_POINT('',(7.35253304342965E-16,13.2331615074619,-3.));
#4187=CARTESIAN_POINT('Origin',(-2.8,8.38341924626905,0.));
#4188=CARTESIAN_POINT('',(-2.79999999998989,11.6165807537297,-3.));
#4189=CARTESIAN_POINT('Origin',(0.,10.,-3.));
#4190=CARTESIAN_POINT('',(-1.75,10.,-3.));
#4191=CARTESIAN_POINT('Origin',(0.,10.,-3.));
#4192=CARTESIAN_POINT('Origin',(5.55111512312578E-16,-6.7668384925381,0.));
#4193=CARTESIAN_POINT('',(5.55111512312578E-16,-6.7668384925381,-3.));
#4194=CARTESIAN_POINT('',(5.55111512312578E-16,-6.7668384925381,0.));
#4195=CARTESIAN_POINT('',(2.8,-8.38341924626905,-3.));
#4196=CARTESIAN_POINT('Origin',(-2.79999999998989,-8.3834192462703,0.));
#4197=CARTESIAN_POINT('',(-2.79999999998989,-8.3834192462703,-3.));
#4198=CARTESIAN_POINT('',(-2.79999999998989,-8.3834192462703,0.));
#4199=CARTESIAN_POINT('',(7.35253304342965E-16,-6.7668384925381,-3.));
#4200=CARTESIAN_POINT('Origin',(-2.8,-11.616580753731,0.));
#4201=CARTESIAN_POINT('',(-2.79999999998989,-8.3834192462703,-3.));
#4202=CARTESIAN_POINT('Origin',(0.,-10.,-3.));
#4203=CARTESIAN_POINT('',(-1.75,-10.,-3.));
#4204=CARTESIAN_POINT('Origin',(0.,-10.,-3.));
#4205=CARTESIAN_POINT('Origin',(10.,-13.2331615074619,0.));
#4206=CARTESIAN_POINT('',(10.,-13.2331615074619,-3.));
#4207=CARTESIAN_POINT('',(10.,-13.2331615074619,0.));
#4208=CARTESIAN_POINT('',(7.2,-11.616580753731,-3.));
#4209=CARTESIAN_POINT('Origin',(12.8,-11.616580753731,0.));
#4210=CARTESIAN_POINT('',(12.8,-11.616580753731,-3.));
#4211=CARTESIAN_POINT('',(12.8,-11.616580753731,0.));
#4212=CARTESIAN_POINT('',(10.,-13.2331615074619,-3.));
#4213=CARTESIAN_POINT('Origin',(12.8,-8.38341924626905,0.));
#4214=CARTESIAN_POINT('',(12.8,-11.616580753731,-3.));
#4215=CARTESIAN_POINT('Origin',(10.,-10.,-3.));
#4216=CARTESIAN_POINT('',(8.25,-10.,-3.));
#4217=CARTESIAN_POINT('Origin',(10.,-10.,-3.));
#4218=CARTESIAN_POINT('Origin',(-10.,6.7668384925381,0.));
#4219=CARTESIAN_POINT('',(-10.,6.7668384925381,-3.));
#4220=CARTESIAN_POINT('',(-10.,6.7668384925381,0.));
#4221=CARTESIAN_POINT('',(-12.8,8.38341924626905,-3.));
#4222=CARTESIAN_POINT('',(-12.8,8.38341924626905,-3.));
#4223=CARTESIAN_POINT('',(-12.8,8.38341924626905,0.));
#4224=CARTESIAN_POINT('Origin',(-7.2,8.38341924626904,0.));
#4225=CARTESIAN_POINT('',(-7.2,8.38341924626904,-3.));
#4226=CARTESIAN_POINT('',(-7.2,8.38341924626904,0.));
#4227=CARTESIAN_POINT('',(-10.,6.7668384925381,-3.));
#4228=CARTESIAN_POINT('Origin',(-7.2,11.616580753731,0.));
#4229=CARTESIAN_POINT('',(-7.2,11.616580753731,-3.));
#4230=CARTESIAN_POINT('',(-7.2,11.616580753731,0.));
#4231=CARTESIAN_POINT('',(-7.2,8.38341924626904,-3.));
#4232=CARTESIAN_POINT('Origin',(-10.,13.2331615074619,0.));
#4233=CARTESIAN_POINT('',(-10.,13.2331615074619,-3.));
#4234=CARTESIAN_POINT('',(-10.,13.2331615074619,0.));
#4235=CARTESIAN_POINT('',(-7.2,11.616580753731,-3.));
#4236=CARTESIAN_POINT('Origin',(-12.7999999999899,11.6165807537297,0.));
#4237=CARTESIAN_POINT('',(-12.7999999999899,11.6165807537297,-3.));
#4238=CARTESIAN_POINT('',(-12.7999999999899,11.6165807537297,0.));
#4239=CARTESIAN_POINT('',(-10.,13.2331615074619,-3.));
#4240=CARTESIAN_POINT('Origin',(-12.8,8.38341924626905,0.));
#4241=CARTESIAN_POINT('',(-12.7999999999899,11.6165807537297,-3.));
#4242=CARTESIAN_POINT('Origin',(-10.,10.,-3.));
#4243=CARTESIAN_POINT('',(-11.75,10.,-3.));
#4244=CARTESIAN_POINT('Origin',(-10.,10.,-3.));
#4245=CARTESIAN_POINT('Origin',(12.8,8.38341924626904,0.));
#4246=CARTESIAN_POINT('',(12.8,8.38341924626904,-3.));
#4247=CARTESIAN_POINT('',(12.8,8.38341924626904,0.));
#4248=CARTESIAN_POINT('',(10.,6.7668384925381,-3.));
#4249=CARTESIAN_POINT('Origin',(12.8,11.616580753731,0.));
#4250=CARTESIAN_POINT('',(12.8,11.616580753731,-3.));
#4251=CARTESIAN_POINT('',(12.8,11.616580753731,0.));
#4252=CARTESIAN_POINT('',(12.8,8.38341924626904,-3.));
#4253=CARTESIAN_POINT('Origin',(10.,13.2331615074619,0.));
#4254=CARTESIAN_POINT('',(10.,13.2331615074619,-3.));
#4255=CARTESIAN_POINT('',(10.,13.2331615074619,0.));
#4256=CARTESIAN_POINT('',(12.8,11.616580753731,-3.));
#4257=CARTESIAN_POINT('Origin',(7.20000000001011,11.6165807537297,0.));
#4258=CARTESIAN_POINT('',(10.,13.2331615074619,-3.));
#4259=CARTESIAN_POINT('Origin',(10.,10.,-3.));
#4260=CARTESIAN_POINT('',(8.25,10.,-3.));
#4261=CARTESIAN_POINT('Origin',(10.,10.,-3.));
#4262=CARTESIAN_POINT('Origin',(-10.,-13.2331615074619,0.));
#4263=CARTESIAN_POINT('',(-10.,-13.2331615074619,-3.));
#4264=CARTESIAN_POINT('',(-10.,-13.2331615074619,0.));
#4265=CARTESIAN_POINT('',(-12.8,-11.616580753731,-3.));
#4266=CARTESIAN_POINT('',(-12.8,-11.616580753731,-3.));
#4267=CARTESIAN_POINT('',(-12.8,-11.616580753731,0.));
#4268=CARTESIAN_POINT('Origin',(-7.2,-11.616580753731,0.));
#4269=CARTESIAN_POINT('',(-10.,-13.2331615074619,-3.));
#4270=CARTESIAN_POINT('Origin',(-12.7999999999899,-8.3834192462703,0.));
#4271=CARTESIAN_POINT('',(-12.7999999999899,-8.3834192462703,-3.));
#4272=CARTESIAN_POINT('',(-12.7999999999899,-8.3834192462703,0.));
#4273=CARTESIAN_POINT('',(-10.,-6.7668384925381,-3.));
#4274=CARTESIAN_POINT('Origin',(-12.8,-11.616580753731,0.));
#4275=CARTESIAN_POINT('',(-12.7999999999899,-8.3834192462703,-3.));
#4276=CARTESIAN_POINT('Origin',(-10.,-10.,-3.));
#4277=CARTESIAN_POINT('',(-11.75,-10.,-3.));
#4278=CARTESIAN_POINT('Origin',(-10.,-10.,-3.));
#4279=CARTESIAN_POINT('Origin',(10.,-3.2331615074619,0.));
#4280=CARTESIAN_POINT('',(7.2,-1.61658075373095,-3.));
#4281=CARTESIAN_POINT('',(7.2,-1.61658075373095,-3.));
#4282=CARTESIAN_POINT('',(7.2,-1.61658075373095,0.));
#4283=CARTESIAN_POINT('Origin',(12.8,1.61658075373095,0.));
#4284=CARTESIAN_POINT('',(12.8,1.61658075373095,-3.));
#4285=CARTESIAN_POINT('',(12.8,1.61658075373095,0.));
#4286=CARTESIAN_POINT('',(12.8,-1.61658075373095,-3.));
#4287=CARTESIAN_POINT('Origin',(10.,3.2331615074619,0.));
#4288=CARTESIAN_POINT('',(10.,3.2331615074619,-3.));
#4289=CARTESIAN_POINT('',(10.,3.2331615074619,0.));
#4290=CARTESIAN_POINT('',(12.8,1.61658075373095,-3.));
#4291=CARTESIAN_POINT('Origin',(7.20000000001011,1.6165807537297,0.));
#4292=CARTESIAN_POINT('',(7.20000000001011,1.6165807537297,-3.));
#4293=CARTESIAN_POINT('',(7.20000000001011,1.6165807537297,0.));
#4294=CARTESIAN_POINT('',(10.,3.2331615074619,-3.));
#4295=CARTESIAN_POINT('Origin',(7.2,-1.61658075373095,0.));
#4296=CARTESIAN_POINT('',(7.20000000001011,1.6165807537297,-3.));
#4297=CARTESIAN_POINT('Origin',(10.,0.,-3.));
#4298=CARTESIAN_POINT('',(8.25,-2.14313189850787E-16,-3.));
#4299=CARTESIAN_POINT('Origin',(10.,0.,-3.));
#4300=CARTESIAN_POINT('Origin',(-10.,-3.2331615074619,0.));
#4301=CARTESIAN_POINT('',(-10.,-3.2331615074619,-3.));
#4302=CARTESIAN_POINT('',(-10.,-3.2331615074619,0.));
#4303=CARTESIAN_POINT('',(-12.8,-1.61658075373095,-3.));
#4304=CARTESIAN_POINT('',(-12.8,-1.61658075373095,-3.));
#4305=CARTESIAN_POINT('',(-12.8,-1.61658075373095,0.));
#4306=CARTESIAN_POINT('Origin',(-7.2,-1.61658075373096,0.));
#4307=CARTESIAN_POINT('',(-7.2,-1.61658075373095,-3.));
#4308=CARTESIAN_POINT('',(-7.2,-1.61658075373095,0.));
#4309=CARTESIAN_POINT('',(-10.,-3.2331615074619,-3.));
#4310=CARTESIAN_POINT('Origin',(-7.2,1.61658075373095,0.));
#4311=CARTESIAN_POINT('',(-7.2,1.61658075373095,-3.));
#4312=CARTESIAN_POINT('',(-7.2,1.61658075373095,0.));
#4313=CARTESIAN_POINT('',(-7.2,-1.61658075373095,-3.));
#4314=CARTESIAN_POINT('Origin',(-10.,3.2331615074619,0.));
#4315=CARTESIAN_POINT('',(-10.,3.2331615074619,-3.));
#4316=CARTESIAN_POINT('',(-10.,3.2331615074619,0.));
#4317=CARTESIAN_POINT('',(-7.2,1.61658075373095,-3.));
#4318=CARTESIAN_POINT('Origin',(-12.7999999999899,1.6165807537297,0.));
#4319=CARTESIAN_POINT('',(-12.7999999999899,1.6165807537297,-3.));
#4320=CARTESIAN_POINT('',(-12.7999999999899,1.6165807537297,0.));
#4321=CARTESIAN_POINT('',(-10.,3.2331615074619,-3.));
#4322=CARTESIAN_POINT('Origin',(-12.8,-1.61658075373095,0.));
#4323=CARTESIAN_POINT('',(-12.7999999999899,1.6165807537297,-3.));
#4324=CARTESIAN_POINT('Origin',(-10.,0.,-3.));
#4325=CARTESIAN_POINT('',(-11.75,-2.14313189850787E-16,-3.));
#4326=CARTESIAN_POINT('Origin',(-10.,0.,-3.));
#4327=CARTESIAN_POINT('Origin',(-2.22044604925031E-15,-3.2331615074619,
0.));
#4328=CARTESIAN_POINT('',(-1.94289029309402E-15,-3.2331615074619,-3.));
#4329=CARTESIAN_POINT('',(-1.95156391047391E-15,-3.2331615074619,0.));
#4330=CARTESIAN_POINT('',(-2.8,-1.61658075373095,-3.));
#4331=CARTESIAN_POINT('Origin',(2.8,-1.61658075373096,0.));
#4332=CARTESIAN_POINT('',(2.8,-1.61658075373095,-3.));
#4333=CARTESIAN_POINT('',(2.8,-1.61658075373095,0.));
#4334=CARTESIAN_POINT('',(-1.95156391047391E-15,-3.2331615074619,-3.));
#4335=CARTESIAN_POINT('Origin',(2.8,1.61658075373095,0.));
#4336=CARTESIAN_POINT('',(2.8,-1.61658075373095,-3.));
#4337=CARTESIAN_POINT('Origin',(0.,0.,-3.));
#4338=CARTESIAN_POINT('',(-1.75,-2.14313189850787E-16,-3.));
#4339=CARTESIAN_POINT('Origin',(0.,0.,-3.));
#4340=CARTESIAN_POINT('Origin',(21.2135427001112,14.0000026979088,0.));
#4341=CARTESIAN_POINT('',(19.8567695675154,11.6500026979085,3.));
#4342=CARTESIAN_POINT('',(19.8567695675154,11.6500026979085,0.));
#4343=CARTESIAN_POINT('',(21.2135427001112,14.0000026979088,3.));
#4344=CARTESIAN_POINT('',(19.8567695675154,11.6500026979085,3.));
#4345=CARTESIAN_POINT('',(21.2135427001112,14.0000026979088,0.));
#4346=CARTESIAN_POINT('Origin',(19.8567695675157,16.3500026979086,0.));
#4347=CARTESIAN_POINT('',(19.8567695675157,16.3500026979086,3.));
#4348=CARTESIAN_POINT('',(21.2135427001112,14.0000026979088,3.));
#4349=CARTESIAN_POINT('',(19.8567695675157,16.3500026979086,0.));
#4350=CARTESIAN_POINT('Origin',(17.1432233023244,16.3500026979124,0.));
#4351=CARTESIAN_POINT('',(17.1432233023244,16.3500026979124,3.));
#4352=CARTESIAN_POINT('',(19.8567695675157,16.3500026979086,3.));
#4353=CARTESIAN_POINT('',(17.1432233023244,16.3500026979124,0.));
#4354=CARTESIAN_POINT('Origin',(15.7864501697286,14.0000026979124,0.));
#4355=CARTESIAN_POINT('',(15.7864501697286,14.0000026979124,3.));
#4356=CARTESIAN_POINT('',(17.1432233023244,16.3500026979124,3.));
#4357=CARTESIAN_POINT('',(15.7864501697286,14.0000026979124,0.));
#4358=CARTESIAN_POINT('Origin',(17.1432233023241,11.6500026979123,0.));
#4359=CARTESIAN_POINT('',(17.1432233023241,11.6500026979123,3.));
#4360=CARTESIAN_POINT('',(15.7864501697286,14.0000026979124,3.));
#4361=CARTESIAN_POINT('',(17.1432233023241,11.6500026979123,0.));
#4362=CARTESIAN_POINT('Origin',(19.8567695675154,11.6500026979085,0.));
#4363=CARTESIAN_POINT('',(17.1432233023241,11.6500026979123,3.));
#4364=CARTESIAN_POINT('Origin',(18.4999964349199,14.0000026979106,3.));
#4365=CARTESIAN_POINT('',(14.4999964349199,14.0000026979106,3.));
#4366=CARTESIAN_POINT('Origin',(18.4999964349199,14.0000026979106,3.));
#4367=CARTESIAN_POINT('Origin',(-17.1432304324843,16.3500026979086,0.));
#4368=CARTESIAN_POINT('',(-15.7864572998888,14.0000026979088,3.));
#4369=CARTESIAN_POINT('',(-15.7864572998888,14.0000026979088,0.));
#4370=CARTESIAN_POINT('',(-17.1432304324843,16.3500026979086,3.));
#4371=CARTESIAN_POINT('',(-15.7864572998888,14.0000026979088,3.));
#4372=CARTESIAN_POINT('',(-17.1432304324843,16.3500026979086,0.));
#4373=CARTESIAN_POINT('Origin',(-19.8567766976756,16.3500026979124,0.));
#4374=CARTESIAN_POINT('',(-19.8567766976756,16.3500026979124,3.));
#4375=CARTESIAN_POINT('',(-17.1432304324843,16.3500026979086,3.));
#4376=CARTESIAN_POINT('',(-19.8567766976756,16.3500026979124,0.));
#4377=CARTESIAN_POINT('Origin',(-21.2135498302714,14.0000026979124,0.));
#4378=CARTESIAN_POINT('',(-21.2135498302714,14.0000026979124,3.));
#4379=CARTESIAN_POINT('',(-19.8567766976756,16.3500026979124,3.));
#4380=CARTESIAN_POINT('',(-21.2135498302714,14.0000026979124,0.));
#4381=CARTESIAN_POINT('Origin',(-19.8567766976759,11.6500026979123,0.));
#4382=CARTESIAN_POINT('',(-19.8567766976759,11.6500026979123,3.));
#4383=CARTESIAN_POINT('',(-21.2135498302714,14.0000026979124,3.));
#4384=CARTESIAN_POINT('',(-19.8567766976759,11.6500026979123,0.));
#4385=CARTESIAN_POINT('Origin',(-17.1432304324846,11.6500026979085,0.));
#4386=CARTESIAN_POINT('',(-17.1432304324846,11.6500026979085,3.));
#4387=CARTESIAN_POINT('',(-19.8567766976759,11.6500026979123,3.));
#4388=CARTESIAN_POINT('',(-17.1432304324846,11.6500026979085,0.));
#4389=CARTESIAN_POINT('Origin',(-15.7864572998888,14.0000026979088,0.));
#4390=CARTESIAN_POINT('',(-17.1432304324846,11.6500026979085,3.));
#4391=CARTESIAN_POINT('Origin',(-18.5000035650801,14.0000026979106,3.));
#4392=CARTESIAN_POINT('',(-22.5000035650801,14.0000026979106,3.));
#4393=CARTESIAN_POINT('Origin',(-18.5000035650801,14.0000026979106,3.));
#4394=CARTESIAN_POINT('Origin',(19.8567695675157,-11.6499973020914,0.));
#4395=CARTESIAN_POINT('',(21.2135427001112,-13.9999973020912,3.));
#4396=CARTESIAN_POINT('',(21.2135427001112,-13.9999973020912,0.));
#4397=CARTESIAN_POINT('',(19.8567695675157,-11.6499973020914,3.));
#4398=CARTESIAN_POINT('',(21.2135427001112,-13.9999973020912,3.));
#4399=CARTESIAN_POINT('',(19.8567695675157,-11.6499973020914,0.));
#4400=CARTESIAN_POINT('Origin',(17.1432233023244,-11.6499973020876,0.));
#4401=CARTESIAN_POINT('',(17.1432233023244,-11.6499973020876,3.));
#4402=CARTESIAN_POINT('',(19.8567695675157,-11.6499973020914,3.));
#4403=CARTESIAN_POINT('',(17.1432233023244,-11.6499973020876,0.));
#4404=CARTESIAN_POINT('Origin',(15.7864501697286,-13.9999973020876,0.));
#4405=CARTESIAN_POINT('',(15.7864501697286,-13.9999973020876,3.));
#4406=CARTESIAN_POINT('',(17.1432233023244,-11.6499973020876,3.));
#4407=CARTESIAN_POINT('',(15.7864501697286,-13.9999973020876,0.));
#4408=CARTESIAN_POINT('Origin',(17.1432233023241,-16.3499973020877,0.));
#4409=CARTESIAN_POINT('',(17.1432233023241,-16.3499973020877,3.));
#4410=CARTESIAN_POINT('',(15.7864501697286,-13.9999973020876,3.));
#4411=CARTESIAN_POINT('',(17.1432233023241,-16.3499973020877,0.));
#4412=CARTESIAN_POINT('Origin',(19.8567695675154,-16.3499973020915,0.));
#4413=CARTESIAN_POINT('',(19.8567695675154,-16.3499973020915,3.));
#4414=CARTESIAN_POINT('',(17.1432233023241,-16.3499973020877,3.));
#4415=CARTESIAN_POINT('',(19.8567695675154,-16.3499973020915,0.));
#4416=CARTESIAN_POINT('Origin',(21.2135427001112,-13.9999973020912,0.));
#4417=CARTESIAN_POINT('',(19.8567695675154,-16.3499973020915,3.));
#4418=CARTESIAN_POINT('Origin',(18.4999964349199,-13.9999973020894,3.));
#4419=CARTESIAN_POINT('',(14.4999964349199,-13.9999973020894,3.));
#4420=CARTESIAN_POINT('Origin',(18.4999964349199,-13.9999973020894,3.));
#4421=CARTESIAN_POINT('Origin',(-15.7864572998888,-13.9999973020912,0.));
#4422=CARTESIAN_POINT('',(-17.1432304324846,-16.3499973020915,3.));
#4423=CARTESIAN_POINT('',(-17.1432304324846,-16.3499973020915,0.));
#4424=CARTESIAN_POINT('',(-15.7864572998888,-13.9999973020912,3.));
#4425=CARTESIAN_POINT('',(-17.1432304324846,-16.3499973020915,3.));
#4426=CARTESIAN_POINT('',(-15.7864572998888,-13.9999973020912,0.));
#4427=CARTESIAN_POINT('Origin',(-17.1432304324843,-11.6499973020914,0.));
#4428=CARTESIAN_POINT('',(-17.1432304324843,-11.6499973020914,3.));
#4429=CARTESIAN_POINT('',(-15.7864572998888,-13.9999973020912,3.));
#4430=CARTESIAN_POINT('',(-17.1432304324843,-11.6499973020914,0.));
#4431=CARTESIAN_POINT('Origin',(-19.8567766976756,-11.6499973020876,0.));
#4432=CARTESIAN_POINT('',(-19.8567766976756,-11.6499973020876,3.));
#4433=CARTESIAN_POINT('',(-17.1432304324843,-11.6499973020914,3.));
#4434=CARTESIAN_POINT('',(-19.8567766976756,-11.6499973020876,0.));
#4435=CARTESIAN_POINT('Origin',(-21.2135498302714,-13.9999973020876,0.));
#4436=CARTESIAN_POINT('',(-21.2135498302714,-13.9999973020876,3.));
#4437=CARTESIAN_POINT('',(-19.8567766976756,-11.6499973020876,3.));
#4438=CARTESIAN_POINT('',(-21.2135498302714,-13.9999973020876,0.));
#4439=CARTESIAN_POINT('Origin',(-19.8567766976759,-16.3499973020877,0.));
#4440=CARTESIAN_POINT('',(-19.8567766976759,-16.3499973020877,3.));
#4441=CARTESIAN_POINT('',(-21.2135498302714,-13.9999973020876,3.));
#4442=CARTESIAN_POINT('',(-19.8567766976759,-16.3499973020877,0.));
#4443=CARTESIAN_POINT('Origin',(-17.1432304324846,-16.3499973020915,0.));
#4444=CARTESIAN_POINT('',(-19.8567766976759,-16.3499973020877,3.));
#4445=CARTESIAN_POINT('Origin',(-18.5000035650801,-13.9999973020894,3.));
#4446=CARTESIAN_POINT('',(-22.5000035650801,-13.9999973020894,3.));
#4447=CARTESIAN_POINT('Origin',(-18.5000035650801,-13.9999973020894,3.));
#4448=CARTESIAN_POINT('Origin',(18.4936451247857,14.0185969120713,-4.));
#4449=CARTESIAN_POINT('',(20.4936451247857,14.0185969120713,-4.));
#4450=CARTESIAN_POINT('Origin',(18.4936451247857,14.0185969120713,-4.));
#4451=CARTESIAN_POINT('',(19.7436451247857,14.0185969120713,-4.));
#4452=CARTESIAN_POINT('Origin',(18.4936451247857,14.0185969120713,-4.));
#4453=CARTESIAN_POINT('Origin',(18.4936451247857,14.0185969120713,-5.));
#4454=CARTESIAN_POINT('',(20.4936451247857,14.0185969120713,-6.));
#4455=CARTESIAN_POINT('Origin',(18.4936451247857,14.0185969120713,-6.));
#4456=CARTESIAN_POINT('',(20.4936451247857,14.0185969120713,-5.));
#4457=CARTESIAN_POINT('Origin',(18.4936451247857,14.0185969120713,-3.));
#4458=CARTESIAN_POINT('',(19.7436451247857,14.0185969120713,-3.));
#4459=CARTESIAN_POINT('Origin',(-18.5,-14.,-4.));
#4460=CARTESIAN_POINT('',(-16.5,-14.,-4.));
#4461=CARTESIAN_POINT('Origin',(-18.5,-14.,-4.));
#4462=CARTESIAN_POINT('',(-17.25,-14.,-4.));
#4463=CARTESIAN_POINT('Origin',(-18.5,-14.,-4.));
#4464=CARTESIAN_POINT('Origin',(-18.5,-14.,-5.));
#4465=CARTESIAN_POINT('',(-16.5,-14.,-6.));
#4466=CARTESIAN_POINT('Origin',(-18.5,-14.,-6.));
#4467=CARTESIAN_POINT('',(-16.5,-14.,-5.));
#4468=CARTESIAN_POINT('Origin',(-18.5,-14.,-3.));
#4469=CARTESIAN_POINT('',(-17.25,-14.,-3.));
#4470=CARTESIAN_POINT('Origin',(18.5,-14.,-4.));
#4471=CARTESIAN_POINT('',(20.5,-14.,-4.));
#4472=CARTESIAN_POINT('Origin',(18.5,-14.,-4.));
#4473=CARTESIAN_POINT('',(19.75,-14.,-4.));
#4474=CARTESIAN_POINT('Origin',(18.5,-14.,-4.));
#4475=CARTESIAN_POINT('Origin',(18.5,-14.,-5.));
#4476=CARTESIAN_POINT('',(20.5,-14.,-6.));
#4477=CARTESIAN_POINT('Origin',(18.5,-14.,-6.));
#4478=CARTESIAN_POINT('',(20.5,-14.,-5.));
#4479=CARTESIAN_POINT('Origin',(18.5,-14.,-3.));
#4480=CARTESIAN_POINT('',(19.75,-14.,-3.));
#4481=CARTESIAN_POINT('Origin',(-18.5063510684763,14.0018130330232,-4.));
#4482=CARTESIAN_POINT('',(-16.5063510684763,14.0018130330232,-4.));
#4483=CARTESIAN_POINT('Origin',(-18.5063510684763,14.0018130330232,-4.));
#4484=CARTESIAN_POINT('',(-17.2563510684763,14.0018130330232,-4.));
#4485=CARTESIAN_POINT('Origin',(-18.5063510684763,14.0018130330232,-4.));
#4486=CARTESIAN_POINT('Origin',(-18.5063510684763,14.0018130330232,-5.));
#4487=CARTESIAN_POINT('',(-16.5063510684763,14.0018130330232,-6.));
#4488=CARTESIAN_POINT('Origin',(-18.5063510684763,14.0018130330232,-6.));
#4489=CARTESIAN_POINT('',(-16.5063510684763,14.0018130330232,-5.));
#4490=CARTESIAN_POINT('Origin',(-18.5063510684763,14.0018130330232,-3.));
#4491=CARTESIAN_POINT('',(-17.2563510684763,14.0018130330232,-3.));
#4492=CARTESIAN_POINT('Origin',(10.,-10.,0.));
#4493=CARTESIAN_POINT('',(8.25,-10.,-6.));
#4494=CARTESIAN_POINT('Origin',(10.,-10.,-6.));
#4495=CARTESIAN_POINT('',(8.25,-10.,0.));
#4496=CARTESIAN_POINT('Origin',(10.,0.,0.));
#4497=CARTESIAN_POINT('',(8.25,0.,-6.));
#4498=CARTESIAN_POINT('Origin',(10.,0.,-6.));
#4499=CARTESIAN_POINT('',(8.25,2.14313189850787E-16,0.));
#4500=CARTESIAN_POINT('Origin',(-10.,-10.,0.));
#4501=CARTESIAN_POINT('',(-11.75,-10.,-6.));
#4502=CARTESIAN_POINT('Origin',(-10.,-10.,-6.));
#4503=CARTESIAN_POINT('',(-11.75,-10.,0.));
#4504=CARTESIAN_POINT('Origin',(10.,10.,0.));
#4505=CARTESIAN_POINT('',(8.25,10.,-6.));
#4506=CARTESIAN_POINT('Origin',(10.,10.,-6.));
#4507=CARTESIAN_POINT('',(8.25,10.,0.));
#4508=CARTESIAN_POINT('Origin',(-10.,0.,0.));
#4509=CARTESIAN_POINT('',(-11.75,0.,-6.));
#4510=CARTESIAN_POINT('Origin',(-10.,0.,-6.));
#4511=CARTESIAN_POINT('',(-11.75,2.14313189850787E-16,0.));
#4512=CARTESIAN_POINT('Origin',(0.,-10.,0.));
#4513=CARTESIAN_POINT('',(-1.75,-10.,-6.));
#4514=CARTESIAN_POINT('Origin',(0.,-10.,-6.));
#4515=CARTESIAN_POINT('',(-1.75,-10.,0.));
#4516=CARTESIAN_POINT('Origin',(0.,10.,0.));
#4517=CARTESIAN_POINT('',(-1.75,10.,-6.));
#4518=CARTESIAN_POINT('Origin',(0.,10.,-6.));
#4519=CARTESIAN_POINT('',(-1.75,10.,0.));
#4520=CARTESIAN_POINT('Origin',(0.,0.,0.));
#4521=CARTESIAN_POINT('',(-1.75,0.,-6.));
#4522=CARTESIAN_POINT('Origin',(0.,0.,-6.));
#4523=CARTESIAN_POINT('',(-1.75,2.14313189850787E-16,0.));
#4524=CARTESIAN_POINT('Origin',(-10.,10.,0.));
#4525=CARTESIAN_POINT('',(-11.75,10.,-6.));
#4526=CARTESIAN_POINT('Origin',(-10.,10.,-6.));
#4527=CARTESIAN_POINT('',(-11.75,10.,0.));
#4528=CARTESIAN_POINT('Origin',(18.4999964349199,-13.9999973020894,0.));
#4529=CARTESIAN_POINT('Origin',(18.4999964349199,-13.9999973020894,-6.));
#4530=CARTESIAN_POINT('',(14.4999964349199,-13.9999973020894,0.));
#4531=CARTESIAN_POINT('Origin',(18.4999964349199,14.0000026979106,0.));
#4532=CARTESIAN_POINT('Origin',(18.4999964349199,14.0000026979106,-6.));
#4533=CARTESIAN_POINT('',(14.4999964349199,14.0000026979106,0.));
#4534=CARTESIAN_POINT('Origin',(-18.5000035650801,14.0000026979106,0.));
#4535=CARTESIAN_POINT('Origin',(-18.5000035650801,14.0000026979106,-6.));
#4536=CARTESIAN_POINT('',(-22.5000035650801,14.0000026979106,0.));
#4537=CARTESIAN_POINT('Origin',(-18.5000035650801,-13.9999973020894,0.));
#4538=CARTESIAN_POINT('Origin',(-18.5000035650801,-13.9999973020894,-6.));
#4539=CARTESIAN_POINT('',(-22.5000035650801,-13.9999973020894,0.));
#4540=CARTESIAN_POINT('Origin',(-1.9322616173767E-6,2.6979161527052E-6,
-6.));
#4541=UNCERTAINTY_MEASURE_WITH_UNIT(LENGTH_MEASURE(0.01),#4545,
'DISTANCE_ACCURACY_VALUE',
'Maximum model space distance between geometric entities at asserted c
onnectivities');
#4542=UNCERTAINTY_MEASURE_WITH_UNIT(LENGTH_MEASURE(0.01),#4545,
'DISTANCE_ACCURACY_VALUE',
'Maximum model space distance between geometric entities at asserted c
onnectivities');
#4543=(
GEOMETRIC_REPRESENTATION_CONTEXT(3)
GLOBAL_UNCERTAINTY_ASSIGNED_CONTEXT((#4541))
GLOBAL_UNIT_ASSIGNED_CONTEXT((#4545,#4547,#4548))
REPRESENTATION_CONTEXT('','3D')
);
#4544=(
GEOMETRIC_REPRESENTATION_CONTEXT(3)
GLOBAL_UNCERTAINTY_ASSIGNED_CONTEXT((#4542))
GLOBAL_UNIT_ASSIGNED_CONTEXT((#4545,#4547,#4548))
REPRESENTATION_CONTEXT('','3D')
);
#4545=(
LENGTH_UNIT()
NAMED_UNIT(*)
SI_UNIT(.MILLI.,.METRE.)
);
#4546=(
LENGTH_UNIT()
NAMED_UNIT(*)
SI_UNIT($,.METRE.)
);
#4547=(
NAMED_UNIT(*)
PLANE_ANGLE_UNIT()
SI_UNIT($,.RADIAN.)
);
#4548=(
NAMED_UNIT(*)
SI_UNIT($,.STERADIAN.)
SOLID_ANGLE_UNIT()
);
#4549=SHAPE_DEFINITION_REPRESENTATION(#4550,#4551);
#4550=PRODUCT_DEFINITION_SHAPE('',$,#4553);
#4551=SHAPE_REPRESENTATION('',(#2819),#4543);
#4552=PRODUCT_DEFINITION_CONTEXT('part definition',#4557,'design');
#4553=PRODUCT_DEFINITION('2026-04-21-12-56-38-152',
'servo_controller_mount',#4554,#4552);
#4554=PRODUCT_DEFINITION_FORMATION('',$,#4559);
#4555=PRODUCT_RELATED_PRODUCT_CATEGORY('servo_controller_mount',
'servo_controller_mount',(#4559));
#4556=APPLICATION_PROTOCOL_DEFINITION('international standard',
'automotive_design',2009,#4557);
#4557=APPLICATION_CONTEXT(
'Core Data for Automotive Mechanical Design Process');
#4558=PRODUCT_CONTEXT('part definition',#4557,'mechanical');
#4559=PRODUCT('2026-04-21-12-56-38-152','servo_controller_mount',$,(#4558));
#4560=PRESENTATION_STYLE_ASSIGNMENT((#4562));
#4561=PRESENTATION_STYLE_ASSIGNMENT((#4563));
#4562=SURFACE_STYLE_USAGE(.BOTH.,#4564);
#4563=SURFACE_STYLE_USAGE(.BOTH.,#4565);
#4564=SURFACE_SIDE_STYLE('',(#4566));
#4565=SURFACE_SIDE_STYLE('',(#4567));
#4566=SURFACE_STYLE_FILL_AREA(#4568);
#4567=SURFACE_STYLE_FILL_AREA(#4569);
#4568=FILL_AREA_STYLE('Plastic - Matte (Blue)',(#4570));
#4569=FILL_AREA_STYLE('Plastic - Matte (Blue)',(#4571));
#4570=FILL_AREA_STYLE_COLOUR('Plastic - Matte (Blue)',#4572);
#4571=FILL_AREA_STYLE_COLOUR('Plastic - Matte (Blue)',#4573);
#4572=COLOUR_RGB('Plastic - Matte (Blue)',0.188235294117647,0.231372549019608,
0.588235294117647);
#4573=COLOUR_RGB('Plastic - Matte (Blue)',0.192156862745098,0.345098039215686,
0.596078431372549);
ENDSEC;
END-ISO-10303-21;
