ISO-10303-21;
HEADER;
/* Generated by software containing ST-Developer
 * from STEP Tools, Inc. (www.steptools.com) 
 */

FILE_DESCRIPTION(
/* description */ (''),
/* implementation_level */ '2;1');

FILE_NAME(
/* name */ 'Wheel with Tyre.step',
/* time_stamp */ '2026-05-29T14:05:45+01:00',
/* author */ (''),
/* organization */ (''),
/* preprocessor_version */ 'ST-DEVELOPER v20.1',
/* originating_system */ 'Autodesk Translation Framework v15.8.0.0',
/* authorisation */ '');

FILE_SCHEMA (('AUTOMOTIVE_DESIGN { 1 0 10303 214 3 1 1 }'));
ENDSEC;

DATA;
#10=MECHANICAL_DESIGN_GEOMETRIC_PRESENTATION_REPRESENTATION('',(#13,#14),
#5100);
#11=SHAPE_REPRESENTATION_RELATIONSHIP('SRR','None',#5107,#12);
#12=ADVANCED_BREP_SHAPE_REPRESENTATION('',(#15,#16),#5099);
#13=STYLED_ITEM('',(#5117),#15);
#14=STYLED_ITEM('',(#5117),#16);
#15=MANIFOLD_SOLID_BREP('Tyre',#2819);
#16=MANIFOLD_SOLID_BREP('Body2',#2820);
#17=ELLIPSE('',#2839,2.68351611824707,2.65);
#18=ELLIPSE('',#2840,16.8196292744459,2.65);
#19=ELLIPSE('',#2841,17.0621302132068,2.65);
#20=ELLIPSE('',#2842,2.68255266924092,2.65);
#21=ELLIPSE('',#2843,17.0621302132068,2.65);
#22=ELLIPSE('',#2844,16.8196292744459,2.65);
#23=ELLIPSE('',#2845,2.68351611824707,2.65);
#24=ELLIPSE('',#2856,2.68351611824707,2.65);
#25=ELLIPSE('',#2857,16.8196292744459,2.65);
#26=ELLIPSE('',#2858,17.0621302132068,2.65);
#27=ELLIPSE('',#2859,2.68255266924092,2.65);
#28=ELLIPSE('',#2860,17.0621302132068,2.65);
#29=ELLIPSE('',#2861,16.8196292744459,2.65);
#30=ELLIPSE('',#2862,2.68351611824707,2.65);
#31=ELLIPSE('',#2873,2.68351611824707,2.65);
#32=ELLIPSE('',#2874,16.8196292744459,2.65);
#33=ELLIPSE('',#2875,17.0621302132068,2.65);
#34=ELLIPSE('',#2876,2.68255266924092,2.65);
#35=ELLIPSE('',#2877,17.0621302132068,2.65);
#36=ELLIPSE('',#2878,16.8196292744459,2.65);
#37=ELLIPSE('',#2879,2.68351611824707,2.65);
#38=ELLIPSE('',#2890,2.68351611824707,2.65);
#39=ELLIPSE('',#2891,16.8196292744459,2.65);
#40=ELLIPSE('',#2892,17.0621302132067,2.65);
#41=ELLIPSE('',#2893,2.68255266924092,2.65);
#42=ELLIPSE('',#2894,17.0621302132067,2.65);
#43=ELLIPSE('',#2895,16.8196292744459,2.65);
#44=ELLIPSE('',#2896,2.68351611824707,2.65);
#45=FACE_BOUND('',#318,.T.);
#46=FACE_BOUND('',#326,.T.);
#47=FACE_BOUND('',#334,.T.);
#48=FACE_BOUND('',#342,.T.);
#49=FACE_BOUND('',#349,.T.);
#50=FACE_BOUND('',#350,.T.);
#51=FACE_BOUND('',#351,.T.);
#52=FACE_BOUND('',#352,.T.);
#53=FACE_BOUND('',#430,.T.);
#54=FACE_BOUND('',#432,.T.);
#55=FACE_BOUND('',#434,.T.);
#56=FACE_BOUND('',#438,.T.);
#57=FACE_BOUND('',#442,.T.);
#58=FACE_BOUND('',#446,.T.);
#59=FACE_BOUND('',#450,.T.);
#60=FACE_BOUND('',#460,.T.);
#61=FACE_BOUND('',#461,.T.);
#62=FACE_BOUND('',#462,.T.);
#63=FACE_BOUND('',#463,.T.);
#64=FACE_BOUND('',#464,.T.);
#65=FACE_BOUND('',#465,.T.);
#66=FACE_BOUND('',#466,.T.);
#67=FACE_BOUND('',#467,.T.);
#68=FACE_BOUND('',#483,.T.);
#69=FACE_BOUND('',#484,.T.);
#70=FACE_BOUND('',#485,.T.);
#71=FACE_BOUND('',#486,.T.);
#72=FACE_BOUND('',#488,.T.);
#73=FACE_BOUND('',#489,.T.);
#74=FACE_BOUND('',#490,.T.);
#75=FACE_BOUND('',#491,.T.);
#76=FACE_BOUND('',#492,.T.);
#77=FACE_BOUND('',#493,.T.);
#78=FACE_BOUND('',#494,.T.);
#79=FACE_BOUND('',#495,.T.);
#80=PLANE('',#2836);
#81=PLANE('',#2846);
#82=PLANE('',#2847);
#83=PLANE('',#2850);
#84=PLANE('',#2853);
#85=PLANE('',#2863);
#86=PLANE('',#2864);
#87=PLANE('',#2867);
#88=PLANE('',#2870);
#89=PLANE('',#2880);
#90=PLANE('',#2881);
#91=PLANE('',#2884);
#92=PLANE('',#2887);
#93=PLANE('',#2897);
#94=PLANE('',#2898);
#95=PLANE('',#2901);
#96=PLANE('',#2908);
#97=PLANE('',#2909);
#98=PLANE('',#2910);
#99=PLANE('',#2914);
#100=PLANE('',#2915);
#101=PLANE('',#2916);
#102=PLANE('',#2919);
#103=PLANE('',#2920);
#104=PLANE('',#2924);
#105=PLANE('',#2925);
#106=PLANE('',#2926);
#107=PLANE('',#2930);
#108=PLANE('',#2931);
#109=PLANE('',#2932);
#110=PLANE('',#2936);
#111=PLANE('',#2937);
#112=PLANE('',#2938);
#113=PLANE('',#2942);
#114=PLANE('',#2943);
#115=PLANE('',#2944);
#116=PLANE('',#2947);
#117=PLANE('',#2948);
#118=PLANE('',#2952);
#119=PLANE('',#2953);
#120=PLANE('',#2954);
#121=PLANE('',#2958);
#122=PLANE('',#2959);
#123=PLANE('',#2960);
#124=PLANE('',#2964);
#125=PLANE('',#2965);
#126=PLANE('',#2966);
#127=PLANE('',#2970);
#128=PLANE('',#2971);
#129=PLANE('',#2972);
#130=PLANE('',#2975);
#131=PLANE('',#2976);
#132=PLANE('',#2980);
#133=PLANE('',#2981);
#134=PLANE('',#2982);
#135=PLANE('',#2986);
#136=PLANE('',#2987);
#137=PLANE('',#2988);
#138=PLANE('',#2992);
#139=PLANE('',#2993);
#140=PLANE('',#2994);
#141=PLANE('',#2998);
#142=PLANE('',#2999);
#143=PLANE('',#3000);
#144=PLANE('',#3003);
#145=PLANE('',#3004);
#146=PLANE('',#3008);
#147=PLANE('',#3009);
#148=PLANE('',#3010);
#149=PLANE('',#3014);
#150=PLANE('',#3015);
#151=PLANE('',#3016);
#152=PLANE('',#3017);
#153=PLANE('',#3018);
#154=PLANE('',#3019);
#155=PLANE('',#3026);
#156=PLANE('',#3033);
#157=PLANE('',#3040);
#158=PLANE('',#3047);
#159=PLANE('',#3057);
#160=PLANE('',#3061);
#161=PLANE('',#3065);
#162=PLANE('',#3066);
#163=PLANE('',#3073);
#164=PLANE('',#3076);
#165=PLANE('',#3079);
#166=PLANE('',#3082);
#167=PLANE('',#3085);
#168=PLANE('',#3088);
#169=PLANE('',#3089);
#170=PLANE('',#3094);
#171=FACE_OUTER_BOUND('',#316,.T.);
#172=FACE_OUTER_BOUND('',#317,.T.);
#173=FACE_OUTER_BOUND('',#319,.T.);
#174=FACE_OUTER_BOUND('',#320,.T.);
#175=FACE_OUTER_BOUND('',#321,.T.);
#176=FACE_OUTER_BOUND('',#322,.T.);
#177=FACE_OUTER_BOUND('',#323,.T.);
#178=FACE_OUTER_BOUND('',#324,.T.);
#179=FACE_OUTER_BOUND('',#325,.T.);
#180=FACE_OUTER_BOUND('',#327,.T.);
#181=FACE_OUTER_BOUND('',#328,.T.);
#182=FACE_OUTER_BOUND('',#329,.T.);
#183=FACE_OUTER_BOUND('',#330,.T.);
#184=FACE_OUTER_BOUND('',#331,.T.);
#185=FACE_OUTER_BOUND('',#332,.T.);
#186=FACE_OUTER_BOUND('',#333,.T.);
#187=FACE_OUTER_BOUND('',#335,.T.);
#188=FACE_OUTER_BOUND('',#336,.T.);
#189=FACE_OUTER_BOUND('',#337,.T.);
#190=FACE_OUTER_BOUND('',#338,.T.);
#191=FACE_OUTER_BOUND('',#339,.T.);
#192=FACE_OUTER_BOUND('',#340,.T.);
#193=FACE_OUTER_BOUND('',#341,.T.);
#194=FACE_OUTER_BOUND('',#343,.T.);
#195=FACE_OUTER_BOUND('',#344,.T.);
#196=FACE_OUTER_BOUND('',#345,.T.);
#197=FACE_OUTER_BOUND('',#346,.T.);
#198=FACE_OUTER_BOUND('',#347,.T.);
#199=FACE_OUTER_BOUND('',#348,.T.);
#200=FACE_OUTER_BOUND('',#353,.T.);
#201=FACE_OUTER_BOUND('',#354,.T.);
#202=FACE_OUTER_BOUND('',#355,.T.);
#203=FACE_OUTER_BOUND('',#356,.T.);
#204=FACE_OUTER_BOUND('',#357,.T.);
#205=FACE_OUTER_BOUND('',#358,.T.);
#206=FACE_OUTER_BOUND('',#359,.T.);
#207=FACE_OUTER_BOUND('',#360,.T.);
#208=FACE_OUTER_BOUND('',#361,.T.);
#209=FACE_OUTER_BOUND('',#362,.T.);
#210=FACE_OUTER_BOUND('',#363,.T.);
#211=FACE_OUTER_BOUND('',#364,.T.);
#212=FACE_OUTER_BOUND('',#365,.T.);
#213=FACE_OUTER_BOUND('',#366,.T.);
#214=FACE_OUTER_BOUND('',#367,.T.);
#215=FACE_OUTER_BOUND('',#368,.T.);
#216=FACE_OUTER_BOUND('',#369,.T.);
#217=FACE_OUTER_BOUND('',#370,.T.);
#218=FACE_OUTER_BOUND('',#371,.T.);
#219=FACE_OUTER_BOUND('',#372,.T.);
#220=FACE_OUTER_BOUND('',#373,.T.);
#221=FACE_OUTER_BOUND('',#374,.T.);
#222=FACE_OUTER_BOUND('',#375,.T.);
#223=FACE_OUTER_BOUND('',#376,.T.);
#224=FACE_OUTER_BOUND('',#377,.T.);
#225=FACE_OUTER_BOUND('',#378,.T.);
#226=FACE_OUTER_BOUND('',#379,.T.);
#227=FACE_OUTER_BOUND('',#380,.T.);
#228=FACE_OUTER_BOUND('',#381,.T.);
#229=FACE_OUTER_BOUND('',#382,.T.);
#230=FACE_OUTER_BOUND('',#383,.T.);
#231=FACE_OUTER_BOUND('',#384,.T.);
#232=FACE_OUTER_BOUND('',#385,.T.);
#233=FACE_OUTER_BOUND('',#386,.T.);
#234=FACE_OUTER_BOUND('',#387,.T.);
#235=FACE_OUTER_BOUND('',#388,.T.);
#236=FACE_OUTER_BOUND('',#389,.T.);
#237=FACE_OUTER_BOUND('',#390,.T.);
#238=FACE_OUTER_BOUND('',#391,.T.);
#239=FACE_OUTER_BOUND('',#392,.T.);
#240=FACE_OUTER_BOUND('',#393,.T.);
#241=FACE_OUTER_BOUND('',#394,.T.);
#242=FACE_OUTER_BOUND('',#395,.T.);
#243=FACE_OUTER_BOUND('',#396,.T.);
#244=FACE_OUTER_BOUND('',#397,.T.);
#245=FACE_OUTER_BOUND('',#398,.T.);
#246=FACE_OUTER_BOUND('',#399,.T.);
#247=FACE_OUTER_BOUND('',#400,.T.);
#248=FACE_OUTER_BOUND('',#401,.T.);
#249=FACE_OUTER_BOUND('',#402,.T.);
#250=FACE_OUTER_BOUND('',#403,.T.);
#251=FACE_OUTER_BOUND('',#404,.T.);
#252=FACE_OUTER_BOUND('',#405,.T.);
#253=FACE_OUTER_BOUND('',#406,.T.);
#254=FACE_OUTER_BOUND('',#407,.T.);
#255=FACE_OUTER_BOUND('',#408,.T.);
#256=FACE_OUTER_BOUND('',#409,.T.);
#257=FACE_OUTER_BOUND('',#410,.T.);
#258=FACE_OUTER_BOUND('',#411,.T.);
#259=FACE_OUTER_BOUND('',#412,.T.);
#260=FACE_OUTER_BOUND('',#413,.T.);
#261=FACE_OUTER_BOUND('',#414,.T.);
#262=FACE_OUTER_BOUND('',#415,.T.);
#263=FACE_OUTER_BOUND('',#416,.T.);
#264=FACE_OUTER_BOUND('',#417,.T.);
#265=FACE_OUTER_BOUND('',#418,.T.);
#266=FACE_OUTER_BOUND('',#419,.T.);
#267=FACE_OUTER_BOUND('',#420,.T.);
#268=FACE_OUTER_BOUND('',#421,.T.);
#269=FACE_OUTER_BOUND('',#422,.T.);
#270=FACE_OUTER_BOUND('',#423,.T.);
#271=FACE_OUTER_BOUND('',#424,.T.);
#272=FACE_OUTER_BOUND('',#425,.T.);
#273=FACE_OUTER_BOUND('',#426,.T.);
#274=FACE_OUTER_BOUND('',#427,.T.);
#275=FACE_OUTER_BOUND('',#428,.T.);
#276=FACE_OUTER_BOUND('',#429,.T.);
#277=FACE_OUTER_BOUND('',#431,.T.);
#278=FACE_OUTER_BOUND('',#433,.T.);
#279=FACE_OUTER_BOUND('',#435,.T.);
#280=FACE_OUTER_BOUND('',#436,.T.);
#281=FACE_OUTER_BOUND('',#437,.T.);
#282=FACE_OUTER_BOUND('',#439,.T.);
#283=FACE_OUTER_BOUND('',#440,.T.);
#284=FACE_OUTER_BOUND('',#441,.T.);
#285=FACE_OUTER_BOUND('',#443,.T.);
#286=FACE_OUTER_BOUND('',#444,.T.);
#287=FACE_OUTER_BOUND('',#445,.T.);
#288=FACE_OUTER_BOUND('',#447,.T.);
#289=FACE_OUTER_BOUND('',#448,.T.);
#290=FACE_OUTER_BOUND('',#449,.T.);
#291=FACE_OUTER_BOUND('',#451,.T.);
#292=FACE_OUTER_BOUND('',#452,.T.);
#293=FACE_OUTER_BOUND('',#453,.T.);
#294=FACE_OUTER_BOUND('',#454,.T.);
#295=FACE_OUTER_BOUND('',#455,.T.);
#296=FACE_OUTER_BOUND('',#456,.T.);
#297=FACE_OUTER_BOUND('',#457,.T.);
#298=FACE_OUTER_BOUND('',#458,.T.);
#299=FACE_OUTER_BOUND('',#459,.T.);
#300=FACE_OUTER_BOUND('',#468,.T.);
#301=FACE_OUTER_BOUND('',#469,.T.);
#302=FACE_OUTER_BOUND('',#470,.T.);
#303=FACE_OUTER_BOUND('',#471,.T.);
#304=FACE_OUTER_BOUND('',#472,.T.);
#305=FACE_OUTER_BOUND('',#473,.T.);
#306=FACE_OUTER_BOUND('',#474,.T.);
#307=FACE_OUTER_BOUND('',#475,.T.);
#308=FACE_OUTER_BOUND('',#476,.T.);
#309=FACE_OUTER_BOUND('',#477,.T.);
#310=FACE_OUTER_BOUND('',#478,.T.);
#311=FACE_OUTER_BOUND('',#479,.T.);
#312=FACE_OUTER_BOUND('',#480,.T.);
#313=FACE_OUTER_BOUND('',#481,.T.);
#314=FACE_OUTER_BOUND('',#482,.T.);
#315=FACE_OUTER_BOUND('',#487,.T.);
#316=EDGE_LOOP('',(#1812,#1813,#1814,#1815,#1816));
#317=EDGE_LOOP('',(#1817));
#318=EDGE_LOOP('',(#1818));
#319=EDGE_LOOP('',(#1819,#1820,#1821,#1822,#1823,#1824,#1825,#1826,#1827,
#1828,#1829,#1830));
#320=EDGE_LOOP('',(#1831,#1832,#1833,#1834,#1835,#1836));
#321=EDGE_LOOP('',(#1837,#1838,#1839,#1840));
#322=EDGE_LOOP('',(#1841,#1842,#1843,#1844));
#323=EDGE_LOOP('',(#1845,#1846,#1847,#1848));
#324=EDGE_LOOP('',(#1849,#1850,#1851,#1852,#1853));
#325=EDGE_LOOP('',(#1854));
#326=EDGE_LOOP('',(#1855));
#327=EDGE_LOOP('',(#1856,#1857,#1858,#1859,#1860,#1861,#1862,#1863,#1864,
#1865,#1866,#1867));
#328=EDGE_LOOP('',(#1868,#1869,#1870,#1871,#1872,#1873));
#329=EDGE_LOOP('',(#1874,#1875,#1876,#1877));
#330=EDGE_LOOP('',(#1878,#1879,#1880,#1881));
#331=EDGE_LOOP('',(#1882,#1883,#1884,#1885));
#332=EDGE_LOOP('',(#1886,#1887,#1888,#1889,#1890));
#333=EDGE_LOOP('',(#1891));
#334=EDGE_LOOP('',(#1892));
#335=EDGE_LOOP('',(#1893,#1894,#1895,#1896,#1897,#1898,#1899,#1900,#1901,
#1902,#1903,#1904));
#336=EDGE_LOOP('',(#1905,#1906,#1907,#1908,#1909,#1910));
#337=EDGE_LOOP('',(#1911,#1912,#1913,#1914));
#338=EDGE_LOOP('',(#1915,#1916,#1917,#1918));
#339=EDGE_LOOP('',(#1919,#1920,#1921,#1922));
#340=EDGE_LOOP('',(#1923,#1924,#1925,#1926,#1927));
#341=EDGE_LOOP('',(#1928));
#342=EDGE_LOOP('',(#1929));
#343=EDGE_LOOP('',(#1930,#1931,#1932,#1933,#1934,#1935,#1936,#1937,#1938,
#1939,#1940,#1941));
#344=EDGE_LOOP('',(#1942,#1943,#1944,#1945,#1946,#1947));
#345=EDGE_LOOP('',(#1948,#1949,#1950,#1951));
#346=EDGE_LOOP('',(#1952,#1953,#1954,#1955));
#347=EDGE_LOOP('',(#1956,#1957,#1958,#1959));
#348=EDGE_LOOP('',(#1960,#1961,#1962,#1963));
#349=EDGE_LOOP('',(#1964,#1965));
#350=EDGE_LOOP('',(#1966,#1967));
#351=EDGE_LOOP('',(#1968,#1969));
#352=EDGE_LOOP('',(#1970,#1971));
#353=EDGE_LOOP('',(#1972,#1973,#1974,#1975));
#354=EDGE_LOOP('',(#1976,#1977,#1978,#1979));
#355=EDGE_LOOP('',(#1980,#1981,#1982,#1983));
#356=EDGE_LOOP('',(#1984,#1985,#1986,#1987));
#357=EDGE_LOOP('',(#1988,#1989,#1990,#1991));
#358=EDGE_LOOP('',(#1992,#1993,#1994,#1995));
#359=EDGE_LOOP('',(#1996,#1997,#1998,#1999,#2000,#2001,#2002));
#360=EDGE_LOOP('',(#2003,#2004,#2005,#2006));
#361=EDGE_LOOP('',(#2007,#2008,#2009,#2010));
#362=EDGE_LOOP('',(#2011,#2012,#2013,#2014));
#363=EDGE_LOOP('',(#2015,#2016,#2017,#2018));
#364=EDGE_LOOP('',(#2019,#2020,#2021,#2022));
#365=EDGE_LOOP('',(#2023,#2024,#2025,#2026));
#366=EDGE_LOOP('',(#2027,#2028,#2029,#2030));
#367=EDGE_LOOP('',(#2031,#2032,#2033,#2034));
#368=EDGE_LOOP('',(#2035,#2036,#2037,#2038));
#369=EDGE_LOOP('',(#2039,#2040,#2041,#2042));
#370=EDGE_LOOP('',(#2043,#2044,#2045,#2046));
#371=EDGE_LOOP('',(#2047,#2048,#2049,#2050));
#372=EDGE_LOOP('',(#2051,#2052,#2053,#2054));
#373=EDGE_LOOP('',(#2055,#2056,#2057,#2058));
#374=EDGE_LOOP('',(#2059,#2060,#2061,#2062));
#375=EDGE_LOOP('',(#2063,#2064,#2065,#2066));
#376=EDGE_LOOP('',(#2067,#2068,#2069,#2070));
#377=EDGE_LOOP('',(#2071,#2072,#2073,#2074));
#378=EDGE_LOOP('',(#2075,#2076,#2077,#2078,#2079,#2080,#2081));
#379=EDGE_LOOP('',(#2082,#2083,#2084,#2085));
#380=EDGE_LOOP('',(#2086,#2087,#2088,#2089));
#381=EDGE_LOOP('',(#2090,#2091,#2092,#2093));
#382=EDGE_LOOP('',(#2094,#2095,#2096,#2097));
#383=EDGE_LOOP('',(#2098,#2099,#2100,#2101));
#384=EDGE_LOOP('',(#2102,#2103,#2104,#2105));
#385=EDGE_LOOP('',(#2106,#2107,#2108,#2109));
#386=EDGE_LOOP('',(#2110,#2111,#2112,#2113));
#387=EDGE_LOOP('',(#2114,#2115,#2116,#2117));
#388=EDGE_LOOP('',(#2118,#2119,#2120,#2121));
#389=EDGE_LOOP('',(#2122,#2123,#2124,#2125));
#390=EDGE_LOOP('',(#2126,#2127,#2128,#2129));
#391=EDGE_LOOP('',(#2130,#2131,#2132,#2133));
#392=EDGE_LOOP('',(#2134,#2135,#2136,#2137));
#393=EDGE_LOOP('',(#2138,#2139,#2140,#2141));
#394=EDGE_LOOP('',(#2142,#2143,#2144,#2145));
#395=EDGE_LOOP('',(#2146,#2147,#2148,#2149));
#396=EDGE_LOOP('',(#2150,#2151,#2152,#2153));
#397=EDGE_LOOP('',(#2154,#2155,#2156,#2157,#2158,#2159,#2160));
#398=EDGE_LOOP('',(#2161,#2162,#2163,#2164));
#399=EDGE_LOOP('',(#2165,#2166,#2167,#2168));
#400=EDGE_LOOP('',(#2169,#2170,#2171,#2172));
#401=EDGE_LOOP('',(#2173,#2174,#2175,#2176));
#402=EDGE_LOOP('',(#2177,#2178,#2179,#2180));
#403=EDGE_LOOP('',(#2181,#2182,#2183,#2184));
#404=EDGE_LOOP('',(#2185,#2186,#2187,#2188));
#405=EDGE_LOOP('',(#2189,#2190,#2191,#2192));
#406=EDGE_LOOP('',(#2193,#2194,#2195,#2196));
#407=EDGE_LOOP('',(#2197,#2198,#2199,#2200));
#408=EDGE_LOOP('',(#2201,#2202,#2203,#2204));
#409=EDGE_LOOP('',(#2205,#2206,#2207,#2208));
#410=EDGE_LOOP('',(#2209,#2210,#2211,#2212));
#411=EDGE_LOOP('',(#2213,#2214,#2215,#2216));
#412=EDGE_LOOP('',(#2217,#2218,#2219,#2220));
#413=EDGE_LOOP('',(#2221,#2222,#2223,#2224));
#414=EDGE_LOOP('',(#2225,#2226,#2227,#2228));
#415=EDGE_LOOP('',(#2229,#2230,#2231,#2232));
#416=EDGE_LOOP('',(#2233,#2234,#2235,#2236,#2237,#2238,#2239));
#417=EDGE_LOOP('',(#2240,#2241,#2242,#2243));
#418=EDGE_LOOP('',(#2244,#2245,#2246,#2247));
#419=EDGE_LOOP('',(#2248,#2249,#2250,#2251));
#420=EDGE_LOOP('',(#2252,#2253,#2254,#2255));
#421=EDGE_LOOP('',(#2256,#2257,#2258,#2259));
#422=EDGE_LOOP('',(#2260,#2261,#2262,#2263));
#423=EDGE_LOOP('',(#2264,#2265,#2266,#2267));
#424=EDGE_LOOP('',(#2268,#2269,#2270,#2271));
#425=EDGE_LOOP('',(#2272,#2273,#2274,#2275));
#426=EDGE_LOOP('',(#2276,#2277,#2278,#2279));
#427=EDGE_LOOP('',(#2280,#2281,#2282,#2283));
#428=EDGE_LOOP('',(#2284,#2285,#2286,#2287));
#429=EDGE_LOOP('',(#2288,#2289,#2290,#2291,#2292,#2293,#2294,#2295,#2296,
#2297,#2298,#2299,#2300,#2301,#2302,#2303,#2304,#2305,#2306,#2307,#2308,
#2309,#2310,#2311,#2312,#2313,#2314,#2315,#2316,#2317,#2318,#2319,#2320,
#2321,#2322,#2323,#2324,#2325,#2326,#2327,#2328,#2329,#2330,#2331,#2332,
#2333,#2334,#2335,#2336,#2337,#2338,#2339,#2340,#2341,#2342,#2343,#2344,
#2345,#2346,#2347,#2348,#2349,#2350,#2351,#2352,#2353,#2354,#2355,#2356,
#2357,#2358,#2359,#2360,#2361,#2362,#2363,#2364,#2365,#2366,#2367));
#430=EDGE_LOOP('',(#2368));
#431=EDGE_LOOP('',(#2369,#2370,#2371,#2372,#2373,#2374,#2375,#2376,#2377,
#2378,#2379,#2380,#2381,#2382,#2383,#2384,#2385,#2386,#2387,#2388,#2389,
#2390,#2391,#2392,#2393,#2394,#2395,#2396,#2397,#2398,#2399,#2400,#2401,
#2402,#2403,#2404,#2405,#2406,#2407,#2408,#2409,#2410,#2411,#2412,#2413,
#2414,#2415,#2416,#2417,#2418,#2419,#2420,#2421,#2422,#2423,#2424,#2425,
#2426,#2427,#2428,#2429,#2430,#2431,#2432,#2433,#2434,#2435,#2436,#2437,
#2438,#2439,#2440,#2441,#2442,#2443,#2444,#2445,#2446,#2447,#2448));
#432=EDGE_LOOP('',(#2449));
#433=EDGE_LOOP('',(#2450));
#434=EDGE_LOOP('',(#2451));
#435=EDGE_LOOP('',(#2452,#2453,#2454,#2455));
#436=EDGE_LOOP('',(#2456,#2457,#2458,#2459));
#437=EDGE_LOOP('',(#2460));
#438=EDGE_LOOP('',(#2461));
#439=EDGE_LOOP('',(#2462,#2463,#2464,#2465));
#440=EDGE_LOOP('',(#2466,#2467,#2468,#2469));
#441=EDGE_LOOP('',(#2470));
#442=EDGE_LOOP('',(#2471));
#443=EDGE_LOOP('',(#2472,#2473,#2474,#2475));
#444=EDGE_LOOP('',(#2476,#2477,#2478,#2479));
#445=EDGE_LOOP('',(#2480));
#446=EDGE_LOOP('',(#2481));
#447=EDGE_LOOP('',(#2482,#2483,#2484,#2485));
#448=EDGE_LOOP('',(#2486,#2487,#2488,#2489));
#449=EDGE_LOOP('',(#2490));
#450=EDGE_LOOP('',(#2491));
#451=EDGE_LOOP('',(#2492,#2493,#2494,#2495));
#452=EDGE_LOOP('',(#2496,#2497,#2498,#2499));
#453=EDGE_LOOP('',(#2500,#2501,#2502,#2503));
#454=EDGE_LOOP('',(#2504,#2505,#2506,#2507));
#455=EDGE_LOOP('',(#2508,#2509,#2510,#2511));
#456=EDGE_LOOP('',(#2512,#2513,#2514,#2515));
#457=EDGE_LOOP('',(#2516,#2517,#2518,#2519));
#458=EDGE_LOOP('',(#2520,#2521,#2522,#2523));
#459=EDGE_LOOP('',(#2524));
#460=EDGE_LOOP('',(#2525));
#461=EDGE_LOOP('',(#2526));
#462=EDGE_LOOP('',(#2527));
#463=EDGE_LOOP('',(#2528));
#464=EDGE_LOOP('',(#2529,#2530,#2531,#2532));
#465=EDGE_LOOP('',(#2533,#2534,#2535,#2536));
#466=EDGE_LOOP('',(#2537,#2538,#2539,#2540));
#467=EDGE_LOOP('',(#2541));
#468=EDGE_LOOP('',(#2542,#2543,#2544,#2545,#2546));
#469=EDGE_LOOP('',(#2547));
#470=EDGE_LOOP('',(#2548,#2549,#2550,#2551,#2552));
#471=EDGE_LOOP('',(#2553));
#472=EDGE_LOOP('',(#2554,#2555,#2556,#2557,#2558));
#473=EDGE_LOOP('',(#2559));
#474=EDGE_LOOP('',(#2560,#2561,#2562,#2563,#2564));
#475=EDGE_LOOP('',(#2565));
#476=EDGE_LOOP('',(#2566,#2567,#2568,#2569));
#477=EDGE_LOOP('',(#2570,#2571,#2572,#2573));
#478=EDGE_LOOP('',(#2574,#2575,#2576,#2577));
#479=EDGE_LOOP('',(#2578,#2579,#2580,#2581));
#480=EDGE_LOOP('',(#2582,#2583,#2584,#2585));
#481=EDGE_LOOP('',(#2586,#2587,#2588,#2589));
#482=EDGE_LOOP('',(#2590,#2591,#2592,#2593));
#483=EDGE_LOOP('',(#2594,#2595));
#484=EDGE_LOOP('',(#2596,#2597));
#485=EDGE_LOOP('',(#2598,#2599));
#486=EDGE_LOOP('',(#2600,#2601));
#487=EDGE_LOOP('',(#2602));
#488=EDGE_LOOP('',(#2603));
#489=EDGE_LOOP('',(#2604));
#490=EDGE_LOOP('',(#2605));
#491=EDGE_LOOP('',(#2606));
#492=EDGE_LOOP('',(#2607,#2608,#2609,#2610));
#493=EDGE_LOOP('',(#2611,#2612,#2613,#2614));
#494=EDGE_LOOP('',(#2615,#2616,#2617,#2618));
#495=EDGE_LOOP('',(#2619));
#496=B_SPLINE_CURVE_WITH_KNOTS('',3,(#3890,#3891,#3892,#3893,#3894,#3895,
#3896,#3897,#3898,#3899,#3900,#3901,#3902,#3903,#3904,#3905,#3906,#3907),
 .UNSPECIFIED.,.F.,.F.,(4,2,2,2,2,2,2,2,4),(-0.843934670545883,-0.79118874764874,
-0.738442824751597,-0.685696913830504,-0.632951002909412,-0.58020509198832,
-0.527459181067228,-0.474713258170085,-0.421967335272942),.UNSPECIFIED.);
#497=B_SPLINE_CURVE_WITH_KNOTS('',3,(#3908,#3909,#3910,#3911,#3912,#3913,
#3914,#3915,#3916,#3917,#3918,#3919,#3920,#3921,#3922,#3923,#3924,#3925),
 .UNSPECIFIED.,.F.,.F.,(4,2,2,2,2,2,2,2,4),(-0.421967335272942,-0.369221412375798,
-0.316475489478655,-0.263729578557563,-0.210983667636471,-0.158237756715379,
-0.105491845794286,-0.0527459228971432,0.),.UNSPECIFIED.);
#498=B_SPLINE_CURVE_WITH_KNOTS('',3,(#3937,#3938,#3939,#3940,#3941,#3942,
#3943,#3944,#3945,#3946,#3947,#3948,#3949,#3950,#3951,#3952),
 .UNSPECIFIED.,.F.,.F.,(4,2,2,2,2,2,2,4),(0.908581763224857,0.998726491929994,
1.09859903923886,1.19847158654773,1.2983441338566,1.39821668116547,1.49808939828122,
1.50597837260426),.UNSPECIFIED.);
#499=B_SPLINE_CURVE_WITH_KNOTS('',3,(#3960,#3961,#3962,#3963,#3964,#3965,
#3966,#3967,#3968,#3969,#3970,#3971,#3972,#3973,#3974,#3975),
 .UNSPECIFIED.,.F.,.F.,(4,2,2,2,2,2,2,4),(0.0919837427927209,0.0998727171157527,
0.199745434231505,0.299617981540375,0.399490528849244,0.499363076158114,
0.599235623466983,0.689380352172122),.UNSPECIFIED.);
#500=B_SPLINE_CURVE_WITH_KNOTS('',3,(#4007,#4008,#4009,#4010,#4011,#4012,
#4013,#4014,#4015,#4016,#4017,#4018,#4019,#4020,#4021,#4022,#4023,#4024),
 .UNSPECIFIED.,.F.,.F.,(4,2,2,2,2,2,2,2,4),(-0.843934670545883,-0.79118874764874,
-0.738442824751597,-0.685696913830504,-0.632951002909412,-0.58020509198832,
-0.527459181067228,-0.474713258170085,-0.421967335272942),.UNSPECIFIED.);
#501=B_SPLINE_CURVE_WITH_KNOTS('',3,(#4025,#4026,#4027,#4028,#4029,#4030,
#4031,#4032,#4033,#4034,#4035,#4036,#4037,#4038,#4039,#4040,#4041,#4042),
 .UNSPECIFIED.,.F.,.F.,(4,2,2,2,2,2,2,2,4),(-0.421967335272942,-0.369221412375798,
-0.316475489478655,-0.263729578557563,-0.210983667636471,-0.158237756715379,
-0.105491845794286,-0.0527459228971432,0.),.UNSPECIFIED.);
#502=B_SPLINE_CURVE_WITH_KNOTS('',3,(#4054,#4055,#4056,#4057,#4058,#4059,
#4060,#4061,#4062,#4063,#4064,#4065,#4066,#4067,#4068,#4069),
 .UNSPECIFIED.,.F.,.F.,(4,2,2,2,2,2,2,4),(0.908581763224857,0.998726491929994,
1.09859903923886,1.19847158654773,1.2983441338566,1.39821668116547,1.49808939828122,
1.50597837260426),.UNSPECIFIED.);
#503=B_SPLINE_CURVE_WITH_KNOTS('',3,(#4077,#4078,#4079,#4080,#4081,#4082,
#4083,#4084,#4085,#4086,#4087,#4088,#4089,#4090,#4091,#4092),
 .UNSPECIFIED.,.F.,.F.,(4,2,2,2,2,2,2,4),(0.0919837427927209,0.0998727171157527,
0.199745434231505,0.299617981540375,0.399490528849244,0.499363076158114,
0.599235623466983,0.689380352172121),.UNSPECIFIED.);
#504=B_SPLINE_CURVE_WITH_KNOTS('',3,(#4124,#4125,#4126,#4127,#4128,#4129,
#4130,#4131,#4132,#4133,#4134,#4135,#4136,#4137,#4138,#4139,#4140,#4141),
 .UNSPECIFIED.,.F.,.F.,(4,2,2,2,2,2,2,2,4),(-0.843934670545883,-0.791188747648739,
-0.738442824751596,-0.685696913830504,-0.632951002909412,-0.58020509198832,
-0.527459181067228,-0.474713258170085,-0.421967335272941),.UNSPECIFIED.);
#505=B_SPLINE_CURVE_WITH_KNOTS('',3,(#4142,#4143,#4144,#4145,#4146,#4147,
#4148,#4149,#4150,#4151,#4152,#4153,#4154,#4155,#4156,#4157,#4158,#4159),
 .UNSPECIFIED.,.F.,.F.,(4,2,2,2,2,2,2,2,4),(-0.421967335272941,-0.369221412375798,
-0.316475489478655,-0.263729578557563,-0.210983667636471,-0.158237756715379,
-0.105491845794286,-0.0527459228971432,0.),.UNSPECIFIED.);
#506=B_SPLINE_CURVE_WITH_KNOTS('',3,(#4171,#4172,#4173,#4174,#4175,#4176,
#4177,#4178,#4179,#4180,#4181,#4182,#4183,#4184,#4185,#4186),
 .UNSPECIFIED.,.F.,.F.,(4,2,2,2,2,2,2,4),(0.908581763224857,0.998726491929994,
1.09859903923886,1.19847158654773,1.2983441338566,1.39821668116547,1.49808939828122,
1.50597837260426),.UNSPECIFIED.);
#507=B_SPLINE_CURVE_WITH_KNOTS('',3,(#4194,#4195,#4196,#4197,#4198,#4199,
#4200,#4201,#4202,#4203,#4204,#4205,#4206,#4207,#4208,#4209),
 .UNSPECIFIED.,.F.,.F.,(4,2,2,2,2,2,2,4),(0.0919837427927211,0.0998727171157527,
0.199745434231505,0.299617981540375,0.399490528849244,0.499363076158114,
0.599235623466983,0.689380352172121),.UNSPECIFIED.);
#508=B_SPLINE_CURVE_WITH_KNOTS('',3,(#4241,#4242,#4243,#4244,#4245,#4246,
#4247,#4248,#4249,#4250,#4251,#4252,#4253,#4254,#4255,#4256,#4257,#4258),
 .UNSPECIFIED.,.F.,.F.,(4,2,2,2,2,2,2,2,4),(-0.843934670545883,-0.791188747648739,
-0.738442824751596,-0.685696913830504,-0.632951002909412,-0.58020509198832,
-0.527459181067228,-0.474713258170085,-0.421967335272941),.UNSPECIFIED.);
#509=B_SPLINE_CURVE_WITH_KNOTS('',3,(#4259,#4260,#4261,#4262,#4263,#4264,
#4265,#4266,#4267,#4268,#4269,#4270,#4271,#4272,#4273,#4274,#4275,#4276),
 .UNSPECIFIED.,.F.,.F.,(4,2,2,2,2,2,2,2,4),(-0.421967335272941,-0.369221412375798,
-0.316475489478655,-0.263729578557563,-0.210983667636471,-0.158237756715379,
-0.105491845794286,-0.0527459228971432,0.),.UNSPECIFIED.);
#510=B_SPLINE_CURVE_WITH_KNOTS('',3,(#4288,#4289,#4290,#4291,#4292,#4293,
#4294,#4295,#4296,#4297,#4298,#4299,#4300,#4301,#4302,#4303),
 .UNSPECIFIED.,.F.,.F.,(4,2,2,2,2,2,2,4),(0.908581763224855,0.998726491929994,
1.09859903923886,1.19847158654773,1.2983441338566,1.39821668116547,1.49808939828122,
1.50597837260426),.UNSPECIFIED.);
#511=B_SPLINE_CURVE_WITH_KNOTS('',3,(#4311,#4312,#4313,#4314,#4315,#4316,
#4317,#4318,#4319,#4320,#4321,#4322,#4323,#4324,#4325,#4326),
 .UNSPECIFIED.,.F.,.F.,(4,2,2,2,2,2,2,4),(0.0919837427927211,0.0998727171157527,
0.199745434231505,0.299617981540375,0.399490528849244,0.499363076158114,
0.599235623466983,0.689380352172124),.UNSPECIFIED.);
#512=B_SPLINE_CURVE_WITH_KNOTS('',3,(#4905,#4906,#4907,#4908,#4909,#4910,
#4911,#4912,#4913,#4914,#4915,#4916,#4917,#4918,#4919,#4920,#4921,#4922),
 .UNSPECIFIED.,.F.,.F.,(4,2,2,2,2,2,2,2,4),(0.,0.0527460126322053,0.105492025264411,
0.15823802570003,0.21098402613565,0.26373002657127,0.316476027006889,0.369222039639095,
0.4219680522713),.UNSPECIFIED.);
#513=B_SPLINE_CURVE_WITH_KNOTS('',3,(#4923,#4924,#4925,#4926,#4927,#4928,
#4929,#4930,#4931,#4932,#4933,#4934,#4935,#4936,#4937,#4938,#4939,#4940),
 .UNSPECIFIED.,.F.,.F.,(4,2,2,2,2,2,2,2,4),(0.4219680522713,0.474714064903505,
0.52746007753571,0.58020607797133,0.63295207840695,0.68569807884257,0.738444079278189,
0.791190091910394,0.8439361045426),.UNSPECIFIED.);
#514=B_SPLINE_CURVE_WITH_KNOTS('',3,(#4948,#4949,#4950,#4951,#4952,#4953,
#4954,#4955,#4956,#4957,#4958,#4959,#4960,#4961,#4962,#4963,#4964,#4965),
 .UNSPECIFIED.,.F.,.F.,(4,2,2,2,2,2,2,2,4),(0.,0.0527460126322053,0.105492025264411,
0.15823802570003,0.21098402613565,0.26373002657127,0.316476027006889,0.369222039639095,
0.4219680522713),.UNSPECIFIED.);
#515=B_SPLINE_CURVE_WITH_KNOTS('',3,(#4966,#4967,#4968,#4969,#4970,#4971,
#4972,#4973,#4974,#4975,#4976,#4977,#4978,#4979,#4980,#4981,#4982,#4983),
 .UNSPECIFIED.,.F.,.F.,(4,2,2,2,2,2,2,2,4),(0.4219680522713,0.474714064903505,
0.52746007753571,0.58020607797133,0.63295207840695,0.685698078842569,0.738444079278189,
0.791190091910394,0.843936104542599),.UNSPECIFIED.);
#516=B_SPLINE_CURVE_WITH_KNOTS('',3,(#4991,#4992,#4993,#4994,#4995,#4996,
#4997,#4998,#4999,#5000,#5001,#5002,#5003,#5004,#5005,#5006,#5007,#5008),
 .UNSPECIFIED.,.F.,.F.,(4,2,2,2,2,2,2,2,4),(0.,0.0527460126322053,0.105492025264411,
0.15823802570003,0.21098402613565,0.26373002657127,0.316476027006889,0.369222039639095,
0.4219680522713),.UNSPECIFIED.);
#517=B_SPLINE_CURVE_WITH_KNOTS('',3,(#5009,#5010,#5011,#5012,#5013,#5014,
#5015,#5016,#5017,#5018,#5019,#5020,#5021,#5022,#5023,#5024,#5025,#5026),
 .UNSPECIFIED.,.F.,.F.,(4,2,2,2,2,2,2,2,4),(0.4219680522713,0.474714064903505,
0.52746007753571,0.58020607797133,0.63295207840695,0.68569807884257,0.738444079278189,
0.791190091910394,0.8439361045426),.UNSPECIFIED.);
#518=B_SPLINE_CURVE_WITH_KNOTS('',3,(#5034,#5035,#5036,#5037,#5038,#5039,
#5040,#5041,#5042,#5043,#5044,#5045,#5046,#5047,#5048,#5049,#5050,#5051),
 .UNSPECIFIED.,.F.,.F.,(4,2,2,2,2,2,2,2,4),(0.,0.0527460126322053,0.105492025264411,
0.15823802570003,0.21098402613565,0.26373002657127,0.316476027006889,0.369222039639095,
0.4219680522713),.UNSPECIFIED.);
#519=B_SPLINE_CURVE_WITH_KNOTS('',3,(#5052,#5053,#5054,#5055,#5056,#5057,
#5058,#5059,#5060,#5061,#5062,#5063,#5064,#5065,#5066,#5067,#5068,#5069),
 .UNSPECIFIED.,.F.,.F.,(4,2,2,2,2,2,2,2,4),(0.4219680522713,0.474714064903505,
0.52746007753571,0.58020607797133,0.63295207840695,0.685698078842569,0.738444079278189,
0.791190091910394,0.8439361045426),.UNSPECIFIED.);
#520=LINE('',#3888,#784);
#521=LINE('',#3931,#785);
#522=LINE('',#3981,#786);
#523=LINE('',#3983,#787);
#524=LINE('',#3985,#788);
#525=LINE('',#3987,#789);
#526=LINE('',#3988,#790);
#527=LINE('',#3991,#791);
#528=LINE('',#3992,#792);
#529=LINE('',#3995,#793);
#530=LINE('',#3999,#794);
#531=LINE('',#4000,#795);
#532=LINE('',#4005,#796);
#533=LINE('',#4048,#797);
#534=LINE('',#4098,#798);
#535=LINE('',#4100,#799);
#536=LINE('',#4102,#800);
#537=LINE('',#4104,#801);
#538=LINE('',#4105,#802);
#539=LINE('',#4108,#803);
#540=LINE('',#4109,#804);
#541=LINE('',#4112,#805);
#542=LINE('',#4116,#806);
#543=LINE('',#4117,#807);
#544=LINE('',#4122,#808);
#545=LINE('',#4165,#809);
#546=LINE('',#4215,#810);
#547=LINE('',#4217,#811);
#548=LINE('',#4219,#812);
#549=LINE('',#4221,#813);
#550=LINE('',#4222,#814);
#551=LINE('',#4225,#815);
#552=LINE('',#4226,#816);
#553=LINE('',#4229,#817);
#554=LINE('',#4233,#818);
#555=LINE('',#4234,#819);
#556=LINE('',#4239,#820);
#557=LINE('',#4282,#821);
#558=LINE('',#4332,#822);
#559=LINE('',#4334,#823);
#560=LINE('',#4336,#824);
#561=LINE('',#4338,#825);
#562=LINE('',#4339,#826);
#563=LINE('',#4342,#827);
#564=LINE('',#4343,#828);
#565=LINE('',#4346,#829);
#566=LINE('',#4350,#830);
#567=LINE('',#4351,#831);
#568=LINE('',#4356,#832);
#569=LINE('',#4363,#833);
#570=LINE('',#4366,#834);
#571=LINE('',#4369,#835);
#572=LINE('',#4371,#836);
#573=LINE('',#4372,#837);
#574=LINE('',#4375,#838);
#575=LINE('',#4377,#839);
#576=LINE('',#4378,#840);
#577=LINE('',#4381,#841);
#578=LINE('',#4383,#842);
#579=LINE('',#4384,#843);
#580=LINE('',#4390,#844);
#581=LINE('',#4393,#845);
#582=LINE('',#4395,#846);
#583=LINE('',#4396,#847);
#584=LINE('',#4399,#848);
#585=LINE('',#4400,#849);
#586=LINE('',#4401,#850);
#587=LINE('',#4404,#851);
#588=LINE('',#4405,#852);
#589=LINE('',#4408,#853);
#590=LINE('',#4411,#854);
#591=LINE('',#4414,#855);
#592=LINE('',#4416,#856);
#593=LINE('',#4417,#857);
#594=LINE('',#4423,#858);
#595=LINE('',#4426,#859);
#596=LINE('',#4428,#860);
#597=LINE('',#4429,#861);
#598=LINE('',#4432,#862);
#599=LINE('',#4434,#863);
#600=LINE('',#4435,#864);
#601=LINE('',#4438,#865);
#602=LINE('',#4440,#866);
#603=LINE('',#4441,#867);
#604=LINE('',#4447,#868);
#605=LINE('',#4450,#869);
#606=LINE('',#4452,#870);
#607=LINE('',#4453,#871);
#608=LINE('',#4456,#872);
#609=LINE('',#4458,#873);
#610=LINE('',#4459,#874);
#611=LINE('',#4462,#875);
#612=LINE('',#4464,#876);
#613=LINE('',#4465,#877);
#614=LINE('',#4471,#878);
#615=LINE('',#4474,#879);
#616=LINE('',#4476,#880);
#617=LINE('',#4477,#881);
#618=LINE('',#4480,#882);
#619=LINE('',#4482,#883);
#620=LINE('',#4483,#884);
#621=LINE('',#4486,#885);
#622=LINE('',#4488,#886);
#623=LINE('',#4489,#887);
#624=LINE('',#4495,#888);
#625=LINE('',#4498,#889);
#626=LINE('',#4500,#890);
#627=LINE('',#4501,#891);
#628=LINE('',#4504,#892);
#629=LINE('',#4505,#893);
#630=LINE('',#4506,#894);
#631=LINE('',#4509,#895);
#632=LINE('',#4510,#896);
#633=LINE('',#4513,#897);
#634=LINE('',#4516,#898);
#635=LINE('',#4519,#899);
#636=LINE('',#4521,#900);
#637=LINE('',#4522,#901);
#638=LINE('',#4528,#902);
#639=LINE('',#4531,#903);
#640=LINE('',#4533,#904);
#641=LINE('',#4534,#905);
#642=LINE('',#4537,#906);
#643=LINE('',#4539,#907);
#644=LINE('',#4540,#908);
#645=LINE('',#4543,#909);
#646=LINE('',#4545,#910);
#647=LINE('',#4546,#911);
#648=LINE('',#4552,#912);
#649=LINE('',#4555,#913);
#650=LINE('',#4557,#914);
#651=LINE('',#4558,#915);
#652=LINE('',#4561,#916);
#653=LINE('',#4563,#917);
#654=LINE('',#4564,#918);
#655=LINE('',#4567,#919);
#656=LINE('',#4569,#920);
#657=LINE('',#4570,#921);
#658=LINE('',#4576,#922);
#659=LINE('',#4579,#923);
#660=LINE('',#4581,#924);
#661=LINE('',#4582,#925);
#662=LINE('',#4585,#926);
#663=LINE('',#4587,#927);
#664=LINE('',#4588,#928);
#665=LINE('',#4591,#929);
#666=LINE('',#4593,#930);
#667=LINE('',#4594,#931);
#668=LINE('',#4600,#932);
#669=LINE('',#4603,#933);
#670=LINE('',#4605,#934);
#671=LINE('',#4606,#935);
#672=LINE('',#4609,#936);
#673=LINE('',#4610,#937);
#674=LINE('',#4611,#938);
#675=LINE('',#4614,#939);
#676=LINE('',#4615,#940);
#677=LINE('',#4618,#941);
#678=LINE('',#4621,#942);
#679=LINE('',#4624,#943);
#680=LINE('',#4626,#944);
#681=LINE('',#4627,#945);
#682=LINE('',#4633,#946);
#683=LINE('',#4636,#947);
#684=LINE('',#4638,#948);
#685=LINE('',#4639,#949);
#686=LINE('',#4642,#950);
#687=LINE('',#4644,#951);
#688=LINE('',#4645,#952);
#689=LINE('',#4648,#953);
#690=LINE('',#4650,#954);
#691=LINE('',#4651,#955);
#692=LINE('',#4657,#956);
#693=LINE('',#4660,#957);
#694=LINE('',#4662,#958);
#695=LINE('',#4663,#959);
#696=LINE('',#4666,#960);
#697=LINE('',#4668,#961);
#698=LINE('',#4669,#962);
#699=LINE('',#4672,#963);
#700=LINE('',#4674,#964);
#701=LINE('',#4675,#965);
#702=LINE('',#4681,#966);
#703=LINE('',#4684,#967);
#704=LINE('',#4686,#968);
#705=LINE('',#4687,#969);
#706=LINE('',#4690,#970);
#707=LINE('',#4692,#971);
#708=LINE('',#4693,#972);
#709=LINE('',#4696,#973);
#710=LINE('',#4698,#974);
#711=LINE('',#4699,#975);
#712=LINE('',#4705,#976);
#713=LINE('',#4708,#977);
#714=LINE('',#4710,#978);
#715=LINE('',#4711,#979);
#716=LINE('',#4714,#980);
#717=LINE('',#4715,#981);
#718=LINE('',#4716,#982);
#719=LINE('',#4719,#983);
#720=LINE('',#4720,#984);
#721=LINE('',#4723,#985);
#722=LINE('',#4726,#986);
#723=LINE('',#4729,#987);
#724=LINE('',#4731,#988);
#725=LINE('',#4732,#989);
#726=LINE('',#4738,#990);
#727=LINE('',#4741,#991);
#728=LINE('',#4743,#992);
#729=LINE('',#4744,#993);
#730=LINE('',#4747,#994);
#731=LINE('',#4749,#995);
#732=LINE('',#4750,#996);
#733=LINE('',#4753,#997);
#734=LINE('',#4755,#998);
#735=LINE('',#4756,#999);
#736=LINE('',#4762,#1000);
#737=LINE('',#4765,#1001);
#738=LINE('',#4767,#1002);
#739=LINE('',#4768,#1003);
#740=LINE('',#4771,#1004);
#741=LINE('',#4773,#1005);
#742=LINE('',#4774,#1006);
#743=LINE('',#4776,#1007);
#744=LINE('',#4777,#1008);
#745=LINE('',#4788,#1009);
#746=LINE('',#4791,#1010);
#747=LINE('',#4801,#1011);
#748=LINE('',#4804,#1012);
#749=LINE('',#4814,#1013);
#750=LINE('',#4817,#1014);
#751=LINE('',#4827,#1015);
#752=LINE('',#4830,#1016);
#753=LINE('',#4840,#1017);
#754=LINE('',#4843,#1018);
#755=LINE('',#4850,#1019);
#756=LINE('',#4853,#1020);
#757=LINE('',#4856,#1021);
#758=LINE('',#4858,#1022);
#759=LINE('',#4859,#1023);
#760=LINE('',#4865,#1024);
#761=LINE('',#4868,#1025);
#762=LINE('',#4871,#1026);
#763=LINE('',#4873,#1027);
#764=LINE('',#4874,#1028);
#765=LINE('',#4880,#1029);
#766=LINE('',#4883,#1030);
#767=LINE('',#4886,#1031);
#768=LINE('',#4888,#1032);
#769=LINE('',#4889,#1033);
#770=LINE('',#4895,#1034);
#771=LINE('',#4897,#1035);
#772=LINE('',#4900,#1036);
#773=LINE('',#4942,#1037);
#774=LINE('',#4985,#1038);
#775=LINE('',#5028,#1039);
#776=LINE('',#5071,#1040);
#777=LINE('',#5077,#1041);
#778=LINE('',#5079,#1042);
#779=LINE('',#5083,#1043);
#780=LINE('',#5085,#1044);
#781=LINE('',#5088,#1045);
#782=LINE('',#5089,#1046);
#783=LINE('',#5094,#1047);
#784=VECTOR('',#3101,1.4);
#785=VECTOR('',#3108,2.65);
#786=VECTOR('',#3125,10.);
#787=VECTOR('',#3126,10.);
#788=VECTOR('',#3127,10.);
#789=VECTOR('',#3128,10.);
#790=VECTOR('',#3129,10.);
#791=VECTOR('',#3132,10.);
#792=VECTOR('',#3133,10.);
#793=VECTOR('',#3136,10.);
#794=VECTOR('',#3141,10.);
#795=VECTOR('',#3142,10.);
#796=VECTOR('',#3147,1.4);
#797=VECTOR('',#3154,2.65);
#798=VECTOR('',#3171,10.);
#799=VECTOR('',#3172,10.);
#800=VECTOR('',#3173,10.);
#801=VECTOR('',#3174,10.);
#802=VECTOR('',#3175,10.);
#803=VECTOR('',#3178,10.);
#804=VECTOR('',#3179,10.);
#805=VECTOR('',#3182,10.);
#806=VECTOR('',#3187,10.);
#807=VECTOR('',#3188,10.);
#808=VECTOR('',#3193,1.4);
#809=VECTOR('',#3200,2.65);
#810=VECTOR('',#3217,10.);
#811=VECTOR('',#3218,10.);
#812=VECTOR('',#3219,10.);
#813=VECTOR('',#3220,10.);
#814=VECTOR('',#3221,10.);
#815=VECTOR('',#3224,10.);
#816=VECTOR('',#3225,10.);
#817=VECTOR('',#3228,10.);
#818=VECTOR('',#3233,10.);
#819=VECTOR('',#3234,10.);
#820=VECTOR('',#3239,1.4);
#821=VECTOR('',#3246,2.65);
#822=VECTOR('',#3263,10.);
#823=VECTOR('',#3264,10.);
#824=VECTOR('',#3265,10.);
#825=VECTOR('',#3266,10.);
#826=VECTOR('',#3267,10.);
#827=VECTOR('',#3270,10.);
#828=VECTOR('',#3271,10.);
#829=VECTOR('',#3274,10.);
#830=VECTOR('',#3279,10.);
#831=VECTOR('',#3280,10.);
#832=VECTOR('',#3285,27.5);
#833=VECTOR('',#3292,10.);
#834=VECTOR('',#3295,10.);
#835=VECTOR('',#3298,10.);
#836=VECTOR('',#3299,10.);
#837=VECTOR('',#3300,10.);
#838=VECTOR('',#3303,10.);
#839=VECTOR('',#3304,10.);
#840=VECTOR('',#3305,10.);
#841=VECTOR('',#3308,10.);
#842=VECTOR('',#3309,10.);
#843=VECTOR('',#3310,10.);
#844=VECTOR('',#3317,10.);
#845=VECTOR('',#3320,10.);
#846=VECTOR('',#3321,10.);
#847=VECTOR('',#3322,10.);
#848=VECTOR('',#3325,10.);
#849=VECTOR('',#3326,10.);
#850=VECTOR('',#3327,10.);
#851=VECTOR('',#3330,10.);
#852=VECTOR('',#3331,10.);
#853=VECTOR('',#3334,10.);
#854=VECTOR('',#3339,10.);
#855=VECTOR('',#3342,10.);
#856=VECTOR('',#3343,10.);
#857=VECTOR('',#3344,10.);
#858=VECTOR('',#3351,10.);
#859=VECTOR('',#3354,10.);
#860=VECTOR('',#3355,10.);
#861=VECTOR('',#3356,10.);
#862=VECTOR('',#3359,10.);
#863=VECTOR('',#3360,10.);
#864=VECTOR('',#3361,10.);
#865=VECTOR('',#3364,10.);
#866=VECTOR('',#3365,10.);
#867=VECTOR('',#3366,10.);
#868=VECTOR('',#3373,10.);
#869=VECTOR('',#3376,10.);
#870=VECTOR('',#3377,10.);
#871=VECTOR('',#3378,10.);
#872=VECTOR('',#3381,10.);
#873=VECTOR('',#3382,10.);
#874=VECTOR('',#3383,10.);
#875=VECTOR('',#3386,10.);
#876=VECTOR('',#3387,10.);
#877=VECTOR('',#3388,10.);
#878=VECTOR('',#3395,10.);
#879=VECTOR('',#3398,10.);
#880=VECTOR('',#3399,10.);
#881=VECTOR('',#3400,10.);
#882=VECTOR('',#3403,10.);
#883=VECTOR('',#3404,10.);
#884=VECTOR('',#3405,10.);
#885=VECTOR('',#3408,10.);
#886=VECTOR('',#3409,10.);
#887=VECTOR('',#3410,10.);
#888=VECTOR('',#3417,10.);
#889=VECTOR('',#3420,10.);
#890=VECTOR('',#3421,10.);
#891=VECTOR('',#3422,10.);
#892=VECTOR('',#3425,10.);
#893=VECTOR('',#3426,10.);
#894=VECTOR('',#3427,10.);
#895=VECTOR('',#3430,10.);
#896=VECTOR('',#3431,10.);
#897=VECTOR('',#3434,10.);
#898=VECTOR('',#3439,10.);
#899=VECTOR('',#3442,10.);
#900=VECTOR('',#3443,10.);
#901=VECTOR('',#3444,10.);
#902=VECTOR('',#3451,10.);
#903=VECTOR('',#3454,10.);
#904=VECTOR('',#3455,10.);
#905=VECTOR('',#3456,10.);
#906=VECTOR('',#3459,10.);
#907=VECTOR('',#3460,10.);
#908=VECTOR('',#3461,10.);
#909=VECTOR('',#3464,10.);
#910=VECTOR('',#3465,10.);
#911=VECTOR('',#3466,10.);
#912=VECTOR('',#3473,10.);
#913=VECTOR('',#3476,10.);
#914=VECTOR('',#3477,10.);
#915=VECTOR('',#3478,10.);
#916=VECTOR('',#3481,10.);
#917=VECTOR('',#3482,10.);
#918=VECTOR('',#3483,10.);
#919=VECTOR('',#3486,10.);
#920=VECTOR('',#3487,10.);
#921=VECTOR('',#3488,10.);
#922=VECTOR('',#3495,10.);
#923=VECTOR('',#3498,10.);
#924=VECTOR('',#3499,10.);
#925=VECTOR('',#3500,10.);
#926=VECTOR('',#3503,10.);
#927=VECTOR('',#3504,10.);
#928=VECTOR('',#3505,10.);
#929=VECTOR('',#3508,10.);
#930=VECTOR('',#3509,10.);
#931=VECTOR('',#3510,10.);
#932=VECTOR('',#3517,10.);
#933=VECTOR('',#3520,10.);
#934=VECTOR('',#3521,10.);
#935=VECTOR('',#3522,10.);
#936=VECTOR('',#3525,10.);
#937=VECTOR('',#3526,10.);
#938=VECTOR('',#3527,10.);
#939=VECTOR('',#3530,10.);
#940=VECTOR('',#3531,10.);
#941=VECTOR('',#3534,10.);
#942=VECTOR('',#3539,10.);
#943=VECTOR('',#3542,10.);
#944=VECTOR('',#3543,10.);
#945=VECTOR('',#3544,10.);
#946=VECTOR('',#3551,10.);
#947=VECTOR('',#3554,10.);
#948=VECTOR('',#3555,10.);
#949=VECTOR('',#3556,10.);
#950=VECTOR('',#3559,10.);
#951=VECTOR('',#3560,10.);
#952=VECTOR('',#3561,10.);
#953=VECTOR('',#3564,10.);
#954=VECTOR('',#3565,10.);
#955=VECTOR('',#3566,10.);
#956=VECTOR('',#3573,10.);
#957=VECTOR('',#3576,10.);
#958=VECTOR('',#3577,10.);
#959=VECTOR('',#3578,10.);
#960=VECTOR('',#3581,10.);
#961=VECTOR('',#3582,10.);
#962=VECTOR('',#3583,10.);
#963=VECTOR('',#3586,10.);
#964=VECTOR('',#3587,10.);
#965=VECTOR('',#3588,10.);
#966=VECTOR('',#3595,10.);
#967=VECTOR('',#3598,10.);
#968=VECTOR('',#3599,10.);
#969=VECTOR('',#3600,10.);
#970=VECTOR('',#3603,10.);
#971=VECTOR('',#3604,10.);
#972=VECTOR('',#3605,10.);
#973=VECTOR('',#3608,10.);
#974=VECTOR('',#3609,10.);
#975=VECTOR('',#3610,10.);
#976=VECTOR('',#3617,10.);
#977=VECTOR('',#3620,10.);
#978=VECTOR('',#3621,10.);
#979=VECTOR('',#3622,10.);
#980=VECTOR('',#3625,10.);
#981=VECTOR('',#3626,10.);
#982=VECTOR('',#3627,10.);
#983=VECTOR('',#3630,10.);
#984=VECTOR('',#3631,10.);
#985=VECTOR('',#3634,10.);
#986=VECTOR('',#3639,10.);
#987=VECTOR('',#3642,10.);
#988=VECTOR('',#3643,10.);
#989=VECTOR('',#3644,10.);
#990=VECTOR('',#3651,10.);
#991=VECTOR('',#3654,10.);
#992=VECTOR('',#3655,10.);
#993=VECTOR('',#3656,10.);
#994=VECTOR('',#3659,10.);
#995=VECTOR('',#3660,10.);
#996=VECTOR('',#3661,10.);
#997=VECTOR('',#3664,10.);
#998=VECTOR('',#3665,10.);
#999=VECTOR('',#3666,10.);
#1000=VECTOR('',#3673,10.);
#1001=VECTOR('',#3676,10.);
#1002=VECTOR('',#3677,10.);
#1003=VECTOR('',#3678,10.);
#1004=VECTOR('',#3681,10.);
#1005=VECTOR('',#3682,10.);
#1006=VECTOR('',#3683,10.);
#1007=VECTOR('',#3686,10.);
#1008=VECTOR('',#3687,10.);
#1009=VECTOR('',#3702,2.55);
#1010=VECTOR('',#3705,1.75);
#1011=VECTOR('',#3718,2.55);
#1012=VECTOR('',#3721,1.25);
#1013=VECTOR('',#3734,2.55);
#1014=VECTOR('',#3737,1.25);
#1015=VECTOR('',#3750,2.55);
#1016=VECTOR('',#3753,1.25);
#1017=VECTOR('',#3766,2.55);
#1018=VECTOR('',#3769,1.25);
#1019=VECTOR('',#3776,10.);
#1020=VECTOR('',#3779,10.);
#1021=VECTOR('',#3782,9.99999999999999);
#1022=VECTOR('',#3783,10.);
#1023=VECTOR('',#3784,9.99999999999999);
#1024=VECTOR('',#3789,10.);
#1025=VECTOR('',#3792,10.);
#1026=VECTOR('',#3795,9.99999999999999);
#1027=VECTOR('',#3796,10.);
#1028=VECTOR('',#3797,9.99999999999999);
#1029=VECTOR('',#3802,10.);
#1030=VECTOR('',#3805,10.);
#1031=VECTOR('',#3808,10.);
#1032=VECTOR('',#3809,10.);
#1033=VECTOR('',#3810,10.);
#1034=VECTOR('',#3817,10.);
#1035=VECTOR('',#3818,10.);
#1036=VECTOR('',#3821,10.);
#1037=VECTOR('',#3826,1.4);
#1038=VECTOR('',#3833,1.4);
#1039=VECTOR('',#3840,1.4);
#1040=VECTOR('',#3847,1.4);
#1041=VECTOR('',#3856,10.);
#1042=VECTOR('',#3859,10.);
#1043=VECTOR('',#3864,10.);
#1044=VECTOR('',#3867,10.);
#1045=VECTOR('',#3870,10.);
#1046=VECTOR('',#3871,10.);
#1047=VECTOR('',#3878,27.375);
#1048=CIRCLE('',#2835,1.4);
#1049=CIRCLE('',#2837,2.65);
#1050=CIRCLE('',#2849,31.5);
#1051=CIRCLE('',#2852,1.4);
#1052=CIRCLE('',#2854,2.65);
#1053=CIRCLE('',#2866,31.5);
#1054=CIRCLE('',#2869,1.4);
#1055=CIRCLE('',#2871,2.65);
#1056=CIRCLE('',#2883,31.5);
#1057=CIRCLE('',#2886,1.4);
#1058=CIRCLE('',#2888,2.65);
#1059=CIRCLE('',#2900,31.5);
#1060=CIRCLE('',#2903,27.5);
#1061=CIRCLE('',#2904,27.5);
#1062=CIRCLE('',#2906,31.5);
#1063=CIRCLE('',#2907,31.5);
#1064=CIRCLE('',#2912,31.5);
#1065=CIRCLE('',#2913,31.5);
#1066=CIRCLE('',#2918,31.5);
#1067=CIRCLE('',#2922,31.5);
#1068=CIRCLE('',#2923,31.5);
#1069=CIRCLE('',#2928,31.5);
#1070=CIRCLE('',#2929,31.5);
#1071=CIRCLE('',#2934,31.5);
#1072=CIRCLE('',#2935,31.5);
#1073=CIRCLE('',#2940,31.5);
#1074=CIRCLE('',#2941,31.5);
#1075=CIRCLE('',#2946,31.5);
#1076=CIRCLE('',#2950,31.5);
#1077=CIRCLE('',#2951,31.5);
#1078=CIRCLE('',#2956,31.5);
#1079=CIRCLE('',#2957,31.5);
#1080=CIRCLE('',#2962,31.5);
#1081=CIRCLE('',#2963,31.5);
#1082=CIRCLE('',#2968,31.5);
#1083=CIRCLE('',#2969,31.5);
#1084=CIRCLE('',#2974,31.5);
#1085=CIRCLE('',#2978,31.5);
#1086=CIRCLE('',#2979,31.5);
#1087=CIRCLE('',#2984,31.5);
#1088=CIRCLE('',#2985,31.5);
#1089=CIRCLE('',#2990,31.5);
#1090=CIRCLE('',#2991,31.5);
#1091=CIRCLE('',#2996,31.5);
#1092=CIRCLE('',#2997,31.5);
#1093=CIRCLE('',#3002,31.5);
#1094=CIRCLE('',#3006,31.5);
#1095=CIRCLE('',#3007,31.5);
#1096=CIRCLE('',#3012,31.5);
#1097=CIRCLE('',#3013,31.5);
#1098=CIRCLE('',#3020,2.55);
#1099=CIRCLE('',#3021,1.75);
#1100=CIRCLE('',#3023,2.55);
#1101=CIRCLE('',#3025,1.75);
#1102=CIRCLE('',#3027,2.55);
#1103=CIRCLE('',#3028,1.25);
#1104=CIRCLE('',#3030,2.55);
#1105=CIRCLE('',#3032,1.25);
#1106=CIRCLE('',#3034,2.55);
#1107=CIRCLE('',#3035,1.25);
#1108=CIRCLE('',#3037,2.55);
#1109=CIRCLE('',#3039,1.25);
#1110=CIRCLE('',#3041,2.55);
#1111=CIRCLE('',#3042,1.25);
#1112=CIRCLE('',#3044,2.55);
#1113=CIRCLE('',#3046,1.25);
#1114=CIRCLE('',#3048,2.55);
#1115=CIRCLE('',#3049,1.25);
#1116=CIRCLE('',#3051,2.55);
#1117=CIRCLE('',#3053,1.25);
#1118=CIRCLE('',#3055,11.);
#1119=CIRCLE('',#3056,11.);
#1120=CIRCLE('',#3059,11.);
#1121=CIRCLE('',#3060,11.);
#1122=CIRCLE('',#3063,11.);
#1123=CIRCLE('',#3064,11.);
#1124=CIRCLE('',#3067,27.375);
#1125=CIRCLE('',#3068,22.5);
#1126=CIRCLE('',#3069,22.5);
#1127=CIRCLE('',#3070,22.5);
#1128=CIRCLE('',#3072,1.4);
#1129=CIRCLE('',#3075,1.4);
#1130=CIRCLE('',#3078,1.4);
#1131=CIRCLE('',#3081,1.4);
#1132=CIRCLE('',#3084,22.5);
#1133=CIRCLE('',#3087,22.5);
#1134=CIRCLE('',#3091,22.5);
#1135=CIRCLE('',#3093,27.375);
#1136=VERTEX_POINT('',#3885);
#1137=VERTEX_POINT('',#3887);
#1138=VERTEX_POINT('',#3889);
#1139=VERTEX_POINT('',#3927);
#1140=VERTEX_POINT('',#3930);
#1141=VERTEX_POINT('',#3932);
#1142=VERTEX_POINT('',#3934);
#1143=VERTEX_POINT('',#3936);
#1144=VERTEX_POINT('',#3953);
#1145=VERTEX_POINT('',#3955);
#1146=VERTEX_POINT('',#3957);
#1147=VERTEX_POINT('',#3959);
#1148=VERTEX_POINT('',#3976);
#1149=VERTEX_POINT('',#3980);
#1150=VERTEX_POINT('',#3982);
#1151=VERTEX_POINT('',#3984);
#1152=VERTEX_POINT('',#3986);
#1153=VERTEX_POINT('',#3990);
#1154=VERTEX_POINT('',#3994);
#1155=VERTEX_POINT('',#3998);
#1156=VERTEX_POINT('',#4002);
#1157=VERTEX_POINT('',#4004);
#1158=VERTEX_POINT('',#4006);
#1159=VERTEX_POINT('',#4044);
#1160=VERTEX_POINT('',#4047);
#1161=VERTEX_POINT('',#4049);
#1162=VERTEX_POINT('',#4051);
#1163=VERTEX_POINT('',#4053);
#1164=VERTEX_POINT('',#4070);
#1165=VERTEX_POINT('',#4072);
#1166=VERTEX_POINT('',#4074);
#1167=VERTEX_POINT('',#4076);
#1168=VERTEX_POINT('',#4093);
#1169=VERTEX_POINT('',#4097);
#1170=VERTEX_POINT('',#4099);
#1171=VERTEX_POINT('',#4101);
#1172=VERTEX_POINT('',#4103);
#1173=VERTEX_POINT('',#4107);
#1174=VERTEX_POINT('',#4111);
#1175=VERTEX_POINT('',#4115);
#1176=VERTEX_POINT('',#4119);
#1177=VERTEX_POINT('',#4121);
#1178=VERTEX_POINT('',#4123);
#1179=VERTEX_POINT('',#4161);
#1180=VERTEX_POINT('',#4164);
#1181=VERTEX_POINT('',#4166);
#1182=VERTEX_POINT('',#4168);
#1183=VERTEX_POINT('',#4170);
#1184=VERTEX_POINT('',#4187);
#1185=VERTEX_POINT('',#4189);
#1186=VERTEX_POINT('',#4191);
#1187=VERTEX_POINT('',#4193);
#1188=VERTEX_POINT('',#4210);
#1189=VERTEX_POINT('',#4214);
#1190=VERTEX_POINT('',#4216);
#1191=VERTEX_POINT('',#4218);
#1192=VERTEX_POINT('',#4220);
#1193=VERTEX_POINT('',#4224);
#1194=VERTEX_POINT('',#4228);
#1195=VERTEX_POINT('',#4232);
#1196=VERTEX_POINT('',#4236);
#1197=VERTEX_POINT('',#4238);
#1198=VERTEX_POINT('',#4240);
#1199=VERTEX_POINT('',#4278);
#1200=VERTEX_POINT('',#4281);
#1201=VERTEX_POINT('',#4283);
#1202=VERTEX_POINT('',#4285);
#1203=VERTEX_POINT('',#4287);
#1204=VERTEX_POINT('',#4304);
#1205=VERTEX_POINT('',#4306);
#1206=VERTEX_POINT('',#4308);
#1207=VERTEX_POINT('',#4310);
#1208=VERTEX_POINT('',#4327);
#1209=VERTEX_POINT('',#4331);
#1210=VERTEX_POINT('',#4333);
#1211=VERTEX_POINT('',#4335);
#1212=VERTEX_POINT('',#4337);
#1213=VERTEX_POINT('',#4341);
#1214=VERTEX_POINT('',#4345);
#1215=VERTEX_POINT('',#4349);
#1216=VERTEX_POINT('',#4353);
#1217=VERTEX_POINT('',#4355);
#1218=VERTEX_POINT('',#4359);
#1219=VERTEX_POINT('',#4360);
#1220=VERTEX_POINT('',#4362);
#1221=VERTEX_POINT('',#4364);
#1222=VERTEX_POINT('',#4368);
#1223=VERTEX_POINT('',#4370);
#1224=VERTEX_POINT('',#4374);
#1225=VERTEX_POINT('',#4376);
#1226=VERTEX_POINT('',#4380);
#1227=VERTEX_POINT('',#4382);
#1228=VERTEX_POINT('',#4386);
#1229=VERTEX_POINT('',#4388);
#1230=VERTEX_POINT('',#4392);
#1231=VERTEX_POINT('',#4394);
#1232=VERTEX_POINT('',#4398);
#1233=VERTEX_POINT('',#4403);
#1234=VERTEX_POINT('',#4407);
#1235=VERTEX_POINT('',#4413);
#1236=VERTEX_POINT('',#4415);
#1237=VERTEX_POINT('',#4419);
#1238=VERTEX_POINT('',#4421);
#1239=VERTEX_POINT('',#4425);
#1240=VERTEX_POINT('',#4427);
#1241=VERTEX_POINT('',#4431);
#1242=VERTEX_POINT('',#4433);
#1243=VERTEX_POINT('',#4437);
#1244=VERTEX_POINT('',#4439);
#1245=VERTEX_POINT('',#4443);
#1246=VERTEX_POINT('',#4445);
#1247=VERTEX_POINT('',#4449);
#1248=VERTEX_POINT('',#4451);
#1249=VERTEX_POINT('',#4455);
#1250=VERTEX_POINT('',#4457);
#1251=VERTEX_POINT('',#4461);
#1252=VERTEX_POINT('',#4463);
#1253=VERTEX_POINT('',#4467);
#1254=VERTEX_POINT('',#4469);
#1255=VERTEX_POINT('',#4473);
#1256=VERTEX_POINT('',#4475);
#1257=VERTEX_POINT('',#4479);
#1258=VERTEX_POINT('',#4481);
#1259=VERTEX_POINT('',#4485);
#1260=VERTEX_POINT('',#4487);
#1261=VERTEX_POINT('',#4491);
#1262=VERTEX_POINT('',#4493);
#1263=VERTEX_POINT('',#4497);
#1264=VERTEX_POINT('',#4499);
#1265=VERTEX_POINT('',#4503);
#1266=VERTEX_POINT('',#4508);
#1267=VERTEX_POINT('',#4512);
#1268=VERTEX_POINT('',#4518);
#1269=VERTEX_POINT('',#4520);
#1270=VERTEX_POINT('',#4524);
#1271=VERTEX_POINT('',#4526);
#1272=VERTEX_POINT('',#4530);
#1273=VERTEX_POINT('',#4532);
#1274=VERTEX_POINT('',#4536);
#1275=VERTEX_POINT('',#4538);
#1276=VERTEX_POINT('',#4542);
#1277=VERTEX_POINT('',#4544);
#1278=VERTEX_POINT('',#4548);
#1279=VERTEX_POINT('',#4550);
#1280=VERTEX_POINT('',#4554);
#1281=VERTEX_POINT('',#4556);
#1282=VERTEX_POINT('',#4560);
#1283=VERTEX_POINT('',#4562);
#1284=VERTEX_POINT('',#4566);
#1285=VERTEX_POINT('',#4568);
#1286=VERTEX_POINT('',#4572);
#1287=VERTEX_POINT('',#4574);
#1288=VERTEX_POINT('',#4578);
#1289=VERTEX_POINT('',#4580);
#1290=VERTEX_POINT('',#4584);
#1291=VERTEX_POINT('',#4586);
#1292=VERTEX_POINT('',#4590);
#1293=VERTEX_POINT('',#4592);
#1294=VERTEX_POINT('',#4596);
#1295=VERTEX_POINT('',#4598);
#1296=VERTEX_POINT('',#4602);
#1297=VERTEX_POINT('',#4604);
#1298=VERTEX_POINT('',#4608);
#1299=VERTEX_POINT('',#4613);
#1300=VERTEX_POINT('',#4617);
#1301=VERTEX_POINT('',#4623);
#1302=VERTEX_POINT('',#4625);
#1303=VERTEX_POINT('',#4629);
#1304=VERTEX_POINT('',#4631);
#1305=VERTEX_POINT('',#4635);
#1306=VERTEX_POINT('',#4637);
#1307=VERTEX_POINT('',#4641);
#1308=VERTEX_POINT('',#4643);
#1309=VERTEX_POINT('',#4647);
#1310=VERTEX_POINT('',#4649);
#1311=VERTEX_POINT('',#4653);
#1312=VERTEX_POINT('',#4655);
#1313=VERTEX_POINT('',#4659);
#1314=VERTEX_POINT('',#4661);
#1315=VERTEX_POINT('',#4665);
#1316=VERTEX_POINT('',#4667);
#1317=VERTEX_POINT('',#4671);
#1318=VERTEX_POINT('',#4673);
#1319=VERTEX_POINT('',#4677);
#1320=VERTEX_POINT('',#4679);
#1321=VERTEX_POINT('',#4683);
#1322=VERTEX_POINT('',#4685);
#1323=VERTEX_POINT('',#4689);
#1324=VERTEX_POINT('',#4691);
#1325=VERTEX_POINT('',#4695);
#1326=VERTEX_POINT('',#4697);
#1327=VERTEX_POINT('',#4701);
#1328=VERTEX_POINT('',#4703);
#1329=VERTEX_POINT('',#4707);
#1330=VERTEX_POINT('',#4709);
#1331=VERTEX_POINT('',#4713);
#1332=VERTEX_POINT('',#4718);
#1333=VERTEX_POINT('',#4722);
#1334=VERTEX_POINT('',#4728);
#1335=VERTEX_POINT('',#4730);
#1336=VERTEX_POINT('',#4734);
#1337=VERTEX_POINT('',#4736);
#1338=VERTEX_POINT('',#4740);
#1339=VERTEX_POINT('',#4742);
#1340=VERTEX_POINT('',#4746);
#1341=VERTEX_POINT('',#4748);
#1342=VERTEX_POINT('',#4752);
#1343=VERTEX_POINT('',#4754);
#1344=VERTEX_POINT('',#4758);
#1345=VERTEX_POINT('',#4760);
#1346=VERTEX_POINT('',#4764);
#1347=VERTEX_POINT('',#4766);
#1348=VERTEX_POINT('',#4770);
#1349=VERTEX_POINT('',#4772);
#1350=VERTEX_POINT('',#4781);
#1351=VERTEX_POINT('',#4783);
#1352=VERTEX_POINT('',#4786);
#1353=VERTEX_POINT('',#4790);
#1354=VERTEX_POINT('',#4794);
#1355=VERTEX_POINT('',#4796);
#1356=VERTEX_POINT('',#4799);
#1357=VERTEX_POINT('',#4803);
#1358=VERTEX_POINT('',#4807);
#1359=VERTEX_POINT('',#4809);
#1360=VERTEX_POINT('',#4812);
#1361=VERTEX_POINT('',#4816);
#1362=VERTEX_POINT('',#4820);
#1363=VERTEX_POINT('',#4822);
#1364=VERTEX_POINT('',#4825);
#1365=VERTEX_POINT('',#4829);
#1366=VERTEX_POINT('',#4833);
#1367=VERTEX_POINT('',#4835);
#1368=VERTEX_POINT('',#4838);
#1369=VERTEX_POINT('',#4842);
#1370=VERTEX_POINT('',#4846);
#1371=VERTEX_POINT('',#4847);
#1372=VERTEX_POINT('',#4849);
#1373=VERTEX_POINT('',#4851);
#1374=VERTEX_POINT('',#4855);
#1375=VERTEX_POINT('',#4857);
#1376=VERTEX_POINT('',#4861);
#1377=VERTEX_POINT('',#4862);
#1378=VERTEX_POINT('',#4864);
#1379=VERTEX_POINT('',#4866);
#1380=VERTEX_POINT('',#4870);
#1381=VERTEX_POINT('',#4872);
#1382=VERTEX_POINT('',#4876);
#1383=VERTEX_POINT('',#4877);
#1384=VERTEX_POINT('',#4879);
#1385=VERTEX_POINT('',#4881);
#1386=VERTEX_POINT('',#4885);
#1387=VERTEX_POINT('',#4887);
#1388=VERTEX_POINT('',#4891);
#1389=VERTEX_POINT('',#4893);
#1390=VERTEX_POINT('',#4896);
#1391=VERTEX_POINT('',#4899);
#1392=VERTEX_POINT('',#4903);
#1393=VERTEX_POINT('',#4904);
#1394=VERTEX_POINT('',#4941);
#1395=VERTEX_POINT('',#4946);
#1396=VERTEX_POINT('',#4947);
#1397=VERTEX_POINT('',#4984);
#1398=VERTEX_POINT('',#4989);
#1399=VERTEX_POINT('',#4990);
#1400=VERTEX_POINT('',#5027);
#1401=VERTEX_POINT('',#5032);
#1402=VERTEX_POINT('',#5033);
#1403=VERTEX_POINT('',#5070);
#1404=VERTEX_POINT('',#5075);
#1405=VERTEX_POINT('',#5081);
#1406=VERTEX_POINT('',#5087);
#1407=VERTEX_POINT('',#5093);
#1408=EDGE_CURVE('',#1136,#1136,#1048,.T.);
#1409=EDGE_CURVE('',#1136,#1137,#520,.T.);
#1410=EDGE_CURVE('',#1138,#1137,#496,.T.);
#1411=EDGE_CURVE('',#1137,#1138,#497,.T.);
#1412=EDGE_CURVE('',#1139,#1139,#1049,.T.);
#1413=EDGE_CURVE('',#1139,#1140,#521,.T.);
#1414=EDGE_CURVE('',#1141,#1140,#17,.T.);
#1415=EDGE_CURVE('',#1142,#1141,#18,.T.);
#1416=EDGE_CURVE('',#1143,#1142,#498,.T.);
#1417=EDGE_CURVE('',#1144,#1143,#19,.T.);
#1418=EDGE_CURVE('',#1145,#1144,#20,.T.);
#1419=EDGE_CURVE('',#1146,#1145,#21,.T.);
#1420=EDGE_CURVE('',#1147,#1146,#499,.T.);
#1421=EDGE_CURVE('',#1148,#1147,#22,.T.);
#1422=EDGE_CURVE('',#1140,#1148,#23,.T.);
#1423=EDGE_CURVE('',#1144,#1149,#522,.T.);
#1424=EDGE_CURVE('',#1150,#1149,#523,.T.);
#1425=EDGE_CURVE('',#1151,#1150,#524,.T.);
#1426=EDGE_CURVE('',#1152,#1151,#525,.T.);
#1427=EDGE_CURVE('',#1152,#1145,#526,.T.);
#1428=EDGE_CURVE('',#1143,#1153,#527,.T.);
#1429=EDGE_CURVE('',#1149,#1153,#528,.T.);
#1430=EDGE_CURVE('',#1142,#1154,#529,.T.);
#1431=EDGE_CURVE('',#1153,#1154,#1050,.T.);
#1432=EDGE_CURVE('',#1141,#1155,#530,.T.);
#1433=EDGE_CURVE('',#1154,#1155,#531,.T.);
#1434=EDGE_CURVE('',#1156,#1156,#1051,.T.);
#1435=EDGE_CURVE('',#1156,#1157,#532,.T.);
#1436=EDGE_CURVE('',#1158,#1157,#500,.T.);
#1437=EDGE_CURVE('',#1157,#1158,#501,.T.);
#1438=EDGE_CURVE('',#1159,#1159,#1052,.T.);
#1439=EDGE_CURVE('',#1159,#1160,#533,.T.);
#1440=EDGE_CURVE('',#1161,#1160,#24,.T.);
#1441=EDGE_CURVE('',#1162,#1161,#25,.T.);
#1442=EDGE_CURVE('',#1163,#1162,#502,.T.);
#1443=EDGE_CURVE('',#1164,#1163,#26,.T.);
#1444=EDGE_CURVE('',#1165,#1164,#27,.T.);
#1445=EDGE_CURVE('',#1166,#1165,#28,.T.);
#1446=EDGE_CURVE('',#1167,#1166,#503,.T.);
#1447=EDGE_CURVE('',#1168,#1167,#29,.T.);
#1448=EDGE_CURVE('',#1160,#1168,#30,.T.);
#1449=EDGE_CURVE('',#1164,#1169,#534,.T.);
#1450=EDGE_CURVE('',#1170,#1169,#535,.T.);
#1451=EDGE_CURVE('',#1171,#1170,#536,.T.);
#1452=EDGE_CURVE('',#1172,#1171,#537,.T.);
#1453=EDGE_CURVE('',#1172,#1165,#538,.T.);
#1454=EDGE_CURVE('',#1163,#1173,#539,.T.);
#1455=EDGE_CURVE('',#1169,#1173,#540,.T.);
#1456=EDGE_CURVE('',#1162,#1174,#541,.T.);
#1457=EDGE_CURVE('',#1173,#1174,#1053,.T.);
#1458=EDGE_CURVE('',#1161,#1175,#542,.T.);
#1459=EDGE_CURVE('',#1174,#1175,#543,.T.);
#1460=EDGE_CURVE('',#1176,#1176,#1054,.T.);
#1461=EDGE_CURVE('',#1176,#1177,#544,.T.);
#1462=EDGE_CURVE('',#1178,#1177,#504,.T.);
#1463=EDGE_CURVE('',#1177,#1178,#505,.T.);
#1464=EDGE_CURVE('',#1179,#1179,#1055,.T.);
#1465=EDGE_CURVE('',#1179,#1180,#545,.T.);
#1466=EDGE_CURVE('',#1181,#1180,#31,.T.);
#1467=EDGE_CURVE('',#1182,#1181,#32,.T.);
#1468=EDGE_CURVE('',#1183,#1182,#506,.T.);
#1469=EDGE_CURVE('',#1184,#1183,#33,.T.);
#1470=EDGE_CURVE('',#1185,#1184,#34,.T.);
#1471=EDGE_CURVE('',#1186,#1185,#35,.T.);
#1472=EDGE_CURVE('',#1187,#1186,#507,.T.);
#1473=EDGE_CURVE('',#1188,#1187,#36,.T.);
#1474=EDGE_CURVE('',#1180,#1188,#37,.T.);
#1475=EDGE_CURVE('',#1184,#1189,#546,.T.);
#1476=EDGE_CURVE('',#1190,#1189,#547,.T.);
#1477=EDGE_CURVE('',#1191,#1190,#548,.T.);
#1478=EDGE_CURVE('',#1192,#1191,#549,.T.);
#1479=EDGE_CURVE('',#1192,#1185,#550,.T.);
#1480=EDGE_CURVE('',#1183,#1193,#551,.T.);
#1481=EDGE_CURVE('',#1189,#1193,#552,.T.);
#1482=EDGE_CURVE('',#1182,#1194,#553,.T.);
#1483=EDGE_CURVE('',#1193,#1194,#1056,.T.);
#1484=EDGE_CURVE('',#1181,#1195,#554,.T.);
#1485=EDGE_CURVE('',#1194,#1195,#555,.T.);
#1486=EDGE_CURVE('',#1196,#1196,#1057,.T.);
#1487=EDGE_CURVE('',#1196,#1197,#556,.T.);
#1488=EDGE_CURVE('',#1198,#1197,#508,.T.);
#1489=EDGE_CURVE('',#1197,#1198,#509,.T.);
#1490=EDGE_CURVE('',#1199,#1199,#1058,.T.);
#1491=EDGE_CURVE('',#1199,#1200,#557,.T.);
#1492=EDGE_CURVE('',#1201,#1200,#38,.T.);
#1493=EDGE_CURVE('',#1202,#1201,#39,.T.);
#1494=EDGE_CURVE('',#1203,#1202,#510,.T.);
#1495=EDGE_CURVE('',#1204,#1203,#40,.T.);
#1496=EDGE_CURVE('',#1205,#1204,#41,.T.);
#1497=EDGE_CURVE('',#1206,#1205,#42,.T.);
#1498=EDGE_CURVE('',#1207,#1206,#511,.T.);
#1499=EDGE_CURVE('',#1208,#1207,#43,.T.);
#1500=EDGE_CURVE('',#1200,#1208,#44,.T.);
#1501=EDGE_CURVE('',#1204,#1209,#558,.T.);
#1502=EDGE_CURVE('',#1210,#1209,#559,.T.);
#1503=EDGE_CURVE('',#1211,#1210,#560,.T.);
#1504=EDGE_CURVE('',#1212,#1211,#561,.T.);
#1505=EDGE_CURVE('',#1212,#1205,#562,.T.);
#1506=EDGE_CURVE('',#1203,#1213,#563,.T.);
#1507=EDGE_CURVE('',#1209,#1213,#564,.T.);
#1508=EDGE_CURVE('',#1202,#1214,#565,.T.);
#1509=EDGE_CURVE('',#1213,#1214,#1059,.T.);
#1510=EDGE_CURVE('',#1201,#1215,#566,.T.);
#1511=EDGE_CURVE('',#1214,#1215,#567,.T.);
#1512=EDGE_CURVE('',#1216,#1216,#1060,.T.);
#1513=EDGE_CURVE('',#1216,#1217,#568,.T.);
#1514=EDGE_CURVE('',#1217,#1217,#1061,.T.);
#1515=EDGE_CURVE('',#1218,#1219,#1062,.T.);
#1516=EDGE_CURVE('',#1219,#1220,#569,.T.);
#1517=EDGE_CURVE('',#1221,#1220,#1063,.T.);
#1518=EDGE_CURVE('',#1218,#1221,#570,.T.);
#1519=EDGE_CURVE('',#1218,#1222,#571,.T.);
#1520=EDGE_CURVE('',#1223,#1221,#572,.T.);
#1521=EDGE_CURVE('',#1222,#1223,#573,.T.);
#1522=EDGE_CURVE('',#1222,#1224,#574,.T.);
#1523=EDGE_CURVE('',#1225,#1223,#575,.T.);
#1524=EDGE_CURVE('',#1224,#1225,#576,.T.);
#1525=EDGE_CURVE('',#1224,#1226,#577,.T.);
#1526=EDGE_CURVE('',#1227,#1225,#578,.T.);
#1527=EDGE_CURVE('',#1226,#1227,#579,.T.);
#1528=EDGE_CURVE('',#1228,#1226,#1064,.T.);
#1529=EDGE_CURVE('',#1229,#1227,#1065,.T.);
#1530=EDGE_CURVE('',#1228,#1229,#580,.T.);
#1531=EDGE_CURVE('',#1228,#1230,#581,.T.);
#1532=EDGE_CURVE('',#1231,#1229,#582,.T.);
#1533=EDGE_CURVE('',#1230,#1231,#583,.T.);
#1534=EDGE_CURVE('',#1232,#1168,#584,.T.);
#1535=EDGE_CURVE('',#1230,#1232,#585,.T.);
#1536=EDGE_CURVE('',#1175,#1231,#586,.T.);
#1537=EDGE_CURVE('',#1233,#1167,#587,.T.);
#1538=EDGE_CURVE('',#1232,#1233,#588,.T.);
#1539=EDGE_CURVE('',#1234,#1166,#589,.T.);
#1540=EDGE_CURVE('',#1234,#1233,#1066,.T.);
#1541=EDGE_CURVE('',#1234,#1172,#590,.T.);
#1542=EDGE_CURVE('',#1171,#1235,#591,.T.);
#1543=EDGE_CURVE('',#1236,#1170,#592,.T.);
#1544=EDGE_CURVE('',#1235,#1236,#593,.T.);
#1545=EDGE_CURVE('',#1237,#1235,#1067,.T.);
#1546=EDGE_CURVE('',#1238,#1236,#1068,.T.);
#1547=EDGE_CURVE('',#1237,#1238,#594,.T.);
#1548=EDGE_CURVE('',#1237,#1239,#595,.T.);
#1549=EDGE_CURVE('',#1240,#1238,#596,.T.);
#1550=EDGE_CURVE('',#1239,#1240,#597,.T.);
#1551=EDGE_CURVE('',#1239,#1241,#598,.T.);
#1552=EDGE_CURVE('',#1242,#1240,#599,.T.);
#1553=EDGE_CURVE('',#1241,#1242,#600,.T.);
#1554=EDGE_CURVE('',#1241,#1243,#601,.T.);
#1555=EDGE_CURVE('',#1244,#1242,#602,.T.);
#1556=EDGE_CURVE('',#1243,#1244,#603,.T.);
#1557=EDGE_CURVE('',#1245,#1243,#1069,.T.);
#1558=EDGE_CURVE('',#1246,#1244,#1070,.T.);
#1559=EDGE_CURVE('',#1245,#1246,#604,.T.);
#1560=EDGE_CURVE('',#1245,#1247,#605,.T.);
#1561=EDGE_CURVE('',#1248,#1246,#606,.T.);
#1562=EDGE_CURVE('',#1247,#1248,#607,.T.);
#1563=EDGE_CURVE('',#1247,#1249,#608,.T.);
#1564=EDGE_CURVE('',#1250,#1248,#609,.T.);
#1565=EDGE_CURVE('',#1249,#1250,#610,.T.);
#1566=EDGE_CURVE('',#1249,#1251,#611,.T.);
#1567=EDGE_CURVE('',#1252,#1250,#612,.T.);
#1568=EDGE_CURVE('',#1251,#1252,#613,.T.);
#1569=EDGE_CURVE('',#1253,#1251,#1071,.T.);
#1570=EDGE_CURVE('',#1254,#1252,#1072,.T.);
#1571=EDGE_CURVE('',#1253,#1254,#614,.T.);
#1572=EDGE_CURVE('',#1253,#1255,#615,.T.);
#1573=EDGE_CURVE('',#1256,#1254,#616,.T.);
#1574=EDGE_CURVE('',#1255,#1256,#617,.T.);
#1575=EDGE_CURVE('',#1255,#1257,#618,.T.);
#1576=EDGE_CURVE('',#1258,#1256,#619,.T.);
#1577=EDGE_CURVE('',#1257,#1258,#620,.T.);
#1578=EDGE_CURVE('',#1257,#1259,#621,.T.);
#1579=EDGE_CURVE('',#1260,#1258,#622,.T.);
#1580=EDGE_CURVE('',#1259,#1260,#623,.T.);
#1581=EDGE_CURVE('',#1261,#1259,#1073,.T.);
#1582=EDGE_CURVE('',#1262,#1260,#1074,.T.);
#1583=EDGE_CURVE('',#1261,#1262,#624,.T.);
#1584=EDGE_CURVE('',#1261,#1263,#625,.T.);
#1585=EDGE_CURVE('',#1264,#1262,#626,.T.);
#1586=EDGE_CURVE('',#1263,#1264,#627,.T.);
#1587=EDGE_CURVE('',#1265,#1188,#628,.T.);
#1588=EDGE_CURVE('',#1263,#1265,#629,.T.);
#1589=EDGE_CURVE('',#1195,#1264,#630,.T.);
#1590=EDGE_CURVE('',#1266,#1187,#631,.T.);
#1591=EDGE_CURVE('',#1265,#1266,#632,.T.);
#1592=EDGE_CURVE('',#1267,#1186,#633,.T.);
#1593=EDGE_CURVE('',#1267,#1266,#1075,.T.);
#1594=EDGE_CURVE('',#1267,#1192,#634,.T.);
#1595=EDGE_CURVE('',#1191,#1268,#635,.T.);
#1596=EDGE_CURVE('',#1269,#1190,#636,.T.);
#1597=EDGE_CURVE('',#1268,#1269,#637,.T.);
#1598=EDGE_CURVE('',#1270,#1268,#1076,.T.);
#1599=EDGE_CURVE('',#1271,#1269,#1077,.T.);
#1600=EDGE_CURVE('',#1270,#1271,#638,.T.);
#1601=EDGE_CURVE('',#1270,#1272,#639,.T.);
#1602=EDGE_CURVE('',#1273,#1271,#640,.T.);
#1603=EDGE_CURVE('',#1272,#1273,#641,.T.);
#1604=EDGE_CURVE('',#1272,#1274,#642,.T.);
#1605=EDGE_CURVE('',#1275,#1273,#643,.T.);
#1606=EDGE_CURVE('',#1274,#1275,#644,.T.);
#1607=EDGE_CURVE('',#1274,#1276,#645,.T.);
#1608=EDGE_CURVE('',#1277,#1275,#646,.T.);
#1609=EDGE_CURVE('',#1276,#1277,#647,.T.);
#1610=EDGE_CURVE('',#1278,#1276,#1078,.T.);
#1611=EDGE_CURVE('',#1279,#1277,#1079,.T.);
#1612=EDGE_CURVE('',#1278,#1279,#648,.T.);
#1613=EDGE_CURVE('',#1278,#1280,#649,.T.);
#1614=EDGE_CURVE('',#1281,#1279,#650,.T.);
#1615=EDGE_CURVE('',#1280,#1281,#651,.T.);
#1616=EDGE_CURVE('',#1280,#1282,#652,.T.);
#1617=EDGE_CURVE('',#1283,#1281,#653,.T.);
#1618=EDGE_CURVE('',#1282,#1283,#654,.T.);
#1619=EDGE_CURVE('',#1282,#1284,#655,.T.);
#1620=EDGE_CURVE('',#1285,#1283,#656,.T.);
#1621=EDGE_CURVE('',#1284,#1285,#657,.T.);
#1622=EDGE_CURVE('',#1286,#1284,#1080,.T.);
#1623=EDGE_CURVE('',#1287,#1285,#1081,.T.);
#1624=EDGE_CURVE('',#1286,#1287,#658,.T.);
#1625=EDGE_CURVE('',#1286,#1288,#659,.T.);
#1626=EDGE_CURVE('',#1289,#1287,#660,.T.);
#1627=EDGE_CURVE('',#1288,#1289,#661,.T.);
#1628=EDGE_CURVE('',#1288,#1290,#662,.T.);
#1629=EDGE_CURVE('',#1291,#1289,#663,.T.);
#1630=EDGE_CURVE('',#1290,#1291,#664,.T.);
#1631=EDGE_CURVE('',#1290,#1292,#665,.T.);
#1632=EDGE_CURVE('',#1293,#1291,#666,.T.);
#1633=EDGE_CURVE('',#1292,#1293,#667,.T.);
#1634=EDGE_CURVE('',#1294,#1292,#1082,.T.);
#1635=EDGE_CURVE('',#1295,#1293,#1083,.T.);
#1636=EDGE_CURVE('',#1294,#1295,#668,.T.);
#1637=EDGE_CURVE('',#1294,#1296,#669,.T.);
#1638=EDGE_CURVE('',#1297,#1295,#670,.T.);
#1639=EDGE_CURVE('',#1296,#1297,#671,.T.);
#1640=EDGE_CURVE('',#1298,#1208,#672,.T.);
#1641=EDGE_CURVE('',#1296,#1298,#673,.T.);
#1642=EDGE_CURVE('',#1215,#1297,#674,.T.);
#1643=EDGE_CURVE('',#1299,#1207,#675,.T.);
#1644=EDGE_CURVE('',#1298,#1299,#676,.T.);
#1645=EDGE_CURVE('',#1300,#1206,#677,.T.);
#1646=EDGE_CURVE('',#1300,#1299,#1084,.T.);
#1647=EDGE_CURVE('',#1300,#1212,#678,.T.);
#1648=EDGE_CURVE('',#1211,#1301,#679,.T.);
#1649=EDGE_CURVE('',#1302,#1210,#680,.T.);
#1650=EDGE_CURVE('',#1301,#1302,#681,.T.);
#1651=EDGE_CURVE('',#1303,#1301,#1085,.T.);
#1652=EDGE_CURVE('',#1304,#1302,#1086,.T.);
#1653=EDGE_CURVE('',#1303,#1304,#682,.T.);
#1654=EDGE_CURVE('',#1303,#1305,#683,.T.);
#1655=EDGE_CURVE('',#1306,#1304,#684,.T.);
#1656=EDGE_CURVE('',#1305,#1306,#685,.T.);
#1657=EDGE_CURVE('',#1305,#1307,#686,.T.);
#1658=EDGE_CURVE('',#1308,#1306,#687,.T.);
#1659=EDGE_CURVE('',#1307,#1308,#688,.T.);
#1660=EDGE_CURVE('',#1307,#1309,#689,.T.);
#1661=EDGE_CURVE('',#1310,#1308,#690,.T.);
#1662=EDGE_CURVE('',#1309,#1310,#691,.T.);
#1663=EDGE_CURVE('',#1311,#1309,#1087,.T.);
#1664=EDGE_CURVE('',#1312,#1310,#1088,.T.);
#1665=EDGE_CURVE('',#1311,#1312,#692,.T.);
#1666=EDGE_CURVE('',#1311,#1313,#693,.T.);
#1667=EDGE_CURVE('',#1314,#1312,#694,.T.);
#1668=EDGE_CURVE('',#1313,#1314,#695,.T.);
#1669=EDGE_CURVE('',#1313,#1315,#696,.T.);
#1670=EDGE_CURVE('',#1316,#1314,#697,.T.);
#1671=EDGE_CURVE('',#1315,#1316,#698,.T.);
#1672=EDGE_CURVE('',#1315,#1317,#699,.T.);
#1673=EDGE_CURVE('',#1318,#1316,#700,.T.);
#1674=EDGE_CURVE('',#1317,#1318,#701,.T.);
#1675=EDGE_CURVE('',#1319,#1317,#1089,.T.);
#1676=EDGE_CURVE('',#1320,#1318,#1090,.T.);
#1677=EDGE_CURVE('',#1319,#1320,#702,.T.);
#1678=EDGE_CURVE('',#1319,#1321,#703,.T.);
#1679=EDGE_CURVE('',#1322,#1320,#704,.T.);
#1680=EDGE_CURVE('',#1321,#1322,#705,.T.);
#1681=EDGE_CURVE('',#1321,#1323,#706,.T.);
#1682=EDGE_CURVE('',#1324,#1322,#707,.T.);
#1683=EDGE_CURVE('',#1323,#1324,#708,.T.);
#1684=EDGE_CURVE('',#1323,#1325,#709,.T.);
#1685=EDGE_CURVE('',#1326,#1324,#710,.T.);
#1686=EDGE_CURVE('',#1325,#1326,#711,.T.);
#1687=EDGE_CURVE('',#1327,#1325,#1091,.T.);
#1688=EDGE_CURVE('',#1328,#1326,#1092,.T.);
#1689=EDGE_CURVE('',#1327,#1328,#712,.T.);
#1690=EDGE_CURVE('',#1327,#1329,#713,.T.);
#1691=EDGE_CURVE('',#1330,#1328,#714,.T.);
#1692=EDGE_CURVE('',#1329,#1330,#715,.T.);
#1693=EDGE_CURVE('',#1331,#1148,#716,.T.);
#1694=EDGE_CURVE('',#1329,#1331,#717,.T.);
#1695=EDGE_CURVE('',#1155,#1330,#718,.T.);
#1696=EDGE_CURVE('',#1332,#1147,#719,.T.);
#1697=EDGE_CURVE('',#1331,#1332,#720,.T.);
#1698=EDGE_CURVE('',#1333,#1146,#721,.T.);
#1699=EDGE_CURVE('',#1333,#1332,#1093,.T.);
#1700=EDGE_CURVE('',#1333,#1152,#722,.T.);
#1701=EDGE_CURVE('',#1151,#1334,#723,.T.);
#1702=EDGE_CURVE('',#1335,#1150,#724,.T.);
#1703=EDGE_CURVE('',#1334,#1335,#725,.T.);
#1704=EDGE_CURVE('',#1336,#1334,#1094,.T.);
#1705=EDGE_CURVE('',#1337,#1335,#1095,.T.);
#1706=EDGE_CURVE('',#1336,#1337,#726,.T.);
#1707=EDGE_CURVE('',#1336,#1338,#727,.T.);
#1708=EDGE_CURVE('',#1339,#1337,#728,.T.);
#1709=EDGE_CURVE('',#1338,#1339,#729,.T.);
#1710=EDGE_CURVE('',#1338,#1340,#730,.T.);
#1711=EDGE_CURVE('',#1341,#1339,#731,.T.);
#1712=EDGE_CURVE('',#1340,#1341,#732,.T.);
#1713=EDGE_CURVE('',#1340,#1342,#733,.T.);
#1714=EDGE_CURVE('',#1343,#1341,#734,.T.);
#1715=EDGE_CURVE('',#1342,#1343,#735,.T.);
#1716=EDGE_CURVE('',#1344,#1342,#1096,.T.);
#1717=EDGE_CURVE('',#1345,#1343,#1097,.T.);
#1718=EDGE_CURVE('',#1344,#1345,#736,.T.);
#1719=EDGE_CURVE('',#1344,#1346,#737,.T.);
#1720=EDGE_CURVE('',#1347,#1345,#738,.T.);
#1721=EDGE_CURVE('',#1346,#1347,#739,.T.);
#1722=EDGE_CURVE('',#1346,#1348,#740,.T.);
#1723=EDGE_CURVE('',#1349,#1347,#741,.T.);
#1724=EDGE_CURVE('',#1348,#1349,#742,.T.);
#1725=EDGE_CURVE('',#1348,#1219,#743,.T.);
#1726=EDGE_CURVE('',#1220,#1349,#744,.T.);
#1727=EDGE_CURVE('',#1350,#1350,#1098,.T.);
#1728=EDGE_CURVE('',#1351,#1351,#1099,.T.);
#1729=EDGE_CURVE('',#1352,#1352,#1100,.T.);
#1730=EDGE_CURVE('',#1352,#1350,#745,.T.);
#1731=EDGE_CURVE('',#1351,#1353,#746,.T.);
#1732=EDGE_CURVE('',#1353,#1353,#1101,.T.);
#1733=EDGE_CURVE('',#1354,#1354,#1102,.T.);
#1734=EDGE_CURVE('',#1355,#1355,#1103,.T.);
#1735=EDGE_CURVE('',#1356,#1356,#1104,.T.);
#1736=EDGE_CURVE('',#1356,#1354,#747,.T.);
#1737=EDGE_CURVE('',#1355,#1357,#748,.T.);
#1738=EDGE_CURVE('',#1357,#1357,#1105,.T.);
#1739=EDGE_CURVE('',#1358,#1358,#1106,.T.);
#1740=EDGE_CURVE('',#1359,#1359,#1107,.T.);
#1741=EDGE_CURVE('',#1360,#1360,#1108,.T.);
#1742=EDGE_CURVE('',#1360,#1358,#749,.T.);
#1743=EDGE_CURVE('',#1359,#1361,#750,.T.);
#1744=EDGE_CURVE('',#1361,#1361,#1109,.T.);
#1745=EDGE_CURVE('',#1362,#1362,#1110,.T.);
#1746=EDGE_CURVE('',#1363,#1363,#1111,.T.);
#1747=EDGE_CURVE('',#1364,#1364,#1112,.T.);
#1748=EDGE_CURVE('',#1364,#1362,#751,.T.);
#1749=EDGE_CURVE('',#1363,#1365,#752,.T.);
#1750=EDGE_CURVE('',#1365,#1365,#1113,.T.);
#1751=EDGE_CURVE('',#1366,#1366,#1114,.T.);
#1752=EDGE_CURVE('',#1367,#1367,#1115,.T.);
#1753=EDGE_CURVE('',#1368,#1368,#1116,.T.);
#1754=EDGE_CURVE('',#1368,#1366,#753,.T.);
#1755=EDGE_CURVE('',#1367,#1369,#754,.T.);
#1756=EDGE_CURVE('',#1369,#1369,#1117,.T.);
#1757=EDGE_CURVE('',#1370,#1371,#1118,.T.);
#1758=EDGE_CURVE('',#1372,#1370,#755,.T.);
#1759=EDGE_CURVE('',#1373,#1372,#1119,.T.);
#1760=EDGE_CURVE('',#1371,#1373,#756,.T.);
#1761=EDGE_CURVE('',#1374,#1373,#757,.T.);
#1762=EDGE_CURVE('',#1375,#1374,#758,.T.);
#1763=EDGE_CURVE('',#1371,#1375,#759,.T.);
#1764=EDGE_CURVE('',#1376,#1377,#1120,.T.);
#1765=EDGE_CURVE('',#1378,#1376,#760,.T.);
#1766=EDGE_CURVE('',#1379,#1378,#1121,.T.);
#1767=EDGE_CURVE('',#1377,#1379,#761,.T.);
#1768=EDGE_CURVE('',#1380,#1376,#762,.T.);
#1769=EDGE_CURVE('',#1380,#1381,#763,.T.);
#1770=EDGE_CURVE('',#1378,#1381,#764,.T.);
#1771=EDGE_CURVE('',#1382,#1383,#1122,.T.);
#1772=EDGE_CURVE('',#1384,#1382,#765,.T.);
#1773=EDGE_CURVE('',#1385,#1384,#1123,.T.);
#1774=EDGE_CURVE('',#1383,#1385,#766,.T.);
#1775=EDGE_CURVE('',#1386,#1385,#767,.T.);
#1776=EDGE_CURVE('',#1387,#1386,#768,.T.);
#1777=EDGE_CURVE('',#1383,#1387,#769,.T.);
#1778=EDGE_CURVE('',#1388,#1388,#1124,.T.);
#1779=EDGE_CURVE('',#1381,#1389,#1125,.T.);
#1780=EDGE_CURVE('',#1389,#1379,#770,.T.);
#1781=EDGE_CURVE('',#1384,#1390,#771,.T.);
#1782=EDGE_CURVE('',#1390,#1386,#1126,.T.);
#1783=EDGE_CURVE('',#1372,#1391,#772,.T.);
#1784=EDGE_CURVE('',#1391,#1374,#1127,.T.);
#1785=EDGE_CURVE('',#1392,#1393,#512,.T.);
#1786=EDGE_CURVE('',#1393,#1392,#513,.T.);
#1787=EDGE_CURVE('',#1393,#1394,#773,.T.);
#1788=EDGE_CURVE('',#1394,#1394,#1128,.T.);
#1789=EDGE_CURVE('',#1395,#1396,#514,.T.);
#1790=EDGE_CURVE('',#1396,#1395,#515,.T.);
#1791=EDGE_CURVE('',#1396,#1397,#774,.T.);
#1792=EDGE_CURVE('',#1397,#1397,#1129,.T.);
#1793=EDGE_CURVE('',#1398,#1399,#516,.T.);
#1794=EDGE_CURVE('',#1399,#1398,#517,.T.);
#1795=EDGE_CURVE('',#1399,#1400,#775,.T.);
#1796=EDGE_CURVE('',#1400,#1400,#1130,.T.);
#1797=EDGE_CURVE('',#1401,#1402,#518,.T.);
#1798=EDGE_CURVE('',#1402,#1401,#519,.T.);
#1799=EDGE_CURVE('',#1402,#1403,#776,.T.);
#1800=EDGE_CURVE('',#1403,#1403,#1131,.T.);
#1801=EDGE_CURVE('',#1375,#1404,#1132,.T.);
#1802=EDGE_CURVE('',#1404,#1391,#777,.T.);
#1803=EDGE_CURVE('',#1404,#1370,#778,.T.);
#1804=EDGE_CURVE('',#1387,#1405,#1133,.T.);
#1805=EDGE_CURVE('',#1405,#1390,#779,.T.);
#1806=EDGE_CURVE('',#1405,#1382,#780,.T.);
#1807=EDGE_CURVE('',#1406,#1389,#781,.T.);
#1808=EDGE_CURVE('',#1377,#1406,#782,.T.);
#1809=EDGE_CURVE('',#1406,#1380,#1134,.T.);
#1810=EDGE_CURVE('',#1388,#1407,#783,.T.);
#1811=EDGE_CURVE('',#1407,#1407,#1135,.T.);
#1812=ORIENTED_EDGE('',*,*,#1408,.F.);
#1813=ORIENTED_EDGE('',*,*,#1409,.T.);
#1814=ORIENTED_EDGE('',*,*,#1410,.F.);
#1815=ORIENTED_EDGE('',*,*,#1411,.F.);
#1816=ORIENTED_EDGE('',*,*,#1409,.F.);
#1817=ORIENTED_EDGE('',*,*,#1412,.F.);
#1818=ORIENTED_EDGE('',*,*,#1408,.T.);
#1819=ORIENTED_EDGE('',*,*,#1412,.T.);
#1820=ORIENTED_EDGE('',*,*,#1413,.T.);
#1821=ORIENTED_EDGE('',*,*,#1414,.F.);
#1822=ORIENTED_EDGE('',*,*,#1415,.F.);
#1823=ORIENTED_EDGE('',*,*,#1416,.F.);
#1824=ORIENTED_EDGE('',*,*,#1417,.F.);
#1825=ORIENTED_EDGE('',*,*,#1418,.F.);
#1826=ORIENTED_EDGE('',*,*,#1419,.F.);
#1827=ORIENTED_EDGE('',*,*,#1420,.F.);
#1828=ORIENTED_EDGE('',*,*,#1421,.F.);
#1829=ORIENTED_EDGE('',*,*,#1422,.F.);
#1830=ORIENTED_EDGE('',*,*,#1413,.F.);
#1831=ORIENTED_EDGE('',*,*,#1418,.T.);
#1832=ORIENTED_EDGE('',*,*,#1423,.T.);
#1833=ORIENTED_EDGE('',*,*,#1424,.F.);
#1834=ORIENTED_EDGE('',*,*,#1425,.F.);
#1835=ORIENTED_EDGE('',*,*,#1426,.F.);
#1836=ORIENTED_EDGE('',*,*,#1427,.T.);
#1837=ORIENTED_EDGE('',*,*,#1417,.T.);
#1838=ORIENTED_EDGE('',*,*,#1428,.T.);
#1839=ORIENTED_EDGE('',*,*,#1429,.F.);
#1840=ORIENTED_EDGE('',*,*,#1423,.F.);
#1841=ORIENTED_EDGE('',*,*,#1416,.T.);
#1842=ORIENTED_EDGE('',*,*,#1430,.T.);
#1843=ORIENTED_EDGE('',*,*,#1431,.F.);
#1844=ORIENTED_EDGE('',*,*,#1428,.F.);
#1845=ORIENTED_EDGE('',*,*,#1415,.T.);
#1846=ORIENTED_EDGE('',*,*,#1432,.T.);
#1847=ORIENTED_EDGE('',*,*,#1433,.F.);
#1848=ORIENTED_EDGE('',*,*,#1430,.F.);
#1849=ORIENTED_EDGE('',*,*,#1434,.F.);
#1850=ORIENTED_EDGE('',*,*,#1435,.T.);
#1851=ORIENTED_EDGE('',*,*,#1436,.F.);
#1852=ORIENTED_EDGE('',*,*,#1437,.F.);
#1853=ORIENTED_EDGE('',*,*,#1435,.F.);
#1854=ORIENTED_EDGE('',*,*,#1438,.F.);
#1855=ORIENTED_EDGE('',*,*,#1434,.T.);
#1856=ORIENTED_EDGE('',*,*,#1438,.T.);
#1857=ORIENTED_EDGE('',*,*,#1439,.T.);
#1858=ORIENTED_EDGE('',*,*,#1440,.F.);
#1859=ORIENTED_EDGE('',*,*,#1441,.F.);
#1860=ORIENTED_EDGE('',*,*,#1442,.F.);
#1861=ORIENTED_EDGE('',*,*,#1443,.F.);
#1862=ORIENTED_EDGE('',*,*,#1444,.F.);
#1863=ORIENTED_EDGE('',*,*,#1445,.F.);
#1864=ORIENTED_EDGE('',*,*,#1446,.F.);
#1865=ORIENTED_EDGE('',*,*,#1447,.F.);
#1866=ORIENTED_EDGE('',*,*,#1448,.F.);
#1867=ORIENTED_EDGE('',*,*,#1439,.F.);
#1868=ORIENTED_EDGE('',*,*,#1444,.T.);
#1869=ORIENTED_EDGE('',*,*,#1449,.T.);
#1870=ORIENTED_EDGE('',*,*,#1450,.F.);
#1871=ORIENTED_EDGE('',*,*,#1451,.F.);
#1872=ORIENTED_EDGE('',*,*,#1452,.F.);
#1873=ORIENTED_EDGE('',*,*,#1453,.T.);
#1874=ORIENTED_EDGE('',*,*,#1443,.T.);
#1875=ORIENTED_EDGE('',*,*,#1454,.T.);
#1876=ORIENTED_EDGE('',*,*,#1455,.F.);
#1877=ORIENTED_EDGE('',*,*,#1449,.F.);
#1878=ORIENTED_EDGE('',*,*,#1442,.T.);
#1879=ORIENTED_EDGE('',*,*,#1456,.T.);
#1880=ORIENTED_EDGE('',*,*,#1457,.F.);
#1881=ORIENTED_EDGE('',*,*,#1454,.F.);
#1882=ORIENTED_EDGE('',*,*,#1441,.T.);
#1883=ORIENTED_EDGE('',*,*,#1458,.T.);
#1884=ORIENTED_EDGE('',*,*,#1459,.F.);
#1885=ORIENTED_EDGE('',*,*,#1456,.F.);
#1886=ORIENTED_EDGE('',*,*,#1460,.F.);
#1887=ORIENTED_EDGE('',*,*,#1461,.T.);
#1888=ORIENTED_EDGE('',*,*,#1462,.F.);
#1889=ORIENTED_EDGE('',*,*,#1463,.F.);
#1890=ORIENTED_EDGE('',*,*,#1461,.F.);
#1891=ORIENTED_EDGE('',*,*,#1464,.F.);
#1892=ORIENTED_EDGE('',*,*,#1460,.T.);
#1893=ORIENTED_EDGE('',*,*,#1464,.T.);
#1894=ORIENTED_EDGE('',*,*,#1465,.T.);
#1895=ORIENTED_EDGE('',*,*,#1466,.F.);
#1896=ORIENTED_EDGE('',*,*,#1467,.F.);
#1897=ORIENTED_EDGE('',*,*,#1468,.F.);
#1898=ORIENTED_EDGE('',*,*,#1469,.F.);
#1899=ORIENTED_EDGE('',*,*,#1470,.F.);
#1900=ORIENTED_EDGE('',*,*,#1471,.F.);
#1901=ORIENTED_EDGE('',*,*,#1472,.F.);
#1902=ORIENTED_EDGE('',*,*,#1473,.F.);
#1903=ORIENTED_EDGE('',*,*,#1474,.F.);
#1904=ORIENTED_EDGE('',*,*,#1465,.F.);
#1905=ORIENTED_EDGE('',*,*,#1470,.T.);
#1906=ORIENTED_EDGE('',*,*,#1475,.T.);
#1907=ORIENTED_EDGE('',*,*,#1476,.F.);
#1908=ORIENTED_EDGE('',*,*,#1477,.F.);
#1909=ORIENTED_EDGE('',*,*,#1478,.F.);
#1910=ORIENTED_EDGE('',*,*,#1479,.T.);
#1911=ORIENTED_EDGE('',*,*,#1469,.T.);
#1912=ORIENTED_EDGE('',*,*,#1480,.T.);
#1913=ORIENTED_EDGE('',*,*,#1481,.F.);
#1914=ORIENTED_EDGE('',*,*,#1475,.F.);
#1915=ORIENTED_EDGE('',*,*,#1468,.T.);
#1916=ORIENTED_EDGE('',*,*,#1482,.T.);
#1917=ORIENTED_EDGE('',*,*,#1483,.F.);
#1918=ORIENTED_EDGE('',*,*,#1480,.F.);
#1919=ORIENTED_EDGE('',*,*,#1467,.T.);
#1920=ORIENTED_EDGE('',*,*,#1484,.T.);
#1921=ORIENTED_EDGE('',*,*,#1485,.F.);
#1922=ORIENTED_EDGE('',*,*,#1482,.F.);
#1923=ORIENTED_EDGE('',*,*,#1486,.F.);
#1924=ORIENTED_EDGE('',*,*,#1487,.T.);
#1925=ORIENTED_EDGE('',*,*,#1488,.F.);
#1926=ORIENTED_EDGE('',*,*,#1489,.F.);
#1927=ORIENTED_EDGE('',*,*,#1487,.F.);
#1928=ORIENTED_EDGE('',*,*,#1490,.F.);
#1929=ORIENTED_EDGE('',*,*,#1486,.T.);
#1930=ORIENTED_EDGE('',*,*,#1490,.T.);
#1931=ORIENTED_EDGE('',*,*,#1491,.T.);
#1932=ORIENTED_EDGE('',*,*,#1492,.F.);
#1933=ORIENTED_EDGE('',*,*,#1493,.F.);
#1934=ORIENTED_EDGE('',*,*,#1494,.F.);
#1935=ORIENTED_EDGE('',*,*,#1495,.F.);
#1936=ORIENTED_EDGE('',*,*,#1496,.F.);
#1937=ORIENTED_EDGE('',*,*,#1497,.F.);
#1938=ORIENTED_EDGE('',*,*,#1498,.F.);
#1939=ORIENTED_EDGE('',*,*,#1499,.F.);
#1940=ORIENTED_EDGE('',*,*,#1500,.F.);
#1941=ORIENTED_EDGE('',*,*,#1491,.F.);
#1942=ORIENTED_EDGE('',*,*,#1496,.T.);
#1943=ORIENTED_EDGE('',*,*,#1501,.T.);
#1944=ORIENTED_EDGE('',*,*,#1502,.F.);
#1945=ORIENTED_EDGE('',*,*,#1503,.F.);
#1946=ORIENTED_EDGE('',*,*,#1504,.F.);
#1947=ORIENTED_EDGE('',*,*,#1505,.T.);
#1948=ORIENTED_EDGE('',*,*,#1495,.T.);
#1949=ORIENTED_EDGE('',*,*,#1506,.T.);
#1950=ORIENTED_EDGE('',*,*,#1507,.F.);
#1951=ORIENTED_EDGE('',*,*,#1501,.F.);
#1952=ORIENTED_EDGE('',*,*,#1494,.T.);
#1953=ORIENTED_EDGE('',*,*,#1508,.T.);
#1954=ORIENTED_EDGE('',*,*,#1509,.F.);
#1955=ORIENTED_EDGE('',*,*,#1506,.F.);
#1956=ORIENTED_EDGE('',*,*,#1493,.T.);
#1957=ORIENTED_EDGE('',*,*,#1510,.T.);
#1958=ORIENTED_EDGE('',*,*,#1511,.F.);
#1959=ORIENTED_EDGE('',*,*,#1508,.F.);
#1960=ORIENTED_EDGE('',*,*,#1512,.T.);
#1961=ORIENTED_EDGE('',*,*,#1513,.T.);
#1962=ORIENTED_EDGE('',*,*,#1514,.F.);
#1963=ORIENTED_EDGE('',*,*,#1513,.F.);
#1964=ORIENTED_EDGE('',*,*,#1410,.T.);
#1965=ORIENTED_EDGE('',*,*,#1411,.T.);
#1966=ORIENTED_EDGE('',*,*,#1436,.T.);
#1967=ORIENTED_EDGE('',*,*,#1437,.T.);
#1968=ORIENTED_EDGE('',*,*,#1462,.T.);
#1969=ORIENTED_EDGE('',*,*,#1463,.T.);
#1970=ORIENTED_EDGE('',*,*,#1488,.T.);
#1971=ORIENTED_EDGE('',*,*,#1489,.T.);
#1972=ORIENTED_EDGE('',*,*,#1515,.T.);
#1973=ORIENTED_EDGE('',*,*,#1516,.T.);
#1974=ORIENTED_EDGE('',*,*,#1517,.F.);
#1975=ORIENTED_EDGE('',*,*,#1518,.F.);
#1976=ORIENTED_EDGE('',*,*,#1519,.F.);
#1977=ORIENTED_EDGE('',*,*,#1518,.T.);
#1978=ORIENTED_EDGE('',*,*,#1520,.F.);
#1979=ORIENTED_EDGE('',*,*,#1521,.F.);
#1980=ORIENTED_EDGE('',*,*,#1522,.F.);
#1981=ORIENTED_EDGE('',*,*,#1521,.T.);
#1982=ORIENTED_EDGE('',*,*,#1523,.F.);
#1983=ORIENTED_EDGE('',*,*,#1524,.F.);
#1984=ORIENTED_EDGE('',*,*,#1525,.F.);
#1985=ORIENTED_EDGE('',*,*,#1524,.T.);
#1986=ORIENTED_EDGE('',*,*,#1526,.F.);
#1987=ORIENTED_EDGE('',*,*,#1527,.F.);
#1988=ORIENTED_EDGE('',*,*,#1528,.T.);
#1989=ORIENTED_EDGE('',*,*,#1527,.T.);
#1990=ORIENTED_EDGE('',*,*,#1529,.F.);
#1991=ORIENTED_EDGE('',*,*,#1530,.F.);
#1992=ORIENTED_EDGE('',*,*,#1531,.F.);
#1993=ORIENTED_EDGE('',*,*,#1530,.T.);
#1994=ORIENTED_EDGE('',*,*,#1532,.F.);
#1995=ORIENTED_EDGE('',*,*,#1533,.F.);
#1996=ORIENTED_EDGE('',*,*,#1440,.T.);
#1997=ORIENTED_EDGE('',*,*,#1448,.T.);
#1998=ORIENTED_EDGE('',*,*,#1534,.F.);
#1999=ORIENTED_EDGE('',*,*,#1535,.F.);
#2000=ORIENTED_EDGE('',*,*,#1533,.T.);
#2001=ORIENTED_EDGE('',*,*,#1536,.F.);
#2002=ORIENTED_EDGE('',*,*,#1458,.F.);
#2003=ORIENTED_EDGE('',*,*,#1447,.T.);
#2004=ORIENTED_EDGE('',*,*,#1537,.F.);
#2005=ORIENTED_EDGE('',*,*,#1538,.F.);
#2006=ORIENTED_EDGE('',*,*,#1534,.T.);
#2007=ORIENTED_EDGE('',*,*,#1446,.T.);
#2008=ORIENTED_EDGE('',*,*,#1539,.F.);
#2009=ORIENTED_EDGE('',*,*,#1540,.T.);
#2010=ORIENTED_EDGE('',*,*,#1537,.T.);
#2011=ORIENTED_EDGE('',*,*,#1445,.T.);
#2012=ORIENTED_EDGE('',*,*,#1453,.F.);
#2013=ORIENTED_EDGE('',*,*,#1541,.F.);
#2014=ORIENTED_EDGE('',*,*,#1539,.T.);
#2015=ORIENTED_EDGE('',*,*,#1542,.F.);
#2016=ORIENTED_EDGE('',*,*,#1451,.T.);
#2017=ORIENTED_EDGE('',*,*,#1543,.F.);
#2018=ORIENTED_EDGE('',*,*,#1544,.F.);
#2019=ORIENTED_EDGE('',*,*,#1545,.T.);
#2020=ORIENTED_EDGE('',*,*,#1544,.T.);
#2021=ORIENTED_EDGE('',*,*,#1546,.F.);
#2022=ORIENTED_EDGE('',*,*,#1547,.F.);
#2023=ORIENTED_EDGE('',*,*,#1548,.F.);
#2024=ORIENTED_EDGE('',*,*,#1547,.T.);
#2025=ORIENTED_EDGE('',*,*,#1549,.F.);
#2026=ORIENTED_EDGE('',*,*,#1550,.F.);
#2027=ORIENTED_EDGE('',*,*,#1551,.F.);
#2028=ORIENTED_EDGE('',*,*,#1550,.T.);
#2029=ORIENTED_EDGE('',*,*,#1552,.F.);
#2030=ORIENTED_EDGE('',*,*,#1553,.F.);
#2031=ORIENTED_EDGE('',*,*,#1554,.F.);
#2032=ORIENTED_EDGE('',*,*,#1553,.T.);
#2033=ORIENTED_EDGE('',*,*,#1555,.F.);
#2034=ORIENTED_EDGE('',*,*,#1556,.F.);
#2035=ORIENTED_EDGE('',*,*,#1557,.T.);
#2036=ORIENTED_EDGE('',*,*,#1556,.T.);
#2037=ORIENTED_EDGE('',*,*,#1558,.F.);
#2038=ORIENTED_EDGE('',*,*,#1559,.F.);
#2039=ORIENTED_EDGE('',*,*,#1560,.F.);
#2040=ORIENTED_EDGE('',*,*,#1559,.T.);
#2041=ORIENTED_EDGE('',*,*,#1561,.F.);
#2042=ORIENTED_EDGE('',*,*,#1562,.F.);
#2043=ORIENTED_EDGE('',*,*,#1563,.F.);
#2044=ORIENTED_EDGE('',*,*,#1562,.T.);
#2045=ORIENTED_EDGE('',*,*,#1564,.F.);
#2046=ORIENTED_EDGE('',*,*,#1565,.F.);
#2047=ORIENTED_EDGE('',*,*,#1566,.F.);
#2048=ORIENTED_EDGE('',*,*,#1565,.T.);
#2049=ORIENTED_EDGE('',*,*,#1567,.F.);
#2050=ORIENTED_EDGE('',*,*,#1568,.F.);
#2051=ORIENTED_EDGE('',*,*,#1569,.T.);
#2052=ORIENTED_EDGE('',*,*,#1568,.T.);
#2053=ORIENTED_EDGE('',*,*,#1570,.F.);
#2054=ORIENTED_EDGE('',*,*,#1571,.F.);
#2055=ORIENTED_EDGE('',*,*,#1572,.F.);
#2056=ORIENTED_EDGE('',*,*,#1571,.T.);
#2057=ORIENTED_EDGE('',*,*,#1573,.F.);
#2058=ORIENTED_EDGE('',*,*,#1574,.F.);
#2059=ORIENTED_EDGE('',*,*,#1575,.F.);
#2060=ORIENTED_EDGE('',*,*,#1574,.T.);
#2061=ORIENTED_EDGE('',*,*,#1576,.F.);
#2062=ORIENTED_EDGE('',*,*,#1577,.F.);
#2063=ORIENTED_EDGE('',*,*,#1578,.F.);
#2064=ORIENTED_EDGE('',*,*,#1577,.T.);
#2065=ORIENTED_EDGE('',*,*,#1579,.F.);
#2066=ORIENTED_EDGE('',*,*,#1580,.F.);
#2067=ORIENTED_EDGE('',*,*,#1581,.T.);
#2068=ORIENTED_EDGE('',*,*,#1580,.T.);
#2069=ORIENTED_EDGE('',*,*,#1582,.F.);
#2070=ORIENTED_EDGE('',*,*,#1583,.F.);
#2071=ORIENTED_EDGE('',*,*,#1584,.F.);
#2072=ORIENTED_EDGE('',*,*,#1583,.T.);
#2073=ORIENTED_EDGE('',*,*,#1585,.F.);
#2074=ORIENTED_EDGE('',*,*,#1586,.F.);
#2075=ORIENTED_EDGE('',*,*,#1466,.T.);
#2076=ORIENTED_EDGE('',*,*,#1474,.T.);
#2077=ORIENTED_EDGE('',*,*,#1587,.F.);
#2078=ORIENTED_EDGE('',*,*,#1588,.F.);
#2079=ORIENTED_EDGE('',*,*,#1586,.T.);
#2080=ORIENTED_EDGE('',*,*,#1589,.F.);
#2081=ORIENTED_EDGE('',*,*,#1484,.F.);
#2082=ORIENTED_EDGE('',*,*,#1473,.T.);
#2083=ORIENTED_EDGE('',*,*,#1590,.F.);
#2084=ORIENTED_EDGE('',*,*,#1591,.F.);
#2085=ORIENTED_EDGE('',*,*,#1587,.T.);
#2086=ORIENTED_EDGE('',*,*,#1472,.T.);
#2087=ORIENTED_EDGE('',*,*,#1592,.F.);
#2088=ORIENTED_EDGE('',*,*,#1593,.T.);
#2089=ORIENTED_EDGE('',*,*,#1590,.T.);
#2090=ORIENTED_EDGE('',*,*,#1471,.T.);
#2091=ORIENTED_EDGE('',*,*,#1479,.F.);
#2092=ORIENTED_EDGE('',*,*,#1594,.F.);
#2093=ORIENTED_EDGE('',*,*,#1592,.T.);
#2094=ORIENTED_EDGE('',*,*,#1595,.F.);
#2095=ORIENTED_EDGE('',*,*,#1477,.T.);
#2096=ORIENTED_EDGE('',*,*,#1596,.F.);
#2097=ORIENTED_EDGE('',*,*,#1597,.F.);
#2098=ORIENTED_EDGE('',*,*,#1598,.T.);
#2099=ORIENTED_EDGE('',*,*,#1597,.T.);
#2100=ORIENTED_EDGE('',*,*,#1599,.F.);
#2101=ORIENTED_EDGE('',*,*,#1600,.F.);
#2102=ORIENTED_EDGE('',*,*,#1601,.F.);
#2103=ORIENTED_EDGE('',*,*,#1600,.T.);
#2104=ORIENTED_EDGE('',*,*,#1602,.F.);
#2105=ORIENTED_EDGE('',*,*,#1603,.F.);
#2106=ORIENTED_EDGE('',*,*,#1604,.F.);
#2107=ORIENTED_EDGE('',*,*,#1603,.T.);
#2108=ORIENTED_EDGE('',*,*,#1605,.F.);
#2109=ORIENTED_EDGE('',*,*,#1606,.F.);
#2110=ORIENTED_EDGE('',*,*,#1607,.F.);
#2111=ORIENTED_EDGE('',*,*,#1606,.T.);
#2112=ORIENTED_EDGE('',*,*,#1608,.F.);
#2113=ORIENTED_EDGE('',*,*,#1609,.F.);
#2114=ORIENTED_EDGE('',*,*,#1610,.T.);
#2115=ORIENTED_EDGE('',*,*,#1609,.T.);
#2116=ORIENTED_EDGE('',*,*,#1611,.F.);
#2117=ORIENTED_EDGE('',*,*,#1612,.F.);
#2118=ORIENTED_EDGE('',*,*,#1613,.F.);
#2119=ORIENTED_EDGE('',*,*,#1612,.T.);
#2120=ORIENTED_EDGE('',*,*,#1614,.F.);
#2121=ORIENTED_EDGE('',*,*,#1615,.F.);
#2122=ORIENTED_EDGE('',*,*,#1616,.F.);
#2123=ORIENTED_EDGE('',*,*,#1615,.T.);
#2124=ORIENTED_EDGE('',*,*,#1617,.F.);
#2125=ORIENTED_EDGE('',*,*,#1618,.F.);
#2126=ORIENTED_EDGE('',*,*,#1619,.F.);
#2127=ORIENTED_EDGE('',*,*,#1618,.T.);
#2128=ORIENTED_EDGE('',*,*,#1620,.F.);
#2129=ORIENTED_EDGE('',*,*,#1621,.F.);
#2130=ORIENTED_EDGE('',*,*,#1622,.T.);
#2131=ORIENTED_EDGE('',*,*,#1621,.T.);
#2132=ORIENTED_EDGE('',*,*,#1623,.F.);
#2133=ORIENTED_EDGE('',*,*,#1624,.F.);
#2134=ORIENTED_EDGE('',*,*,#1625,.F.);
#2135=ORIENTED_EDGE('',*,*,#1624,.T.);
#2136=ORIENTED_EDGE('',*,*,#1626,.F.);
#2137=ORIENTED_EDGE('',*,*,#1627,.F.);
#2138=ORIENTED_EDGE('',*,*,#1628,.F.);
#2139=ORIENTED_EDGE('',*,*,#1627,.T.);
#2140=ORIENTED_EDGE('',*,*,#1629,.F.);
#2141=ORIENTED_EDGE('',*,*,#1630,.F.);
#2142=ORIENTED_EDGE('',*,*,#1631,.F.);
#2143=ORIENTED_EDGE('',*,*,#1630,.T.);
#2144=ORIENTED_EDGE('',*,*,#1632,.F.);
#2145=ORIENTED_EDGE('',*,*,#1633,.F.);
#2146=ORIENTED_EDGE('',*,*,#1634,.T.);
#2147=ORIENTED_EDGE('',*,*,#1633,.T.);
#2148=ORIENTED_EDGE('',*,*,#1635,.F.);
#2149=ORIENTED_EDGE('',*,*,#1636,.F.);
#2150=ORIENTED_EDGE('',*,*,#1637,.F.);
#2151=ORIENTED_EDGE('',*,*,#1636,.T.);
#2152=ORIENTED_EDGE('',*,*,#1638,.F.);
#2153=ORIENTED_EDGE('',*,*,#1639,.F.);
#2154=ORIENTED_EDGE('',*,*,#1492,.T.);
#2155=ORIENTED_EDGE('',*,*,#1500,.T.);
#2156=ORIENTED_EDGE('',*,*,#1640,.F.);
#2157=ORIENTED_EDGE('',*,*,#1641,.F.);
#2158=ORIENTED_EDGE('',*,*,#1639,.T.);
#2159=ORIENTED_EDGE('',*,*,#1642,.F.);
#2160=ORIENTED_EDGE('',*,*,#1510,.F.);
#2161=ORIENTED_EDGE('',*,*,#1499,.T.);
#2162=ORIENTED_EDGE('',*,*,#1643,.F.);
#2163=ORIENTED_EDGE('',*,*,#1644,.F.);
#2164=ORIENTED_EDGE('',*,*,#1640,.T.);
#2165=ORIENTED_EDGE('',*,*,#1498,.T.);
#2166=ORIENTED_EDGE('',*,*,#1645,.F.);
#2167=ORIENTED_EDGE('',*,*,#1646,.T.);
#2168=ORIENTED_EDGE('',*,*,#1643,.T.);
#2169=ORIENTED_EDGE('',*,*,#1497,.T.);
#2170=ORIENTED_EDGE('',*,*,#1505,.F.);
#2171=ORIENTED_EDGE('',*,*,#1647,.F.);
#2172=ORIENTED_EDGE('',*,*,#1645,.T.);
#2173=ORIENTED_EDGE('',*,*,#1648,.F.);
#2174=ORIENTED_EDGE('',*,*,#1503,.T.);
#2175=ORIENTED_EDGE('',*,*,#1649,.F.);
#2176=ORIENTED_EDGE('',*,*,#1650,.F.);
#2177=ORIENTED_EDGE('',*,*,#1651,.T.);
#2178=ORIENTED_EDGE('',*,*,#1650,.T.);
#2179=ORIENTED_EDGE('',*,*,#1652,.F.);
#2180=ORIENTED_EDGE('',*,*,#1653,.F.);
#2181=ORIENTED_EDGE('',*,*,#1654,.F.);
#2182=ORIENTED_EDGE('',*,*,#1653,.T.);
#2183=ORIENTED_EDGE('',*,*,#1655,.F.);
#2184=ORIENTED_EDGE('',*,*,#1656,.F.);
#2185=ORIENTED_EDGE('',*,*,#1657,.F.);
#2186=ORIENTED_EDGE('',*,*,#1656,.T.);
#2187=ORIENTED_EDGE('',*,*,#1658,.F.);
#2188=ORIENTED_EDGE('',*,*,#1659,.F.);
#2189=ORIENTED_EDGE('',*,*,#1660,.F.);
#2190=ORIENTED_EDGE('',*,*,#1659,.T.);
#2191=ORIENTED_EDGE('',*,*,#1661,.F.);
#2192=ORIENTED_EDGE('',*,*,#1662,.F.);
#2193=ORIENTED_EDGE('',*,*,#1663,.T.);
#2194=ORIENTED_EDGE('',*,*,#1662,.T.);
#2195=ORIENTED_EDGE('',*,*,#1664,.F.);
#2196=ORIENTED_EDGE('',*,*,#1665,.F.);
#2197=ORIENTED_EDGE('',*,*,#1666,.F.);
#2198=ORIENTED_EDGE('',*,*,#1665,.T.);
#2199=ORIENTED_EDGE('',*,*,#1667,.F.);
#2200=ORIENTED_EDGE('',*,*,#1668,.F.);
#2201=ORIENTED_EDGE('',*,*,#1669,.F.);
#2202=ORIENTED_EDGE('',*,*,#1668,.T.);
#2203=ORIENTED_EDGE('',*,*,#1670,.F.);
#2204=ORIENTED_EDGE('',*,*,#1671,.F.);
#2205=ORIENTED_EDGE('',*,*,#1672,.F.);
#2206=ORIENTED_EDGE('',*,*,#1671,.T.);
#2207=ORIENTED_EDGE('',*,*,#1673,.F.);
#2208=ORIENTED_EDGE('',*,*,#1674,.F.);
#2209=ORIENTED_EDGE('',*,*,#1675,.T.);
#2210=ORIENTED_EDGE('',*,*,#1674,.T.);
#2211=ORIENTED_EDGE('',*,*,#1676,.F.);
#2212=ORIENTED_EDGE('',*,*,#1677,.F.);
#2213=ORIENTED_EDGE('',*,*,#1678,.F.);
#2214=ORIENTED_EDGE('',*,*,#1677,.T.);
#2215=ORIENTED_EDGE('',*,*,#1679,.F.);
#2216=ORIENTED_EDGE('',*,*,#1680,.F.);
#2217=ORIENTED_EDGE('',*,*,#1681,.F.);
#2218=ORIENTED_EDGE('',*,*,#1680,.T.);
#2219=ORIENTED_EDGE('',*,*,#1682,.F.);
#2220=ORIENTED_EDGE('',*,*,#1683,.F.);
#2221=ORIENTED_EDGE('',*,*,#1684,.F.);
#2222=ORIENTED_EDGE('',*,*,#1683,.T.);
#2223=ORIENTED_EDGE('',*,*,#1685,.F.);
#2224=ORIENTED_EDGE('',*,*,#1686,.F.);
#2225=ORIENTED_EDGE('',*,*,#1687,.T.);
#2226=ORIENTED_EDGE('',*,*,#1686,.T.);
#2227=ORIENTED_EDGE('',*,*,#1688,.F.);
#2228=ORIENTED_EDGE('',*,*,#1689,.F.);
#2229=ORIENTED_EDGE('',*,*,#1690,.F.);
#2230=ORIENTED_EDGE('',*,*,#1689,.T.);
#2231=ORIENTED_EDGE('',*,*,#1691,.F.);
#2232=ORIENTED_EDGE('',*,*,#1692,.F.);
#2233=ORIENTED_EDGE('',*,*,#1414,.T.);
#2234=ORIENTED_EDGE('',*,*,#1422,.T.);
#2235=ORIENTED_EDGE('',*,*,#1693,.F.);
#2236=ORIENTED_EDGE('',*,*,#1694,.F.);
#2237=ORIENTED_EDGE('',*,*,#1692,.T.);
#2238=ORIENTED_EDGE('',*,*,#1695,.F.);
#2239=ORIENTED_EDGE('',*,*,#1432,.F.);
#2240=ORIENTED_EDGE('',*,*,#1421,.T.);
#2241=ORIENTED_EDGE('',*,*,#1696,.F.);
#2242=ORIENTED_EDGE('',*,*,#1697,.F.);
#2243=ORIENTED_EDGE('',*,*,#1693,.T.);
#2244=ORIENTED_EDGE('',*,*,#1420,.T.);
#2245=ORIENTED_EDGE('',*,*,#1698,.F.);
#2246=ORIENTED_EDGE('',*,*,#1699,.T.);
#2247=ORIENTED_EDGE('',*,*,#1696,.T.);
#2248=ORIENTED_EDGE('',*,*,#1419,.T.);
#2249=ORIENTED_EDGE('',*,*,#1427,.F.);
#2250=ORIENTED_EDGE('',*,*,#1700,.F.);
#2251=ORIENTED_EDGE('',*,*,#1698,.T.);
#2252=ORIENTED_EDGE('',*,*,#1701,.F.);
#2253=ORIENTED_EDGE('',*,*,#1425,.T.);
#2254=ORIENTED_EDGE('',*,*,#1702,.F.);
#2255=ORIENTED_EDGE('',*,*,#1703,.F.);
#2256=ORIENTED_EDGE('',*,*,#1704,.T.);
#2257=ORIENTED_EDGE('',*,*,#1703,.T.);
#2258=ORIENTED_EDGE('',*,*,#1705,.F.);
#2259=ORIENTED_EDGE('',*,*,#1706,.F.);
#2260=ORIENTED_EDGE('',*,*,#1707,.F.);
#2261=ORIENTED_EDGE('',*,*,#1706,.T.);
#2262=ORIENTED_EDGE('',*,*,#1708,.F.);
#2263=ORIENTED_EDGE('',*,*,#1709,.F.);
#2264=ORIENTED_EDGE('',*,*,#1710,.F.);
#2265=ORIENTED_EDGE('',*,*,#1709,.T.);
#2266=ORIENTED_EDGE('',*,*,#1711,.F.);
#2267=ORIENTED_EDGE('',*,*,#1712,.F.);
#2268=ORIENTED_EDGE('',*,*,#1713,.F.);
#2269=ORIENTED_EDGE('',*,*,#1712,.T.);
#2270=ORIENTED_EDGE('',*,*,#1714,.F.);
#2271=ORIENTED_EDGE('',*,*,#1715,.F.);
#2272=ORIENTED_EDGE('',*,*,#1716,.T.);
#2273=ORIENTED_EDGE('',*,*,#1715,.T.);
#2274=ORIENTED_EDGE('',*,*,#1717,.F.);
#2275=ORIENTED_EDGE('',*,*,#1718,.F.);
#2276=ORIENTED_EDGE('',*,*,#1719,.F.);
#2277=ORIENTED_EDGE('',*,*,#1718,.T.);
#2278=ORIENTED_EDGE('',*,*,#1720,.F.);
#2279=ORIENTED_EDGE('',*,*,#1721,.F.);
#2280=ORIENTED_EDGE('',*,*,#1722,.F.);
#2281=ORIENTED_EDGE('',*,*,#1721,.T.);
#2282=ORIENTED_EDGE('',*,*,#1723,.F.);
#2283=ORIENTED_EDGE('',*,*,#1724,.F.);
#2284=ORIENTED_EDGE('',*,*,#1725,.F.);
#2285=ORIENTED_EDGE('',*,*,#1724,.T.);
#2286=ORIENTED_EDGE('',*,*,#1726,.F.);
#2287=ORIENTED_EDGE('',*,*,#1516,.F.);
#2288=ORIENTED_EDGE('',*,*,#1726,.T.);
#2289=ORIENTED_EDGE('',*,*,#1723,.T.);
#2290=ORIENTED_EDGE('',*,*,#1720,.T.);
#2291=ORIENTED_EDGE('',*,*,#1717,.T.);
#2292=ORIENTED_EDGE('',*,*,#1714,.T.);
#2293=ORIENTED_EDGE('',*,*,#1711,.T.);
#2294=ORIENTED_EDGE('',*,*,#1708,.T.);
#2295=ORIENTED_EDGE('',*,*,#1705,.T.);
#2296=ORIENTED_EDGE('',*,*,#1702,.T.);
#2297=ORIENTED_EDGE('',*,*,#1424,.T.);
#2298=ORIENTED_EDGE('',*,*,#1429,.T.);
#2299=ORIENTED_EDGE('',*,*,#1431,.T.);
#2300=ORIENTED_EDGE('',*,*,#1433,.T.);
#2301=ORIENTED_EDGE('',*,*,#1695,.T.);
#2302=ORIENTED_EDGE('',*,*,#1691,.T.);
#2303=ORIENTED_EDGE('',*,*,#1688,.T.);
#2304=ORIENTED_EDGE('',*,*,#1685,.T.);
#2305=ORIENTED_EDGE('',*,*,#1682,.T.);
#2306=ORIENTED_EDGE('',*,*,#1679,.T.);
#2307=ORIENTED_EDGE('',*,*,#1676,.T.);
#2308=ORIENTED_EDGE('',*,*,#1673,.T.);
#2309=ORIENTED_EDGE('',*,*,#1670,.T.);
#2310=ORIENTED_EDGE('',*,*,#1667,.T.);
#2311=ORIENTED_EDGE('',*,*,#1664,.T.);
#2312=ORIENTED_EDGE('',*,*,#1661,.T.);
#2313=ORIENTED_EDGE('',*,*,#1658,.T.);
#2314=ORIENTED_EDGE('',*,*,#1655,.T.);
#2315=ORIENTED_EDGE('',*,*,#1652,.T.);
#2316=ORIENTED_EDGE('',*,*,#1649,.T.);
#2317=ORIENTED_EDGE('',*,*,#1502,.T.);
#2318=ORIENTED_EDGE('',*,*,#1507,.T.);
#2319=ORIENTED_EDGE('',*,*,#1509,.T.);
#2320=ORIENTED_EDGE('',*,*,#1511,.T.);
#2321=ORIENTED_EDGE('',*,*,#1642,.T.);
#2322=ORIENTED_EDGE('',*,*,#1638,.T.);
#2323=ORIENTED_EDGE('',*,*,#1635,.T.);
#2324=ORIENTED_EDGE('',*,*,#1632,.T.);
#2325=ORIENTED_EDGE('',*,*,#1629,.T.);
#2326=ORIENTED_EDGE('',*,*,#1626,.T.);
#2327=ORIENTED_EDGE('',*,*,#1623,.T.);
#2328=ORIENTED_EDGE('',*,*,#1620,.T.);
#2329=ORIENTED_EDGE('',*,*,#1617,.T.);
#2330=ORIENTED_EDGE('',*,*,#1614,.T.);
#2331=ORIENTED_EDGE('',*,*,#1611,.T.);
#2332=ORIENTED_EDGE('',*,*,#1608,.T.);
#2333=ORIENTED_EDGE('',*,*,#1605,.T.);
#2334=ORIENTED_EDGE('',*,*,#1602,.T.);
#2335=ORIENTED_EDGE('',*,*,#1599,.T.);
#2336=ORIENTED_EDGE('',*,*,#1596,.T.);
#2337=ORIENTED_EDGE('',*,*,#1476,.T.);
#2338=ORIENTED_EDGE('',*,*,#1481,.T.);
#2339=ORIENTED_EDGE('',*,*,#1483,.T.);
#2340=ORIENTED_EDGE('',*,*,#1485,.T.);
#2341=ORIENTED_EDGE('',*,*,#1589,.T.);
#2342=ORIENTED_EDGE('',*,*,#1585,.T.);
#2343=ORIENTED_EDGE('',*,*,#1582,.T.);
#2344=ORIENTED_EDGE('',*,*,#1579,.T.);
#2345=ORIENTED_EDGE('',*,*,#1576,.T.);
#2346=ORIENTED_EDGE('',*,*,#1573,.T.);
#2347=ORIENTED_EDGE('',*,*,#1570,.T.);
#2348=ORIENTED_EDGE('',*,*,#1567,.T.);
#2349=ORIENTED_EDGE('',*,*,#1564,.T.);
#2350=ORIENTED_EDGE('',*,*,#1561,.T.);
#2351=ORIENTED_EDGE('',*,*,#1558,.T.);
#2352=ORIENTED_EDGE('',*,*,#1555,.T.);
#2353=ORIENTED_EDGE('',*,*,#1552,.T.);
#2354=ORIENTED_EDGE('',*,*,#1549,.T.);
#2355=ORIENTED_EDGE('',*,*,#1546,.T.);
#2356=ORIENTED_EDGE('',*,*,#1543,.T.);
#2357=ORIENTED_EDGE('',*,*,#1450,.T.);
#2358=ORIENTED_EDGE('',*,*,#1455,.T.);
#2359=ORIENTED_EDGE('',*,*,#1457,.T.);
#2360=ORIENTED_EDGE('',*,*,#1459,.T.);
#2361=ORIENTED_EDGE('',*,*,#1536,.T.);
#2362=ORIENTED_EDGE('',*,*,#1532,.T.);
#2363=ORIENTED_EDGE('',*,*,#1529,.T.);
#2364=ORIENTED_EDGE('',*,*,#1526,.T.);
#2365=ORIENTED_EDGE('',*,*,#1523,.T.);
#2366=ORIENTED_EDGE('',*,*,#1520,.T.);
#2367=ORIENTED_EDGE('',*,*,#1517,.T.);
#2368=ORIENTED_EDGE('',*,*,#1514,.T.);
#2369=ORIENTED_EDGE('',*,*,#1725,.T.);
#2370=ORIENTED_EDGE('',*,*,#1515,.F.);
#2371=ORIENTED_EDGE('',*,*,#1519,.T.);
#2372=ORIENTED_EDGE('',*,*,#1522,.T.);
#2373=ORIENTED_EDGE('',*,*,#1525,.T.);
#2374=ORIENTED_EDGE('',*,*,#1528,.F.);
#2375=ORIENTED_EDGE('',*,*,#1531,.T.);
#2376=ORIENTED_EDGE('',*,*,#1535,.T.);
#2377=ORIENTED_EDGE('',*,*,#1538,.T.);
#2378=ORIENTED_EDGE('',*,*,#1540,.F.);
#2379=ORIENTED_EDGE('',*,*,#1541,.T.);
#2380=ORIENTED_EDGE('',*,*,#1452,.T.);
#2381=ORIENTED_EDGE('',*,*,#1542,.T.);
#2382=ORIENTED_EDGE('',*,*,#1545,.F.);
#2383=ORIENTED_EDGE('',*,*,#1548,.T.);
#2384=ORIENTED_EDGE('',*,*,#1551,.T.);
#2385=ORIENTED_EDGE('',*,*,#1554,.T.);
#2386=ORIENTED_EDGE('',*,*,#1557,.F.);
#2387=ORIENTED_EDGE('',*,*,#1560,.T.);
#2388=ORIENTED_EDGE('',*,*,#1563,.T.);
#2389=ORIENTED_EDGE('',*,*,#1566,.T.);
#2390=ORIENTED_EDGE('',*,*,#1569,.F.);
#2391=ORIENTED_EDGE('',*,*,#1572,.T.);
#2392=ORIENTED_EDGE('',*,*,#1575,.T.);
#2393=ORIENTED_EDGE('',*,*,#1578,.T.);
#2394=ORIENTED_EDGE('',*,*,#1581,.F.);
#2395=ORIENTED_EDGE('',*,*,#1584,.T.);
#2396=ORIENTED_EDGE('',*,*,#1588,.T.);
#2397=ORIENTED_EDGE('',*,*,#1591,.T.);
#2398=ORIENTED_EDGE('',*,*,#1593,.F.);
#2399=ORIENTED_EDGE('',*,*,#1594,.T.);
#2400=ORIENTED_EDGE('',*,*,#1478,.T.);
#2401=ORIENTED_EDGE('',*,*,#1595,.T.);
#2402=ORIENTED_EDGE('',*,*,#1598,.F.);
#2403=ORIENTED_EDGE('',*,*,#1601,.T.);
#2404=ORIENTED_EDGE('',*,*,#1604,.T.);
#2405=ORIENTED_EDGE('',*,*,#1607,.T.);
#2406=ORIENTED_EDGE('',*,*,#1610,.F.);
#2407=ORIENTED_EDGE('',*,*,#1613,.T.);
#2408=ORIENTED_EDGE('',*,*,#1616,.T.);
#2409=ORIENTED_EDGE('',*,*,#1619,.T.);
#2410=ORIENTED_EDGE('',*,*,#1622,.F.);
#2411=ORIENTED_EDGE('',*,*,#1625,.T.);
#2412=ORIENTED_EDGE('',*,*,#1628,.T.);
#2413=ORIENTED_EDGE('',*,*,#1631,.T.);
#2414=ORIENTED_EDGE('',*,*,#1634,.F.);
#2415=ORIENTED_EDGE('',*,*,#1637,.T.);
#2416=ORIENTED_EDGE('',*,*,#1641,.T.);
#2417=ORIENTED_EDGE('',*,*,#1644,.T.);
#2418=ORIENTED_EDGE('',*,*,#1646,.F.);
#2419=ORIENTED_EDGE('',*,*,#1647,.T.);
#2420=ORIENTED_EDGE('',*,*,#1504,.T.);
#2421=ORIENTED_EDGE('',*,*,#1648,.T.);
#2422=ORIENTED_EDGE('',*,*,#1651,.F.);
#2423=ORIENTED_EDGE('',*,*,#1654,.T.);
#2424=ORIENTED_EDGE('',*,*,#1657,.T.);
#2425=ORIENTED_EDGE('',*,*,#1660,.T.);
#2426=ORIENTED_EDGE('',*,*,#1663,.F.);
#2427=ORIENTED_EDGE('',*,*,#1666,.T.);
#2428=ORIENTED_EDGE('',*,*,#1669,.T.);
#2429=ORIENTED_EDGE('',*,*,#1672,.T.);
#2430=ORIENTED_EDGE('',*,*,#1675,.F.);
#2431=ORIENTED_EDGE('',*,*,#1678,.T.);
#2432=ORIENTED_EDGE('',*,*,#1681,.T.);
#2433=ORIENTED_EDGE('',*,*,#1684,.T.);
#2434=ORIENTED_EDGE('',*,*,#1687,.F.);
#2435=ORIENTED_EDGE('',*,*,#1690,.T.);
#2436=ORIENTED_EDGE('',*,*,#1694,.T.);
#2437=ORIENTED_EDGE('',*,*,#1697,.T.);
#2438=ORIENTED_EDGE('',*,*,#1699,.F.);
#2439=ORIENTED_EDGE('',*,*,#1700,.T.);
#2440=ORIENTED_EDGE('',*,*,#1426,.T.);
#2441=ORIENTED_EDGE('',*,*,#1701,.T.);
#2442=ORIENTED_EDGE('',*,*,#1704,.F.);
#2443=ORIENTED_EDGE('',*,*,#1707,.T.);
#2444=ORIENTED_EDGE('',*,*,#1710,.T.);
#2445=ORIENTED_EDGE('',*,*,#1713,.T.);
#2446=ORIENTED_EDGE('',*,*,#1716,.F.);
#2447=ORIENTED_EDGE('',*,*,#1719,.T.);
#2448=ORIENTED_EDGE('',*,*,#1722,.T.);
#2449=ORIENTED_EDGE('',*,*,#1512,.F.);
#2450=ORIENTED_EDGE('',*,*,#1727,.F.);
#2451=ORIENTED_EDGE('',*,*,#1728,.T.);
#2452=ORIENTED_EDGE('',*,*,#1729,.F.);
#2453=ORIENTED_EDGE('',*,*,#1730,.T.);
#2454=ORIENTED_EDGE('',*,*,#1727,.T.);
#2455=ORIENTED_EDGE('',*,*,#1730,.F.);
#2456=ORIENTED_EDGE('',*,*,#1728,.F.);
#2457=ORIENTED_EDGE('',*,*,#1731,.T.);
#2458=ORIENTED_EDGE('',*,*,#1732,.F.);
#2459=ORIENTED_EDGE('',*,*,#1731,.F.);
#2460=ORIENTED_EDGE('',*,*,#1733,.F.);
#2461=ORIENTED_EDGE('',*,*,#1734,.T.);
#2462=ORIENTED_EDGE('',*,*,#1735,.F.);
#2463=ORIENTED_EDGE('',*,*,#1736,.T.);
#2464=ORIENTED_EDGE('',*,*,#1733,.T.);
#2465=ORIENTED_EDGE('',*,*,#1736,.F.);
#2466=ORIENTED_EDGE('',*,*,#1734,.F.);
#2467=ORIENTED_EDGE('',*,*,#1737,.T.);
#2468=ORIENTED_EDGE('',*,*,#1738,.F.);
#2469=ORIENTED_EDGE('',*,*,#1737,.F.);
#2470=ORIENTED_EDGE('',*,*,#1739,.F.);
#2471=ORIENTED_EDGE('',*,*,#1740,.T.);
#2472=ORIENTED_EDGE('',*,*,#1741,.F.);
#2473=ORIENTED_EDGE('',*,*,#1742,.T.);
#2474=ORIENTED_EDGE('',*,*,#1739,.T.);
#2475=ORIENTED_EDGE('',*,*,#1742,.F.);
#2476=ORIENTED_EDGE('',*,*,#1740,.F.);
#2477=ORIENTED_EDGE('',*,*,#1743,.T.);
#2478=ORIENTED_EDGE('',*,*,#1744,.F.);
#2479=ORIENTED_EDGE('',*,*,#1743,.F.);
#2480=ORIENTED_EDGE('',*,*,#1745,.F.);
#2481=ORIENTED_EDGE('',*,*,#1746,.T.);
#2482=ORIENTED_EDGE('',*,*,#1747,.F.);
#2483=ORIENTED_EDGE('',*,*,#1748,.T.);
#2484=ORIENTED_EDGE('',*,*,#1745,.T.);
#2485=ORIENTED_EDGE('',*,*,#1748,.F.);
#2486=ORIENTED_EDGE('',*,*,#1746,.F.);
#2487=ORIENTED_EDGE('',*,*,#1749,.T.);
#2488=ORIENTED_EDGE('',*,*,#1750,.F.);
#2489=ORIENTED_EDGE('',*,*,#1749,.F.);
#2490=ORIENTED_EDGE('',*,*,#1751,.F.);
#2491=ORIENTED_EDGE('',*,*,#1752,.T.);
#2492=ORIENTED_EDGE('',*,*,#1753,.F.);
#2493=ORIENTED_EDGE('',*,*,#1754,.T.);
#2494=ORIENTED_EDGE('',*,*,#1751,.T.);
#2495=ORIENTED_EDGE('',*,*,#1754,.F.);
#2496=ORIENTED_EDGE('',*,*,#1752,.F.);
#2497=ORIENTED_EDGE('',*,*,#1755,.T.);
#2498=ORIENTED_EDGE('',*,*,#1756,.F.);
#2499=ORIENTED_EDGE('',*,*,#1755,.F.);
#2500=ORIENTED_EDGE('',*,*,#1757,.F.);
#2501=ORIENTED_EDGE('',*,*,#1758,.F.);
#2502=ORIENTED_EDGE('',*,*,#1759,.F.);
#2503=ORIENTED_EDGE('',*,*,#1760,.F.);
#2504=ORIENTED_EDGE('',*,*,#1760,.T.);
#2505=ORIENTED_EDGE('',*,*,#1761,.F.);
#2506=ORIENTED_EDGE('',*,*,#1762,.F.);
#2507=ORIENTED_EDGE('',*,*,#1763,.F.);
#2508=ORIENTED_EDGE('',*,*,#1764,.F.);
#2509=ORIENTED_EDGE('',*,*,#1765,.F.);
#2510=ORIENTED_EDGE('',*,*,#1766,.F.);
#2511=ORIENTED_EDGE('',*,*,#1767,.F.);
#2512=ORIENTED_EDGE('',*,*,#1765,.T.);
#2513=ORIENTED_EDGE('',*,*,#1768,.F.);
#2514=ORIENTED_EDGE('',*,*,#1769,.T.);
#2515=ORIENTED_EDGE('',*,*,#1770,.F.);
#2516=ORIENTED_EDGE('',*,*,#1771,.F.);
#2517=ORIENTED_EDGE('',*,*,#1772,.F.);
#2518=ORIENTED_EDGE('',*,*,#1773,.F.);
#2519=ORIENTED_EDGE('',*,*,#1774,.F.);
#2520=ORIENTED_EDGE('',*,*,#1774,.T.);
#2521=ORIENTED_EDGE('',*,*,#1775,.F.);
#2522=ORIENTED_EDGE('',*,*,#1776,.F.);
#2523=ORIENTED_EDGE('',*,*,#1777,.F.);
#2524=ORIENTED_EDGE('',*,*,#1778,.T.);
#2525=ORIENTED_EDGE('',*,*,#1735,.T.);
#2526=ORIENTED_EDGE('',*,*,#1741,.T.);
#2527=ORIENTED_EDGE('',*,*,#1747,.T.);
#2528=ORIENTED_EDGE('',*,*,#1753,.T.);
#2529=ORIENTED_EDGE('',*,*,#1779,.T.);
#2530=ORIENTED_EDGE('',*,*,#1780,.T.);
#2531=ORIENTED_EDGE('',*,*,#1766,.T.);
#2532=ORIENTED_EDGE('',*,*,#1770,.T.);
#2533=ORIENTED_EDGE('',*,*,#1781,.T.);
#2534=ORIENTED_EDGE('',*,*,#1782,.T.);
#2535=ORIENTED_EDGE('',*,*,#1775,.T.);
#2536=ORIENTED_EDGE('',*,*,#1773,.T.);
#2537=ORIENTED_EDGE('',*,*,#1783,.T.);
#2538=ORIENTED_EDGE('',*,*,#1784,.T.);
#2539=ORIENTED_EDGE('',*,*,#1761,.T.);
#2540=ORIENTED_EDGE('',*,*,#1759,.T.);
#2541=ORIENTED_EDGE('',*,*,#1729,.T.);
#2542=ORIENTED_EDGE('',*,*,#1785,.F.);
#2543=ORIENTED_EDGE('',*,*,#1786,.F.);
#2544=ORIENTED_EDGE('',*,*,#1787,.T.);
#2545=ORIENTED_EDGE('',*,*,#1788,.T.);
#2546=ORIENTED_EDGE('',*,*,#1787,.F.);
#2547=ORIENTED_EDGE('',*,*,#1788,.F.);
#2548=ORIENTED_EDGE('',*,*,#1789,.F.);
#2549=ORIENTED_EDGE('',*,*,#1790,.F.);
#2550=ORIENTED_EDGE('',*,*,#1791,.T.);
#2551=ORIENTED_EDGE('',*,*,#1792,.T.);
#2552=ORIENTED_EDGE('',*,*,#1791,.F.);
#2553=ORIENTED_EDGE('',*,*,#1792,.F.);
#2554=ORIENTED_EDGE('',*,*,#1793,.F.);
#2555=ORIENTED_EDGE('',*,*,#1794,.F.);
#2556=ORIENTED_EDGE('',*,*,#1795,.T.);
#2557=ORIENTED_EDGE('',*,*,#1796,.T.);
#2558=ORIENTED_EDGE('',*,*,#1795,.F.);
#2559=ORIENTED_EDGE('',*,*,#1796,.F.);
#2560=ORIENTED_EDGE('',*,*,#1797,.F.);
#2561=ORIENTED_EDGE('',*,*,#1798,.F.);
#2562=ORIENTED_EDGE('',*,*,#1799,.T.);
#2563=ORIENTED_EDGE('',*,*,#1800,.T.);
#2564=ORIENTED_EDGE('',*,*,#1799,.F.);
#2565=ORIENTED_EDGE('',*,*,#1800,.F.);
#2566=ORIENTED_EDGE('',*,*,#1801,.F.);
#2567=ORIENTED_EDGE('',*,*,#1762,.T.);
#2568=ORIENTED_EDGE('',*,*,#1784,.F.);
#2569=ORIENTED_EDGE('',*,*,#1802,.F.);
#2570=ORIENTED_EDGE('',*,*,#1758,.T.);
#2571=ORIENTED_EDGE('',*,*,#1803,.F.);
#2572=ORIENTED_EDGE('',*,*,#1802,.T.);
#2573=ORIENTED_EDGE('',*,*,#1783,.F.);
#2574=ORIENTED_EDGE('',*,*,#1804,.F.);
#2575=ORIENTED_EDGE('',*,*,#1776,.T.);
#2576=ORIENTED_EDGE('',*,*,#1782,.F.);
#2577=ORIENTED_EDGE('',*,*,#1805,.F.);
#2578=ORIENTED_EDGE('',*,*,#1772,.T.);
#2579=ORIENTED_EDGE('',*,*,#1806,.F.);
#2580=ORIENTED_EDGE('',*,*,#1805,.T.);
#2581=ORIENTED_EDGE('',*,*,#1781,.F.);
#2582=ORIENTED_EDGE('',*,*,#1767,.T.);
#2583=ORIENTED_EDGE('',*,*,#1780,.F.);
#2584=ORIENTED_EDGE('',*,*,#1807,.F.);
#2585=ORIENTED_EDGE('',*,*,#1808,.F.);
#2586=ORIENTED_EDGE('',*,*,#1809,.F.);
#2587=ORIENTED_EDGE('',*,*,#1807,.T.);
#2588=ORIENTED_EDGE('',*,*,#1779,.F.);
#2589=ORIENTED_EDGE('',*,*,#1769,.F.);
#2590=ORIENTED_EDGE('',*,*,#1778,.F.);
#2591=ORIENTED_EDGE('',*,*,#1810,.T.);
#2592=ORIENTED_EDGE('',*,*,#1811,.F.);
#2593=ORIENTED_EDGE('',*,*,#1810,.F.);
#2594=ORIENTED_EDGE('',*,*,#1785,.T.);
#2595=ORIENTED_EDGE('',*,*,#1786,.T.);
#2596=ORIENTED_EDGE('',*,*,#1789,.T.);
#2597=ORIENTED_EDGE('',*,*,#1790,.T.);
#2598=ORIENTED_EDGE('',*,*,#1793,.T.);
#2599=ORIENTED_EDGE('',*,*,#1794,.T.);
#2600=ORIENTED_EDGE('',*,*,#1797,.T.);
#2601=ORIENTED_EDGE('',*,*,#1798,.T.);
#2602=ORIENTED_EDGE('',*,*,#1811,.T.);
#2603=ORIENTED_EDGE('',*,*,#1738,.T.);
#2604=ORIENTED_EDGE('',*,*,#1744,.T.);
#2605=ORIENTED_EDGE('',*,*,#1750,.T.);
#2606=ORIENTED_EDGE('',*,*,#1756,.T.);
#2607=ORIENTED_EDGE('',*,*,#1809,.T.);
#2608=ORIENTED_EDGE('',*,*,#1768,.T.);
#2609=ORIENTED_EDGE('',*,*,#1764,.T.);
#2610=ORIENTED_EDGE('',*,*,#1808,.T.);
#2611=ORIENTED_EDGE('',*,*,#1806,.T.);
#2612=ORIENTED_EDGE('',*,*,#1771,.T.);
#2613=ORIENTED_EDGE('',*,*,#1777,.T.);
#2614=ORIENTED_EDGE('',*,*,#1804,.T.);
#2615=ORIENTED_EDGE('',*,*,#1803,.T.);
#2616=ORIENTED_EDGE('',*,*,#1757,.T.);
#2617=ORIENTED_EDGE('',*,*,#1763,.T.);
#2618=ORIENTED_EDGE('',*,*,#1801,.T.);
#2619=ORIENTED_EDGE('',*,*,#1732,.T.);
#2620=CYLINDRICAL_SURFACE('',#2834,1.4);
#2621=CYLINDRICAL_SURFACE('',#2838,2.65);
#2622=CYLINDRICAL_SURFACE('',#2848,31.5);
#2623=CYLINDRICAL_SURFACE('',#2851,1.4);
#2624=CYLINDRICAL_SURFACE('',#2855,2.65);
#2625=CYLINDRICAL_SURFACE('',#2865,31.5);
#2626=CYLINDRICAL_SURFACE('',#2868,1.4);
#2627=CYLINDRICAL_SURFACE('',#2872,2.65);
#2628=CYLINDRICAL_SURFACE('',#2882,31.5);
#2629=CYLINDRICAL_SURFACE('',#2885,1.4);
#2630=CYLINDRICAL_SURFACE('',#2889,2.65);
#2631=CYLINDRICAL_SURFACE('',#2899,31.5);
#2632=CYLINDRICAL_SURFACE('',#2902,27.5);
#2633=CYLINDRICAL_SURFACE('',#2905,31.5);
#2634=CYLINDRICAL_SURFACE('',#2911,31.5);
#2635=CYLINDRICAL_SURFACE('',#2917,31.5);
#2636=CYLINDRICAL_SURFACE('',#2921,31.5);
#2637=CYLINDRICAL_SURFACE('',#2927,31.5);
#2638=CYLINDRICAL_SURFACE('',#2933,31.5);
#2639=CYLINDRICAL_SURFACE('',#2939,31.5);
#2640=CYLINDRICAL_SURFACE('',#2945,31.5);
#2641=CYLINDRICAL_SURFACE('',#2949,31.5);
#2642=CYLINDRICAL_SURFACE('',#2955,31.5);
#2643=CYLINDRICAL_SURFACE('',#2961,31.5);
#2644=CYLINDRICAL_SURFACE('',#2967,31.5);
#2645=CYLINDRICAL_SURFACE('',#2973,31.5);
#2646=CYLINDRICAL_SURFACE('',#2977,31.5);
#2647=CYLINDRICAL_SURFACE('',#2983,31.5);
#2648=CYLINDRICAL_SURFACE('',#2989,31.5);
#2649=CYLINDRICAL_SURFACE('',#2995,31.5);
#2650=CYLINDRICAL_SURFACE('',#3001,31.5);
#2651=CYLINDRICAL_SURFACE('',#3005,31.5);
#2652=CYLINDRICAL_SURFACE('',#3011,31.5);
#2653=CYLINDRICAL_SURFACE('',#3022,2.55);
#2654=CYLINDRICAL_SURFACE('',#3024,1.75);
#2655=CYLINDRICAL_SURFACE('',#3029,2.55);
#2656=CYLINDRICAL_SURFACE('',#3031,1.25);
#2657=CYLINDRICAL_SURFACE('',#3036,2.55);
#2658=CYLINDRICAL_SURFACE('',#3038,1.25);
#2659=CYLINDRICAL_SURFACE('',#3043,2.55);
#2660=CYLINDRICAL_SURFACE('',#3045,1.25);
#2661=CYLINDRICAL_SURFACE('',#3050,2.55);
#2662=CYLINDRICAL_SURFACE('',#3052,1.25);
#2663=CYLINDRICAL_SURFACE('',#3054,11.);
#2664=CYLINDRICAL_SURFACE('',#3058,11.);
#2665=CYLINDRICAL_SURFACE('',#3062,11.);
#2666=CYLINDRICAL_SURFACE('',#3071,1.4);
#2667=CYLINDRICAL_SURFACE('',#3074,1.4);
#2668=CYLINDRICAL_SURFACE('',#3077,1.4);
#2669=CYLINDRICAL_SURFACE('',#3080,1.4);
#2670=CYLINDRICAL_SURFACE('',#3083,22.5);
#2671=CYLINDRICAL_SURFACE('',#3086,22.5);
#2672=CYLINDRICAL_SURFACE('',#3090,22.5);
#2673=CYLINDRICAL_SURFACE('',#3092,27.375);
#2674=ADVANCED_FACE('',(#171),#2620,.F.);
#2675=ADVANCED_FACE('',(#172,#45),#80,.T.);
#2676=ADVANCED_FACE('',(#173),#2621,.F.);
#2677=ADVANCED_FACE('',(#174),#81,.T.);
#2678=ADVANCED_FACE('',(#175),#82,.T.);
#2679=ADVANCED_FACE('',(#176),#2622,.T.);
#2680=ADVANCED_FACE('',(#177),#83,.T.);
#2681=ADVANCED_FACE('',(#178),#2623,.F.);
#2682=ADVANCED_FACE('',(#179,#46),#84,.T.);
#2683=ADVANCED_FACE('',(#180),#2624,.F.);
#2684=ADVANCED_FACE('',(#181),#85,.T.);
#2685=ADVANCED_FACE('',(#182),#86,.T.);
#2686=ADVANCED_FACE('',(#183),#2625,.T.);
#2687=ADVANCED_FACE('',(#184),#87,.T.);
#2688=ADVANCED_FACE('',(#185),#2626,.F.);
#2689=ADVANCED_FACE('',(#186,#47),#88,.T.);
#2690=ADVANCED_FACE('',(#187),#2627,.F.);
#2691=ADVANCED_FACE('',(#188),#89,.T.);
#2692=ADVANCED_FACE('',(#189),#90,.T.);
#2693=ADVANCED_FACE('',(#190),#2628,.T.);
#2694=ADVANCED_FACE('',(#191),#91,.T.);
#2695=ADVANCED_FACE('',(#192),#2629,.F.);
#2696=ADVANCED_FACE('',(#193,#48),#92,.T.);
#2697=ADVANCED_FACE('',(#194),#2630,.F.);
#2698=ADVANCED_FACE('',(#195),#93,.T.);
#2699=ADVANCED_FACE('',(#196),#94,.T.);
#2700=ADVANCED_FACE('',(#197),#2631,.T.);
#2701=ADVANCED_FACE('',(#198),#95,.T.);
#2702=ADVANCED_FACE('',(#199,#49,#50,#51,#52),#2632,.F.);
#2703=ADVANCED_FACE('',(#200),#2633,.T.);
#2704=ADVANCED_FACE('',(#201),#96,.T.);
#2705=ADVANCED_FACE('',(#202),#97,.T.);
#2706=ADVANCED_FACE('',(#203),#98,.T.);
#2707=ADVANCED_FACE('',(#204),#2634,.T.);
#2708=ADVANCED_FACE('',(#205),#99,.T.);
#2709=ADVANCED_FACE('',(#206),#100,.T.);
#2710=ADVANCED_FACE('',(#207),#101,.T.);
#2711=ADVANCED_FACE('',(#208),#2635,.T.);
#2712=ADVANCED_FACE('',(#209),#102,.T.);
#2713=ADVANCED_FACE('',(#210),#103,.T.);
#2714=ADVANCED_FACE('',(#211),#2636,.T.);
#2715=ADVANCED_FACE('',(#212),#104,.T.);
#2716=ADVANCED_FACE('',(#213),#105,.T.);
#2717=ADVANCED_FACE('',(#214),#106,.T.);
#2718=ADVANCED_FACE('',(#215),#2637,.T.);
#2719=ADVANCED_FACE('',(#216),#107,.T.);
#2720=ADVANCED_FACE('',(#217),#108,.T.);
#2721=ADVANCED_FACE('',(#218),#109,.T.);
#2722=ADVANCED_FACE('',(#219),#2638,.T.);
#2723=ADVANCED_FACE('',(#220),#110,.T.);
#2724=ADVANCED_FACE('',(#221),#111,.T.);
#2725=ADVANCED_FACE('',(#222),#112,.T.);
#2726=ADVANCED_FACE('',(#223),#2639,.T.);
#2727=ADVANCED_FACE('',(#224),#113,.T.);
#2728=ADVANCED_FACE('',(#225),#114,.T.);
#2729=ADVANCED_FACE('',(#226),#115,.T.);
#2730=ADVANCED_FACE('',(#227),#2640,.T.);
#2731=ADVANCED_FACE('',(#228),#116,.T.);
#2732=ADVANCED_FACE('',(#229),#117,.T.);
#2733=ADVANCED_FACE('',(#230),#2641,.T.);
#2734=ADVANCED_FACE('',(#231),#118,.T.);
#2735=ADVANCED_FACE('',(#232),#119,.T.);
#2736=ADVANCED_FACE('',(#233),#120,.T.);
#2737=ADVANCED_FACE('',(#234),#2642,.T.);
#2738=ADVANCED_FACE('',(#235),#121,.T.);
#2739=ADVANCED_FACE('',(#236),#122,.T.);
#2740=ADVANCED_FACE('',(#237),#123,.T.);
#2741=ADVANCED_FACE('',(#238),#2643,.T.);
#2742=ADVANCED_FACE('',(#239),#124,.T.);
#2743=ADVANCED_FACE('',(#240),#125,.T.);
#2744=ADVANCED_FACE('',(#241),#126,.T.);
#2745=ADVANCED_FACE('',(#242),#2644,.T.);
#2746=ADVANCED_FACE('',(#243),#127,.T.);
#2747=ADVANCED_FACE('',(#244),#128,.T.);
#2748=ADVANCED_FACE('',(#245),#129,.T.);
#2749=ADVANCED_FACE('',(#246),#2645,.T.);
#2750=ADVANCED_FACE('',(#247),#130,.T.);
#2751=ADVANCED_FACE('',(#248),#131,.T.);
#2752=ADVANCED_FACE('',(#249),#2646,.T.);
#2753=ADVANCED_FACE('',(#250),#132,.T.);
#2754=ADVANCED_FACE('',(#251),#133,.T.);
#2755=ADVANCED_FACE('',(#252),#134,.T.);
#2756=ADVANCED_FACE('',(#253),#2647,.T.);
#2757=ADVANCED_FACE('',(#254),#135,.T.);
#2758=ADVANCED_FACE('',(#255),#136,.T.);
#2759=ADVANCED_FACE('',(#256),#137,.T.);
#2760=ADVANCED_FACE('',(#257),#2648,.T.);
#2761=ADVANCED_FACE('',(#258),#138,.T.);
#2762=ADVANCED_FACE('',(#259),#139,.T.);
#2763=ADVANCED_FACE('',(#260),#140,.T.);
#2764=ADVANCED_FACE('',(#261),#2649,.T.);
#2765=ADVANCED_FACE('',(#262),#141,.T.);
#2766=ADVANCED_FACE('',(#263),#142,.T.);
#2767=ADVANCED_FACE('',(#264),#143,.T.);
#2768=ADVANCED_FACE('',(#265),#2650,.T.);
#2769=ADVANCED_FACE('',(#266),#144,.T.);
#2770=ADVANCED_FACE('',(#267),#145,.T.);
#2771=ADVANCED_FACE('',(#268),#2651,.T.);
#2772=ADVANCED_FACE('',(#269),#146,.T.);
#2773=ADVANCED_FACE('',(#270),#147,.T.);
#2774=ADVANCED_FACE('',(#271),#148,.T.);
#2775=ADVANCED_FACE('',(#272),#2652,.T.);
#2776=ADVANCED_FACE('',(#273),#149,.T.);
#2777=ADVANCED_FACE('',(#274),#150,.T.);
#2778=ADVANCED_FACE('',(#275),#151,.T.);
#2779=ADVANCED_FACE('',(#276,#53),#152,.T.);
#2780=ADVANCED_FACE('',(#277,#54),#153,.F.);
#2781=ADVANCED_FACE('',(#278,#55),#154,.F.);
#2782=ADVANCED_FACE('',(#279),#2653,.F.);
#2783=ADVANCED_FACE('',(#280),#2654,.F.);
#2784=ADVANCED_FACE('',(#281,#56),#155,.F.);
#2785=ADVANCED_FACE('',(#282),#2655,.F.);
#2786=ADVANCED_FACE('',(#283),#2656,.F.);
#2787=ADVANCED_FACE('',(#284,#57),#156,.F.);
#2788=ADVANCED_FACE('',(#285),#2657,.F.);
#2789=ADVANCED_FACE('',(#286),#2658,.F.);
#2790=ADVANCED_FACE('',(#287,#58),#157,.F.);
#2791=ADVANCED_FACE('',(#288),#2659,.F.);
#2792=ADVANCED_FACE('',(#289),#2660,.F.);
#2793=ADVANCED_FACE('',(#290,#59),#158,.F.);
#2794=ADVANCED_FACE('',(#291),#2661,.F.);
#2795=ADVANCED_FACE('',(#292),#2662,.F.);
#2796=ADVANCED_FACE('',(#293),#2663,.T.);
#2797=ADVANCED_FACE('',(#294),#159,.T.);
#2798=ADVANCED_FACE('',(#295),#2664,.T.);
#2799=ADVANCED_FACE('',(#296),#160,.T.);
#2800=ADVANCED_FACE('',(#297),#2665,.T.);
#2801=ADVANCED_FACE('',(#298),#161,.T.);
#2802=ADVANCED_FACE('',(#299,#60,#61,#62,#63,#64,#65,#66,#67),#162,.F.);
#2803=ADVANCED_FACE('',(#300),#2666,.F.);
#2804=ADVANCED_FACE('',(#301),#163,.T.);
#2805=ADVANCED_FACE('',(#302),#2667,.F.);
#2806=ADVANCED_FACE('',(#303),#164,.T.);
#2807=ADVANCED_FACE('',(#304),#2668,.F.);
#2808=ADVANCED_FACE('',(#305),#165,.T.);
#2809=ADVANCED_FACE('',(#306),#2669,.F.);
#2810=ADVANCED_FACE('',(#307),#166,.T.);
#2811=ADVANCED_FACE('',(#308),#2670,.F.);
#2812=ADVANCED_FACE('',(#309),#167,.T.);
#2813=ADVANCED_FACE('',(#310),#2671,.F.);
#2814=ADVANCED_FACE('',(#311),#168,.T.);
#2815=ADVANCED_FACE('',(#312),#169,.T.);
#2816=ADVANCED_FACE('',(#313),#2672,.F.);
#2817=ADVANCED_FACE('',(#314,#68,#69,#70,#71),#2673,.T.);
#2818=ADVANCED_FACE('',(#315,#72,#73,#74,#75,#76,#77,#78,#79),#170,.T.);
#2819=CLOSED_SHELL('',(#2674,#2675,#2676,#2677,#2678,#2679,#2680,#2681,
#2682,#2683,#2684,#2685,#2686,#2687,#2688,#2689,#2690,#2691,#2692,#2693,
#2694,#2695,#2696,#2697,#2698,#2699,#2700,#2701,#2702,#2703,#2704,#2705,
#2706,#2707,#2708,#2709,#2710,#2711,#2712,#2713,#2714,#2715,#2716,#2717,
#2718,#2719,#2720,#2721,#2722,#2723,#2724,#2725,#2726,#2727,#2728,#2729,
#2730,#2731,#2732,#2733,#2734,#2735,#2736,#2737,#2738,#2739,#2740,#2741,
#2742,#2743,#2744,#2745,#2746,#2747,#2748,#2749,#2750,#2751,#2752,#2753,
#2754,#2755,#2756,#2757,#2758,#2759,#2760,#2761,#2762,#2763,#2764,#2765,
#2766,#2767,#2768,#2769,#2770,#2771,#2772,#2773,#2774,#2775,#2776,#2777,
#2778,#2779,#2780));
#2820=CLOSED_SHELL('',(#2781,#2782,#2783,#2784,#2785,#2786,#2787,#2788,
#2789,#2790,#2791,#2792,#2793,#2794,#2795,#2796,#2797,#2798,#2799,#2800,
#2801,#2802,#2803,#2804,#2805,#2806,#2807,#2808,#2809,#2810,#2811,#2812,
#2813,#2814,#2815,#2816,#2817,#2818));
#2821=DERIVED_UNIT_ELEMENT(#2823,1.);
#2822=DERIVED_UNIT_ELEMENT(#5102,-3.);
#2823=(
MASS_UNIT()
NAMED_UNIT(*)
SI_UNIT(.KILO.,.GRAM.)
);
#2824=DERIVED_UNIT((#2821,#2822));
#2825=MEASURE_REPRESENTATION_ITEM('density measure',
POSITIVE_RATIO_MEASURE(7850.),#2824);
#2826=PROPERTY_DEFINITION_REPRESENTATION(#2831,#2828);
#2827=PROPERTY_DEFINITION_REPRESENTATION(#2832,#2829);
#2828=REPRESENTATION('material name',(#2830),#5099);
#2829=REPRESENTATION('density',(#2825),#5099);
#2830=DESCRIPTIVE_REPRESENTATION_ITEM('Steel','Steel');
#2831=PROPERTY_DEFINITION('material property','material name',#5109);
#2832=PROPERTY_DEFINITION('material property','density of part',#5109);
#2833=AXIS2_PLACEMENT_3D('',#3883,#3095,#3096);
#2834=AXIS2_PLACEMENT_3D('',#3884,#3097,#3098);
#2835=AXIS2_PLACEMENT_3D('',#3886,#3099,#3100);
#2836=AXIS2_PLACEMENT_3D('',#3926,#3102,#3103);
#2837=AXIS2_PLACEMENT_3D('',#3928,#3104,#3105);
#2838=AXIS2_PLACEMENT_3D('',#3929,#3106,#3107);
#2839=AXIS2_PLACEMENT_3D('',#3933,#3109,#3110);
#2840=AXIS2_PLACEMENT_3D('',#3935,#3111,#3112);
#2841=AXIS2_PLACEMENT_3D('',#3954,#3113,#3114);
#2842=AXIS2_PLACEMENT_3D('',#3956,#3115,#3116);
#2843=AXIS2_PLACEMENT_3D('',#3958,#3117,#3118);
#2844=AXIS2_PLACEMENT_3D('',#3977,#3119,#3120);
#2845=AXIS2_PLACEMENT_3D('',#3978,#3121,#3122);
#2846=AXIS2_PLACEMENT_3D('',#3979,#3123,#3124);
#2847=AXIS2_PLACEMENT_3D('',#3989,#3130,#3131);
#2848=AXIS2_PLACEMENT_3D('',#3993,#3134,#3135);
#2849=AXIS2_PLACEMENT_3D('',#3996,#3137,#3138);
#2850=AXIS2_PLACEMENT_3D('',#3997,#3139,#3140);
#2851=AXIS2_PLACEMENT_3D('',#4001,#3143,#3144);
#2852=AXIS2_PLACEMENT_3D('',#4003,#3145,#3146);
#2853=AXIS2_PLACEMENT_3D('',#4043,#3148,#3149);
#2854=AXIS2_PLACEMENT_3D('',#4045,#3150,#3151);
#2855=AXIS2_PLACEMENT_3D('',#4046,#3152,#3153);
#2856=AXIS2_PLACEMENT_3D('',#4050,#3155,#3156);
#2857=AXIS2_PLACEMENT_3D('',#4052,#3157,#3158);
#2858=AXIS2_PLACEMENT_3D('',#4071,#3159,#3160);
#2859=AXIS2_PLACEMENT_3D('',#4073,#3161,#3162);
#2860=AXIS2_PLACEMENT_3D('',#4075,#3163,#3164);
#2861=AXIS2_PLACEMENT_3D('',#4094,#3165,#3166);
#2862=AXIS2_PLACEMENT_3D('',#4095,#3167,#3168);
#2863=AXIS2_PLACEMENT_3D('',#4096,#3169,#3170);
#2864=AXIS2_PLACEMENT_3D('',#4106,#3176,#3177);
#2865=AXIS2_PLACEMENT_3D('',#4110,#3180,#3181);
#2866=AXIS2_PLACEMENT_3D('',#4113,#3183,#3184);
#2867=AXIS2_PLACEMENT_3D('',#4114,#3185,#3186);
#2868=AXIS2_PLACEMENT_3D('',#4118,#3189,#3190);
#2869=AXIS2_PLACEMENT_3D('',#4120,#3191,#3192);
#2870=AXIS2_PLACEMENT_3D('',#4160,#3194,#3195);
#2871=AXIS2_PLACEMENT_3D('',#4162,#3196,#3197);
#2872=AXIS2_PLACEMENT_3D('',#4163,#3198,#3199);
#2873=AXIS2_PLACEMENT_3D('',#4167,#3201,#3202);
#2874=AXIS2_PLACEMENT_3D('',#4169,#3203,#3204);
#2875=AXIS2_PLACEMENT_3D('',#4188,#3205,#3206);
#2876=AXIS2_PLACEMENT_3D('',#4190,#3207,#3208);
#2877=AXIS2_PLACEMENT_3D('',#4192,#3209,#3210);
#2878=AXIS2_PLACEMENT_3D('',#4211,#3211,#3212);
#2879=AXIS2_PLACEMENT_3D('',#4212,#3213,#3214);
#2880=AXIS2_PLACEMENT_3D('',#4213,#3215,#3216);
#2881=AXIS2_PLACEMENT_3D('',#4223,#3222,#3223);
#2882=AXIS2_PLACEMENT_3D('',#4227,#3226,#3227);
#2883=AXIS2_PLACEMENT_3D('',#4230,#3229,#3230);
#2884=AXIS2_PLACEMENT_3D('',#4231,#3231,#3232);
#2885=AXIS2_PLACEMENT_3D('',#4235,#3235,#3236);
#2886=AXIS2_PLACEMENT_3D('',#4237,#3237,#3238);
#2887=AXIS2_PLACEMENT_3D('',#4277,#3240,#3241);
#2888=AXIS2_PLACEMENT_3D('',#4279,#3242,#3243);
#2889=AXIS2_PLACEMENT_3D('',#4280,#3244,#3245);
#2890=AXIS2_PLACEMENT_3D('',#4284,#3247,#3248);
#2891=AXIS2_PLACEMENT_3D('',#4286,#3249,#3250);
#2892=AXIS2_PLACEMENT_3D('',#4305,#3251,#3252);
#2893=AXIS2_PLACEMENT_3D('',#4307,#3253,#3254);
#2894=AXIS2_PLACEMENT_3D('',#4309,#3255,#3256);
#2895=AXIS2_PLACEMENT_3D('',#4328,#3257,#3258);
#2896=AXIS2_PLACEMENT_3D('',#4329,#3259,#3260);
#2897=AXIS2_PLACEMENT_3D('',#4330,#3261,#3262);
#2898=AXIS2_PLACEMENT_3D('',#4340,#3268,#3269);
#2899=AXIS2_PLACEMENT_3D('',#4344,#3272,#3273);
#2900=AXIS2_PLACEMENT_3D('',#4347,#3275,#3276);
#2901=AXIS2_PLACEMENT_3D('',#4348,#3277,#3278);
#2902=AXIS2_PLACEMENT_3D('',#4352,#3281,#3282);
#2903=AXIS2_PLACEMENT_3D('',#4354,#3283,#3284);
#2904=AXIS2_PLACEMENT_3D('',#4357,#3286,#3287);
#2905=AXIS2_PLACEMENT_3D('',#4358,#3288,#3289);
#2906=AXIS2_PLACEMENT_3D('',#4361,#3290,#3291);
#2907=AXIS2_PLACEMENT_3D('',#4365,#3293,#3294);
#2908=AXIS2_PLACEMENT_3D('',#4367,#3296,#3297);
#2909=AXIS2_PLACEMENT_3D('',#4373,#3301,#3302);
#2910=AXIS2_PLACEMENT_3D('',#4379,#3306,#3307);
#2911=AXIS2_PLACEMENT_3D('',#4385,#3311,#3312);
#2912=AXIS2_PLACEMENT_3D('',#4387,#3313,#3314);
#2913=AXIS2_PLACEMENT_3D('',#4389,#3315,#3316);
#2914=AXIS2_PLACEMENT_3D('',#4391,#3318,#3319);
#2915=AXIS2_PLACEMENT_3D('',#4397,#3323,#3324);
#2916=AXIS2_PLACEMENT_3D('',#4402,#3328,#3329);
#2917=AXIS2_PLACEMENT_3D('',#4406,#3332,#3333);
#2918=AXIS2_PLACEMENT_3D('',#4409,#3335,#3336);
#2919=AXIS2_PLACEMENT_3D('',#4410,#3337,#3338);
#2920=AXIS2_PLACEMENT_3D('',#4412,#3340,#3341);
#2921=AXIS2_PLACEMENT_3D('',#4418,#3345,#3346);
#2922=AXIS2_PLACEMENT_3D('',#4420,#3347,#3348);
#2923=AXIS2_PLACEMENT_3D('',#4422,#3349,#3350);
#2924=AXIS2_PLACEMENT_3D('',#4424,#3352,#3353);
#2925=AXIS2_PLACEMENT_3D('',#4430,#3357,#3358);
#2926=AXIS2_PLACEMENT_3D('',#4436,#3362,#3363);
#2927=AXIS2_PLACEMENT_3D('',#4442,#3367,#3368);
#2928=AXIS2_PLACEMENT_3D('',#4444,#3369,#3370);
#2929=AXIS2_PLACEMENT_3D('',#4446,#3371,#3372);
#2930=AXIS2_PLACEMENT_3D('',#4448,#3374,#3375);
#2931=AXIS2_PLACEMENT_3D('',#4454,#3379,#3380);
#2932=AXIS2_PLACEMENT_3D('',#4460,#3384,#3385);
#2933=AXIS2_PLACEMENT_3D('',#4466,#3389,#3390);
#2934=AXIS2_PLACEMENT_3D('',#4468,#3391,#3392);
#2935=AXIS2_PLACEMENT_3D('',#4470,#3393,#3394);
#2936=AXIS2_PLACEMENT_3D('',#4472,#3396,#3397);
#2937=AXIS2_PLACEMENT_3D('',#4478,#3401,#3402);
#2938=AXIS2_PLACEMENT_3D('',#4484,#3406,#3407);
#2939=AXIS2_PLACEMENT_3D('',#4490,#3411,#3412);
#2940=AXIS2_PLACEMENT_3D('',#4492,#3413,#3414);
#2941=AXIS2_PLACEMENT_3D('',#4494,#3415,#3416);
#2942=AXIS2_PLACEMENT_3D('',#4496,#3418,#3419);
#2943=AXIS2_PLACEMENT_3D('',#4502,#3423,#3424);
#2944=AXIS2_PLACEMENT_3D('',#4507,#3428,#3429);
#2945=AXIS2_PLACEMENT_3D('',#4511,#3432,#3433);
#2946=AXIS2_PLACEMENT_3D('',#4514,#3435,#3436);
#2947=AXIS2_PLACEMENT_3D('',#4515,#3437,#3438);
#2948=AXIS2_PLACEMENT_3D('',#4517,#3440,#3441);
#2949=AXIS2_PLACEMENT_3D('',#4523,#3445,#3446);
#2950=AXIS2_PLACEMENT_3D('',#4525,#3447,#3448);
#2951=AXIS2_PLACEMENT_3D('',#4527,#3449,#3450);
#2952=AXIS2_PLACEMENT_3D('',#4529,#3452,#3453);
#2953=AXIS2_PLACEMENT_3D('',#4535,#3457,#3458);
#2954=AXIS2_PLACEMENT_3D('',#4541,#3462,#3463);
#2955=AXIS2_PLACEMENT_3D('',#4547,#3467,#3468);
#2956=AXIS2_PLACEMENT_3D('',#4549,#3469,#3470);
#2957=AXIS2_PLACEMENT_3D('',#4551,#3471,#3472);
#2958=AXIS2_PLACEMENT_3D('',#4553,#3474,#3475);
#2959=AXIS2_PLACEMENT_3D('',#4559,#3479,#3480);
#2960=AXIS2_PLACEMENT_3D('',#4565,#3484,#3485);
#2961=AXIS2_PLACEMENT_3D('',#4571,#3489,#3490);
#2962=AXIS2_PLACEMENT_3D('',#4573,#3491,#3492);
#2963=AXIS2_PLACEMENT_3D('',#4575,#3493,#3494);
#2964=AXIS2_PLACEMENT_3D('',#4577,#3496,#3497);
#2965=AXIS2_PLACEMENT_3D('',#4583,#3501,#3502);
#2966=AXIS2_PLACEMENT_3D('',#4589,#3506,#3507);
#2967=AXIS2_PLACEMENT_3D('',#4595,#3511,#3512);
#2968=AXIS2_PLACEMENT_3D('',#4597,#3513,#3514);
#2969=AXIS2_PLACEMENT_3D('',#4599,#3515,#3516);
#2970=AXIS2_PLACEMENT_3D('',#4601,#3518,#3519);
#2971=AXIS2_PLACEMENT_3D('',#4607,#3523,#3524);
#2972=AXIS2_PLACEMENT_3D('',#4612,#3528,#3529);
#2973=AXIS2_PLACEMENT_3D('',#4616,#3532,#3533);
#2974=AXIS2_PLACEMENT_3D('',#4619,#3535,#3536);
#2975=AXIS2_PLACEMENT_3D('',#4620,#3537,#3538);
#2976=AXIS2_PLACEMENT_3D('',#4622,#3540,#3541);
#2977=AXIS2_PLACEMENT_3D('',#4628,#3545,#3546);
#2978=AXIS2_PLACEMENT_3D('',#4630,#3547,#3548);
#2979=AXIS2_PLACEMENT_3D('',#4632,#3549,#3550);
#2980=AXIS2_PLACEMENT_3D('',#4634,#3552,#3553);
#2981=AXIS2_PLACEMENT_3D('',#4640,#3557,#3558);
#2982=AXIS2_PLACEMENT_3D('',#4646,#3562,#3563);
#2983=AXIS2_PLACEMENT_3D('',#4652,#3567,#3568);
#2984=AXIS2_PLACEMENT_3D('',#4654,#3569,#3570);
#2985=AXIS2_PLACEMENT_3D('',#4656,#3571,#3572);
#2986=AXIS2_PLACEMENT_3D('',#4658,#3574,#3575);
#2987=AXIS2_PLACEMENT_3D('',#4664,#3579,#3580);
#2988=AXIS2_PLACEMENT_3D('',#4670,#3584,#3585);
#2989=AXIS2_PLACEMENT_3D('',#4676,#3589,#3590);
#2990=AXIS2_PLACEMENT_3D('',#4678,#3591,#3592);
#2991=AXIS2_PLACEMENT_3D('',#4680,#3593,#3594);
#2992=AXIS2_PLACEMENT_3D('',#4682,#3596,#3597);
#2993=AXIS2_PLACEMENT_3D('',#4688,#3601,#3602);
#2994=AXIS2_PLACEMENT_3D('',#4694,#3606,#3607);
#2995=AXIS2_PLACEMENT_3D('',#4700,#3611,#3612);
#2996=AXIS2_PLACEMENT_3D('',#4702,#3613,#3614);
#2997=AXIS2_PLACEMENT_3D('',#4704,#3615,#3616);
#2998=AXIS2_PLACEMENT_3D('',#4706,#3618,#3619);
#2999=AXIS2_PLACEMENT_3D('',#4712,#3623,#3624);
#3000=AXIS2_PLACEMENT_3D('',#4717,#3628,#3629);
#3001=AXIS2_PLACEMENT_3D('',#4721,#3632,#3633);
#3002=AXIS2_PLACEMENT_3D('',#4724,#3635,#3636);
#3003=AXIS2_PLACEMENT_3D('',#4725,#3637,#3638);
#3004=AXIS2_PLACEMENT_3D('',#4727,#3640,#3641);
#3005=AXIS2_PLACEMENT_3D('',#4733,#3645,#3646);
#3006=AXIS2_PLACEMENT_3D('',#4735,#3647,#3648);
#3007=AXIS2_PLACEMENT_3D('',#4737,#3649,#3650);
#3008=AXIS2_PLACEMENT_3D('',#4739,#3652,#3653);
#3009=AXIS2_PLACEMENT_3D('',#4745,#3657,#3658);
#3010=AXIS2_PLACEMENT_3D('',#4751,#3662,#3663);
#3011=AXIS2_PLACEMENT_3D('',#4757,#3667,#3668);
#3012=AXIS2_PLACEMENT_3D('',#4759,#3669,#3670);
#3013=AXIS2_PLACEMENT_3D('',#4761,#3671,#3672);
#3014=AXIS2_PLACEMENT_3D('',#4763,#3674,#3675);
#3015=AXIS2_PLACEMENT_3D('',#4769,#3679,#3680);
#3016=AXIS2_PLACEMENT_3D('',#4775,#3684,#3685);
#3017=AXIS2_PLACEMENT_3D('',#4778,#3688,#3689);
#3018=AXIS2_PLACEMENT_3D('',#4779,#3690,#3691);
#3019=AXIS2_PLACEMENT_3D('',#4780,#3692,#3693);
#3020=AXIS2_PLACEMENT_3D('',#4782,#3694,#3695);
#3021=AXIS2_PLACEMENT_3D('',#4784,#3696,#3697);
#3022=AXIS2_PLACEMENT_3D('',#4785,#3698,#3699);
#3023=AXIS2_PLACEMENT_3D('',#4787,#3700,#3701);
#3024=AXIS2_PLACEMENT_3D('',#4789,#3703,#3704);
#3025=AXIS2_PLACEMENT_3D('',#4792,#3706,#3707);
#3026=AXIS2_PLACEMENT_3D('',#4793,#3708,#3709);
#3027=AXIS2_PLACEMENT_3D('',#4795,#3710,#3711);
#3028=AXIS2_PLACEMENT_3D('',#4797,#3712,#3713);
#3029=AXIS2_PLACEMENT_3D('',#4798,#3714,#3715);
#3030=AXIS2_PLACEMENT_3D('',#4800,#3716,#3717);
#3031=AXIS2_PLACEMENT_3D('',#4802,#3719,#3720);
#3032=AXIS2_PLACEMENT_3D('',#4805,#3722,#3723);
#3033=AXIS2_PLACEMENT_3D('',#4806,#3724,#3725);
#3034=AXIS2_PLACEMENT_3D('',#4808,#3726,#3727);
#3035=AXIS2_PLACEMENT_3D('',#4810,#3728,#3729);
#3036=AXIS2_PLACEMENT_3D('',#4811,#3730,#3731);
#3037=AXIS2_PLACEMENT_3D('',#4813,#3732,#3733);
#3038=AXIS2_PLACEMENT_3D('',#4815,#3735,#3736);
#3039=AXIS2_PLACEMENT_3D('',#4818,#3738,#3739);
#3040=AXIS2_PLACEMENT_3D('',#4819,#3740,#3741);
#3041=AXIS2_PLACEMENT_3D('',#4821,#3742,#3743);
#3042=AXIS2_PLACEMENT_3D('',#4823,#3744,#3745);
#3043=AXIS2_PLACEMENT_3D('',#4824,#3746,#3747);
#3044=AXIS2_PLACEMENT_3D('',#4826,#3748,#3749);
#3045=AXIS2_PLACEMENT_3D('',#4828,#3751,#3752);
#3046=AXIS2_PLACEMENT_3D('',#4831,#3754,#3755);
#3047=AXIS2_PLACEMENT_3D('',#4832,#3756,#3757);
#3048=AXIS2_PLACEMENT_3D('',#4834,#3758,#3759);
#3049=AXIS2_PLACEMENT_3D('',#4836,#3760,#3761);
#3050=AXIS2_PLACEMENT_3D('',#4837,#3762,#3763);
#3051=AXIS2_PLACEMENT_3D('',#4839,#3764,#3765);
#3052=AXIS2_PLACEMENT_3D('',#4841,#3767,#3768);
#3053=AXIS2_PLACEMENT_3D('',#4844,#3770,#3771);
#3054=AXIS2_PLACEMENT_3D('',#4845,#3772,#3773);
#3055=AXIS2_PLACEMENT_3D('',#4848,#3774,#3775);
#3056=AXIS2_PLACEMENT_3D('',#4852,#3777,#3778);
#3057=AXIS2_PLACEMENT_3D('',#4854,#3780,#3781);
#3058=AXIS2_PLACEMENT_3D('',#4860,#3785,#3786);
#3059=AXIS2_PLACEMENT_3D('',#4863,#3787,#3788);
#3060=AXIS2_PLACEMENT_3D('',#4867,#3790,#3791);
#3061=AXIS2_PLACEMENT_3D('',#4869,#3793,#3794);
#3062=AXIS2_PLACEMENT_3D('',#4875,#3798,#3799);
#3063=AXIS2_PLACEMENT_3D('',#4878,#3800,#3801);
#3064=AXIS2_PLACEMENT_3D('',#4882,#3803,#3804);
#3065=AXIS2_PLACEMENT_3D('',#4884,#3806,#3807);
#3066=AXIS2_PLACEMENT_3D('',#4890,#3811,#3812);
#3067=AXIS2_PLACEMENT_3D('',#4892,#3813,#3814);
#3068=AXIS2_PLACEMENT_3D('',#4894,#3815,#3816);
#3069=AXIS2_PLACEMENT_3D('',#4898,#3819,#3820);
#3070=AXIS2_PLACEMENT_3D('',#4901,#3822,#3823);
#3071=AXIS2_PLACEMENT_3D('',#4902,#3824,#3825);
#3072=AXIS2_PLACEMENT_3D('',#4943,#3827,#3828);
#3073=AXIS2_PLACEMENT_3D('',#4944,#3829,#3830);
#3074=AXIS2_PLACEMENT_3D('',#4945,#3831,#3832);
#3075=AXIS2_PLACEMENT_3D('',#4986,#3834,#3835);
#3076=AXIS2_PLACEMENT_3D('',#4987,#3836,#3837);
#3077=AXIS2_PLACEMENT_3D('',#4988,#3838,#3839);
#3078=AXIS2_PLACEMENT_3D('',#5029,#3841,#3842);
#3079=AXIS2_PLACEMENT_3D('',#5030,#3843,#3844);
#3080=AXIS2_PLACEMENT_3D('',#5031,#3845,#3846);
#3081=AXIS2_PLACEMENT_3D('',#5072,#3848,#3849);
#3082=AXIS2_PLACEMENT_3D('',#5073,#3850,#3851);
#3083=AXIS2_PLACEMENT_3D('',#5074,#3852,#3853);
#3084=AXIS2_PLACEMENT_3D('',#5076,#3854,#3855);
#3085=AXIS2_PLACEMENT_3D('',#5078,#3857,#3858);
#3086=AXIS2_PLACEMENT_3D('',#5080,#3860,#3861);
#3087=AXIS2_PLACEMENT_3D('',#5082,#3862,#3863);
#3088=AXIS2_PLACEMENT_3D('',#5084,#3865,#3866);
#3089=AXIS2_PLACEMENT_3D('',#5086,#3868,#3869);
#3090=AXIS2_PLACEMENT_3D('',#5090,#3872,#3873);
#3091=AXIS2_PLACEMENT_3D('',#5091,#3874,#3875);
#3092=AXIS2_PLACEMENT_3D('',#5092,#3876,#3877);
#3093=AXIS2_PLACEMENT_3D('',#5095,#3879,#3880);
#3094=AXIS2_PLACEMENT_3D('',#5096,#3881,#3882);
#3095=DIRECTION('axis',(0.,0.,1.));
#3096=DIRECTION('refdir',(1.,0.,0.));
#3097=DIRECTION('center_axis',(0.987510371926157,0.,0.157554007687087));
#3098=DIRECTION('ref_axis',(0.157554007687087,0.,-0.987510371926157));
#3099=DIRECTION('center_axis',(0.987510371926157,0.,0.157554007687087));
#3100=DIRECTION('ref_axis',(0.157554007687087,0.,-0.987510371926157));
#3101=DIRECTION('',(0.987510371926157,0.,0.157554007687087));
#3102=DIRECTION('center_axis',(-0.987510371926157,0.,-0.157554007687087));
#3103=DIRECTION('ref_axis',(0.157554007687087,0.,-0.987510371926157));
#3104=DIRECTION('center_axis',(0.987510371926157,0.,0.157554007687087));
#3105=DIRECTION('ref_axis',(0.157554007687087,0.,-0.987510371926157));
#3106=DIRECTION('center_axis',(-0.987510371926157,0.,-0.157554007687087));
#3107=DIRECTION('ref_axis',(0.157554007687087,0.,-0.987510371926157));
#3108=DIRECTION('',(-0.987510371926157,0.,-0.157554007687087));
#3109=DIRECTION('center_axis',(1.,0.,3.5527136788005E-15));
#3110=DIRECTION('ref_axis',(3.5527136788005E-15,0.,-1.));
#3111=DIRECTION('center_axis',(-1.53572146745946E-16,0.,1.));
#3112=DIRECTION('ref_axis',(1.,0.,1.53572146745946E-16));
#3113=DIRECTION('center_axis',(0.309016994374948,0.,-0.951056516295153));
#3114=DIRECTION('ref_axis',(-0.951056516295153,0.,-0.309016994374948));
#3115=DIRECTION('center_axis',(0.951056516295152,0.,0.309016994374951));
#3116=DIRECTION('ref_axis',(0.309016994374951,0.,-0.951056516295152));
#3117=DIRECTION('center_axis',(0.309016994374948,0.,-0.951056516295153));
#3118=DIRECTION('ref_axis',(-0.951056516295153,0.,-0.309016994374948));
#3119=DIRECTION('center_axis',(-1.53572146745946E-16,0.,1.));
#3120=DIRECTION('ref_axis',(1.,0.,1.53572146745946E-16));
#3121=DIRECTION('center_axis',(1.,0.,3.5527136788005E-15));
#3122=DIRECTION('ref_axis',(3.5527136788005E-15,0.,-1.));
#3123=DIRECTION('center_axis',(-0.951056516295152,0.,-0.309016994374951));
#3124=DIRECTION('ref_axis',(-0.309016994374951,0.,0.951056516295152));
#3125=DIRECTION('',(0.,1.,0.));
#3126=DIRECTION('',(-0.309016994374951,0.,0.951056516295152));
#3127=DIRECTION('',(0.,1.,0.));
#3128=DIRECTION('',(0.309016994374951,0.,-0.951056516295152));
#3129=DIRECTION('',(0.,1.,0.));
#3130=DIRECTION('center_axis',(-0.309016994374948,0.,0.951056516295153));
#3131=DIRECTION('ref_axis',(0.951056516295153,0.,0.309016994374948));
#3132=DIRECTION('',(0.,1.,0.));
#3133=DIRECTION('',(0.951056516295153,0.,0.309016994374948));
#3134=DIRECTION('center_axis',(0.,1.,0.));
#3135=DIRECTION('ref_axis',(1.,0.,0.));
#3136=DIRECTION('',(0.,1.,0.));
#3137=DIRECTION('center_axis',(0.,1.,0.));
#3138=DIRECTION('ref_axis',(1.,0.,0.));
#3139=DIRECTION('center_axis',(1.53572146745946E-16,0.,-1.));
#3140=DIRECTION('ref_axis',(-1.,0.,-1.53572146745946E-16));
#3141=DIRECTION('',(0.,1.,0.));
#3142=DIRECTION('',(-1.,0.,-1.53572146745946E-16));
#3143=DIRECTION('center_axis',(-0.157554007687087,0.,0.987510371926157));
#3144=DIRECTION('ref_axis',(0.987510371926157,0.,0.157554007687087));
#3145=DIRECTION('center_axis',(-0.157554007687087,0.,0.987510371926157));
#3146=DIRECTION('ref_axis',(0.987510371926157,0.,0.157554007687087));
#3147=DIRECTION('',(-0.157554007687087,0.,0.987510371926157));
#3148=DIRECTION('center_axis',(0.157554007687087,0.,-0.987510371926157));
#3149=DIRECTION('ref_axis',(0.987510371926157,0.,0.157554007687087));
#3150=DIRECTION('center_axis',(-0.157554007687087,0.,0.987510371926157));
#3151=DIRECTION('ref_axis',(0.987510371926157,0.,0.157554007687087));
#3152=DIRECTION('center_axis',(0.157554007687087,0.,-0.987510371926157));
#3153=DIRECTION('ref_axis',(0.987510371926157,0.,0.157554007687087));
#3154=DIRECTION('',(0.157554007687087,0.,-0.987510371926157));
#3155=DIRECTION('center_axis',(-3.5527136788005E-15,0.,1.));
#3156=DIRECTION('ref_axis',(1.,0.,3.5527136788005E-15));
#3157=DIRECTION('center_axis',(-1.,0.,0.));
#3158=DIRECTION('ref_axis',(0.,0.,1.));
#3159=DIRECTION('center_axis',(0.951056516295153,0.,0.309016994374948));
#3160=DIRECTION('ref_axis',(0.309016994374948,0.,-0.951056516295153));
#3161=DIRECTION('center_axis',(-0.309016994374951,0.,0.951056516295152));
#3162=DIRECTION('ref_axis',(0.951056516295152,0.,0.309016994374951));
#3163=DIRECTION('center_axis',(0.951056516295153,0.,0.309016994374948));
#3164=DIRECTION('ref_axis',(0.309016994374948,0.,-0.951056516295153));
#3165=DIRECTION('center_axis',(-1.,0.,0.));
#3166=DIRECTION('ref_axis',(0.,0.,1.));
#3167=DIRECTION('center_axis',(-3.5527136788005E-15,0.,1.));
#3168=DIRECTION('ref_axis',(1.,0.,3.5527136788005E-15));
#3169=DIRECTION('center_axis',(0.309016994374951,0.,-0.951056516295152));
#3170=DIRECTION('ref_axis',(-0.951056516295152,0.,-0.309016994374951));
#3171=DIRECTION('',(0.,1.,0.));
#3172=DIRECTION('',(-0.951056516295152,0.,-0.309016994374951));
#3173=DIRECTION('',(0.,1.,0.));
#3174=DIRECTION('',(0.951056516295152,0.,0.309016994374951));
#3175=DIRECTION('',(0.,1.,0.));
#3176=DIRECTION('center_axis',(-0.951056516295153,0.,-0.309016994374948));
#3177=DIRECTION('ref_axis',(-0.309016994374948,0.,0.951056516295153));
#3178=DIRECTION('',(0.,1.,0.));
#3179=DIRECTION('',(-0.309016994374948,0.,0.951056516295153));
#3180=DIRECTION('center_axis',(0.,1.,0.));
#3181=DIRECTION('ref_axis',(1.,0.,0.));
#3182=DIRECTION('',(0.,1.,0.));
#3183=DIRECTION('center_axis',(0.,1.,0.));
#3184=DIRECTION('ref_axis',(1.,0.,0.));
#3185=DIRECTION('center_axis',(1.,0.,0.));
#3186=DIRECTION('ref_axis',(0.,0.,-1.));
#3187=DIRECTION('',(0.,1.,0.));
#3188=DIRECTION('',(0.,0.,-1.));
#3189=DIRECTION('center_axis',(-0.987510371926157,0.,-0.157554007687087));
#3190=DIRECTION('ref_axis',(-0.157554007687087,0.,0.987510371926157));
#3191=DIRECTION('center_axis',(-0.987510371926157,0.,-0.157554007687087));
#3192=DIRECTION('ref_axis',(-0.157554007687087,0.,0.987510371926157));
#3193=DIRECTION('',(-0.987510371926157,0.,-0.157554007687087));
#3194=DIRECTION('center_axis',(0.987510371926157,0.,0.157554007687087));
#3195=DIRECTION('ref_axis',(-0.157554007687087,0.,0.987510371926157));
#3196=DIRECTION('center_axis',(-0.987510371926157,0.,-0.157554007687087));
#3197=DIRECTION('ref_axis',(-0.157554007687087,0.,0.987510371926157));
#3198=DIRECTION('center_axis',(0.987510371926157,0.,0.157554007687087));
#3199=DIRECTION('ref_axis',(-0.157554007687087,0.,0.987510371926157));
#3200=DIRECTION('',(0.987510371926157,0.,0.157554007687087));
#3201=DIRECTION('center_axis',(-1.,0.,-3.5527136788005E-15));
#3202=DIRECTION('ref_axis',(-3.5527136788005E-15,0.,1.));
#3203=DIRECTION('center_axis',(0.,0.,-1.));
#3204=DIRECTION('ref_axis',(-1.,0.,0.));
#3205=DIRECTION('center_axis',(-0.309016994374948,0.,0.951056516295153));
#3206=DIRECTION('ref_axis',(0.951056516295153,0.,0.309016994374948));
#3207=DIRECTION('center_axis',(-0.951056516295153,0.,-0.30901699437495));
#3208=DIRECTION('ref_axis',(-0.30901699437495,0.,0.951056516295153));
#3209=DIRECTION('center_axis',(-0.309016994374948,0.,0.951056516295153));
#3210=DIRECTION('ref_axis',(0.951056516295153,0.,0.309016994374948));
#3211=DIRECTION('center_axis',(0.,0.,-1.));
#3212=DIRECTION('ref_axis',(-1.,0.,0.));
#3213=DIRECTION('center_axis',(-1.,0.,-3.5527136788005E-15));
#3214=DIRECTION('ref_axis',(-3.5527136788005E-15,0.,1.));
#3215=DIRECTION('center_axis',(0.951056516295153,0.,0.30901699437495));
#3216=DIRECTION('ref_axis',(0.30901699437495,0.,-0.951056516295153));
#3217=DIRECTION('',(0.,1.,0.));
#3218=DIRECTION('',(0.30901699437495,0.,-0.951056516295153));
#3219=DIRECTION('',(0.,1.,0.));
#3220=DIRECTION('',(-0.30901699437495,0.,0.951056516295153));
#3221=DIRECTION('',(0.,1.,0.));
#3222=DIRECTION('center_axis',(0.309016994374948,0.,-0.951056516295153));
#3223=DIRECTION('ref_axis',(-0.951056516295153,0.,-0.309016994374948));
#3224=DIRECTION('',(0.,1.,0.));
#3225=DIRECTION('',(-0.951056516295153,0.,-0.309016994374948));
#3226=DIRECTION('center_axis',(0.,1.,0.));
#3227=DIRECTION('ref_axis',(1.,0.,0.));
#3228=DIRECTION('',(0.,1.,0.));
#3229=DIRECTION('center_axis',(0.,1.,0.));
#3230=DIRECTION('ref_axis',(1.,0.,0.));
#3231=DIRECTION('center_axis',(0.,0.,1.));
#3232=DIRECTION('ref_axis',(1.,0.,0.));
#3233=DIRECTION('',(0.,1.,0.));
#3234=DIRECTION('',(1.,0.,0.));
#3235=DIRECTION('center_axis',(0.157554007687087,0.,-0.987510371926157));
#3236=DIRECTION('ref_axis',(-0.987510371926157,0.,-0.157554007687087));
#3237=DIRECTION('center_axis',(0.157554007687087,0.,-0.987510371926157));
#3238=DIRECTION('ref_axis',(-0.987510371926157,0.,-0.157554007687087));
#3239=DIRECTION('',(0.157554007687087,0.,-0.987510371926157));
#3240=DIRECTION('center_axis',(-0.157554007687087,0.,0.987510371926157));
#3241=DIRECTION('ref_axis',(-0.987510371926157,0.,-0.157554007687087));
#3242=DIRECTION('center_axis',(0.157554007687087,0.,-0.987510371926157));
#3243=DIRECTION('ref_axis',(-0.987510371926157,0.,-0.157554007687087));
#3244=DIRECTION('center_axis',(-0.157554007687087,0.,0.987510371926157));
#3245=DIRECTION('ref_axis',(-0.987510371926157,0.,-0.157554007687087));
#3246=DIRECTION('',(-0.157554007687087,0.,0.987510371926157));
#3247=DIRECTION('center_axis',(3.5527136788005E-15,0.,-1.));
#3248=DIRECTION('ref_axis',(-1.,0.,-3.5527136788005E-15));
#3249=DIRECTION('center_axis',(1.,0.,0.));
#3250=DIRECTION('ref_axis',(0.,0.,-1.));
#3251=DIRECTION('center_axis',(-0.951056516295153,0.,-0.309016994374948));
#3252=DIRECTION('ref_axis',(-0.309016994374948,0.,0.951056516295153));
#3253=DIRECTION('center_axis',(0.309016994374951,0.,-0.951056516295152));
#3254=DIRECTION('ref_axis',(-0.951056516295152,0.,-0.309016994374951));
#3255=DIRECTION('center_axis',(-0.951056516295153,0.,-0.309016994374948));
#3256=DIRECTION('ref_axis',(-0.309016994374948,0.,0.951056516295153));
#3257=DIRECTION('center_axis',(1.,0.,0.));
#3258=DIRECTION('ref_axis',(0.,0.,-1.));
#3259=DIRECTION('center_axis',(3.5527136788005E-15,0.,-1.));
#3260=DIRECTION('ref_axis',(-1.,0.,-3.5527136788005E-15));
#3261=DIRECTION('center_axis',(-0.309016994374951,0.,0.951056516295152));
#3262=DIRECTION('ref_axis',(0.951056516295152,0.,0.309016994374951));
#3263=DIRECTION('',(0.,1.,0.));
#3264=DIRECTION('',(0.951056516295152,0.,0.309016994374951));
#3265=DIRECTION('',(0.,1.,0.));
#3266=DIRECTION('',(-0.951056516295152,0.,-0.309016994374951));
#3267=DIRECTION('',(0.,1.,0.));
#3268=DIRECTION('center_axis',(0.951056516295153,0.,0.309016994374948));
#3269=DIRECTION('ref_axis',(0.309016994374948,0.,-0.951056516295153));
#3270=DIRECTION('',(0.,1.,0.));
#3271=DIRECTION('',(0.309016994374948,0.,-0.951056516295153));
#3272=DIRECTION('center_axis',(0.,1.,0.));
#3273=DIRECTION('ref_axis',(1.,0.,0.));
#3274=DIRECTION('',(0.,1.,0.));
#3275=DIRECTION('center_axis',(0.,1.,0.));
#3276=DIRECTION('ref_axis',(1.,0.,0.));
#3277=DIRECTION('center_axis',(-1.,0.,0.));
#3278=DIRECTION('ref_axis',(0.,0.,1.));
#3279=DIRECTION('',(0.,1.,0.));
#3280=DIRECTION('',(0.,0.,1.));
#3281=DIRECTION('center_axis',(0.,1.,0.));
#3282=DIRECTION('ref_axis',(1.,0.,0.));
#3283=DIRECTION('center_axis',(0.,-1.,0.));
#3284=DIRECTION('ref_axis',(1.,0.,0.));
#3285=DIRECTION('',(0.,1.,0.));
#3286=DIRECTION('center_axis',(0.,-1.,0.));
#3287=DIRECTION('ref_axis',(1.,0.,0.));
#3288=DIRECTION('center_axis',(0.,1.,0.));
#3289=DIRECTION('ref_axis',(1.,0.,0.));
#3290=DIRECTION('center_axis',(0.,1.,0.));
#3291=DIRECTION('ref_axis',(1.,0.,0.));
#3292=DIRECTION('',(0.,1.,0.));
#3293=DIRECTION('center_axis',(0.,1.,0.));
#3294=DIRECTION('ref_axis',(1.,0.,0.));
#3295=DIRECTION('',(0.,1.,0.));
#3296=DIRECTION('center_axis',(-0.951056516295153,0.,0.309016994374948));
#3297=DIRECTION('ref_axis',(0.309016994374948,0.,0.951056516295153));
#3298=DIRECTION('',(-0.309016994374948,0.,-0.951056516295153));
#3299=DIRECTION('',(0.309016994374948,0.,0.951056516295153));
#3300=DIRECTION('',(0.,1.,0.));
#3301=DIRECTION('center_axis',(-0.309016994374943,0.,-0.951056516295155));
#3302=DIRECTION('ref_axis',(-0.951056516295155,0.,0.309016994374943));
#3303=DIRECTION('',(0.951056516295155,0.,-0.309016994374943));
#3304=DIRECTION('',(-0.951056516295155,0.,0.309016994374943));
#3305=DIRECTION('',(0.,1.,0.));
#3306=DIRECTION('center_axis',(0.951056516295153,0.,-0.309016994374949));
#3307=DIRECTION('ref_axis',(-0.309016994374949,0.,-0.951056516295153));
#3308=DIRECTION('',(0.309016994374949,0.,0.951056516295153));
#3309=DIRECTION('',(-0.309016994374949,0.,-0.951056516295153));
#3310=DIRECTION('',(0.,1.,0.));
#3311=DIRECTION('center_axis',(0.,1.,0.));
#3312=DIRECTION('ref_axis',(1.,0.,0.));
#3313=DIRECTION('center_axis',(0.,1.,0.));
#3314=DIRECTION('ref_axis',(1.,0.,0.));
#3315=DIRECTION('center_axis',(0.,1.,0.));
#3316=DIRECTION('ref_axis',(1.,0.,0.));
#3317=DIRECTION('',(0.,1.,0.));
#3318=DIRECTION('center_axis',(-1.,0.,-3.07144293491888E-16));
#3319=DIRECTION('ref_axis',(-3.07144293491888E-16,0.,1.));
#3320=DIRECTION('',(3.07144293491888E-16,0.,-1.));
#3321=DIRECTION('',(-3.07144293491888E-16,0.,1.));
#3322=DIRECTION('',(0.,1.,0.));
#3323=DIRECTION('center_axis',(3.5527136788005E-15,0.,-1.));
#3324=DIRECTION('ref_axis',(-1.,0.,-3.5527136788005E-15));
#3325=DIRECTION('',(0.,1.,0.));
#3326=DIRECTION('',(1.,0.,3.5527136788005E-15));
#3327=DIRECTION('',(-1.,0.,-3.5527136788005E-15));
#3328=DIRECTION('center_axis',(1.,0.,0.));
#3329=DIRECTION('ref_axis',(0.,0.,-1.));
#3330=DIRECTION('',(0.,1.,0.));
#3331=DIRECTION('',(0.,0.,1.));
#3332=DIRECTION('center_axis',(0.,1.,0.));
#3333=DIRECTION('ref_axis',(1.,0.,0.));
#3334=DIRECTION('',(0.,1.,0.));
#3335=DIRECTION('center_axis',(0.,1.,0.));
#3336=DIRECTION('ref_axis',(1.,0.,0.));
#3337=DIRECTION('center_axis',(-0.951056516295153,0.,-0.309016994374948));
#3338=DIRECTION('ref_axis',(-0.309016994374948,0.,0.951056516295153));
#3339=DIRECTION('',(0.309016994374948,0.,-0.951056516295153));
#3340=DIRECTION('center_axis',(0.951056516295154,0.,0.309016994374947));
#3341=DIRECTION('ref_axis',(0.309016994374947,0.,-0.951056516295154));
#3342=DIRECTION('',(-0.309016994374947,0.,0.951056516295154));
#3343=DIRECTION('',(0.309016994374947,0.,-0.951056516295154));
#3344=DIRECTION('',(0.,1.,0.));
#3345=DIRECTION('center_axis',(0.,1.,0.));
#3346=DIRECTION('ref_axis',(1.,0.,0.));
#3347=DIRECTION('center_axis',(0.,1.,0.));
#3348=DIRECTION('ref_axis',(1.,0.,0.));
#3349=DIRECTION('center_axis',(0.,1.,0.));
#3350=DIRECTION('ref_axis',(1.,0.,0.));
#3351=DIRECTION('',(0.,1.,0.));
#3352=DIRECTION('center_axis',(-0.809016994374948,0.,-0.587785252292472));
#3353=DIRECTION('ref_axis',(-0.587785252292472,0.,0.809016994374948));
#3354=DIRECTION('',(0.587785252292472,0.,-0.809016994374948));
#3355=DIRECTION('',(-0.587785252292472,0.,0.809016994374948));
#3356=DIRECTION('',(0.,1.,0.));
#3357=DIRECTION('center_axis',(0.587785252292476,0.,-0.809016994374945));
#3358=DIRECTION('ref_axis',(-0.809016994374945,0.,-0.587785252292476));
#3359=DIRECTION('',(0.809016994374945,0.,0.587785252292476));
#3360=DIRECTION('',(-0.809016994374945,0.,-0.587785252292476));
#3361=DIRECTION('',(0.,1.,0.));
#3362=DIRECTION('center_axis',(0.809016994374948,0.,0.587785252292473));
#3363=DIRECTION('ref_axis',(0.587785252292473,0.,-0.809016994374948));
#3364=DIRECTION('',(-0.587785252292472,0.,0.809016994374948));
#3365=DIRECTION('',(0.587785252292472,0.,-0.809016994374948));
#3366=DIRECTION('',(0.,1.,0.));
#3367=DIRECTION('center_axis',(0.,1.,0.));
#3368=DIRECTION('ref_axis',(1.,0.,0.));
#3369=DIRECTION('center_axis',(0.,1.,0.));
#3370=DIRECTION('ref_axis',(1.,0.,0.));
#3371=DIRECTION('center_axis',(0.,1.,0.));
#3372=DIRECTION('ref_axis',(1.,0.,0.));
#3373=DIRECTION('',(0.,1.,0.));
#3374=DIRECTION('center_axis',(-0.587785252292474,0.,-0.809016994374947));
#3375=DIRECTION('ref_axis',(-0.809016994374947,0.,0.587785252292474));
#3376=DIRECTION('',(0.809016994374947,0.,-0.587785252292474));
#3377=DIRECTION('',(-0.809016994374947,0.,0.587785252292474));
#3378=DIRECTION('',(0.,1.,0.));
#3379=DIRECTION('center_axis',(0.80901699437495,0.,-0.58778525229247));
#3380=DIRECTION('ref_axis',(-0.58778525229247,0.,-0.80901699437495));
#3381=DIRECTION('',(0.58778525229247,0.,0.80901699437495));
#3382=DIRECTION('',(-0.58778525229247,0.,-0.80901699437495));
#3383=DIRECTION('',(0.,1.,0.));
#3384=DIRECTION('center_axis',(0.587785252292474,0.,0.809016994374947));
#3385=DIRECTION('ref_axis',(0.809016994374947,0.,-0.587785252292474));
#3386=DIRECTION('',(-0.809016994374947,0.,0.587785252292474));
#3387=DIRECTION('',(0.809016994374947,0.,-0.587785252292474));
#3388=DIRECTION('',(0.,1.,0.));
#3389=DIRECTION('center_axis',(0.,1.,0.));
#3390=DIRECTION('ref_axis',(1.,0.,0.));
#3391=DIRECTION('center_axis',(0.,1.,0.));
#3392=DIRECTION('ref_axis',(1.,0.,0.));
#3393=DIRECTION('center_axis',(0.,1.,0.));
#3394=DIRECTION('ref_axis',(1.,0.,0.));
#3395=DIRECTION('',(0.,1.,0.));
#3396=DIRECTION('center_axis',(-0.309016994374947,0.,-0.951056516295154));
#3397=DIRECTION('ref_axis',(-0.951056516295154,0.,0.309016994374947));
#3398=DIRECTION('',(0.951056516295154,0.,-0.309016994374947));
#3399=DIRECTION('',(-0.951056516295154,0.,0.309016994374947));
#3400=DIRECTION('',(0.,1.,0.));
#3401=DIRECTION('center_axis',(0.951056516295155,0.,-0.309016994374943));
#3402=DIRECTION('ref_axis',(-0.309016994374943,0.,-0.951056516295155));
#3403=DIRECTION('',(0.309016994374943,0.,0.951056516295155));
#3404=DIRECTION('',(-0.309016994374943,0.,-0.951056516295155));
#3405=DIRECTION('',(0.,1.,0.));
#3406=DIRECTION('center_axis',(0.309016994374949,0.,0.951056516295153));
#3407=DIRECTION('ref_axis',(0.951056516295153,0.,-0.309016994374949));
#3408=DIRECTION('',(-0.951056516295153,0.,0.309016994374949));
#3409=DIRECTION('',(0.951056516295153,0.,-0.309016994374949));
#3410=DIRECTION('',(0.,1.,0.));
#3411=DIRECTION('center_axis',(0.,1.,0.));
#3412=DIRECTION('ref_axis',(1.,0.,0.));
#3413=DIRECTION('center_axis',(0.,1.,0.));
#3414=DIRECTION('ref_axis',(1.,0.,0.));
#3415=DIRECTION('center_axis',(0.,1.,0.));
#3416=DIRECTION('ref_axis',(1.,0.,0.));
#3417=DIRECTION('',(0.,1.,0.));
#3418=DIRECTION('center_axis',(3.07144293491888E-16,0.,-1.));
#3419=DIRECTION('ref_axis',(-1.,0.,-3.07144293491888E-16));
#3420=DIRECTION('',(1.,0.,3.07144293491888E-16));
#3421=DIRECTION('',(-1.,0.,-3.07144293491888E-16));
#3422=DIRECTION('',(0.,1.,0.));
#3423=DIRECTION('center_axis',(1.,0.,3.5527136788005E-15));
#3424=DIRECTION('ref_axis',(3.5527136788005E-15,0.,-1.));
#3425=DIRECTION('',(0.,1.,0.));
#3426=DIRECTION('',(-3.5527136788005E-15,0.,1.));
#3427=DIRECTION('',(3.5527136788005E-15,0.,-1.));
#3428=DIRECTION('center_axis',(0.,0.,1.));
#3429=DIRECTION('ref_axis',(1.,0.,0.));
#3430=DIRECTION('',(0.,1.,0.));
#3431=DIRECTION('',(-1.,0.,0.));
#3432=DIRECTION('center_axis',(0.,1.,0.));
#3433=DIRECTION('ref_axis',(1.,0.,0.));
#3434=DIRECTION('',(0.,1.,0.));
#3435=DIRECTION('center_axis',(0.,1.,0.));
#3436=DIRECTION('ref_axis',(1.,0.,0.));
#3437=DIRECTION('center_axis',(0.309016994374948,0.,-0.951056516295153));
#3438=DIRECTION('ref_axis',(-0.951056516295153,0.,-0.309016994374948));
#3439=DIRECTION('',(0.951056516295153,0.,0.309016994374948));
#3440=DIRECTION('center_axis',(-0.309016994374946,0.,0.951056516295154));
#3441=DIRECTION('ref_axis',(0.951056516295154,0.,0.309016994374946));
#3442=DIRECTION('',(-0.951056516295154,0.,-0.309016994374947));
#3443=DIRECTION('',(0.951056516295154,0.,0.309016994374947));
#3444=DIRECTION('',(0.,1.,0.));
#3445=DIRECTION('center_axis',(0.,1.,0.));
#3446=DIRECTION('ref_axis',(1.,0.,0.));
#3447=DIRECTION('center_axis',(0.,1.,0.));
#3448=DIRECTION('ref_axis',(1.,0.,0.));
#3449=DIRECTION('center_axis',(0.,1.,0.));
#3450=DIRECTION('ref_axis',(1.,0.,0.));
#3451=DIRECTION('',(0.,1.,0.));
#3452=DIRECTION('center_axis',(0.587785252292472,0.,-0.809016994374949));
#3453=DIRECTION('ref_axis',(-0.809016994374948,0.,-0.587785252292472));
#3454=DIRECTION('',(0.809016994374948,0.,0.587785252292472));
#3455=DIRECTION('',(-0.809016994374949,0.,-0.587785252292471));
#3456=DIRECTION('',(0.,1.,0.));
#3457=DIRECTION('center_axis',(0.809016994374945,0.,0.587785252292476));
#3458=DIRECTION('ref_axis',(0.587785252292476,0.,-0.809016994374945));
#3459=DIRECTION('',(-0.587785252292476,0.,0.809016994374945));
#3460=DIRECTION('',(0.587785252292476,0.,-0.809016994374945));
#3461=DIRECTION('',(0.,1.,0.));
#3462=DIRECTION('center_axis',(-0.587785252292471,0.,0.809016994374949));
#3463=DIRECTION('ref_axis',(0.809016994374949,0.,0.587785252292471));
#3464=DIRECTION('',(-0.809016994374949,0.,-0.587785252292471));
#3465=DIRECTION('',(0.809016994374949,0.,0.587785252292471));
#3466=DIRECTION('',(0.,1.,0.));
#3467=DIRECTION('center_axis',(0.,1.,0.));
#3468=DIRECTION('ref_axis',(1.,0.,0.));
#3469=DIRECTION('center_axis',(0.,1.,0.));
#3470=DIRECTION('ref_axis',(1.,0.,0.));
#3471=DIRECTION('center_axis',(0.,1.,0.));
#3472=DIRECTION('ref_axis',(1.,0.,0.));
#3473=DIRECTION('',(0.,1.,0.));
#3474=DIRECTION('center_axis',(0.809016994374947,0.,-0.587785252292474));
#3475=DIRECTION('ref_axis',(-0.587785252292474,0.,-0.809016994374947));
#3476=DIRECTION('',(0.587785252292474,0.,0.809016994374947));
#3477=DIRECTION('',(-0.587785252292474,0.,-0.809016994374947));
#3478=DIRECTION('',(0.,1.,0.));
#3479=DIRECTION('center_axis',(0.58778525229247,0.,0.80901699437495));
#3480=DIRECTION('ref_axis',(0.80901699437495,0.,-0.58778525229247));
#3481=DIRECTION('',(-0.80901699437495,0.,0.58778525229247));
#3482=DIRECTION('',(0.80901699437495,0.,-0.58778525229247));
#3483=DIRECTION('',(0.,1.,0.));
#3484=DIRECTION('center_axis',(-0.809016994374948,0.,0.587785252292473));
#3485=DIRECTION('ref_axis',(0.587785252292473,0.,0.809016994374948));
#3486=DIRECTION('',(-0.587785252292473,0.,-0.809016994374948));
#3487=DIRECTION('',(0.587785252292473,0.,0.809016994374948));
#3488=DIRECTION('',(0.,1.,0.));
#3489=DIRECTION('center_axis',(0.,1.,0.));
#3490=DIRECTION('ref_axis',(1.,0.,0.));
#3491=DIRECTION('center_axis',(0.,1.,0.));
#3492=DIRECTION('ref_axis',(1.,0.,0.));
#3493=DIRECTION('center_axis',(0.,1.,0.));
#3494=DIRECTION('ref_axis',(1.,0.,0.));
#3495=DIRECTION('',(0.,1.,0.));
#3496=DIRECTION('center_axis',(0.951056516295153,0.,-0.309016994374948));
#3497=DIRECTION('ref_axis',(-0.309016994374948,0.,-0.951056516295153));
#3498=DIRECTION('',(0.309016994374948,0.,0.951056516295153));
#3499=DIRECTION('',(-0.309016994374948,0.,-0.951056516295153));
#3500=DIRECTION('',(0.,1.,0.));
#3501=DIRECTION('center_axis',(0.309016994374943,0.,0.951056516295155));
#3502=DIRECTION('ref_axis',(0.951056516295155,0.,-0.309016994374943));
#3503=DIRECTION('',(-0.951056516295155,0.,0.309016994374943));
#3504=DIRECTION('',(0.951056516295155,0.,-0.309016994374943));
#3505=DIRECTION('',(0.,1.,0.));
#3506=DIRECTION('center_axis',(-0.951056516295153,0.,0.309016994374949));
#3507=DIRECTION('ref_axis',(0.309016994374949,0.,0.951056516295153));
#3508=DIRECTION('',(-0.309016994374949,0.,-0.951056516295153));
#3509=DIRECTION('',(0.309016994374949,0.,0.951056516295153));
#3510=DIRECTION('',(0.,1.,0.));
#3511=DIRECTION('center_axis',(0.,1.,0.));
#3512=DIRECTION('ref_axis',(1.,0.,0.));
#3513=DIRECTION('center_axis',(0.,1.,0.));
#3514=DIRECTION('ref_axis',(1.,0.,0.));
#3515=DIRECTION('center_axis',(0.,1.,0.));
#3516=DIRECTION('ref_axis',(1.,0.,0.));
#3517=DIRECTION('',(0.,1.,0.));
#3518=DIRECTION('center_axis',(1.,0.,3.07144293491888E-16));
#3519=DIRECTION('ref_axis',(3.07144293491888E-16,0.,-1.));
#3520=DIRECTION('',(-3.07144293491888E-16,0.,1.));
#3521=DIRECTION('',(3.07144293491888E-16,0.,-1.));
#3522=DIRECTION('',(0.,1.,0.));
#3523=DIRECTION('center_axis',(-3.5527136788005E-15,0.,1.));
#3524=DIRECTION('ref_axis',(1.,0.,3.5527136788005E-15));
#3525=DIRECTION('',(0.,1.,0.));
#3526=DIRECTION('',(-1.,0.,-3.5527136788005E-15));
#3527=DIRECTION('',(1.,0.,3.5527136788005E-15));
#3528=DIRECTION('center_axis',(-1.,0.,0.));
#3529=DIRECTION('ref_axis',(0.,0.,1.));
#3530=DIRECTION('',(0.,1.,0.));
#3531=DIRECTION('',(0.,0.,-1.));
#3532=DIRECTION('center_axis',(0.,1.,0.));
#3533=DIRECTION('ref_axis',(1.,0.,0.));
#3534=DIRECTION('',(0.,1.,0.));
#3535=DIRECTION('center_axis',(0.,1.,0.));
#3536=DIRECTION('ref_axis',(1.,0.,0.));
#3537=DIRECTION('center_axis',(0.951056516295153,0.,0.309016994374948));
#3538=DIRECTION('ref_axis',(0.309016994374948,0.,-0.951056516295153));
#3539=DIRECTION('',(-0.309016994374948,0.,0.951056516295153));
#3540=DIRECTION('center_axis',(-0.951056516295153,0.,-0.309016994374948));
#3541=DIRECTION('ref_axis',(-0.309016994374948,0.,0.951056516295153));
#3542=DIRECTION('',(0.309016994374948,0.,-0.951056516295153));
#3543=DIRECTION('',(-0.309016994374948,0.,0.951056516295153));
#3544=DIRECTION('',(0.,1.,0.));
#3545=DIRECTION('center_axis',(0.,1.,0.));
#3546=DIRECTION('ref_axis',(1.,0.,0.));
#3547=DIRECTION('center_axis',(0.,1.,0.));
#3548=DIRECTION('ref_axis',(1.,0.,0.));
#3549=DIRECTION('center_axis',(0.,1.,0.));
#3550=DIRECTION('ref_axis',(1.,0.,0.));
#3551=DIRECTION('',(0.,1.,0.));
#3552=DIRECTION('center_axis',(0.809016994374948,0.,0.587785252292473));
#3553=DIRECTION('ref_axis',(0.587785252292473,0.,-0.809016994374948));
#3554=DIRECTION('',(-0.587785252292473,0.,0.809016994374948));
#3555=DIRECTION('',(0.587785252292473,0.,-0.809016994374948));
#3556=DIRECTION('',(0.,1.,0.));
#3557=DIRECTION('center_axis',(-0.587785252292477,0.,0.809016994374944));
#3558=DIRECTION('ref_axis',(0.809016994374944,0.,0.587785252292477));
#3559=DIRECTION('',(-0.809016994374944,0.,-0.587785252292477));
#3560=DIRECTION('',(0.809016994374944,0.,0.587785252292477));
#3561=DIRECTION('',(0.,1.,0.));
#3562=DIRECTION('center_axis',(-0.809016994374947,0.,-0.587785252292474));
#3563=DIRECTION('ref_axis',(-0.587785252292474,0.,0.809016994374947));
#3564=DIRECTION('',(0.587785252292474,0.,-0.809016994374947));
#3565=DIRECTION('',(-0.587785252292474,0.,0.809016994374947));
#3566=DIRECTION('',(0.,1.,0.));
#3567=DIRECTION('center_axis',(0.,1.,0.));
#3568=DIRECTION('ref_axis',(1.,0.,0.));
#3569=DIRECTION('center_axis',(0.,1.,0.));
#3570=DIRECTION('ref_axis',(1.,0.,0.));
#3571=DIRECTION('center_axis',(0.,1.,0.));
#3572=DIRECTION('ref_axis',(1.,0.,0.));
#3573=DIRECTION('',(0.,1.,0.));
#3574=DIRECTION('center_axis',(0.587785252292474,0.,0.809016994374947));
#3575=DIRECTION('ref_axis',(0.809016994374947,0.,-0.587785252292474));
#3576=DIRECTION('',(-0.809016994374947,0.,0.587785252292474));
#3577=DIRECTION('',(0.809016994374947,0.,-0.587785252292474));
#3578=DIRECTION('',(0.,1.,0.));
#3579=DIRECTION('center_axis',(-0.80901699437495,0.,0.587785252292469));
#3580=DIRECTION('ref_axis',(0.587785252292469,0.,0.80901699437495));
#3581=DIRECTION('',(-0.587785252292469,0.,-0.80901699437495));
#3582=DIRECTION('',(0.587785252292469,0.,0.80901699437495));
#3583=DIRECTION('',(0.,1.,0.));
#3584=DIRECTION('center_axis',(-0.587785252292476,0.,-0.809016994374946));
#3585=DIRECTION('ref_axis',(-0.809016994374946,0.,0.587785252292476));
#3586=DIRECTION('',(0.809016994374946,0.,-0.587785252292476));
#3587=DIRECTION('',(-0.809016994374946,0.,0.587785252292476));
#3588=DIRECTION('',(0.,1.,0.));
#3589=DIRECTION('center_axis',(0.,1.,0.));
#3590=DIRECTION('ref_axis',(1.,0.,0.));
#3591=DIRECTION('center_axis',(0.,1.,0.));
#3592=DIRECTION('ref_axis',(1.,0.,0.));
#3593=DIRECTION('center_axis',(0.,1.,0.));
#3594=DIRECTION('ref_axis',(1.,0.,0.));
#3595=DIRECTION('',(0.,1.,0.));
#3596=DIRECTION('center_axis',(0.309016994374947,0.,0.951056516295154));
#3597=DIRECTION('ref_axis',(0.951056516295154,0.,-0.309016994374947));
#3598=DIRECTION('',(-0.951056516295154,0.,0.309016994374947));
#3599=DIRECTION('',(0.951056516295154,0.,-0.309016994374947));
#3600=DIRECTION('',(0.,1.,0.));
#3601=DIRECTION('center_axis',(-0.951056516295155,0.,0.309016994374943));
#3602=DIRECTION('ref_axis',(0.309016994374943,0.,0.951056516295155));
#3603=DIRECTION('',(-0.309016994374943,0.,-0.951056516295155));
#3604=DIRECTION('',(0.309016994374943,0.,0.951056516295155));
#3605=DIRECTION('',(0.,1.,0.));
#3606=DIRECTION('center_axis',(-0.309016994374949,0.,-0.951056516295153));
#3607=DIRECTION('ref_axis',(-0.951056516295153,0.,0.309016994374949));
#3608=DIRECTION('',(0.951056516295153,0.,-0.309016994374949));
#3609=DIRECTION('',(-0.951056516295153,0.,0.309016994374949));
#3610=DIRECTION('',(0.,1.,0.));
#3611=DIRECTION('center_axis',(0.,1.,0.));
#3612=DIRECTION('ref_axis',(1.,0.,0.));
#3613=DIRECTION('center_axis',(0.,1.,0.));
#3614=DIRECTION('ref_axis',(1.,0.,0.));
#3615=DIRECTION('center_axis',(0.,1.,0.));
#3616=DIRECTION('ref_axis',(1.,0.,0.));
#3617=DIRECTION('',(0.,1.,0.));
#3618=DIRECTION('center_axis',(-3.07144293491888E-16,0.,1.));
#3619=DIRECTION('ref_axis',(1.,0.,3.07144293491888E-16));
#3620=DIRECTION('',(-1.,0.,-3.07144293491888E-16));
#3621=DIRECTION('',(1.,0.,3.07144293491888E-16));
#3622=DIRECTION('',(0.,1.,0.));
#3623=DIRECTION('center_axis',(-1.,0.,-3.5527136788005E-15));
#3624=DIRECTION('ref_axis',(-3.5527136788005E-15,0.,1.));
#3625=DIRECTION('',(0.,1.,0.));
#3626=DIRECTION('',(3.5527136788005E-15,0.,-1.));
#3627=DIRECTION('',(-3.5527136788005E-15,0.,1.));
#3628=DIRECTION('center_axis',(1.53572146745946E-16,0.,-1.));
#3629=DIRECTION('ref_axis',(-1.,0.,-1.53572146745946E-16));
#3630=DIRECTION('',(0.,1.,0.));
#3631=DIRECTION('',(1.,0.,1.53572146745946E-16));
#3632=DIRECTION('center_axis',(0.,1.,0.));
#3633=DIRECTION('ref_axis',(1.,0.,0.));
#3634=DIRECTION('',(0.,1.,0.));
#3635=DIRECTION('center_axis',(0.,1.,0.));
#3636=DIRECTION('ref_axis',(1.,0.,0.));
#3637=DIRECTION('center_axis',(-0.309016994374948,0.,0.951056516295153));
#3638=DIRECTION('ref_axis',(0.951056516295153,0.,0.309016994374948));
#3639=DIRECTION('',(-0.951056516295153,0.,-0.309016994374948));
#3640=DIRECTION('center_axis',(0.309016994374947,0.,-0.951056516295154));
#3641=DIRECTION('ref_axis',(-0.951056516295154,0.,-0.309016994374947));
#3642=DIRECTION('',(0.951056516295154,0.,0.309016994374947));
#3643=DIRECTION('',(-0.951056516295154,0.,-0.309016994374947));
#3644=DIRECTION('',(0.,1.,0.));
#3645=DIRECTION('center_axis',(0.,1.,0.));
#3646=DIRECTION('ref_axis',(1.,0.,0.));
#3647=DIRECTION('center_axis',(0.,1.,0.));
#3648=DIRECTION('ref_axis',(1.,0.,0.));
#3649=DIRECTION('center_axis',(0.,1.,0.));
#3650=DIRECTION('ref_axis',(1.,0.,0.));
#3651=DIRECTION('',(0.,1.,0.));
#3652=DIRECTION('center_axis',(-0.587785252292472,0.,0.809016994374948));
#3653=DIRECTION('ref_axis',(0.809016994374948,0.,0.587785252292472));
#3654=DIRECTION('',(-0.809016994374948,0.,-0.587785252292472));
#3655=DIRECTION('',(0.809016994374948,0.,0.587785252292472));
#3656=DIRECTION('',(0.,1.,0.));
#3657=DIRECTION('center_axis',(-0.809016994374945,0.,-0.587785252292476));
#3658=DIRECTION('ref_axis',(-0.587785252292476,0.,0.809016994374945));
#3659=DIRECTION('',(0.587785252292476,0.,-0.809016994374945));
#3660=DIRECTION('',(-0.587785252292476,0.,0.809016994374945));
#3661=DIRECTION('',(0.,1.,0.));
#3662=DIRECTION('center_axis',(0.587785252292473,0.,-0.809016994374948));
#3663=DIRECTION('ref_axis',(-0.809016994374948,0.,-0.587785252292473));
#3664=DIRECTION('',(0.809016994374948,0.,0.587785252292472));
#3665=DIRECTION('',(-0.809016994374948,0.,-0.587785252292472));
#3666=DIRECTION('',(0.,1.,0.));
#3667=DIRECTION('center_axis',(0.,1.,0.));
#3668=DIRECTION('ref_axis',(1.,0.,0.));
#3669=DIRECTION('center_axis',(0.,1.,0.));
#3670=DIRECTION('ref_axis',(1.,0.,0.));
#3671=DIRECTION('center_axis',(0.,1.,0.));
#3672=DIRECTION('ref_axis',(1.,0.,0.));
#3673=DIRECTION('',(0.,1.,0.));
#3674=DIRECTION('center_axis',(-0.809016994374947,0.,0.587785252292474));
#3675=DIRECTION('ref_axis',(0.587785252292474,0.,0.809016994374947));
#3676=DIRECTION('',(-0.587785252292474,0.,-0.809016994374947));
#3677=DIRECTION('',(0.587785252292474,0.,0.809016994374947));
#3678=DIRECTION('',(0.,1.,0.));
#3679=DIRECTION('center_axis',(-0.58778525229247,0.,-0.80901699437495));
#3680=DIRECTION('ref_axis',(-0.80901699437495,0.,0.58778525229247));
#3681=DIRECTION('',(0.80901699437495,0.,-0.58778525229247));
#3682=DIRECTION('',(-0.80901699437495,0.,0.58778525229247));
#3683=DIRECTION('',(0.,1.,0.));
#3684=DIRECTION('center_axis',(0.809016994374947,0.,-0.587785252292474));
#3685=DIRECTION('ref_axis',(-0.587785252292474,0.,-0.809016994374947));
#3686=DIRECTION('',(0.587785252292474,0.,0.809016994374947));
#3687=DIRECTION('',(-0.587785252292474,0.,-0.809016994374947));
#3688=DIRECTION('center_axis',(0.,1.,0.));
#3689=DIRECTION('ref_axis',(1.,0.,0.));
#3690=DIRECTION('center_axis',(0.,1.,0.));
#3691=DIRECTION('ref_axis',(1.,0.,0.));
#3692=DIRECTION('center_axis',(0.,-1.,0.));
#3693=DIRECTION('ref_axis',(0.,0.,1.));
#3694=DIRECTION('center_axis',(0.,-1.,0.));
#3695=DIRECTION('ref_axis',(0.,0.,1.));
#3696=DIRECTION('center_axis',(0.,-1.,0.));
#3697=DIRECTION('ref_axis',(0.,0.,1.));
#3698=DIRECTION('center_axis',(0.,-1.,0.));
#3699=DIRECTION('ref_axis',(0.,0.,1.));
#3700=DIRECTION('center_axis',(0.,-1.,0.));
#3701=DIRECTION('ref_axis',(0.,0.,1.));
#3702=DIRECTION('',(0.,-1.,0.));
#3703=DIRECTION('center_axis',(0.,-1.,0.));
#3704=DIRECTION('ref_axis',(0.,0.,1.));
#3705=DIRECTION('',(0.,-1.,0.));
#3706=DIRECTION('center_axis',(0.,1.,0.));
#3707=DIRECTION('ref_axis',(0.,0.,1.));
#3708=DIRECTION('center_axis',(0.,-1.,0.));
#3709=DIRECTION('ref_axis',(0.,0.,1.));
#3710=DIRECTION('center_axis',(0.,-1.,0.));
#3711=DIRECTION('ref_axis',(0.,0.,1.));
#3712=DIRECTION('center_axis',(0.,-1.,0.));
#3713=DIRECTION('ref_axis',(0.,0.,1.));
#3714=DIRECTION('center_axis',(0.,-1.,0.));
#3715=DIRECTION('ref_axis',(0.,0.,1.));
#3716=DIRECTION('center_axis',(0.,-1.,0.));
#3717=DIRECTION('ref_axis',(0.,0.,1.));
#3718=DIRECTION('',(0.,-1.,0.));
#3719=DIRECTION('center_axis',(0.,-1.,0.));
#3720=DIRECTION('ref_axis',(0.,0.,1.));
#3721=DIRECTION('',(0.,-1.,0.));
#3722=DIRECTION('center_axis',(0.,1.,0.));
#3723=DIRECTION('ref_axis',(0.,0.,1.));
#3724=DIRECTION('center_axis',(0.,-1.,0.));
#3725=DIRECTION('ref_axis',(0.,0.,1.));
#3726=DIRECTION('center_axis',(0.,-1.,0.));
#3727=DIRECTION('ref_axis',(0.,0.,1.));
#3728=DIRECTION('center_axis',(0.,-1.,0.));
#3729=DIRECTION('ref_axis',(0.,0.,1.));
#3730=DIRECTION('center_axis',(0.,-1.,0.));
#3731=DIRECTION('ref_axis',(0.,0.,1.));
#3732=DIRECTION('center_axis',(0.,-1.,0.));
#3733=DIRECTION('ref_axis',(0.,0.,1.));
#3734=DIRECTION('',(0.,-1.,0.));
#3735=DIRECTION('center_axis',(0.,-1.,0.));
#3736=DIRECTION('ref_axis',(0.,0.,1.));
#3737=DIRECTION('',(0.,-1.,0.));
#3738=DIRECTION('center_axis',(0.,1.,0.));
#3739=DIRECTION('ref_axis',(0.,0.,1.));
#3740=DIRECTION('center_axis',(0.,-1.,0.));
#3741=DIRECTION('ref_axis',(0.,0.,1.));
#3742=DIRECTION('center_axis',(0.,-1.,0.));
#3743=DIRECTION('ref_axis',(0.,0.,1.));
#3744=DIRECTION('center_axis',(0.,-1.,0.));
#3745=DIRECTION('ref_axis',(0.,0.,1.));
#3746=DIRECTION('center_axis',(0.,-1.,0.));
#3747=DIRECTION('ref_axis',(0.,0.,1.));
#3748=DIRECTION('center_axis',(0.,-1.,0.));
#3749=DIRECTION('ref_axis',(0.,0.,1.));
#3750=DIRECTION('',(0.,-1.,0.));
#3751=DIRECTION('center_axis',(0.,-1.,0.));
#3752=DIRECTION('ref_axis',(0.,0.,1.));
#3753=DIRECTION('',(0.,-1.,0.));
#3754=DIRECTION('center_axis',(0.,1.,0.));
#3755=DIRECTION('ref_axis',(0.,0.,1.));
#3756=DIRECTION('center_axis',(0.,-1.,0.));
#3757=DIRECTION('ref_axis',(0.,0.,1.));
#3758=DIRECTION('center_axis',(0.,-1.,0.));
#3759=DIRECTION('ref_axis',(0.,0.,1.));
#3760=DIRECTION('center_axis',(0.,-1.,0.));
#3761=DIRECTION('ref_axis',(0.,0.,1.));
#3762=DIRECTION('center_axis',(0.,-1.,0.));
#3763=DIRECTION('ref_axis',(0.,0.,1.));
#3764=DIRECTION('center_axis',(0.,-1.,0.));
#3765=DIRECTION('ref_axis',(0.,0.,1.));
#3766=DIRECTION('',(0.,-1.,0.));
#3767=DIRECTION('center_axis',(0.,-1.,0.));
#3768=DIRECTION('ref_axis',(0.,0.,1.));
#3769=DIRECTION('',(0.,-1.,0.));
#3770=DIRECTION('center_axis',(0.,1.,0.));
#3771=DIRECTION('ref_axis',(0.,0.,1.));
#3772=DIRECTION('center_axis',(0.,1.,0.));
#3773=DIRECTION('ref_axis',(1.,0.,0.));
#3774=DIRECTION('center_axis',(0.,-1.,0.));
#3775=DIRECTION('ref_axis',(1.,0.,0.));
#3776=DIRECTION('',(0.,-1.,0.));
#3777=DIRECTION('center_axis',(0.,1.,0.));
#3778=DIRECTION('ref_axis',(1.,0.,0.));
#3779=DIRECTION('',(0.,1.,0.));
#3780=DIRECTION('center_axis',(-0.5,0.,-0.866025403784439));
#3781=DIRECTION('ref_axis',(-0.866025403784439,0.,0.5));
#3782=DIRECTION('',(-0.866025403784438,0.,0.5));
#3783=DIRECTION('',(0.,1.,0.));
#3784=DIRECTION('',(0.866025403784438,0.,-0.5));
#3785=DIRECTION('center_axis',(0.,1.,0.));
#3786=DIRECTION('ref_axis',(1.,0.,0.));
#3787=DIRECTION('center_axis',(0.,-1.,0.));
#3788=DIRECTION('ref_axis',(1.,0.,0.));
#3789=DIRECTION('',(0.,-1.,0.));
#3790=DIRECTION('center_axis',(0.,1.,0.));
#3791=DIRECTION('ref_axis',(1.,0.,0.));
#3792=DIRECTION('',(0.,1.,0.));
#3793=DIRECTION('center_axis',(0.5,0.,0.866025403784439));
#3794=DIRECTION('ref_axis',(0.866025403784439,0.,-0.5));
#3795=DIRECTION('',(-0.866025403784438,0.,0.5));
#3796=DIRECTION('',(0.,1.,0.));
#3797=DIRECTION('',(0.866025403784438,0.,-0.5));
#3798=DIRECTION('center_axis',(0.,1.,0.));
#3799=DIRECTION('ref_axis',(-0.866025403821242,0.,0.499999999936255));
#3800=DIRECTION('center_axis',(0.,-1.,0.));
#3801=DIRECTION('ref_axis',(1.,0.,0.));
#3802=DIRECTION('',(0.,-1.,0.));
#3803=DIRECTION('center_axis',(0.,1.,0.));
#3804=DIRECTION('ref_axis',(1.,0.,0.));
#3805=DIRECTION('',(0.,1.,0.));
#3806=DIRECTION('center_axis',(-0.5,0.,0.866025403784439));
#3807=DIRECTION('ref_axis',(0.866025403784439,0.,0.5));
#3808=DIRECTION('',(0.866025403784439,0.,0.5));
#3809=DIRECTION('',(0.,1.,0.));
#3810=DIRECTION('',(-0.866025403784439,0.,-0.5));
#3811=DIRECTION('center_axis',(0.,-1.,0.));
#3812=DIRECTION('ref_axis',(1.,0.,0.));
#3813=DIRECTION('center_axis',(0.,1.,0.));
#3814=DIRECTION('ref_axis',(1.,0.,0.));
#3815=DIRECTION('center_axis',(0.,-1.,0.));
#3816=DIRECTION('ref_axis',(1.,0.,0.));
#3817=DIRECTION('',(0.,0.,-1.));
#3818=DIRECTION('',(0.,0.,1.));
#3819=DIRECTION('center_axis',(0.,-1.,0.));
#3820=DIRECTION('ref_axis',(1.,0.,0.));
#3821=DIRECTION('',(-0.866025403784439,0.,-0.5));
#3822=DIRECTION('center_axis',(0.,-1.,0.));
#3823=DIRECTION('ref_axis',(1.,0.,0.));
#3824=DIRECTION('center_axis',(0.987510371926157,0.,0.157554007687087));
#3825=DIRECTION('ref_axis',(0.157554007687087,0.,-0.987510371926157));
#3826=DIRECTION('',(0.987510371926157,0.,0.157554007687087));
#3827=DIRECTION('center_axis',(0.987510371926157,0.,0.157554007687087));
#3828=DIRECTION('ref_axis',(0.157554007687087,0.,-0.987510371926157));
#3829=DIRECTION('center_axis',(-0.987510371926157,0.,-0.157554007687087));
#3830=DIRECTION('ref_axis',(0.157554007687087,0.,-0.987510371926157));
#3831=DIRECTION('center_axis',(-0.157554007687087,0.,0.987510371926157));
#3832=DIRECTION('ref_axis',(0.987510371926157,0.,0.157554007687087));
#3833=DIRECTION('',(-0.157554007687087,0.,0.987510371926157));
#3834=DIRECTION('center_axis',(-0.157554007687087,0.,0.987510371926157));
#3835=DIRECTION('ref_axis',(0.987510371926157,0.,0.157554007687087));
#3836=DIRECTION('center_axis',(0.157554007687087,0.,-0.987510371926157));
#3837=DIRECTION('ref_axis',(0.987510371926157,0.,0.157554007687087));
#3838=DIRECTION('center_axis',(-0.987510371926157,0.,-0.157554007687087));
#3839=DIRECTION('ref_axis',(-0.157554007687087,0.,0.987510371926157));
#3840=DIRECTION('',(-0.987510371926157,0.,-0.157554007687087));
#3841=DIRECTION('center_axis',(-0.987510371926157,0.,-0.157554007687087));
#3842=DIRECTION('ref_axis',(-0.157554007687087,0.,0.987510371926157));
#3843=DIRECTION('center_axis',(0.987510371926157,0.,0.157554007687087));
#3844=DIRECTION('ref_axis',(-0.157554007687087,0.,0.987510371926157));
#3845=DIRECTION('center_axis',(0.157554007687087,0.,-0.987510371926157));
#3846=DIRECTION('ref_axis',(-0.987510371926157,0.,-0.157554007687087));
#3847=DIRECTION('',(0.157554007687087,0.,-0.987510371926157));
#3848=DIRECTION('center_axis',(0.157554007687087,0.,-0.987510371926157));
#3849=DIRECTION('ref_axis',(-0.987510371926157,0.,-0.157554007687087));
#3850=DIRECTION('center_axis',(-0.157554007687087,0.,0.987510371926157));
#3851=DIRECTION('ref_axis',(-0.987510371926157,0.,-0.157554007687087));
#3852=DIRECTION('center_axis',(0.,1.,0.));
#3853=DIRECTION('ref_axis',(1.,0.,0.));
#3854=DIRECTION('center_axis',(0.,1.,0.));
#3855=DIRECTION('ref_axis',(1.,0.,0.));
#3856=DIRECTION('',(0.,1.,0.));
#3857=DIRECTION('center_axis',(0.5,0.,-0.866025403784439));
#3858=DIRECTION('ref_axis',(-0.866025403784439,0.,-0.5));
#3859=DIRECTION('',(0.866025403784439,0.,0.5));
#3860=DIRECTION('center_axis',(0.,1.,0.));
#3861=DIRECTION('ref_axis',(-0.866025403801905,0.,0.499999999969747));
#3862=DIRECTION('center_axis',(0.,1.,0.));
#3863=DIRECTION('ref_axis',(1.,0.,0.));
#3864=DIRECTION('',(0.,1.,0.));
#3865=DIRECTION('center_axis',(-1.,0.,0.));
#3866=DIRECTION('ref_axis',(0.,0.,1.));
#3867=DIRECTION('',(0.,0.,-1.));
#3868=DIRECTION('center_axis',(1.,0.,0.));
#3869=DIRECTION('ref_axis',(0.,0.,-1.));
#3870=DIRECTION('',(0.,1.,0.));
#3871=DIRECTION('',(0.,0.,1.));
#3872=DIRECTION('center_axis',(0.,1.,0.));
#3873=DIRECTION('ref_axis',(1.,0.,0.));
#3874=DIRECTION('center_axis',(0.,1.,0.));
#3875=DIRECTION('ref_axis',(1.,0.,0.));
#3876=DIRECTION('center_axis',(0.,1.,0.));
#3877=DIRECTION('ref_axis',(1.,0.,0.));
#3878=DIRECTION('',(0.,-1.,0.));
#3879=DIRECTION('center_axis',(0.,-1.,0.));
#3880=DIRECTION('ref_axis',(1.,0.,0.));
#3881=DIRECTION('center_axis',(0.,-1.,0.));
#3882=DIRECTION('ref_axis',(1.,0.,0.));
#3883=CARTESIAN_POINT('',(0.,0.,0.));
#3884=CARTESIAN_POINT('Origin',(-31.106576715674,3.,-4.96295124214322));
#3885=CARTESIAN_POINT('',(-28.0683680990796,3.,-3.06050849607921));
#3886=CARTESIAN_POINT('Origin',(-27.8477924883176,3.,-4.44302301677583));
#3887=CARTESIAN_POINT('',(-27.3418967288049,3.,-2.9446023961428));
#3888=CARTESIAN_POINT('',(-31.3271523264359,3.,-3.5804367214466));
#3889=CARTESIAN_POINT('',(-26.900745507281,3.,-5.70963143753605));
#3890=CARTESIAN_POINT('Ctrl Pts',(-26.900745507281,3.,-5.70963143753604));
#3891=CARTESIAN_POINT('Ctrl Pts',(-26.900745507281,2.82418025700952,-5.70963143753604));
#3892=CARTESIAN_POINT('Ctrl Pts',(-26.9081213456869,2.63666205031055,-5.67521990455397));
#3893=CARTESIAN_POINT('Ctrl Pts',(-26.9372771251189,2.29173997456216,-5.53517988850164));
#3894=CARTESIAN_POINT('Ctrl Pts',(-26.9589611380945,2.13433352957574,-5.42953779495716));
#3895=CARTESIAN_POINT('Ctrl Pts',(-27.0069656052136,1.8857675113206,-5.18548696883411));
#3896=CARTESIAN_POINT('Ctrl Pts',(-27.0364722508983,1.77802842397195,-5.03079738590791));
#3897=CARTESIAN_POINT('Ctrl Pts',(-27.0974537626313,1.635143827415,-4.69124223351857));
#3898=CARTESIAN_POINT('Ctrl Pts',(-27.1288341291202,1.6,-4.50635899176577));
#3899=CARTESIAN_POINT('Ctrl Pts',(-27.1842363268184,1.6,-4.15911143102396));
#3900=CARTESIAN_POINT('Ctrl Pts',(-27.211944454899,1.635143827415,-3.97364229580121));
#3901=CARTESIAN_POINT('Ctrl Pts',(-27.2596506667216,1.77802842397195,-3.63196911329939));
#3902=CARTESIAN_POINT('Ctrl Pts',(-27.2797440575769,1.8857675113206,-3.47577767675632));
#3903=CARTESIAN_POINT('Ctrl Pts',(-27.3100647351597,2.13433352957574,-3.22890546060869));
#3904=CARTESIAN_POINT('Ctrl Pts',(-27.3223301655234,2.29173997456216,-3.12176066341732));
#3905=CARTESIAN_POINT('Ctrl Pts',(-27.338198461966,2.63666205031055,-2.97960067348261));
#3906=CARTESIAN_POINT('Ctrl Pts',(-27.3418967288049,2.82418025700952,-2.9446023961428));
#3907=CARTESIAN_POINT('Ctrl Pts',(-27.3418967288049,3.,-2.9446023961428));
#3908=CARTESIAN_POINT('Ctrl Pts',(-27.3418967288049,3.,-2.9446023961428));
#3909=CARTESIAN_POINT('Ctrl Pts',(-27.3418967288049,3.17581974299048,-2.9446023961428));
#3910=CARTESIAN_POINT('Ctrl Pts',(-27.338198461966,3.36333794968945,-2.97960067348261));
#3911=CARTESIAN_POINT('Ctrl Pts',(-27.3223301655234,3.70826002543784,-3.12176066341732));
#3912=CARTESIAN_POINT('Ctrl Pts',(-27.3100647351597,3.86566647042426,-3.22890546060869));
#3913=CARTESIAN_POINT('Ctrl Pts',(-27.2797440575769,4.1142324886794,-3.47577767675632));
#3914=CARTESIAN_POINT('Ctrl Pts',(-27.2596506667216,4.22197157602805,-3.63196911329939));
#3915=CARTESIAN_POINT('Ctrl Pts',(-27.211944454899,4.364856172585,-3.97364229580121));
#3916=CARTESIAN_POINT('Ctrl Pts',(-27.1842363268184,4.4,-4.15911143102396));
#3917=CARTESIAN_POINT('Ctrl Pts',(-27.1288341291202,4.4,-4.50635899176577));
#3918=CARTESIAN_POINT('Ctrl Pts',(-27.0974537626313,4.364856172585,-4.69124223351857));
#3919=CARTESIAN_POINT('Ctrl Pts',(-27.0364722508983,4.22197157602805,-5.03079738590791));
#3920=CARTESIAN_POINT('Ctrl Pts',(-27.0069656052136,4.1142324886794,-5.18548696883411));
#3921=CARTESIAN_POINT('Ctrl Pts',(-26.9589611380945,3.86566647042426,-5.42953779495716));
#3922=CARTESIAN_POINT('Ctrl Pts',(-26.9372771251189,3.70826002543784,-5.53517988850164));
#3923=CARTESIAN_POINT('Ctrl Pts',(-26.9081213456869,3.36333794968945,-5.67521990455397));
#3924=CARTESIAN_POINT('Ctrl Pts',(-26.900745507281,3.17581974299048,-5.70963143753604));
#3925=CARTESIAN_POINT('Ctrl Pts',(-26.900745507281,3.,-5.70963143753604));
#3926=CARTESIAN_POINT('Origin',(-27.8477924883176,3.,-4.44302301677583));
#3927=CARTESIAN_POINT('',(-28.2653106086884,3.,-1.82612053117151));
#3928=CARTESIAN_POINT('Origin',(-27.8477924883176,3.,-4.44302301677583));
#3929=CARTESIAN_POINT('Origin',(-31.106576715674,3.,-4.96295124214322));
#3930=CARTESIAN_POINT('',(-32.4036656739723,3.,-2.48638136923833));
#3931=CARTESIAN_POINT('',(-31.5240948360448,3.,-2.3460487565389));
#3932=CARTESIAN_POINT('',(-32.4036656739723,3.26180896533386,-2.49950987016008));
#3933=CARTESIAN_POINT('Origin',(-32.4036656739723,3.,-5.1698974874854));
#3934=CARTESIAN_POINT('',(-31.4006759546506,3.93648670112267,-2.49950987016008));
#3935=CARTESIAN_POINT('Origin',(-15.6663226645247,3.,-2.49950987016008));
#3936=CARTESIAN_POINT('',(-30.6364372023337,4.10890819083598,-7.32521095583347));
#3937=CARTESIAN_POINT('Ctrl Pts',(-30.6364372023337,4.10890819083598,-7.32521095583346));
#3938=CARTESIAN_POINT('Ctrl Pts',(-30.6675482085281,4.3984308530442,-7.19509451368269));
#3939=CARTESIAN_POINT('Ctrl Pts',(-30.7103211624375,4.66154819199504,-7.01223209563517));
#3940=CARTESIAN_POINT('Ctrl Pts',(-30.8071562851631,5.1090261073717,-6.57454438521313));
#3941=CARTESIAN_POINT('Ctrl Pts',(-30.8688179403392,5.31294466964112,-6.28273394388344));
#3942=CARTESIAN_POINT('Ctrl Pts',(-30.9924493803083,5.58343596255444,-5.64134277020224));
#3943=CARTESIAN_POINT('Ctrl Pts',(-31.0541256487192,5.65,-5.2917018299372));
#3944=CARTESIAN_POINT('Ctrl Pts',(-31.1590277826287,5.65,-4.63420065434923));
#3945=CARTESIAN_POINT('Ctrl Pts',(-31.2092121491887,5.58343596255444,-4.28272621922273));
#3946=CARTESIAN_POINT('Ctrl Pts',(-31.2913018336101,5.31294466964112,-3.63470719609411));
#3947=CARTESIAN_POINT('Ctrl Pts',(-31.3235048308266,5.1090261073717,-3.33819672349936));
#3948=CARTESIAN_POINT('Ctrl Pts',(-31.3699348179011,4.63863943303321,-2.86926854110993));
#3949=CARTESIAN_POINT('Ctrl Pts',(-31.3873108173846,4.34075873125463,-2.66554349748997));
#3950=CARTESIAN_POINT('Ctrl Pts',(-31.399068508215,3.98854475291918,-2.51964514177636));
#3951=CARTESIAN_POINT('Ctrl Pts',(-31.3998910593321,3.96258998174905,-2.50937030073849));
#3952=CARTESIAN_POINT('Ctrl Pts',(-31.4006759546506,3.93648670112267,-2.49950987016008));
#3953=CARTESIAN_POINT('',(-31.5904113354684,3.67489345770185,-7.63517594138562));
#3954=CARTESIAN_POINT('Origin',(-15.8984281488258,3.,-2.53654153108985));
#3955=CARTESIAN_POINT('',(-31.5904113354684,2.32510654229815,-7.63517594138562));
#3956=CARTESIAN_POINT('Origin',(-32.3920319523498,3.,-5.16804136574931));
#3957=CARTESIAN_POINT('',(-30.6364372023337,1.89109180916403,-7.32521095583347));
#3958=CARTESIAN_POINT('Origin',(-15.8984281488258,3.,-2.53654153108985));
#3959=CARTESIAN_POINT('',(-31.4006759546506,2.06351329887733,-2.49950987016008));
#3960=CARTESIAN_POINT('Ctrl Pts',(-31.4006759546506,2.06351329887733,-2.49950987016008));
#3961=CARTESIAN_POINT('Ctrl Pts',(-31.3998910593321,2.03741001825095,-2.50937030073849));
#3962=CARTESIAN_POINT('Ctrl Pts',(-31.399068508215,2.01145524708082,-2.51964514177636));
#3963=CARTESIAN_POINT('Ctrl Pts',(-31.3873108173846,1.65924126874537,-2.66554349748997));
#3964=CARTESIAN_POINT('Ctrl Pts',(-31.3699348179011,1.3613605669668,-2.86926854110993));
#3965=CARTESIAN_POINT('Ctrl Pts',(-31.3235048308266,0.890973892628302,-3.33819672349936));
#3966=CARTESIAN_POINT('Ctrl Pts',(-31.2913018336101,0.687055330358881,-3.6347071960941));
#3967=CARTESIAN_POINT('Ctrl Pts',(-31.2092121491887,0.416564037445562,-4.28272621922273));
#3968=CARTESIAN_POINT('Ctrl Pts',(-31.1590277826287,0.35,-4.63420065434923));
#3969=CARTESIAN_POINT('Ctrl Pts',(-31.0541256487192,0.35,-5.29170182993719));
#3970=CARTESIAN_POINT('Ctrl Pts',(-30.9924493803083,0.416564037445563,-5.64134277020224));
#3971=CARTESIAN_POINT('Ctrl Pts',(-30.8688179403392,0.687055330358881,-6.28273394388344));
#3972=CARTESIAN_POINT('Ctrl Pts',(-30.8071562851631,0.890973892628302,-6.57454438521313));
#3973=CARTESIAN_POINT('Ctrl Pts',(-30.7103211624375,1.33845180800496,-7.01223209563517));
#3974=CARTESIAN_POINT('Ctrl Pts',(-30.6675482085281,1.6015691469558,-7.19509451368269));
#3975=CARTESIAN_POINT('Ctrl Pts',(-30.6364372023337,1.89109180916403,-7.32521095583347));
#3976=CARTESIAN_POINT('',(-32.4036656739723,2.73819103466614,-2.49950987016008));
#3977=CARTESIAN_POINT('Origin',(-15.6663226645247,3.,-2.49950987016008));
#3978=CARTESIAN_POINT('Origin',(-32.4036656739723,3.,-5.1698974874854));
#3979=CARTESIAN_POINT('Origin',(-30.0453263635936,0.,-12.3904585228614));
#3980=CARTESIAN_POINT('',(-31.5904113354684,6.,-7.63517594138562));
#3981=CARTESIAN_POINT('',(-31.5904113354684,0.,-7.63517594138562));
#3982=CARTESIAN_POINT('',(-30.0453263635936,6.,-12.3904585228614));
#3983=CARTESIAN_POINT('',(-31.5904113354684,6.,-7.63517594138562));
#3984=CARTESIAN_POINT('',(-30.0453263635936,0.,-12.3904585228614));
#3985=CARTESIAN_POINT('',(-30.0453263635936,0.,-12.3904585228614));
#3986=CARTESIAN_POINT('',(-31.5904113354684,0.,-7.63517594138562));
#3987=CARTESIAN_POINT('',(-31.5904113354684,0.,-7.63517594138562));
#3988=CARTESIAN_POINT('',(-31.5904113354684,0.,-7.63517594138562));
#3989=CARTESIAN_POINT('Origin',(-31.5904113354684,0.,-7.63517594138562));
#3990=CARTESIAN_POINT('',(-30.6364372023337,6.,-7.32521095583347));
#3991=CARTESIAN_POINT('',(-30.6364372023337,0.,-7.32521095583347));
#3992=CARTESIAN_POINT('',(-29.871537072648,6.,-7.07667983804749));
#3993=CARTESIAN_POINT('Origin',(0.,0.,0.));
#3994=CARTESIAN_POINT('',(-31.4006759546506,6.,-2.49950987016008));
#3995=CARTESIAN_POINT('',(-31.4006759546506,0.,-2.49950987016008));
#3996=CARTESIAN_POINT('Origin',(0.,6.,0.));
#3997=CARTESIAN_POINT('Origin',(-31.4006759546506,0.,-2.49950987016008));
#3998=CARTESIAN_POINT('',(-32.4036656739723,6.,-2.49950987016008));
#3999=CARTESIAN_POINT('',(-32.4036656739723,0.,-2.49950987016008));
#4000=CARTESIAN_POINT('',(-32.4036656739723,6.,-2.49950987016008));
#4001=CARTESIAN_POINT('Origin',(4.96295124214322,3.,-31.106576715674));
#4002=CARTESIAN_POINT('',(3.06050849607921,3.,-28.0683680990796));
#4003=CARTESIAN_POINT('Origin',(4.44302301677583,3.,-27.8477924883176));
#4004=CARTESIAN_POINT('',(2.9446023961428,3.,-27.3418967288049));
#4005=CARTESIAN_POINT('',(3.5804367214466,3.,-31.3271523264359));
#4006=CARTESIAN_POINT('',(5.70963143753604,3.,-26.900745507281));
#4007=CARTESIAN_POINT('Ctrl Pts',(5.70963143753604,3.,-26.900745507281));
#4008=CARTESIAN_POINT('Ctrl Pts',(5.70963143753604,2.82418025700952,-26.900745507281));
#4009=CARTESIAN_POINT('Ctrl Pts',(5.67521990455397,2.63666205031056,-26.9081213456869));
#4010=CARTESIAN_POINT('Ctrl Pts',(5.53517988850164,2.29173997456216,-26.9372771251189));
#4011=CARTESIAN_POINT('Ctrl Pts',(5.42953779495716,2.13433352957574,-26.9589611380945));
#4012=CARTESIAN_POINT('Ctrl Pts',(5.18548696883411,1.8857675113206,-27.0069656052136));
#4013=CARTESIAN_POINT('Ctrl Pts',(5.03079738590791,1.77802842397195,-27.0364722508983));
#4014=CARTESIAN_POINT('Ctrl Pts',(4.69124223351857,1.635143827415,-27.0974537626313));
#4015=CARTESIAN_POINT('Ctrl Pts',(4.50635899176577,1.6,-27.1288341291202));
#4016=CARTESIAN_POINT('Ctrl Pts',(4.15911143102396,1.6,-27.1842363268184));
#4017=CARTESIAN_POINT('Ctrl Pts',(3.97364229580121,1.635143827415,-27.211944454899));
#4018=CARTESIAN_POINT('Ctrl Pts',(3.63196911329939,1.77802842397195,-27.2596506667216));
#4019=CARTESIAN_POINT('Ctrl Pts',(3.47577767675632,1.8857675113206,-27.2797440575768));
#4020=CARTESIAN_POINT('Ctrl Pts',(3.22890546060869,2.13433352957574,-27.3100647351597));
#4021=CARTESIAN_POINT('Ctrl Pts',(3.12176066341732,2.29173997456216,-27.3223301655234));
#4022=CARTESIAN_POINT('Ctrl Pts',(2.97960067348261,2.63666205031055,-27.338198461966));
#4023=CARTESIAN_POINT('Ctrl Pts',(2.9446023961428,2.82418025700952,-27.3418967288049));
#4024=CARTESIAN_POINT('Ctrl Pts',(2.9446023961428,3.,-27.3418967288049));
#4025=CARTESIAN_POINT('Ctrl Pts',(2.9446023961428,3.,-27.3418967288049));
#4026=CARTESIAN_POINT('Ctrl Pts',(2.9446023961428,3.17581974299048,-27.3418967288049));
#4027=CARTESIAN_POINT('Ctrl Pts',(2.97960067348261,3.36333794968945,-27.338198461966));
#4028=CARTESIAN_POINT('Ctrl Pts',(3.12176066341732,3.70826002543784,-27.3223301655234));
#4029=CARTESIAN_POINT('Ctrl Pts',(3.22890546060869,3.86566647042426,-27.3100647351597));
#4030=CARTESIAN_POINT('Ctrl Pts',(3.47577767675632,4.1142324886794,-27.2797440575769));
#4031=CARTESIAN_POINT('Ctrl Pts',(3.63196911329939,4.22197157602805,-27.2596506667216));
#4032=CARTESIAN_POINT('Ctrl Pts',(3.97364229580121,4.364856172585,-27.211944454899));
#4033=CARTESIAN_POINT('Ctrl Pts',(4.15911143102396,4.4,-27.1842363268184));
#4034=CARTESIAN_POINT('Ctrl Pts',(4.50635899176577,4.4,-27.1288341291202));
#4035=CARTESIAN_POINT('Ctrl Pts',(4.69124223351857,4.364856172585,-27.0974537626313));
#4036=CARTESIAN_POINT('Ctrl Pts',(5.03079738590791,4.22197157602805,-27.0364722508983));
#4037=CARTESIAN_POINT('Ctrl Pts',(5.18548696883411,4.1142324886794,-27.0069656052136));
#4038=CARTESIAN_POINT('Ctrl Pts',(5.42953779495716,3.86566647042426,-26.9589611380945));
#4039=CARTESIAN_POINT('Ctrl Pts',(5.53517988850164,3.70826002543784,-26.9372771251189));
#4040=CARTESIAN_POINT('Ctrl Pts',(5.67521990455397,3.36333794968945,-26.9081213456869));
#4041=CARTESIAN_POINT('Ctrl Pts',(5.70963143753604,3.17581974299048,-26.900745507281));
#4042=CARTESIAN_POINT('Ctrl Pts',(5.70963143753604,3.,-26.900745507281));
#4043=CARTESIAN_POINT('Origin',(4.44302301677583,3.,-27.8477924883176));
#4044=CARTESIAN_POINT('',(1.82612053117151,3.,-28.2653106086884));
#4045=CARTESIAN_POINT('Origin',(4.44302301677583,3.,-27.8477924883176));
#4046=CARTESIAN_POINT('Origin',(4.96295124214322,3.,-31.106576715674));
#4047=CARTESIAN_POINT('',(2.48638136923832,3.,-32.4036656739723));
#4048=CARTESIAN_POINT('',(2.3460487565389,3.,-31.5240948360448));
#4049=CARTESIAN_POINT('',(2.49950987016008,3.26180896533386,-32.4036656739723));
#4050=CARTESIAN_POINT('Origin',(5.16989748748539,3.,-32.4036656739723));
#4051=CARTESIAN_POINT('',(2.49950987016008,3.93648670112267,-31.4006759546506));
#4052=CARTESIAN_POINT('Origin',(2.49950987016008,3.,-15.6663226645247));
#4053=CARTESIAN_POINT('',(7.32521095583347,4.10890819083598,-30.6364372023337));
#4054=CARTESIAN_POINT('Ctrl Pts',(7.32521095583346,4.10890819083598,-30.6364372023337));
#4055=CARTESIAN_POINT('Ctrl Pts',(7.19509451368268,4.3984308530442,-30.6675482085281));
#4056=CARTESIAN_POINT('Ctrl Pts',(7.01223209563517,4.66154819199504,-30.7103211624375));
#4057=CARTESIAN_POINT('Ctrl Pts',(6.57454438521314,5.1090261073717,-30.8071562851631));
#4058=CARTESIAN_POINT('Ctrl Pts',(6.28273394388344,5.31294466964112,-30.8688179403391));
#4059=CARTESIAN_POINT('Ctrl Pts',(5.64134277020224,5.58343596255444,-30.9924493803083));
#4060=CARTESIAN_POINT('Ctrl Pts',(5.2917018299372,5.65,-31.0541256487192));
#4061=CARTESIAN_POINT('Ctrl Pts',(4.63420065434923,5.65,-31.1590277826287));
#4062=CARTESIAN_POINT('Ctrl Pts',(4.28272621922273,5.58343596255444,-31.2092121491887));
#4063=CARTESIAN_POINT('Ctrl Pts',(3.63470719609411,5.31294466964112,-31.2913018336101));
#4064=CARTESIAN_POINT('Ctrl Pts',(3.33819672349936,5.1090261073717,-31.3235048308266));
#4065=CARTESIAN_POINT('Ctrl Pts',(2.86926854110993,4.63863943303321,-31.3699348179011));
#4066=CARTESIAN_POINT('Ctrl Pts',(2.66554349748997,4.34075873125463,-31.3873108173846));
#4067=CARTESIAN_POINT('Ctrl Pts',(2.51964514177636,3.98854475291918,-31.399068508215));
#4068=CARTESIAN_POINT('Ctrl Pts',(2.50937030073849,3.96258998174905,-31.3998910593321));
#4069=CARTESIAN_POINT('Ctrl Pts',(2.49950987016008,3.93648670112267,-31.4006759546506));
#4070=CARTESIAN_POINT('',(7.63517594138562,3.67489345770186,-31.5904113354684));
#4071=CARTESIAN_POINT('Origin',(2.53654153108985,3.,-15.8984281488258));
#4072=CARTESIAN_POINT('',(7.63517594138562,2.32510654229814,-31.5904113354684));
#4073=CARTESIAN_POINT('Origin',(5.16804136574931,3.,-32.3920319523498));
#4074=CARTESIAN_POINT('',(7.32521095583347,1.89109180916402,-30.6364372023337));
#4075=CARTESIAN_POINT('Origin',(2.53654153108985,3.,-15.8984281488258));
#4076=CARTESIAN_POINT('',(2.49950987016008,2.06351329887733,-31.4006759546506));
#4077=CARTESIAN_POINT('Ctrl Pts',(2.49950987016008,2.06351329887733,-31.4006759546506));
#4078=CARTESIAN_POINT('Ctrl Pts',(2.50937030073849,2.03741001825095,-31.3998910593321));
#4079=CARTESIAN_POINT('Ctrl Pts',(2.51964514177636,2.01145524708082,-31.399068508215));
#4080=CARTESIAN_POINT('Ctrl Pts',(2.66554349748997,1.65924126874537,-31.3873108173846));
#4081=CARTESIAN_POINT('Ctrl Pts',(2.86926854110993,1.3613605669668,-31.3699348179011));
#4082=CARTESIAN_POINT('Ctrl Pts',(3.33819672349936,0.890973892628302,-31.3235048308266));
#4083=CARTESIAN_POINT('Ctrl Pts',(3.6347071960941,0.687055330358881,-31.2913018336101));
#4084=CARTESIAN_POINT('Ctrl Pts',(4.28272621922273,0.416564037445563,-31.2092121491887));
#4085=CARTESIAN_POINT('Ctrl Pts',(4.63420065434923,0.35,-31.1590277826287));
#4086=CARTESIAN_POINT('Ctrl Pts',(5.29170182993719,0.35,-31.0541256487192));
#4087=CARTESIAN_POINT('Ctrl Pts',(5.64134277020224,0.416564037445563,-30.9924493803083));
#4088=CARTESIAN_POINT('Ctrl Pts',(6.28273394388344,0.687055330358881,-30.8688179403392));
#4089=CARTESIAN_POINT('Ctrl Pts',(6.57454438521313,0.890973892628302,-30.8071562851631));
#4090=CARTESIAN_POINT('Ctrl Pts',(7.01223209563517,1.33845180800496,-30.7103211624375));
#4091=CARTESIAN_POINT('Ctrl Pts',(7.19509451368269,1.6015691469558,-30.6675482085281));
#4092=CARTESIAN_POINT('Ctrl Pts',(7.32521095583346,1.89109180916403,-30.6364372023337));
#4093=CARTESIAN_POINT('',(2.49950987016008,2.73819103466614,-32.4036656739723));
#4094=CARTESIAN_POINT('Origin',(2.49950987016008,3.,-15.6663226645247));
#4095=CARTESIAN_POINT('Origin',(5.16989748748539,3.,-32.4036656739723));
#4096=CARTESIAN_POINT('Origin',(12.3904585228614,0.,-30.0453263635936));
#4097=CARTESIAN_POINT('',(7.63517594138562,6.,-31.5904113354684));
#4098=CARTESIAN_POINT('',(7.63517594138562,0.,-31.5904113354684));
#4099=CARTESIAN_POINT('',(12.3904585228614,6.,-30.0453263635936));
#4100=CARTESIAN_POINT('',(7.63517594138562,6.,-31.5904113354684));
#4101=CARTESIAN_POINT('',(12.3904585228614,0.,-30.0453263635936));
#4102=CARTESIAN_POINT('',(12.3904585228614,0.,-30.0453263635936));
#4103=CARTESIAN_POINT('',(7.63517594138562,0.,-31.5904113354684));
#4104=CARTESIAN_POINT('',(7.63517594138562,0.,-31.5904113354684));
#4105=CARTESIAN_POINT('',(7.63517594138562,0.,-31.5904113354684));
#4106=CARTESIAN_POINT('Origin',(7.63517594138562,0.,-31.5904113354684));
#4107=CARTESIAN_POINT('',(7.32521095583347,6.,-30.6364372023337));
#4108=CARTESIAN_POINT('',(7.32521095583347,0.,-30.6364372023337));
#4109=CARTESIAN_POINT('',(7.07667983804748,6.,-29.871537072648));
#4110=CARTESIAN_POINT('Origin',(0.,0.,0.));
#4111=CARTESIAN_POINT('',(2.49950987016008,6.,-31.4006759546506));
#4112=CARTESIAN_POINT('',(2.49950987016008,0.,-31.4006759546506));
#4113=CARTESIAN_POINT('Origin',(0.,6.,0.));
#4114=CARTESIAN_POINT('Origin',(2.49950987016008,0.,-31.4006759546506));
#4115=CARTESIAN_POINT('',(2.49950987016008,6.,-32.4036656739723));
#4116=CARTESIAN_POINT('',(2.49950987016008,0.,-32.4036656739723));
#4117=CARTESIAN_POINT('',(2.49950987016008,6.,-32.4036656739723));
#4118=CARTESIAN_POINT('Origin',(31.106576715674,3.,4.96295124214321));
#4119=CARTESIAN_POINT('',(28.0683680990796,3.,3.06050849607921));
#4120=CARTESIAN_POINT('Origin',(27.8477924883176,3.,4.44302301677583));
#4121=CARTESIAN_POINT('',(27.3418967288049,3.,2.94460239614279));
#4122=CARTESIAN_POINT('',(31.3271523264359,3.,3.58043672144659));
#4123=CARTESIAN_POINT('',(26.900745507281,3.,5.70963143753604));
#4124=CARTESIAN_POINT('Ctrl Pts',(26.900745507281,3.,5.70963143753603));
#4125=CARTESIAN_POINT('Ctrl Pts',(26.900745507281,2.82418025700952,5.70963143753603));
#4126=CARTESIAN_POINT('Ctrl Pts',(26.9081213456869,2.63666205031055,5.67521990455396));
#4127=CARTESIAN_POINT('Ctrl Pts',(26.9372771251189,2.29173997456216,5.53517988850163));
#4128=CARTESIAN_POINT('Ctrl Pts',(26.9589611380946,2.13433352957574,5.42953779495715));
#4129=CARTESIAN_POINT('Ctrl Pts',(27.0069656052136,1.8857675113206,5.1854869688341));
#4130=CARTESIAN_POINT('Ctrl Pts',(27.0364722508983,1.77802842397195,5.0307973859079));
#4131=CARTESIAN_POINT('Ctrl Pts',(27.0974537626313,1.635143827415,4.69124223351856));
#4132=CARTESIAN_POINT('Ctrl Pts',(27.1288341291202,1.6,4.50635899176576));
#4133=CARTESIAN_POINT('Ctrl Pts',(27.1842363268184,1.6,4.15911143102395));
#4134=CARTESIAN_POINT('Ctrl Pts',(27.211944454899,1.635143827415,3.9736422958012));
#4135=CARTESIAN_POINT('Ctrl Pts',(27.2596506667216,1.77802842397195,3.63196911329938));
#4136=CARTESIAN_POINT('Ctrl Pts',(27.2797440575768,1.8857675113206,3.47577767675631));
#4137=CARTESIAN_POINT('Ctrl Pts',(27.3100647351597,2.13433352957574,3.22890546060868));
#4138=CARTESIAN_POINT('Ctrl Pts',(27.3223301655234,2.29173997456216,3.12176066341731));
#4139=CARTESIAN_POINT('Ctrl Pts',(27.338198461966,2.63666205031055,2.9796006734826));
#4140=CARTESIAN_POINT('Ctrl Pts',(27.3418967288049,2.82418025700952,2.94460239614279));
#4141=CARTESIAN_POINT('Ctrl Pts',(27.3418967288049,3.,2.94460239614279));
#4142=CARTESIAN_POINT('Ctrl Pts',(27.3418967288049,3.,2.94460239614279));
#4143=CARTESIAN_POINT('Ctrl Pts',(27.3418967288049,3.17581974299048,2.94460239614279));
#4144=CARTESIAN_POINT('Ctrl Pts',(27.338198461966,3.36333794968945,2.9796006734826));
#4145=CARTESIAN_POINT('Ctrl Pts',(27.3223301655234,3.70826002543784,3.12176066341731));
#4146=CARTESIAN_POINT('Ctrl Pts',(27.3100647351597,3.86566647042426,3.22890546060868));
#4147=CARTESIAN_POINT('Ctrl Pts',(27.2797440575768,4.1142324886794,3.47577767675631));
#4148=CARTESIAN_POINT('Ctrl Pts',(27.2596506667216,4.22197157602805,3.63196911329938));
#4149=CARTESIAN_POINT('Ctrl Pts',(27.211944454899,4.364856172585,3.9736422958012));
#4150=CARTESIAN_POINT('Ctrl Pts',(27.1842363268184,4.4,4.15911143102395));
#4151=CARTESIAN_POINT('Ctrl Pts',(27.1288341291202,4.4,4.50635899176576));
#4152=CARTESIAN_POINT('Ctrl Pts',(27.0974537626313,4.364856172585,4.69124223351856));
#4153=CARTESIAN_POINT('Ctrl Pts',(27.0364722508983,4.22197157602805,5.0307973859079));
#4154=CARTESIAN_POINT('Ctrl Pts',(27.0069656052136,4.1142324886794,5.18548696883411));
#4155=CARTESIAN_POINT('Ctrl Pts',(26.9589611380946,3.86566647042426,5.42953779495715));
#4156=CARTESIAN_POINT('Ctrl Pts',(26.9372771251189,3.70826002543784,5.53517988850163));
#4157=CARTESIAN_POINT('Ctrl Pts',(26.9081213456869,3.36333794968945,5.67521990455396));
#4158=CARTESIAN_POINT('Ctrl Pts',(26.900745507281,3.17581974299048,5.70963143753603));
#4159=CARTESIAN_POINT('Ctrl Pts',(26.900745507281,3.,5.70963143753603));
#4160=CARTESIAN_POINT('Origin',(27.8477924883176,3.,4.44302301677583));
#4161=CARTESIAN_POINT('',(28.2653106086884,3.,1.82612053117151));
#4162=CARTESIAN_POINT('Origin',(27.8477924883176,3.,4.44302301677583));
#4163=CARTESIAN_POINT('Origin',(31.106576715674,3.,4.96295124214321));
#4164=CARTESIAN_POINT('',(32.4036656739723,3.,2.48638136923832));
#4165=CARTESIAN_POINT('',(31.5240948360448,3.,2.34604875653889));
#4166=CARTESIAN_POINT('',(32.4036656739723,3.26180896533386,2.49950987016008));
#4167=CARTESIAN_POINT('Origin',(32.4036656739723,3.,5.16989748748539));
#4168=CARTESIAN_POINT('',(31.4006759546506,3.93648670112267,2.49950987016008));
#4169=CARTESIAN_POINT('Origin',(15.6663226645247,3.,2.49950987016008));
#4170=CARTESIAN_POINT('',(30.6364372023337,4.10890819083598,7.32521095583346));
#4171=CARTESIAN_POINT('Ctrl Pts',(30.6364372023337,4.10890819083598,7.32521095583345));
#4172=CARTESIAN_POINT('Ctrl Pts',(30.6675482085281,4.3984308530442,7.19509451368268));
#4173=CARTESIAN_POINT('Ctrl Pts',(30.7103211624375,4.66154819199505,7.01223209563516));
#4174=CARTESIAN_POINT('Ctrl Pts',(30.8071562851631,5.1090261073717,6.57454438521312));
#4175=CARTESIAN_POINT('Ctrl Pts',(30.8688179403392,5.31294466964112,6.28273394388343));
#4176=CARTESIAN_POINT('Ctrl Pts',(30.9924493803083,5.58343596255444,5.64134277020223));
#4177=CARTESIAN_POINT('Ctrl Pts',(31.0541256487192,5.65,5.29170182993718));
#4178=CARTESIAN_POINT('Ctrl Pts',(31.1590277826287,5.65,4.63420065434922));
#4179=CARTESIAN_POINT('Ctrl Pts',(31.2092121491887,5.58343596255444,4.28272621922272));
#4180=CARTESIAN_POINT('Ctrl Pts',(31.2913018336101,5.31294466964112,3.63470719609409));
#4181=CARTESIAN_POINT('Ctrl Pts',(31.3235048308266,5.1090261073717,3.33819672349935));
#4182=CARTESIAN_POINT('Ctrl Pts',(31.3699348179011,4.63863943303321,2.86926854110992));
#4183=CARTESIAN_POINT('Ctrl Pts',(31.3873108173846,4.34075873125463,2.66554349748996));
#4184=CARTESIAN_POINT('Ctrl Pts',(31.399068508215,3.98854475291918,2.51964514177635));
#4185=CARTESIAN_POINT('Ctrl Pts',(31.3998910593321,3.96258998174905,2.50937030073848));
#4186=CARTESIAN_POINT('Ctrl Pts',(31.4006759546506,3.93648670112267,2.49950987016007));
#4187=CARTESIAN_POINT('',(31.5904113354684,3.67489345770186,7.63517594138562));
#4188=CARTESIAN_POINT('Origin',(15.8984281488258,3.,2.53654153108985));
#4189=CARTESIAN_POINT('',(31.5904113354684,2.32510654229814,7.63517594138562));
#4190=CARTESIAN_POINT('Origin',(32.3920319523498,3.,5.16804136574931));
#4191=CARTESIAN_POINT('',(30.6364372023337,1.89109180916402,7.32521095583346));
#4192=CARTESIAN_POINT('Origin',(15.8984281488258,3.,2.53654153108985));
#4193=CARTESIAN_POINT('',(31.4006759546506,2.06351329887733,2.49950987016008));
#4194=CARTESIAN_POINT('Ctrl Pts',(31.4006759546506,2.06351329887733,2.49950987016007));
#4195=CARTESIAN_POINT('Ctrl Pts',(31.3998910593321,2.03741001825095,2.50937030073848));
#4196=CARTESIAN_POINT('Ctrl Pts',(31.399068508215,2.01145524708082,2.51964514177635));
#4197=CARTESIAN_POINT('Ctrl Pts',(31.3873108173846,1.65924126874537,2.66554349748996));
#4198=CARTESIAN_POINT('Ctrl Pts',(31.3699348179011,1.3613605669668,2.86926854110992));
#4199=CARTESIAN_POINT('Ctrl Pts',(31.3235048308266,0.890973892628302,3.33819672349935));
#4200=CARTESIAN_POINT('Ctrl Pts',(31.2913018336101,0.687055330358881,3.63470719609409));
#4201=CARTESIAN_POINT('Ctrl Pts',(31.2092121491887,0.416564037445563,4.28272621922272));
#4202=CARTESIAN_POINT('Ctrl Pts',(31.1590277826287,0.35,4.63420065434922));
#4203=CARTESIAN_POINT('Ctrl Pts',(31.0541256487192,0.35,5.29170182993719));
#4204=CARTESIAN_POINT('Ctrl Pts',(30.9924493803083,0.416564037445563,5.64134277020223));
#4205=CARTESIAN_POINT('Ctrl Pts',(30.8688179403392,0.687055330358882,6.28273394388343));
#4206=CARTESIAN_POINT('Ctrl Pts',(30.8071562851631,0.890973892628302,6.57454438521312));
#4207=CARTESIAN_POINT('Ctrl Pts',(30.7103211624375,1.33845180800496,7.01223209563516));
#4208=CARTESIAN_POINT('Ctrl Pts',(30.6675482085281,1.6015691469558,7.19509451368268));
#4209=CARTESIAN_POINT('Ctrl Pts',(30.6364372023337,1.89109180916402,7.32521095583345));
#4210=CARTESIAN_POINT('',(32.4036656739723,2.73819103466614,2.49950987016008));
#4211=CARTESIAN_POINT('Origin',(15.6663226645247,3.,2.49950987016008));
#4212=CARTESIAN_POINT('Origin',(32.4036656739723,3.,5.16989748748539));
#4213=CARTESIAN_POINT('Origin',(30.0453263635936,0.,12.3904585228614));
#4214=CARTESIAN_POINT('',(31.5904113354684,6.,7.63517594138562));
#4215=CARTESIAN_POINT('',(31.5904113354684,0.,7.63517594138562));
#4216=CARTESIAN_POINT('',(30.0453263635936,6.,12.3904585228614));
#4217=CARTESIAN_POINT('',(31.5904113354684,6.,7.63517594138562));
#4218=CARTESIAN_POINT('',(30.0453263635936,0.,12.3904585228614));
#4219=CARTESIAN_POINT('',(30.0453263635936,0.,12.3904585228614));
#4220=CARTESIAN_POINT('',(31.5904113354684,0.,7.63517594138562));
#4221=CARTESIAN_POINT('',(31.5904113354684,0.,7.63517594138562));
#4222=CARTESIAN_POINT('',(31.5904113354684,0.,7.63517594138562));
#4223=CARTESIAN_POINT('Origin',(31.5904113354684,0.,7.63517594138562));
#4224=CARTESIAN_POINT('',(30.6364372023337,6.,7.32521095583346));
#4225=CARTESIAN_POINT('',(30.6364372023337,0.,7.32521095583346));
#4226=CARTESIAN_POINT('',(29.871537072648,6.,7.07667983804748));
#4227=CARTESIAN_POINT('Origin',(0.,0.,0.));
#4228=CARTESIAN_POINT('',(31.4006759546506,6.,2.49950987016008));
#4229=CARTESIAN_POINT('',(31.4006759546506,0.,2.49950987016008));
#4230=CARTESIAN_POINT('Origin',(0.,6.,0.));
#4231=CARTESIAN_POINT('Origin',(31.4006759546506,0.,2.49950987016008));
#4232=CARTESIAN_POINT('',(32.4036656739723,6.,2.49950987016008));
#4233=CARTESIAN_POINT('',(32.4036656739723,0.,2.49950987016008));
#4234=CARTESIAN_POINT('',(32.4036656739723,6.,2.49950987016008));
#4235=CARTESIAN_POINT('Origin',(-4.96295124214321,3.,31.106576715674));
#4236=CARTESIAN_POINT('',(-3.0605084960792,3.,28.0683680990796));
#4237=CARTESIAN_POINT('Origin',(-4.44302301677583,3.,27.8477924883176));
#4238=CARTESIAN_POINT('',(-2.94460239614279,3.,27.3418967288049));
#4239=CARTESIAN_POINT('',(-3.58043672144659,3.,31.3271523264359));
#4240=CARTESIAN_POINT('',(-5.70963143753604,3.,26.900745507281));
#4241=CARTESIAN_POINT('Ctrl Pts',(-5.70963143753603,3.,26.900745507281));
#4242=CARTESIAN_POINT('Ctrl Pts',(-5.70963143753603,2.82418025700952,26.900745507281));
#4243=CARTESIAN_POINT('Ctrl Pts',(-5.67521990455396,2.63666205031055,26.9081213456869));
#4244=CARTESIAN_POINT('Ctrl Pts',(-5.53517988850163,2.29173997456216,26.9372771251189));
#4245=CARTESIAN_POINT('Ctrl Pts',(-5.42953779495715,2.13433352957574,26.9589611380946));
#4246=CARTESIAN_POINT('Ctrl Pts',(-5.1854869688341,1.8857675113206,27.0069656052136));
#4247=CARTESIAN_POINT('Ctrl Pts',(-5.0307973859079,1.77802842397195,27.0364722508983));
#4248=CARTESIAN_POINT('Ctrl Pts',(-4.69124223351856,1.635143827415,27.0974537626313));
#4249=CARTESIAN_POINT('Ctrl Pts',(-4.50635899176576,1.6,27.1288341291202));
#4250=CARTESIAN_POINT('Ctrl Pts',(-4.15911143102395,1.6,27.1842363268184));
#4251=CARTESIAN_POINT('Ctrl Pts',(-3.9736422958012,1.635143827415,27.211944454899));
#4252=CARTESIAN_POINT('Ctrl Pts',(-3.63196911329938,1.77802842397195,27.2596506667216));
#4253=CARTESIAN_POINT('Ctrl Pts',(-3.47577767675631,1.8857675113206,27.2797440575768));
#4254=CARTESIAN_POINT('Ctrl Pts',(-3.22890546060868,2.13433352957574,27.3100647351597));
#4255=CARTESIAN_POINT('Ctrl Pts',(-3.12176066341731,2.29173997456216,27.3223301655234));
#4256=CARTESIAN_POINT('Ctrl Pts',(-2.9796006734826,2.63666205031055,27.338198461966));
#4257=CARTESIAN_POINT('Ctrl Pts',(-2.94460239614279,2.82418025700952,27.3418967288049));
#4258=CARTESIAN_POINT('Ctrl Pts',(-2.94460239614279,3.,27.3418967288049));
#4259=CARTESIAN_POINT('Ctrl Pts',(-2.94460239614279,3.,27.3418967288049));
#4260=CARTESIAN_POINT('Ctrl Pts',(-2.94460239614279,3.17581974299048,27.3418967288049));
#4261=CARTESIAN_POINT('Ctrl Pts',(-2.9796006734826,3.36333794968945,27.338198461966));
#4262=CARTESIAN_POINT('Ctrl Pts',(-3.12176066341731,3.70826002543784,27.3223301655234));
#4263=CARTESIAN_POINT('Ctrl Pts',(-3.22890546060868,3.86566647042426,27.3100647351597));
#4264=CARTESIAN_POINT('Ctrl Pts',(-3.47577767675631,4.1142324886794,27.2797440575768));
#4265=CARTESIAN_POINT('Ctrl Pts',(-3.63196911329938,4.22197157602805,27.2596506667216));
#4266=CARTESIAN_POINT('Ctrl Pts',(-3.9736422958012,4.364856172585,27.211944454899));
#4267=CARTESIAN_POINT('Ctrl Pts',(-4.15911143102395,4.4,27.1842363268184));
#4268=CARTESIAN_POINT('Ctrl Pts',(-4.50635899176576,4.4,27.1288341291202));
#4269=CARTESIAN_POINT('Ctrl Pts',(-4.69124223351856,4.364856172585,27.0974537626313));
#4270=CARTESIAN_POINT('Ctrl Pts',(-5.0307973859079,4.22197157602805,27.0364722508983));
#4271=CARTESIAN_POINT('Ctrl Pts',(-5.18548696883411,4.1142324886794,27.0069656052136));
#4272=CARTESIAN_POINT('Ctrl Pts',(-5.42953779495715,3.86566647042426,26.9589611380946));
#4273=CARTESIAN_POINT('Ctrl Pts',(-5.53517988850163,3.70826002543784,26.9372771251189));
#4274=CARTESIAN_POINT('Ctrl Pts',(-5.67521990455396,3.36333794968945,26.9081213456869));
#4275=CARTESIAN_POINT('Ctrl Pts',(-5.70963143753603,3.17581974299048,26.900745507281));
#4276=CARTESIAN_POINT('Ctrl Pts',(-5.70963143753603,3.,26.900745507281));
#4277=CARTESIAN_POINT('Origin',(-4.44302301677583,3.,27.8477924883176));
#4278=CARTESIAN_POINT('',(-1.82612053117151,3.,28.2653106086884));
#4279=CARTESIAN_POINT('Origin',(-4.44302301677583,3.,27.8477924883176));
#4280=CARTESIAN_POINT('Origin',(-4.96295124214321,3.,31.106576715674));
#4281=CARTESIAN_POINT('',(-2.48638136923832,3.,32.4036656739723));
#4282=CARTESIAN_POINT('',(-2.34604875653889,3.,31.5240948360448));
#4283=CARTESIAN_POINT('',(-2.49950987016007,3.26180896533385,32.4036656739723));
#4284=CARTESIAN_POINT('Origin',(-5.16989748748539,3.,32.4036656739723));
#4285=CARTESIAN_POINT('',(-2.49950987016008,3.93648670112268,31.4006759546506));
#4286=CARTESIAN_POINT('Origin',(-2.49950987016007,3.,15.6663226645247));
#4287=CARTESIAN_POINT('',(-7.32521095583347,4.10890819083596,30.6364372023337));
#4288=CARTESIAN_POINT('Ctrl Pts',(-7.32521095583346,4.10890819083595,30.6364372023337));
#4289=CARTESIAN_POINT('Ctrl Pts',(-7.19509451368269,4.39843085304419,30.6675482085281));
#4290=CARTESIAN_POINT('Ctrl Pts',(-7.01223209563516,4.66154819199504,30.7103211624375));
#4291=CARTESIAN_POINT('Ctrl Pts',(-6.57454438521312,5.1090261073717,30.8071562851631));
#4292=CARTESIAN_POINT('Ctrl Pts',(-6.28273394388343,5.31294466964112,30.8688179403392));
#4293=CARTESIAN_POINT('Ctrl Pts',(-5.64134277020223,5.58343596255444,30.9924493803083));
#4294=CARTESIAN_POINT('Ctrl Pts',(-5.29170182993718,5.65,31.0541256487192));
#4295=CARTESIAN_POINT('Ctrl Pts',(-4.63420065434922,5.65,31.1590277826287));
#4296=CARTESIAN_POINT('Ctrl Pts',(-4.28272621922272,5.58343596255444,31.2092121491887));
#4297=CARTESIAN_POINT('Ctrl Pts',(-3.63470719609409,5.31294466964112,31.2913018336101));
#4298=CARTESIAN_POINT('Ctrl Pts',(-3.33819672349935,5.1090261073717,31.3235048308266));
#4299=CARTESIAN_POINT('Ctrl Pts',(-2.86926854110992,4.63863943303321,31.3699348179011));
#4300=CARTESIAN_POINT('Ctrl Pts',(-2.66554349748996,4.34075873125463,31.3873108173846));
#4301=CARTESIAN_POINT('Ctrl Pts',(-2.51964514177635,3.98854475291918,31.399068508215));
#4302=CARTESIAN_POINT('Ctrl Pts',(-2.50937030073848,3.96258998174906,31.3998910593321));
#4303=CARTESIAN_POINT('Ctrl Pts',(-2.49950987016007,3.93648670112268,31.4006759546506));
#4304=CARTESIAN_POINT('',(-7.63517594138563,3.67489345770182,31.5904113354684));
#4305=CARTESIAN_POINT('Origin',(-2.53654153108984,3.,15.8984281488258));
#4306=CARTESIAN_POINT('',(-7.63517594138563,2.32510654229818,31.5904113354684));
#4307=CARTESIAN_POINT('Origin',(-5.1680413657493,3.,32.3920319523498));
#4308=CARTESIAN_POINT('',(-7.32521095583347,1.89109180916405,30.6364372023337));
#4309=CARTESIAN_POINT('Origin',(-2.53654153108984,3.,15.8984281488258));
#4310=CARTESIAN_POINT('',(-2.49950987016008,2.06351329887733,31.4006759546506));
#4311=CARTESIAN_POINT('Ctrl Pts',(-2.49950987016007,2.06351329887733,31.4006759546506));
#4312=CARTESIAN_POINT('Ctrl Pts',(-2.50937030073848,2.03741001825095,31.3998910593321));
#4313=CARTESIAN_POINT('Ctrl Pts',(-2.51964514177635,2.01145524708082,31.399068508215));
#4314=CARTESIAN_POINT('Ctrl Pts',(-2.66554349748996,1.65924126874537,31.3873108173846));
#4315=CARTESIAN_POINT('Ctrl Pts',(-2.86926854110992,1.3613605669668,31.3699348179011));
#4316=CARTESIAN_POINT('Ctrl Pts',(-3.33819672349935,0.890973892628302,31.3235048308266));
#4317=CARTESIAN_POINT('Ctrl Pts',(-3.63470719609409,0.687055330358881,31.2913018336101));
#4318=CARTESIAN_POINT('Ctrl Pts',(-4.28272621922272,0.416564037445563,31.2092121491887));
#4319=CARTESIAN_POINT('Ctrl Pts',(-4.63420065434922,0.35,31.1590277826287));
#4320=CARTESIAN_POINT('Ctrl Pts',(-5.29170182993719,0.35,31.0541256487192));
#4321=CARTESIAN_POINT('Ctrl Pts',(-5.64134277020223,0.416564037445563,30.9924493803083));
#4322=CARTESIAN_POINT('Ctrl Pts',(-6.28273394388343,0.687055330358882,30.8688179403392));
#4323=CARTESIAN_POINT('Ctrl Pts',(-6.57454438521312,0.890973892628302,30.8071562851631));
#4324=CARTESIAN_POINT('Ctrl Pts',(-7.01223209563517,1.33845180800496,30.7103211624375));
#4325=CARTESIAN_POINT('Ctrl Pts',(-7.19509451368269,1.60156914695581,30.6675482085281));
#4326=CARTESIAN_POINT('Ctrl Pts',(-7.32521095583347,1.89109180916405,30.6364372023337));
#4327=CARTESIAN_POINT('',(-2.49950987016007,2.73819103466615,32.4036656739723));
#4328=CARTESIAN_POINT('Origin',(-2.49950987016007,3.,15.6663226645247));
#4329=CARTESIAN_POINT('Origin',(-5.16989748748539,3.,32.4036656739723));
#4330=CARTESIAN_POINT('Origin',(-12.3904585228614,0.,30.0453263635936));
#4331=CARTESIAN_POINT('',(-7.63517594138563,6.,31.5904113354684));
#4332=CARTESIAN_POINT('',(-7.63517594138563,0.,31.5904113354684));
#4333=CARTESIAN_POINT('',(-12.3904585228614,6.,30.0453263635936));
#4334=CARTESIAN_POINT('',(-7.63517594138563,6.,31.5904113354684));
#4335=CARTESIAN_POINT('',(-12.3904585228614,0.,30.0453263635936));
#4336=CARTESIAN_POINT('',(-12.3904585228614,0.,30.0453263635936));
#4337=CARTESIAN_POINT('',(-7.63517594138563,0.,31.5904113354684));
#4338=CARTESIAN_POINT('',(-7.63517594138563,0.,31.5904113354684));
#4339=CARTESIAN_POINT('',(-7.63517594138563,0.,31.5904113354684));
#4340=CARTESIAN_POINT('Origin',(-7.63517594138563,0.,31.5904113354684));
#4341=CARTESIAN_POINT('',(-7.32521095583347,6.,30.6364372023337));
#4342=CARTESIAN_POINT('',(-7.32521095583347,0.,30.6364372023337));
#4343=CARTESIAN_POINT('',(-7.07667983804749,6.,29.871537072648));
#4344=CARTESIAN_POINT('Origin',(0.,0.,0.));
#4345=CARTESIAN_POINT('',(-2.49950987016008,6.,31.4006759546506));
#4346=CARTESIAN_POINT('',(-2.49950987016007,0.,31.4006759546506));
#4347=CARTESIAN_POINT('Origin',(0.,6.,0.));
#4348=CARTESIAN_POINT('Origin',(-2.49950987016007,0.,31.4006759546506));
#4349=CARTESIAN_POINT('',(-2.49950987016008,6.,32.4036656739723));
#4350=CARTESIAN_POINT('',(-2.49950987016007,0.,32.4036656739723));
#4351=CARTESIAN_POINT('',(-2.49950987016007,6.,32.4036656739723));
#4352=CARTESIAN_POINT('Origin',(0.,0.,0.));
#4353=CARTESIAN_POINT('',(-27.5,0.,3.36777869765522E-15));
#4354=CARTESIAN_POINT('Origin',(0.,0.,0.));
#4355=CARTESIAN_POINT('',(-27.5,6.,3.36777869765522E-15));
#4356=CARTESIAN_POINT('',(-27.5,0.,3.36777869765522E-15));
#4357=CARTESIAN_POINT('Origin',(0.,6.,0.));
#4358=CARTESIAN_POINT('Origin',(0.,0.,0.));
#4359=CARTESIAN_POINT('',(-12.0814258196654,0.,-29.091049313559));
#4360=CARTESIAN_POINT('',(-16.4347082755911,0.,-26.8728555218127));
#4361=CARTESIAN_POINT('Origin',(0.,0.,0.));
#4362=CARTESIAN_POINT('',(-16.4347082755911,6.,-26.8728555218127));
#4363=CARTESIAN_POINT('',(-16.4347082755911,0.,-26.8728555218127));
#4364=CARTESIAN_POINT('',(-12.0814258196654,6.,-29.091049313559));
#4365=CARTESIAN_POINT('Origin',(0.,6.,0.));
#4366=CARTESIAN_POINT('',(-12.0814258196654,0.,-29.091049313559));
#4367=CARTESIAN_POINT('Origin',(-12.3913908052176,0.,-30.0450234466937));
#4368=CARTESIAN_POINT('',(-12.3913908052176,0.,-30.0450234466937));
#4369=CARTESIAN_POINT('',(-11.8328947018794,0.,-28.3261491838733));
#4370=CARTESIAN_POINT('',(-12.3913908052176,6.,-30.0450234466937));
#4371=CARTESIAN_POINT('',(-11.8328947018794,6.,-28.3261491838733));
#4372=CARTESIAN_POINT('',(-12.3913908052176,0.,-30.0450234466937));
#4373=CARTESIAN_POINT('Origin',(-7.63610822374179,0.,-31.5901084185684));
#4374=CARTESIAN_POINT('',(-7.63610822374179,0.,-31.5901084185684));
#4375=CARTESIAN_POINT('',(-12.3913908052176,0.,-30.0450234466937));
#4376=CARTESIAN_POINT('',(-7.63610822374179,6.,-31.5901084185684));
#4377=CARTESIAN_POINT('',(-12.3913908052176,6.,-30.0450234466937));
#4378=CARTESIAN_POINT('',(-7.63610822374179,0.,-31.5901084185684));
#4379=CARTESIAN_POINT('Origin',(-7.32616735528802,0.,-30.6362085102304));
#4380=CARTESIAN_POINT('',(-7.32616735528802,0.,-30.6362085102304));
#4381=CARTESIAN_POINT('',(-7.63610822374179,0.,-31.5901084185684));
#4382=CARTESIAN_POINT('',(-7.32616735528802,6.,-30.6362085102304));
#4383=CARTESIAN_POINT('',(-7.63610822374179,6.,-31.5901084185684));
#4384=CARTESIAN_POINT('',(-7.32616735528802,0.,-30.6362085102304));
#4385=CARTESIAN_POINT('Origin',(0.,0.,0.));
#4386=CARTESIAN_POINT('',(-2.50049012983992,0.,-31.4005979100808));
#4387=CARTESIAN_POINT('Origin',(0.,0.,0.));
#4388=CARTESIAN_POINT('',(-2.50049012983992,6.,-31.4005979100808));
#4389=CARTESIAN_POINT('Origin',(0.,6.,0.));
#4390=CARTESIAN_POINT('',(-2.50049012983992,0.,-31.4005979100808));
#4391=CARTESIAN_POINT('Origin',(-2.50049012983992,0.,-32.4036656739724));
#4392=CARTESIAN_POINT('',(-2.50049012983992,0.,-32.4036656739724));
#4393=CARTESIAN_POINT('',(-2.50049012983992,0.,-30.5963343184014));
#4394=CARTESIAN_POINT('',(-2.50049012983992,6.,-32.4036656739724));
#4395=CARTESIAN_POINT('',(-2.50049012983992,6.,-30.5963343184014));
#4396=CARTESIAN_POINT('',(-2.50049012983992,0.,-32.4036656739724));
#4397=CARTESIAN_POINT('Origin',(2.49950987016008,0.,-32.4036656739723));
#4398=CARTESIAN_POINT('',(2.49950987016008,0.,-32.4036656739723));
#4399=CARTESIAN_POINT('',(2.49950987016008,0.,-32.4036656739723));
#4400=CARTESIAN_POINT('',(-2.50049012983992,0.,-32.4036656739724));
#4401=CARTESIAN_POINT('',(-2.50049012983992,6.,-32.4036656739724));
#4402=CARTESIAN_POINT('Origin',(2.49950987016008,0.,-31.4006759546506));
#4403=CARTESIAN_POINT('',(2.49950987016008,0.,-31.4006759546506));
#4404=CARTESIAN_POINT('',(2.49950987016008,0.,-31.4006759546506));
#4405=CARTESIAN_POINT('',(2.49950987016008,0.,-32.4036656739723));
#4406=CARTESIAN_POINT('Origin',(0.,0.,0.));
#4407=CARTESIAN_POINT('',(7.32521095583347,0.,-30.6364372023337));
#4408=CARTESIAN_POINT('',(7.32521095583347,0.,-30.6364372023337));
#4409=CARTESIAN_POINT('Origin',(0.,0.,0.));
#4410=CARTESIAN_POINT('Origin',(7.63517594138562,0.,-31.5904113354684));
#4411=CARTESIAN_POINT('',(7.07667983804748,0.,-29.871537072648));
#4412=CARTESIAN_POINT('Origin',(12.0805176544076,0.,-29.0914264552556));
#4413=CARTESIAN_POINT('',(12.0805176544076,0.,-29.0914264552556));
#4414=CARTESIAN_POINT('',(12.3904585228614,0.,-30.0453263635936));
#4415=CARTESIAN_POINT('',(12.0805176544076,6.,-29.0914264552556));
#4416=CARTESIAN_POINT('',(12.3904585228614,6.,-30.0453263635936));
#4417=CARTESIAN_POINT('',(12.0805176544076,0.,-29.0914264552556));
#4418=CARTESIAN_POINT('Origin',(0.,0.,0.));
#4419=CARTESIAN_POINT('',(16.4338693554041,0.,-26.8733685646127));
#4420=CARTESIAN_POINT('Origin',(0.,0.,0.));
#4421=CARTESIAN_POINT('',(16.4338693554041,6.,-26.8733685646127));
#4422=CARTESIAN_POINT('Origin',(0.,6.,0.));
#4423=CARTESIAN_POINT('',(16.4338693554041,0.,-26.8733685646127));
#4424=CARTESIAN_POINT('Origin',(17.0234577940695,0.,-27.6848674321106));
#4425=CARTESIAN_POINT('',(17.0234577940695,0.,-27.6848674321106));
#4426=CARTESIAN_POINT('',(15.9611350772591,0.,-26.222705650987));
#4427=CARTESIAN_POINT('',(17.0234577940695,6.,-27.6848674321106));
#4428=CARTESIAN_POINT('',(15.9611350772591,6.,-26.222705650987));
#4429=CARTESIAN_POINT('',(17.0234577940695,0.,-27.6848674321106));
#4430=CARTESIAN_POINT('Origin',(21.0685427659442,0.,-24.7459411706482));
#4431=CARTESIAN_POINT('',(21.0685427659442,0.,-24.7459411706482));
#4432=CARTESIAN_POINT('',(17.0234577940695,0.,-27.6848674321106));
#4433=CARTESIAN_POINT('',(21.0685427659442,6.,-24.7459411706482));
#4434=CARTESIAN_POINT('',(17.0234577940695,6.,-27.6848674321106));
#4435=CARTESIAN_POINT('',(21.0685427659442,0.,-24.7459411706482));
#4436=CARTESIAN_POINT('Origin',(20.4790002007259,0.,-23.9345054425335));
#4437=CARTESIAN_POINT('',(20.4790002007259,0.,-23.9345054425335));
#4438=CARTESIAN_POINT('',(21.0685427659442,0.,-24.7459411706482));
#4439=CARTESIAN_POINT('',(20.4790002007259,6.,-23.9345054425335));
#4440=CARTESIAN_POINT('',(21.0685427659442,6.,-24.7459411706482));
#4441=CARTESIAN_POINT('',(20.4790002007259,0.,-23.9345054425335));
#4442=CARTESIAN_POINT('Origin',(0.,0.,0.));
#4443=CARTESIAN_POINT('',(23.9338661209671,0.,-20.4797473740187));
#4444=CARTESIAN_POINT('Origin',(0.,0.,0.));
#4445=CARTESIAN_POINT('',(23.9338661209671,6.,-20.4797473740187));
#4446=CARTESIAN_POINT('Origin',(0.,6.,0.));
#4447=CARTESIAN_POINT('',(23.9338661209671,0.,-20.4797473740187));
#4448=CARTESIAN_POINT('Origin',(24.745364988465,0.,-21.0693358126841));
#4449=CARTESIAN_POINT('',(24.745364988465,0.,-21.0693358126841));
#4450=CARTESIAN_POINT('',(23.2832032073414,0.,-20.0070130958737));
#4451=CARTESIAN_POINT('',(24.745364988465,6.,-21.0693358126841));
#4452=CARTESIAN_POINT('',(23.2832032073414,6.,-20.0070130958737));
#4453=CARTESIAN_POINT('',(24.745364988465,0.,-21.0693358126841));
#4454=CARTESIAN_POINT('Origin',(27.6842912499273,0.,-17.0242508408094));
#4455=CARTESIAN_POINT('',(27.6842912499273,0.,-17.0242508408094));
#4456=CARTESIAN_POINT('',(24.745364988465,0.,-21.0693358126841));
#4457=CARTESIAN_POINT('',(27.6842912499273,6.,-17.0242508408094));
#4458=CARTESIAN_POINT('',(24.745364988465,6.,-21.0693358126841));
#4459=CARTESIAN_POINT('',(27.6842912499273,0.,-17.0242508408094));
#4460=CARTESIAN_POINT('Origin',(26.8728555218127,0.,-16.4347082755911));
#4461=CARTESIAN_POINT('',(26.8728555218127,0.,-16.4347082755911));
#4462=CARTESIAN_POINT('',(27.6842912499273,0.,-17.0242508408094));
#4463=CARTESIAN_POINT('',(26.8728555218127,6.,-16.4347082755911));
#4464=CARTESIAN_POINT('',(27.6842912499273,6.,-17.0242508408094));
#4465=CARTESIAN_POINT('',(26.8728555218127,0.,-16.4347082755911));
#4466=CARTESIAN_POINT('Origin',(0.,0.,0.));
#4467=CARTESIAN_POINT('',(29.091049313559,0.,-12.0814258196654));
#4468=CARTESIAN_POINT('Origin',(0.,0.,0.));
#4469=CARTESIAN_POINT('',(29.091049313559,6.,-12.0814258196654));
#4470=CARTESIAN_POINT('Origin',(0.,6.,0.));
#4471=CARTESIAN_POINT('',(29.091049313559,0.,-12.0814258196654));
#4472=CARTESIAN_POINT('Origin',(30.0450234466937,0.,-12.3913908052176));
#4473=CARTESIAN_POINT('',(30.0450234466937,0.,-12.3913908052176));
#4474=CARTESIAN_POINT('',(28.3261491838733,0.,-11.8328947018794));
#4475=CARTESIAN_POINT('',(30.0450234466937,6.,-12.3913908052176));
#4476=CARTESIAN_POINT('',(28.3261491838733,6.,-11.8328947018794));
#4477=CARTESIAN_POINT('',(30.0450234466937,0.,-12.3913908052176));
#4478=CARTESIAN_POINT('Origin',(31.5901084185684,0.,-7.63610822374179));
#4479=CARTESIAN_POINT('',(31.5901084185684,0.,-7.63610822374179));
#4480=CARTESIAN_POINT('',(30.0450234466937,0.,-12.3913908052176));
#4481=CARTESIAN_POINT('',(31.5901084185684,6.,-7.63610822374179));
#4482=CARTESIAN_POINT('',(30.0450234466937,6.,-12.3913908052176));
#4483=CARTESIAN_POINT('',(31.5901084185684,0.,-7.63610822374179));
#4484=CARTESIAN_POINT('Origin',(30.6362085102304,0.,-7.32616735528802));
#4485=CARTESIAN_POINT('',(30.6362085102304,0.,-7.32616735528802));
#4486=CARTESIAN_POINT('',(31.5901084185684,0.,-7.63610822374179));
#4487=CARTESIAN_POINT('',(30.6362085102304,6.,-7.32616735528802));
#4488=CARTESIAN_POINT('',(31.5901084185684,6.,-7.63610822374179));
#4489=CARTESIAN_POINT('',(30.6362085102304,0.,-7.32616735528802));
#4490=CARTESIAN_POINT('Origin',(0.,0.,0.));
#4491=CARTESIAN_POINT('',(31.4005979100808,0.,-2.50049012983992));
#4492=CARTESIAN_POINT('Origin',(0.,0.,0.));
#4493=CARTESIAN_POINT('',(31.4005979100808,6.,-2.50049012983992));
#4494=CARTESIAN_POINT('Origin',(0.,6.,0.));
#4495=CARTESIAN_POINT('',(31.4005979100808,0.,-2.50049012983992));
#4496=CARTESIAN_POINT('Origin',(32.4036656739724,0.,-2.50049012983992));
#4497=CARTESIAN_POINT('',(32.4036656739724,0.,-2.50049012983992));
#4498=CARTESIAN_POINT('',(30.5963343184014,0.,-2.50049012983992));
#4499=CARTESIAN_POINT('',(32.4036656739724,6.,-2.50049012983992));
#4500=CARTESIAN_POINT('',(30.5963343184014,6.,-2.50049012983992));
#4501=CARTESIAN_POINT('',(32.4036656739724,0.,-2.50049012983992));
#4502=CARTESIAN_POINT('Origin',(32.4036656739723,0.,2.49950987016008));
#4503=CARTESIAN_POINT('',(32.4036656739723,0.,2.49950987016008));
#4504=CARTESIAN_POINT('',(32.4036656739723,0.,2.49950987016008));
#4505=CARTESIAN_POINT('',(32.4036656739724,0.,-2.50049012983992));
#4506=CARTESIAN_POINT('',(32.4036656739724,6.,-2.50049012983992));
#4507=CARTESIAN_POINT('Origin',(31.4006759546506,0.,2.49950987016008));
#4508=CARTESIAN_POINT('',(31.4006759546506,0.,2.49950987016008));
#4509=CARTESIAN_POINT('',(31.4006759546506,0.,2.49950987016008));
#4510=CARTESIAN_POINT('',(32.4036656739723,0.,2.49950987016008));
#4511=CARTESIAN_POINT('Origin',(0.,0.,0.));
#4512=CARTESIAN_POINT('',(30.6364372023337,0.,7.32521095583346));
#4513=CARTESIAN_POINT('',(30.6364372023337,0.,7.32521095583346));
#4514=CARTESIAN_POINT('Origin',(0.,0.,0.));
#4515=CARTESIAN_POINT('Origin',(31.5904113354684,0.,7.63517594138562));
#4516=CARTESIAN_POINT('',(29.871537072648,0.,7.07667983804748));
#4517=CARTESIAN_POINT('Origin',(29.0914264552556,0.,12.0805176544076));
#4518=CARTESIAN_POINT('',(29.0914264552556,0.,12.0805176544076));
#4519=CARTESIAN_POINT('',(30.0453263635936,0.,12.3904585228614));
#4520=CARTESIAN_POINT('',(29.0914264552556,6.,12.0805176544076));
#4521=CARTESIAN_POINT('',(30.0453263635936,6.,12.3904585228614));
#4522=CARTESIAN_POINT('',(29.0914264552556,0.,12.0805176544076));
#4523=CARTESIAN_POINT('Origin',(0.,0.,0.));
#4524=CARTESIAN_POINT('',(26.8733685646127,0.,16.4338693554041));
#4525=CARTESIAN_POINT('Origin',(0.,0.,0.));
#4526=CARTESIAN_POINT('',(26.8733685646127,6.,16.4338693554041));
#4527=CARTESIAN_POINT('Origin',(0.,6.,0.));
#4528=CARTESIAN_POINT('',(26.8733685646127,0.,16.4338693554041));
#4529=CARTESIAN_POINT('Origin',(27.6848674321106,0.,17.0234577940695));
#4530=CARTESIAN_POINT('',(27.6848674321106,0.,17.0234577940695));
#4531=CARTESIAN_POINT('',(26.222705650987,0.,15.9611350772591));
#4532=CARTESIAN_POINT('',(27.6848674321106,6.,17.0234577940695));
#4533=CARTESIAN_POINT('',(26.222705650987,6.,15.9611350772591));
#4534=CARTESIAN_POINT('',(27.6848674321106,0.,17.0234577940695));
#4535=CARTESIAN_POINT('Origin',(24.7459411706482,0.,21.0685427659442));
#4536=CARTESIAN_POINT('',(24.7459411706482,0.,21.0685427659442));
#4537=CARTESIAN_POINT('',(27.6848674321106,0.,17.0234577940695));
#4538=CARTESIAN_POINT('',(24.7459411706482,6.,21.0685427659442));
#4539=CARTESIAN_POINT('',(27.6848674321106,6.,17.0234577940695));
#4540=CARTESIAN_POINT('',(24.7459411706482,0.,21.0685427659442));
#4541=CARTESIAN_POINT('Origin',(23.9345054425335,0.,20.4790002007259));
#4542=CARTESIAN_POINT('',(23.9345054425335,0.,20.4790002007259));
#4543=CARTESIAN_POINT('',(24.7459411706482,0.,21.0685427659442));
#4544=CARTESIAN_POINT('',(23.9345054425335,6.,20.4790002007259));
#4545=CARTESIAN_POINT('',(24.7459411706482,6.,21.0685427659442));
#4546=CARTESIAN_POINT('',(23.9345054425335,0.,20.4790002007259));
#4547=CARTESIAN_POINT('Origin',(0.,0.,0.));
#4548=CARTESIAN_POINT('',(20.4797473740187,0.,23.9338661209671));
#4549=CARTESIAN_POINT('Origin',(0.,0.,0.));
#4550=CARTESIAN_POINT('',(20.4797473740187,6.,23.9338661209671));
#4551=CARTESIAN_POINT('Origin',(0.,6.,0.));
#4552=CARTESIAN_POINT('',(20.4797473740187,0.,23.9338661209671));
#4553=CARTESIAN_POINT('Origin',(21.0693358126841,0.,24.745364988465));
#4554=CARTESIAN_POINT('',(21.0693358126841,0.,24.745364988465));
#4555=CARTESIAN_POINT('',(20.0070130958737,0.,23.2832032073414));
#4556=CARTESIAN_POINT('',(21.0693358126841,6.,24.745364988465));
#4557=CARTESIAN_POINT('',(20.0070130958737,6.,23.2832032073414));
#4558=CARTESIAN_POINT('',(21.0693358126841,0.,24.745364988465));
#4559=CARTESIAN_POINT('Origin',(17.0242508408094,0.,27.6842912499273));
#4560=CARTESIAN_POINT('',(17.0242508408094,0.,27.6842912499273));
#4561=CARTESIAN_POINT('',(21.0693358126841,0.,24.745364988465));
#4562=CARTESIAN_POINT('',(17.0242508408094,6.,27.6842912499273));
#4563=CARTESIAN_POINT('',(21.0693358126841,6.,24.745364988465));
#4564=CARTESIAN_POINT('',(17.0242508408094,0.,27.6842912499273));
#4565=CARTESIAN_POINT('Origin',(16.4347082755911,0.,26.8728555218127));
#4566=CARTESIAN_POINT('',(16.4347082755911,0.,26.8728555218127));
#4567=CARTESIAN_POINT('',(17.0242508408094,0.,27.6842912499273));
#4568=CARTESIAN_POINT('',(16.4347082755911,6.,26.8728555218127));
#4569=CARTESIAN_POINT('',(17.0242508408094,6.,27.6842912499273));
#4570=CARTESIAN_POINT('',(16.4347082755911,0.,26.8728555218127));
#4571=CARTESIAN_POINT('Origin',(0.,0.,0.));
#4572=CARTESIAN_POINT('',(12.0814258196654,0.,29.091049313559));
#4573=CARTESIAN_POINT('Origin',(0.,0.,0.));
#4574=CARTESIAN_POINT('',(12.0814258196654,6.,29.091049313559));
#4575=CARTESIAN_POINT('Origin',(0.,6.,0.));
#4576=CARTESIAN_POINT('',(12.0814258196654,0.,29.091049313559));
#4577=CARTESIAN_POINT('Origin',(12.3913908052176,0.,30.0450234466936));
#4578=CARTESIAN_POINT('',(12.3913908052176,0.,30.0450234466936));
#4579=CARTESIAN_POINT('',(11.8328947018794,0.,28.3261491838733));
#4580=CARTESIAN_POINT('',(12.3913908052176,6.,30.0450234466936));
#4581=CARTESIAN_POINT('',(11.8328947018794,6.,28.3261491838733));
#4582=CARTESIAN_POINT('',(12.3913908052176,0.,30.0450234466936));
#4583=CARTESIAN_POINT('Origin',(7.63610822374179,0.,31.5901084185684));
#4584=CARTESIAN_POINT('',(7.63610822374179,0.,31.5901084185684));
#4585=CARTESIAN_POINT('',(12.3913908052176,0.,30.0450234466936));
#4586=CARTESIAN_POINT('',(7.63610822374179,6.,31.5901084185684));
#4587=CARTESIAN_POINT('',(12.3913908052176,6.,30.0450234466936));
#4588=CARTESIAN_POINT('',(7.63610822374179,0.,31.5901084185684));
#4589=CARTESIAN_POINT('Origin',(7.32616735528802,0.,30.6362085102304));
#4590=CARTESIAN_POINT('',(7.32616735528802,0.,30.6362085102304));
#4591=CARTESIAN_POINT('',(7.63610822374179,0.,31.5901084185684));
#4592=CARTESIAN_POINT('',(7.32616735528802,6.,30.6362085102304));
#4593=CARTESIAN_POINT('',(7.63610822374179,6.,31.5901084185684));
#4594=CARTESIAN_POINT('',(7.32616735528802,0.,30.6362085102304));
#4595=CARTESIAN_POINT('Origin',(0.,0.,0.));
#4596=CARTESIAN_POINT('',(2.50049012983992,0.,31.4005979100808));
#4597=CARTESIAN_POINT('Origin',(0.,0.,0.));
#4598=CARTESIAN_POINT('',(2.50049012983992,6.,31.4005979100808));
#4599=CARTESIAN_POINT('Origin',(0.,6.,0.));
#4600=CARTESIAN_POINT('',(2.50049012983992,0.,31.4005979100808));
#4601=CARTESIAN_POINT('Origin',(2.50049012983992,0.,32.4036656739724));
#4602=CARTESIAN_POINT('',(2.50049012983992,0.,32.4036656739724));
#4603=CARTESIAN_POINT('',(2.50049012983992,0.,30.5963343184014));
#4604=CARTESIAN_POINT('',(2.50049012983992,6.,32.4036656739724));
#4605=CARTESIAN_POINT('',(2.50049012983992,6.,30.5963343184014));
#4606=CARTESIAN_POINT('',(2.50049012983992,0.,32.4036656739724));
#4607=CARTESIAN_POINT('Origin',(-2.49950987016007,0.,32.4036656739723));
#4608=CARTESIAN_POINT('',(-2.49950987016007,0.,32.4036656739723));
#4609=CARTESIAN_POINT('',(-2.49950987016007,0.,32.4036656739723));
#4610=CARTESIAN_POINT('',(2.50049012983992,0.,32.4036656739724));
#4611=CARTESIAN_POINT('',(2.50049012983992,6.,32.4036656739724));
#4612=CARTESIAN_POINT('Origin',(-2.49950987016007,0.,31.4006759546506));
#4613=CARTESIAN_POINT('',(-2.49950987016007,0.,31.4006759546506));
#4614=CARTESIAN_POINT('',(-2.49950987016007,0.,31.4006759546506));
#4615=CARTESIAN_POINT('',(-2.49950987016007,0.,32.4036656739723));
#4616=CARTESIAN_POINT('Origin',(0.,0.,0.));
#4617=CARTESIAN_POINT('',(-7.32521095583347,0.,30.6364372023337));
#4618=CARTESIAN_POINT('',(-7.32521095583347,0.,30.6364372023337));
#4619=CARTESIAN_POINT('Origin',(0.,0.,0.));
#4620=CARTESIAN_POINT('Origin',(-7.63517594138563,0.,31.5904113354684));
#4621=CARTESIAN_POINT('',(-7.07667983804749,0.,29.871537072648));
#4622=CARTESIAN_POINT('Origin',(-12.0805176544076,0.,29.0914264552556));
#4623=CARTESIAN_POINT('',(-12.0805176544076,0.,29.0914264552556));
#4624=CARTESIAN_POINT('',(-12.3904585228614,0.,30.0453263635936));
#4625=CARTESIAN_POINT('',(-12.0805176544076,6.,29.0914264552556));
#4626=CARTESIAN_POINT('',(-12.3904585228614,6.,30.0453263635936));
#4627=CARTESIAN_POINT('',(-12.0805176544076,0.,29.0914264552556));
#4628=CARTESIAN_POINT('Origin',(0.,0.,0.));
#4629=CARTESIAN_POINT('',(-16.4338693554041,0.,26.8733685646127));
#4630=CARTESIAN_POINT('Origin',(0.,0.,0.));
#4631=CARTESIAN_POINT('',(-16.4338693554041,6.,26.8733685646127));
#4632=CARTESIAN_POINT('Origin',(0.,6.,0.));
#4633=CARTESIAN_POINT('',(-16.4338693554041,0.,26.8733685646127));
#4634=CARTESIAN_POINT('Origin',(-17.0234577940695,0.,27.6848674321106));
#4635=CARTESIAN_POINT('',(-17.0234577940695,0.,27.6848674321106));
#4636=CARTESIAN_POINT('',(-15.9611350772591,0.,26.222705650987));
#4637=CARTESIAN_POINT('',(-17.0234577940695,6.,27.6848674321106));
#4638=CARTESIAN_POINT('',(-15.9611350772591,6.,26.222705650987));
#4639=CARTESIAN_POINT('',(-17.0234577940695,0.,27.6848674321106));
#4640=CARTESIAN_POINT('Origin',(-21.0685427659442,0.,24.7459411706482));
#4641=CARTESIAN_POINT('',(-21.0685427659442,0.,24.7459411706482));
#4642=CARTESIAN_POINT('',(-17.0234577940695,0.,27.6848674321106));
#4643=CARTESIAN_POINT('',(-21.0685427659442,6.,24.7459411706482));
#4644=CARTESIAN_POINT('',(-17.0234577940695,6.,27.6848674321106));
#4645=CARTESIAN_POINT('',(-21.0685427659442,0.,24.7459411706482));
#4646=CARTESIAN_POINT('Origin',(-20.4790002007259,0.,23.9345054425335));
#4647=CARTESIAN_POINT('',(-20.4790002007259,0.,23.9345054425335));
#4648=CARTESIAN_POINT('',(-21.0685427659442,0.,24.7459411706482));
#4649=CARTESIAN_POINT('',(-20.4790002007259,6.,23.9345054425335));
#4650=CARTESIAN_POINT('',(-21.0685427659442,6.,24.7459411706482));
#4651=CARTESIAN_POINT('',(-20.4790002007259,0.,23.9345054425335));
#4652=CARTESIAN_POINT('Origin',(0.,0.,0.));
#4653=CARTESIAN_POINT('',(-23.9338661209671,0.,20.4797473740187));
#4654=CARTESIAN_POINT('Origin',(0.,0.,0.));
#4655=CARTESIAN_POINT('',(-23.9338661209671,6.,20.4797473740187));
#4656=CARTESIAN_POINT('Origin',(0.,6.,0.));
#4657=CARTESIAN_POINT('',(-23.9338661209671,0.,20.4797473740187));
#4658=CARTESIAN_POINT('Origin',(-24.745364988465,0.,21.0693358126841));
#4659=CARTESIAN_POINT('',(-24.745364988465,0.,21.0693358126841));
#4660=CARTESIAN_POINT('',(-23.2832032073414,0.,20.0070130958737));
#4661=CARTESIAN_POINT('',(-24.745364988465,6.,21.0693358126841));
#4662=CARTESIAN_POINT('',(-23.2832032073414,6.,20.0070130958737));
#4663=CARTESIAN_POINT('',(-24.745364988465,0.,21.0693358126841));
#4664=CARTESIAN_POINT('Origin',(-27.6842912499273,0.,17.0242508408094));
#4665=CARTESIAN_POINT('',(-27.6842912499273,0.,17.0242508408094));
#4666=CARTESIAN_POINT('',(-24.745364988465,0.,21.0693358126841));
#4667=CARTESIAN_POINT('',(-27.6842912499273,6.,17.0242508408094));
#4668=CARTESIAN_POINT('',(-24.745364988465,6.,21.0693358126841));
#4669=CARTESIAN_POINT('',(-27.6842912499273,0.,17.0242508408094));
#4670=CARTESIAN_POINT('Origin',(-26.8728555218127,0.,16.4347082755911));
#4671=CARTESIAN_POINT('',(-26.8728555218127,0.,16.4347082755911));
#4672=CARTESIAN_POINT('',(-27.6842912499273,0.,17.0242508408094));
#4673=CARTESIAN_POINT('',(-26.8728555218127,6.,16.4347082755911));
#4674=CARTESIAN_POINT('',(-27.6842912499273,6.,17.0242508408094));
#4675=CARTESIAN_POINT('',(-26.8728555218127,0.,16.4347082755911));
#4676=CARTESIAN_POINT('Origin',(0.,0.,0.));
#4677=CARTESIAN_POINT('',(-29.091049313559,0.,12.0814258196654));
#4678=CARTESIAN_POINT('Origin',(0.,0.,0.));
#4679=CARTESIAN_POINT('',(-29.091049313559,6.,12.0814258196654));
#4680=CARTESIAN_POINT('Origin',(0.,6.,0.));
#4681=CARTESIAN_POINT('',(-29.091049313559,0.,12.0814258196654));
#4682=CARTESIAN_POINT('Origin',(-30.0450234466937,0.,12.3913908052176));
#4683=CARTESIAN_POINT('',(-30.0450234466937,0.,12.3913908052176));
#4684=CARTESIAN_POINT('',(-28.3261491838733,0.,11.8328947018794));
#4685=CARTESIAN_POINT('',(-30.0450234466937,6.,12.3913908052176));
#4686=CARTESIAN_POINT('',(-28.3261491838733,6.,11.8328947018794));
#4687=CARTESIAN_POINT('',(-30.0450234466937,0.,12.3913908052176));
#4688=CARTESIAN_POINT('Origin',(-31.5901084185684,0.,7.63610822374179));
#4689=CARTESIAN_POINT('',(-31.5901084185684,0.,7.63610822374179));
#4690=CARTESIAN_POINT('',(-30.0450234466937,0.,12.3913908052176));
#4691=CARTESIAN_POINT('',(-31.5901084185684,6.,7.63610822374179));
#4692=CARTESIAN_POINT('',(-30.0450234466937,6.,12.3913908052176));
#4693=CARTESIAN_POINT('',(-31.5901084185684,0.,7.63610822374179));
#4694=CARTESIAN_POINT('Origin',(-30.6362085102304,0.,7.32616735528801));
#4695=CARTESIAN_POINT('',(-30.6362085102304,0.,7.32616735528801));
#4696=CARTESIAN_POINT('',(-31.5901084185684,0.,7.63610822374179));
#4697=CARTESIAN_POINT('',(-30.6362085102304,6.,7.32616735528801));
#4698=CARTESIAN_POINT('',(-31.5901084185684,6.,7.63610822374179));
#4699=CARTESIAN_POINT('',(-30.6362085102304,0.,7.32616735528801));
#4700=CARTESIAN_POINT('Origin',(0.,0.,0.));
#4701=CARTESIAN_POINT('',(-31.4005979100808,0.,2.50049012983992));
#4702=CARTESIAN_POINT('Origin',(0.,0.,0.));
#4703=CARTESIAN_POINT('',(-31.4005979100808,6.,2.50049012983992));
#4704=CARTESIAN_POINT('Origin',(0.,6.,0.));
#4705=CARTESIAN_POINT('',(-31.4005979100808,0.,2.50049012983992));
#4706=CARTESIAN_POINT('Origin',(-32.4036656739724,0.,2.50049012983992));
#4707=CARTESIAN_POINT('',(-32.4036656739724,0.,2.50049012983992));
#4708=CARTESIAN_POINT('',(-30.5963343184014,0.,2.50049012983992));
#4709=CARTESIAN_POINT('',(-32.4036656739724,6.,2.50049012983992));
#4710=CARTESIAN_POINT('',(-30.5963343184014,6.,2.50049012983992));
#4711=CARTESIAN_POINT('',(-32.4036656739724,0.,2.50049012983992));
#4712=CARTESIAN_POINT('Origin',(-32.4036656739723,0.,-2.49950987016008));
#4713=CARTESIAN_POINT('',(-32.4036656739723,0.,-2.49950987016008));
#4714=CARTESIAN_POINT('',(-32.4036656739723,0.,-2.49950987016008));
#4715=CARTESIAN_POINT('',(-32.4036656739724,0.,2.50049012983992));
#4716=CARTESIAN_POINT('',(-32.4036656739724,6.,2.50049012983992));
#4717=CARTESIAN_POINT('Origin',(-31.4006759546506,0.,-2.49950987016008));
#4718=CARTESIAN_POINT('',(-31.4006759546506,0.,-2.49950987016008));
#4719=CARTESIAN_POINT('',(-31.4006759546506,0.,-2.49950987016008));
#4720=CARTESIAN_POINT('',(-32.4036656739723,0.,-2.49950987016008));
#4721=CARTESIAN_POINT('Origin',(0.,0.,0.));
#4722=CARTESIAN_POINT('',(-30.6364372023337,0.,-7.32521095583347));
#4723=CARTESIAN_POINT('',(-30.6364372023337,0.,-7.32521095583347));
#4724=CARTESIAN_POINT('Origin',(0.,0.,0.));
#4725=CARTESIAN_POINT('Origin',(-31.5904113354684,0.,-7.63517594138562));
#4726=CARTESIAN_POINT('',(-29.871537072648,0.,-7.07667983804749));
#4727=CARTESIAN_POINT('Origin',(-29.0914264552556,0.,-12.0805176544076));
#4728=CARTESIAN_POINT('',(-29.0914264552556,0.,-12.0805176544076));
#4729=CARTESIAN_POINT('',(-30.0453263635936,0.,-12.3904585228614));
#4730=CARTESIAN_POINT('',(-29.0914264552556,6.,-12.0805176544076));
#4731=CARTESIAN_POINT('',(-30.0453263635936,6.,-12.3904585228614));
#4732=CARTESIAN_POINT('',(-29.0914264552556,0.,-12.0805176544076));
#4733=CARTESIAN_POINT('Origin',(0.,0.,0.));
#4734=CARTESIAN_POINT('',(-26.8733685646127,0.,-16.4338693554041));
#4735=CARTESIAN_POINT('Origin',(0.,0.,0.));
#4736=CARTESIAN_POINT('',(-26.8733685646127,6.,-16.4338693554041));
#4737=CARTESIAN_POINT('Origin',(0.,6.,0.));
#4738=CARTESIAN_POINT('',(-26.8733685646127,0.,-16.4338693554041));
#4739=CARTESIAN_POINT('Origin',(-27.6848674321106,0.,-17.0234577940695));
#4740=CARTESIAN_POINT('',(-27.6848674321106,0.,-17.0234577940695));
#4741=CARTESIAN_POINT('',(-26.222705650987,0.,-15.9611350772591));
#4742=CARTESIAN_POINT('',(-27.6848674321106,6.,-17.0234577940695));
#4743=CARTESIAN_POINT('',(-26.222705650987,6.,-15.9611350772591));
#4744=CARTESIAN_POINT('',(-27.6848674321106,0.,-17.0234577940695));
#4745=CARTESIAN_POINT('Origin',(-24.7459411706482,0.,-21.0685427659442));
#4746=CARTESIAN_POINT('',(-24.7459411706482,0.,-21.0685427659442));
#4747=CARTESIAN_POINT('',(-27.6848674321106,0.,-17.0234577940695));
#4748=CARTESIAN_POINT('',(-24.7459411706482,6.,-21.0685427659442));
#4749=CARTESIAN_POINT('',(-27.6848674321106,6.,-17.0234577940695));
#4750=CARTESIAN_POINT('',(-24.7459411706482,0.,-21.0685427659442));
#4751=CARTESIAN_POINT('Origin',(-23.9345054425335,0.,-20.4790002007259));
#4752=CARTESIAN_POINT('',(-23.9345054425335,0.,-20.4790002007259));
#4753=CARTESIAN_POINT('',(-24.7459411706482,0.,-21.0685427659442));
#4754=CARTESIAN_POINT('',(-23.9345054425335,6.,-20.4790002007259));
#4755=CARTESIAN_POINT('',(-24.7459411706482,6.,-21.0685427659442));
#4756=CARTESIAN_POINT('',(-23.9345054425335,0.,-20.4790002007259));
#4757=CARTESIAN_POINT('Origin',(0.,0.,0.));
#4758=CARTESIAN_POINT('',(-20.4797473740187,0.,-23.9338661209671));
#4759=CARTESIAN_POINT('Origin',(0.,0.,0.));
#4760=CARTESIAN_POINT('',(-20.4797473740187,6.,-23.9338661209671));
#4761=CARTESIAN_POINT('Origin',(0.,6.,0.));
#4762=CARTESIAN_POINT('',(-20.4797473740187,0.,-23.9338661209671));
#4763=CARTESIAN_POINT('Origin',(-21.0693358126841,0.,-24.745364988465));
#4764=CARTESIAN_POINT('',(-21.0693358126841,0.,-24.745364988465));
#4765=CARTESIAN_POINT('',(-20.0070130958737,0.,-23.2832032073414));
#4766=CARTESIAN_POINT('',(-21.0693358126841,6.,-24.745364988465));
#4767=CARTESIAN_POINT('',(-20.0070130958737,6.,-23.2832032073414));
#4768=CARTESIAN_POINT('',(-21.0693358126841,0.,-24.745364988465));
#4769=CARTESIAN_POINT('Origin',(-17.0242508408094,0.,-27.6842912499273));
#4770=CARTESIAN_POINT('',(-17.0242508408094,0.,-27.6842912499273));
#4771=CARTESIAN_POINT('',(-21.0693358126841,0.,-24.745364988465));
#4772=CARTESIAN_POINT('',(-17.0242508408094,6.,-27.6842912499273));
#4773=CARTESIAN_POINT('',(-21.0693358126841,6.,-24.745364988465));
#4774=CARTESIAN_POINT('',(-17.0242508408094,0.,-27.6842912499273));
#4775=CARTESIAN_POINT('Origin',(-16.4347082755911,0.,-26.8728555218127));
#4776=CARTESIAN_POINT('',(-17.0242508408094,0.,-27.6842912499273));
#4777=CARTESIAN_POINT('',(-17.0242508408094,6.,-27.6842912499273));
#4778=CARTESIAN_POINT('Origin',(0.,6.,0.));
#4779=CARTESIAN_POINT('Origin',(0.,0.,0.));
#4780=CARTESIAN_POINT('Origin',(0.,3.,0.));
#4781=CARTESIAN_POINT('',(3.12284933782575E-16,3.,-2.55));
#4782=CARTESIAN_POINT('Origin',(0.,3.,0.));
#4783=CARTESIAN_POINT('',(2.14313189850787E-16,3.,-1.75));
#4784=CARTESIAN_POINT('Origin',(0.,3.,0.));
#4785=CARTESIAN_POINT('Origin',(0.,4.5,0.));
#4786=CARTESIAN_POINT('',(3.12284933782575E-16,6.,-2.55));
#4787=CARTESIAN_POINT('Origin',(0.,6.,0.));
#4788=CARTESIAN_POINT('',(3.12284933782575E-16,4.5,-2.55));
#4789=CARTESIAN_POINT('Origin',(0.,3.,0.));
#4790=CARTESIAN_POINT('',(2.14313189850787E-16,0.,-1.75));
#4791=CARTESIAN_POINT('',(2.14313189850787E-16,3.,-1.75));
#4792=CARTESIAN_POINT('Origin',(0.,0.,0.));
#4793=CARTESIAN_POINT('Origin',(-6.99999984353781,3.,8.57252740242055E-16));
#4794=CARTESIAN_POINT('',(-6.99999984353781,3.,-2.55));
#4795=CARTESIAN_POINT('Origin',(-6.99999984353781,3.,8.57252740242055E-16));
#4796=CARTESIAN_POINT('',(-6.99999984353781,3.,-1.25));
#4797=CARTESIAN_POINT('Origin',(-6.99999984353781,3.,8.57252740242055E-16));
#4798=CARTESIAN_POINT('Origin',(-6.99999984353781,4.5,8.57252740242055E-16));
#4799=CARTESIAN_POINT('',(-6.99999984353781,6.,-2.55));
#4800=CARTESIAN_POINT('Origin',(-6.99999984353781,6.,8.57252740242055E-16));
#4801=CARTESIAN_POINT('',(-6.99999984353781,4.5,-2.55));
#4802=CARTESIAN_POINT('Origin',(-6.99999984353781,3.,8.57252740242055E-16));
#4803=CARTESIAN_POINT('',(-6.99999984353781,0.,-1.25));
#4804=CARTESIAN_POINT('',(-6.99999984353781,3.,-1.25));
#4805=CARTESIAN_POINT('Origin',(-6.99999984353781,0.,8.57252740242055E-16));
#4806=CARTESIAN_POINT('Origin',(6.99999984353781,3.,0.));
#4807=CARTESIAN_POINT('',(6.99999984353781,3.,-2.55));
#4808=CARTESIAN_POINT('Origin',(6.99999984353781,3.,0.));
#4809=CARTESIAN_POINT('',(6.99999984353781,3.,-1.25));
#4810=CARTESIAN_POINT('Origin',(6.99999984353781,3.,0.));
#4811=CARTESIAN_POINT('Origin',(6.99999984353781,4.5,0.));
#4812=CARTESIAN_POINT('',(6.99999984353781,6.,-2.55));
#4813=CARTESIAN_POINT('Origin',(6.99999984353781,6.,0.));
#4814=CARTESIAN_POINT('',(6.99999984353781,4.5,-2.55));
#4815=CARTESIAN_POINT('Origin',(6.99999984353781,3.,0.));
#4816=CARTESIAN_POINT('',(6.99999984353781,0.,-1.25));
#4817=CARTESIAN_POINT('',(6.99999984353781,3.,-1.25));
#4818=CARTESIAN_POINT('Origin',(6.99999984353781,0.,0.));
#4819=CARTESIAN_POINT('Origin',(-1.55431219973363E-15,3.,6.99999984353781));
#4820=CARTESIAN_POINT('',(-1.24202726595106E-15,3.,4.44999984353781));
#4821=CARTESIAN_POINT('Origin',(-1.55431219973363E-15,3.,6.99999984353781));
#4822=CARTESIAN_POINT('',(-1.40123134984021E-15,3.,5.74999984353781));
#4823=CARTESIAN_POINT('Origin',(-1.55431219973363E-15,3.,6.99999984353781));
#4824=CARTESIAN_POINT('Origin',(-1.55431219973363E-15,4.5,6.99999984353781));
#4825=CARTESIAN_POINT('',(-1.24202726595106E-15,6.,4.44999984353781));
#4826=CARTESIAN_POINT('Origin',(-1.55431219973363E-15,6.,6.99999984353781));
#4827=CARTESIAN_POINT('',(-1.24202726595106E-15,4.5,4.44999984353781));
#4828=CARTESIAN_POINT('Origin',(-1.55431219973363E-15,3.,6.99999984353781));
#4829=CARTESIAN_POINT('',(-1.40123134984021E-15,0.,5.74999984353781));
#4830=CARTESIAN_POINT('',(-1.40123134984021E-15,3.,5.74999984353781));
#4831=CARTESIAN_POINT('Origin',(-1.55431219973363E-15,0.,6.99999984353781));
#4832=CARTESIAN_POINT('Origin',(-1.55431219973363E-15,3.,-6.99999984353781));
#4833=CARTESIAN_POINT('',(-1.24202726595106E-15,3.,-9.54999984353781));
#4834=CARTESIAN_POINT('Origin',(-1.55431219973363E-15,3.,-6.99999984353781));
#4835=CARTESIAN_POINT('',(-1.40123134984021E-15,3.,-8.24999984353781));
#4836=CARTESIAN_POINT('Origin',(-1.55431219973363E-15,3.,-6.99999984353781));
#4837=CARTESIAN_POINT('Origin',(-1.55431219973363E-15,4.5,-6.99999984353781));
#4838=CARTESIAN_POINT('',(-1.24202726595106E-15,6.,-9.54999984353781));
#4839=CARTESIAN_POINT('Origin',(-1.55431219973363E-15,6.,-6.99999984353781));
#4840=CARTESIAN_POINT('',(-1.24202726595106E-15,4.5,-9.54999984353781));
#4841=CARTESIAN_POINT('Origin',(-1.55431219973363E-15,3.,-6.99999984353781));
#4842=CARTESIAN_POINT('',(-1.40123134984021E-15,0.,-8.24999984353781));
#4843=CARTESIAN_POINT('',(-1.40123134984021E-15,3.,-8.24999984353781));
#4844=CARTESIAN_POINT('Origin',(-1.55431219973363E-15,0.,-6.99999984353781));
#4845=CARTESIAN_POINT('Origin',(0.,0.,0.));
#4846=CARTESIAN_POINT('',(-7.66515138933097,0.,-7.88957883404669));
#4847=CARTESIAN_POINT('',(7.66515139049239,0.,-7.88957883291831));
#4848=CARTESIAN_POINT('Origin',(0.,0.,0.));
#4849=CARTESIAN_POINT('',(-7.66515138933097,6.,-7.88957883404669));
#4850=CARTESIAN_POINT('',(-7.66515138933096,0.,-7.8895788340467));
#4851=CARTESIAN_POINT('',(7.66515139049239,6.,-7.88957883291831));
#4852=CARTESIAN_POINT('Origin',(0.,6.,0.));
#4853=CARTESIAN_POINT('',(7.66515139049237,0.,-7.88957883291832));
#4854=CARTESIAN_POINT('Origin',(17.8115897848558,0.,-13.74762777122));
#4855=CARTESIAN_POINT('',(17.8115897848558,6.,-13.74762777122));
#4856=CARTESIAN_POINT('',(-1.50000000018411,6.,-2.59807621034753));
#4857=CARTESIAN_POINT('',(17.8115897848558,0.,-13.74762777122));
#4858=CARTESIAN_POINT('',(17.8115897848558,0.,-13.74762777122));
#4859=CARTESIAN_POINT('',(-1.50000000018411,0.,-2.59807621034753));
#4860=CARTESIAN_POINT('Origin',(0.,0.,0.));
#4861=CARTESIAN_POINT('',(10.6651513901099,0.,-2.69342640999085));
#4862=CARTESIAN_POINT('',(2.99999999922102,0.,10.5830052444792));
#4863=CARTESIAN_POINT('Origin',(0.,0.,0.));
#4864=CARTESIAN_POINT('',(10.6651513901099,6.,-2.69342640999085));
#4865=CARTESIAN_POINT('',(10.6651513901099,0.,-2.69342640999084));
#4866=CARTESIAN_POINT('',(2.99999999922102,6.,10.5830052444792));
#4867=CARTESIAN_POINT('Origin',(0.,6.,0.));
#4868=CARTESIAN_POINT('',(2.99999999922102,0.,10.5830052444792));
#4869=CARTESIAN_POINT('Origin',(7.4529404499904,0.,-0.838855559018968));
#4870=CARTESIAN_POINT('',(20.8115897846743,0.,-8.55147534840856));
#4871=CARTESIAN_POINT('',(1.49999999981589,0.,2.5980762123591));
#4872=CARTESIAN_POINT('',(20.8115897846743,6.,-8.55147534840856));
#4873=CARTESIAN_POINT('',(20.8115897846743,0.,-8.55147534840856));
#4874=CARTESIAN_POINT('',(1.49999999981589,6.,2.5980762123591));
#4875=CARTESIAN_POINT('Origin',(0.,0.,0.));
#4876=CARTESIAN_POINT('',(-3.00000000077898,0.,10.5830052440375));
#4877=CARTESIAN_POINT('',(-10.6651513897134,0.,-2.69342641156088));
#4878=CARTESIAN_POINT('Origin',(0.,0.,0.));
#4879=CARTESIAN_POINT('',(-3.00000000077898,6.,10.5830052440375));
#4880=CARTESIAN_POINT('',(-3.00000000077898,0.,10.5830052440375));
#4881=CARTESIAN_POINT('',(-10.6651513897134,6.,-2.69342641156088));
#4882=CARTESIAN_POINT('Origin',(0.,6.,0.));
#4883=CARTESIAN_POINT('',(-10.6651513897134,0.,-2.69342641156087));
#4884=CARTESIAN_POINT('Origin',(-20.8115897840769,0.,-8.55147534986257));
#4885=CARTESIAN_POINT('',(-20.8115897840769,6.,-8.55147534986257));
#4886=CARTESIAN_POINT('',(-1.49999999903691,6.,2.59807621100987));
#4887=CARTESIAN_POINT('',(-20.8115897840769,0.,-8.55147534986257));
#4888=CARTESIAN_POINT('',(-20.8115897840769,0.,-8.55147534986257));
#4889=CARTESIAN_POINT('',(-1.49999999903691,0.,2.59807621100987));
#4890=CARTESIAN_POINT('Origin',(0.,6.,0.));
#4891=CARTESIAN_POINT('',(-27.375,6.,-4.44089209850063E-15));
#4892=CARTESIAN_POINT('Origin',(0.,6.,0.));
#4893=CARTESIAN_POINT('',(2.99999999922102,6.,22.2991031210826));
#4894=CARTESIAN_POINT('Origin',(0.,6.,0.));
#4895=CARTESIAN_POINT('',(2.99999999922102,6.,-6.62336852030876E-10));
#4896=CARTESIAN_POINT('',(-3.00000000077898,6.,22.299103120873));
#4897=CARTESIAN_POINT('',(-3.00000000077898,6.,-6.62336852030876E-10));
#4898=CARTESIAN_POINT('Origin',(0.,6.,0.));
#4899=CARTESIAN_POINT('',(-17.8115897838954,6.,-13.7476277724644));
#4900=CARTESIAN_POINT('',(1.50000000096309,6.,-2.59807621169676));
#4901=CARTESIAN_POINT('Origin',(0.,6.,0.));
#4902=CARTESIAN_POINT('Origin',(-31.106576715674,3.,-4.96295124214322));
#4903=CARTESIAN_POINT('',(-26.7771457055581,3.,-5.68991149872387));
#4904=CARTESIAN_POINT('',(-27.218296927082,3.,-2.92488245733063));
#4905=CARTESIAN_POINT('Ctrl Pts',(-26.7771457055581,3.,-5.68991149872387));
#4906=CARTESIAN_POINT('Ctrl Pts',(-26.7771457055581,3.17582004210735,-5.68991149872387));
#4907=CARTESIAN_POINT('Ctrl Pts',(-26.7845299877905,3.36333837740999,-5.65550119462797));
#4908=CARTESIAN_POINT('Ctrl Pts',(-26.8137161885128,3.70826037067113,-5.51546594454106));
#4909=CARTESIAN_POINT('Ctrl Pts',(-26.8354217348442,3.86566662824963,-5.40982733269966));
#4910=CARTESIAN_POINT('Ctrl Pts',(-26.8834665675469,4.11423233033448,-5.16578326694083));
#4911=CARTESIAN_POINT('Ctrl Pts',(-26.9129946875805,4.22197137253212,-5.01109729971976));
#4912=CARTESIAN_POINT('Ctrl Pts',(-26.97400651016,4.3648560559586,-4.67154706608825));
#4913=CARTESIAN_POINT('Ctrl Pts',(-27.0053952856182,4.4,-4.48666503545997));
#4914=CARTESIAN_POINT('Ctrl Pts',(-27.0607975773389,4.4,-4.13941688540799));
#4915=CARTESIAN_POINT('Ctrl Pts',(-27.0884973370578,4.3648560559586,-3.95394628454219));
#4916=CARTESIAN_POINT('Ctrl Pts',(-27.1361732122804,4.22197137253212,-3.61226834469906));
#4917=CARTESIAN_POINT('Ctrl Pts',(-27.156245069806,4.11423233033448,-3.45607366212854));
#4918=CARTESIAN_POINT('Ctrl Pts',(-27.1865252821773,3.86566662824963,-3.20919531005958));
#4919=CARTESIAN_POINT('Ctrl Pts',(-27.1987691648316,3.70826037067113,-3.10204712113009));
#4920=CARTESIAN_POINT('Ctrl Pts',(-27.2146070672583,3.36333837740999,-2.95988219428023));
#4921=CARTESIAN_POINT('Ctrl Pts',(-27.218296927082,3.17582004210735,-2.92488245733063));
#4922=CARTESIAN_POINT('Ctrl Pts',(-27.218296927082,3.,-2.92488245733063));
#4923=CARTESIAN_POINT('Ctrl Pts',(-27.218296927082,3.,-2.92488245733063));
#4924=CARTESIAN_POINT('Ctrl Pts',(-27.218296927082,2.82417995789265,-2.92488245733063));
#4925=CARTESIAN_POINT('Ctrl Pts',(-27.2146070672583,2.63666162259002,-2.95988219428023));
#4926=CARTESIAN_POINT('Ctrl Pts',(-27.1987691648316,2.29173962932887,-3.10204712113009));
#4927=CARTESIAN_POINT('Ctrl Pts',(-27.1865252821773,2.13433337175037,-3.20919531005958));
#4928=CARTESIAN_POINT('Ctrl Pts',(-27.156245069806,1.88576766966552,-3.45607366212853));
#4929=CARTESIAN_POINT('Ctrl Pts',(-27.1361732122804,1.77802862746788,-3.61226834469906));
#4930=CARTESIAN_POINT('Ctrl Pts',(-27.0884973370578,1.6351439440414,-3.95394628454219));
#4931=CARTESIAN_POINT('Ctrl Pts',(-27.0607975773389,1.6,-4.13941688540799));
#4932=CARTESIAN_POINT('Ctrl Pts',(-27.0053952856182,1.6,-4.48666503545997));
#4933=CARTESIAN_POINT('Ctrl Pts',(-26.97400651016,1.6351439440414,-4.67154706608825));
#4934=CARTESIAN_POINT('Ctrl Pts',(-26.9129946875805,1.77802862746788,-5.01109729971976));
#4935=CARTESIAN_POINT('Ctrl Pts',(-26.8834665675469,1.88576766966552,-5.16578326694083));
#4936=CARTESIAN_POINT('Ctrl Pts',(-26.8354217348442,2.13433337175037,-5.40982733269966));
#4937=CARTESIAN_POINT('Ctrl Pts',(-26.8137161885128,2.29173962932887,-5.51546594454106));
#4938=CARTESIAN_POINT('Ctrl Pts',(-26.7845299877905,2.63666162259002,-5.65550119462797));
#4939=CARTESIAN_POINT('Ctrl Pts',(-26.7771457055581,2.82417995789265,-5.68991149872387));
#4940=CARTESIAN_POINT('Ctrl Pts',(-26.7771457055581,3.,-5.68991149872387));
#4941=CARTESIAN_POINT('',(-23.2295672766414,3.,-2.28849385841248));
#4942=CARTESIAN_POINT('',(-31.3271523264359,3.,-3.5804367214466));
#4943=CARTESIAN_POINT('Origin',(-23.0089916658795,3.,-3.67100837910911));
#4944=CARTESIAN_POINT('Origin',(-23.0089916658795,3.,-3.67100837910911));
#4945=CARTESIAN_POINT('Origin',(4.96295124214322,3.,-31.106576715674));
#4946=CARTESIAN_POINT('',(5.68991149872387,3.,-26.7771457055581));
#4947=CARTESIAN_POINT('',(2.92488245733063,3.,-27.218296927082));
#4948=CARTESIAN_POINT('Ctrl Pts',(5.68991149872387,3.,-26.7771457055581));
#4949=CARTESIAN_POINT('Ctrl Pts',(5.68991149872387,3.17582004210735,-26.7771457055581));
#4950=CARTESIAN_POINT('Ctrl Pts',(5.65550119462797,3.36333837740999,-26.7845299877905));
#4951=CARTESIAN_POINT('Ctrl Pts',(5.51546594454106,3.70826037067113,-26.8137161885128));
#4952=CARTESIAN_POINT('Ctrl Pts',(5.40982733269966,3.86566662824963,-26.8354217348442));
#4953=CARTESIAN_POINT('Ctrl Pts',(5.16578326694083,4.11423233033448,-26.8834665675469));
#4954=CARTESIAN_POINT('Ctrl Pts',(5.01109729971976,4.22197137253212,-26.9129946875805));
#4955=CARTESIAN_POINT('Ctrl Pts',(4.67154706608825,4.3648560559586,-26.97400651016));
#4956=CARTESIAN_POINT('Ctrl Pts',(4.48666503545997,4.4,-27.0053952856182));
#4957=CARTESIAN_POINT('Ctrl Pts',(4.13941688540799,4.4,-27.0607975773389));
#4958=CARTESIAN_POINT('Ctrl Pts',(3.95394628454219,4.3648560559586,-27.0884973370578));
#4959=CARTESIAN_POINT('Ctrl Pts',(3.61226834469906,4.22197137253212,-27.1361732122803));
#4960=CARTESIAN_POINT('Ctrl Pts',(3.45607366212854,4.11423233033448,-27.156245069806));
#4961=CARTESIAN_POINT('Ctrl Pts',(3.20919531005958,3.86566662824963,-27.1865252821773));
#4962=CARTESIAN_POINT('Ctrl Pts',(3.10204712113009,3.70826037067113,-27.1987691648316));
#4963=CARTESIAN_POINT('Ctrl Pts',(2.95988219428023,3.36333837740999,-27.2146070672583));
#4964=CARTESIAN_POINT('Ctrl Pts',(2.92488245733063,3.17582004210735,-27.218296927082));
#4965=CARTESIAN_POINT('Ctrl Pts',(2.92488245733063,3.,-27.218296927082));
#4966=CARTESIAN_POINT('Ctrl Pts',(2.92488245733063,3.,-27.218296927082));
#4967=CARTESIAN_POINT('Ctrl Pts',(2.92488245733063,2.82417995789265,-27.218296927082));
#4968=CARTESIAN_POINT('Ctrl Pts',(2.95988219428023,2.63666162259002,-27.2146070672583));
#4969=CARTESIAN_POINT('Ctrl Pts',(3.10204712113009,2.29173962932887,-27.1987691648316));
#4970=CARTESIAN_POINT('Ctrl Pts',(3.20919531005958,2.13433337175037,-27.1865252821773));
#4971=CARTESIAN_POINT('Ctrl Pts',(3.45607366212853,1.88576766966552,-27.156245069806));
#4972=CARTESIAN_POINT('Ctrl Pts',(3.61226834469906,1.77802862746788,-27.1361732122804));
#4973=CARTESIAN_POINT('Ctrl Pts',(3.95394628454219,1.6351439440414,-27.0884973370578));
#4974=CARTESIAN_POINT('Ctrl Pts',(4.13941688540799,1.6,-27.0607975773389));
#4975=CARTESIAN_POINT('Ctrl Pts',(4.48666503545997,1.6,-27.0053952856182));
#4976=CARTESIAN_POINT('Ctrl Pts',(4.67154706608825,1.6351439440414,-26.97400651016));
#4977=CARTESIAN_POINT('Ctrl Pts',(5.01109729971976,1.77802862746788,-26.9129946875805));
#4978=CARTESIAN_POINT('Ctrl Pts',(5.16578326694083,1.88576766966552,-26.8834665675469));
#4979=CARTESIAN_POINT('Ctrl Pts',(5.40982733269966,2.13433337175037,-26.8354217348442));
#4980=CARTESIAN_POINT('Ctrl Pts',(5.51546594454106,2.29173962932887,-26.8137161885128));
#4981=CARTESIAN_POINT('Ctrl Pts',(5.65550119462797,2.63666162259002,-26.7845299877905));
#4982=CARTESIAN_POINT('Ctrl Pts',(5.68991149872387,2.82417995789265,-26.7771457055581));
#4983=CARTESIAN_POINT('Ctrl Pts',(5.68991149872387,3.,-26.7771457055581));
#4984=CARTESIAN_POINT('',(2.28849385841248,3.,-23.2295672766414));
#4985=CARTESIAN_POINT('',(3.5804367214466,3.,-31.3271523264359));
#4986=CARTESIAN_POINT('Origin',(3.6710083791091,3.,-23.0089916658795));
#4987=CARTESIAN_POINT('Origin',(3.6710083791091,3.,-23.0089916658795));
#4988=CARTESIAN_POINT('Origin',(31.106576715674,3.,4.96295124214321));
#4989=CARTESIAN_POINT('',(26.7771457055581,3.,5.68991149872387));
#4990=CARTESIAN_POINT('',(27.218296927082,3.,2.92488245733062));
#4991=CARTESIAN_POINT('Ctrl Pts',(26.7771457055581,3.,5.68991149872386));
#4992=CARTESIAN_POINT('Ctrl Pts',(26.7771457055581,3.17582004210735,5.68991149872386));
#4993=CARTESIAN_POINT('Ctrl Pts',(26.7845299877905,3.36333837740999,5.65550119462796));
#4994=CARTESIAN_POINT('Ctrl Pts',(26.8137161885128,3.70826037067113,5.51546594454105));
#4995=CARTESIAN_POINT('Ctrl Pts',(26.8354217348442,3.86566662824963,5.40982733269965));
#4996=CARTESIAN_POINT('Ctrl Pts',(26.8834665675469,4.11423233033448,5.16578326694082));
#4997=CARTESIAN_POINT('Ctrl Pts',(26.9129946875805,4.22197137253212,5.01109729971975));
#4998=CARTESIAN_POINT('Ctrl Pts',(26.97400651016,4.3648560559586,4.67154706608824));
#4999=CARTESIAN_POINT('Ctrl Pts',(27.0053952856182,4.4,4.48666503545996));
#5000=CARTESIAN_POINT('Ctrl Pts',(27.0607975773389,4.4,4.13941688540798));
#5001=CARTESIAN_POINT('Ctrl Pts',(27.0884973370578,4.3648560559586,3.95394628454218));
#5002=CARTESIAN_POINT('Ctrl Pts',(27.1361732122804,4.22197137253212,3.61226834469905));
#5003=CARTESIAN_POINT('Ctrl Pts',(27.156245069806,4.11423233033448,3.45607366212852));
#5004=CARTESIAN_POINT('Ctrl Pts',(27.1865252821773,3.86566662824963,3.20919531005957));
#5005=CARTESIAN_POINT('Ctrl Pts',(27.1987691648316,3.70826037067113,3.10204712113008));
#5006=CARTESIAN_POINT('Ctrl Pts',(27.2146070672583,3.36333837740999,2.95988219428022));
#5007=CARTESIAN_POINT('Ctrl Pts',(27.218296927082,3.17582004210735,2.92488245733062));
#5008=CARTESIAN_POINT('Ctrl Pts',(27.218296927082,3.,2.92488245733062));
#5009=CARTESIAN_POINT('Ctrl Pts',(27.218296927082,3.,2.92488245733062));
#5010=CARTESIAN_POINT('Ctrl Pts',(27.218296927082,2.82417995789265,2.92488245733062));
#5011=CARTESIAN_POINT('Ctrl Pts',(27.2146070672583,2.63666162259002,2.95988219428022));
#5012=CARTESIAN_POINT('Ctrl Pts',(27.1987691648316,2.29173962932887,3.10204712113008));
#5013=CARTESIAN_POINT('Ctrl Pts',(27.1865252821773,2.13433337175037,3.20919531005957));
#5014=CARTESIAN_POINT('Ctrl Pts',(27.156245069806,1.88576766966552,3.45607366212852));
#5015=CARTESIAN_POINT('Ctrl Pts',(27.1361732122804,1.77802862746788,3.61226834469905));
#5016=CARTESIAN_POINT('Ctrl Pts',(27.0884973370578,1.6351439440414,3.95394628454218));
#5017=CARTESIAN_POINT('Ctrl Pts',(27.0607975773389,1.6,4.13941688540798));
#5018=CARTESIAN_POINT('Ctrl Pts',(27.0053952856182,1.6,4.48666503545996));
#5019=CARTESIAN_POINT('Ctrl Pts',(26.97400651016,1.6351439440414,4.67154706608824));
#5020=CARTESIAN_POINT('Ctrl Pts',(26.9129946875805,1.77802862746788,5.01109729971975));
#5021=CARTESIAN_POINT('Ctrl Pts',(26.8834665675469,1.88576766966552,5.16578326694082));
#5022=CARTESIAN_POINT('Ctrl Pts',(26.8354217348442,2.13433337175037,5.40982733269965));
#5023=CARTESIAN_POINT('Ctrl Pts',(26.8137161885128,2.29173962932887,5.51546594454105));
#5024=CARTESIAN_POINT('Ctrl Pts',(26.7845299877905,2.63666162259002,5.65550119462796));
#5025=CARTESIAN_POINT('Ctrl Pts',(26.7771457055581,2.82417995789265,5.68991149872386));
#5026=CARTESIAN_POINT('Ctrl Pts',(26.7771457055581,3.,5.68991149872386));
#5027=CARTESIAN_POINT('',(23.2295672766414,3.,2.28849385841248));
#5028=CARTESIAN_POINT('',(31.3271523264359,3.,3.58043672144659));
#5029=CARTESIAN_POINT('Origin',(23.0089916658795,3.,3.6710083791091));
#5030=CARTESIAN_POINT('Origin',(23.0089916658795,3.,3.6710083791091));
#5031=CARTESIAN_POINT('Origin',(-4.96295124214321,3.,31.106576715674));
#5032=CARTESIAN_POINT('',(-5.68991149872387,3.,26.7771457055581));
#5033=CARTESIAN_POINT('',(-2.92488245733062,3.,27.218296927082));
#5034=CARTESIAN_POINT('Ctrl Pts',(-5.68991149872386,3.,26.7771457055581));
#5035=CARTESIAN_POINT('Ctrl Pts',(-5.68991149872386,3.17582004210735,26.7771457055581));
#5036=CARTESIAN_POINT('Ctrl Pts',(-5.65550119462796,3.36333837740999,26.7845299877905));
#5037=CARTESIAN_POINT('Ctrl Pts',(-5.51546594454105,3.70826037067113,26.8137161885128));
#5038=CARTESIAN_POINT('Ctrl Pts',(-5.40982733269965,3.86566662824963,26.8354217348442));
#5039=CARTESIAN_POINT('Ctrl Pts',(-5.16578326694082,4.11423233033448,26.8834665675469));
#5040=CARTESIAN_POINT('Ctrl Pts',(-5.01109729971975,4.22197137253212,26.9129946875805));
#5041=CARTESIAN_POINT('Ctrl Pts',(-4.67154706608824,4.3648560559586,26.97400651016));
#5042=CARTESIAN_POINT('Ctrl Pts',(-4.48666503545996,4.4,27.0053952856182));
#5043=CARTESIAN_POINT('Ctrl Pts',(-4.13941688540798,4.4,27.0607975773389));
#5044=CARTESIAN_POINT('Ctrl Pts',(-3.95394628454218,4.3648560559586,27.0884973370578));
#5045=CARTESIAN_POINT('Ctrl Pts',(-3.61226834469905,4.22197137253212,27.1361732122804));
#5046=CARTESIAN_POINT('Ctrl Pts',(-3.45607366212852,4.11423233033448,27.156245069806));
#5047=CARTESIAN_POINT('Ctrl Pts',(-3.20919531005957,3.86566662824963,27.1865252821773));
#5048=CARTESIAN_POINT('Ctrl Pts',(-3.10204712113008,3.70826037067113,27.1987691648316));
#5049=CARTESIAN_POINT('Ctrl Pts',(-2.95988219428022,3.36333837740999,27.2146070672583));
#5050=CARTESIAN_POINT('Ctrl Pts',(-2.92488245733062,3.17582004210735,27.218296927082));
#5051=CARTESIAN_POINT('Ctrl Pts',(-2.92488245733062,3.,27.218296927082));
#5052=CARTESIAN_POINT('Ctrl Pts',(-2.92488245733062,3.,27.218296927082));
#5053=CARTESIAN_POINT('Ctrl Pts',(-2.92488245733062,2.82417995789265,27.218296927082));
#5054=CARTESIAN_POINT('Ctrl Pts',(-2.95988219428022,2.63666162259002,27.2146070672583));
#5055=CARTESIAN_POINT('Ctrl Pts',(-3.10204712113008,2.29173962932887,27.1987691648316));
#5056=CARTESIAN_POINT('Ctrl Pts',(-3.20919531005957,2.13433337175037,27.1865252821773));
#5057=CARTESIAN_POINT('Ctrl Pts',(-3.45607366212852,1.88576766966552,27.156245069806));
#5058=CARTESIAN_POINT('Ctrl Pts',(-3.61226834469905,1.77802862746788,27.1361732122804));
#5059=CARTESIAN_POINT('Ctrl Pts',(-3.95394628454218,1.6351439440414,27.0884973370578));
#5060=CARTESIAN_POINT('Ctrl Pts',(-4.13941688540798,1.6,27.0607975773389));
#5061=CARTESIAN_POINT('Ctrl Pts',(-4.48666503545996,1.6,27.0053952856182));
#5062=CARTESIAN_POINT('Ctrl Pts',(-4.67154706608824,1.6351439440414,26.97400651016));
#5063=CARTESIAN_POINT('Ctrl Pts',(-5.01109729971975,1.77802862746788,26.9129946875805));
#5064=CARTESIAN_POINT('Ctrl Pts',(-5.16578326694082,1.88576766966552,26.8834665675469));
#5065=CARTESIAN_POINT('Ctrl Pts',(-5.40982733269965,2.13433337175037,26.8354217348442));
#5066=CARTESIAN_POINT('Ctrl Pts',(-5.51546594454105,2.29173962932887,26.8137161885128));
#5067=CARTESIAN_POINT('Ctrl Pts',(-5.65550119462796,2.63666162259002,26.7845299877905));
#5068=CARTESIAN_POINT('Ctrl Pts',(-5.68991149872386,2.82417995789265,26.7771457055581));
#5069=CARTESIAN_POINT('Ctrl Pts',(-5.68991149872386,3.,26.7771457055581));
#5070=CARTESIAN_POINT('',(-2.28849385841248,3.,23.2295672766414));
#5071=CARTESIAN_POINT('',(-3.58043672144659,3.,31.3271523264359));
#5072=CARTESIAN_POINT('Origin',(-3.6710083791091,3.,23.0089916658795));
#5073=CARTESIAN_POINT('Origin',(-3.6710083791091,3.,23.0089916658795));
#5074=CARTESIAN_POINT('Origin',(0.,0.,0.));
#5075=CARTESIAN_POINT('',(-17.8115897838954,0.,-13.7476277724644));
#5076=CARTESIAN_POINT('Origin',(0.,0.,0.));
#5077=CARTESIAN_POINT('',(-17.8115897838954,0.,-13.7476277724644));
#5078=CARTESIAN_POINT('Origin',(-4.45294044921142,0.,-6.03500798307482));
#5079=CARTESIAN_POINT('',(1.50000000096309,0.,-2.59807621169676));
#5080=CARTESIAN_POINT('Origin',(0.,0.,0.));
#5081=CARTESIAN_POINT('',(-3.00000000077898,0.,22.299103120873));
#5082=CARTESIAN_POINT('Origin',(0.,0.,0.));
#5083=CARTESIAN_POINT('',(-3.00000000077898,0.,22.299103120873));
#5084=CARTESIAN_POINT('Origin',(-3.00000000077898,0.,6.87386354209379));
#5085=CARTESIAN_POINT('',(-3.00000000077898,0.,-6.62336852030876E-10));
#5086=CARTESIAN_POINT('Origin',(2.99999999922102,0.,22.2991031210826));
#5087=CARTESIAN_POINT('',(2.99999999922102,0.,22.2991031210826));
#5088=CARTESIAN_POINT('',(2.99999999922102,0.,22.2991031210826));
#5089=CARTESIAN_POINT('',(2.99999999922102,0.,-6.62336852030876E-10));
#5090=CARTESIAN_POINT('Origin',(0.,0.,0.));
#5091=CARTESIAN_POINT('Origin',(0.,0.,0.));
#5092=CARTESIAN_POINT('Origin',(0.,0.,0.));
#5093=CARTESIAN_POINT('',(-27.375,0.,-3.35247061266588E-15));
#5094=CARTESIAN_POINT('',(-27.375,0.,3.35247061266588E-15));
#5095=CARTESIAN_POINT('Origin',(0.,0.,0.));
#5096=CARTESIAN_POINT('Origin',(0.,0.,0.));
#5097=UNCERTAINTY_MEASURE_WITH_UNIT(LENGTH_MEASURE(0.01),#5101,
'DISTANCE_ACCURACY_VALUE',
'Maximum model space distance between geometric entities at asserted c
onnectivities');
#5098=UNCERTAINTY_MEASURE_WITH_UNIT(LENGTH_MEASURE(0.01),#5101,
'DISTANCE_ACCURACY_VALUE',
'Maximum model space distance between geometric entities at asserted c
onnectivities');
#5099=(
GEOMETRIC_REPRESENTATION_CONTEXT(3)
GLOBAL_UNCERTAINTY_ASSIGNED_CONTEXT((#5097))
GLOBAL_UNIT_ASSIGNED_CONTEXT((#5101,#5103,#5104))
REPRESENTATION_CONTEXT('','3D')
);
#5100=(
GEOMETRIC_REPRESENTATION_CONTEXT(3)
GLOBAL_UNCERTAINTY_ASSIGNED_CONTEXT((#5098))
GLOBAL_UNIT_ASSIGNED_CONTEXT((#5101,#5103,#5104))
REPRESENTATION_CONTEXT('','3D')
);
#5101=(
LENGTH_UNIT()
NAMED_UNIT(*)
SI_UNIT(.MILLI.,.METRE.)
);
#5102=(
LENGTH_UNIT()
NAMED_UNIT(*)
SI_UNIT($,.METRE.)
);
#5103=(
NAMED_UNIT(*)
PLANE_ANGLE_UNIT()
SI_UNIT($,.RADIAN.)
);
#5104=(
NAMED_UNIT(*)
SI_UNIT($,.STERADIAN.)
SOLID_ANGLE_UNIT()
);
#5105=SHAPE_DEFINITION_REPRESENTATION(#5106,#5107);
#5106=PRODUCT_DEFINITION_SHAPE('',$,#5109);
#5107=SHAPE_REPRESENTATION('',(#2833),#5099);
#5108=PRODUCT_DEFINITION_CONTEXT('part definition',#5113,'design');
#5109=PRODUCT_DEFINITION('wheel with tire','Wheel with Tyre',#5110,#5108);
#5110=PRODUCT_DEFINITION_FORMATION('',$,#5115);
#5111=PRODUCT_RELATED_PRODUCT_CATEGORY('Wheel with Tyre',
'Wheel with Tyre',(#5115));
#5112=APPLICATION_PROTOCOL_DEFINITION('international standard',
'automotive_design',2009,#5113);
#5113=APPLICATION_CONTEXT(
'Core Data for Automotive Mechanical Design Process');
#5114=PRODUCT_CONTEXT('part definition',#5113,'mechanical');
#5115=PRODUCT('wheel with tire','Wheel with Tyre',$,(#5114));
#5116=PRESENTATION_STYLE_ASSIGNMENT((#5119));
#5117=PRESENTATION_STYLE_ASSIGNMENT((#5120));
#5118=PRESENTATION_STYLE_ASSIGNMENT((#5121));
#5119=SURFACE_STYLE_USAGE(.BOTH.,#5122);
#5120=SURFACE_STYLE_USAGE(.BOTH.,#5123);
#5121=SURFACE_STYLE_USAGE(.BOTH.,#5124);
#5122=SURFACE_SIDE_STYLE('',(#5125));
#5123=SURFACE_SIDE_STYLE('',(#5126));
#5124=SURFACE_SIDE_STYLE('',(#5127));
#5125=SURFACE_STYLE_FILL_AREA(#5128);
#5126=SURFACE_STYLE_FILL_AREA(#5129);
#5127=SURFACE_STYLE_FILL_AREA(#5130);
#5128=FILL_AREA_STYLE('Steel - Satin',(#5131));
#5129=FILL_AREA_STYLE('Opaque(160,160,160)',(#5132));
#5130=FILL_AREA_STYLE('Opaque(245,245,246)',(#5133));
#5131=FILL_AREA_STYLE_COLOUR('Steel - Satin',#5134);
#5132=FILL_AREA_STYLE_COLOUR('Opaque(160,160,160)',#5135);
#5133=FILL_AREA_STYLE_COLOUR('Opaque(245,245,246)',#5136);
#5134=COLOUR_RGB('Steel - Satin',0.627450980392157,0.627450980392157,0.627450980392157);
#5135=COLOUR_RGB('Opaque(160,160,160)',0.627450980392157,0.627450980392157,
0.627450980392157);
#5136=COLOUR_RGB('Opaque(245,245,246)',0.96078431372549,0.96078431372549,
0.964705882352941);
ENDSEC;
END-ISO-10303-21;
